Marker,Master Time
11,3.0023839473724365
21,8.002482175827026
41,128.00255298614502
