Marker,Master Time
13,34.69768691062927
23,39.697818994522095
33,124.0302939414978
