Marker,Master Time
12,34.423583030700684
22,39.424155950546265
42,159.42518091201782
