Marker,Master Time
14,2.0063869953155518
24,7.006494998931885
44,127.00659513473511
14,134.01015710830688
24,139.01025414466858
44,259.01033210754395
