[rospy.client][INFO] 2025-03-27 15:21:41,224: init_node, name[/sonar_processor_32646_1743063701211], pid[32646]
[xmlrpc][INFO] 2025-03-27 15:21:41,224: XML-RPC server binding to 127.0.0.1:0
[xmlrpc][INFO] 2025-03-27 15:21:41,224: Started XML-RPC server [http://localhost:35323/]
[rospy.init][INFO] 2025-03-27 15:21:41,224: ROS Slave URI: [http://localhost:35323/]
[rospy.impl.masterslave][INFO] 2025-03-27 15:21:41,224: _ready: http://localhost:35323/
[rospy.registration][INFO] 2025-03-27 15:21:41,225: Registering with master node http://localhost:11311
[xmlrpc][INFO] 2025-03-27 15:21:41,225: xml rpc node: starting XML-RPC server
[rospy.init][INFO] 2025-03-27 15:21:41,325: registered with master
[rospy.rosout][INFO] 2025-03-27 15:21:41,325: initializing /rosout core topic
[rospy.rosout][INFO] 2025-03-27 15:21:41,330: connected to core topic /rosout
[rospy.simtime][INFO] 2025-03-27 15:21:41,333: /use_sim_time is not set, will not subscribe to simulated time [/clock] topic
[rosout][INFO] 2025-03-27 15:21:41,346: Sonar processor initialized
[rospy.internal][INFO] 2025-03-27 15:21:41,391: topic[/RosAria/sonar] adding connection to [http://localhost:40669/], count 0
[rosout][INFO] 2025-03-27 15:21:41,446: Back Left Min: 0.96, Back Right Min: 0.84
[rospy.internal][INFO] 2025-03-27 15:21:41,542: topic[/rosout] adding connection to [/rosout], count 0
[rosout][INFO] 2025-03-27 15:21:41,551: Back Left Min: 1.17, Back Right Min: 0.84
[rospy.internal][INFO] 2025-03-27 15:21:41,570: topic[/sonar_min] adding connection to [/controller_joystick], count 0
[rospy.internal][INFO] 2025-03-27 15:21:41,601: topic[/sonar_min] adding connection to [/rostopic_14070_1743062901856], count 1
[rosout][INFO] 2025-03-27 15:21:41,647: Back Left Min: 1.17, Back Right Min: 0.84
[rosout][INFO] 2025-03-27 15:21:41,751: Back Left Min: 0.96, Back Right Min: 0.78
[rosout][INFO] 2025-03-27 15:21:41,848: Back Left Min: 0.96, Back Right Min: 0.78
[rosout][INFO] 2025-03-27 15:21:41,952: Back Left Min: 0.96, Back Right Min: 0.78
[rosout][INFO] 2025-03-27 15:21:42,047: Back Left Min: 1.01, Back Right Min: 0.78
[rosout][INFO] 2025-03-27 15:21:42,151: Back Left Min: 1.01, Back Right Min: 0.78
[rosout][INFO] 2025-03-27 15:21:42,247: Back Left Min: 1.01, Back Right Min: 0.78
[rosout][INFO] 2025-03-27 15:21:42,350: Back Left Min: 1.00, Back Right Min: 0.77
[rosout][INFO] 2025-03-27 15:21:42,447: Back Left Min: 1.00, Back Right Min: 0.77
[rosout][INFO] 2025-03-27 15:21:42,551: Back Left Min: 1.00, Back Right Min: 0.79
[rosout][INFO] 2025-03-27 15:21:42,647: Back Left Min: 1.17, Back Right Min: 0.79
[rosout][INFO] 2025-03-27 15:21:42,751: Back Left Min: 1.17, Back Right Min: 0.79
[rosout][INFO] 2025-03-27 15:21:42,847: Back Left Min: 1.17, Back Right Min: 0.80
[rosout][INFO] 2025-03-27 15:21:42,950: Back Left Min: 1.17, Back Right Min: 0.80
[rosout][INFO] 2025-03-27 15:21:43,048: Back Left Min: 1.17, Back Right Min: 0.80
[rosout][INFO] 2025-03-27 15:21:43,151: Back Left Min: 0.96, Back Right Min: 0.81
[rosout][INFO] 2025-03-27 15:21:43,247: Back Left Min: 0.96, Back Right Min: 0.81
[rosout][INFO] 2025-03-27 15:21:43,351: Back Left Min: 0.96, Back Right Min: 0.81
[rosout][INFO] 2025-03-27 15:21:43,448: Back Left Min: 0.91, Back Right Min: 0.91
[rosout][INFO] 2025-03-27 15:21:43,551: Back Left Min: 0.91, Back Right Min: 0.91
[rosout][INFO] 2025-03-27 15:21:43,648: Back Left Min: 0.91, Back Right Min: 0.91
[rosout][INFO] 2025-03-27 15:21:43,751: Back Left Min: 1.17, Back Right Min: 0.91
[rosout][INFO] 2025-03-27 15:21:43,848: Back Left Min: 1.17, Back Right Min: 0.91
[rosout][INFO] 2025-03-27 15:21:43,951: Back Left Min: 1.17, Back Right Min: 0.91
[rosout][INFO] 2025-03-27 15:21:44,048: Back Left Min: 0.85, Back Right Min: 0.91
[rosout][INFO] 2025-03-27 15:21:44,151: Back Left Min: 0.85, Back Right Min: 0.91
[rosout][INFO] 2025-03-27 15:21:44,248: Back Left Min: 0.85, Back Right Min: 0.91
[rosout][INFO] 2025-03-27 15:21:44,351: Back Left Min: 0.90, Back Right Min: 0.91
[rosout][INFO] 2025-03-27 15:21:44,448: Back Left Min: 0.90, Back Right Min: 0.91
[rosout][INFO] 2025-03-27 15:21:44,551: Back Left Min: 0.90, Back Right Min: 0.91
[rosout][INFO] 2025-03-27 15:21:44,648: Back Left Min: 0.89, Back Right Min: 0.91
[rosout][INFO] 2025-03-27 15:21:44,751: Back Left Min: 0.89, Back Right Min: 0.91
[rosout][INFO] 2025-03-27 15:21:44,848: Back Left Min: 0.89, Back Right Min: 0.91
[rosout][INFO] 2025-03-27 15:21:44,951: Back Left Min: 0.89, Back Right Min: 0.91
[rosout][INFO] 2025-03-27 15:21:45,048: Back Left Min: 0.89, Back Right Min: 0.91
[rosout][INFO] 2025-03-27 15:21:45,151: Back Left Min: 0.89, Back Right Min: 0.91
[rosout][INFO] 2025-03-27 15:21:45,248: Back Left Min: 0.89, Back Right Min: 0.91
[rosout][INFO] 2025-03-27 15:21:45,351: Back Left Min: 0.89, Back Right Min: 0.91
[rosout][INFO] 2025-03-27 15:21:45,448: Back Left Min: 0.89, Back Right Min: 0.91
[rosout][INFO] 2025-03-27 15:21:45,551: Back Left Min: 0.89, Back Right Min: 0.91
[rosout][INFO] 2025-03-27 15:21:45,648: Back Left Min: 0.89, Back Right Min: 0.91
[rosout][INFO] 2025-03-27 15:21:45,752: Back Left Min: 0.89, Back Right Min: 0.91
[rosout][INFO] 2025-03-27 15:21:45,848: Back Left Min: 0.89, Back Right Min: 0.91
[rosout][INFO] 2025-03-27 15:21:45,952: Back Left Min: 0.89, Back Right Min: 0.91
[rosout][INFO] 2025-03-27 15:21:46,049: Back Left Min: 0.89, Back Right Min: 0.91
[rosout][INFO] 2025-03-27 15:21:46,152: Back Left Min: 0.89, Back Right Min: 0.91
[rosout][INFO] 2025-03-27 15:21:46,249: Back Left Min: 0.89, Back Right Min: 0.91
[rosout][INFO] 2025-03-27 15:21:46,352: Back Left Min: 0.89, Back Right Min: 0.91
[rosout][INFO] 2025-03-27 15:21:46,449: Back Left Min: 0.89, Back Right Min: 0.91
[rosout][INFO] 2025-03-27 15:21:46,552: Back Left Min: 0.89, Back Right Min: 0.91
[rosout][INFO] 2025-03-27 15:21:46,649: Back Left Min: 0.89, Back Right Min: 0.91
[rosout][INFO] 2025-03-27 15:21:46,752: Back Left Min: 0.89, Back Right Min: 0.91
[rosout][INFO] 2025-03-27 15:21:46,849: Back Left Min: 0.89, Back Right Min: 0.91
[rosout][INFO] 2025-03-27 15:21:46,952: Back Left Min: 0.89, Back Right Min: 0.91
[rosout][INFO] 2025-03-27 15:21:47,049: Back Left Min: 0.89, Back Right Min: 0.91
[rosout][INFO] 2025-03-27 15:21:47,152: Back Left Min: 0.89, Back Right Min: 0.91
[rosout][INFO] 2025-03-27 15:21:47,249: Back Left Min: 0.89, Back Right Min: 0.91
[rosout][INFO] 2025-03-27 15:21:47,352: Back Left Min: 0.89, Back Right Min: 0.91
[rosout][INFO] 2025-03-27 15:21:47,449: Back Left Min: 0.89, Back Right Min: 0.91
[rosout][INFO] 2025-03-27 15:21:47,552: Back Left Min: 0.89, Back Right Min: 0.91
[rosout][INFO] 2025-03-27 15:21:47,649: Back Left Min: 0.89, Back Right Min: 0.91
[rosout][INFO] 2025-03-27 15:21:47,753: Back Left Min: 0.89, Back Right Min: 0.91
[rosout][INFO] 2025-03-27 15:21:47,849: Back Left Min: 0.89, Back Right Min: 0.91
[rosout][INFO] 2025-03-27 15:21:47,952: Back Left Min: 0.89, Back Right Min: 0.92
[rosout][INFO] 2025-03-27 15:21:48,049: Back Left Min: 0.89, Back Right Min: 0.92
[rosout][INFO] 2025-03-27 15:21:48,153: Back Left Min: 0.89, Back Right Min: 0.92
[rosout][INFO] 2025-03-27 15:21:48,249: Back Left Min: 0.89, Back Right Min: 0.92
[rosout][INFO] 2025-03-27 15:21:48,353: Back Left Min: 0.89, Back Right Min: 0.92
[rosout][INFO] 2025-03-27 15:21:48,450: Back Left Min: 0.89, Back Right Min: 0.92
[rosout][INFO] 2025-03-27 15:21:48,553: Back Left Min: 0.89, Back Right Min: 0.92
[rosout][INFO] 2025-03-27 15:21:48,650: Back Left Min: 0.89, Back Right Min: 0.92
[rosout][INFO] 2025-03-27 15:21:48,753: Back Left Min: 0.89, Back Right Min: 0.92
[rosout][INFO] 2025-03-27 15:21:48,850: Back Left Min: 0.89, Back Right Min: 0.92
[rosout][INFO] 2025-03-27 15:21:48,953: Back Left Min: 0.89, Back Right Min: 0.92
[rosout][INFO] 2025-03-27 15:21:49,050: Back Left Min: 0.89, Back Right Min: 0.91
[rosout][INFO] 2025-03-27 15:21:49,153: Back Left Min: 0.89, Back Right Min: 0.91
[rosout][INFO] 2025-03-27 15:21:49,250: Back Left Min: 0.89, Back Right Min: 0.91
[rosout][INFO] 2025-03-27 15:21:49,353: Back Left Min: 0.89, Back Right Min: 0.91
[rosout][INFO] 2025-03-27 15:21:49,450: Back Left Min: 0.89, Back Right Min: 0.91
[rosout][INFO] 2025-03-27 15:21:49,553: Back Left Min: 0.89, Back Right Min: 0.92
[rosout][INFO] 2025-03-27 15:21:49,650: Back Left Min: 0.89, Back Right Min: 0.92
[rosout][INFO] 2025-03-27 15:21:49,753: Back Left Min: 0.89, Back Right Min: 0.92
[rosout][INFO] 2025-03-27 15:21:49,850: Back Left Min: 0.89, Back Right Min: 0.92
[rosout][INFO] 2025-03-27 15:21:49,953: Back Left Min: 0.89, Back Right Min: 0.92
[rosout][INFO] 2025-03-27 15:21:50,050: Back Left Min: 0.89, Back Right Min: 0.92
[rosout][INFO] 2025-03-27 15:21:50,153: Back Left Min: 0.89, Back Right Min: 0.92
[rosout][INFO] 2025-03-27 15:21:50,251: Back Left Min: 0.89, Back Right Min: 0.92
[rosout][INFO] 2025-03-27 15:21:50,353: Back Left Min: 0.89, Back Right Min: 0.92
[rosout][INFO] 2025-03-27 15:21:50,451: Back Left Min: 0.89, Back Right Min: 0.92
[rosout][INFO] 2025-03-27 15:21:50,554: Back Left Min: 0.89, Back Right Min: 0.92
[rosout][INFO] 2025-03-27 15:21:50,650: Back Left Min: 0.89, Back Right Min: 0.92
[rosout][INFO] 2025-03-27 15:21:50,754: Back Left Min: 0.89, Back Right Min: 0.92
[rosout][INFO] 2025-03-27 15:21:50,851: Back Left Min: 0.89, Back Right Min: 0.92
[rosout][INFO] 2025-03-27 15:21:50,954: Back Left Min: 0.89, Back Right Min: 0.91
[rosout][INFO] 2025-03-27 15:21:51,051: Back Left Min: 0.89, Back Right Min: 0.91
[rosout][INFO] 2025-03-27 15:21:51,154: Back Left Min: 0.89, Back Right Min: 0.91
[rosout][INFO] 2025-03-27 15:21:51,251: Back Left Min: 0.89, Back Right Min: 0.92
[rosout][INFO] 2025-03-27 15:21:51,354: Back Left Min: 0.89, Back Right Min: 0.92
[rosout][INFO] 2025-03-27 15:21:51,451: Back Left Min: 0.89, Back Right Min: 0.92
[rosout][INFO] 2025-03-27 15:21:51,554: Back Left Min: 0.89, Back Right Min: 0.91
[rosout][INFO] 2025-03-27 15:21:51,651: Back Left Min: 0.89, Back Right Min: 0.91
[rosout][INFO] 2025-03-27 15:21:51,754: Back Left Min: 0.89, Back Right Min: 0.91
[rosout][INFO] 2025-03-27 15:21:51,851: Back Left Min: 0.89, Back Right Min: 0.91
[rosout][INFO] 2025-03-27 15:21:51,954: Back Left Min: 0.89, Back Right Min: 0.91
[rosout][INFO] 2025-03-27 15:21:52,051: Back Left Min: 0.89, Back Right Min: 0.91
[rosout][INFO] 2025-03-27 15:21:52,154: Back Left Min: 0.89, Back Right Min: 0.91
[rosout][INFO] 2025-03-27 15:21:52,251: Back Left Min: 0.89, Back Right Min: 0.91
[rosout][INFO] 2025-03-27 15:21:52,354: Back Left Min: 0.89, Back Right Min: 0.91
[rosout][INFO] 2025-03-27 15:21:52,451: Back Left Min: 0.89, Back Right Min: 0.91
[rosout][INFO] 2025-03-27 15:21:52,554: Back Left Min: 0.89, Back Right Min: 0.91
[rosout][INFO] 2025-03-27 15:21:52,651: Back Left Min: 0.89, Back Right Min: 0.91
[rosout][INFO] 2025-03-27 15:21:52,755: Back Left Min: 0.89, Back Right Min: 0.91
[rosout][INFO] 2025-03-27 15:21:52,851: Back Left Min: 0.89, Back Right Min: 0.91
[rosout][INFO] 2025-03-27 15:21:52,955: Back Left Min: 0.89, Back Right Min: 0.91
[rosout][INFO] 2025-03-27 15:21:53,051: Back Left Min: 0.89, Back Right Min: 0.91
[rosout][INFO] 2025-03-27 15:21:53,155: Back Left Min: 0.89, Back Right Min: 0.91
[rosout][INFO] 2025-03-27 15:21:53,251: Back Left Min: 0.89, Back Right Min: 0.91
[rosout][INFO] 2025-03-27 15:21:53,355: Back Left Min: 0.89, Back Right Min: 0.91
[rosout][INFO] 2025-03-27 15:21:53,452: Back Left Min: 0.89, Back Right Min: 0.91
[rosout][INFO] 2025-03-27 15:21:53,555: Back Left Min: 0.87, Back Right Min: 0.94
[rosout][INFO] 2025-03-27 15:21:53,652: Back Left Min: 0.87, Back Right Min: 0.94
[rosout][INFO] 2025-03-27 15:21:53,755: Back Left Min: 0.87, Back Right Min: 0.91
[rosout][INFO] 2025-03-27 15:21:53,852: Back Left Min: 0.96, Back Right Min: 0.91
[rosout][INFO] 2025-03-27 15:21:53,955: Back Left Min: 0.96, Back Right Min: 0.91
[rosout][INFO] 2025-03-27 15:21:54,052: Back Left Min: 0.96, Back Right Min: 0.91
[rosout][INFO] 2025-03-27 15:21:54,155: Back Left Min: 0.99, Back Right Min: 0.91
[rosout][INFO] 2025-03-27 15:21:54,252: Back Left Min: 0.99, Back Right Min: 0.91
[rosout][INFO] 2025-03-27 15:21:54,355: Back Left Min: 0.97, Back Right Min: 1.02
[rosout][INFO] 2025-03-27 15:21:54,452: Back Left Min: 0.97, Back Right Min: 1.02
[rosout][INFO] 2025-03-27 15:21:54,555: Back Left Min: 0.97, Back Right Min: 1.02
[rosout][INFO] 2025-03-27 15:21:54,652: Back Left Min: 0.95, Back Right Min: 1.40
[rosout][INFO] 2025-03-27 15:21:54,755: Back Left Min: 0.95, Back Right Min: 1.40
[rosout][INFO] 2025-03-27 15:21:54,852: Back Left Min: 0.95, Back Right Min: 1.40
[rosout][INFO] 2025-03-27 15:21:54,955: Back Left Min: 0.95, Back Right Min: 1.40
[rosout][INFO] 2025-03-27 15:21:55,053: Back Left Min: 0.95, Back Right Min: 1.40
[rosout][INFO] 2025-03-27 15:21:55,155: Back Left Min: 0.95, Back Right Min: 1.40
[rosout][INFO] 2025-03-27 15:21:55,252: Back Left Min: 0.95, Back Right Min: 1.40
[rosout][INFO] 2025-03-27 15:21:55,355: Back Left Min: 0.95, Back Right Min: 1.40
[rosout][INFO] 2025-03-27 15:21:55,452: Back Left Min: 0.95, Back Right Min: 1.40
[rosout][INFO] 2025-03-27 15:21:55,556: Back Left Min: 0.95, Back Right Min: 1.40
[rosout][INFO] 2025-03-27 15:21:55,653: Back Left Min: 0.95, Back Right Min: 1.40
[rosout][INFO] 2025-03-27 15:21:55,756: Back Left Min: 0.95, Back Right Min: 1.40
[rosout][INFO] 2025-03-27 15:21:55,853: Back Left Min: 0.95, Back Right Min: 1.40
[rosout][INFO] 2025-03-27 15:21:55,956: Back Left Min: 0.95, Back Right Min: 1.40
[rosout][INFO] 2025-03-27 15:21:56,053: Back Left Min: 0.95, Back Right Min: 1.40
[rosout][INFO] 2025-03-27 15:21:56,156: Back Left Min: 0.95, Back Right Min: 1.40
[rosout][INFO] 2025-03-27 15:21:56,253: Back Left Min: 0.95, Back Right Min: 1.40
[rosout][INFO] 2025-03-27 15:21:56,356: Back Left Min: 0.97, Back Right Min: 1.41
[rosout][INFO] 2025-03-27 15:21:56,453: Back Left Min: 0.97, Back Right Min: 1.41
[rosout][INFO] 2025-03-27 15:21:56,556: Back Left Min: 0.97, Back Right Min: 0.96
[rosout][INFO] 2025-03-27 15:21:56,653: Back Left Min: 0.97, Back Right Min: 0.96
[rosout][INFO] 2025-03-27 15:21:56,756: Back Left Min: 0.97, Back Right Min: 0.96
[rosout][INFO] 2025-03-27 15:21:56,853: Back Left Min: 0.97, Back Right Min: 1.41
[rosout][INFO] 2025-03-27 15:21:56,956: Back Left Min: 0.96, Back Right Min: 1.41
[rosout][INFO] 2025-03-27 15:21:57,053: Back Left Min: 0.96, Back Right Min: 1.41
[rosout][INFO] 2025-03-27 15:21:57,157: Back Left Min: 0.96, Back Right Min: 0.87
[rosout][INFO] 2025-03-27 15:21:57,253: Back Left Min: 0.95, Back Right Min: 0.87
[rosout][INFO] 2025-03-27 15:21:57,356: Back Left Min: 0.95, Back Right Min: 0.87
[rosout][INFO] 2025-03-27 15:21:57,453: Back Left Min: 0.95, Back Right Min: 0.86
[rosout][INFO] 2025-03-27 15:21:57,556: Back Left Min: 0.95, Back Right Min: 0.86
[rosout][INFO] 2025-03-27 15:21:57,653: Back Left Min: 0.95, Back Right Min: 0.86
[rosout][INFO] 2025-03-27 15:21:57,757: Back Left Min: 0.96, Back Right Min: 0.85
[rosout][INFO] 2025-03-27 15:21:57,854: Back Left Min: 0.96, Back Right Min: 0.85
[rosout][INFO] 2025-03-27 15:21:57,957: Back Left Min: 0.96, Back Right Min: 0.84
[rosout][INFO] 2025-03-27 15:21:58,054: Back Left Min: 0.96, Back Right Min: 0.84
[rosout][INFO] 2025-03-27 15:21:58,157: Back Left Min: 0.96, Back Right Min: 0.84
[rosout][INFO] 2025-03-27 15:21:58,254: Back Left Min: 0.96, Back Right Min: 0.84
[rosout][INFO] 2025-03-27 15:21:58,357: Back Left Min: 0.96, Back Right Min: 0.84
[rosout][INFO] 2025-03-27 15:21:58,454: Back Left Min: 0.96, Back Right Min: 0.84
[rosout][INFO] 2025-03-27 15:21:58,557: Back Left Min: 0.96, Back Right Min: 0.84
[rosout][INFO] 2025-03-27 15:21:58,654: Back Left Min: 0.96, Back Right Min: 0.84
[rosout][INFO] 2025-03-27 15:21:58,757: Back Left Min: 0.96, Back Right Min: 0.84
[rosout][INFO] 2025-03-27 15:21:58,854: Back Left Min: 0.96, Back Right Min: 0.84
[rosout][INFO] 2025-03-27 15:21:58,957: Back Left Min: 0.97, Back Right Min: 0.84
[rosout][INFO] 2025-03-27 15:21:59,054: Back Left Min: 0.97, Back Right Min: 0.84
[rosout][INFO] 2025-03-27 15:21:59,157: Back Left Min: 1.02, Back Right Min: 0.87
[rosout][INFO] 2025-03-27 15:21:59,254: Back Left Min: 1.02, Back Right Min: 0.87
[rosout][INFO] 2025-03-27 15:21:59,357: Back Left Min: 1.02, Back Right Min: 1.01
[rosout][INFO] 2025-03-27 15:21:59,454: Back Left Min: 1.04, Back Right Min: 1.01
[rosout][INFO] 2025-03-27 15:21:59,557: Back Left Min: 1.04, Back Right Min: 1.01
[rosout][INFO] 2025-03-27 15:21:59,654: Back Left Min: 1.04, Back Right Min: 0.97
[rosout][INFO] 2025-03-27 15:21:59,757: Back Left Min: 1.10, Back Right Min: 0.97
[rosout][INFO] 2025-03-27 15:21:59,854: Back Left Min: 1.10, Back Right Min: 0.97
[rosout][INFO] 2025-03-27 15:21:59,957: Back Left Min: 1.15, Back Right Min: 1.13
[rosout][INFO] 2025-03-27 15:22:00,054: Back Left Min: 1.15, Back Right Min: 1.13
[rosout][INFO] 2025-03-27 15:22:00,157: Back Left Min: 1.15, Back Right Min: 1.13
[rosout][INFO] 2025-03-27 15:22:00,254: Back Left Min: 1.18, Back Right Min: 1.13
[rosout][INFO] 2025-03-27 15:22:00,358: Back Left Min: 1.14, Back Right Min: 1.13
[rosout][INFO] 2025-03-27 15:22:00,454: Back Left Min: 1.14, Back Right Min: 1.13
[rosout][INFO] 2025-03-27 15:22:00,558: Back Left Min: 0.70, Back Right Min: 0.87
[rosout][INFO] 2025-03-27 15:22:00,654: Back Left Min: 0.70, Back Right Min: 0.87
[rosout][INFO] 2025-03-27 15:22:00,758: Back Left Min: 0.70, Back Right Min: 0.87
[rosout][INFO] 2025-03-27 15:22:00,855: Back Left Min: 0.72, Back Right Min: 0.82
[rosout][INFO] 2025-03-27 15:22:00,958: Back Left Min: 0.72, Back Right Min: 0.82
[rosout][INFO] 2025-03-27 15:22:01,055: Back Left Min: 0.72, Back Right Min: 0.82
[rosout][INFO] 2025-03-27 15:22:01,158: Back Left Min: 1.02, Back Right Min: 0.79
[rosout][INFO] 2025-03-27 15:22:01,255: Back Left Min: 1.02, Back Right Min: 0.79
[rosout][INFO] 2025-03-27 15:22:01,358: Back Left Min: 0.99, Back Right Min: 0.80
[rosout][INFO] 2025-03-27 15:22:01,455: Back Left Min: 0.97, Back Right Min: 0.80
[rosout][INFO] 2025-03-27 15:22:01,558: Back Left Min: 0.97, Back Right Min: 0.80
[rosout][INFO] 2025-03-27 15:22:01,655: Back Left Min: 0.69, Back Right Min: 0.83
[rosout][INFO] 2025-03-27 15:22:01,758: Back Left Min: 0.69, Back Right Min: 0.83
[rosout][INFO] 2025-03-27 15:22:01,855: Back Left Min: 0.69, Back Right Min: 0.83
[rosout][INFO] 2025-03-27 15:22:01,958: Back Left Min: 1.00, Back Right Min: 0.84
[rosout][INFO] 2025-03-27 15:22:02,055: Back Left Min: 1.00, Back Right Min: 0.84
[rosout][INFO] 2025-03-27 15:22:02,158: Back Left Min: 1.00, Back Right Min: 0.84
[rosout][INFO] 2025-03-27 15:22:02,255: Back Left Min: 1.00, Back Right Min: 0.84
[rosout][INFO] 2025-03-27 15:22:02,358: Back Left Min: 1.00, Back Right Min: 0.84
[rosout][INFO] 2025-03-27 15:22:02,455: Back Left Min: 1.00, Back Right Min: 0.84
[rosout][INFO] 2025-03-27 15:22:02,558: Back Left Min: 0.71, Back Right Min: 0.84
[rosout][INFO] 2025-03-27 15:22:02,655: Back Left Min: 0.71, Back Right Min: 0.84
[rosout][INFO] 2025-03-27 15:22:02,759: Back Left Min: 0.99, Back Right Min: 0.84
[rosout][INFO] 2025-03-27 15:22:02,855: Back Left Min: 0.95, Back Right Min: 0.84
[rosout][INFO] 2025-03-27 15:22:02,959: Back Left Min: 0.95, Back Right Min: 0.84
[rosout][INFO] 2025-03-27 15:22:03,056: Back Left Min: 0.95, Back Right Min: 0.84
[rosout][INFO] 2025-03-27 15:22:03,159: Back Left Min: 0.96, Back Right Min: 0.84
[rosout][INFO] 2025-03-27 15:22:03,256: Back Left Min: 0.96, Back Right Min: 0.84
[rosout][INFO] 2025-03-27 15:22:03,359: Back Left Min: 0.96, Back Right Min: 0.84
[rosout][INFO] 2025-03-27 15:22:03,456: Back Left Min: 0.96, Back Right Min: 0.84
[rosout][INFO] 2025-03-27 15:22:03,559: Back Left Min: 0.96, Back Right Min: 0.84
[rosout][INFO] 2025-03-27 15:22:03,656: Back Left Min: 0.94, Back Right Min: 0.84
[rosout][INFO] 2025-03-27 15:22:03,759: Back Left Min: 0.94, Back Right Min: 0.84
[rosout][INFO] 2025-03-27 15:22:03,856: Back Left Min: 0.94, Back Right Min: 0.84
[rosout][INFO] 2025-03-27 15:22:03,959: Back Left Min: 0.69, Back Right Min: 0.85
[rosout][INFO] 2025-03-27 15:22:04,056: Back Left Min: 0.69, Back Right Min: 0.85
[rosout][INFO] 2025-03-27 15:22:04,159: Back Left Min: 0.94, Back Right Min: 0.87
[rosout][INFO] 2025-03-27 15:22:04,256: Back Left Min: 0.94, Back Right Min: 0.85
[rosout][INFO] 2025-03-27 15:22:04,359: Back Left Min: 0.93, Back Right Min: 0.85
[rosout][INFO] 2025-03-27 15:22:04,456: Back Left Min: 0.93, Back Right Min: 0.85
[rosout][INFO] 2025-03-27 15:22:04,559: Back Left Min: 1.11, Back Right Min: 0.86
[rosout][INFO] 2025-03-27 15:22:04,656: Back Left Min: 0.92, Back Right Min: 0.86
[rosout][INFO] 2025-03-27 15:22:04,759: Back Left Min: 0.68, Back Right Min: 0.86
[rosout][INFO] 2025-03-27 15:22:04,856: Back Left Min: 0.68, Back Right Min: 0.86
[rosout][INFO] 2025-03-27 15:22:04,959: Back Left Min: 0.68, Back Right Min: 0.86
[rosout][INFO] 2025-03-27 15:22:05,056: Back Left Min: 0.95, Back Right Min: 0.86
[rosout][INFO] 2025-03-27 15:22:05,160: Back Left Min: 0.95, Back Right Min: 0.85
[rosout][INFO] 2025-03-27 15:22:05,256: Back Left Min: 0.95, Back Right Min: 0.71
[rosout][INFO] 2025-03-27 15:22:05,360: Back Left Min: 0.95, Back Right Min: 0.71
[rosout][INFO] 2025-03-27 15:22:05,456: Back Left Min: 1.07, Back Right Min: 0.71
[rosout][INFO] 2025-03-27 15:22:05,560: Back Left Min: 0.69, Back Right Min: 0.86
[rosout][INFO] 2025-03-27 15:22:05,657: Back Left Min: 0.69, Back Right Min: 0.86
[rosout][INFO] 2025-03-27 15:22:05,760: Back Left Min: 0.69, Back Right Min: 0.86
[rosout][INFO] 2025-03-27 15:22:05,857: Back Left Min: 0.68, Back Right Min: 0.86
[rosout][INFO] 2025-03-27 15:22:05,960: Back Left Min: 0.68, Back Right Min: 0.86
[rosout][INFO] 2025-03-27 15:22:06,057: Back Left Min: 0.68, Back Right Min: 0.86
[rosout][INFO] 2025-03-27 15:22:06,160: Back Left Min: 0.90, Back Right Min: 0.86
[rosout][INFO] 2025-03-27 15:22:06,257: Back Left Min: 0.90, Back Right Min: 0.86
[rosout][INFO] 2025-03-27 15:22:06,360: Back Left Min: 0.68, Back Right Min: 0.86
[rosout][INFO] 2025-03-27 15:22:06,457: Back Left Min: 0.68, Back Right Min: 0.86
[rosout][INFO] 2025-03-27 15:22:06,560: Back Left Min: 0.65, Back Right Min: 0.86
[rosout][INFO] 2025-03-27 15:22:06,657: Back Left Min: 0.65, Back Right Min: 0.86
[rosout][INFO] 2025-03-27 15:22:06,760: Back Left Min: 0.65, Back Right Min: 0.86
[rosout][INFO] 2025-03-27 15:22:06,857: Back Left Min: 0.63, Back Right Min: 0.86
[rosout][INFO] 2025-03-27 15:22:06,960: Back Left Min: 0.63, Back Right Min: 0.70
[rosout][INFO] 2025-03-27 15:22:07,057: Back Left Min: 0.63, Back Right Min: 0.70
[rosout][INFO] 2025-03-27 15:22:07,160: Back Left Min: 0.65, Back Right Min: 0.70
[rosout][INFO] 2025-03-27 15:22:07,257: Back Left Min: 0.65, Back Right Min: 0.86
[rosout][INFO] 2025-03-27 15:22:07,360: Back Left Min: 0.67, Back Right Min: 0.86
[rosout][INFO] 2025-03-27 15:22:07,457: Back Left Min: 0.67, Back Right Min: 0.86
[rosout][INFO] 2025-03-27 15:22:07,561: Back Left Min: 0.67, Back Right Min: 0.85
[rosout][INFO] 2025-03-27 15:22:07,657: Back Left Min: 0.66, Back Right Min: 0.85
[rosout][INFO] 2025-03-27 15:22:07,761: Back Left Min: 0.66, Back Right Min: 0.85
[rosout][INFO] 2025-03-27 15:22:07,858: Back Left Min: 0.66, Back Right Min: 0.85
[rosout][INFO] 2025-03-27 15:22:07,961: Back Left Min: 0.65, Back Right Min: 0.85
[rosout][INFO] 2025-03-27 15:22:08,058: Back Left Min: 0.65, Back Right Min: 0.73
[rosout][INFO] 2025-03-27 15:22:08,161: Back Left Min: 0.65, Back Right Min: 0.73
[rosout][INFO] 2025-03-27 15:22:08,258: Back Left Min: 0.65, Back Right Min: 0.73
[rosout][INFO] 2025-03-27 15:22:08,361: Back Left Min: 0.65, Back Right Min: 0.85
[rosout][INFO] 2025-03-27 15:22:08,458: Back Left Min: 0.65, Back Right Min: 0.85
[rosout][INFO] 2025-03-27 15:22:08,561: Back Left Min: 0.65, Back Right Min: 0.85
[rosout][INFO] 2025-03-27 15:22:08,658: Back Left Min: 0.65, Back Right Min: 0.85
[rosout][INFO] 2025-03-27 15:22:08,761: Back Left Min: 0.64, Back Right Min: 0.85
[rosout][INFO] 2025-03-27 15:22:08,858: Back Left Min: 0.64, Back Right Min: 0.85
[rosout][INFO] 2025-03-27 15:22:08,961: Back Left Min: 0.64, Back Right Min: 0.85
[rosout][INFO] 2025-03-27 15:22:09,058: Back Left Min: 0.64, Back Right Min: 0.85
[rosout][INFO] 2025-03-27 15:22:09,161: Back Left Min: 0.64, Back Right Min: 0.85
[rosout][INFO] 2025-03-27 15:22:09,258: Back Left Min: 0.64, Back Right Min: 0.85
[rosout][INFO] 2025-03-27 15:22:09,361: Back Left Min: 0.64, Back Right Min: 0.85
[rosout][INFO] 2025-03-27 15:22:09,458: Back Left Min: 0.64, Back Right Min: 0.85
[rosout][INFO] 2025-03-27 15:22:09,561: Back Left Min: 0.64, Back Right Min: 0.85
[rosout][INFO] 2025-03-27 15:22:09,658: Back Left Min: 0.74, Back Right Min: 0.85
[rosout][INFO] 2025-03-27 15:22:09,762: Back Left Min: 0.71, Back Right Min: 0.85
[rosout][INFO] 2025-03-27 15:22:09,858: Back Left Min: 0.71, Back Right Min: 0.85
[rosout][INFO] 2025-03-27 15:22:09,962: Back Left Min: 0.71, Back Right Min: 0.85
[rosout][INFO] 2025-03-27 15:22:10,059: Back Left Min: 0.82, Back Right Min: 0.75
[rosout][INFO] 2025-03-27 15:22:10,162: Back Left Min: 0.88, Back Right Min: 0.75
[rosout][INFO] 2025-03-27 15:22:10,259: Back Left Min: 0.87, Back Right Min: 0.75
[rosout][INFO] 2025-03-27 15:22:10,362: Back Left Min: 0.73, Back Right Min: 0.85
[rosout][INFO] 2025-03-27 15:22:10,459: Back Left Min: 0.73, Back Right Min: 0.85
[rosout][INFO] 2025-03-27 15:22:10,562: Back Left Min: 0.55, Back Right Min: 0.85
[rosout][INFO] 2025-03-27 15:22:10,659: Back Left Min: 0.55, Back Right Min: 0.87
[rosout][INFO] 2025-03-27 15:22:10,762: Back Left Min: 0.55, Back Right Min: 0.87
[rosout][INFO] 2025-03-27 15:22:10,859: Back Left Min: 0.61, Back Right Min: 0.73
[rosout][INFO] 2025-03-27 15:22:10,962: Back Left Min: 0.61, Back Right Min: 0.73
[rosout][INFO] 2025-03-27 15:22:11,059: Back Left Min: 0.61, Back Right Min: 0.73
[rosout][INFO] 2025-03-27 15:22:11,162: Back Left Min: 0.88, Back Right Min: 0.84
[rosout][INFO] 2025-03-27 15:22:11,259: Back Left Min: 0.78, Back Right Min: 0.84
[rosout][INFO] 2025-03-27 15:22:11,362: Back Left Min: 0.78, Back Right Min: 0.84
[rosout][INFO] 2025-03-27 15:22:11,459: Back Left Min: 0.67, Back Right Min: 0.84
[rosout][INFO] 2025-03-27 15:22:11,562: Back Left Min: 0.67, Back Right Min: 0.84
[rosout][INFO] 2025-03-27 15:22:11,659: Back Left Min: 0.67, Back Right Min: 0.84
[rosout][INFO] 2025-03-27 15:22:11,762: Back Left Min: 0.67, Back Right Min: 0.84
[rosout][INFO] 2025-03-27 15:22:11,859: Back Left Min: 0.67, Back Right Min: 0.84
[rosout][INFO] 2025-03-27 15:22:11,962: Back Left Min: 0.67, Back Right Min: 0.84
[rosout][INFO] 2025-03-27 15:22:12,059: Back Left Min: 0.71, Back Right Min: 0.88
[rosout][INFO] 2025-03-27 15:22:12,162: Back Left Min: 0.71, Back Right Min: 0.88
[rosout][INFO] 2025-03-27 15:22:12,259: Back Left Min: 0.71, Back Right Min: 0.88
[rosout][INFO] 2025-03-27 15:22:12,363: Back Left Min: 0.72, Back Right Min: 0.88
[rosout][INFO] 2025-03-27 15:22:12,459: Back Left Min: 0.72, Back Right Min: 0.88
[rosout][INFO] 2025-03-27 15:22:12,563: Back Left Min: 0.77, Back Right Min: 0.88
[rosout][INFO] 2025-03-27 15:22:12,660: Back Left Min: 0.89, Back Right Min: 0.88
[rosout][INFO] 2025-03-27 15:22:12,763: Back Left Min: 0.88, Back Right Min: 0.88
[rosout][INFO] 2025-03-27 15:22:12,860: Back Left Min: 0.88, Back Right Min: 0.87
[rosout][INFO] 2025-03-27 15:22:12,963: Back Left Min: 0.86, Back Right Min: 0.87
[rosout][INFO] 2025-03-27 15:22:13,060: Back Left Min: 0.86, Back Right Min: 0.87
[rosout][INFO] 2025-03-27 15:22:13,163: Back Left Min: 0.73, Back Right Min: 0.86
[rosout][INFO] 2025-03-27 15:22:13,260: Back Left Min: 0.73, Back Right Min: 0.86
[rosout][INFO] 2025-03-27 15:22:13,363: Back Left Min: 0.73, Back Right Min: 0.86
[rosout][INFO] 2025-03-27 15:22:13,460: Back Left Min: 0.68, Back Right Min: 0.85
[rosout][INFO] 2025-03-27 15:22:13,563: Back Left Min: 0.68, Back Right Min: 0.85
[rosout][INFO] 2025-03-27 15:22:13,660: Back Left Min: 0.68, Back Right Min: 0.72
[rosout][INFO] 2025-03-27 15:22:13,763: Back Left Min: 0.87, Back Right Min: 0.72
[rosout][INFO] 2025-03-27 15:22:13,860: Back Left Min: 0.87, Back Right Min: 0.72
[rosout][INFO] 2025-03-27 15:22:13,963: Back Left Min: 0.87, Back Right Min: 0.86
[rosout][INFO] 2025-03-27 15:22:14,060: Back Left Min: 0.87, Back Right Min: 0.85
[rosout][INFO] 2025-03-27 15:22:14,163: Back Left Min: 0.88, Back Right Min: 0.85
[rosout][INFO] 2025-03-27 15:22:14,260: Back Left Min: 0.68, Back Right Min: 0.85
[rosout][INFO] 2025-03-27 15:22:14,363: Back Left Min: 0.68, Back Right Min: 0.85
[rosout][INFO] 2025-03-27 15:22:14,460: Back Left Min: 0.68, Back Right Min: 0.85
[rosout][INFO] 2025-03-27 15:22:14,564: Back Left Min: 0.75, Back Right Min: 0.85
[rosout][INFO] 2025-03-27 15:22:14,660: Back Left Min: 0.75, Back Right Min: 0.85
[rosout][INFO] 2025-03-27 15:22:14,764: Back Left Min: 0.75, Back Right Min: 0.85
[rosout][INFO] 2025-03-27 15:22:14,860: Back Left Min: 0.89, Back Right Min: 0.85
[rosout][INFO] 2025-03-27 15:22:14,964: Back Left Min: 0.91, Back Right Min: 0.88
[rosout][INFO] 2025-03-27 15:22:15,061: Back Left Min: 0.91, Back Right Min: 0.88
[rosout][INFO] 2025-03-27 15:22:15,164: Back Left Min: 0.91, Back Right Min: 0.90
[rosout][INFO] 2025-03-27 15:22:15,261: Back Left Min: 0.95, Back Right Min: 0.92
[rosout][INFO] 2025-03-27 15:22:15,364: Back Left Min: 0.71, Back Right Min: 0.92
[rosout][INFO] 2025-03-27 15:22:15,461: Back Left Min: 0.71, Back Right Min: 0.93
[rosout][INFO] 2025-03-27 15:22:15,564: Back Left Min: 0.71, Back Right Min: 0.98
[rosout][INFO] 2025-03-27 15:22:15,661: Back Left Min: 0.92, Back Right Min: 0.98
[rosout][INFO] 2025-03-27 15:22:15,764: Back Left Min: 0.91, Back Right Min: 0.99
[rosout][INFO] 2025-03-27 15:22:15,861: Back Left Min: 0.87, Back Right Min: 0.99
[rosout][INFO] 2025-03-27 15:22:15,964: Back Left Min: 0.73, Back Right Min: 0.99
[rosout][INFO] 2025-03-27 15:22:16,061: Back Left Min: 0.73, Back Right Min: 0.99
[rosout][INFO] 2025-03-27 15:22:16,164: Back Left Min: 0.73, Back Right Min: 0.99
[rosout][INFO] 2025-03-27 15:22:16,261: Back Left Min: 0.86, Back Right Min: 0.99
[rosout][INFO] 2025-03-27 15:22:16,365: Back Left Min: 0.86, Back Right Min: 0.99
[rosout][INFO] 2025-03-27 15:22:16,461: Back Left Min: 0.86, Back Right Min: 0.99
[rosout][INFO] 2025-03-27 15:22:16,564: Back Left Min: 0.86, Back Right Min: 0.99
[rosout][INFO] 2025-03-27 15:22:16,661: Back Left Min: 0.86, Back Right Min: 1.00
[rosout][INFO] 2025-03-27 15:22:16,764: Back Left Min: 0.72, Back Right Min: 1.00
[rosout][INFO] 2025-03-27 15:22:16,861: Back Left Min: 0.72, Back Right Min: 1.00
[rosout][INFO] 2025-03-27 15:22:16,965: Back Left Min: 0.72, Back Right Min: 1.03
[rosout][INFO] 2025-03-27 15:22:17,062: Back Left Min: 0.87, Back Right Min: 1.03
[rosout][INFO] 2025-03-27 15:22:17,165: Back Left Min: 0.87, Back Right Min: 1.08
[rosout][INFO] 2025-03-27 15:22:17,262: Back Left Min: 0.89, Back Right Min: 1.08
[rosout][INFO] 2025-03-27 15:22:17,365: Back Left Min: 0.89, Back Right Min: 1.08
[rosout][INFO] 2025-03-27 15:22:17,462: Back Left Min: 0.89, Back Right Min: 1.12
[rosout][INFO] 2025-03-27 15:22:17,565: Back Left Min: 0.97, Back Right Min: 1.14
[rosout][INFO] 2025-03-27 15:22:17,662: Back Left Min: 0.97, Back Right Min: 1.14
[rosout][INFO] 2025-03-27 15:22:17,765: Back Left Min: 0.87, Back Right Min: 1.19
[rosout][INFO] 2025-03-27 15:22:17,862: Back Left Min: 0.87, Back Right Min: 1.19
[rosout][INFO] 2025-03-27 15:22:17,965: Back Left Min: 0.89, Back Right Min: 1.19
[rosout][INFO] 2025-03-27 15:22:18,062: Back Left Min: 0.89, Back Right Min: 1.25
[rosout][INFO] 2025-03-27 15:22:18,165: Back Left Min: 0.89, Back Right Min: 1.25
[rosout][INFO] 2025-03-27 15:22:18,262: Back Left Min: 0.95, Back Right Min: 1.25
[rosout][INFO] 2025-03-27 15:22:18,365: Back Left Min: 0.95, Back Right Min: 1.32
[rosout][INFO] 2025-03-27 15:22:18,462: Back Left Min: 0.68, Back Right Min: 1.32
[rosout][INFO] 2025-03-27 15:22:18,565: Back Left Min: 0.68, Back Right Min: 1.32
[rosout][INFO] 2025-03-27 15:22:18,662: Back Left Min: 0.68, Back Right Min: 1.37
[rosout][INFO] 2025-03-27 15:22:18,765: Back Left Min: 1.05, Back Right Min: 1.37
[rosout][INFO] 2025-03-27 15:22:18,862: Back Left Min: 1.05, Back Right Min: 1.37
[rosout][INFO] 2025-03-27 15:22:18,965: Back Left Min: 1.05, Back Right Min: 1.44
[rosout][INFO] 2025-03-27 15:22:19,062: Back Left Min: 1.10, Back Right Min: 1.44
[rosout][INFO] 2025-03-27 15:22:19,165: Back Left Min: 1.10, Back Right Min: 1.50
[rosout][INFO] 2025-03-27 15:22:19,262: Back Left Min: 1.10, Back Right Min: 1.50
[rosout][INFO] 2025-03-27 15:22:19,365: Back Left Min: 0.69, Back Right Min: 1.50
[rosout][INFO] 2025-03-27 15:22:19,462: Back Left Min: 0.69, Back Right Min: 1.53
[rosout][INFO] 2025-03-27 15:22:19,566: Back Left Min: 0.66, Back Right Min: 1.53
[rosout][INFO] 2025-03-27 15:22:19,663: Back Left Min: 0.66, Back Right Min: 1.53
[rosout][INFO] 2025-03-27 15:22:19,766: Back Left Min: 0.66, Back Right Min: 1.53
[rosout][INFO] 2025-03-27 15:22:19,863: Back Left Min: 0.97, Back Right Min: 1.53
[rosout][INFO] 2025-03-27 15:22:19,966: Back Left Min: 0.94, Back Right Min: 1.53
[rosout][INFO] 2025-03-27 15:22:20,063: Back Left Min: 0.94, Back Right Min: 1.53
[rosout][INFO] 2025-03-27 15:22:20,166: Back Left Min: 0.88, Back Right Min: 1.53
[rosout][INFO] 2025-03-27 15:22:20,263: Back Left Min: 0.88, Back Right Min: 1.53
[rosout][INFO] 2025-03-27 15:22:20,366: Back Left Min: 0.88, Back Right Min: 1.53
[rosout][INFO] 2025-03-27 15:22:20,463: Back Left Min: 0.91, Back Right Min: 1.53
[rosout][INFO] 2025-03-27 15:22:20,566: Back Left Min: 0.91, Back Right Min: 1.53
[rosout][INFO] 2025-03-27 15:22:20,663: Back Left Min: 0.91, Back Right Min: 1.53
[rosout][INFO] 2025-03-27 15:22:20,766: Back Left Min: 0.88, Back Right Min: 1.53
[rosout][INFO] 2025-03-27 15:22:20,863: Back Left Min: 0.88, Back Right Min: 1.53
[rosout][INFO] 2025-03-27 15:22:20,966: Back Left Min: 0.88, Back Right Min: 1.53
[rosout][INFO] 2025-03-27 15:22:21,064: Back Left Min: 0.89, Back Right Min: 1.53
[rosout][INFO] 2025-03-27 15:22:21,166: Back Left Min: 0.91, Back Right Min: 1.53
[rosout][INFO] 2025-03-27 15:22:21,264: Back Left Min: 0.91, Back Right Min: 1.53
[rosout][INFO] 2025-03-27 15:22:21,366: Back Left Min: 0.88, Back Right Min: 1.53
[rosout][INFO] 2025-03-27 15:22:21,463: Back Left Min: 0.88, Back Right Min: 1.53
[rosout][INFO] 2025-03-27 15:22:21,566: Back Left Min: 0.72, Back Right Min: 1.53
[rosout][INFO] 2025-03-27 15:22:21,664: Back Left Min: 0.72, Back Right Min: 1.53
[rosout][INFO] 2025-03-27 15:22:21,766: Back Left Min: 0.72, Back Right Min: 1.53
[rosout][INFO] 2025-03-27 15:22:21,864: Back Left Min: 0.88, Back Right Min: 1.53
[rosout][INFO] 2025-03-27 15:22:21,967: Back Left Min: 0.87, Back Right Min: 1.53
[rosout][INFO] 2025-03-27 15:22:22,064: Back Left Min: 0.87, Back Right Min: 1.53
[rosout][INFO] 2025-03-27 15:22:22,167: Back Left Min: 0.87, Back Right Min: 1.53
[rosout][INFO] 2025-03-27 15:22:22,264: Back Left Min: 0.87, Back Right Min: 1.53
[rosout][INFO] 2025-03-27 15:22:22,367: Back Left Min: 0.87, Back Right Min: 0.81
[rosout][INFO] 2025-03-27 15:22:22,464: Back Left Min: 0.86, Back Right Min: 0.81
[rosout][INFO] 2025-03-27 15:22:22,567: Back Left Min: 0.86, Back Right Min: 0.81
[rosout][INFO] 2025-03-27 15:22:22,664: Back Left Min: 0.86, Back Right Min: 0.74
[rosout][INFO] 2025-03-27 15:22:22,767: Back Left Min: 0.86, Back Right Min: 0.74
[rosout][INFO] 2025-03-27 15:22:22,864: Back Left Min: 0.86, Back Right Min: 0.74
[rosout][INFO] 2025-03-27 15:22:22,967: Back Left Min: 0.86, Back Right Min: 0.78
[rosout][INFO] 2025-03-27 15:22:23,064: Back Left Min: 0.85, Back Right Min: 0.78
[rosout][INFO] 2025-03-27 15:22:23,167: Back Left Min: 0.85, Back Right Min: 1.52
[rosout][INFO] 2025-03-27 15:22:23,264: Back Left Min: 0.85, Back Right Min: 1.52
[rosout][INFO] 2025-03-27 15:22:23,367: Back Left Min: 0.85, Back Right Min: 1.52
[rosout][INFO] 2025-03-27 15:22:23,464: Back Left Min: 0.85, Back Right Min: 0.72
[rosout][INFO] 2025-03-27 15:22:23,567: Back Left Min: 0.93, Back Right Min: 0.72
[rosout][INFO] 2025-03-27 15:22:23,664: Back Left Min: 0.93, Back Right Min: 0.72
[rosout][INFO] 2025-03-27 15:22:23,767: Back Left Min: 0.96, Back Right Min: 0.66
[rosout][INFO] 2025-03-27 15:22:23,865: Back Left Min: 0.96, Back Right Min: 0.66
[rosout][INFO] 2025-03-27 15:22:23,967: Back Left Min: 0.96, Back Right Min: 0.66
[rosout][INFO] 2025-03-27 15:22:24,064: Back Left Min: 1.00, Back Right Min: 0.65
[rosout][INFO] 2025-03-27 15:22:24,168: Back Left Min: 1.01, Back Right Min: 0.65
[rosout][INFO] 2025-03-27 15:22:24,265: Back Left Min: 1.01, Back Right Min: 0.65
[rosout][INFO] 2025-03-27 15:22:24,368: Back Left Min: 1.13, Back Right Min: 1.52
[rosout][INFO] 2025-03-27 15:22:24,464: Back Left Min: 1.13, Back Right Min: 1.52
[rosout][INFO] 2025-03-27 15:22:24,568: Back Left Min: 1.13, Back Right Min: 0.66
[rosout][INFO] 2025-03-27 15:22:24,665: Back Left Min: 1.14, Back Right Min: 0.66
[rosout][INFO] 2025-03-27 15:22:24,768: Back Left Min: 1.14, Back Right Min: 0.66
[rosout][INFO] 2025-03-27 15:22:24,865: Back Left Min: 1.14, Back Right Min: 1.48
[rosout][INFO] 2025-03-27 15:22:24,968: Back Left Min: 1.16, Back Right Min: 1.48
[rosout][INFO] 2025-03-27 15:22:25,065: Back Left Min: 1.16, Back Right Min: 1.45
[rosout][INFO] 2025-03-27 15:22:25,168: Back Left Min: 1.16, Back Right Min: 1.45
[rosout][INFO] 2025-03-27 15:22:25,265: Back Left Min: 1.23, Back Right Min: 1.45
[rosout][INFO] 2025-03-27 15:22:25,368: Back Left Min: 1.23, Back Right Min: 1.42
[rosout][INFO] 2025-03-27 15:22:25,465: Back Left Min: 1.23, Back Right Min: 1.42
[rosout][INFO] 2025-03-27 15:22:25,568: Back Left Min: 1.37, Back Right Min: 1.42
[rosout][INFO] 2025-03-27 15:22:25,665: Back Left Min: 1.37, Back Right Min: 1.39
[rosout][INFO] 2025-03-27 15:22:25,768: Back Left Min: 1.38, Back Right Min: 1.39
[rosout][INFO] 2025-03-27 15:22:25,865: Back Left Min: 1.38, Back Right Min: 1.39
[rosout][INFO] 2025-03-27 15:22:25,968: Back Left Min: 1.38, Back Right Min: 1.37
[rosout][INFO] 2025-03-27 15:22:26,065: Back Left Min: 1.40, Back Right Min: 1.37
[rosout][INFO] 2025-03-27 15:22:26,168: Back Left Min: 1.40, Back Right Min: 1.33
[rosout][INFO] 2025-03-27 15:22:26,265: Back Left Min: 1.40, Back Right Min: 1.33
[rosout][INFO] 2025-03-27 15:22:26,369: Back Left Min: 1.47, Back Right Min: 1.33
[rosout][INFO] 2025-03-27 15:22:26,465: Back Left Min: 1.47, Back Right Min: 1.31
[rosout][INFO] 2025-03-27 15:22:26,569: Back Left Min: 1.45, Back Right Min: 1.31
[rosout][INFO] 2025-03-27 15:22:26,665: Back Left Min: 1.41, Back Right Min: 1.31
[rosout][INFO] 2025-03-27 15:22:26,769: Back Left Min: 1.41, Back Right Min: 1.28
[rosout][INFO] 2025-03-27 15:22:26,865: Back Left Min: 1.41, Back Right Min: 1.28
[rosout][INFO] 2025-03-27 15:22:26,969: Back Left Min: 1.40, Back Right Min: 1.26
[rosout][INFO] 2025-03-27 15:22:27,065: Back Left Min: 1.40, Back Right Min: 1.25
[rosout][INFO] 2025-03-27 15:22:27,169: Back Left Min: 1.38, Back Right Min: 1.25
[rosout][INFO] 2025-03-27 15:22:27,266: Back Left Min: 1.38, Back Right Min: 1.22
[rosout][INFO] 2025-03-27 15:22:27,369: Back Left Min: 1.38, Back Right Min: 1.22
[rosout][INFO] 2025-03-27 15:22:27,466: Back Left Min: 1.32, Back Right Min: 1.22
[rosout][INFO] 2025-03-27 15:22:27,569: Back Left Min: 1.32, Back Right Min: 1.18
[rosout][INFO] 2025-03-27 15:22:27,666: Back Left Min: 1.32, Back Right Min: 0.66
[rosout][INFO] 2025-03-27 15:22:27,769: Back Left Min: 1.27, Back Right Min: 0.66
[rosout][INFO] 2025-03-27 15:22:27,866: Back Left Min: 1.27, Back Right Min: 0.66
[rosout][INFO] 2025-03-27 15:22:27,969: Back Left Min: 1.27, Back Right Min: 0.67
[rosout][INFO] 2025-03-27 15:22:28,066: Back Left Min: 1.26, Back Right Min: 0.67
[rosout][INFO] 2025-03-27 15:22:28,169: Back Left Min: 1.26, Back Right Min: 0.67
[rosout][INFO] 2025-03-27 15:22:28,266: Back Left Min: 1.26, Back Right Min: 0.67
[rosout][INFO] 2025-03-27 15:22:28,369: Back Left Min: 1.27, Back Right Min: 0.67
[rosout][INFO] 2025-03-27 15:22:28,466: Back Left Min: 1.27, Back Right Min: 0.67
[rosout][INFO] 2025-03-27 15:22:28,569: Back Left Min: 1.31, Back Right Min: 0.66
[rosout][INFO] 2025-03-27 15:22:28,666: Back Left Min: 1.31, Back Right Min: 0.66
[rosout][INFO] 2025-03-27 15:22:28,769: Back Left Min: 1.31, Back Right Min: 0.66
[rosout][INFO] 2025-03-27 15:22:28,866: Back Left Min: 1.27, Back Right Min: 0.66
[rosout][INFO] 2025-03-27 15:22:28,969: Back Left Min: 1.27, Back Right Min: 0.66
[rosout][INFO] 2025-03-27 15:22:29,066: Back Left Min: 1.27, Back Right Min: 1.15
[rosout][INFO] 2025-03-27 15:22:29,170: Back Left Min: 1.24, Back Right Min: 1.13
[rosout][INFO] 2025-03-27 15:22:29,266: Back Left Min: 1.24, Back Right Min: 1.13
[rosout][INFO] 2025-03-27 15:22:29,370: Back Left Min: 1.23, Back Right Min: 0.67
[rosout][INFO] 2025-03-27 15:22:29,467: Back Left Min: 1.23, Back Right Min: 0.67
[rosout][INFO] 2025-03-27 15:22:29,570: Back Left Min: 1.23, Back Right Min: 0.67
[rosout][INFO] 2025-03-27 15:22:29,667: Back Left Min: 1.25, Back Right Min: 1.13
[rosout][INFO] 2025-03-27 15:22:29,770: Back Left Min: 1.25, Back Right Min: 1.12
[rosout][INFO] 2025-03-27 15:22:29,867: Back Left Min: 1.25, Back Right Min: 1.12
[rosout][INFO] 2025-03-27 15:22:29,970: Back Left Min: 1.31, Back Right Min: 1.12
[rosout][INFO] 2025-03-27 15:22:30,067: Back Left Min: 1.19, Back Right Min: 1.13
[rosout][INFO] 2025-03-27 15:22:30,170: Back Left Min: 1.06, Back Right Min: 1.13
[rosout][INFO] 2025-03-27 15:22:30,267: Back Left Min: 1.06, Back Right Min: 1.13
[rosout][INFO] 2025-03-27 15:22:30,370: Back Left Min: 1.14, Back Right Min: 1.13
[rosout][INFO] 2025-03-27 15:22:30,467: Back Left Min: 1.14, Back Right Min: 1.13
[rosout][INFO] 2025-03-27 15:22:30,570: Back Left Min: 1.10, Back Right Min: 1.10
[rosout][INFO] 2025-03-27 15:22:30,667: Back Left Min: 1.10, Back Right Min: 1.10
[rosout][INFO] 2025-03-27 15:22:30,770: Back Left Min: 1.10, Back Right Min: 1.10
[rosout][INFO] 2025-03-27 15:22:30,867: Back Left Min: 1.16, Back Right Min: 1.09
[rosout][INFO] 2025-03-27 15:22:30,970: Back Left Min: 1.16, Back Right Min: 1.09
[rosout][INFO] 2025-03-27 15:22:31,067: Back Left Min: 1.15, Back Right Min: 1.09
[rosout][INFO] 2025-03-27 15:22:31,170: Back Left Min: 1.15, Back Right Min: 1.08
[rosout][INFO] 2025-03-27 15:22:31,267: Back Left Min: 1.15, Back Right Min: 1.08
[rosout][INFO] 2025-03-27 15:22:31,370: Back Left Min: 1.22, Back Right Min: 1.09
[rosout][INFO] 2025-03-27 15:22:31,467: Back Left Min: 1.22, Back Right Min: 1.09
[rosout][INFO] 2025-03-27 15:22:31,571: Back Left Min: 1.05, Back Right Min: 0.66
[rosout][INFO] 2025-03-27 15:22:31,667: Back Left Min: 1.05, Back Right Min: 0.66
[rosout][INFO] 2025-03-27 15:22:31,771: Back Left Min: 1.23, Back Right Min: 0.66
[rosout][INFO] 2025-03-27 15:22:31,868: Back Left Min: 1.24, Back Right Min: 0.66
[rosout][INFO] 2025-03-27 15:22:31,971: Back Left Min: 1.24, Back Right Min: 0.66
[rosout][INFO] 2025-03-27 15:22:32,068: Back Left Min: 1.24, Back Right Min: 0.66
[rosout][INFO] 2025-03-27 15:22:32,171: Back Left Min: 1.24, Back Right Min: 0.95
[rosout][INFO] 2025-03-27 15:22:32,268: Back Left Min: 1.24, Back Right Min: 0.95
[rosout][INFO] 2025-03-27 15:22:32,371: Back Left Min: 1.24, Back Right Min: 0.92
[rosout][INFO] 2025-03-27 15:22:32,468: Back Left Min: 1.04, Back Right Min: 0.92
[rosout][INFO] 2025-03-27 15:22:32,571: Back Left Min: 1.04, Back Right Min: 0.92
[rosout][INFO] 2025-03-27 15:22:32,669: Back Left Min: 1.04, Back Right Min: 0.71
[rosout][INFO] 2025-03-27 15:22:32,771: Back Left Min: 1.00, Back Right Min: 0.71
[rosout][INFO] 2025-03-27 15:22:32,868: Back Left Min: 1.00, Back Right Min: 0.71
[rosout][INFO] 2025-03-27 15:22:32,971: Back Left Min: 1.00, Back Right Min: 0.74
[rosout][INFO] 2025-03-27 15:22:33,068: Back Left Min: 1.02, Back Right Min: 0.74
[rosout][INFO] 2025-03-27 15:22:33,171: Back Left Min: 1.02, Back Right Min: 0.74
[rosout][INFO] 2025-03-27 15:22:33,268: Back Left Min: 1.02, Back Right Min: 0.73
[rosout][INFO] 2025-03-27 15:22:33,371: Back Left Min: 1.03, Back Right Min: 0.73
[rosout][INFO] 2025-03-27 15:22:33,468: Back Left Min: 1.03, Back Right Min: 0.73
[rosout][INFO] 2025-03-27 15:22:33,571: Back Left Min: 1.03, Back Right Min: 0.95
[rosout][INFO] 2025-03-27 15:22:33,668: Back Left Min: 1.03, Back Right Min: 0.95
[rosout][INFO] 2025-03-27 15:22:33,771: Back Left Min: 1.03, Back Right Min: 0.95
[rosout][INFO] 2025-03-27 15:22:33,868: Back Left Min: 1.03, Back Right Min: 0.96
[rosout][INFO] 2025-03-27 15:22:33,972: Back Left Min: 1.03, Back Right Min: 0.96
[rosout][INFO] 2025-03-27 15:22:34,069: Back Left Min: 1.03, Back Right Min: 0.96
[rosout][INFO] 2025-03-27 15:22:34,172: Back Left Min: 1.02, Back Right Min: 0.79
[rosout][INFO] 2025-03-27 15:22:34,269: Back Left Min: 1.02, Back Right Min: 0.79
[rosout][INFO] 2025-03-27 15:22:34,372: Back Left Min: 1.02, Back Right Min: 0.91
[rosout][INFO] 2025-03-27 15:22:34,469: Back Left Min: 1.01, Back Right Min: 0.91
[rosout][INFO] 2025-03-27 15:22:34,572: Back Left Min: 1.01, Back Right Min: 0.91
[rosout][INFO] 2025-03-27 15:22:34,669: Back Left Min: 1.01, Back Right Min: 0.96
[rosout][INFO] 2025-03-27 15:22:34,772: Back Left Min: 1.00, Back Right Min: 0.96
[rosout][INFO] 2025-03-27 15:22:34,869: Back Left Min: 1.00, Back Right Min: 0.96
[rosout][INFO] 2025-03-27 15:22:34,972: Back Left Min: 0.99, Back Right Min: 0.94
[rosout][INFO] 2025-03-27 15:22:35,069: Back Left Min: 0.99, Back Right Min: 0.94
[rosout][INFO] 2025-03-27 15:22:35,173: Back Left Min: 0.99, Back Right Min: 0.94
[rosout][INFO] 2025-03-27 15:22:35,269: Back Left Min: 0.99, Back Right Min: 0.90
[rosout][INFO] 2025-03-27 15:22:35,372: Back Left Min: 0.99, Back Right Min: 0.90
[rosout][INFO] 2025-03-27 15:22:35,469: Back Left Min: 0.99, Back Right Min: 0.90
[rosout][INFO] 2025-03-27 15:22:35,572: Back Left Min: 0.99, Back Right Min: 0.96
[rosout][INFO] 2025-03-27 15:22:35,669: Back Left Min: 0.99, Back Right Min: 0.96
[rosout][INFO] 2025-03-27 15:22:35,772: Back Left Min: 0.99, Back Right Min: 0.96
[rosout][INFO] 2025-03-27 15:22:35,869: Back Left Min: 0.99, Back Right Min: 0.96
[rosout][INFO] 2025-03-27 15:22:35,972: Back Left Min: 0.99, Back Right Min: 0.96
[rosout][INFO] 2025-03-27 15:22:36,069: Back Left Min: 0.99, Back Right Min: 0.95
[rosout][INFO] 2025-03-27 15:22:36,173: Back Left Min: 0.99, Back Right Min: 0.95
[rosout][INFO] 2025-03-27 15:22:36,269: Back Left Min: 0.99, Back Right Min: 0.95
[rosout][INFO] 2025-03-27 15:22:36,373: Back Left Min: 0.99, Back Right Min: 0.96
[rosout][INFO] 2025-03-27 15:22:36,470: Back Left Min: 0.99, Back Right Min: 0.96
[rosout][INFO] 2025-03-27 15:22:36,573: Back Left Min: 0.99, Back Right Min: 0.96
[rosout][INFO] 2025-03-27 15:22:36,670: Back Left Min: 0.99, Back Right Min: 0.96
[rosout][INFO] 2025-03-27 15:22:36,773: Back Left Min: 0.99, Back Right Min: 0.96
[rosout][INFO] 2025-03-27 15:22:36,870: Back Left Min: 0.99, Back Right Min: 0.96
[rosout][INFO] 2025-03-27 15:22:36,973: Back Left Min: 0.99, Back Right Min: 0.96
[rosout][INFO] 2025-03-27 15:22:37,070: Back Left Min: 0.99, Back Right Min: 0.96
[rosout][INFO] 2025-03-27 15:22:37,173: Back Left Min: 0.99, Back Right Min: 0.96
[rosout][INFO] 2025-03-27 15:22:37,270: Back Left Min: 0.99, Back Right Min: 0.96
[rosout][INFO] 2025-03-27 15:22:37,373: Back Left Min: 0.99, Back Right Min: 0.96
[rosout][INFO] 2025-03-27 15:22:37,470: Back Left Min: 0.99, Back Right Min: 0.96
[rosout][INFO] 2025-03-27 15:22:37,573: Back Left Min: 0.99, Back Right Min: 0.96
[rosout][INFO] 2025-03-27 15:22:37,670: Back Left Min: 0.99, Back Right Min: 0.96
[rosout][INFO] 2025-03-27 15:22:37,773: Back Left Min: 0.99, Back Right Min: 0.94
[rosout][INFO] 2025-03-27 15:22:37,870: Back Left Min: 0.99, Back Right Min: 0.94
[rosout][INFO] 2025-03-27 15:22:37,973: Back Left Min: 0.99, Back Right Min: 0.94
[rosout][INFO] 2025-03-27 15:22:38,070: Back Left Min: 0.99, Back Right Min: 0.96
[rosout][INFO] 2025-03-27 15:22:38,173: Back Left Min: 0.99, Back Right Min: 0.96
[rosout][INFO] 2025-03-27 15:22:38,270: Back Left Min: 0.99, Back Right Min: 0.96
[rospy.internal][INFO] 2025-03-27 15:22:38,373: topic[/sonar_min] removing connection to /rostopic_14070_1743062901856
[rosout][INFO] 2025-03-27 15:22:38,374: Back Left Min: 0.99, Back Right Min: 0.96
[rosout][INFO] 2025-03-27 15:22:38,470: Back Left Min: 0.99, Back Right Min: 0.96
[rosout][INFO] 2025-03-27 15:22:38,574: Back Left Min: 0.99, Back Right Min: 0.96
[rosout][INFO] 2025-03-27 15:22:38,670: Back Left Min: 0.99, Back Right Min: 0.96
[rosout][INFO] 2025-03-27 15:22:38,774: Back Left Min: 0.99, Back Right Min: 0.96
[rosout][INFO] 2025-03-27 15:22:38,871: Back Left Min: 0.99, Back Right Min: 0.96
[rosout][INFO] 2025-03-27 15:22:38,974: Back Left Min: 0.99, Back Right Min: 0.96
[rosout][INFO] 2025-03-27 15:22:39,070: Back Left Min: 0.99, Back Right Min: 0.96
[rosout][INFO] 2025-03-27 15:22:39,174: Back Left Min: 0.99, Back Right Min: 0.96
[rosout][INFO] 2025-03-27 15:22:39,271: Back Left Min: 0.99, Back Right Min: 0.96
[rosout][INFO] 2025-03-27 15:22:39,374: Back Left Min: 0.99, Back Right Min: 0.96
[rosout][INFO] 2025-03-27 15:22:39,471: Back Left Min: 0.99, Back Right Min: 0.96
[rosout][INFO] 2025-03-27 15:22:39,574: Back Left Min: 0.99, Back Right Min: 0.96
[rosout][INFO] 2025-03-27 15:22:39,671: Back Left Min: 0.99, Back Right Min: 0.96
[rosout][INFO] 2025-03-27 15:22:39,774: Back Left Min: 0.99, Back Right Min: 0.95
[rosout][INFO] 2025-03-27 15:22:39,871: Back Left Min: 0.99, Back Right Min: 0.95
[rosout][INFO] 2025-03-27 15:22:39,974: Back Left Min: 0.99, Back Right Min: 0.96
[rosout][INFO] 2025-03-27 15:22:40,071: Back Left Min: 0.99, Back Right Min: 0.96
[rosout][INFO] 2025-03-27 15:22:40,174: Back Left Min: 0.99, Back Right Min: 0.96
[rosout][INFO] 2025-03-27 15:22:40,271: Back Left Min: 0.99, Back Right Min: 0.96
[rosout][INFO] 2025-03-27 15:22:40,374: Back Left Min: 1.00, Back Right Min: 0.96
[rosout][INFO] 2025-03-27 15:22:40,471: Back Left Min: 1.00, Back Right Min: 0.96
[rosout][INFO] 2025-03-27 15:22:40,574: Back Left Min: 0.99, Back Right Min: 0.97
[rosout][INFO] 2025-03-27 15:22:40,671: Back Left Min: 0.99, Back Right Min: 0.97
[rosout][INFO] 2025-03-27 15:22:40,774: Back Left Min: 0.99, Back Right Min: 0.97
[rosout][INFO] 2025-03-27 15:22:40,871: Back Left Min: 0.99, Back Right Min: 0.96
[rosout][INFO] 2025-03-27 15:22:40,974: Back Left Min: 0.99, Back Right Min: 0.96
[rosout][INFO] 2025-03-27 15:22:41,071: Back Left Min: 0.99, Back Right Min: 0.96
[rosout][INFO] 2025-03-27 15:22:41,174: Back Left Min: 0.99, Back Right Min: 0.97
[rosout][INFO] 2025-03-27 15:22:41,271: Back Left Min: 0.99, Back Right Min: 0.97
[rosout][INFO] 2025-03-27 15:22:41,375: Back Left Min: 0.99, Back Right Min: 0.99
[rosout][INFO] 2025-03-27 15:22:41,471: Back Left Min: 0.99, Back Right Min: 0.99
[rosout][INFO] 2025-03-27 15:22:41,575: Back Left Min: 0.99, Back Right Min: 0.99
[rosout][INFO] 2025-03-27 15:22:41,672: Back Left Min: 0.99, Back Right Min: 0.97
[rosout][INFO] 2025-03-27 15:22:41,775: Back Left Min: 0.99, Back Right Min: 0.97
[rosout][INFO] 2025-03-27 15:22:41,872: Back Left Min: 0.99, Back Right Min: 0.97
[rosout][INFO] 2025-03-27 15:22:41,975: Back Left Min: 0.99, Back Right Min: 0.96
[rosout][INFO] 2025-03-27 15:22:42,072: Back Left Min: 0.99, Back Right Min: 0.96
[rosout][INFO] 2025-03-27 15:22:42,175: Back Left Min: 0.99, Back Right Min: 0.96
[rosout][INFO] 2025-03-27 15:22:42,272: Back Left Min: 0.99, Back Right Min: 0.98
[rosout][INFO] 2025-03-27 15:22:42,375: Back Left Min: 0.99, Back Right Min: 0.98
[rosout][INFO] 2025-03-27 15:22:42,472: Back Left Min: 0.99, Back Right Min: 0.98
[rosout][INFO] 2025-03-27 15:22:42,575: Back Left Min: 0.99, Back Right Min: 0.97
[rosout][INFO] 2025-03-27 15:22:42,672: Back Left Min: 0.99, Back Right Min: 0.97
[rosout][INFO] 2025-03-27 15:22:42,775: Back Left Min: 0.99, Back Right Min: 0.97
[rosout][INFO] 2025-03-27 15:22:42,872: Back Left Min: 0.99, Back Right Min: 0.97
[rosout][INFO] 2025-03-27 15:22:42,975: Back Left Min: 0.99, Back Right Min: 0.97
[rosout][INFO] 2025-03-27 15:22:43,072: Back Left Min: 0.99, Back Right Min: 0.98
[rosout][INFO] 2025-03-27 15:22:43,175: Back Left Min: 0.99, Back Right Min: 0.98
[rosout][INFO] 2025-03-27 15:22:43,272: Back Left Min: 0.99, Back Right Min: 0.98
[rosout][INFO] 2025-03-27 15:22:43,375: Back Left Min: 0.99, Back Right Min: 0.97
[rosout][INFO] 2025-03-27 15:22:43,472: Back Left Min: 0.99, Back Right Min: 0.97
[rosout][INFO] 2025-03-27 15:22:43,575: Back Left Min: 0.99, Back Right Min: 0.97
[rosout][INFO] 2025-03-27 15:22:43,672: Back Left Min: 0.99, Back Right Min: 0.96
[rosout][INFO] 2025-03-27 15:22:43,776: Back Left Min: 0.99, Back Right Min: 0.96
[rosout][INFO] 2025-03-27 15:22:43,872: Back Left Min: 0.99, Back Right Min: 0.96
[rosout][INFO] 2025-03-27 15:22:43,976: Back Left Min: 0.99, Back Right Min: 0.98
[rosout][INFO] 2025-03-27 15:22:44,072: Back Left Min: 0.99, Back Right Min: 0.98
[rosout][INFO] 2025-03-27 15:22:44,176: Back Left Min: 0.99, Back Right Min: 0.97
[rosout][INFO] 2025-03-27 15:22:44,273: Back Left Min: 0.99, Back Right Min: 0.97
[rosout][INFO] 2025-03-27 15:22:44,376: Back Left Min: 0.99, Back Right Min: 0.97
[rosout][INFO] 2025-03-27 15:22:44,473: Back Left Min: 0.99, Back Right Min: 0.96
[rosout][INFO] 2025-03-27 15:22:44,576: Back Left Min: 0.99, Back Right Min: 0.96
[rosout][INFO] 2025-03-27 15:22:44,673: Back Left Min: 0.99, Back Right Min: 0.96
[rosout][INFO] 2025-03-27 15:22:44,776: Back Left Min: 0.99, Back Right Min: 0.97
[rosout][INFO] 2025-03-27 15:22:44,873: Back Left Min: 0.99, Back Right Min: 0.97
[rosout][INFO] 2025-03-27 15:22:44,976: Back Left Min: 0.99, Back Right Min: 0.97
[rosout][INFO] 2025-03-27 15:22:45,073: Back Left Min: 0.99, Back Right Min: 0.97
[rosout][INFO] 2025-03-27 15:22:45,176: Back Left Min: 0.99, Back Right Min: 0.97
[rosout][INFO] 2025-03-27 15:22:45,273: Back Left Min: 0.99, Back Right Min: 0.97
[rosout][INFO] 2025-03-27 15:22:45,376: Back Left Min: 0.99, Back Right Min: 0.97
[rosout][INFO] 2025-03-27 15:22:45,473: Back Left Min: 0.99, Back Right Min: 0.97
[rosout][INFO] 2025-03-27 15:22:45,576: Back Left Min: 0.99, Back Right Min: 0.98
[rosout][INFO] 2025-03-27 15:22:45,673: Back Left Min: 0.99, Back Right Min: 0.98
[rosout][INFO] 2025-03-27 15:22:45,776: Back Left Min: 0.99, Back Right Min: 0.98
[rosout][INFO] 2025-03-27 15:22:45,873: Back Left Min: 0.99, Back Right Min: 0.98
[rosout][INFO] 2025-03-27 15:22:45,976: Back Left Min: 0.99, Back Right Min: 0.98
[rosout][INFO] 2025-03-27 15:22:46,074: Back Left Min: 0.99, Back Right Min: 0.98
[rosout][INFO] 2025-03-27 15:22:46,176: Back Left Min: 0.99, Back Right Min: 0.97
[rosout][INFO] 2025-03-27 15:22:46,273: Back Left Min: 0.99, Back Right Min: 0.97
[rosout][INFO] 2025-03-27 15:22:46,377: Back Left Min: 0.99, Back Right Min: 0.97
[rosout][INFO] 2025-03-27 15:22:46,473: Back Left Min: 0.99, Back Right Min: 0.99
[rosout][INFO] 2025-03-27 15:22:46,577: Back Left Min: 0.99, Back Right Min: 0.99
[rosout][INFO] 2025-03-27 15:22:46,674: Back Left Min: 0.99, Back Right Min: 0.99
[rosout][INFO] 2025-03-27 15:22:46,777: Back Left Min: 0.99, Back Right Min: 0.97
[rosout][INFO] 2025-03-27 15:22:46,874: Back Left Min: 0.99, Back Right Min: 0.97
[rosout][INFO] 2025-03-27 15:22:46,977: Back Left Min: 0.99, Back Right Min: 0.97
[rosout][INFO] 2025-03-27 15:22:47,074: Back Left Min: 0.99, Back Right Min: 0.97
[rosout][INFO] 2025-03-27 15:22:47,177: Back Left Min: 0.99, Back Right Min: 0.97
[rosout][INFO] 2025-03-27 15:22:47,274: Back Left Min: 0.99, Back Right Min: 0.96
[rosout][INFO] 2025-03-27 15:22:47,377: Back Left Min: 0.99, Back Right Min: 0.96
[rosout][INFO] 2025-03-27 15:22:47,474: Back Left Min: 0.99, Back Right Min: 0.96
[rosout][INFO] 2025-03-27 15:22:47,577: Back Left Min: 0.99, Back Right Min: 0.98
[rosout][INFO] 2025-03-27 15:22:47,674: Back Left Min: 0.99, Back Right Min: 0.98
[rosout][INFO] 2025-03-27 15:22:47,777: Back Left Min: 0.99, Back Right Min: 0.98
[rosout][INFO] 2025-03-27 15:22:47,874: Back Left Min: 0.99, Back Right Min: 0.97
[rosout][INFO] 2025-03-27 15:22:47,978: Back Left Min: 0.99, Back Right Min: 0.97
[rosout][INFO] 2025-03-27 15:22:48,075: Back Left Min: 0.99, Back Right Min: 0.97
[rosout][INFO] 2025-03-27 15:22:48,177: Back Left Min: 0.99, Back Right Min: 0.97
[rosout][INFO] 2025-03-27 15:22:48,275: Back Left Min: 0.99, Back Right Min: 0.97
[rosout][INFO] 2025-03-27 15:22:48,377: Back Left Min: 0.99, Back Right Min: 0.97
[rosout][INFO] 2025-03-27 15:22:48,475: Back Left Min: 0.99, Back Right Min: 0.97
[rosout][INFO] 2025-03-27 15:22:48,578: Back Left Min: 0.99, Back Right Min: 0.97
[rosout][INFO] 2025-03-27 15:22:48,675: Back Left Min: 0.99, Back Right Min: 0.96
[rosout][INFO] 2025-03-27 15:22:48,778: Back Left Min: 0.99, Back Right Min: 0.96
[rosout][INFO] 2025-03-27 15:22:48,875: Back Left Min: 0.99, Back Right Min: 0.96
[rosout][INFO] 2025-03-27 15:22:48,978: Back Left Min: 0.99, Back Right Min: 0.96
[rosout][INFO] 2025-03-27 15:22:49,075: Back Left Min: 0.99, Back Right Min: 0.96
[rosout][INFO] 2025-03-27 15:22:49,178: Back Left Min: 0.99, Back Right Min: 0.96
[rosout][INFO] 2025-03-27 15:22:49,275: Back Left Min: 0.99, Back Right Min: 0.96
[rosout][INFO] 2025-03-27 15:22:49,378: Back Left Min: 0.99, Back Right Min: 0.96
[rosout][INFO] 2025-03-27 15:22:49,475: Back Left Min: 0.99, Back Right Min: 0.96
[rosout][INFO] 2025-03-27 15:22:49,578: Back Left Min: 0.99, Back Right Min: 0.96
[rosout][INFO] 2025-03-27 15:22:49,676: Back Left Min: 0.99, Back Right Min: 0.96
[rosout][INFO] 2025-03-27 15:22:49,778: Back Left Min: 0.99, Back Right Min: 0.98
[rosout][INFO] 2025-03-27 15:22:49,875: Back Left Min: 0.99, Back Right Min: 0.98
[rosout][INFO] 2025-03-27 15:22:49,978: Back Left Min: 0.99, Back Right Min: 0.98
[rosout][INFO] 2025-03-27 15:22:50,076: Back Left Min: 0.99, Back Right Min: 0.96
[rosout][INFO] 2025-03-27 15:22:50,179: Back Left Min: 0.99, Back Right Min: 0.96
[rosout][INFO] 2025-03-27 15:22:50,276: Back Left Min: 0.99, Back Right Min: 0.96
[rosout][INFO] 2025-03-27 15:22:50,379: Back Left Min: 0.99, Back Right Min: 0.97
[rosout][INFO] 2025-03-27 15:22:50,476: Back Left Min: 0.99, Back Right Min: 0.97
[rosout][INFO] 2025-03-27 15:22:50,579: Back Left Min: 0.99, Back Right Min: 0.97
[rosout][INFO] 2025-03-27 15:22:50,675: Back Left Min: 0.99, Back Right Min: 0.97
[rosout][INFO] 2025-03-27 15:22:50,779: Back Left Min: 0.99, Back Right Min: 0.97
[rosout][INFO] 2025-03-27 15:22:50,876: Back Left Min: 0.99, Back Right Min: 0.97
[rosout][INFO] 2025-03-27 15:22:50,979: Back Left Min: 0.99, Back Right Min: 0.97
[rosout][INFO] 2025-03-27 15:22:51,075: Back Left Min: 0.99, Back Right Min: 0.97
[rosout][INFO] 2025-03-27 15:22:51,179: Back Left Min: 0.99, Back Right Min: 0.97
[rosout][INFO] 2025-03-27 15:22:51,275: Back Left Min: 0.99, Back Right Min: 0.97
[rosout][INFO] 2025-03-27 15:22:51,379: Back Left Min: 0.99, Back Right Min: 0.97
[rosout][INFO] 2025-03-27 15:22:51,475: Back Left Min: 0.99, Back Right Min: 0.97
[rosout][INFO] 2025-03-27 15:22:51,579: Back Left Min: 0.99, Back Right Min: 0.97
[rosout][INFO] 2025-03-27 15:22:51,676: Back Left Min: 0.99, Back Right Min: 0.97
[rosout][INFO] 2025-03-27 15:22:51,779: Back Left Min: 0.99, Back Right Min: 0.99
[rosout][INFO] 2025-03-27 15:22:51,876: Back Left Min: 0.99, Back Right Min: 0.99
[rosout][INFO] 2025-03-27 15:22:51,979: Back Left Min: 0.99, Back Right Min: 0.99
[rosout][INFO] 2025-03-27 15:22:52,076: Back Left Min: 0.99, Back Right Min: 0.96
[rosout][INFO] 2025-03-27 15:22:52,180: Back Left Min: 0.99, Back Right Min: 0.96
[rosout][INFO] 2025-03-27 15:22:52,276: Back Left Min: 0.99, Back Right Min: 0.96
[rosout][INFO] 2025-03-27 15:22:52,380: Back Left Min: 1.00, Back Right Min: 0.86
[rosout][INFO] 2025-03-27 15:22:52,476: Back Left Min: 1.00, Back Right Min: 0.86
[rosout][INFO] 2025-03-27 15:22:52,580: Back Left Min: 1.00, Back Right Min: 0.96
[rosout][INFO] 2025-03-27 15:22:52,676: Back Left Min: 1.02, Back Right Min: 0.96
[rosout][INFO] 2025-03-27 15:22:52,780: Back Left Min: 1.02, Back Right Min: 0.96
[rosout][INFO] 2025-03-27 15:22:52,876: Back Left Min: 1.02, Back Right Min: 1.08
[rosout][INFO] 2025-03-27 15:22:52,980: Back Left Min: 1.05, Back Right Min: 1.08
[rosout][INFO] 2025-03-27 15:22:53,076: Back Left Min: 1.05, Back Right Min: 1.08
[rosout][INFO] 2025-03-27 15:22:53,180: Back Left Min: 0.98, Back Right Min: 0.98
[rosout][INFO] 2025-03-27 15:22:53,276: Back Left Min: 0.98, Back Right Min: 0.98
[rosout][INFO] 2025-03-27 15:22:53,380: Back Left Min: 0.98, Back Right Min: 0.98
[rosout][INFO] 2025-03-27 15:22:53,476: Back Left Min: 0.95, Back Right Min: 1.08
[rosout][INFO] 2025-03-27 15:22:53,580: Back Left Min: 0.92, Back Right Min: 1.08
[rosout][INFO] 2025-03-27 15:22:53,676: Back Left Min: 0.92, Back Right Min: 1.08
[rosout][INFO] 2025-03-27 15:22:53,780: Back Left Min: 0.87, Back Right Min: 1.08
[rosout][INFO] 2025-03-27 15:22:53,877: Back Left Min: 0.87, Back Right Min: 1.08
[rosout][INFO] 2025-03-27 15:22:53,980: Back Left Min: 0.87, Back Right Min: 0.98
[rosout][INFO] 2025-03-27 15:22:54,077: Back Left Min: 0.90, Back Right Min: 0.98
[rosout][INFO] 2025-03-27 15:22:54,180: Back Left Min: 0.90, Back Right Min: 0.98
[rosout][INFO] 2025-03-27 15:22:54,277: Back Left Min: 0.90, Back Right Min: 0.98
[rosout][INFO] 2025-03-27 15:22:54,381: Back Left Min: 0.92, Back Right Min: 0.98
[rosout][INFO] 2025-03-27 15:22:54,477: Back Left Min: 0.92, Back Right Min: 0.98
[rosout][INFO] 2025-03-27 15:22:54,580: Back Left Min: 0.92, Back Right Min: 0.84
[rosout][INFO] 2025-03-27 15:22:54,677: Back Left Min: 0.91, Back Right Min: 0.84
[rosout][INFO] 2025-03-27 15:22:54,780: Back Left Min: 0.91, Back Right Min: 0.84
[rosout][INFO] 2025-03-27 15:22:54,877: Back Left Min: 0.91, Back Right Min: 0.93
[rosout][INFO] 2025-03-27 15:22:54,980: Back Left Min: 0.90, Back Right Min: 0.93
[rosout][INFO] 2025-03-27 15:22:55,077: Back Left Min: 0.90, Back Right Min: 0.93
[rosout][INFO] 2025-03-27 15:22:55,180: Back Left Min: 0.90, Back Right Min: 0.85
[rosout][INFO] 2025-03-27 15:22:55,277: Back Left Min: 0.90, Back Right Min: 0.85
[rosout][INFO] 2025-03-27 15:22:55,380: Back Left Min: 0.90, Back Right Min: 0.84
[rosout][INFO] 2025-03-27 15:22:55,477: Back Left Min: 0.90, Back Right Min: 0.84
[rosout][INFO] 2025-03-27 15:22:55,580: Back Left Min: 0.90, Back Right Min: 0.84
[rosout][INFO] 2025-03-27 15:22:55,677: Back Left Min: 0.90, Back Right Min: 0.84
[rosout][INFO] 2025-03-27 15:22:55,781: Back Left Min: 0.90, Back Right Min: 0.84
[rosout][INFO] 2025-03-27 15:22:55,877: Back Left Min: 0.90, Back Right Min: 0.84
[rosout][INFO] 2025-03-27 15:22:55,981: Back Left Min: 0.90, Back Right Min: 1.08
[rosout][INFO] 2025-03-27 15:22:56,077: Back Left Min: 0.90, Back Right Min: 1.08
[rosout][INFO] 2025-03-27 15:22:56,181: Back Left Min: 0.90, Back Right Min: 1.08
[rosout][INFO] 2025-03-27 15:22:56,277: Back Left Min: 0.90, Back Right Min: 0.98
[rosout][INFO] 2025-03-27 15:22:56,381: Back Left Min: 0.91, Back Right Min: 0.98
[rosout][INFO] 2025-03-27 15:22:56,478: Back Left Min: 0.91, Back Right Min: 0.98
[rosout][INFO] 2025-03-27 15:22:56,581: Back Left Min: 0.91, Back Right Min: 0.95
[rosout][INFO] 2025-03-27 15:22:56,678: Back Left Min: 0.91, Back Right Min: 0.95
[rosout][INFO] 2025-03-27 15:22:56,781: Back Left Min: 0.91, Back Right Min: 0.84
[rosout][INFO] 2025-03-27 15:22:56,878: Back Left Min: 0.91, Back Right Min: 0.84
[rosout][INFO] 2025-03-27 15:22:56,981: Back Left Min: 0.91, Back Right Min: 0.84
[rosout][INFO] 2025-03-27 15:22:57,078: Back Left Min: 0.91, Back Right Min: 0.84
[rosout][INFO] 2025-03-27 15:22:57,181: Back Left Min: 0.91, Back Right Min: 0.84
[rosout][INFO] 2025-03-27 15:22:57,278: Back Left Min: 0.91, Back Right Min: 0.84
[rosout][INFO] 2025-03-27 15:22:57,381: Back Left Min: 0.91, Back Right Min: 0.85
[rosout][INFO] 2025-03-27 15:22:57,478: Back Left Min: 0.91, Back Right Min: 0.85
[rosout][INFO] 2025-03-27 15:22:57,581: Back Left Min: 0.91, Back Right Min: 0.85
[rosout][INFO] 2025-03-27 15:22:57,678: Back Left Min: 0.91, Back Right Min: 0.94
[rosout][INFO] 2025-03-27 15:22:57,781: Back Left Min: 0.91, Back Right Min: 0.94
[rosout][INFO] 2025-03-27 15:22:57,878: Back Left Min: 0.91, Back Right Min: 0.94
[rosout][INFO] 2025-03-27 15:22:57,981: Back Left Min: 0.92, Back Right Min: 0.84
[rosout][INFO] 2025-03-27 15:22:58,078: Back Left Min: 0.92, Back Right Min: 0.84
[rosout][INFO] 2025-03-27 15:22:58,181: Back Left Min: 0.92, Back Right Min: 0.84
[rosout][INFO] 2025-03-27 15:22:58,278: Back Left Min: 0.92, Back Right Min: 0.84
[rosout][INFO] 2025-03-27 15:22:58,382: Back Left Min: 0.92, Back Right Min: 0.84
[rosout][INFO] 2025-03-27 15:22:58,478: Back Left Min: 0.92, Back Right Min: 0.85
[rosout][INFO] 2025-03-27 15:22:58,582: Back Left Min: 0.91, Back Right Min: 0.85
[rosout][INFO] 2025-03-27 15:22:58,678: Back Left Min: 0.91, Back Right Min: 0.85
[rosout][INFO] 2025-03-27 15:22:58,782: Back Left Min: 0.91, Back Right Min: 0.83
[rosout][INFO] 2025-03-27 15:22:58,879: Back Left Min: 0.91, Back Right Min: 0.83
[rosout][INFO] 2025-03-27 15:22:58,982: Back Left Min: 0.91, Back Right Min: 0.83
[rosout][INFO] 2025-03-27 15:22:59,079: Back Left Min: 0.91, Back Right Min: 0.86
[rosout][INFO] 2025-03-27 15:22:59,182: Back Left Min: 0.91, Back Right Min: 0.86
[rosout][INFO] 2025-03-27 15:22:59,279: Back Left Min: 0.91, Back Right Min: 0.86
[rosout][INFO] 2025-03-27 15:22:59,382: Back Left Min: 0.91, Back Right Min: 0.86
[rosout][INFO] 2025-03-27 15:22:59,479: Back Left Min: 0.91, Back Right Min: 0.86
[rosout][INFO] 2025-03-27 15:22:59,582: Back Left Min: 0.91, Back Right Min: 0.85
[rosout][INFO] 2025-03-27 15:22:59,679: Back Left Min: 0.91, Back Right Min: 0.85
[rosout][INFO] 2025-03-27 15:22:59,782: Back Left Min: 0.91, Back Right Min: 0.85
[rosout][INFO] 2025-03-27 15:22:59,879: Back Left Min: 0.91, Back Right Min: 0.85
[rosout][INFO] 2025-03-27 15:22:59,982: Back Left Min: 0.91, Back Right Min: 0.85
[rosout][INFO] 2025-03-27 15:23:00,079: Back Left Min: 0.91, Back Right Min: 0.85
[rosout][INFO] 2025-03-27 15:23:00,182: Back Left Min: 0.91, Back Right Min: 0.85
[rosout][INFO] 2025-03-27 15:23:00,279: Back Left Min: 0.91, Back Right Min: 0.85
[rosout][INFO] 2025-03-27 15:23:00,382: Back Left Min: 0.91, Back Right Min: 0.85
[rosout][INFO] 2025-03-27 15:23:00,479: Back Left Min: 0.91, Back Right Min: 0.86
[rosout][INFO] 2025-03-27 15:23:00,582: Back Left Min: 0.91, Back Right Min: 0.86
[rosout][INFO] 2025-03-27 15:23:00,679: Back Left Min: 0.91, Back Right Min: 0.86
[rosout][INFO] 2025-03-27 15:23:00,783: Back Left Min: 0.91, Back Right Min: 0.86
[rosout][INFO] 2025-03-27 15:23:00,879: Back Left Min: 0.91, Back Right Min: 0.86
[rosout][INFO] 2025-03-27 15:23:00,983: Back Left Min: 0.91, Back Right Min: 0.85
[rosout][INFO] 2025-03-27 15:23:01,079: Back Left Min: 0.91, Back Right Min: 0.85
[rosout][INFO] 2025-03-27 15:23:01,183: Back Left Min: 0.91, Back Right Min: 0.85
[rosout][INFO] 2025-03-27 15:23:01,280: Back Left Min: 0.91, Back Right Min: 0.93
[rosout][INFO] 2025-03-27 15:23:01,383: Back Left Min: 0.91, Back Right Min: 0.93
[rosout][INFO] 2025-03-27 15:23:01,480: Back Left Min: 0.91, Back Right Min: 0.93
[rosout][INFO] 2025-03-27 15:23:01,583: Back Left Min: 0.91, Back Right Min: 0.93
[rosout][INFO] 2025-03-27 15:23:01,680: Back Left Min: 0.91, Back Right Min: 0.93
[rosout][INFO] 2025-03-27 15:23:01,783: Back Left Min: 0.91, Back Right Min: 0.93
[rosout][INFO] 2025-03-27 15:23:01,880: Back Left Min: 0.91, Back Right Min: 0.94
[rosout][INFO] 2025-03-27 15:23:01,983: Back Left Min: 0.91, Back Right Min: 0.94
[rosout][INFO] 2025-03-27 15:23:02,080: Back Left Min: 0.91, Back Right Min: 0.94
[rosout][INFO] 2025-03-27 15:23:02,183: Back Left Min: 0.91, Back Right Min: 0.93
[rosout][INFO] 2025-03-27 15:23:02,280: Back Left Min: 0.91, Back Right Min: 0.93
[rosout][INFO] 2025-03-27 15:23:02,383: Back Left Min: 0.91, Back Right Min: 0.93
[rosout][INFO] 2025-03-27 15:23:02,480: Back Left Min: 0.91, Back Right Min: 0.93
[rosout][INFO] 2025-03-27 15:23:02,583: Back Left Min: 0.91, Back Right Min: 0.93
[rosout][INFO] 2025-03-27 15:23:02,680: Back Left Min: 0.91, Back Right Min: 0.85
[rosout][INFO] 2025-03-27 15:23:02,783: Back Left Min: 0.91, Back Right Min: 0.85
[rosout][INFO] 2025-03-27 15:23:02,880: Back Left Min: 0.91, Back Right Min: 0.85
[rosout][INFO] 2025-03-27 15:23:02,983: Back Left Min: 0.91, Back Right Min: 0.86
[rosout][INFO] 2025-03-27 15:23:03,080: Back Left Min: 0.91, Back Right Min: 0.86
[rosout][INFO] 2025-03-27 15:23:03,183: Back Left Min: 0.91, Back Right Min: 0.86
[rosout][INFO] 2025-03-27 15:23:03,280: Back Left Min: 0.91, Back Right Min: 0.93
[rosout][INFO] 2025-03-27 15:23:03,384: Back Left Min: 0.91, Back Right Min: 0.93
[rosout][INFO] 2025-03-27 15:23:03,480: Back Left Min: 0.91, Back Right Min: 0.93
[rosout][INFO] 2025-03-27 15:23:03,584: Back Left Min: 0.92, Back Right Min: 0.85
[rosout][INFO] 2025-03-27 15:23:03,681: Back Left Min: 0.92, Back Right Min: 0.85
[rosout][INFO] 2025-03-27 15:23:03,784: Back Left Min: 0.92, Back Right Min: 0.83
[rosout][INFO] 2025-03-27 15:23:03,881: Back Left Min: 0.92, Back Right Min: 0.83
[rosout][INFO] 2025-03-27 15:23:03,984: Back Left Min: 0.92, Back Right Min: 0.83
[rosout][INFO] 2025-03-27 15:23:04,081: Back Left Min: 0.92, Back Right Min: 0.83
[rosout][INFO] 2025-03-27 15:23:04,184: Back Left Min: 0.91, Back Right Min: 0.83
[rosout][INFO] 2025-03-27 15:23:04,281: Back Left Min: 0.91, Back Right Min: 0.83
[rosout][INFO] 2025-03-27 15:23:04,384: Back Left Min: 0.91, Back Right Min: 0.83
[rosout][INFO] 2025-03-27 15:23:04,481: Back Left Min: 0.91, Back Right Min: 0.83
[rosout][INFO] 2025-03-27 15:23:04,584: Back Left Min: 0.91, Back Right Min: 0.83
[rosout][INFO] 2025-03-27 15:23:04,681: Back Left Min: 0.91, Back Right Min: 0.83
[rosout][INFO] 2025-03-27 15:23:04,784: Back Left Min: 0.91, Back Right Min: 0.83
[rosout][INFO] 2025-03-27 15:23:04,881: Back Left Min: 0.91, Back Right Min: 0.83
[rosout][INFO] 2025-03-27 15:23:04,984: Back Left Min: 0.91, Back Right Min: 0.83
[rosout][INFO] 2025-03-27 15:23:05,081: Back Left Min: 0.91, Back Right Min: 0.83
[rosout][INFO] 2025-03-27 15:23:05,185: Back Left Min: 0.91, Back Right Min: 0.83
[rosout][INFO] 2025-03-27 15:23:05,281: Back Left Min: 0.91, Back Right Min: 0.83
[rosout][INFO] 2025-03-27 15:23:05,385: Back Left Min: 0.91, Back Right Min: 0.83
[rosout][INFO] 2025-03-27 15:23:05,481: Back Left Min: 0.91, Back Right Min: 0.86
[rosout][INFO] 2025-03-27 15:23:05,585: Back Left Min: 0.91, Back Right Min: 0.86
[rosout][INFO] 2025-03-27 15:23:05,681: Back Left Min: 0.91, Back Right Min: 0.86
[rosout][INFO] 2025-03-27 15:23:05,785: Back Left Min: 0.91, Back Right Min: 0.85
[rosout][INFO] 2025-03-27 15:23:05,881: Back Left Min: 0.91, Back Right Min: 0.85
[rosout][INFO] 2025-03-27 15:23:05,985: Back Left Min: 0.91, Back Right Min: 0.85
[rosout][INFO] 2025-03-27 15:23:06,082: Back Left Min: 0.91, Back Right Min: 0.86
[rosout][INFO] 2025-03-27 15:23:06,185: Back Left Min: 0.91, Back Right Min: 0.86
[rosout][INFO] 2025-03-27 15:23:06,282: Back Left Min: 0.91, Back Right Min: 0.86
[rosout][INFO] 2025-03-27 15:23:06,385: Back Left Min: 0.91, Back Right Min: 0.83
[rosout][INFO] 2025-03-27 15:23:06,482: Back Left Min: 0.91, Back Right Min: 0.83
[rosout][INFO] 2025-03-27 15:23:06,585: Back Left Min: 0.91, Back Right Min: 0.83
[rosout][INFO] 2025-03-27 15:23:06,682: Back Left Min: 0.91, Back Right Min: 0.83
[rosout][INFO] 2025-03-27 15:23:06,785: Back Left Min: 0.91, Back Right Min: 0.83
[rosout][INFO] 2025-03-27 15:23:06,882: Back Left Min: 0.91, Back Right Min: 0.83
[rosout][INFO] 2025-03-27 15:23:06,985: Back Left Min: 0.91, Back Right Min: 0.83
[rosout][INFO] 2025-03-27 15:23:07,082: Back Left Min: 0.91, Back Right Min: 0.83
[rosout][INFO] 2025-03-27 15:23:07,185: Back Left Min: 0.91, Back Right Min: 0.83
[rosout][INFO] 2025-03-27 15:23:07,282: Back Left Min: 0.91, Back Right Min: 0.83
[rosout][INFO] 2025-03-27 15:23:07,385: Back Left Min: 0.91, Back Right Min: 0.83
[rosout][INFO] 2025-03-27 15:23:07,482: Back Left Min: 0.91, Back Right Min: 0.84
[rosout][INFO] 2025-03-27 15:23:07,585: Back Left Min: 0.91, Back Right Min: 0.84
[rosout][INFO] 2025-03-27 15:23:07,682: Back Left Min: 0.91, Back Right Min: 0.84
[rosout][INFO] 2025-03-27 15:23:07,785: Back Left Min: 0.91, Back Right Min: 0.84
[rosout][INFO] 2025-03-27 15:23:07,882: Back Left Min: 0.91, Back Right Min: 0.84
[rosout][INFO] 2025-03-27 15:23:07,986: Back Left Min: 0.91, Back Right Min: 0.83
[rosout][INFO] 2025-03-27 15:23:08,082: Back Left Min: 0.92, Back Right Min: 0.83
[rosout][INFO] 2025-03-27 15:23:08,186: Back Left Min: 0.92, Back Right Min: 0.83
[rosout][INFO] 2025-03-27 15:23:08,282: Back Left Min: 0.92, Back Right Min: 0.86
[rosout][INFO] 2025-03-27 15:23:08,386: Back Left Min: 0.92, Back Right Min: 0.86
[rosout][INFO] 2025-03-27 15:23:08,483: Back Left Min: 0.92, Back Right Min: 0.86
[rosout][INFO] 2025-03-27 15:23:08,586: Back Left Min: 0.92, Back Right Min: 0.96
[rosout][INFO] 2025-03-27 15:23:08,683: Back Left Min: 0.90, Back Right Min: 0.96
[rosout][INFO] 2025-03-27 15:23:08,786: Back Left Min: 0.90, Back Right Min: 0.96
[rosout][INFO] 2025-03-27 15:23:08,883: Back Left Min: 0.90, Back Right Min: 0.97
[rosout][INFO] 2025-03-27 15:23:08,986: Back Left Min: 0.89, Back Right Min: 0.97
[rosout][INFO] 2025-03-27 15:23:09,083: Back Left Min: 0.89, Back Right Min: 0.97
[rosout][INFO] 2025-03-27 15:23:09,186: Back Left Min: 0.89, Back Right Min: 0.98
[rosout][INFO] 2025-03-27 15:23:09,283: Back Left Min: 0.89, Back Right Min: 0.98
[rosout][INFO] 2025-03-27 15:23:09,386: Back Left Min: 0.89, Back Right Min: 1.08
[rosout][INFO] 2025-03-27 15:23:09,483: Back Left Min: 0.90, Back Right Min: 1.08
[rosout][INFO] 2025-03-27 15:23:09,586: Back Left Min: 0.90, Back Right Min: 1.08
[rosout][INFO] 2025-03-27 15:23:09,683: Back Left Min: 0.90, Back Right Min: 1.08
[rosout][INFO] 2025-03-27 15:23:09,786: Back Left Min: 0.90, Back Right Min: 1.08
[rosout][INFO] 2025-03-27 15:23:09,883: Back Left Min: 0.90, Back Right Min: 1.08
[rosout][INFO] 2025-03-27 15:23:09,986: Back Left Min: 0.90, Back Right Min: 0.99
[rosout][INFO] 2025-03-27 15:23:10,083: Back Left Min: 0.90, Back Right Min: 0.99
[rosout][INFO] 2025-03-27 15:23:10,186: Back Left Min: 0.90, Back Right Min: 0.99
[rosout][INFO] 2025-03-27 15:23:10,283: Back Left Min: 0.90, Back Right Min: 0.94
[rosout][INFO] 2025-03-27 15:23:10,386: Back Left Min: 0.90, Back Right Min: 0.94
[rosout][INFO] 2025-03-27 15:23:10,483: Back Left Min: 0.90, Back Right Min: 0.94
[rosout][INFO] 2025-03-27 15:23:10,587: Back Left Min: 0.89, Back Right Min: 0.97
[rosout][INFO] 2025-03-27 15:23:10,683: Back Left Min: 0.89, Back Right Min: 0.97
[rosout][INFO] 2025-03-27 15:23:10,787: Back Left Min: 0.89, Back Right Min: 0.98
[rosout][INFO] 2025-03-27 15:23:10,884: Back Left Min: 0.89, Back Right Min: 0.98
[rosout][INFO] 2025-03-27 15:23:10,987: Back Left Min: 0.89, Back Right Min: 0.98
[rosout][INFO] 2025-03-27 15:23:11,083: Back Left Min: 0.89, Back Right Min: 0.98
[rosout][INFO] 2025-03-27 15:23:11,187: Back Left Min: 0.90, Back Right Min: 0.98
[rosout][INFO] 2025-03-27 15:23:11,284: Back Left Min: 0.90, Back Right Min: 0.98
[rosout][INFO] 2025-03-27 15:23:11,387: Back Left Min: 0.90, Back Right Min: 0.98
[rosout][INFO] 2025-03-27 15:23:11,484: Back Left Min: 0.90, Back Right Min: 0.98
[rosout][INFO] 2025-03-27 15:23:11,587: Back Left Min: 0.90, Back Right Min: 0.98
[rosout][INFO] 2025-03-27 15:23:11,684: Back Left Min: 0.90, Back Right Min: 0.97
[rosout][INFO] 2025-03-27 15:23:11,787: Back Left Min: 0.90, Back Right Min: 0.97
[rosout][INFO] 2025-03-27 15:23:11,884: Back Left Min: 0.90, Back Right Min: 0.97
[rosout][INFO] 2025-03-27 15:23:11,987: Back Left Min: 0.90, Back Right Min: 0.98
[rosout][INFO] 2025-03-27 15:23:12,084: Back Left Min: 0.90, Back Right Min: 0.98
[rosout][INFO] 2025-03-27 15:23:12,187: Back Left Min: 0.90, Back Right Min: 0.97
[rosout][INFO] 2025-03-27 15:23:12,284: Back Left Min: 0.89, Back Right Min: 0.97
[rosout][INFO] 2025-03-27 15:23:12,387: Back Left Min: 0.89, Back Right Min: 0.97
[rosout][INFO] 2025-03-27 15:23:12,484: Back Left Min: 0.89, Back Right Min: 0.98
[rosout][INFO] 2025-03-27 15:23:12,587: Back Left Min: 0.90, Back Right Min: 0.98
[rosout][INFO] 2025-03-27 15:23:12,684: Back Left Min: 0.90, Back Right Min: 0.98
[rosout][INFO] 2025-03-27 15:23:12,787: Back Left Min: 0.90, Back Right Min: 0.97
[rosout][INFO] 2025-03-27 15:23:12,884: Back Left Min: 0.89, Back Right Min: 0.97
[rosout][INFO] 2025-03-27 15:23:12,988: Back Left Min: 0.89, Back Right Min: 0.97
[rosout][INFO] 2025-03-27 15:23:13,084: Back Left Min: 0.89, Back Right Min: 0.97
[rosout][INFO] 2025-03-27 15:23:13,188: Back Left Min: 0.90, Back Right Min: 0.97
[rosout][INFO] 2025-03-27 15:23:13,285: Back Left Min: 0.90, Back Right Min: 0.97
[rosout][INFO] 2025-03-27 15:23:13,388: Back Left Min: 0.90, Back Right Min: 0.99
[rosout][INFO] 2025-03-27 15:23:13,485: Back Left Min: 0.90, Back Right Min: 0.99
[rosout][INFO] 2025-03-27 15:23:13,588: Back Left Min: 0.90, Back Right Min: 0.98
[rosout][INFO] 2025-03-27 15:23:13,685: Back Left Min: 0.89, Back Right Min: 0.98
[rosout][INFO] 2025-03-27 15:23:13,788: Back Left Min: 0.89, Back Right Min: 0.98
[rosout][INFO] 2025-03-27 15:23:13,885: Back Left Min: 0.89, Back Right Min: 0.97
[rosout][INFO] 2025-03-27 15:23:13,988: Back Left Min: 0.90, Back Right Min: 0.97
[rosout][INFO] 2025-03-27 15:23:14,085: Back Left Min: 0.90, Back Right Min: 0.97
[rosout][INFO] 2025-03-27 15:23:14,188: Back Left Min: 0.90, Back Right Min: 0.97
[rosout][INFO] 2025-03-27 15:23:14,285: Back Left Min: 0.89, Back Right Min: 0.97
[rosout][INFO] 2025-03-27 15:23:14,388: Back Left Min: 0.89, Back Right Min: 0.97
[rosout][INFO] 2025-03-27 15:23:14,485: Back Left Min: 0.89, Back Right Min: 0.97
[rosout][INFO] 2025-03-27 15:23:14,588: Back Left Min: 0.90, Back Right Min: 0.97
[rosout][INFO] 2025-03-27 15:23:14,685: Back Left Min: 0.90, Back Right Min: 0.97
[rosout][INFO] 2025-03-27 15:23:14,788: Back Left Min: 0.90, Back Right Min: 0.97
[rosout][INFO] 2025-03-27 15:23:14,885: Back Left Min: 0.90, Back Right Min: 0.97
[rosout][INFO] 2025-03-27 15:23:14,988: Back Left Min: 0.90, Back Right Min: 0.97
[rosout][INFO] 2025-03-27 15:23:15,085: Back Left Min: 0.90, Back Right Min: 0.97
[rosout][INFO] 2025-03-27 15:23:15,189: Back Left Min: 0.90, Back Right Min: 0.97
[rosout][INFO] 2025-03-27 15:23:15,285: Back Left Min: 0.90, Back Right Min: 0.97
[rosout][INFO] 2025-03-27 15:23:15,389: Back Left Min: 0.90, Back Right Min: 0.97
[rosout][INFO] 2025-03-27 15:23:15,485: Back Left Min: 0.90, Back Right Min: 0.97
[rosout][INFO] 2025-03-27 15:23:15,589: Back Left Min: 0.90, Back Right Min: 0.96
[rosout][INFO] 2025-03-27 15:23:15,686: Back Left Min: 0.90, Back Right Min: 0.96
[rosout][INFO] 2025-03-27 15:23:15,789: Back Left Min: 0.90, Back Right Min: 0.96
[rosout][INFO] 2025-03-27 15:23:15,886: Back Left Min: 0.90, Back Right Min: 0.97
[rosout][INFO] 2025-03-27 15:23:15,989: Back Left Min: 0.90, Back Right Min: 0.97
[rosout][INFO] 2025-03-27 15:23:16,086: Back Left Min: 0.90, Back Right Min: 0.97
[rosout][INFO] 2025-03-27 15:23:16,189: Back Left Min: 0.90, Back Right Min: 0.97
[rosout][INFO] 2025-03-27 15:23:16,286: Back Left Min: 0.90, Back Right Min: 0.97
[rosout][INFO] 2025-03-27 15:23:16,389: Back Left Min: 0.90, Back Right Min: 0.97
[rosout][INFO] 2025-03-27 15:23:16,486: Back Left Min: 0.90, Back Right Min: 0.97
[rosout][INFO] 2025-03-27 15:23:16,589: Back Left Min: 0.90, Back Right Min: 0.97
[rosout][INFO] 2025-03-27 15:23:16,686: Back Left Min: 0.90, Back Right Min: 0.97
[rosout][INFO] 2025-03-27 15:23:16,789: Back Left Min: 0.90, Back Right Min: 0.97
[rosout][INFO] 2025-03-27 15:23:16,886: Back Left Min: 0.90, Back Right Min: 0.97
[rosout][INFO] 2025-03-27 15:23:16,989: Back Left Min: 0.90, Back Right Min: 0.98
[rosout][INFO] 2025-03-27 15:23:17,086: Back Left Min: 0.89, Back Right Min: 0.98
[rosout][INFO] 2025-03-27 15:23:17,189: Back Left Min: 0.89, Back Right Min: 0.98
[rosout][INFO] 2025-03-27 15:23:17,286: Back Left Min: 0.89, Back Right Min: 0.99
[rosout][INFO] 2025-03-27 15:23:17,389: Back Left Min: 0.90, Back Right Min: 0.99
[rosout][INFO] 2025-03-27 15:23:17,486: Back Left Min: 0.90, Back Right Min: 0.99
[rosout][INFO] 2025-03-27 15:23:17,589: Back Left Min: 0.89, Back Right Min: 1.08
[rosout][INFO] 2025-03-27 15:23:17,686: Back Left Min: 0.89, Back Right Min: 1.08
[rosout][INFO] 2025-03-27 15:23:17,790: Back Left Min: 0.89, Back Right Min: 1.08
[rosout][INFO] 2025-03-27 15:23:17,886: Back Left Min: 0.90, Back Right Min: 1.08
[rosout][INFO] 2025-03-27 15:23:17,990: Back Left Min: 0.90, Back Right Min: 1.08
[rosout][INFO] 2025-03-27 15:23:18,087: Back Left Min: 0.90, Back Right Min: 0.98
[rosout][INFO] 2025-03-27 15:23:18,190: Back Left Min: 0.90, Back Right Min: 0.98
[rosout][INFO] 2025-03-27 15:23:18,287: Back Left Min: 0.90, Back Right Min: 0.98
[rosout][INFO] 2025-03-27 15:23:18,390: Back Left Min: 0.90, Back Right Min: 1.08
[rosout][INFO] 2025-03-27 15:23:18,487: Back Left Min: 0.90, Back Right Min: 1.08
[rosout][INFO] 2025-03-27 15:23:18,590: Back Left Min: 0.90, Back Right Min: 1.08
[rosout][INFO] 2025-03-27 15:23:18,687: Back Left Min: 0.90, Back Right Min: 0.96
[rosout][INFO] 2025-03-27 15:23:18,790: Back Left Min: 0.91, Back Right Min: 0.96
[rosout][INFO] 2025-03-27 15:23:18,887: Back Left Min: 0.91, Back Right Min: 0.96
[rosout][INFO] 2025-03-27 15:23:18,990: Back Left Min: 0.89, Back Right Min: 1.08
[rosout][INFO] 2025-03-27 15:23:19,087: Back Left Min: 0.89, Back Right Min: 1.08
[rosout][INFO] 2025-03-27 15:23:19,190: Back Left Min: 0.89, Back Right Min: 0.97
[rosout][INFO] 2025-03-27 15:23:19,287: Back Left Min: 0.90, Back Right Min: 0.97
[rosout][INFO] 2025-03-27 15:23:19,390: Back Left Min: 0.90, Back Right Min: 0.97
[rosout][INFO] 2025-03-27 15:23:19,487: Back Left Min: 0.90, Back Right Min: 1.08
[rosout][INFO] 2025-03-27 15:23:19,590: Back Left Min: 0.90, Back Right Min: 1.08
[rosout][INFO] 2025-03-27 15:23:19,687: Back Left Min: 0.90, Back Right Min: 1.08
[rosout][INFO] 2025-03-27 15:23:19,790: Back Left Min: 0.90, Back Right Min: 1.08
[rosout][INFO] 2025-03-27 15:23:19,887: Back Left Min: 0.90, Back Right Min: 1.08
[rosout][INFO] 2025-03-27 15:23:19,990: Back Left Min: 0.90, Back Right Min: 1.08
[rosout][INFO] 2025-03-27 15:23:20,087: Back Left Min: 0.90, Back Right Min: 1.08
[rosout][INFO] 2025-03-27 15:23:20,191: Back Left Min: 0.91, Back Right Min: 1.08
[rosout][INFO] 2025-03-27 15:23:20,287: Back Left Min: 0.91, Back Right Min: 1.08
[rosout][INFO] 2025-03-27 15:23:20,391: Back Left Min: 0.90, Back Right Min: 1.08
[rosout][INFO] 2025-03-27 15:23:20,488: Back Left Min: 0.90, Back Right Min: 1.08
[rosout][INFO] 2025-03-27 15:23:20,591: Back Left Min: 0.90, Back Right Min: 1.08
[rosout][INFO] 2025-03-27 15:23:20,688: Back Left Min: 0.90, Back Right Min: 1.08
[rosout][INFO] 2025-03-27 15:23:20,791: Back Left Min: 0.90, Back Right Min: 1.08
[rosout][INFO] 2025-03-27 15:23:20,888: Back Left Min: 0.90, Back Right Min: 1.08
[rosout][INFO] 2025-03-27 15:23:20,991: Back Left Min: 0.90, Back Right Min: 1.08
[rosout][INFO] 2025-03-27 15:23:21,088: Back Left Min: 0.90, Back Right Min: 1.08
[rosout][INFO] 2025-03-27 15:23:21,191: Back Left Min: 0.90, Back Right Min: 1.08
[rosout][INFO] 2025-03-27 15:23:21,288: Back Left Min: 0.90, Back Right Min: 1.08
[rosout][INFO] 2025-03-27 15:23:21,391: Back Left Min: 0.90, Back Right Min: 1.08
[rosout][INFO] 2025-03-27 15:23:21,488: Back Left Min: 0.90, Back Right Min: 1.08
[rosout][INFO] 2025-03-27 15:23:21,591: Back Left Min: 0.90, Back Right Min: 1.08
[rosout][INFO] 2025-03-27 15:23:21,688: Back Left Min: 0.90, Back Right Min: 1.08
[rosout][INFO] 2025-03-27 15:23:21,791: Back Left Min: 0.90, Back Right Min: 1.08
[rosout][INFO] 2025-03-27 15:23:21,888: Back Left Min: 0.90, Back Right Min: 1.08
[rosout][INFO] 2025-03-27 15:23:21,991: Back Left Min: 0.90, Back Right Min: 1.08
[rosout][INFO] 2025-03-27 15:23:22,088: Back Left Min: 0.90, Back Right Min: 1.08
[rosout][INFO] 2025-03-27 15:23:22,191: Back Left Min: 0.90, Back Right Min: 1.08
[rosout][INFO] 2025-03-27 15:23:22,288: Back Left Min: 0.90, Back Right Min: 1.08
[rosout][INFO] 2025-03-27 15:23:22,391: Back Left Min: 0.90, Back Right Min: 1.08
[rosout][INFO] 2025-03-27 15:23:22,488: Back Left Min: 0.90, Back Right Min: 1.08
[rosout][INFO] 2025-03-27 15:23:22,592: Back Left Min: 0.90, Back Right Min: 1.08
[rosout][INFO] 2025-03-27 15:23:22,688: Back Left Min: 0.90, Back Right Min: 1.08
[rosout][INFO] 2025-03-27 15:23:22,792: Back Left Min: 0.90, Back Right Min: 1.08
[rosout][INFO] 2025-03-27 15:23:22,888: Back Left Min: 0.90, Back Right Min: 1.08
[rosout][INFO] 2025-03-27 15:23:22,992: Back Left Min: 0.90, Back Right Min: 1.08
[rosout][INFO] 2025-03-27 15:23:23,089: Back Left Min: 0.90, Back Right Min: 1.08
[rosout][INFO] 2025-03-27 15:23:23,192: Back Left Min: 0.90, Back Right Min: 1.00
[rosout][INFO] 2025-03-27 15:23:23,289: Back Left Min: 0.90, Back Right Min: 1.00
[rosout][INFO] 2025-03-27 15:23:23,392: Back Left Min: 0.90, Back Right Min: 1.08
[rosout][INFO] 2025-03-27 15:23:23,489: Back Left Min: 0.90, Back Right Min: 1.08
[rosout][INFO] 2025-03-27 15:23:23,592: Back Left Min: 0.90, Back Right Min: 1.08
[rosout][INFO] 2025-03-27 15:23:23,689: Back Left Min: 0.90, Back Right Min: 1.00
[rosout][INFO] 2025-03-27 15:23:23,792: Back Left Min: 0.89, Back Right Min: 1.00
[rosout][INFO] 2025-03-27 15:23:23,889: Back Left Min: 0.89, Back Right Min: 1.00
[rosout][INFO] 2025-03-27 15:23:23,992: Back Left Min: 0.89, Back Right Min: 0.97
[rosout][INFO] 2025-03-27 15:23:24,089: Back Left Min: 0.89, Back Right Min: 0.97
[rosout][INFO] 2025-03-27 15:23:24,192: Back Left Min: 0.89, Back Right Min: 0.97
[rosout][INFO] 2025-03-27 15:23:24,289: Back Left Min: 0.89, Back Right Min: 0.97
[rosout][INFO] 2025-03-27 15:23:24,392: Back Left Min: 0.89, Back Right Min: 0.97
[rosout][INFO] 2025-03-27 15:23:24,489: Back Left Min: 0.89, Back Right Min: 0.97
[rosout][INFO] 2025-03-27 15:23:24,592: Back Left Min: 0.89, Back Right Min: 0.97
[rosout][INFO] 2025-03-27 15:23:24,689: Back Left Min: 0.89, Back Right Min: 0.97
[rosout][INFO] 2025-03-27 15:23:24,792: Back Left Min: 0.89, Back Right Min: 0.96
[rosout][INFO] 2025-03-27 15:23:24,889: Back Left Min: 0.89, Back Right Min: 0.96
[rosout][INFO] 2025-03-27 15:23:24,993: Back Left Min: 0.89, Back Right Min: 0.96
[rosout][INFO] 2025-03-27 15:23:25,089: Back Left Min: 0.89, Back Right Min: 0.96
[rosout][INFO] 2025-03-27 15:23:25,193: Back Left Min: 0.89, Back Right Min: 0.96
[rosout][INFO] 2025-03-27 15:23:25,290: Back Left Min: 0.89, Back Right Min: 0.96
[rosout][INFO] 2025-03-27 15:23:25,393: Back Left Min: 0.89, Back Right Min: 0.97
[rosout][INFO] 2025-03-27 15:23:25,490: Back Left Min: 0.89, Back Right Min: 0.97
[rosout][INFO] 2025-03-27 15:23:25,593: Back Left Min: 0.89, Back Right Min: 0.97
[rosout][INFO] 2025-03-27 15:23:25,690: Back Left Min: 0.89, Back Right Min: 0.96
[rosout][INFO] 2025-03-27 15:23:25,793: Back Left Min: 0.89, Back Right Min: 0.96
[rosout][INFO] 2025-03-27 15:23:25,890: Back Left Min: 0.89, Back Right Min: 0.96
[rosout][INFO] 2025-03-27 15:23:25,993: Back Left Min: 0.89, Back Right Min: 0.97
[rosout][INFO] 2025-03-27 15:23:26,090: Back Left Min: 0.89, Back Right Min: 0.97
[rosout][INFO] 2025-03-27 15:23:26,193: Back Left Min: 0.89, Back Right Min: 0.96
[rosout][INFO] 2025-03-27 15:23:26,290: Back Left Min: 0.89, Back Right Min: 0.96
[rosout][INFO] 2025-03-27 15:23:26,393: Back Left Min: 0.89, Back Right Min: 0.96
[rosout][INFO] 2025-03-27 15:23:26,490: Back Left Min: 0.89, Back Right Min: 0.97
[rosout][INFO] 2025-03-27 15:23:26,593: Back Left Min: 0.89, Back Right Min: 0.97
[rosout][INFO] 2025-03-27 15:23:26,690: Back Left Min: 0.89, Back Right Min: 0.97
[rosout][INFO] 2025-03-27 15:23:26,793: Back Left Min: 0.89, Back Right Min: 0.96
[rosout][INFO] 2025-03-27 15:23:26,890: Back Left Min: 0.89, Back Right Min: 0.96
[rosout][INFO] 2025-03-27 15:23:26,993: Back Left Min: 0.89, Back Right Min: 0.96
[rosout][INFO] 2025-03-27 15:23:27,090: Back Left Min: 0.89, Back Right Min: 0.98
[rosout][INFO] 2025-03-27 15:23:27,193: Back Left Min: 0.89, Back Right Min: 0.98
[rosout][INFO] 2025-03-27 15:23:27,290: Back Left Min: 0.89, Back Right Min: 0.98
[rosout][INFO] 2025-03-27 15:23:27,394: Back Left Min: 0.89, Back Right Min: 0.97
[rosout][INFO] 2025-03-27 15:23:27,490: Back Left Min: 0.89, Back Right Min: 0.97
[rosout][INFO] 2025-03-27 15:23:27,594: Back Left Min: 0.89, Back Right Min: 0.95
[rosout][INFO] 2025-03-27 15:23:27,690: Back Left Min: 0.90, Back Right Min: 0.95
[rosout][INFO] 2025-03-27 15:23:27,794: Back Left Min: 0.90, Back Right Min: 0.95
[rosout][INFO] 2025-03-27 15:23:27,890: Back Left Min: 0.90, Back Right Min: 0.98
[rosout][INFO] 2025-03-27 15:23:27,994: Back Left Min: 0.90, Back Right Min: 0.98
[rosout][INFO] 2025-03-27 15:23:28,091: Back Left Min: 0.90, Back Right Min: 0.98
[rosout][INFO] 2025-03-27 15:23:28,194: Back Left Min: 0.90, Back Right Min: 0.98
[rosout][INFO] 2025-03-27 15:23:28,291: Back Left Min: 0.90, Back Right Min: 0.98
[rosout][INFO] 2025-03-27 15:23:28,394: Back Left Min: 0.90, Back Right Min: 0.98
[rosout][INFO] 2025-03-27 15:23:28,491: Back Left Min: 0.90, Back Right Min: 0.98
[rosout][INFO] 2025-03-27 15:23:28,594: Back Left Min: 0.90, Back Right Min: 0.98
[rosout][INFO] 2025-03-27 15:23:28,691: Back Left Min: 0.90, Back Right Min: 0.98
[rosout][INFO] 2025-03-27 15:23:28,794: Back Left Min: 0.90, Back Right Min: 0.99
[rosout][INFO] 2025-03-27 15:23:28,891: Back Left Min: 0.90, Back Right Min: 0.99
[rosout][INFO] 2025-03-27 15:23:28,994: Back Left Min: 0.90, Back Right Min: 0.99
[rosout][INFO] 2025-03-27 15:23:29,091: Back Left Min: 0.90, Back Right Min: 0.99
[rosout][INFO] 2025-03-27 15:23:29,194: Back Left Min: 0.90, Back Right Min: 0.99
[rosout][INFO] 2025-03-27 15:23:29,291: Back Left Min: 0.90, Back Right Min: 0.98
[rosout][INFO] 2025-03-27 15:23:29,394: Back Left Min: 0.90, Back Right Min: 0.98
[rosout][INFO] 2025-03-27 15:23:29,491: Back Left Min: 0.90, Back Right Min: 0.98
[rosout][INFO] 2025-03-27 15:23:29,594: Back Left Min: 0.90, Back Right Min: 0.97
[rosout][INFO] 2025-03-27 15:23:29,691: Back Left Min: 0.90, Back Right Min: 0.97
[rosout][INFO] 2025-03-27 15:23:29,795: Back Left Min: 0.90, Back Right Min: 0.97
[rosout][INFO] 2025-03-27 15:23:29,891: Back Left Min: 0.90, Back Right Min: 0.98
[rosout][INFO] 2025-03-27 15:23:29,995: Back Left Min: 0.90, Back Right Min: 0.98
[rosout][INFO] 2025-03-27 15:23:30,091: Back Left Min: 0.90, Back Right Min: 0.98
[rosout][INFO] 2025-03-27 15:23:30,195: Back Left Min: 0.89, Back Right Min: 0.99
[rosout][INFO] 2025-03-27 15:23:30,292: Back Left Min: 0.89, Back Right Min: 0.99
[rosout][INFO] 2025-03-27 15:23:30,395: Back Left Min: 0.89, Back Right Min: 0.97
[rosout][INFO] 2025-03-27 15:23:30,492: Back Left Min: 0.89, Back Right Min: 0.97
[rosout][INFO] 2025-03-27 15:23:30,595: Back Left Min: 0.89, Back Right Min: 0.97
[rosout][INFO] 2025-03-27 15:23:30,692: Back Left Min: 0.89, Back Right Min: 0.96
[rosout][INFO] 2025-03-27 15:23:30,795: Back Left Min: 0.89, Back Right Min: 0.96
[rosout][INFO] 2025-03-27 15:23:30,892: Back Left Min: 0.89, Back Right Min: 0.96
[rosout][INFO] 2025-03-27 15:23:30,995: Back Left Min: 0.89, Back Right Min: 0.97
[rosout][INFO] 2025-03-27 15:23:31,092: Back Left Min: 0.89, Back Right Min: 0.97
[rosout][INFO] 2025-03-27 15:23:31,195: Back Left Min: 0.89, Back Right Min: 0.97
[rosout][INFO] 2025-03-27 15:23:31,292: Back Left Min: 0.89, Back Right Min: 0.97
[rosout][INFO] 2025-03-27 15:23:31,395: Back Left Min: 0.89, Back Right Min: 0.97
[rosout][INFO] 2025-03-27 15:23:31,492: Back Left Min: 0.89, Back Right Min: 0.97
[rosout][INFO] 2025-03-27 15:23:31,595: Back Left Min: 0.89, Back Right Min: 0.97
[rosout][INFO] 2025-03-27 15:23:31,692: Back Left Min: 0.89, Back Right Min: 0.97
[rosout][INFO] 2025-03-27 15:23:31,796: Back Left Min: 0.89, Back Right Min: 0.98
[rosout][INFO] 2025-03-27 15:23:31,892: Back Left Min: 0.89, Back Right Min: 0.98
[rosout][INFO] 2025-03-27 15:23:31,995: Back Left Min: 0.89, Back Right Min: 0.98
[rosout][INFO] 2025-03-27 15:23:32,092: Back Left Min: 0.89, Back Right Min: 0.97
[rosout][INFO] 2025-03-27 15:23:32,196: Back Left Min: 0.89, Back Right Min: 0.97
[rosout][INFO] 2025-03-27 15:23:32,293: Back Left Min: 0.89, Back Right Min: 0.97
[rosout][INFO] 2025-03-27 15:23:32,396: Back Left Min: 0.89, Back Right Min: 0.99
[rosout][INFO] 2025-03-27 15:23:32,493: Back Left Min: 0.89, Back Right Min: 0.99
[rosout][INFO] 2025-03-27 15:23:32,596: Back Left Min: 0.89, Back Right Min: 0.99
[rosout][INFO] 2025-03-27 15:23:32,693: Back Left Min: 0.89, Back Right Min: 0.97
[rosout][INFO] 2025-03-27 15:23:32,796: Back Left Min: 0.89, Back Right Min: 0.97
[rosout][INFO] 2025-03-27 15:23:32,893: Back Left Min: 0.89, Back Right Min: 0.97
[rosout][INFO] 2025-03-27 15:23:32,996: Back Left Min: 0.89, Back Right Min: 0.98
[rosout][INFO] 2025-03-27 15:23:33,093: Back Left Min: 0.89, Back Right Min: 0.98
[rosout][INFO] 2025-03-27 15:23:33,196: Back Left Min: 0.89, Back Right Min: 0.97
[rosout][INFO] 2025-03-27 15:23:33,293: Back Left Min: 0.89, Back Right Min: 0.97
[rosout][INFO] 2025-03-27 15:23:33,396: Back Left Min: 0.89, Back Right Min: 0.97
[rosout][INFO] 2025-03-27 15:23:33,493: Back Left Min: 0.89, Back Right Min: 0.97
[rosout][INFO] 2025-03-27 15:23:33,596: Back Left Min: 0.89, Back Right Min: 0.97
[rosout][INFO] 2025-03-27 15:23:33,693: Back Left Min: 0.89, Back Right Min: 0.97
[rosout][INFO] 2025-03-27 15:23:33,796: Back Left Min: 0.89, Back Right Min: 0.98
[rosout][INFO] 2025-03-27 15:23:33,893: Back Left Min: 0.89, Back Right Min: 0.98
[rosout][INFO] 2025-03-27 15:23:33,996: Back Left Min: 0.89, Back Right Min: 0.98
[rosout][INFO] 2025-03-27 15:23:34,093: Back Left Min: 0.89, Back Right Min: 1.08
[rosout][INFO] 2025-03-27 15:23:34,196: Back Left Min: 0.89, Back Right Min: 1.08
[rosout][INFO] 2025-03-27 15:23:34,293: Back Left Min: 0.89, Back Right Min: 1.08
[rosout][INFO] 2025-03-27 15:23:34,396: Back Left Min: 0.90, Back Right Min: 0.99
[rosout][INFO] 2025-03-27 15:23:34,493: Back Left Min: 0.90, Back Right Min: 0.99
[rosout][INFO] 2025-03-27 15:23:34,596: Back Left Min: 0.90, Back Right Min: 1.08
[rosout][INFO] 2025-03-27 15:23:34,693: Back Left Min: 0.90, Back Right Min: 1.08
[rosout][INFO] 2025-03-27 15:23:34,797: Back Left Min: 0.90, Back Right Min: 1.08
[rosout][INFO] 2025-03-27 15:23:34,893: Back Left Min: 0.90, Back Right Min: 1.08
[rosout][INFO] 2025-03-27 15:23:34,997: Back Left Min: 0.90, Back Right Min: 1.08
[rosout][INFO] 2025-03-27 15:23:35,094: Back Left Min: 0.90, Back Right Min: 1.08
[rosout][INFO] 2025-03-27 15:23:35,197: Back Left Min: 0.90, Back Right Min: 0.99
[rosout][INFO] 2025-03-27 15:23:35,294: Back Left Min: 0.90, Back Right Min: 0.99
[rosout][INFO] 2025-03-27 15:23:35,397: Back Left Min: 0.90, Back Right Min: 0.99
[rosout][INFO] 2025-03-27 15:23:35,494: Back Left Min: 0.90, Back Right Min: 0.99
[rosout][INFO] 2025-03-27 15:23:35,597: Back Left Min: 0.90, Back Right Min: 0.99
[rosout][INFO] 2025-03-27 15:23:35,694: Back Left Min: 0.90, Back Right Min: 0.99
[rosout][INFO] 2025-03-27 15:23:35,797: Back Left Min: 0.90, Back Right Min: 1.08
[rosout][INFO] 2025-03-27 15:23:35,894: Back Left Min: 0.90, Back Right Min: 1.08
[rosout][INFO] 2025-03-27 15:23:35,997: Back Left Min: 0.90, Back Right Min: 1.00
[rosout][INFO] 2025-03-27 15:23:36,094: Back Left Min: 0.90, Back Right Min: 1.00
[rosout][INFO] 2025-03-27 15:23:36,197: Back Left Min: 0.90, Back Right Min: 1.00
[rosout][INFO] 2025-03-27 15:23:36,294: Back Left Min: 0.90, Back Right Min: 1.08
[rosout][INFO] 2025-03-27 15:23:36,397: Back Left Min: 0.89, Back Right Min: 1.08
[rosout][INFO] 2025-03-27 15:23:36,494: Back Left Min: 0.89, Back Right Min: 1.08
[rosout][INFO] 2025-03-27 15:23:36,597: Back Left Min: 0.89, Back Right Min: 0.99
[rosout][INFO] 2025-03-27 15:23:36,694: Back Left Min: 0.89, Back Right Min: 0.99
[rosout][INFO] 2025-03-27 15:23:36,797: Back Left Min: 0.89, Back Right Min: 0.99
[rosout][INFO] 2025-03-27 15:23:36,894: Back Left Min: 0.89, Back Right Min: 1.08
[rosout][INFO] 2025-03-27 15:23:36,997: Back Left Min: 0.89, Back Right Min: 1.08
[rosout][INFO] 2025-03-27 15:23:37,094: Back Left Min: 0.89, Back Right Min: 1.08
[rosout][INFO] 2025-03-27 15:23:37,198: Back Left Min: 0.90, Back Right Min: 1.00
[rosout][INFO] 2025-03-27 15:23:37,294: Back Left Min: 0.90, Back Right Min: 1.00
[rosout][INFO] 2025-03-27 15:23:37,398: Back Left Min: 0.90, Back Right Min: 1.08
[rosout][INFO] 2025-03-27 15:23:37,495: Back Left Min: 0.90, Back Right Min: 1.08
[rosout][INFO] 2025-03-27 15:23:37,598: Back Left Min: 0.90, Back Right Min: 1.08
[rosout][INFO] 2025-03-27 15:23:37,695: Back Left Min: 0.90, Back Right Min: 1.00
[rosout][INFO] 2025-03-27 15:23:37,798: Back Left Min: 0.90, Back Right Min: 1.00
[rosout][INFO] 2025-03-27 15:23:37,895: Back Left Min: 0.90, Back Right Min: 1.00
[rosout][INFO] 2025-03-27 15:23:37,998: Back Left Min: 0.90, Back Right Min: 0.99
[rosout][INFO] 2025-03-27 15:23:38,095: Back Left Min: 0.89, Back Right Min: 0.99
[rosout][INFO] 2025-03-27 15:23:38,198: Back Left Min: 0.89, Back Right Min: 0.99
[rosout][INFO] 2025-03-27 15:23:38,295: Back Left Min: 0.89, Back Right Min: 0.99
[rosout][INFO] 2025-03-27 15:23:38,398: Back Left Min: 0.89, Back Right Min: 0.99
[rosout][INFO] 2025-03-27 15:23:38,495: Back Left Min: 0.89, Back Right Min: 0.99
[rosout][INFO] 2025-03-27 15:23:38,598: Back Left Min: 0.90, Back Right Min: 0.99
[rosout][INFO] 2025-03-27 15:23:38,695: Back Left Min: 0.90, Back Right Min: 0.99
[rosout][INFO] 2025-03-27 15:23:38,798: Back Left Min: 0.90, Back Right Min: 0.99
[rosout][INFO] 2025-03-27 15:23:38,895: Back Left Min: 0.89, Back Right Min: 0.99
[rosout][INFO] 2025-03-27 15:23:38,998: Back Left Min: 0.89, Back Right Min: 0.99
[rosout][INFO] 2025-03-27 15:23:39,095: Back Left Min: 0.89, Back Right Min: 0.98
[rosout][INFO] 2025-03-27 15:23:39,198: Back Left Min: 0.90, Back Right Min: 0.98
[rosout][INFO] 2025-03-27 15:23:39,295: Back Left Min: 0.90, Back Right Min: 0.98
[rosout][INFO] 2025-03-27 15:23:39,398: Back Left Min: 0.90, Back Right Min: 1.08
[rosout][INFO] 2025-03-27 15:23:39,495: Back Left Min: 0.90, Back Right Min: 1.08
[rosout][INFO] 2025-03-27 15:23:39,598: Back Left Min: 0.90, Back Right Min: 1.08
[rosout][INFO] 2025-03-27 15:23:39,695: Back Left Min: 0.90, Back Right Min: 0.99
[rosout][INFO] 2025-03-27 15:23:39,799: Back Left Min: 0.89, Back Right Min: 0.99
[rosout][INFO] 2025-03-27 15:23:39,896: Back Left Min: 0.89, Back Right Min: 0.99
[rosout][INFO] 2025-03-27 15:23:39,999: Back Left Min: 0.89, Back Right Min: 0.98
[rosout][INFO] 2025-03-27 15:23:40,096: Back Left Min: 0.89, Back Right Min: 0.98
[rosout][INFO] 2025-03-27 15:23:40,199: Back Left Min: 0.89, Back Right Min: 0.98
[rosout][INFO] 2025-03-27 15:23:40,296: Back Left Min: 0.89, Back Right Min: 0.98
[rosout][INFO] 2025-03-27 15:23:40,399: Back Left Min: 0.89, Back Right Min: 0.98
[rosout][INFO] 2025-03-27 15:23:40,496: Back Left Min: 0.89, Back Right Min: 0.98
[rosout][INFO] 2025-03-27 15:23:40,599: Back Left Min: 0.90, Back Right Min: 0.98
[rosout][INFO] 2025-03-27 15:23:40,696: Back Left Min: 0.90, Back Right Min: 0.98
[rosout][INFO] 2025-03-27 15:23:40,799: Back Left Min: 0.90, Back Right Min: 0.99
[rosout][INFO] 2025-03-27 15:23:40,896: Back Left Min: 0.89, Back Right Min: 0.99
[rosout][INFO] 2025-03-27 15:23:40,999: Back Left Min: 0.89, Back Right Min: 0.99
[rosout][INFO] 2025-03-27 15:23:41,096: Back Left Min: 0.89, Back Right Min: 0.97
[rosout][INFO] 2025-03-27 15:23:41,199: Back Left Min: 0.89, Back Right Min: 0.97
[rosout][INFO] 2025-03-27 15:23:41,296: Back Left Min: 0.89, Back Right Min: 0.97
[rosout][INFO] 2025-03-27 15:23:41,399: Back Left Min: 0.89, Back Right Min: 0.98
[rosout][INFO] 2025-03-27 15:23:41,496: Back Left Min: 0.89, Back Right Min: 0.98
[rosout][INFO] 2025-03-27 15:23:41,600: Back Left Min: 0.89, Back Right Min: 0.99
[rosout][INFO] 2025-03-27 15:23:41,696: Back Left Min: 0.90, Back Right Min: 0.99
[rosout][INFO] 2025-03-27 15:23:41,799: Back Left Min: 0.90, Back Right Min: 0.99
[rosout][INFO] 2025-03-27 15:23:41,896: Back Left Min: 0.90, Back Right Min: 1.00
[rosout][INFO] 2025-03-27 15:23:42,000: Back Left Min: 0.90, Back Right Min: 1.00
[rosout][INFO] 2025-03-27 15:23:42,096: Back Left Min: 0.90, Back Right Min: 1.00
[rosout][INFO] 2025-03-27 15:23:42,200: Back Left Min: 0.90, Back Right Min: 0.98
[rosout][INFO] 2025-03-27 15:23:42,297: Back Left Min: 0.90, Back Right Min: 0.98
[rosout][INFO] 2025-03-27 15:23:42,400: Back Left Min: 0.90, Back Right Min: 0.98
[rosout][INFO] 2025-03-27 15:23:42,497: Back Left Min: 0.90, Back Right Min: 0.98
[rosout][INFO] 2025-03-27 15:23:42,600: Back Left Min: 0.91, Back Right Min: 0.98
[rosout][INFO] 2025-03-27 15:23:42,697: Back Left Min: 0.91, Back Right Min: 0.98
[rosout][INFO] 2025-03-27 15:23:42,800: Back Left Min: 0.92, Back Right Min: 0.99
[rosout][INFO] 2025-03-27 15:23:42,897: Back Left Min: 0.92, Back Right Min: 0.99
[rosout][INFO] 2025-03-27 15:23:43,000: Back Left Min: 0.92, Back Right Min: 0.98
[rosout][INFO] 2025-03-27 15:23:43,097: Back Left Min: 0.91, Back Right Min: 0.98
[rosout][INFO] 2025-03-27 15:23:43,200: Back Left Min: 0.91, Back Right Min: 0.98
[rosout][INFO] 2025-03-27 15:23:43,297: Back Left Min: 0.91, Back Right Min: 0.98
[rosout][INFO] 2025-03-27 15:23:43,400: Back Left Min: 0.91, Back Right Min: 0.98
[rosout][INFO] 2025-03-27 15:23:43,497: Back Left Min: 0.91, Back Right Min: 0.98
[rosout][INFO] 2025-03-27 15:23:43,600: Back Left Min: 0.91, Back Right Min: 0.98
[rosout][INFO] 2025-03-27 15:23:43,697: Back Left Min: 0.91, Back Right Min: 0.98
[rosout][INFO] 2025-03-27 15:23:43,800: Back Left Min: 0.91, Back Right Min: 0.98
[rosout][INFO] 2025-03-27 15:23:43,897: Back Left Min: 0.91, Back Right Min: 0.99
[rosout][INFO] 2025-03-27 15:23:44,000: Back Left Min: 0.91, Back Right Min: 0.99
[rosout][INFO] 2025-03-27 15:23:44,097: Back Left Min: 0.91, Back Right Min: 0.99
[rosout][INFO] 2025-03-27 15:23:44,201: Back Left Min: 0.91, Back Right Min: 1.08
[rosout][INFO] 2025-03-27 15:23:44,297: Back Left Min: 0.91, Back Right Min: 1.08
[rosout][INFO] 2025-03-27 15:23:44,401: Back Left Min: 0.91, Back Right Min: 1.08
[rosout][INFO] 2025-03-27 15:23:44,497: Back Left Min: 0.91, Back Right Min: 1.08
[rosout][INFO] 2025-03-27 15:23:44,601: Back Left Min: 0.91, Back Right Min: 1.08
[rosout][INFO] 2025-03-27 15:23:44,698: Back Left Min: 0.91, Back Right Min: 0.99
[rosout][INFO] 2025-03-27 15:23:44,801: Back Left Min: 0.91, Back Right Min: 0.99
[rosout][INFO] 2025-03-27 15:23:44,898: Back Left Min: 0.91, Back Right Min: 0.99
[rosout][INFO] 2025-03-27 15:23:45,001: Back Left Min: 0.91, Back Right Min: 0.96
[rosout][INFO] 2025-03-27 15:23:45,098: Back Left Min: 0.91, Back Right Min: 0.96
[rosout][INFO] 2025-03-27 15:23:45,201: Back Left Min: 0.91, Back Right Min: 0.96
[rosout][INFO] 2025-03-27 15:23:45,298: Back Left Min: 0.91, Back Right Min: 0.99
[rosout][INFO] 2025-03-27 15:23:45,401: Back Left Min: 0.91, Back Right Min: 0.99
[rosout][INFO] 2025-03-27 15:23:45,498: Back Left Min: 0.91, Back Right Min: 0.99
[rosout][INFO] 2025-03-27 15:23:45,601: Back Left Min: 0.91, Back Right Min: 1.08
[rosout][INFO] 2025-03-27 15:23:45,698: Back Left Min: 0.91, Back Right Min: 1.08
[rosout][INFO] 2025-03-27 15:23:45,801: Back Left Min: 0.91, Back Right Min: 0.99
[rosout][INFO] 2025-03-27 15:23:45,898: Back Left Min: 0.91, Back Right Min: 0.99
[rosout][INFO] 2025-03-27 15:23:46,001: Back Left Min: 0.91, Back Right Min: 0.99
[rosout][INFO] 2025-03-27 15:23:46,098: Back Left Min: 0.91, Back Right Min: 1.08
[rosout][INFO] 2025-03-27 15:23:46,201: Back Left Min: 0.91, Back Right Min: 1.08
[rosout][INFO] 2025-03-27 15:23:46,298: Back Left Min: 0.91, Back Right Min: 1.08
[rosout][INFO] 2025-03-27 15:23:46,401: Back Left Min: 0.91, Back Right Min: 1.08
[rosout][INFO] 2025-03-27 15:23:46,498: Back Left Min: 0.91, Back Right Min: 1.08
[rosout][INFO] 2025-03-27 15:23:46,601: Back Left Min: 0.91, Back Right Min: 1.08
[rosout][INFO] 2025-03-27 15:23:46,698: Back Left Min: 0.91, Back Right Min: 1.08
[rosout][INFO] 2025-03-27 15:23:46,801: Back Left Min: 0.91, Back Right Min: 1.08
[rosout][INFO] 2025-03-27 15:23:46,898: Back Left Min: 0.91, Back Right Min: 1.08
[rosout][INFO] 2025-03-27 15:23:47,002: Back Left Min: 0.91, Back Right Min: 1.08
[rosout][INFO] 2025-03-27 15:23:47,099: Back Left Min: 0.91, Back Right Min: 1.08
[rosout][INFO] 2025-03-27 15:23:47,202: Back Left Min: 0.91, Back Right Min: 1.08
[rosout][INFO] 2025-03-27 15:23:47,299: Back Left Min: 0.91, Back Right Min: 1.08
[rosout][INFO] 2025-03-27 15:23:47,402: Back Left Min: 0.91, Back Right Min: 1.08
[rosout][INFO] 2025-03-27 15:23:47,499: Back Left Min: 0.91, Back Right Min: 1.08
[rosout][INFO] 2025-03-27 15:23:47,602: Back Left Min: 0.91, Back Right Min: 1.08
[rosout][INFO] 2025-03-27 15:23:47,699: Back Left Min: 0.91, Back Right Min: 1.08
[rosout][INFO] 2025-03-27 15:23:47,802: Back Left Min: 0.91, Back Right Min: 1.08
[rosout][INFO] 2025-03-27 15:23:47,899: Back Left Min: 0.91, Back Right Min: 1.08
[rosout][INFO] 2025-03-27 15:23:48,002: Back Left Min: 0.91, Back Right Min: 1.08
[rosout][INFO] 2025-03-27 15:23:48,099: Back Left Min: 0.91, Back Right Min: 1.08
[rosout][INFO] 2025-03-27 15:23:48,202: Back Left Min: 0.91, Back Right Min: 1.08
[rosout][INFO] 2025-03-27 15:23:48,299: Back Left Min: 0.91, Back Right Min: 1.08
[rosout][INFO] 2025-03-27 15:23:48,402: Back Left Min: 0.91, Back Right Min: 1.08
[rosout][INFO] 2025-03-27 15:23:48,499: Back Left Min: 0.91, Back Right Min: 1.08
[rosout][INFO] 2025-03-27 15:23:48,602: Back Left Min: 0.91, Back Right Min: 1.08
[rosout][INFO] 2025-03-27 15:23:48,699: Back Left Min: 0.91, Back Right Min: 1.08
[rosout][INFO] 2025-03-27 15:23:48,802: Back Left Min: 0.91, Back Right Min: 1.08
[rosout][INFO] 2025-03-27 15:23:48,899: Back Left Min: 0.91, Back Right Min: 1.08
[rosout][INFO] 2025-03-27 15:23:49,002: Back Left Min: 0.91, Back Right Min: 1.08
[rosout][INFO] 2025-03-27 15:23:49,099: Back Left Min: 0.91, Back Right Min: 1.08
[rosout][INFO] 2025-03-27 15:23:49,202: Back Left Min: 0.91, Back Right Min: 1.08
[rosout][INFO] 2025-03-27 15:23:49,299: Back Left Min: 0.91, Back Right Min: 1.08
[rosout][INFO] 2025-03-27 15:23:49,403: Back Left Min: 0.91, Back Right Min: 1.08
[rosout][INFO] 2025-03-27 15:23:49,499: Back Left Min: 0.91, Back Right Min: 1.08
[rosout][INFO] 2025-03-27 15:23:49,603: Back Left Min: 0.91, Back Right Min: 1.08
[rosout][INFO] 2025-03-27 15:23:49,700: Back Left Min: 0.91, Back Right Min: 1.08
[rosout][INFO] 2025-03-27 15:23:49,803: Back Left Min: 0.91, Back Right Min: 1.08
[rosout][INFO] 2025-03-27 15:23:49,900: Back Left Min: 0.91, Back Right Min: 1.08
[rosout][INFO] 2025-03-27 15:23:50,003: Back Left Min: 0.91, Back Right Min: 1.08
[rosout][INFO] 2025-03-27 15:23:50,100: Back Left Min: 0.91, Back Right Min: 1.08
[rosout][INFO] 2025-03-27 15:23:50,203: Back Left Min: 0.91, Back Right Min: 1.08
[rosout][INFO] 2025-03-27 15:23:50,300: Back Left Min: 0.91, Back Right Min: 1.08
[rosout][INFO] 2025-03-27 15:23:50,403: Back Left Min: 0.91, Back Right Min: 1.08
[rosout][INFO] 2025-03-27 15:23:50,500: Back Left Min: 0.91, Back Right Min: 1.08
[rosout][INFO] 2025-03-27 15:23:50,603: Back Left Min: 0.91, Back Right Min: 1.08
[rosout][INFO] 2025-03-27 15:23:50,700: Back Left Min: 0.91, Back Right Min: 1.08
[rosout][INFO] 2025-03-27 15:23:50,803: Back Left Min: 0.91, Back Right Min: 1.08
[rosout][INFO] 2025-03-27 15:23:50,900: Back Left Min: 0.91, Back Right Min: 1.08
[rosout][INFO] 2025-03-27 15:23:51,003: Back Left Min: 0.91, Back Right Min: 1.08
[rosout][INFO] 2025-03-27 15:23:51,100: Back Left Min: 0.91, Back Right Min: 1.08
[rosout][INFO] 2025-03-27 15:23:51,203: Back Left Min: 0.91, Back Right Min: 1.08
[rosout][INFO] 2025-03-27 15:23:51,300: Back Left Min: 0.91, Back Right Min: 1.08
[rosout][INFO] 2025-03-27 15:23:51,403: Back Left Min: 0.91, Back Right Min: 1.08
[rosout][INFO] 2025-03-27 15:23:51,500: Back Left Min: 0.91, Back Right Min: 1.08
[rosout][INFO] 2025-03-27 15:23:51,603: Back Left Min: 0.91, Back Right Min: 1.08
[rosout][INFO] 2025-03-27 15:23:51,700: Back Left Min: 0.91, Back Right Min: 1.08
[rosout][INFO] 2025-03-27 15:23:51,804: Back Left Min: 0.91, Back Right Min: 1.08
[rosout][INFO] 2025-03-27 15:23:51,900: Back Left Min: 0.91, Back Right Min: 1.08
[rosout][INFO] 2025-03-27 15:23:52,004: Back Left Min: 0.91, Back Right Min: 1.08
[rosout][INFO] 2025-03-27 15:23:52,101: Back Left Min: 0.91, Back Right Min: 1.08
[rosout][INFO] 2025-03-27 15:23:52,204: Back Left Min: 0.91, Back Right Min: 1.08
[rosout][INFO] 2025-03-27 15:23:52,301: Back Left Min: 0.91, Back Right Min: 1.08
[rosout][INFO] 2025-03-27 15:23:52,404: Back Left Min: 0.91, Back Right Min: 1.08
[rosout][INFO] 2025-03-27 15:23:52,501: Back Left Min: 0.91, Back Right Min: 1.08
[rosout][INFO] 2025-03-27 15:23:52,604: Back Left Min: 0.91, Back Right Min: 1.08
[rosout][INFO] 2025-03-27 15:23:52,701: Back Left Min: 0.91, Back Right Min: 1.08
[rosout][INFO] 2025-03-27 15:23:52,804: Back Left Min: 0.91, Back Right Min: 1.08
[rosout][INFO] 2025-03-27 15:23:52,901: Back Left Min: 0.91, Back Right Min: 1.08
[rosout][INFO] 2025-03-27 15:23:53,004: Back Left Min: 0.91, Back Right Min: 1.08
[rosout][INFO] 2025-03-27 15:23:53,101: Back Left Min: 0.91, Back Right Min: 1.08
[rosout][INFO] 2025-03-27 15:23:53,204: Back Left Min: 0.91, Back Right Min: 1.08
[rosout][INFO] 2025-03-27 15:23:53,301: Back Left Min: 0.91, Back Right Min: 1.08
[rosout][INFO] 2025-03-27 15:23:53,404: Back Left Min: 0.91, Back Right Min: 1.08
[rosout][INFO] 2025-03-27 15:23:53,501: Back Left Min: 0.91, Back Right Min: 1.08
[rosout][INFO] 2025-03-27 15:23:53,604: Back Left Min: 0.91, Back Right Min: 1.08
[rosout][INFO] 2025-03-27 15:23:53,701: Back Left Min: 0.91, Back Right Min: 1.08
[rosout][INFO] 2025-03-27 15:23:53,804: Back Left Min: 0.91, Back Right Min: 1.08
[rosout][INFO] 2025-03-27 15:23:53,901: Back Left Min: 0.91, Back Right Min: 1.08
[rosout][INFO] 2025-03-27 15:23:54,004: Back Left Min: 0.91, Back Right Min: 1.08
[rosout][INFO] 2025-03-27 15:23:54,101: Back Left Min: 0.91, Back Right Min: 1.08
[rosout][INFO] 2025-03-27 15:23:54,205: Back Left Min: 0.91, Back Right Min: 1.08
[rosout][INFO] 2025-03-27 15:23:54,301: Back Left Min: 0.91, Back Right Min: 1.08
[rosout][INFO] 2025-03-27 15:23:54,405: Back Left Min: 0.91, Back Right Min: 1.08
[rosout][INFO] 2025-03-27 15:23:54,501: Back Left Min: 0.91, Back Right Min: 1.08
[rosout][INFO] 2025-03-27 15:23:54,605: Back Left Min: 0.91, Back Right Min: 1.08
[rosout][INFO] 2025-03-27 15:23:54,702: Back Left Min: 0.91, Back Right Min: 1.08
[rosout][INFO] 2025-03-27 15:23:54,805: Back Left Min: 0.91, Back Right Min: 1.08
[rosout][INFO] 2025-03-27 15:23:54,902: Back Left Min: 0.91, Back Right Min: 1.08
[rosout][INFO] 2025-03-27 15:23:55,005: Back Left Min: 0.91, Back Right Min: 1.08
[rosout][INFO] 2025-03-27 15:23:55,102: Back Left Min: 0.91, Back Right Min: 1.08
[rosout][INFO] 2025-03-27 15:23:55,205: Back Left Min: 0.91, Back Right Min: 1.08
[rosout][INFO] 2025-03-27 15:23:55,302: Back Left Min: 0.91, Back Right Min: 1.08
[rosout][INFO] 2025-03-27 15:23:55,405: Back Left Min: 0.91, Back Right Min: 1.08
[rosout][INFO] 2025-03-27 15:23:55,502: Back Left Min: 0.91, Back Right Min: 1.08
[rosout][INFO] 2025-03-27 15:23:55,605: Back Left Min: 0.91, Back Right Min: 1.08
[rosout][INFO] 2025-03-27 15:23:55,702: Back Left Min: 0.91, Back Right Min: 1.08
[rosout][INFO] 2025-03-27 15:23:55,805: Back Left Min: 0.91, Back Right Min: 1.08
[rosout][INFO] 2025-03-27 15:23:55,902: Back Left Min: 0.91, Back Right Min: 1.08
[rosout][INFO] 2025-03-27 15:23:56,005: Back Left Min: 0.91, Back Right Min: 1.08
[rosout][INFO] 2025-03-27 15:23:56,102: Back Left Min: 0.91, Back Right Min: 1.08
[rosout][INFO] 2025-03-27 15:23:56,205: Back Left Min: 0.91, Back Right Min: 1.08
[rosout][INFO] 2025-03-27 15:23:56,302: Back Left Min: 0.91, Back Right Min: 1.08
[rosout][INFO] 2025-03-27 15:23:56,406: Back Left Min: 0.91, Back Right Min: 1.08
[rosout][INFO] 2025-03-27 15:23:56,502: Back Left Min: 0.91, Back Right Min: 1.08
[rosout][INFO] 2025-03-27 15:23:56,606: Back Left Min: 0.91, Back Right Min: 1.08
[rosout][INFO] 2025-03-27 15:23:56,703: Back Left Min: 0.91, Back Right Min: 1.08
[rosout][INFO] 2025-03-27 15:23:56,806: Back Left Min: 0.91, Back Right Min: 1.08
[rosout][INFO] 2025-03-27 15:23:56,903: Back Left Min: 0.91, Back Right Min: 1.08
[rosout][INFO] 2025-03-27 15:23:57,006: Back Left Min: 0.91, Back Right Min: 1.08
[rosout][INFO] 2025-03-27 15:23:57,103: Back Left Min: 0.91, Back Right Min: 1.08
[rosout][INFO] 2025-03-27 15:23:57,206: Back Left Min: 0.91, Back Right Min: 1.08
[rosout][INFO] 2025-03-27 15:23:57,303: Back Left Min: 0.91, Back Right Min: 1.08
[rosout][INFO] 2025-03-27 15:23:57,406: Back Left Min: 0.91, Back Right Min: 1.08
[rosout][INFO] 2025-03-27 15:23:57,503: Back Left Min: 0.91, Back Right Min: 1.08
[rosout][INFO] 2025-03-27 15:23:57,606: Back Left Min: 0.91, Back Right Min: 1.08
[rosout][INFO] 2025-03-27 15:23:57,703: Back Left Min: 0.91, Back Right Min: 1.08
[rosout][INFO] 2025-03-27 15:23:57,806: Back Left Min: 0.91, Back Right Min: 1.08
[rosout][INFO] 2025-03-27 15:23:57,903: Back Left Min: 0.91, Back Right Min: 1.08
[rosout][INFO] 2025-03-27 15:23:58,006: Back Left Min: 0.91, Back Right Min: 1.08
[rosout][INFO] 2025-03-27 15:23:58,103: Back Left Min: 0.91, Back Right Min: 1.08
[rosout][INFO] 2025-03-27 15:23:58,206: Back Left Min: 0.91, Back Right Min: 1.08
[rosout][INFO] 2025-03-27 15:23:58,303: Back Left Min: 0.91, Back Right Min: 1.08
[rosout][INFO] 2025-03-27 15:23:58,406: Back Left Min: 0.91, Back Right Min: 1.08
[rosout][INFO] 2025-03-27 15:23:58,503: Back Left Min: 0.91, Back Right Min: 1.08
[rosout][INFO] 2025-03-27 15:23:58,606: Back Left Min: 0.91, Back Right Min: 1.08
[rosout][INFO] 2025-03-27 15:23:58,703: Back Left Min: 0.91, Back Right Min: 1.08
[rosout][INFO] 2025-03-27 15:23:58,807: Back Left Min: 0.91, Back Right Min: 1.08
[rosout][INFO] 2025-03-27 15:23:58,903: Back Left Min: 0.91, Back Right Min: 1.08
[rosout][INFO] 2025-03-27 15:23:59,006: Back Left Min: 0.91, Back Right Min: 1.08
[rosout][INFO] 2025-03-27 15:23:59,103: Back Left Min: 0.91, Back Right Min: 1.08
[rosout][INFO] 2025-03-27 15:23:59,207: Back Left Min: 0.91, Back Right Min: 1.08
[rosout][INFO] 2025-03-27 15:23:59,303: Back Left Min: 0.91, Back Right Min: 1.08
[rosout][INFO] 2025-03-27 15:23:59,407: Back Left Min: 0.91, Back Right Min: 1.08
[rosout][INFO] 2025-03-27 15:23:59,503: Back Left Min: 0.91, Back Right Min: 1.08
[rosout][INFO] 2025-03-27 15:23:59,607: Back Left Min: 0.91, Back Right Min: 0.99
[rosout][INFO] 2025-03-27 15:23:59,704: Back Left Min: 0.91, Back Right Min: 0.99
[rosout][INFO] 2025-03-27 15:23:59,807: Back Left Min: 0.91, Back Right Min: 1.08
[rosout][INFO] 2025-03-27 15:23:59,904: Back Left Min: 0.91, Back Right Min: 1.08
[rosout][INFO] 2025-03-27 15:24:00,007: Back Left Min: 0.91, Back Right Min: 1.08
[rosout][INFO] 2025-03-27 15:24:00,104: Back Left Min: 0.91, Back Right Min: 0.99
[rosout][INFO] 2025-03-27 15:24:00,207: Back Left Min: 0.91, Back Right Min: 0.99
[rosout][INFO] 2025-03-27 15:24:00,304: Back Left Min: 0.91, Back Right Min: 0.99
[rosout][INFO] 2025-03-27 15:24:00,407: Back Left Min: 0.91, Back Right Min: 1.00
[rosout][INFO] 2025-03-27 15:24:00,504: Back Left Min: 0.91, Back Right Min: 1.00
[rosout][INFO] 2025-03-27 15:24:00,607: Back Left Min: 0.91, Back Right Min: 1.00
[rosout][INFO] 2025-03-27 15:24:00,704: Back Left Min: 0.91, Back Right Min: 1.08
[rosout][INFO] 2025-03-27 15:24:00,807: Back Left Min: 0.91, Back Right Min: 1.08
[rosout][INFO] 2025-03-27 15:24:00,904: Back Left Min: 0.91, Back Right Min: 1.08
[rosout][INFO] 2025-03-27 15:24:01,007: Back Left Min: 0.91, Back Right Min: 1.00
[rosout][INFO] 2025-03-27 15:24:01,104: Back Left Min: 0.91, Back Right Min: 1.00
[rosout][INFO] 2025-03-27 15:24:01,207: Back Left Min: 0.91, Back Right Min: 1.00
[rosout][INFO] 2025-03-27 15:24:01,305: Back Left Min: 0.91, Back Right Min: 1.00
[rosout][INFO] 2025-03-27 15:24:01,408: Back Left Min: 0.91, Back Right Min: 1.00
[rosout][INFO] 2025-03-27 15:24:01,504: Back Left Min: 0.91, Back Right Min: 0.95
[rosout][INFO] 2025-03-27 15:24:01,608: Back Left Min: 0.91, Back Right Min: 0.95
[rosout][INFO] 2025-03-27 15:24:01,704: Back Left Min: 0.91, Back Right Min: 0.95
[rosout][INFO] 2025-03-27 15:24:01,808: Back Left Min: 0.91, Back Right Min: 0.89
[rosout][INFO] 2025-03-27 15:24:01,905: Back Left Min: 0.92, Back Right Min: 0.89
[rosout][INFO] 2025-03-27 15:24:02,008: Back Left Min: 0.92, Back Right Min: 0.89
[rosout][INFO] 2025-03-27 15:24:02,105: Back Left Min: 0.92, Back Right Min: 0.98
[rosout][INFO] 2025-03-27 15:24:02,208: Back Left Min: 0.91, Back Right Min: 0.98
[rosout][INFO] 2025-03-27 15:24:02,305: Back Left Min: 0.91, Back Right Min: 0.98
[rosout][INFO] 2025-03-27 15:24:02,408: Back Left Min: 1.00, Back Right Min: 0.96
[rosout][INFO] 2025-03-27 15:24:02,505: Back Left Min: 1.00, Back Right Min: 0.96
[rosout][INFO] 2025-03-27 15:24:02,608: Back Left Min: 1.00, Back Right Min: 1.08
[rosout][INFO] 2025-03-27 15:24:02,705: Back Left Min: 0.99, Back Right Min: 1.08
[rosout][INFO] 2025-03-27 15:24:02,808: Back Left Min: 0.99, Back Right Min: 1.08
[rosout][INFO] 2025-03-27 15:24:02,905: Back Left Min: 0.99, Back Right Min: 1.08
[rosout][INFO] 2025-03-27 15:24:03,008: Back Left Min: 0.99, Back Right Min: 1.08
[rosout][INFO] 2025-03-27 15:24:03,105: Back Left Min: 0.99, Back Right Min: 1.08
[rosout][INFO] 2025-03-27 15:24:03,208: Back Left Min: 1.01, Back Right Min: 1.08
[rosout][INFO] 2025-03-27 15:24:03,305: Back Left Min: 1.01, Back Right Min: 1.08
[rosout][INFO] 2025-03-27 15:24:03,409: Back Left Min: 1.01, Back Right Min: 1.08
[rosout][INFO] 2025-03-27 15:24:03,505: Back Left Min: 0.97, Back Right Min: 1.08
[rosout][INFO] 2025-03-27 15:24:03,608: Back Left Min: 0.97, Back Right Min: 1.08
[rosout][INFO] 2025-03-27 15:24:03,705: Back Left Min: 0.97, Back Right Min: 1.08
[rosout][INFO] 2025-03-27 15:24:03,809: Back Left Min: 0.85, Back Right Min: 1.08
[rosout][INFO] 2025-03-27 15:24:03,905: Back Left Min: 0.85, Back Right Min: 1.08
[rosout][INFO] 2025-03-27 15:24:04,009: Back Left Min: 0.85, Back Right Min: 1.08
[rosout][INFO] 2025-03-27 15:24:04,105: Back Left Min: 0.88, Back Right Min: 1.08
[rosout][INFO] 2025-03-27 15:24:04,209: Back Left Min: 0.88, Back Right Min: 1.08
[rosout][INFO] 2025-03-27 15:24:04,306: Back Left Min: 0.88, Back Right Min: 1.08
[rosout][INFO] 2025-03-27 15:24:04,409: Back Left Min: 0.88, Back Right Min: 1.08
[rosout][INFO] 2025-03-27 15:24:04,506: Back Left Min: 0.88, Back Right Min: 1.08
[rosout][INFO] 2025-03-27 15:24:04,609: Back Left Min: 0.89, Back Right Min: 1.08
[rosout][INFO] 2025-03-27 15:24:04,706: Back Left Min: 0.89, Back Right Min: 1.08
[rosout][INFO] 2025-03-27 15:24:04,809: Back Left Min: 0.89, Back Right Min: 1.08
[rosout][INFO] 2025-03-27 15:24:04,906: Back Left Min: 0.90, Back Right Min: 1.08
[rosout][INFO] 2025-03-27 15:24:05,009: Back Left Min: 0.90, Back Right Min: 1.08
[rosout][INFO] 2025-03-27 15:24:05,106: Back Left Min: 0.90, Back Right Min: 1.08
[rosout][INFO] 2025-03-27 15:24:05,209: Back Left Min: 0.88, Back Right Min: 1.08
[rosout][INFO] 2025-03-27 15:24:05,306: Back Left Min: 0.88, Back Right Min: 1.08
[rosout][INFO] 2025-03-27 15:24:05,409: Back Left Min: 0.88, Back Right Min: 1.08
[rosout][INFO] 2025-03-27 15:24:05,506: Back Left Min: 0.90, Back Right Min: 1.08
[rosout][INFO] 2025-03-27 15:24:05,609: Back Left Min: 0.90, Back Right Min: 1.08
[rosout][INFO] 2025-03-27 15:24:05,706: Back Left Min: 0.90, Back Right Min: 1.08
[rosout][INFO] 2025-03-27 15:24:05,809: Back Left Min: 0.90, Back Right Min: 1.08
[rosout][INFO] 2025-03-27 15:24:05,906: Back Left Min: 0.90, Back Right Min: 1.08
[rosout][INFO] 2025-03-27 15:24:06,009: Back Left Min: 0.90, Back Right Min: 1.08
[rosout][INFO] 2025-03-27 15:24:06,106: Back Left Min: 0.90, Back Right Min: 1.08
[rosout][INFO] 2025-03-27 15:24:06,209: Back Left Min: 0.90, Back Right Min: 1.08
[rosout][INFO] 2025-03-27 15:24:06,307: Back Left Min: 0.90, Back Right Min: 1.08
[rosout][INFO] 2025-03-27 15:24:06,410: Back Left Min: 0.90, Back Right Min: 1.08
[rosout][INFO] 2025-03-27 15:24:06,507: Back Left Min: 0.90, Back Right Min: 1.08
[rosout][INFO] 2025-03-27 15:24:06,610: Back Left Min: 0.90, Back Right Min: 1.08
[rosout][INFO] 2025-03-27 15:24:06,707: Back Left Min: 0.90, Back Right Min: 1.08
[rosout][INFO] 2025-03-27 15:24:06,810: Back Left Min: 0.90, Back Right Min: 1.08
[rosout][INFO] 2025-03-27 15:24:06,907: Back Left Min: 0.90, Back Right Min: 1.08
[rosout][INFO] 2025-03-27 15:24:07,010: Back Left Min: 0.90, Back Right Min: 1.08
[rosout][INFO] 2025-03-27 15:24:07,107: Back Left Min: 0.90, Back Right Min: 1.08
[rosout][INFO] 2025-03-27 15:24:07,210: Back Left Min: 0.88, Back Right Min: 1.08
[rosout][INFO] 2025-03-27 15:24:07,307: Back Left Min: 0.88, Back Right Min: 1.08
[rosout][INFO] 2025-03-27 15:24:07,410: Back Left Min: 0.84, Back Right Min: 1.08
[rosout][INFO] 2025-03-27 15:24:07,507: Back Left Min: 0.84, Back Right Min: 1.08
[rosout][INFO] 2025-03-27 15:24:07,610: Back Left Min: 0.84, Back Right Min: 1.08
[rosout][INFO] 2025-03-27 15:24:07,707: Back Left Min: 1.00, Back Right Min: 0.90
[rosout][INFO] 2025-03-27 15:24:07,810: Back Left Min: 1.00, Back Right Min: 0.90
[rosout][INFO] 2025-03-27 15:24:07,907: Back Left Min: 1.00, Back Right Min: 0.90
[rosout][INFO] 2025-03-27 15:24:08,010: Back Left Min: 1.02, Back Right Min: 0.91
[rosout][INFO] 2025-03-27 15:24:08,107: Back Left Min: 1.02, Back Right Min: 0.91
[rosout][INFO] 2025-03-27 15:24:08,210: Back Left Min: 1.02, Back Right Min: 0.92
[rosout][INFO] 2025-03-27 15:24:08,308: Back Left Min: 0.96, Back Right Min: 0.92
[rosout][INFO] 2025-03-27 15:24:08,410: Back Left Min: 0.96, Back Right Min: 0.92
[rosout][INFO] 2025-03-27 15:24:08,507: Back Left Min: 0.96, Back Right Min: 0.91
[rosout][INFO] 2025-03-27 15:24:08,611: Back Left Min: 1.24, Back Right Min: 0.91
[rosout][INFO] 2025-03-27 15:24:08,707: Back Left Min: 1.24, Back Right Min: 0.91
[rosout][INFO] 2025-03-27 15:24:08,811: Back Left Min: 1.24, Back Right Min: 0.91
[rosout][INFO] 2025-03-27 15:24:08,907: Back Left Min: 1.24, Back Right Min: 0.91
[rosout][INFO] 2025-03-27 15:24:09,011: Back Left Min: 1.24, Back Right Min: 0.91
[rosout][INFO] 2025-03-27 15:24:09,108: Back Left Min: 1.24, Back Right Min: 0.91
[rosout][INFO] 2025-03-27 15:24:09,211: Back Left Min: 0.80, Back Right Min: 0.91
[rosout][INFO] 2025-03-27 15:24:09,308: Back Left Min: 0.80, Back Right Min: 0.91
[rosout][INFO] 2025-03-27 15:24:09,411: Back Left Min: 0.83, Back Right Min: 0.91
[rosout][INFO] 2025-03-27 15:24:09,508: Back Left Min: 0.83, Back Right Min: 0.91
[rosout][INFO] 2025-03-27 15:24:09,611: Back Left Min: 0.83, Back Right Min: 0.91
[rosout][INFO] 2025-03-27 15:24:09,708: Back Left Min: 0.85, Back Right Min: 0.91
[rosout][INFO] 2025-03-27 15:24:09,811: Back Left Min: 0.85, Back Right Min: 0.91
[rosout][INFO] 2025-03-27 15:24:09,908: Back Left Min: 0.85, Back Right Min: 0.91
[rosout][INFO] 2025-03-27 15:24:10,011: Back Left Min: 0.85, Back Right Min: 0.91
[rosout][INFO] 2025-03-27 15:24:10,108: Back Left Min: 0.85, Back Right Min: 0.91
[rosout][INFO] 2025-03-27 15:24:10,211: Back Left Min: 0.85, Back Right Min: 0.90
[rosout][INFO] 2025-03-27 15:24:10,308: Back Left Min: 0.85, Back Right Min: 0.90
[rosout][INFO] 2025-03-27 15:24:10,411: Back Left Min: 0.85, Back Right Min: 0.90
[rosout][INFO] 2025-03-27 15:24:10,508: Back Left Min: 0.85, Back Right Min: 0.90
[rosout][INFO] 2025-03-27 15:24:10,611: Back Left Min: 0.85, Back Right Min: 0.90
[rosout][INFO] 2025-03-27 15:24:10,708: Back Left Min: 0.85, Back Right Min: 0.90
[rosout][INFO] 2025-03-27 15:24:10,811: Back Left Min: 0.85, Back Right Min: 0.90
[rosout][INFO] 2025-03-27 15:24:10,908: Back Left Min: 0.85, Back Right Min: 0.90
[rosout][INFO] 2025-03-27 15:24:11,011: Back Left Min: 0.85, Back Right Min: 0.90
[rosout][INFO] 2025-03-27 15:24:11,108: Back Left Min: 0.85, Back Right Min: 0.90
[rosout][INFO] 2025-03-27 15:24:11,211: Back Left Min: 0.85, Back Right Min: 0.90
[rosout][INFO] 2025-03-27 15:24:11,308: Back Left Min: 0.85, Back Right Min: 0.91
[rosout][INFO] 2025-03-27 15:24:11,412: Back Left Min: 0.86, Back Right Min: 0.91
[rosout][INFO] 2025-03-27 15:24:11,508: Back Left Min: 0.86, Back Right Min: 0.91
[rosout][INFO] 2025-03-27 15:24:11,612: Back Left Min: 0.86, Back Right Min: 0.90
[rosout][INFO] 2025-03-27 15:24:11,708: Back Left Min: 0.86, Back Right Min: 0.90
[rosout][INFO] 2025-03-27 15:24:11,812: Back Left Min: 0.86, Back Right Min: 0.90
[rosout][INFO] 2025-03-27 15:24:11,909: Back Left Min: 0.86, Back Right Min: 0.90
[rosout][INFO] 2025-03-27 15:24:12,012: Back Left Min: 0.86, Back Right Min: 0.90
[rosout][INFO] 2025-03-27 15:24:12,109: Back Left Min: 0.86, Back Right Min: 0.90
[rosout][INFO] 2025-03-27 15:24:12,212: Back Left Min: 0.86, Back Right Min: 0.89
[rosout][INFO] 2025-03-27 15:24:12,309: Back Left Min: 0.86, Back Right Min: 0.89
[rosout][INFO] 2025-03-27 15:24:12,412: Back Left Min: 0.86, Back Right Min: 0.90
[rosout][INFO] 2025-03-27 15:24:12,509: Back Left Min: 0.86, Back Right Min: 0.90
[rosout][INFO] 2025-03-27 15:24:12,612: Back Left Min: 0.86, Back Right Min: 0.90
[rosout][INFO] 2025-03-27 15:24:12,709: Back Left Min: 0.86, Back Right Min: 0.90
[rosout][INFO] 2025-03-27 15:24:12,812: Back Left Min: 0.86, Back Right Min: 0.90
[rosout][INFO] 2025-03-27 15:24:12,909: Back Left Min: 0.86, Back Right Min: 0.90
[rosout][INFO] 2025-03-27 15:24:13,012: Back Left Min: 0.86, Back Right Min: 0.90
[rosout][INFO] 2025-03-27 15:24:13,109: Back Left Min: 0.86, Back Right Min: 0.90
[rosout][INFO] 2025-03-27 15:24:13,212: Back Left Min: 0.86, Back Right Min: 0.90
[rosout][INFO] 2025-03-27 15:24:13,309: Back Left Min: 0.86, Back Right Min: 0.91
[rosout][INFO] 2025-03-27 15:24:13,412: Back Left Min: 0.86, Back Right Min: 0.91
[rosout][INFO] 2025-03-27 15:24:13,509: Back Left Min: 0.86, Back Right Min: 0.91
[rosout][INFO] 2025-03-27 15:24:13,613: Back Left Min: 0.87, Back Right Min: 0.90
[rosout][INFO] 2025-03-27 15:24:13,709: Back Left Min: 0.87, Back Right Min: 0.90
[rosout][INFO] 2025-03-27 15:24:13,813: Back Left Min: 0.87, Back Right Min: 0.89
[rosout][INFO] 2025-03-27 15:24:13,909: Back Left Min: 0.87, Back Right Min: 0.89
[rosout][INFO] 2025-03-27 15:24:14,013: Back Left Min: 0.87, Back Right Min: 0.89
[rosout][INFO] 2025-03-27 15:24:14,110: Back Left Min: 0.87, Back Right Min: 0.90
[rosout][INFO] 2025-03-27 15:24:14,213: Back Left Min: 0.87, Back Right Min: 0.90
[rosout][INFO] 2025-03-27 15:24:14,310: Back Left Min: 0.87, Back Right Min: 0.90
[rosout][INFO] 2025-03-27 15:24:14,413: Back Left Min: 0.87, Back Right Min: 0.91
[rosout][INFO] 2025-03-27 15:24:14,510: Back Left Min: 0.87, Back Right Min: 0.91
[rosout][INFO] 2025-03-27 15:24:14,613: Back Left Min: 0.87, Back Right Min: 0.91
[rosout][INFO] 2025-03-27 15:24:14,710: Back Left Min: 0.87, Back Right Min: 0.91
[rosout][INFO] 2025-03-27 15:24:14,813: Back Left Min: 0.87, Back Right Min: 0.91
[rosout][INFO] 2025-03-27 15:24:14,910: Back Left Min: 0.87, Back Right Min: 0.91
[rosout][INFO] 2025-03-27 15:24:15,013: Back Left Min: 0.87, Back Right Min: 0.92
[rosout][INFO] 2025-03-27 15:24:15,110: Back Left Min: 0.87, Back Right Min: 0.92
[rosout][INFO] 2025-03-27 15:24:15,213: Back Left Min: 0.87, Back Right Min: 0.92
[rosout][INFO] 2025-03-27 15:24:15,310: Back Left Min: 0.86, Back Right Min: 0.92
[rosout][INFO] 2025-03-27 15:24:15,413: Back Left Min: 0.86, Back Right Min: 0.92
[rosout][INFO] 2025-03-27 15:24:15,510: Back Left Min: 0.86, Back Right Min: 0.93
[rosout][INFO] 2025-03-27 15:24:15,613: Back Left Min: 0.86, Back Right Min: 0.93
[rosout][INFO] 2025-03-27 15:24:15,710: Back Left Min: 0.86, Back Right Min: 0.93
[rosout][INFO] 2025-03-27 15:24:15,813: Back Left Min: 0.86, Back Right Min: 0.92
[rosout][INFO] 2025-03-27 15:24:15,910: Back Left Min: 0.86, Back Right Min: 0.92
[rosout][INFO] 2025-03-27 15:24:16,013: Back Left Min: 0.86, Back Right Min: 0.92
[rosout][INFO] 2025-03-27 15:24:16,110: Back Left Min: 0.86, Back Right Min: 1.08
[rosout][INFO] 2025-03-27 15:24:16,214: Back Left Min: 0.86, Back Right Min: 1.08
[rosout][INFO] 2025-03-27 15:24:16,310: Back Left Min: 0.86, Back Right Min: 1.08
[rosout][INFO] 2025-03-27 15:24:16,414: Back Left Min: 0.86, Back Right Min: 1.08
[rosout][INFO] 2025-03-27 15:24:16,510: Back Left Min: 0.86, Back Right Min: 1.08
[rosout][INFO] 2025-03-27 15:24:16,614: Back Left Min: 0.86, Back Right Min: 1.08
[rosout][INFO] 2025-03-27 15:24:16,711: Back Left Min: 0.86, Back Right Min: 1.08
[rosout][INFO] 2025-03-27 15:24:16,814: Back Left Min: 0.86, Back Right Min: 1.08
[rosout][INFO] 2025-03-27 15:24:16,911: Back Left Min: 0.86, Back Right Min: 1.08
[rosout][INFO] 2025-03-27 15:24:17,014: Back Left Min: 0.86, Back Right Min: 1.08
[rosout][INFO] 2025-03-27 15:24:17,111: Back Left Min: 0.86, Back Right Min: 1.08
[rosout][INFO] 2025-03-27 15:24:17,214: Back Left Min: 0.86, Back Right Min: 1.08
[rosout][INFO] 2025-03-27 15:24:17,311: Back Left Min: 0.86, Back Right Min: 1.08
[rosout][INFO] 2025-03-27 15:24:17,414: Back Left Min: 0.86, Back Right Min: 1.08
[rosout][INFO] 2025-03-27 15:24:17,511: Back Left Min: 0.86, Back Right Min: 0.97
[rosout][INFO] 2025-03-27 15:24:17,614: Back Left Min: 0.86, Back Right Min: 0.97
[rosout][INFO] 2025-03-27 15:24:17,711: Back Left Min: 0.86, Back Right Min: 0.97
[rosout][INFO] 2025-03-27 15:24:17,814: Back Left Min: 0.86, Back Right Min: 1.08
[rosout][INFO] 2025-03-27 15:24:17,911: Back Left Min: 0.86, Back Right Min: 1.08
[rosout][INFO] 2025-03-27 15:24:18,014: Back Left Min: 0.86, Back Right Min: 1.08
[rosout][INFO] 2025-03-27 15:24:18,111: Back Left Min: 0.86, Back Right Min: 1.08
[rosout][INFO] 2025-03-27 15:24:18,214: Back Left Min: 0.86, Back Right Min: 1.08
[rosout][INFO] 2025-03-27 15:24:18,311: Back Left Min: 0.86, Back Right Min: 1.08
[rosout][INFO] 2025-03-27 15:24:18,414: Back Left Min: 0.86, Back Right Min: 1.08
[rosout][INFO] 2025-03-27 15:24:18,511: Back Left Min: 0.86, Back Right Min: 1.08
[rosout][INFO] 2025-03-27 15:24:18,615: Back Left Min: 0.86, Back Right Min: 1.08
[rosout][INFO] 2025-03-27 15:24:18,711: Back Left Min: 0.86, Back Right Min: 1.08
[rosout][INFO] 2025-03-27 15:24:18,815: Back Left Min: 0.86, Back Right Min: 1.08
[rosout][INFO] 2025-03-27 15:24:18,911: Back Left Min: 0.86, Back Right Min: 1.08
[rosout][INFO] 2025-03-27 15:24:19,015: Back Left Min: 0.86, Back Right Min: 1.08
[rosout][INFO] 2025-03-27 15:24:19,114: Back Left Min: 0.86, Back Right Min: 1.08
[rosout][INFO] 2025-03-27 15:24:19,215: Back Left Min: 0.86, Back Right Min: 1.08
[rosout][INFO] 2025-03-27 15:24:19,312: Back Left Min: 0.86, Back Right Min: 1.08
[rosout][INFO] 2025-03-27 15:24:19,415: Back Left Min: 0.86, Back Right Min: 1.08
[rosout][INFO] 2025-03-27 15:24:19,512: Back Left Min: 0.86, Back Right Min: 1.08
[rosout][INFO] 2025-03-27 15:24:19,615: Back Left Min: 0.86, Back Right Min: 1.08
[rosout][INFO] 2025-03-27 15:24:19,712: Back Left Min: 0.86, Back Right Min: 1.08
[rosout][INFO] 2025-03-27 15:24:19,815: Back Left Min: 0.86, Back Right Min: 1.08
[rosout][INFO] 2025-03-27 15:24:19,912: Back Left Min: 0.86, Back Right Min: 1.08
[rosout][INFO] 2025-03-27 15:24:20,015: Back Left Min: 0.86, Back Right Min: 1.08
[rosout][INFO] 2025-03-27 15:24:20,112: Back Left Min: 0.86, Back Right Min: 1.08
[rosout][INFO] 2025-03-27 15:24:20,215: Back Left Min: 0.86, Back Right Min: 1.08
[rosout][INFO] 2025-03-27 15:24:20,312: Back Left Min: 0.86, Back Right Min: 1.08
[rosout][INFO] 2025-03-27 15:24:20,415: Back Left Min: 0.86, Back Right Min: 1.08
[rosout][INFO] 2025-03-27 15:24:20,512: Back Left Min: 0.86, Back Right Min: 1.08
[rosout][INFO] 2025-03-27 15:24:20,615: Back Left Min: 0.86, Back Right Min: 1.08
[rosout][INFO] 2025-03-27 15:24:20,712: Back Left Min: 0.86, Back Right Min: 1.08
[rosout][INFO] 2025-03-27 15:24:20,815: Back Left Min: 0.86, Back Right Min: 1.08
[rosout][INFO] 2025-03-27 15:24:20,912: Back Left Min: 0.86, Back Right Min: 1.08
[rosout][INFO] 2025-03-27 15:24:21,016: Back Left Min: 0.86, Back Right Min: 1.08
[rosout][INFO] 2025-03-27 15:24:21,112: Back Left Min: 0.86, Back Right Min: 0.92
[rosout][INFO] 2025-03-27 15:24:21,216: Back Left Min: 0.86, Back Right Min: 0.92
[rosout][INFO] 2025-03-27 15:24:21,312: Back Left Min: 0.86, Back Right Min: 0.92
[rosout][INFO] 2025-03-27 15:24:21,416: Back Left Min: 0.86, Back Right Min: 0.92
[rosout][INFO] 2025-03-27 15:24:21,513: Back Left Min: 0.86, Back Right Min: 0.92
[rosout][INFO] 2025-03-27 15:24:21,616: Back Left Min: 0.86, Back Right Min: 0.92
[rosout][INFO] 2025-03-27 15:24:21,713: Back Left Min: 0.86, Back Right Min: 0.92
[rosout][INFO] 2025-03-27 15:24:21,816: Back Left Min: 0.86, Back Right Min: 0.92
[rosout][INFO] 2025-03-27 15:24:21,913: Back Left Min: 0.86, Back Right Min: 0.92
[rosout][INFO] 2025-03-27 15:24:22,016: Back Left Min: 0.86, Back Right Min: 0.93
[rosout][INFO] 2025-03-27 15:24:22,113: Back Left Min: 0.86, Back Right Min: 0.93
[rosout][INFO] 2025-03-27 15:24:22,216: Back Left Min: 0.86, Back Right Min: 0.93
[rosout][INFO] 2025-03-27 15:24:22,313: Back Left Min: 0.86, Back Right Min: 0.93
[rosout][INFO] 2025-03-27 15:24:22,416: Back Left Min: 0.86, Back Right Min: 0.93
[rosout][INFO] 2025-03-27 15:24:22,513: Back Left Min: 0.86, Back Right Min: 0.92
[rosout][INFO] 2025-03-27 15:24:22,616: Back Left Min: 0.87, Back Right Min: 0.92
[rosout][INFO] 2025-03-27 15:24:22,713: Back Left Min: 0.87, Back Right Min: 0.92
[rosout][INFO] 2025-03-27 15:24:22,816: Back Left Min: 0.87, Back Right Min: 0.92
[rosout][INFO] 2025-03-27 15:24:22,913: Back Left Min: 0.87, Back Right Min: 0.92
[rosout][INFO] 2025-03-27 15:24:23,017: Back Left Min: 0.87, Back Right Min: 0.92
[rosout][INFO] 2025-03-27 15:24:23,113: Back Left Min: 0.87, Back Right Min: 0.92
[rosout][INFO] 2025-03-27 15:24:23,216: Back Left Min: 0.87, Back Right Min: 0.92
[rosout][INFO] 2025-03-27 15:24:23,313: Back Left Min: 0.87, Back Right Min: 0.92
[rosout][INFO] 2025-03-27 15:24:23,416: Back Left Min: 0.87, Back Right Min: 0.93
[rosout][INFO] 2025-03-27 15:24:23,513: Back Left Min: 0.87, Back Right Min: 0.93
[rosout][INFO] 2025-03-27 15:24:23,616: Back Left Min: 0.87, Back Right Min: 0.91
[rosout][INFO] 2025-03-27 15:24:23,713: Back Left Min: 0.87, Back Right Min: 0.91
[rosout][INFO] 2025-03-27 15:24:23,817: Back Left Min: 0.87, Back Right Min: 0.91
[rosout][INFO] 2025-03-27 15:24:23,914: Back Left Min: 0.87, Back Right Min: 0.91
[rosout][INFO] 2025-03-27 15:24:24,017: Back Left Min: 0.87, Back Right Min: 0.91
[rosout][INFO] 2025-03-27 15:24:24,114: Back Left Min: 0.87, Back Right Min: 0.91
[rosout][INFO] 2025-03-27 15:24:24,217: Back Left Min: 0.87, Back Right Min: 0.89
[rosout][INFO] 2025-03-27 15:24:24,314: Back Left Min: 0.87, Back Right Min: 0.89
[rosout][INFO] 2025-03-27 15:24:24,417: Back Left Min: 0.87, Back Right Min: 0.89
[rosout][INFO] 2025-03-27 15:24:24,514: Back Left Min: 0.87, Back Right Min: 0.90
[rosout][INFO] 2025-03-27 15:24:24,617: Back Left Min: 0.87, Back Right Min: 0.90
[rosout][INFO] 2025-03-27 15:24:24,714: Back Left Min: 0.87, Back Right Min: 0.90
[rosout][INFO] 2025-03-27 15:24:24,817: Back Left Min: 0.87, Back Right Min: 0.91
[rosout][INFO] 2025-03-27 15:24:24,914: Back Left Min: 0.87, Back Right Min: 0.91
[rosout][INFO] 2025-03-27 15:24:25,017: Back Left Min: 0.87, Back Right Min: 0.91
[rosout][INFO] 2025-03-27 15:24:25,114: Back Left Min: 0.87, Back Right Min: 0.91
[rosout][INFO] 2025-03-27 15:24:25,217: Back Left Min: 0.87, Back Right Min: 0.91
[rosout][INFO] 2025-03-27 15:24:25,314: Back Left Min: 0.87, Back Right Min: 0.91
[rosout][INFO] 2025-03-27 15:24:25,417: Back Left Min: 0.87, Back Right Min: 0.91
[rosout][INFO] 2025-03-27 15:24:25,514: Back Left Min: 0.87, Back Right Min: 0.91
[rosout][INFO] 2025-03-27 15:24:25,617: Back Left Min: 0.87, Back Right Min: 0.91
[rosout][INFO] 2025-03-27 15:24:25,714: Back Left Min: 0.86, Back Right Min: 0.91
[rosout][INFO] 2025-03-27 15:24:25,818: Back Left Min: 0.86, Back Right Min: 0.91
[rosout][INFO] 2025-03-27 15:24:25,914: Back Left Min: 0.86, Back Right Min: 0.91
[rosout][INFO] 2025-03-27 15:24:26,018: Back Left Min: 0.86, Back Right Min: 0.91
[rosout][INFO] 2025-03-27 15:24:26,114: Back Left Min: 0.86, Back Right Min: 0.91
[rosout][INFO] 2025-03-27 15:24:26,218: Back Left Min: 0.86, Back Right Min: 0.92
[rosout][INFO] 2025-03-27 15:24:26,314: Back Left Min: 0.86, Back Right Min: 0.92
[rosout][INFO] 2025-03-27 15:24:26,418: Back Left Min: 0.86, Back Right Min: 0.92
[rosout][INFO] 2025-03-27 15:24:26,515: Back Left Min: 0.87, Back Right Min: 0.92
[rosout][INFO] 2025-03-27 15:24:26,618: Back Left Min: 0.87, Back Right Min: 0.92
[rosout][INFO] 2025-03-27 15:24:26,715: Back Left Min: 0.87, Back Right Min: 0.91
[rosout][INFO] 2025-03-27 15:24:26,818: Back Left Min: 0.87, Back Right Min: 0.91
[rosout][INFO] 2025-03-27 15:24:26,915: Back Left Min: 0.87, Back Right Min: 0.91
[rosout][INFO] 2025-03-27 15:24:27,018: Back Left Min: 0.87, Back Right Min: 0.89
[rosout][INFO] 2025-03-27 15:24:27,115: Back Left Min: 0.87, Back Right Min: 0.89
[rosout][INFO] 2025-03-27 15:24:27,218: Back Left Min: 0.87, Back Right Min: 0.89
[rosout][INFO] 2025-03-27 15:24:27,315: Back Left Min: 0.87, Back Right Min: 0.89
[rosout][INFO] 2025-03-27 15:24:27,418: Back Left Min: 0.87, Back Right Min: 0.89
[rosout][INFO] 2025-03-27 15:24:27,515: Back Left Min: 0.87, Back Right Min: 0.89
[rosout][INFO] 2025-03-27 15:24:27,618: Back Left Min: 0.87, Back Right Min: 0.91
[rosout][INFO] 2025-03-27 15:24:27,715: Back Left Min: 0.87, Back Right Min: 0.91
[rosout][INFO] 2025-03-27 15:24:27,818: Back Left Min: 0.87, Back Right Min: 0.91
[rosout][INFO] 2025-03-27 15:24:27,915: Back Left Min: 0.87, Back Right Min: 0.91
[rosout][INFO] 2025-03-27 15:24:28,018: Back Left Min: 0.87, Back Right Min: 0.91
[rosout][INFO] 2025-03-27 15:24:28,115: Back Left Min: 0.87, Back Right Min: 0.91
[rosout][INFO] 2025-03-27 15:24:28,218: Back Left Min: 0.87, Back Right Min: 0.91
[rosout][INFO] 2025-03-27 15:24:28,315: Back Left Min: 0.87, Back Right Min: 0.91
[rosout][INFO] 2025-03-27 15:24:28,419: Back Left Min: 0.87, Back Right Min: 0.90
[rosout][INFO] 2025-03-27 15:24:28,515: Back Left Min: 0.87, Back Right Min: 0.90
[rosout][INFO] 2025-03-27 15:24:28,619: Back Left Min: 0.87, Back Right Min: 0.90
[rosout][INFO] 2025-03-27 15:24:28,715: Back Left Min: 0.87, Back Right Min: 0.91
[rosout][INFO] 2025-03-27 15:24:28,819: Back Left Min: 0.87, Back Right Min: 0.91
[rosout][INFO] 2025-03-27 15:24:28,916: Back Left Min: 0.87, Back Right Min: 0.91
[rosout][INFO] 2025-03-27 15:24:29,019: Back Left Min: 0.87, Back Right Min: 0.88
[rosout][INFO] 2025-03-27 15:24:29,116: Back Left Min: 0.87, Back Right Min: 0.88
[rosout][INFO] 2025-03-27 15:24:29,219: Back Left Min: 0.87, Back Right Min: 0.91
[rosout][INFO] 2025-03-27 15:24:29,316: Back Left Min: 0.87, Back Right Min: 0.91
[rosout][INFO] 2025-03-27 15:24:29,419: Back Left Min: 0.87, Back Right Min: 0.91
[rosout][INFO] 2025-03-27 15:24:29,516: Back Left Min: 0.87, Back Right Min: 0.90
[rosout][INFO] 2025-03-27 15:24:29,619: Back Left Min: 0.87, Back Right Min: 0.90
[rosout][INFO] 2025-03-27 15:24:29,716: Back Left Min: 0.87, Back Right Min: 0.90
[rosout][INFO] 2025-03-27 15:24:29,819: Back Left Min: 0.87, Back Right Min: 0.91
[rosout][INFO] 2025-03-27 15:24:29,916: Back Left Min: 0.87, Back Right Min: 0.91
[rosout][INFO] 2025-03-27 15:24:30,019: Back Left Min: 0.87, Back Right Min: 0.91
[rosout][INFO] 2025-03-27 15:24:30,116: Back Left Min: 0.87, Back Right Min: 0.90
[rosout][INFO] 2025-03-27 15:24:30,219: Back Left Min: 0.87, Back Right Min: 0.90
[rosout][INFO] 2025-03-27 15:24:30,316: Back Left Min: 0.87, Back Right Min: 0.90
[rosout][INFO] 2025-03-27 15:24:30,420: Back Left Min: 0.87, Back Right Min: 0.91
[rosout][INFO] 2025-03-27 15:24:30,516: Back Left Min: 0.87, Back Right Min: 0.91
[rosout][INFO] 2025-03-27 15:24:30,619: Back Left Min: 0.87, Back Right Min: 0.91
[rosout][INFO] 2025-03-27 15:24:30,717: Back Left Min: 0.87, Back Right Min: 0.91
[rosout][INFO] 2025-03-27 15:24:30,820: Back Left Min: 0.87, Back Right Min: 0.91
[rosout][INFO] 2025-03-27 15:24:30,917: Back Left Min: 0.87, Back Right Min: 0.91
[rosout][INFO] 2025-03-27 15:24:31,020: Back Left Min: 0.87, Back Right Min: 0.91
[rosout][INFO] 2025-03-27 15:24:31,117: Back Left Min: 0.87, Back Right Min: 0.91
[rosout][INFO] 2025-03-27 15:24:31,220: Back Left Min: 0.87, Back Right Min: 0.88
[rosout][INFO] 2025-03-27 15:24:31,317: Back Left Min: 0.87, Back Right Min: 0.88
[rosout][INFO] 2025-03-27 15:24:31,420: Back Left Min: 0.87, Back Right Min: 0.88
[rosout][INFO] 2025-03-27 15:24:31,517: Back Left Min: 0.87, Back Right Min: 0.87
[rosout][INFO] 2025-03-27 15:24:31,620: Back Left Min: 0.87, Back Right Min: 0.87
[rosout][INFO] 2025-03-27 15:24:31,717: Back Left Min: 0.87, Back Right Min: 0.87
[rosout][INFO] 2025-03-27 15:24:31,820: Back Left Min: 0.87, Back Right Min: 0.93
[rosout][INFO] 2025-03-27 15:24:31,917: Back Left Min: 0.87, Back Right Min: 0.93
[rosout][INFO] 2025-03-27 15:24:32,020: Back Left Min: 0.87, Back Right Min: 0.92
[rosout][INFO] 2025-03-27 15:24:32,117: Back Left Min: 0.86, Back Right Min: 0.92
[rosout][INFO] 2025-03-27 15:24:32,220: Back Left Min: 0.86, Back Right Min: 0.92
[rosout][INFO] 2025-03-27 15:24:32,317: Back Left Min: 0.86, Back Right Min: 0.91
[rosout][INFO] 2025-03-27 15:24:32,420: Back Left Min: 0.86, Back Right Min: 0.91
[rosout][INFO] 2025-03-27 15:24:32,518: Back Left Min: 0.86, Back Right Min: 0.91
[rosout][INFO] 2025-03-27 15:24:32,620: Back Left Min: 0.86, Back Right Min: 0.93
[rosout][INFO] 2025-03-27 15:24:32,718: Back Left Min: 0.86, Back Right Min: 0.93
[rosout][INFO] 2025-03-27 15:24:32,821: Back Left Min: 0.86, Back Right Min: 0.93
[rosout][INFO] 2025-03-27 15:24:32,917: Back Left Min: 0.86, Back Right Min: 0.93
[rosout][INFO] 2025-03-27 15:24:33,020: Back Left Min: 0.86, Back Right Min: 0.93
[rosout][INFO] 2025-03-27 15:24:33,117: Back Left Min: 0.86, Back Right Min: 0.93
[rosout][INFO] 2025-03-27 15:24:33,221: Back Left Min: 0.86, Back Right Min: 1.08
[rosout][INFO] 2025-03-27 15:24:33,317: Back Left Min: 0.86, Back Right Min: 1.08
[rosout][INFO] 2025-03-27 15:24:33,421: Back Left Min: 0.86, Back Right Min: 1.08
[rosout][INFO] 2025-03-27 15:24:33,518: Back Left Min: 0.87, Back Right Min: 1.08
[rosout][INFO] 2025-03-27 15:24:33,621: Back Left Min: 0.87, Back Right Min: 1.08
[rosout][INFO] 2025-03-27 15:24:33,718: Back Left Min: 0.87, Back Right Min: 1.08
[rosout][INFO] 2025-03-27 15:24:33,821: Back Left Min: 0.87, Back Right Min: 1.08
[rosout][INFO] 2025-03-27 15:24:33,918: Back Left Min: 0.87, Back Right Min: 1.08
[rosout][INFO] 2025-03-27 15:24:34,021: Back Left Min: 0.87, Back Right Min: 1.08
[rosout][INFO] 2025-03-27 15:24:34,118: Back Left Min: 0.87, Back Right Min: 1.08
[rosout][INFO] 2025-03-27 15:24:34,221: Back Left Min: 0.87, Back Right Min: 1.08
[rosout][INFO] 2025-03-27 15:24:34,318: Back Left Min: 0.87, Back Right Min: 1.08
[rosout][INFO] 2025-03-27 15:24:34,421: Back Left Min: 0.87, Back Right Min: 1.08
[rosout][INFO] 2025-03-27 15:24:34,518: Back Left Min: 0.87, Back Right Min: 1.08
[rosout][INFO] 2025-03-27 15:24:34,621: Back Left Min: 0.87, Back Right Min: 1.08
[rosout][INFO] 2025-03-27 15:24:34,718: Back Left Min: 0.87, Back Right Min: 1.08
[rosout][INFO] 2025-03-27 15:24:34,821: Back Left Min: 0.87, Back Right Min: 1.08
[rosout][INFO] 2025-03-27 15:24:34,918: Back Left Min: 0.87, Back Right Min: 1.08
[rosout][INFO] 2025-03-27 15:24:35,021: Back Left Min: 0.87, Back Right Min: 1.08
[rosout][INFO] 2025-03-27 15:24:35,118: Back Left Min: 0.87, Back Right Min: 1.08
[rosout][INFO] 2025-03-27 15:24:35,221: Back Left Min: 0.87, Back Right Min: 1.08
[rosout][INFO] 2025-03-27 15:24:35,318: Back Left Min: 0.87, Back Right Min: 1.08
[rosout][INFO] 2025-03-27 15:24:35,421: Back Left Min: 0.87, Back Right Min: 1.08
[rosout][INFO] 2025-03-27 15:24:35,518: Back Left Min: 0.87, Back Right Min: 1.08
[rosout][INFO] 2025-03-27 15:24:35,621: Back Left Min: 0.87, Back Right Min: 1.08
[rosout][INFO] 2025-03-27 15:24:35,718: Back Left Min: 0.87, Back Right Min: 1.08
[rosout][INFO] 2025-03-27 15:24:35,821: Back Left Min: 0.87, Back Right Min: 1.08
[rosout][INFO] 2025-03-27 15:24:35,918: Back Left Min: 0.87, Back Right Min: 1.08
[rosout][INFO] 2025-03-27 15:24:36,022: Back Left Min: 0.87, Back Right Min: 1.08
[rosout][INFO] 2025-03-27 15:24:36,119: Back Left Min: 0.87, Back Right Min: 1.08
[rosout][INFO] 2025-03-27 15:24:36,222: Back Left Min: 0.87, Back Right Min: 1.08
[rosout][INFO] 2025-03-27 15:24:36,319: Back Left Min: 0.87, Back Right Min: 1.08
[rosout][INFO] 2025-03-27 15:24:36,422: Back Left Min: 0.87, Back Right Min: 1.08
[rosout][INFO] 2025-03-27 15:24:36,519: Back Left Min: 0.87, Back Right Min: 1.08
[rosout][INFO] 2025-03-27 15:24:36,622: Back Left Min: 0.87, Back Right Min: 1.08
[rosout][INFO] 2025-03-27 15:24:36,719: Back Left Min: 0.87, Back Right Min: 1.08
[rosout][INFO] 2025-03-27 15:24:36,822: Back Left Min: 0.87, Back Right Min: 1.08
[rosout][INFO] 2025-03-27 15:24:36,919: Back Left Min: 0.87, Back Right Min: 1.08
[rosout][INFO] 2025-03-27 15:24:37,022: Back Left Min: 0.87, Back Right Min: 1.08
[rosout][INFO] 2025-03-27 15:24:37,119: Back Left Min: 0.87, Back Right Min: 1.08
[rosout][INFO] 2025-03-27 15:24:37,222: Back Left Min: 0.87, Back Right Min: 1.08
[rosout][INFO] 2025-03-27 15:24:37,319: Back Left Min: 0.87, Back Right Min: 1.08
[rosout][INFO] 2025-03-27 15:24:37,422: Back Left Min: 0.87, Back Right Min: 1.08
[rosout][INFO] 2025-03-27 15:24:37,519: Back Left Min: 0.87, Back Right Min: 1.08
[rosout][INFO] 2025-03-27 15:24:37,622: Back Left Min: 0.87, Back Right Min: 1.08
[rosout][INFO] 2025-03-27 15:24:37,719: Back Left Min: 0.87, Back Right Min: 1.08
[rosout][INFO] 2025-03-27 15:24:37,822: Back Left Min: 0.87, Back Right Min: 1.08
[rosout][INFO] 2025-03-27 15:24:37,919: Back Left Min: 0.87, Back Right Min: 1.08
[rosout][INFO] 2025-03-27 15:24:38,022: Back Left Min: 0.87, Back Right Min: 1.08
[rosout][INFO] 2025-03-27 15:24:38,119: Back Left Min: 0.87, Back Right Min: 1.08
[rosout][INFO] 2025-03-27 15:24:38,223: Back Left Min: 0.87, Back Right Min: 1.08
[rosout][INFO] 2025-03-27 15:24:38,319: Back Left Min: 0.87, Back Right Min: 1.08
[rosout][INFO] 2025-03-27 15:24:38,423: Back Left Min: 0.87, Back Right Min: 1.08
[rosout][INFO] 2025-03-27 15:24:38,519: Back Left Min: 0.87, Back Right Min: 1.08
[rosout][INFO] 2025-03-27 15:24:38,623: Back Left Min: 0.87, Back Right Min: 1.08
[rosout][INFO] 2025-03-27 15:24:38,720: Back Left Min: 0.87, Back Right Min: 1.08
[rosout][INFO] 2025-03-27 15:24:38,823: Back Left Min: 0.87, Back Right Min: 1.08
[rosout][INFO] 2025-03-27 15:24:38,920: Back Left Min: 0.87, Back Right Min: 1.08
[rosout][INFO] 2025-03-27 15:24:39,023: Back Left Min: 0.87, Back Right Min: 1.08
[rosout][INFO] 2025-03-27 15:24:39,120: Back Left Min: 0.87, Back Right Min: 1.08
[rosout][INFO] 2025-03-27 15:24:39,223: Back Left Min: 0.87, Back Right Min: 1.08
[rosout][INFO] 2025-03-27 15:24:39,320: Back Left Min: 0.87, Back Right Min: 0.90
[rosout][INFO] 2025-03-27 15:24:39,423: Back Left Min: 0.87, Back Right Min: 0.90
[rosout][INFO] 2025-03-27 15:24:39,520: Back Left Min: 0.87, Back Right Min: 0.90
[rosout][INFO] 2025-03-27 15:24:39,623: Back Left Min: 0.87, Back Right Min: 1.08
[rosout][INFO] 2025-03-27 15:24:39,720: Back Left Min: 0.87, Back Right Min: 1.08
[rosout][INFO] 2025-03-27 15:24:39,823: Back Left Min: 0.87, Back Right Min: 1.08
[rosout][INFO] 2025-03-27 15:24:39,920: Back Left Min: 0.87, Back Right Min: 1.08
[rosout][INFO] 2025-03-27 15:24:40,023: Back Left Min: 0.87, Back Right Min: 1.08
[rosout][INFO] 2025-03-27 15:24:40,120: Back Left Min: 0.87, Back Right Min: 1.08
[rosout][INFO] 2025-03-27 15:24:40,223: Back Left Min: 0.87, Back Right Min: 1.08
[rosout][INFO] 2025-03-27 15:24:40,320: Back Left Min: 0.87, Back Right Min: 1.08
[rosout][INFO] 2025-03-27 15:24:40,423: Back Left Min: 0.87, Back Right Min: 1.08
[rosout][INFO] 2025-03-27 15:24:40,520: Back Left Min: 0.87, Back Right Min: 1.08
[rosout][INFO] 2025-03-27 15:24:40,623: Back Left Min: 0.87, Back Right Min: 1.08
[rosout][INFO] 2025-03-27 15:24:40,721: Back Left Min: 0.87, Back Right Min: 1.08
[rosout][INFO] 2025-03-27 15:24:40,824: Back Left Min: 0.87, Back Right Min: 1.08
[rosout][INFO] 2025-03-27 15:24:40,921: Back Left Min: 0.87, Back Right Min: 1.08
[rosout][INFO] 2025-03-27 15:24:41,024: Back Left Min: 0.87, Back Right Min: 1.08
[rosout][INFO] 2025-03-27 15:24:41,121: Back Left Min: 0.87, Back Right Min: 1.08
[rosout][INFO] 2025-03-27 15:24:41,224: Back Left Min: 0.87, Back Right Min: 1.08
[rosout][INFO] 2025-03-27 15:24:41,321: Back Left Min: 0.87, Back Right Min: 1.08
[rosout][INFO] 2025-03-27 15:24:41,424: Back Left Min: 0.87, Back Right Min: 1.08
[rosout][INFO] 2025-03-27 15:24:41,521: Back Left Min: 0.87, Back Right Min: 1.08
[rosout][INFO] 2025-03-27 15:24:41,624: Back Left Min: 0.87, Back Right Min: 1.08
[rosout][INFO] 2025-03-27 15:24:41,721: Back Left Min: 0.87, Back Right Min: 1.08
[rosout][INFO] 2025-03-27 15:24:41,824: Back Left Min: 0.87, Back Right Min: 1.08
[rosout][INFO] 2025-03-27 15:24:41,921: Back Left Min: 0.87, Back Right Min: 1.08
[rosout][INFO] 2025-03-27 15:24:42,024: Back Left Min: 0.87, Back Right Min: 1.08
[rosout][INFO] 2025-03-27 15:24:42,121: Back Left Min: 0.87, Back Right Min: 1.08
[rosout][INFO] 2025-03-27 15:24:42,224: Back Left Min: 0.87, Back Right Min: 1.08
[rosout][INFO] 2025-03-27 15:24:42,321: Back Left Min: 0.87, Back Right Min: 1.08
[rosout][INFO] 2025-03-27 15:24:42,424: Back Left Min: 0.87, Back Right Min: 1.08
[rosout][INFO] 2025-03-27 15:24:42,521: Back Left Min: 0.87, Back Right Min: 1.08
[rosout][INFO] 2025-03-27 15:24:42,624: Back Left Min: 0.87, Back Right Min: 1.08
[rosout][INFO] 2025-03-27 15:24:42,721: Back Left Min: 0.87, Back Right Min: 1.08
[rosout][INFO] 2025-03-27 15:24:42,824: Back Left Min: 0.87, Back Right Min: 1.08
[rosout][INFO] 2025-03-27 15:24:42,921: Back Left Min: 0.87, Back Right Min: 1.08
[rosout][INFO] 2025-03-27 15:24:43,025: Back Left Min: 0.87, Back Right Min: 1.08
[rosout][INFO] 2025-03-27 15:24:43,121: Back Left Min: 0.87, Back Right Min: 1.08
[rosout][INFO] 2025-03-27 15:24:43,225: Back Left Min: 0.87, Back Right Min: 1.08
[rosout][INFO] 2025-03-27 15:24:43,321: Back Left Min: 0.87, Back Right Min: 1.08
[rosout][INFO] 2025-03-27 15:24:43,425: Back Left Min: 0.87, Back Right Min: 1.08
[rosout][INFO] 2025-03-27 15:24:43,522: Back Left Min: 0.87, Back Right Min: 1.08
[rosout][INFO] 2025-03-27 15:24:43,625: Back Left Min: 0.87, Back Right Min: 1.08
