[rospy.client][INFO] 2025-03-27 14:08:14,055: init_node, name[/sonar_processor_4703_1743059294042], pid[4703]
[xmlrpc][INFO] 2025-03-27 14:08:14,055: XML-RPC server binding to 127.0.0.1:0
[xmlrpc][INFO] 2025-03-27 14:08:14,055: Started XML-RPC server [http://localhost:35875/]
[rospy.init][INFO] 2025-03-27 14:08:14,055: ROS Slave URI: [http://localhost:35875/]
[rospy.impl.masterslave][INFO] 2025-03-27 14:08:14,055: _ready: http://localhost:35875/
[rospy.registration][INFO] 2025-03-27 14:08:14,056: Registering with master node http://localhost:11311
[xmlrpc][INFO] 2025-03-27 14:08:14,056: xml rpc node: starting XML-RPC server
[rospy.init][INFO] 2025-03-27 14:08:14,155: registered with master
[rospy.rosout][INFO] 2025-03-27 14:08:14,156: initializing /rosout core topic
[rospy.rosout][INFO] 2025-03-27 14:08:14,162: connected to core topic /rosout
[rospy.simtime][INFO] 2025-03-27 14:08:14,165: /use_sim_time is not set, will not subscribe to simulated time [/clock] topic
[rosout][INFO] 2025-03-27 14:08:14,178: Sonar processor initialized
[rospy.internal][INFO] 2025-03-27 14:08:14,222: topic[/RosAria/sonar] adding connection to [http://localhost:37299/], count 0
[rosout][ERROR] 2025-03-27 14:08:14,264: bad callback: <bound method SonarProcessor.sonar_callback of <__main__.SonarProcessor instance at 0x7fa8c66aa170>>
Traceback (most recent call last):
  File "/opt/ros/kinetic/lib/python2.7/dist-packages/rospy/topics.py", line 750, in _invoke_callback
    cb(msg)
  File "sonar_get_min_dist.py", line 27, in sonar_callback
    self.back_left_min, self.back_right_min = self.process_sonar_data(data)
  File "sonar_get_min_dist.py", line 51, in process_sonar_data
    self.print_sonar(br_dist)
  File "sonar_get_min_dist.py", line 34, in print_sonar
    for i in range(data):
TypeError: range() integer end argument expected, got list.

[rosout][ERROR] 2025-03-27 14:08:14,366: bad callback: <bound method SonarProcessor.sonar_callback of <__main__.SonarProcessor instance at 0x7fa8c66aa170>>
Traceback (most recent call last):
  File "/opt/ros/kinetic/lib/python2.7/dist-packages/rospy/topics.py", line 750, in _invoke_callback
    cb(msg)
  File "sonar_get_min_dist.py", line 27, in sonar_callback
    self.back_left_min, self.back_right_min = self.process_sonar_data(data)
  File "sonar_get_min_dist.py", line 51, in process_sonar_data
    self.print_sonar(br_dist)
  File "sonar_get_min_dist.py", line 34, in print_sonar
    for i in range(data):
TypeError: range() integer end argument expected, got list.

[rospy.internal][INFO] 2025-03-27 14:08:14,408: topic[/rosout] adding connection to [/rosout], count 0
[rosout][ERROR] 2025-03-27 14:08:14,469: bad callback: <bound method SonarProcessor.sonar_callback of <__main__.SonarProcessor instance at 0x7fa8c66aa170>>
Traceback (most recent call last):
  File "/opt/ros/kinetic/lib/python2.7/dist-packages/rospy/topics.py", line 750, in _invoke_callback
    cb(msg)
  File "sonar_get_min_dist.py", line 27, in sonar_callback
    self.back_left_min, self.back_right_min = self.process_sonar_data(data)
  File "sonar_get_min_dist.py", line 51, in process_sonar_data
    self.print_sonar(br_dist)
  File "sonar_get_min_dist.py", line 34, in print_sonar
    for i in range(data):
TypeError: range() integer end argument expected, got list.

[rosout][ERROR] 2025-03-27 14:08:14,566: bad callback: <bound method SonarProcessor.sonar_callback of <__main__.SonarProcessor instance at 0x7fa8c66aa170>>
Traceback (most recent call last):
  File "/opt/ros/kinetic/lib/python2.7/dist-packages/rospy/topics.py", line 750, in _invoke_callback
    cb(msg)
  File "sonar_get_min_dist.py", line 27, in sonar_callback
    self.back_left_min, self.back_right_min = self.process_sonar_data(data)
  File "sonar_get_min_dist.py", line 51, in process_sonar_data
    self.print_sonar(br_dist)
  File "sonar_get_min_dist.py", line 34, in print_sonar
    for i in range(data):
TypeError: range() integer end argument expected, got list.

[rosout][ERROR] 2025-03-27 14:08:14,669: bad callback: <bound method SonarProcessor.sonar_callback of <__main__.SonarProcessor instance at 0x7fa8c66aa170>>
Traceback (most recent call last):
  File "/opt/ros/kinetic/lib/python2.7/dist-packages/rospy/topics.py", line 750, in _invoke_callback
    cb(msg)
  File "sonar_get_min_dist.py", line 27, in sonar_callback
    self.back_left_min, self.back_right_min = self.process_sonar_data(data)
  File "sonar_get_min_dist.py", line 51, in process_sonar_data
    self.print_sonar(br_dist)
  File "sonar_get_min_dist.py", line 34, in print_sonar
    for i in range(data):
TypeError: range() integer end argument expected, got list.

[rosout][ERROR] 2025-03-27 14:08:14,766: bad callback: <bound method SonarProcessor.sonar_callback of <__main__.SonarProcessor instance at 0x7fa8c66aa170>>
Traceback (most recent call last):
  File "/opt/ros/kinetic/lib/python2.7/dist-packages/rospy/topics.py", line 750, in _invoke_callback
    cb(msg)
  File "sonar_get_min_dist.py", line 27, in sonar_callback
    self.back_left_min, self.back_right_min = self.process_sonar_data(data)
  File "sonar_get_min_dist.py", line 51, in process_sonar_data
    self.print_sonar(br_dist)
  File "sonar_get_min_dist.py", line 34, in print_sonar
    for i in range(data):
TypeError: range() integer end argument expected, got list.

[rosout][ERROR] 2025-03-27 14:08:14,869: bad callback: <bound method SonarProcessor.sonar_callback of <__main__.SonarProcessor instance at 0x7fa8c66aa170>>
Traceback (most recent call last):
  File "/opt/ros/kinetic/lib/python2.7/dist-packages/rospy/topics.py", line 750, in _invoke_callback
    cb(msg)
  File "sonar_get_min_dist.py", line 27, in sonar_callback
    self.back_left_min, self.back_right_min = self.process_sonar_data(data)
  File "sonar_get_min_dist.py", line 51, in process_sonar_data
    self.print_sonar(br_dist)
  File "sonar_get_min_dist.py", line 34, in print_sonar
    for i in range(data):
TypeError: range() integer end argument expected, got list.

[rosout][ERROR] 2025-03-27 14:08:14,966: bad callback: <bound method SonarProcessor.sonar_callback of <__main__.SonarProcessor instance at 0x7fa8c66aa170>>
Traceback (most recent call last):
  File "/opt/ros/kinetic/lib/python2.7/dist-packages/rospy/topics.py", line 750, in _invoke_callback
    cb(msg)
  File "sonar_get_min_dist.py", line 27, in sonar_callback
    self.back_left_min, self.back_right_min = self.process_sonar_data(data)
  File "sonar_get_min_dist.py", line 51, in process_sonar_data
    self.print_sonar(br_dist)
  File "sonar_get_min_dist.py", line 34, in print_sonar
    for i in range(data):
TypeError: range() integer end argument expected, got list.

[rosout][ERROR] 2025-03-27 14:08:15,069: bad callback: <bound method SonarProcessor.sonar_callback of <__main__.SonarProcessor instance at 0x7fa8c66aa170>>
Traceback (most recent call last):
  File "/opt/ros/kinetic/lib/python2.7/dist-packages/rospy/topics.py", line 750, in _invoke_callback
    cb(msg)
  File "sonar_get_min_dist.py", line 27, in sonar_callback
    self.back_left_min, self.back_right_min = self.process_sonar_data(data)
  File "sonar_get_min_dist.py", line 51, in process_sonar_data
    self.print_sonar(br_dist)
  File "sonar_get_min_dist.py", line 34, in print_sonar
    for i in range(data):
TypeError: range() integer end argument expected, got list.

[rosout][ERROR] 2025-03-27 14:08:15,166: bad callback: <bound method SonarProcessor.sonar_callback of <__main__.SonarProcessor instance at 0x7fa8c66aa170>>
Traceback (most recent call last):
  File "/opt/ros/kinetic/lib/python2.7/dist-packages/rospy/topics.py", line 750, in _invoke_callback
    cb(msg)
  File "sonar_get_min_dist.py", line 27, in sonar_callback
    self.back_left_min, self.back_right_min = self.process_sonar_data(data)
  File "sonar_get_min_dist.py", line 51, in process_sonar_data
    self.print_sonar(br_dist)
  File "sonar_get_min_dist.py", line 34, in print_sonar
    for i in range(data):
TypeError: range() integer end argument expected, got list.

[rosout][ERROR] 2025-03-27 14:08:15,269: bad callback: <bound method SonarProcessor.sonar_callback of <__main__.SonarProcessor instance at 0x7fa8c66aa170>>
Traceback (most recent call last):
  File "/opt/ros/kinetic/lib/python2.7/dist-packages/rospy/topics.py", line 750, in _invoke_callback
    cb(msg)
  File "sonar_get_min_dist.py", line 27, in sonar_callback
    self.back_left_min, self.back_right_min = self.process_sonar_data(data)
  File "sonar_get_min_dist.py", line 51, in process_sonar_data
    self.print_sonar(br_dist)
  File "sonar_get_min_dist.py", line 34, in print_sonar
    for i in range(data):
TypeError: range() integer end argument expected, got list.

[rosout][ERROR] 2025-03-27 14:08:15,366: bad callback: <bound method SonarProcessor.sonar_callback of <__main__.SonarProcessor instance at 0x7fa8c66aa170>>
Traceback (most recent call last):
  File "/opt/ros/kinetic/lib/python2.7/dist-packages/rospy/topics.py", line 750, in _invoke_callback
    cb(msg)
  File "sonar_get_min_dist.py", line 27, in sonar_callback
    self.back_left_min, self.back_right_min = self.process_sonar_data(data)
  File "sonar_get_min_dist.py", line 51, in process_sonar_data
    self.print_sonar(br_dist)
  File "sonar_get_min_dist.py", line 34, in print_sonar
    for i in range(data):
TypeError: range() integer end argument expected, got list.

[rosout][ERROR] 2025-03-27 14:08:15,470: bad callback: <bound method SonarProcessor.sonar_callback of <__main__.SonarProcessor instance at 0x7fa8c66aa170>>
Traceback (most recent call last):
  File "/opt/ros/kinetic/lib/python2.7/dist-packages/rospy/topics.py", line 750, in _invoke_callback
    cb(msg)
  File "sonar_get_min_dist.py", line 27, in sonar_callback
    self.back_left_min, self.back_right_min = self.process_sonar_data(data)
  File "sonar_get_min_dist.py", line 51, in process_sonar_data
    self.print_sonar(br_dist)
  File "sonar_get_min_dist.py", line 34, in print_sonar
    for i in range(data):
TypeError: range() integer end argument expected, got list.

[rosout][ERROR] 2025-03-27 14:08:15,566: bad callback: <bound method SonarProcessor.sonar_callback of <__main__.SonarProcessor instance at 0x7fa8c66aa170>>
Traceback (most recent call last):
  File "/opt/ros/kinetic/lib/python2.7/dist-packages/rospy/topics.py", line 750, in _invoke_callback
    cb(msg)
  File "sonar_get_min_dist.py", line 27, in sonar_callback
    self.back_left_min, self.back_right_min = self.process_sonar_data(data)
  File "sonar_get_min_dist.py", line 51, in process_sonar_data
    self.print_sonar(br_dist)
  File "sonar_get_min_dist.py", line 34, in print_sonar
    for i in range(data):
TypeError: range() integer end argument expected, got list.

[rosout][ERROR] 2025-03-27 14:08:15,670: bad callback: <bound method SonarProcessor.sonar_callback of <__main__.SonarProcessor instance at 0x7fa8c66aa170>>
Traceback (most recent call last):
  File "/opt/ros/kinetic/lib/python2.7/dist-packages/rospy/topics.py", line 750, in _invoke_callback
    cb(msg)
  File "sonar_get_min_dist.py", line 27, in sonar_callback
    self.back_left_min, self.back_right_min = self.process_sonar_data(data)
  File "sonar_get_min_dist.py", line 51, in process_sonar_data
    self.print_sonar(br_dist)
  File "sonar_get_min_dist.py", line 34, in print_sonar
    for i in range(data):
TypeError: range() integer end argument expected, got list.

[rosout][ERROR] 2025-03-27 14:08:15,767: bad callback: <bound method SonarProcessor.sonar_callback of <__main__.SonarProcessor instance at 0x7fa8c66aa170>>
Traceback (most recent call last):
  File "/opt/ros/kinetic/lib/python2.7/dist-packages/rospy/topics.py", line 750, in _invoke_callback
    cb(msg)
  File "sonar_get_min_dist.py", line 27, in sonar_callback
    self.back_left_min, self.back_right_min = self.process_sonar_data(data)
  File "sonar_get_min_dist.py", line 51, in process_sonar_data
    self.print_sonar(br_dist)
  File "sonar_get_min_dist.py", line 34, in print_sonar
    for i in range(data):
TypeError: range() integer end argument expected, got list.

[rosout][ERROR] 2025-03-27 14:08:15,870: bad callback: <bound method SonarProcessor.sonar_callback of <__main__.SonarProcessor instance at 0x7fa8c66aa170>>
Traceback (most recent call last):
  File "/opt/ros/kinetic/lib/python2.7/dist-packages/rospy/topics.py", line 750, in _invoke_callback
    cb(msg)
  File "sonar_get_min_dist.py", line 27, in sonar_callback
    self.back_left_min, self.back_right_min = self.process_sonar_data(data)
  File "sonar_get_min_dist.py", line 51, in process_sonar_data
    self.print_sonar(br_dist)
  File "sonar_get_min_dist.py", line 34, in print_sonar
    for i in range(data):
TypeError: range() integer end argument expected, got list.

[rosout][ERROR] 2025-03-27 14:08:15,967: bad callback: <bound method SonarProcessor.sonar_callback of <__main__.SonarProcessor instance at 0x7fa8c66aa170>>
Traceback (most recent call last):
  File "/opt/ros/kinetic/lib/python2.7/dist-packages/rospy/topics.py", line 750, in _invoke_callback
    cb(msg)
  File "sonar_get_min_dist.py", line 27, in sonar_callback
    self.back_left_min, self.back_right_min = self.process_sonar_data(data)
  File "sonar_get_min_dist.py", line 51, in process_sonar_data
    self.print_sonar(br_dist)
  File "sonar_get_min_dist.py", line 34, in print_sonar
    for i in range(data):
TypeError: range() integer end argument expected, got list.

[rosout][ERROR] 2025-03-27 14:08:16,070: bad callback: <bound method SonarProcessor.sonar_callback of <__main__.SonarProcessor instance at 0x7fa8c66aa170>>
Traceback (most recent call last):
  File "/opt/ros/kinetic/lib/python2.7/dist-packages/rospy/topics.py", line 750, in _invoke_callback
    cb(msg)
  File "sonar_get_min_dist.py", line 27, in sonar_callback
    self.back_left_min, self.back_right_min = self.process_sonar_data(data)
  File "sonar_get_min_dist.py", line 51, in process_sonar_data
    self.print_sonar(br_dist)
  File "sonar_get_min_dist.py", line 34, in print_sonar
    for i in range(data):
TypeError: range() integer end argument expected, got list.

[rosout][ERROR] 2025-03-27 14:08:16,167: bad callback: <bound method SonarProcessor.sonar_callback of <__main__.SonarProcessor instance at 0x7fa8c66aa170>>
Traceback (most recent call last):
  File "/opt/ros/kinetic/lib/python2.7/dist-packages/rospy/topics.py", line 750, in _invoke_callback
    cb(msg)
  File "sonar_get_min_dist.py", line 27, in sonar_callback
    self.back_left_min, self.back_right_min = self.process_sonar_data(data)
  File "sonar_get_min_dist.py", line 51, in process_sonar_data
    self.print_sonar(br_dist)
  File "sonar_get_min_dist.py", line 34, in print_sonar
    for i in range(data):
TypeError: range() integer end argument expected, got list.

[rosout][ERROR] 2025-03-27 14:08:16,270: bad callback: <bound method SonarProcessor.sonar_callback of <__main__.SonarProcessor instance at 0x7fa8c66aa170>>
Traceback (most recent call last):
  File "/opt/ros/kinetic/lib/python2.7/dist-packages/rospy/topics.py", line 750, in _invoke_callback
    cb(msg)
  File "sonar_get_min_dist.py", line 27, in sonar_callback
    self.back_left_min, self.back_right_min = self.process_sonar_data(data)
  File "sonar_get_min_dist.py", line 51, in process_sonar_data
    self.print_sonar(br_dist)
  File "sonar_get_min_dist.py", line 34, in print_sonar
    for i in range(data):
TypeError: range() integer end argument expected, got list.

[rosout][ERROR] 2025-03-27 14:08:16,367: bad callback: <bound method SonarProcessor.sonar_callback of <__main__.SonarProcessor instance at 0x7fa8c66aa170>>
Traceback (most recent call last):
  File "/opt/ros/kinetic/lib/python2.7/dist-packages/rospy/topics.py", line 750, in _invoke_callback
    cb(msg)
  File "sonar_get_min_dist.py", line 27, in sonar_callback
    self.back_left_min, self.back_right_min = self.process_sonar_data(data)
  File "sonar_get_min_dist.py", line 51, in process_sonar_data
    self.print_sonar(br_dist)
  File "sonar_get_min_dist.py", line 34, in print_sonar
    for i in range(data):
TypeError: range() integer end argument expected, got list.

[rosout][ERROR] 2025-03-27 14:08:16,470: bad callback: <bound method SonarProcessor.sonar_callback of <__main__.SonarProcessor instance at 0x7fa8c66aa170>>
Traceback (most recent call last):
  File "/opt/ros/kinetic/lib/python2.7/dist-packages/rospy/topics.py", line 750, in _invoke_callback
    cb(msg)
  File "sonar_get_min_dist.py", line 27, in sonar_callback
    self.back_left_min, self.back_right_min = self.process_sonar_data(data)
  File "sonar_get_min_dist.py", line 51, in process_sonar_data
    self.print_sonar(br_dist)
  File "sonar_get_min_dist.py", line 34, in print_sonar
    for i in range(data):
TypeError: range() integer end argument expected, got list.

[rosout][ERROR] 2025-03-27 14:08:16,567: bad callback: <bound method SonarProcessor.sonar_callback of <__main__.SonarProcessor instance at 0x7fa8c66aa170>>
Traceback (most recent call last):
  File "/opt/ros/kinetic/lib/python2.7/dist-packages/rospy/topics.py", line 750, in _invoke_callback
    cb(msg)
  File "sonar_get_min_dist.py", line 27, in sonar_callback
    self.back_left_min, self.back_right_min = self.process_sonar_data(data)
  File "sonar_get_min_dist.py", line 51, in process_sonar_data
    self.print_sonar(br_dist)
  File "sonar_get_min_dist.py", line 34, in print_sonar
    for i in range(data):
TypeError: range() integer end argument expected, got list.

[rosout][ERROR] 2025-03-27 14:08:16,670: bad callback: <bound method SonarProcessor.sonar_callback of <__main__.SonarProcessor instance at 0x7fa8c66aa170>>
Traceback (most recent call last):
  File "/opt/ros/kinetic/lib/python2.7/dist-packages/rospy/topics.py", line 750, in _invoke_callback
    cb(msg)
  File "sonar_get_min_dist.py", line 27, in sonar_callback
    self.back_left_min, self.back_right_min = self.process_sonar_data(data)
  File "sonar_get_min_dist.py", line 51, in process_sonar_data
    self.print_sonar(br_dist)
  File "sonar_get_min_dist.py", line 34, in print_sonar
    for i in range(data):
TypeError: range() integer end argument expected, got list.

[rosout][ERROR] 2025-03-27 14:08:16,767: bad callback: <bound method SonarProcessor.sonar_callback of <__main__.SonarProcessor instance at 0x7fa8c66aa170>>
Traceback (most recent call last):
  File "/opt/ros/kinetic/lib/python2.7/dist-packages/rospy/topics.py", line 750, in _invoke_callback
    cb(msg)
  File "sonar_get_min_dist.py", line 27, in sonar_callback
    self.back_left_min, self.back_right_min = self.process_sonar_data(data)
  File "sonar_get_min_dist.py", line 51, in process_sonar_data
    self.print_sonar(br_dist)
  File "sonar_get_min_dist.py", line 34, in print_sonar
    for i in range(data):
TypeError: range() integer end argument expected, got list.

[rosout][ERROR] 2025-03-27 14:08:16,870: bad callback: <bound method SonarProcessor.sonar_callback of <__main__.SonarProcessor instance at 0x7fa8c66aa170>>
Traceback (most recent call last):
  File "/opt/ros/kinetic/lib/python2.7/dist-packages/rospy/topics.py", line 750, in _invoke_callback
    cb(msg)
  File "sonar_get_min_dist.py", line 27, in sonar_callback
    self.back_left_min, self.back_right_min = self.process_sonar_data(data)
  File "sonar_get_min_dist.py", line 51, in process_sonar_data
    self.print_sonar(br_dist)
  File "sonar_get_min_dist.py", line 34, in print_sonar
    for i in range(data):
TypeError: range() integer end argument expected, got list.

[rosout][ERROR] 2025-03-27 14:08:16,967: bad callback: <bound method SonarProcessor.sonar_callback of <__main__.SonarProcessor instance at 0x7fa8c66aa170>>
Traceback (most recent call last):
  File "/opt/ros/kinetic/lib/python2.7/dist-packages/rospy/topics.py", line 750, in _invoke_callback
    cb(msg)
  File "sonar_get_min_dist.py", line 27, in sonar_callback
    self.back_left_min, self.back_right_min = self.process_sonar_data(data)
  File "sonar_get_min_dist.py", line 51, in process_sonar_data
    self.print_sonar(br_dist)
  File "sonar_get_min_dist.py", line 34, in print_sonar
    for i in range(data):
TypeError: range() integer end argument expected, got list.

[rosout][ERROR] 2025-03-27 14:08:17,070: bad callback: <bound method SonarProcessor.sonar_callback of <__main__.SonarProcessor instance at 0x7fa8c66aa170>>
Traceback (most recent call last):
  File "/opt/ros/kinetic/lib/python2.7/dist-packages/rospy/topics.py", line 750, in _invoke_callback
    cb(msg)
  File "sonar_get_min_dist.py", line 27, in sonar_callback
    self.back_left_min, self.back_right_min = self.process_sonar_data(data)
  File "sonar_get_min_dist.py", line 51, in process_sonar_data
    self.print_sonar(br_dist)
  File "sonar_get_min_dist.py", line 34, in print_sonar
    for i in range(data):
TypeError: range() integer end argument expected, got list.

[rosout][ERROR] 2025-03-27 14:08:17,167: bad callback: <bound method SonarProcessor.sonar_callback of <__main__.SonarProcessor instance at 0x7fa8c66aa170>>
Traceback (most recent call last):
  File "/opt/ros/kinetic/lib/python2.7/dist-packages/rospy/topics.py", line 750, in _invoke_callback
    cb(msg)
  File "sonar_get_min_dist.py", line 27, in sonar_callback
    self.back_left_min, self.back_right_min = self.process_sonar_data(data)
  File "sonar_get_min_dist.py", line 51, in process_sonar_data
    self.print_sonar(br_dist)
  File "sonar_get_min_dist.py", line 34, in print_sonar
    for i in range(data):
TypeError: range() integer end argument expected, got list.

[rosout][ERROR] 2025-03-27 14:08:17,270: bad callback: <bound method SonarProcessor.sonar_callback of <__main__.SonarProcessor instance at 0x7fa8c66aa170>>
Traceback (most recent call last):
  File "/opt/ros/kinetic/lib/python2.7/dist-packages/rospy/topics.py", line 750, in _invoke_callback
    cb(msg)
  File "sonar_get_min_dist.py", line 27, in sonar_callback
    self.back_left_min, self.back_right_min = self.process_sonar_data(data)
  File "sonar_get_min_dist.py", line 51, in process_sonar_data
    self.print_sonar(br_dist)
  File "sonar_get_min_dist.py", line 34, in print_sonar
    for i in range(data):
TypeError: range() integer end argument expected, got list.

[rosout][ERROR] 2025-03-27 14:08:17,367: bad callback: <bound method SonarProcessor.sonar_callback of <__main__.SonarProcessor instance at 0x7fa8c66aa170>>
Traceback (most recent call last):
  File "/opt/ros/kinetic/lib/python2.7/dist-packages/rospy/topics.py", line 750, in _invoke_callback
    cb(msg)
  File "sonar_get_min_dist.py", line 27, in sonar_callback
    self.back_left_min, self.back_right_min = self.process_sonar_data(data)
  File "sonar_get_min_dist.py", line 51, in process_sonar_data
    self.print_sonar(br_dist)
  File "sonar_get_min_dist.py", line 34, in print_sonar
    for i in range(data):
TypeError: range() integer end argument expected, got list.

[rosout][ERROR] 2025-03-27 14:08:17,470: bad callback: <bound method SonarProcessor.sonar_callback of <__main__.SonarProcessor instance at 0x7fa8c66aa170>>
Traceback (most recent call last):
  File "/opt/ros/kinetic/lib/python2.7/dist-packages/rospy/topics.py", line 750, in _invoke_callback
    cb(msg)
  File "sonar_get_min_dist.py", line 27, in sonar_callback
    self.back_left_min, self.back_right_min = self.process_sonar_data(data)
  File "sonar_get_min_dist.py", line 51, in process_sonar_data
    self.print_sonar(br_dist)
  File "sonar_get_min_dist.py", line 34, in print_sonar
    for i in range(data):
TypeError: range() integer end argument expected, got list.

[rosout][ERROR] 2025-03-27 14:08:17,567: bad callback: <bound method SonarProcessor.sonar_callback of <__main__.SonarProcessor instance at 0x7fa8c66aa170>>
Traceback (most recent call last):
  File "/opt/ros/kinetic/lib/python2.7/dist-packages/rospy/topics.py", line 750, in _invoke_callback
    cb(msg)
  File "sonar_get_min_dist.py", line 27, in sonar_callback
    self.back_left_min, self.back_right_min = self.process_sonar_data(data)
  File "sonar_get_min_dist.py", line 51, in process_sonar_data
    self.print_sonar(br_dist)
  File "sonar_get_min_dist.py", line 34, in print_sonar
    for i in range(data):
TypeError: range() integer end argument expected, got list.

[rosout][ERROR] 2025-03-27 14:08:17,671: bad callback: <bound method SonarProcessor.sonar_callback of <__main__.SonarProcessor instance at 0x7fa8c66aa170>>
Traceback (most recent call last):
  File "/opt/ros/kinetic/lib/python2.7/dist-packages/rospy/topics.py", line 750, in _invoke_callback
    cb(msg)
  File "sonar_get_min_dist.py", line 27, in sonar_callback
    self.back_left_min, self.back_right_min = self.process_sonar_data(data)
  File "sonar_get_min_dist.py", line 51, in process_sonar_data
    self.print_sonar(br_dist)
  File "sonar_get_min_dist.py", line 34, in print_sonar
    for i in range(data):
TypeError: range() integer end argument expected, got list.

[rosout][ERROR] 2025-03-27 14:08:17,767: bad callback: <bound method SonarProcessor.sonar_callback of <__main__.SonarProcessor instance at 0x7fa8c66aa170>>
Traceback (most recent call last):
  File "/opt/ros/kinetic/lib/python2.7/dist-packages/rospy/topics.py", line 750, in _invoke_callback
    cb(msg)
  File "sonar_get_min_dist.py", line 27, in sonar_callback
    self.back_left_min, self.back_right_min = self.process_sonar_data(data)
  File "sonar_get_min_dist.py", line 51, in process_sonar_data
    self.print_sonar(br_dist)
  File "sonar_get_min_dist.py", line 34, in print_sonar
    for i in range(data):
TypeError: range() integer end argument expected, got list.

[rosout][ERROR] 2025-03-27 14:08:17,871: bad callback: <bound method SonarProcessor.sonar_callback of <__main__.SonarProcessor instance at 0x7fa8c66aa170>>
Traceback (most recent call last):
  File "/opt/ros/kinetic/lib/python2.7/dist-packages/rospy/topics.py", line 750, in _invoke_callback
    cb(msg)
  File "sonar_get_min_dist.py", line 27, in sonar_callback
    self.back_left_min, self.back_right_min = self.process_sonar_data(data)
  File "sonar_get_min_dist.py", line 51, in process_sonar_data
    self.print_sonar(br_dist)
  File "sonar_get_min_dist.py", line 34, in print_sonar
    for i in range(data):
TypeError: range() integer end argument expected, got list.

[rosout][ERROR] 2025-03-27 14:08:17,968: bad callback: <bound method SonarProcessor.sonar_callback of <__main__.SonarProcessor instance at 0x7fa8c66aa170>>
Traceback (most recent call last):
  File "/opt/ros/kinetic/lib/python2.7/dist-packages/rospy/topics.py", line 750, in _invoke_callback
    cb(msg)
  File "sonar_get_min_dist.py", line 27, in sonar_callback
    self.back_left_min, self.back_right_min = self.process_sonar_data(data)
  File "sonar_get_min_dist.py", line 51, in process_sonar_data
    self.print_sonar(br_dist)
  File "sonar_get_min_dist.py", line 34, in print_sonar
    for i in range(data):
TypeError: range() integer end argument expected, got list.

[rosout][ERROR] 2025-03-27 14:08:18,071: bad callback: <bound method SonarProcessor.sonar_callback of <__main__.SonarProcessor instance at 0x7fa8c66aa170>>
Traceback (most recent call last):
  File "/opt/ros/kinetic/lib/python2.7/dist-packages/rospy/topics.py", line 750, in _invoke_callback
    cb(msg)
  File "sonar_get_min_dist.py", line 27, in sonar_callback
    self.back_left_min, self.back_right_min = self.process_sonar_data(data)
  File "sonar_get_min_dist.py", line 51, in process_sonar_data
    self.print_sonar(br_dist)
  File "sonar_get_min_dist.py", line 34, in print_sonar
    for i in range(data):
TypeError: range() integer end argument expected, got list.

[rosout][ERROR] 2025-03-27 14:08:18,168: bad callback: <bound method SonarProcessor.sonar_callback of <__main__.SonarProcessor instance at 0x7fa8c66aa170>>
Traceback (most recent call last):
  File "/opt/ros/kinetic/lib/python2.7/dist-packages/rospy/topics.py", line 750, in _invoke_callback
    cb(msg)
  File "sonar_get_min_dist.py", line 27, in sonar_callback
    self.back_left_min, self.back_right_min = self.process_sonar_data(data)
  File "sonar_get_min_dist.py", line 51, in process_sonar_data
    self.print_sonar(br_dist)
  File "sonar_get_min_dist.py", line 34, in print_sonar
    for i in range(data):
TypeError: range() integer end argument expected, got list.

[rosout][ERROR] 2025-03-27 14:08:18,271: bad callback: <bound method SonarProcessor.sonar_callback of <__main__.SonarProcessor instance at 0x7fa8c66aa170>>
Traceback (most recent call last):
  File "/opt/ros/kinetic/lib/python2.7/dist-packages/rospy/topics.py", line 750, in _invoke_callback
    cb(msg)
  File "sonar_get_min_dist.py", line 27, in sonar_callback
    self.back_left_min, self.back_right_min = self.process_sonar_data(data)
  File "sonar_get_min_dist.py", line 51, in process_sonar_data
    self.print_sonar(br_dist)
  File "sonar_get_min_dist.py", line 34, in print_sonar
    for i in range(data):
TypeError: range() integer end argument expected, got list.

[rosout][ERROR] 2025-03-27 14:08:18,368: bad callback: <bound method SonarProcessor.sonar_callback of <__main__.SonarProcessor instance at 0x7fa8c66aa170>>
Traceback (most recent call last):
  File "/opt/ros/kinetic/lib/python2.7/dist-packages/rospy/topics.py", line 750, in _invoke_callback
    cb(msg)
  File "sonar_get_min_dist.py", line 27, in sonar_callback
    self.back_left_min, self.back_right_min = self.process_sonar_data(data)
  File "sonar_get_min_dist.py", line 51, in process_sonar_data
    self.print_sonar(br_dist)
  File "sonar_get_min_dist.py", line 34, in print_sonar
    for i in range(data):
TypeError: range() integer end argument expected, got list.

[rosout][ERROR] 2025-03-27 14:08:18,471: bad callback: <bound method SonarProcessor.sonar_callback of <__main__.SonarProcessor instance at 0x7fa8c66aa170>>
Traceback (most recent call last):
  File "/opt/ros/kinetic/lib/python2.7/dist-packages/rospy/topics.py", line 750, in _invoke_callback
    cb(msg)
  File "sonar_get_min_dist.py", line 27, in sonar_callback
    self.back_left_min, self.back_right_min = self.process_sonar_data(data)
  File "sonar_get_min_dist.py", line 51, in process_sonar_data
    self.print_sonar(br_dist)
  File "sonar_get_min_dist.py", line 34, in print_sonar
    for i in range(data):
TypeError: range() integer end argument expected, got list.

[rosout][ERROR] 2025-03-27 14:08:18,568: bad callback: <bound method SonarProcessor.sonar_callback of <__main__.SonarProcessor instance at 0x7fa8c66aa170>>
Traceback (most recent call last):
  File "/opt/ros/kinetic/lib/python2.7/dist-packages/rospy/topics.py", line 750, in _invoke_callback
    cb(msg)
  File "sonar_get_min_dist.py", line 27, in sonar_callback
    self.back_left_min, self.back_right_min = self.process_sonar_data(data)
  File "sonar_get_min_dist.py", line 51, in process_sonar_data
    self.print_sonar(br_dist)
  File "sonar_get_min_dist.py", line 34, in print_sonar
    for i in range(data):
TypeError: range() integer end argument expected, got list.

[rosout][ERROR] 2025-03-27 14:08:18,670: bad callback: <bound method SonarProcessor.sonar_callback of <__main__.SonarProcessor instance at 0x7fa8c66aa170>>
Traceback (most recent call last):
  File "/opt/ros/kinetic/lib/python2.7/dist-packages/rospy/topics.py", line 750, in _invoke_callback
    cb(msg)
  File "sonar_get_min_dist.py", line 27, in sonar_callback
    self.back_left_min, self.back_right_min = self.process_sonar_data(data)
  File "sonar_get_min_dist.py", line 51, in process_sonar_data
    self.print_sonar(br_dist)
  File "sonar_get_min_dist.py", line 34, in print_sonar
    for i in range(data):
TypeError: range() integer end argument expected, got list.

[rosout][ERROR] 2025-03-27 14:08:18,768: bad callback: <bound method SonarProcessor.sonar_callback of <__main__.SonarProcessor instance at 0x7fa8c66aa170>>
Traceback (most recent call last):
  File "/opt/ros/kinetic/lib/python2.7/dist-packages/rospy/topics.py", line 750, in _invoke_callback
    cb(msg)
  File "sonar_get_min_dist.py", line 27, in sonar_callback
    self.back_left_min, self.back_right_min = self.process_sonar_data(data)
  File "sonar_get_min_dist.py", line 51, in process_sonar_data
    self.print_sonar(br_dist)
  File "sonar_get_min_dist.py", line 34, in print_sonar
    for i in range(data):
TypeError: range() integer end argument expected, got list.

[rosout][ERROR] 2025-03-27 14:08:18,871: bad callback: <bound method SonarProcessor.sonar_callback of <__main__.SonarProcessor instance at 0x7fa8c66aa170>>
Traceback (most recent call last):
  File "/opt/ros/kinetic/lib/python2.7/dist-packages/rospy/topics.py", line 750, in _invoke_callback
    cb(msg)
  File "sonar_get_min_dist.py", line 27, in sonar_callback
    self.back_left_min, self.back_right_min = self.process_sonar_data(data)
  File "sonar_get_min_dist.py", line 51, in process_sonar_data
    self.print_sonar(br_dist)
  File "sonar_get_min_dist.py", line 34, in print_sonar
    for i in range(data):
TypeError: range() integer end argument expected, got list.

[rosout][ERROR] 2025-03-27 14:08:18,968: bad callback: <bound method SonarProcessor.sonar_callback of <__main__.SonarProcessor instance at 0x7fa8c66aa170>>
Traceback (most recent call last):
  File "/opt/ros/kinetic/lib/python2.7/dist-packages/rospy/topics.py", line 750, in _invoke_callback
    cb(msg)
  File "sonar_get_min_dist.py", line 27, in sonar_callback
    self.back_left_min, self.back_right_min = self.process_sonar_data(data)
  File "sonar_get_min_dist.py", line 51, in process_sonar_data
    self.print_sonar(br_dist)
  File "sonar_get_min_dist.py", line 34, in print_sonar
    for i in range(data):
TypeError: range() integer end argument expected, got list.

[rosout][ERROR] 2025-03-27 14:08:19,071: bad callback: <bound method SonarProcessor.sonar_callback of <__main__.SonarProcessor instance at 0x7fa8c66aa170>>
Traceback (most recent call last):
  File "/opt/ros/kinetic/lib/python2.7/dist-packages/rospy/topics.py", line 750, in _invoke_callback
    cb(msg)
  File "sonar_get_min_dist.py", line 27, in sonar_callback
    self.back_left_min, self.back_right_min = self.process_sonar_data(data)
  File "sonar_get_min_dist.py", line 51, in process_sonar_data
    self.print_sonar(br_dist)
  File "sonar_get_min_dist.py", line 34, in print_sonar
    for i in range(data):
TypeError: range() integer end argument expected, got list.

[rosout][ERROR] 2025-03-27 14:08:19,168: bad callback: <bound method SonarProcessor.sonar_callback of <__main__.SonarProcessor instance at 0x7fa8c66aa170>>
Traceback (most recent call last):
  File "/opt/ros/kinetic/lib/python2.7/dist-packages/rospy/topics.py", line 750, in _invoke_callback
    cb(msg)
  File "sonar_get_min_dist.py", line 27, in sonar_callback
    self.back_left_min, self.back_right_min = self.process_sonar_data(data)
  File "sonar_get_min_dist.py", line 51, in process_sonar_data
    self.print_sonar(br_dist)
  File "sonar_get_min_dist.py", line 34, in print_sonar
    for i in range(data):
TypeError: range() integer end argument expected, got list.

[rosout][ERROR] 2025-03-27 14:08:19,271: bad callback: <bound method SonarProcessor.sonar_callback of <__main__.SonarProcessor instance at 0x7fa8c66aa170>>
Traceback (most recent call last):
  File "/opt/ros/kinetic/lib/python2.7/dist-packages/rospy/topics.py", line 750, in _invoke_callback
    cb(msg)
  File "sonar_get_min_dist.py", line 27, in sonar_callback
    self.back_left_min, self.back_right_min = self.process_sonar_data(data)
  File "sonar_get_min_dist.py", line 51, in process_sonar_data
    self.print_sonar(br_dist)
  File "sonar_get_min_dist.py", line 34, in print_sonar
    for i in range(data):
TypeError: range() integer end argument expected, got list.

[rosout][ERROR] 2025-03-27 14:08:19,368: bad callback: <bound method SonarProcessor.sonar_callback of <__main__.SonarProcessor instance at 0x7fa8c66aa170>>
Traceback (most recent call last):
  File "/opt/ros/kinetic/lib/python2.7/dist-packages/rospy/topics.py", line 750, in _invoke_callback
    cb(msg)
  File "sonar_get_min_dist.py", line 27, in sonar_callback
    self.back_left_min, self.back_right_min = self.process_sonar_data(data)
  File "sonar_get_min_dist.py", line 51, in process_sonar_data
    self.print_sonar(br_dist)
  File "sonar_get_min_dist.py", line 34, in print_sonar
    for i in range(data):
TypeError: range() integer end argument expected, got list.

[rosout][ERROR] 2025-03-27 14:08:19,471: bad callback: <bound method SonarProcessor.sonar_callback of <__main__.SonarProcessor instance at 0x7fa8c66aa170>>
Traceback (most recent call last):
  File "/opt/ros/kinetic/lib/python2.7/dist-packages/rospy/topics.py", line 750, in _invoke_callback
    cb(msg)
  File "sonar_get_min_dist.py", line 27, in sonar_callback
    self.back_left_min, self.back_right_min = self.process_sonar_data(data)
  File "sonar_get_min_dist.py", line 51, in process_sonar_data
    self.print_sonar(br_dist)
  File "sonar_get_min_dist.py", line 34, in print_sonar
    for i in range(data):
TypeError: range() integer end argument expected, got list.

[rosout][ERROR] 2025-03-27 14:08:19,568: bad callback: <bound method SonarProcessor.sonar_callback of <__main__.SonarProcessor instance at 0x7fa8c66aa170>>
Traceback (most recent call last):
  File "/opt/ros/kinetic/lib/python2.7/dist-packages/rospy/topics.py", line 750, in _invoke_callback
    cb(msg)
  File "sonar_get_min_dist.py", line 27, in sonar_callback
    self.back_left_min, self.back_right_min = self.process_sonar_data(data)
  File "sonar_get_min_dist.py", line 51, in process_sonar_data
    self.print_sonar(br_dist)
  File "sonar_get_min_dist.py", line 34, in print_sonar
    for i in range(data):
TypeError: range() integer end argument expected, got list.

[rosout][ERROR] 2025-03-27 14:08:19,671: bad callback: <bound method SonarProcessor.sonar_callback of <__main__.SonarProcessor instance at 0x7fa8c66aa170>>
Traceback (most recent call last):
  File "/opt/ros/kinetic/lib/python2.7/dist-packages/rospy/topics.py", line 750, in _invoke_callback
    cb(msg)
  File "sonar_get_min_dist.py", line 27, in sonar_callback
    self.back_left_min, self.back_right_min = self.process_sonar_data(data)
  File "sonar_get_min_dist.py", line 51, in process_sonar_data
    self.print_sonar(br_dist)
  File "sonar_get_min_dist.py", line 34, in print_sonar
    for i in range(data):
TypeError: range() integer end argument expected, got list.

[rosout][ERROR] 2025-03-27 14:08:19,768: bad callback: <bound method SonarProcessor.sonar_callback of <__main__.SonarProcessor instance at 0x7fa8c66aa170>>
Traceback (most recent call last):
  File "/opt/ros/kinetic/lib/python2.7/dist-packages/rospy/topics.py", line 750, in _invoke_callback
    cb(msg)
  File "sonar_get_min_dist.py", line 27, in sonar_callback
    self.back_left_min, self.back_right_min = self.process_sonar_data(data)
  File "sonar_get_min_dist.py", line 51, in process_sonar_data
    self.print_sonar(br_dist)
  File "sonar_get_min_dist.py", line 34, in print_sonar
    for i in range(data):
TypeError: range() integer end argument expected, got list.

[rosout][ERROR] 2025-03-27 14:08:19,871: bad callback: <bound method SonarProcessor.sonar_callback of <__main__.SonarProcessor instance at 0x7fa8c66aa170>>
Traceback (most recent call last):
  File "/opt/ros/kinetic/lib/python2.7/dist-packages/rospy/topics.py", line 750, in _invoke_callback
    cb(msg)
  File "sonar_get_min_dist.py", line 27, in sonar_callback
    self.back_left_min, self.back_right_min = self.process_sonar_data(data)
  File "sonar_get_min_dist.py", line 51, in process_sonar_data
    self.print_sonar(br_dist)
  File "sonar_get_min_dist.py", line 34, in print_sonar
    for i in range(data):
TypeError: range() integer end argument expected, got list.

[rosout][ERROR] 2025-03-27 14:08:19,968: bad callback: <bound method SonarProcessor.sonar_callback of <__main__.SonarProcessor instance at 0x7fa8c66aa170>>
Traceback (most recent call last):
  File "/opt/ros/kinetic/lib/python2.7/dist-packages/rospy/topics.py", line 750, in _invoke_callback
    cb(msg)
  File "sonar_get_min_dist.py", line 27, in sonar_callback
    self.back_left_min, self.back_right_min = self.process_sonar_data(data)
  File "sonar_get_min_dist.py", line 51, in process_sonar_data
    self.print_sonar(br_dist)
  File "sonar_get_min_dist.py", line 34, in print_sonar
    for i in range(data):
TypeError: range() integer end argument expected, got list.

[rosout][ERROR] 2025-03-27 14:08:20,071: bad callback: <bound method SonarProcessor.sonar_callback of <__main__.SonarProcessor instance at 0x7fa8c66aa170>>
Traceback (most recent call last):
  File "/opt/ros/kinetic/lib/python2.7/dist-packages/rospy/topics.py", line 750, in _invoke_callback
    cb(msg)
  File "sonar_get_min_dist.py", line 27, in sonar_callback
    self.back_left_min, self.back_right_min = self.process_sonar_data(data)
  File "sonar_get_min_dist.py", line 51, in process_sonar_data
    self.print_sonar(br_dist)
  File "sonar_get_min_dist.py", line 34, in print_sonar
    for i in range(data):
TypeError: range() integer end argument expected, got list.

[rosout][ERROR] 2025-03-27 14:08:20,168: bad callback: <bound method SonarProcessor.sonar_callback of <__main__.SonarProcessor instance at 0x7fa8c66aa170>>
Traceback (most recent call last):
  File "/opt/ros/kinetic/lib/python2.7/dist-packages/rospy/topics.py", line 750, in _invoke_callback
    cb(msg)
  File "sonar_get_min_dist.py", line 27, in sonar_callback
    self.back_left_min, self.back_right_min = self.process_sonar_data(data)
  File "sonar_get_min_dist.py", line 51, in process_sonar_data
    self.print_sonar(br_dist)
  File "sonar_get_min_dist.py", line 34, in print_sonar
    for i in range(data):
TypeError: range() integer end argument expected, got list.

[rosout][ERROR] 2025-03-27 14:08:20,272: bad callback: <bound method SonarProcessor.sonar_callback of <__main__.SonarProcessor instance at 0x7fa8c66aa170>>
Traceback (most recent call last):
  File "/opt/ros/kinetic/lib/python2.7/dist-packages/rospy/topics.py", line 750, in _invoke_callback
    cb(msg)
  File "sonar_get_min_dist.py", line 27, in sonar_callback
    self.back_left_min, self.back_right_min = self.process_sonar_data(data)
  File "sonar_get_min_dist.py", line 51, in process_sonar_data
    self.print_sonar(br_dist)
  File "sonar_get_min_dist.py", line 34, in print_sonar
    for i in range(data):
TypeError: range() integer end argument expected, got list.

[rosout][ERROR] 2025-03-27 14:08:20,369: bad callback: <bound method SonarProcessor.sonar_callback of <__main__.SonarProcessor instance at 0x7fa8c66aa170>>
Traceback (most recent call last):
  File "/opt/ros/kinetic/lib/python2.7/dist-packages/rospy/topics.py", line 750, in _invoke_callback
    cb(msg)
  File "sonar_get_min_dist.py", line 27, in sonar_callback
    self.back_left_min, self.back_right_min = self.process_sonar_data(data)
  File "sonar_get_min_dist.py", line 51, in process_sonar_data
    self.print_sonar(br_dist)
  File "sonar_get_min_dist.py", line 34, in print_sonar
    for i in range(data):
TypeError: range() integer end argument expected, got list.

[rosout][ERROR] 2025-03-27 14:08:20,472: bad callback: <bound method SonarProcessor.sonar_callback of <__main__.SonarProcessor instance at 0x7fa8c66aa170>>
Traceback (most recent call last):
  File "/opt/ros/kinetic/lib/python2.7/dist-packages/rospy/topics.py", line 750, in _invoke_callback
    cb(msg)
  File "sonar_get_min_dist.py", line 27, in sonar_callback
    self.back_left_min, self.back_right_min = self.process_sonar_data(data)
  File "sonar_get_min_dist.py", line 51, in process_sonar_data
    self.print_sonar(br_dist)
  File "sonar_get_min_dist.py", line 34, in print_sonar
    for i in range(data):
TypeError: range() integer end argument expected, got list.

[rosout][ERROR] 2025-03-27 14:08:20,569: bad callback: <bound method SonarProcessor.sonar_callback of <__main__.SonarProcessor instance at 0x7fa8c66aa170>>
Traceback (most recent call last):
  File "/opt/ros/kinetic/lib/python2.7/dist-packages/rospy/topics.py", line 750, in _invoke_callback
    cb(msg)
  File "sonar_get_min_dist.py", line 27, in sonar_callback
    self.back_left_min, self.back_right_min = self.process_sonar_data(data)
  File "sonar_get_min_dist.py", line 51, in process_sonar_data
    self.print_sonar(br_dist)
  File "sonar_get_min_dist.py", line 34, in print_sonar
    for i in range(data):
TypeError: range() integer end argument expected, got list.

[rosout][ERROR] 2025-03-27 14:08:20,672: bad callback: <bound method SonarProcessor.sonar_callback of <__main__.SonarProcessor instance at 0x7fa8c66aa170>>
Traceback (most recent call last):
  File "/opt/ros/kinetic/lib/python2.7/dist-packages/rospy/topics.py", line 750, in _invoke_callback
    cb(msg)
  File "sonar_get_min_dist.py", line 27, in sonar_callback
    self.back_left_min, self.back_right_min = self.process_sonar_data(data)
  File "sonar_get_min_dist.py", line 51, in process_sonar_data
    self.print_sonar(br_dist)
  File "sonar_get_min_dist.py", line 34, in print_sonar
    for i in range(data):
TypeError: range() integer end argument expected, got list.

[rosout][ERROR] 2025-03-27 14:08:20,769: bad callback: <bound method SonarProcessor.sonar_callback of <__main__.SonarProcessor instance at 0x7fa8c66aa170>>
Traceback (most recent call last):
  File "/opt/ros/kinetic/lib/python2.7/dist-packages/rospy/topics.py", line 750, in _invoke_callback
    cb(msg)
  File "sonar_get_min_dist.py", line 27, in sonar_callback
    self.back_left_min, self.back_right_min = self.process_sonar_data(data)
  File "sonar_get_min_dist.py", line 51, in process_sonar_data
    self.print_sonar(br_dist)
  File "sonar_get_min_dist.py", line 34, in print_sonar
    for i in range(data):
TypeError: range() integer end argument expected, got list.

[rosout][ERROR] 2025-03-27 14:08:20,872: bad callback: <bound method SonarProcessor.sonar_callback of <__main__.SonarProcessor instance at 0x7fa8c66aa170>>
Traceback (most recent call last):
  File "/opt/ros/kinetic/lib/python2.7/dist-packages/rospy/topics.py", line 750, in _invoke_callback
    cb(msg)
  File "sonar_get_min_dist.py", line 27, in sonar_callback
    self.back_left_min, self.back_right_min = self.process_sonar_data(data)
  File "sonar_get_min_dist.py", line 51, in process_sonar_data
    self.print_sonar(br_dist)
  File "sonar_get_min_dist.py", line 34, in print_sonar
    for i in range(data):
TypeError: range() integer end argument expected, got list.

[rosout][ERROR] 2025-03-27 14:08:20,969: bad callback: <bound method SonarProcessor.sonar_callback of <__main__.SonarProcessor instance at 0x7fa8c66aa170>>
Traceback (most recent call last):
  File "/opt/ros/kinetic/lib/python2.7/dist-packages/rospy/topics.py", line 750, in _invoke_callback
    cb(msg)
  File "sonar_get_min_dist.py", line 27, in sonar_callback
    self.back_left_min, self.back_right_min = self.process_sonar_data(data)
  File "sonar_get_min_dist.py", line 51, in process_sonar_data
    self.print_sonar(br_dist)
  File "sonar_get_min_dist.py", line 34, in print_sonar
    for i in range(data):
TypeError: range() integer end argument expected, got list.

[rosout][ERROR] 2025-03-27 14:08:21,072: bad callback: <bound method SonarProcessor.sonar_callback of <__main__.SonarProcessor instance at 0x7fa8c66aa170>>
Traceback (most recent call last):
  File "/opt/ros/kinetic/lib/python2.7/dist-packages/rospy/topics.py", line 750, in _invoke_callback
    cb(msg)
  File "sonar_get_min_dist.py", line 27, in sonar_callback
    self.back_left_min, self.back_right_min = self.process_sonar_data(data)
  File "sonar_get_min_dist.py", line 51, in process_sonar_data
    self.print_sonar(br_dist)
  File "sonar_get_min_dist.py", line 34, in print_sonar
    for i in range(data):
TypeError: range() integer end argument expected, got list.

[rosout][ERROR] 2025-03-27 14:08:21,169: bad callback: <bound method SonarProcessor.sonar_callback of <__main__.SonarProcessor instance at 0x7fa8c66aa170>>
Traceback (most recent call last):
  File "/opt/ros/kinetic/lib/python2.7/dist-packages/rospy/topics.py", line 750, in _invoke_callback
    cb(msg)
  File "sonar_get_min_dist.py", line 27, in sonar_callback
    self.back_left_min, self.back_right_min = self.process_sonar_data(data)
  File "sonar_get_min_dist.py", line 51, in process_sonar_data
    self.print_sonar(br_dist)
  File "sonar_get_min_dist.py", line 34, in print_sonar
    for i in range(data):
TypeError: range() integer end argument expected, got list.

[rosout][ERROR] 2025-03-27 14:08:21,272: bad callback: <bound method SonarProcessor.sonar_callback of <__main__.SonarProcessor instance at 0x7fa8c66aa170>>
Traceback (most recent call last):
  File "/opt/ros/kinetic/lib/python2.7/dist-packages/rospy/topics.py", line 750, in _invoke_callback
    cb(msg)
  File "sonar_get_min_dist.py", line 27, in sonar_callback
    self.back_left_min, self.back_right_min = self.process_sonar_data(data)
  File "sonar_get_min_dist.py", line 51, in process_sonar_data
    self.print_sonar(br_dist)
  File "sonar_get_min_dist.py", line 34, in print_sonar
    for i in range(data):
TypeError: range() integer end argument expected, got list.

[rosout][ERROR] 2025-03-27 14:08:21,369: bad callback: <bound method SonarProcessor.sonar_callback of <__main__.SonarProcessor instance at 0x7fa8c66aa170>>
Traceback (most recent call last):
  File "/opt/ros/kinetic/lib/python2.7/dist-packages/rospy/topics.py", line 750, in _invoke_callback
    cb(msg)
  File "sonar_get_min_dist.py", line 27, in sonar_callback
    self.back_left_min, self.back_right_min = self.process_sonar_data(data)
  File "sonar_get_min_dist.py", line 51, in process_sonar_data
    self.print_sonar(br_dist)
  File "sonar_get_min_dist.py", line 34, in print_sonar
    for i in range(data):
TypeError: range() integer end argument expected, got list.

[rosout][ERROR] 2025-03-27 14:08:21,472: bad callback: <bound method SonarProcessor.sonar_callback of <__main__.SonarProcessor instance at 0x7fa8c66aa170>>
Traceback (most recent call last):
  File "/opt/ros/kinetic/lib/python2.7/dist-packages/rospy/topics.py", line 750, in _invoke_callback
    cb(msg)
  File "sonar_get_min_dist.py", line 27, in sonar_callback
    self.back_left_min, self.back_right_min = self.process_sonar_data(data)
  File "sonar_get_min_dist.py", line 51, in process_sonar_data
    self.print_sonar(br_dist)
  File "sonar_get_min_dist.py", line 34, in print_sonar
    for i in range(data):
TypeError: range() integer end argument expected, got list.

[rosout][ERROR] 2025-03-27 14:08:21,569: bad callback: <bound method SonarProcessor.sonar_callback of <__main__.SonarProcessor instance at 0x7fa8c66aa170>>
Traceback (most recent call last):
  File "/opt/ros/kinetic/lib/python2.7/dist-packages/rospy/topics.py", line 750, in _invoke_callback
    cb(msg)
  File "sonar_get_min_dist.py", line 27, in sonar_callback
    self.back_left_min, self.back_right_min = self.process_sonar_data(data)
  File "sonar_get_min_dist.py", line 51, in process_sonar_data
    self.print_sonar(br_dist)
  File "sonar_get_min_dist.py", line 34, in print_sonar
    for i in range(data):
TypeError: range() integer end argument expected, got list.

[rosout][ERROR] 2025-03-27 14:08:21,672: bad callback: <bound method SonarProcessor.sonar_callback of <__main__.SonarProcessor instance at 0x7fa8c66aa170>>
Traceback (most recent call last):
  File "/opt/ros/kinetic/lib/python2.7/dist-packages/rospy/topics.py", line 750, in _invoke_callback
    cb(msg)
  File "sonar_get_min_dist.py", line 27, in sonar_callback
    self.back_left_min, self.back_right_min = self.process_sonar_data(data)
  File "sonar_get_min_dist.py", line 51, in process_sonar_data
    self.print_sonar(br_dist)
  File "sonar_get_min_dist.py", line 34, in print_sonar
    for i in range(data):
TypeError: range() integer end argument expected, got list.

[rosout][ERROR] 2025-03-27 14:08:21,769: bad callback: <bound method SonarProcessor.sonar_callback of <__main__.SonarProcessor instance at 0x7fa8c66aa170>>
Traceback (most recent call last):
  File "/opt/ros/kinetic/lib/python2.7/dist-packages/rospy/topics.py", line 750, in _invoke_callback
    cb(msg)
  File "sonar_get_min_dist.py", line 27, in sonar_callback
    self.back_left_min, self.back_right_min = self.process_sonar_data(data)
  File "sonar_get_min_dist.py", line 51, in process_sonar_data
    self.print_sonar(br_dist)
  File "sonar_get_min_dist.py", line 34, in print_sonar
    for i in range(data):
TypeError: range() integer end argument expected, got list.

[rosout][ERROR] 2025-03-27 14:08:21,872: bad callback: <bound method SonarProcessor.sonar_callback of <__main__.SonarProcessor instance at 0x7fa8c66aa170>>
Traceback (most recent call last):
  File "/opt/ros/kinetic/lib/python2.7/dist-packages/rospy/topics.py", line 750, in _invoke_callback
    cb(msg)
  File "sonar_get_min_dist.py", line 27, in sonar_callback
    self.back_left_min, self.back_right_min = self.process_sonar_data(data)
  File "sonar_get_min_dist.py", line 51, in process_sonar_data
    self.print_sonar(br_dist)
  File "sonar_get_min_dist.py", line 34, in print_sonar
    for i in range(data):
TypeError: range() integer end argument expected, got list.

[rosout][ERROR] 2025-03-27 14:08:21,969: bad callback: <bound method SonarProcessor.sonar_callback of <__main__.SonarProcessor instance at 0x7fa8c66aa170>>
Traceback (most recent call last):
  File "/opt/ros/kinetic/lib/python2.7/dist-packages/rospy/topics.py", line 750, in _invoke_callback
    cb(msg)
  File "sonar_get_min_dist.py", line 27, in sonar_callback
    self.back_left_min, self.back_right_min = self.process_sonar_data(data)
  File "sonar_get_min_dist.py", line 51, in process_sonar_data
    self.print_sonar(br_dist)
  File "sonar_get_min_dist.py", line 34, in print_sonar
    for i in range(data):
TypeError: range() integer end argument expected, got list.

[rosout][ERROR] 2025-03-27 14:08:22,072: bad callback: <bound method SonarProcessor.sonar_callback of <__main__.SonarProcessor instance at 0x7fa8c66aa170>>
Traceback (most recent call last):
  File "/opt/ros/kinetic/lib/python2.7/dist-packages/rospy/topics.py", line 750, in _invoke_callback
    cb(msg)
  File "sonar_get_min_dist.py", line 27, in sonar_callback
    self.back_left_min, self.back_right_min = self.process_sonar_data(data)
  File "sonar_get_min_dist.py", line 51, in process_sonar_data
    self.print_sonar(br_dist)
  File "sonar_get_min_dist.py", line 34, in print_sonar
    for i in range(data):
TypeError: range() integer end argument expected, got list.

[rosout][ERROR] 2025-03-27 14:08:22,169: bad callback: <bound method SonarProcessor.sonar_callback of <__main__.SonarProcessor instance at 0x7fa8c66aa170>>
Traceback (most recent call last):
  File "/opt/ros/kinetic/lib/python2.7/dist-packages/rospy/topics.py", line 750, in _invoke_callback
    cb(msg)
  File "sonar_get_min_dist.py", line 27, in sonar_callback
    self.back_left_min, self.back_right_min = self.process_sonar_data(data)
  File "sonar_get_min_dist.py", line 51, in process_sonar_data
    self.print_sonar(br_dist)
  File "sonar_get_min_dist.py", line 34, in print_sonar
    for i in range(data):
TypeError: range() integer end argument expected, got list.

[rosout][ERROR] 2025-03-27 14:08:22,272: bad callback: <bound method SonarProcessor.sonar_callback of <__main__.SonarProcessor instance at 0x7fa8c66aa170>>
Traceback (most recent call last):
  File "/opt/ros/kinetic/lib/python2.7/dist-packages/rospy/topics.py", line 750, in _invoke_callback
    cb(msg)
  File "sonar_get_min_dist.py", line 27, in sonar_callback
    self.back_left_min, self.back_right_min = self.process_sonar_data(data)
  File "sonar_get_min_dist.py", line 51, in process_sonar_data
    self.print_sonar(br_dist)
  File "sonar_get_min_dist.py", line 34, in print_sonar
    for i in range(data):
TypeError: range() integer end argument expected, got list.

[rosout][ERROR] 2025-03-27 14:08:22,369: bad callback: <bound method SonarProcessor.sonar_callback of <__main__.SonarProcessor instance at 0x7fa8c66aa170>>
Traceback (most recent call last):
  File "/opt/ros/kinetic/lib/python2.7/dist-packages/rospy/topics.py", line 750, in _invoke_callback
    cb(msg)
  File "sonar_get_min_dist.py", line 27, in sonar_callback
    self.back_left_min, self.back_right_min = self.process_sonar_data(data)
  File "sonar_get_min_dist.py", line 51, in process_sonar_data
    self.print_sonar(br_dist)
  File "sonar_get_min_dist.py", line 34, in print_sonar
    for i in range(data):
TypeError: range() integer end argument expected, got list.

[rosout][ERROR] 2025-03-27 14:08:22,472: bad callback: <bound method SonarProcessor.sonar_callback of <__main__.SonarProcessor instance at 0x7fa8c66aa170>>
Traceback (most recent call last):
  File "/opt/ros/kinetic/lib/python2.7/dist-packages/rospy/topics.py", line 750, in _invoke_callback
    cb(msg)
  File "sonar_get_min_dist.py", line 27, in sonar_callback
    self.back_left_min, self.back_right_min = self.process_sonar_data(data)
  File "sonar_get_min_dist.py", line 51, in process_sonar_data
    self.print_sonar(br_dist)
  File "sonar_get_min_dist.py", line 34, in print_sonar
    for i in range(data):
TypeError: range() integer end argument expected, got list.

[rosout][ERROR] 2025-03-27 14:08:22,569: bad callback: <bound method SonarProcessor.sonar_callback of <__main__.SonarProcessor instance at 0x7fa8c66aa170>>
Traceback (most recent call last):
  File "/opt/ros/kinetic/lib/python2.7/dist-packages/rospy/topics.py", line 750, in _invoke_callback
    cb(msg)
  File "sonar_get_min_dist.py", line 27, in sonar_callback
    self.back_left_min, self.back_right_min = self.process_sonar_data(data)
  File "sonar_get_min_dist.py", line 51, in process_sonar_data
    self.print_sonar(br_dist)
  File "sonar_get_min_dist.py", line 34, in print_sonar
    for i in range(data):
TypeError: range() integer end argument expected, got list.

[rosout][ERROR] 2025-03-27 14:08:22,673: bad callback: <bound method SonarProcessor.sonar_callback of <__main__.SonarProcessor instance at 0x7fa8c66aa170>>
Traceback (most recent call last):
  File "/opt/ros/kinetic/lib/python2.7/dist-packages/rospy/topics.py", line 750, in _invoke_callback
    cb(msg)
  File "sonar_get_min_dist.py", line 27, in sonar_callback
    self.back_left_min, self.back_right_min = self.process_sonar_data(data)
  File "sonar_get_min_dist.py", line 51, in process_sonar_data
    self.print_sonar(br_dist)
  File "sonar_get_min_dist.py", line 34, in print_sonar
    for i in range(data):
TypeError: range() integer end argument expected, got list.

[rosout][ERROR] 2025-03-27 14:08:22,770: bad callback: <bound method SonarProcessor.sonar_callback of <__main__.SonarProcessor instance at 0x7fa8c66aa170>>
Traceback (most recent call last):
  File "/opt/ros/kinetic/lib/python2.7/dist-packages/rospy/topics.py", line 750, in _invoke_callback
    cb(msg)
  File "sonar_get_min_dist.py", line 27, in sonar_callback
    self.back_left_min, self.back_right_min = self.process_sonar_data(data)
  File "sonar_get_min_dist.py", line 51, in process_sonar_data
    self.print_sonar(br_dist)
  File "sonar_get_min_dist.py", line 34, in print_sonar
    for i in range(data):
TypeError: range() integer end argument expected, got list.

[rosout][ERROR] 2025-03-27 14:08:22,873: bad callback: <bound method SonarProcessor.sonar_callback of <__main__.SonarProcessor instance at 0x7fa8c66aa170>>
Traceback (most recent call last):
  File "/opt/ros/kinetic/lib/python2.7/dist-packages/rospy/topics.py", line 750, in _invoke_callback
    cb(msg)
  File "sonar_get_min_dist.py", line 27, in sonar_callback
    self.back_left_min, self.back_right_min = self.process_sonar_data(data)
  File "sonar_get_min_dist.py", line 51, in process_sonar_data
    self.print_sonar(br_dist)
  File "sonar_get_min_dist.py", line 34, in print_sonar
    for i in range(data):
TypeError: range() integer end argument expected, got list.

[rosout][ERROR] 2025-03-27 14:08:22,969: bad callback: <bound method SonarProcessor.sonar_callback of <__main__.SonarProcessor instance at 0x7fa8c66aa170>>
Traceback (most recent call last):
  File "/opt/ros/kinetic/lib/python2.7/dist-packages/rospy/topics.py", line 750, in _invoke_callback
    cb(msg)
  File "sonar_get_min_dist.py", line 27, in sonar_callback
    self.back_left_min, self.back_right_min = self.process_sonar_data(data)
  File "sonar_get_min_dist.py", line 51, in process_sonar_data
    self.print_sonar(br_dist)
  File "sonar_get_min_dist.py", line 34, in print_sonar
    for i in range(data):
TypeError: range() integer end argument expected, got list.

[rosout][ERROR] 2025-03-27 14:08:23,073: bad callback: <bound method SonarProcessor.sonar_callback of <__main__.SonarProcessor instance at 0x7fa8c66aa170>>
Traceback (most recent call last):
  File "/opt/ros/kinetic/lib/python2.7/dist-packages/rospy/topics.py", line 750, in _invoke_callback
    cb(msg)
  File "sonar_get_min_dist.py", line 27, in sonar_callback
    self.back_left_min, self.back_right_min = self.process_sonar_data(data)
  File "sonar_get_min_dist.py", line 51, in process_sonar_data
    self.print_sonar(br_dist)
  File "sonar_get_min_dist.py", line 34, in print_sonar
    for i in range(data):
TypeError: range() integer end argument expected, got list.

[rosout][ERROR] 2025-03-27 14:08:23,170: bad callback: <bound method SonarProcessor.sonar_callback of <__main__.SonarProcessor instance at 0x7fa8c66aa170>>
Traceback (most recent call last):
  File "/opt/ros/kinetic/lib/python2.7/dist-packages/rospy/topics.py", line 750, in _invoke_callback
    cb(msg)
  File "sonar_get_min_dist.py", line 27, in sonar_callback
    self.back_left_min, self.back_right_min = self.process_sonar_data(data)
  File "sonar_get_min_dist.py", line 51, in process_sonar_data
    self.print_sonar(br_dist)
  File "sonar_get_min_dist.py", line 34, in print_sonar
    for i in range(data):
TypeError: range() integer end argument expected, got list.

[rosout][ERROR] 2025-03-27 14:08:23,273: bad callback: <bound method SonarProcessor.sonar_callback of <__main__.SonarProcessor instance at 0x7fa8c66aa170>>
Traceback (most recent call last):
  File "/opt/ros/kinetic/lib/python2.7/dist-packages/rospy/topics.py", line 750, in _invoke_callback
    cb(msg)
  File "sonar_get_min_dist.py", line 27, in sonar_callback
    self.back_left_min, self.back_right_min = self.process_sonar_data(data)
  File "sonar_get_min_dist.py", line 51, in process_sonar_data
    self.print_sonar(br_dist)
  File "sonar_get_min_dist.py", line 34, in print_sonar
    for i in range(data):
TypeError: range() integer end argument expected, got list.

[rosout][ERROR] 2025-03-27 14:08:23,370: bad callback: <bound method SonarProcessor.sonar_callback of <__main__.SonarProcessor instance at 0x7fa8c66aa170>>
Traceback (most recent call last):
  File "/opt/ros/kinetic/lib/python2.7/dist-packages/rospy/topics.py", line 750, in _invoke_callback
    cb(msg)
  File "sonar_get_min_dist.py", line 27, in sonar_callback
    self.back_left_min, self.back_right_min = self.process_sonar_data(data)
  File "sonar_get_min_dist.py", line 51, in process_sonar_data
    self.print_sonar(br_dist)
  File "sonar_get_min_dist.py", line 34, in print_sonar
    for i in range(data):
TypeError: range() integer end argument expected, got list.

[rosout][ERROR] 2025-03-27 14:08:23,473: bad callback: <bound method SonarProcessor.sonar_callback of <__main__.SonarProcessor instance at 0x7fa8c66aa170>>
Traceback (most recent call last):
  File "/opt/ros/kinetic/lib/python2.7/dist-packages/rospy/topics.py", line 750, in _invoke_callback
    cb(msg)
  File "sonar_get_min_dist.py", line 27, in sonar_callback
    self.back_left_min, self.back_right_min = self.process_sonar_data(data)
  File "sonar_get_min_dist.py", line 51, in process_sonar_data
    self.print_sonar(br_dist)
  File "sonar_get_min_dist.py", line 34, in print_sonar
    for i in range(data):
TypeError: range() integer end argument expected, got list.

[rosout][ERROR] 2025-03-27 14:08:23,570: bad callback: <bound method SonarProcessor.sonar_callback of <__main__.SonarProcessor instance at 0x7fa8c66aa170>>
Traceback (most recent call last):
  File "/opt/ros/kinetic/lib/python2.7/dist-packages/rospy/topics.py", line 750, in _invoke_callback
    cb(msg)
  File "sonar_get_min_dist.py", line 27, in sonar_callback
    self.back_left_min, self.back_right_min = self.process_sonar_data(data)
  File "sonar_get_min_dist.py", line 51, in process_sonar_data
    self.print_sonar(br_dist)
  File "sonar_get_min_dist.py", line 34, in print_sonar
    for i in range(data):
TypeError: range() integer end argument expected, got list.

[rosout][ERROR] 2025-03-27 14:08:23,673: bad callback: <bound method SonarProcessor.sonar_callback of <__main__.SonarProcessor instance at 0x7fa8c66aa170>>
Traceback (most recent call last):
  File "/opt/ros/kinetic/lib/python2.7/dist-packages/rospy/topics.py", line 750, in _invoke_callback
    cb(msg)
  File "sonar_get_min_dist.py", line 27, in sonar_callback
    self.back_left_min, self.back_right_min = self.process_sonar_data(data)
  File "sonar_get_min_dist.py", line 51, in process_sonar_data
    self.print_sonar(br_dist)
  File "sonar_get_min_dist.py", line 34, in print_sonar
    for i in range(data):
TypeError: range() integer end argument expected, got list.

[rosout][ERROR] 2025-03-27 14:08:23,770: bad callback: <bound method SonarProcessor.sonar_callback of <__main__.SonarProcessor instance at 0x7fa8c66aa170>>
Traceback (most recent call last):
  File "/opt/ros/kinetic/lib/python2.7/dist-packages/rospy/topics.py", line 750, in _invoke_callback
    cb(msg)
  File "sonar_get_min_dist.py", line 27, in sonar_callback
    self.back_left_min, self.back_right_min = self.process_sonar_data(data)
  File "sonar_get_min_dist.py", line 51, in process_sonar_data
    self.print_sonar(br_dist)
  File "sonar_get_min_dist.py", line 34, in print_sonar
    for i in range(data):
TypeError: range() integer end argument expected, got list.

[rosout][ERROR] 2025-03-27 14:08:23,873: bad callback: <bound method SonarProcessor.sonar_callback of <__main__.SonarProcessor instance at 0x7fa8c66aa170>>
Traceback (most recent call last):
  File "/opt/ros/kinetic/lib/python2.7/dist-packages/rospy/topics.py", line 750, in _invoke_callback
    cb(msg)
  File "sonar_get_min_dist.py", line 27, in sonar_callback
    self.back_left_min, self.back_right_min = self.process_sonar_data(data)
  File "sonar_get_min_dist.py", line 51, in process_sonar_data
    self.print_sonar(br_dist)
  File "sonar_get_min_dist.py", line 34, in print_sonar
    for i in range(data):
TypeError: range() integer end argument expected, got list.

[rosout][ERROR] 2025-03-27 14:08:23,970: bad callback: <bound method SonarProcessor.sonar_callback of <__main__.SonarProcessor instance at 0x7fa8c66aa170>>
Traceback (most recent call last):
  File "/opt/ros/kinetic/lib/python2.7/dist-packages/rospy/topics.py", line 750, in _invoke_callback
    cb(msg)
  File "sonar_get_min_dist.py", line 27, in sonar_callback
    self.back_left_min, self.back_right_min = self.process_sonar_data(data)
  File "sonar_get_min_dist.py", line 51, in process_sonar_data
    self.print_sonar(br_dist)
  File "sonar_get_min_dist.py", line 34, in print_sonar
    for i in range(data):
TypeError: range() integer end argument expected, got list.

[rosout][ERROR] 2025-03-27 14:08:24,073: bad callback: <bound method SonarProcessor.sonar_callback of <__main__.SonarProcessor instance at 0x7fa8c66aa170>>
Traceback (most recent call last):
  File "/opt/ros/kinetic/lib/python2.7/dist-packages/rospy/topics.py", line 750, in _invoke_callback
    cb(msg)
  File "sonar_get_min_dist.py", line 27, in sonar_callback
    self.back_left_min, self.back_right_min = self.process_sonar_data(data)
  File "sonar_get_min_dist.py", line 51, in process_sonar_data
    self.print_sonar(br_dist)
  File "sonar_get_min_dist.py", line 34, in print_sonar
    for i in range(data):
TypeError: range() integer end argument expected, got list.

[rosout][ERROR] 2025-03-27 14:08:24,170: bad callback: <bound method SonarProcessor.sonar_callback of <__main__.SonarProcessor instance at 0x7fa8c66aa170>>
Traceback (most recent call last):
  File "/opt/ros/kinetic/lib/python2.7/dist-packages/rospy/topics.py", line 750, in _invoke_callback
    cb(msg)
  File "sonar_get_min_dist.py", line 27, in sonar_callback
    self.back_left_min, self.back_right_min = self.process_sonar_data(data)
  File "sonar_get_min_dist.py", line 51, in process_sonar_data
    self.print_sonar(br_dist)
  File "sonar_get_min_dist.py", line 34, in print_sonar
    for i in range(data):
TypeError: range() integer end argument expected, got list.

[rosout][ERROR] 2025-03-27 14:08:24,273: bad callback: <bound method SonarProcessor.sonar_callback of <__main__.SonarProcessor instance at 0x7fa8c66aa170>>
Traceback (most recent call last):
  File "/opt/ros/kinetic/lib/python2.7/dist-packages/rospy/topics.py", line 750, in _invoke_callback
    cb(msg)
  File "sonar_get_min_dist.py", line 27, in sonar_callback
    self.back_left_min, self.back_right_min = self.process_sonar_data(data)
  File "sonar_get_min_dist.py", line 51, in process_sonar_data
    self.print_sonar(br_dist)
  File "sonar_get_min_dist.py", line 34, in print_sonar
    for i in range(data):
TypeError: range() integer end argument expected, got list.

[rosout][ERROR] 2025-03-27 14:08:24,370: bad callback: <bound method SonarProcessor.sonar_callback of <__main__.SonarProcessor instance at 0x7fa8c66aa170>>
Traceback (most recent call last):
  File "/opt/ros/kinetic/lib/python2.7/dist-packages/rospy/topics.py", line 750, in _invoke_callback
    cb(msg)
  File "sonar_get_min_dist.py", line 27, in sonar_callback
    self.back_left_min, self.back_right_min = self.process_sonar_data(data)
  File "sonar_get_min_dist.py", line 51, in process_sonar_data
    self.print_sonar(br_dist)
  File "sonar_get_min_dist.py", line 34, in print_sonar
    for i in range(data):
TypeError: range() integer end argument expected, got list.

[rosout][ERROR] 2025-03-27 14:08:24,473: bad callback: <bound method SonarProcessor.sonar_callback of <__main__.SonarProcessor instance at 0x7fa8c66aa170>>
Traceback (most recent call last):
  File "/opt/ros/kinetic/lib/python2.7/dist-packages/rospy/topics.py", line 750, in _invoke_callback
    cb(msg)
  File "sonar_get_min_dist.py", line 27, in sonar_callback
    self.back_left_min, self.back_right_min = self.process_sonar_data(data)
  File "sonar_get_min_dist.py", line 51, in process_sonar_data
    self.print_sonar(br_dist)
  File "sonar_get_min_dist.py", line 34, in print_sonar
    for i in range(data):
TypeError: range() integer end argument expected, got list.

[rosout][ERROR] 2025-03-27 14:08:24,570: bad callback: <bound method SonarProcessor.sonar_callback of <__main__.SonarProcessor instance at 0x7fa8c66aa170>>
Traceback (most recent call last):
  File "/opt/ros/kinetic/lib/python2.7/dist-packages/rospy/topics.py", line 750, in _invoke_callback
    cb(msg)
  File "sonar_get_min_dist.py", line 27, in sonar_callback
    self.back_left_min, self.back_right_min = self.process_sonar_data(data)
  File "sonar_get_min_dist.py", line 51, in process_sonar_data
    self.print_sonar(br_dist)
  File "sonar_get_min_dist.py", line 34, in print_sonar
    for i in range(data):
TypeError: range() integer end argument expected, got list.

[rosout][ERROR] 2025-03-27 14:08:24,673: bad callback: <bound method SonarProcessor.sonar_callback of <__main__.SonarProcessor instance at 0x7fa8c66aa170>>
Traceback (most recent call last):
  File "/opt/ros/kinetic/lib/python2.7/dist-packages/rospy/topics.py", line 750, in _invoke_callback
    cb(msg)
  File "sonar_get_min_dist.py", line 27, in sonar_callback
    self.back_left_min, self.back_right_min = self.process_sonar_data(data)
  File "sonar_get_min_dist.py", line 51, in process_sonar_data
    self.print_sonar(br_dist)
  File "sonar_get_min_dist.py", line 34, in print_sonar
    for i in range(data):
TypeError: range() integer end argument expected, got list.

[rosout][ERROR] 2025-03-27 14:08:24,771: bad callback: <bound method SonarProcessor.sonar_callback of <__main__.SonarProcessor instance at 0x7fa8c66aa170>>
Traceback (most recent call last):
  File "/opt/ros/kinetic/lib/python2.7/dist-packages/rospy/topics.py", line 750, in _invoke_callback
    cb(msg)
  File "sonar_get_min_dist.py", line 27, in sonar_callback
    self.back_left_min, self.back_right_min = self.process_sonar_data(data)
  File "sonar_get_min_dist.py", line 51, in process_sonar_data
    self.print_sonar(br_dist)
  File "sonar_get_min_dist.py", line 34, in print_sonar
    for i in range(data):
TypeError: range() integer end argument expected, got list.

[rosout][ERROR] 2025-03-27 14:08:24,873: bad callback: <bound method SonarProcessor.sonar_callback of <__main__.SonarProcessor instance at 0x7fa8c66aa170>>
Traceback (most recent call last):
  File "/opt/ros/kinetic/lib/python2.7/dist-packages/rospy/topics.py", line 750, in _invoke_callback
    cb(msg)
  File "sonar_get_min_dist.py", line 27, in sonar_callback
    self.back_left_min, self.back_right_min = self.process_sonar_data(data)
  File "sonar_get_min_dist.py", line 51, in process_sonar_data
    self.print_sonar(br_dist)
  File "sonar_get_min_dist.py", line 34, in print_sonar
    for i in range(data):
TypeError: range() integer end argument expected, got list.

[rosout][ERROR] 2025-03-27 14:08:24,970: bad callback: <bound method SonarProcessor.sonar_callback of <__main__.SonarProcessor instance at 0x7fa8c66aa170>>
Traceback (most recent call last):
  File "/opt/ros/kinetic/lib/python2.7/dist-packages/rospy/topics.py", line 750, in _invoke_callback
    cb(msg)
  File "sonar_get_min_dist.py", line 27, in sonar_callback
    self.back_left_min, self.back_right_min = self.process_sonar_data(data)
  File "sonar_get_min_dist.py", line 51, in process_sonar_data
    self.print_sonar(br_dist)
  File "sonar_get_min_dist.py", line 34, in print_sonar
    for i in range(data):
TypeError: range() integer end argument expected, got list.

[rosout][ERROR] 2025-03-27 14:08:25,074: bad callback: <bound method SonarProcessor.sonar_callback of <__main__.SonarProcessor instance at 0x7fa8c66aa170>>
Traceback (most recent call last):
  File "/opt/ros/kinetic/lib/python2.7/dist-packages/rospy/topics.py", line 750, in _invoke_callback
    cb(msg)
  File "sonar_get_min_dist.py", line 27, in sonar_callback
    self.back_left_min, self.back_right_min = self.process_sonar_data(data)
  File "sonar_get_min_dist.py", line 51, in process_sonar_data
    self.print_sonar(br_dist)
  File "sonar_get_min_dist.py", line 34, in print_sonar
    for i in range(data):
TypeError: range() integer end argument expected, got list.

[rosout][ERROR] 2025-03-27 14:08:25,170: bad callback: <bound method SonarProcessor.sonar_callback of <__main__.SonarProcessor instance at 0x7fa8c66aa170>>
Traceback (most recent call last):
  File "/opt/ros/kinetic/lib/python2.7/dist-packages/rospy/topics.py", line 750, in _invoke_callback
    cb(msg)
  File "sonar_get_min_dist.py", line 27, in sonar_callback
    self.back_left_min, self.back_right_min = self.process_sonar_data(data)
  File "sonar_get_min_dist.py", line 51, in process_sonar_data
    self.print_sonar(br_dist)
  File "sonar_get_min_dist.py", line 34, in print_sonar
    for i in range(data):
TypeError: range() integer end argument expected, got list.

[rosout][ERROR] 2025-03-27 14:08:25,274: bad callback: <bound method SonarProcessor.sonar_callback of <__main__.SonarProcessor instance at 0x7fa8c66aa170>>
Traceback (most recent call last):
  File "/opt/ros/kinetic/lib/python2.7/dist-packages/rospy/topics.py", line 750, in _invoke_callback
    cb(msg)
  File "sonar_get_min_dist.py", line 27, in sonar_callback
    self.back_left_min, self.back_right_min = self.process_sonar_data(data)
  File "sonar_get_min_dist.py", line 51, in process_sonar_data
    self.print_sonar(br_dist)
  File "sonar_get_min_dist.py", line 34, in print_sonar
    for i in range(data):
TypeError: range() integer end argument expected, got list.

[rosout][ERROR] 2025-03-27 14:08:25,371: bad callback: <bound method SonarProcessor.sonar_callback of <__main__.SonarProcessor instance at 0x7fa8c66aa170>>
Traceback (most recent call last):
  File "/opt/ros/kinetic/lib/python2.7/dist-packages/rospy/topics.py", line 750, in _invoke_callback
    cb(msg)
  File "sonar_get_min_dist.py", line 27, in sonar_callback
    self.back_left_min, self.back_right_min = self.process_sonar_data(data)
  File "sonar_get_min_dist.py", line 51, in process_sonar_data
    self.print_sonar(br_dist)
  File "sonar_get_min_dist.py", line 34, in print_sonar
    for i in range(data):
TypeError: range() integer end argument expected, got list.

[rosout][ERROR] 2025-03-27 14:08:25,474: bad callback: <bound method SonarProcessor.sonar_callback of <__main__.SonarProcessor instance at 0x7fa8c66aa170>>
Traceback (most recent call last):
  File "/opt/ros/kinetic/lib/python2.7/dist-packages/rospy/topics.py", line 750, in _invoke_callback
    cb(msg)
  File "sonar_get_min_dist.py", line 27, in sonar_callback
    self.back_left_min, self.back_right_min = self.process_sonar_data(data)
  File "sonar_get_min_dist.py", line 51, in process_sonar_data
    self.print_sonar(br_dist)
  File "sonar_get_min_dist.py", line 34, in print_sonar
    for i in range(data):
TypeError: range() integer end argument expected, got list.

[rosout][ERROR] 2025-03-27 14:08:25,571: bad callback: <bound method SonarProcessor.sonar_callback of <__main__.SonarProcessor instance at 0x7fa8c66aa170>>
Traceback (most recent call last):
  File "/opt/ros/kinetic/lib/python2.7/dist-packages/rospy/topics.py", line 750, in _invoke_callback
    cb(msg)
  File "sonar_get_min_dist.py", line 27, in sonar_callback
    self.back_left_min, self.back_right_min = self.process_sonar_data(data)
  File "sonar_get_min_dist.py", line 51, in process_sonar_data
    self.print_sonar(br_dist)
  File "sonar_get_min_dist.py", line 34, in print_sonar
    for i in range(data):
TypeError: range() integer end argument expected, got list.

[rosout][ERROR] 2025-03-27 14:08:25,674: bad callback: <bound method SonarProcessor.sonar_callback of <__main__.SonarProcessor instance at 0x7fa8c66aa170>>
Traceback (most recent call last):
  File "/opt/ros/kinetic/lib/python2.7/dist-packages/rospy/topics.py", line 750, in _invoke_callback
    cb(msg)
  File "sonar_get_min_dist.py", line 27, in sonar_callback
    self.back_left_min, self.back_right_min = self.process_sonar_data(data)
  File "sonar_get_min_dist.py", line 51, in process_sonar_data
    self.print_sonar(br_dist)
  File "sonar_get_min_dist.py", line 34, in print_sonar
    for i in range(data):
TypeError: range() integer end argument expected, got list.

[rosout][ERROR] 2025-03-27 14:08:25,771: bad callback: <bound method SonarProcessor.sonar_callback of <__main__.SonarProcessor instance at 0x7fa8c66aa170>>
Traceback (most recent call last):
  File "/opt/ros/kinetic/lib/python2.7/dist-packages/rospy/topics.py", line 750, in _invoke_callback
    cb(msg)
  File "sonar_get_min_dist.py", line 27, in sonar_callback
    self.back_left_min, self.back_right_min = self.process_sonar_data(data)
  File "sonar_get_min_dist.py", line 51, in process_sonar_data
    self.print_sonar(br_dist)
  File "sonar_get_min_dist.py", line 34, in print_sonar
    for i in range(data):
TypeError: range() integer end argument expected, got list.

[rosout][ERROR] 2025-03-27 14:08:25,874: bad callback: <bound method SonarProcessor.sonar_callback of <__main__.SonarProcessor instance at 0x7fa8c66aa170>>
Traceback (most recent call last):
  File "/opt/ros/kinetic/lib/python2.7/dist-packages/rospy/topics.py", line 750, in _invoke_callback
    cb(msg)
  File "sonar_get_min_dist.py", line 27, in sonar_callback
    self.back_left_min, self.back_right_min = self.process_sonar_data(data)
  File "sonar_get_min_dist.py", line 51, in process_sonar_data
    self.print_sonar(br_dist)
  File "sonar_get_min_dist.py", line 34, in print_sonar
    for i in range(data):
TypeError: range() integer end argument expected, got list.

[rosout][ERROR] 2025-03-27 14:08:25,971: bad callback: <bound method SonarProcessor.sonar_callback of <__main__.SonarProcessor instance at 0x7fa8c66aa170>>
Traceback (most recent call last):
  File "/opt/ros/kinetic/lib/python2.7/dist-packages/rospy/topics.py", line 750, in _invoke_callback
    cb(msg)
  File "sonar_get_min_dist.py", line 27, in sonar_callback
    self.back_left_min, self.back_right_min = self.process_sonar_data(data)
  File "sonar_get_min_dist.py", line 51, in process_sonar_data
    self.print_sonar(br_dist)
  File "sonar_get_min_dist.py", line 34, in print_sonar
    for i in range(data):
TypeError: range() integer end argument expected, got list.

[rosout][ERROR] 2025-03-27 14:08:26,074: bad callback: <bound method SonarProcessor.sonar_callback of <__main__.SonarProcessor instance at 0x7fa8c66aa170>>
Traceback (most recent call last):
  File "/opt/ros/kinetic/lib/python2.7/dist-packages/rospy/topics.py", line 750, in _invoke_callback
    cb(msg)
  File "sonar_get_min_dist.py", line 27, in sonar_callback
    self.back_left_min, self.back_right_min = self.process_sonar_data(data)
  File "sonar_get_min_dist.py", line 51, in process_sonar_data
    self.print_sonar(br_dist)
  File "sonar_get_min_dist.py", line 34, in print_sonar
    for i in range(data):
TypeError: range() integer end argument expected, got list.

[rosout][ERROR] 2025-03-27 14:08:26,171: bad callback: <bound method SonarProcessor.sonar_callback of <__main__.SonarProcessor instance at 0x7fa8c66aa170>>
Traceback (most recent call last):
  File "/opt/ros/kinetic/lib/python2.7/dist-packages/rospy/topics.py", line 750, in _invoke_callback
    cb(msg)
  File "sonar_get_min_dist.py", line 27, in sonar_callback
    self.back_left_min, self.back_right_min = self.process_sonar_data(data)
  File "sonar_get_min_dist.py", line 51, in process_sonar_data
    self.print_sonar(br_dist)
  File "sonar_get_min_dist.py", line 34, in print_sonar
    for i in range(data):
TypeError: range() integer end argument expected, got list.

[rosout][ERROR] 2025-03-27 14:08:26,274: bad callback: <bound method SonarProcessor.sonar_callback of <__main__.SonarProcessor instance at 0x7fa8c66aa170>>
Traceback (most recent call last):
  File "/opt/ros/kinetic/lib/python2.7/dist-packages/rospy/topics.py", line 750, in _invoke_callback
    cb(msg)
  File "sonar_get_min_dist.py", line 27, in sonar_callback
    self.back_left_min, self.back_right_min = self.process_sonar_data(data)
  File "sonar_get_min_dist.py", line 51, in process_sonar_data
    self.print_sonar(br_dist)
  File "sonar_get_min_dist.py", line 34, in print_sonar
    for i in range(data):
TypeError: range() integer end argument expected, got list.

[rosout][ERROR] 2025-03-27 14:08:26,371: bad callback: <bound method SonarProcessor.sonar_callback of <__main__.SonarProcessor instance at 0x7fa8c66aa170>>
Traceback (most recent call last):
  File "/opt/ros/kinetic/lib/python2.7/dist-packages/rospy/topics.py", line 750, in _invoke_callback
    cb(msg)
  File "sonar_get_min_dist.py", line 27, in sonar_callback
    self.back_left_min, self.back_right_min = self.process_sonar_data(data)
  File "sonar_get_min_dist.py", line 51, in process_sonar_data
    self.print_sonar(br_dist)
  File "sonar_get_min_dist.py", line 34, in print_sonar
    for i in range(data):
TypeError: range() integer end argument expected, got list.

[rosout][ERROR] 2025-03-27 14:08:26,474: bad callback: <bound method SonarProcessor.sonar_callback of <__main__.SonarProcessor instance at 0x7fa8c66aa170>>
Traceback (most recent call last):
  File "/opt/ros/kinetic/lib/python2.7/dist-packages/rospy/topics.py", line 750, in _invoke_callback
    cb(msg)
  File "sonar_get_min_dist.py", line 27, in sonar_callback
    self.back_left_min, self.back_right_min = self.process_sonar_data(data)
  File "sonar_get_min_dist.py", line 51, in process_sonar_data
    self.print_sonar(br_dist)
  File "sonar_get_min_dist.py", line 34, in print_sonar
    for i in range(data):
TypeError: range() integer end argument expected, got list.

[rosout][ERROR] 2025-03-27 14:08:26,571: bad callback: <bound method SonarProcessor.sonar_callback of <__main__.SonarProcessor instance at 0x7fa8c66aa170>>
Traceback (most recent call last):
  File "/opt/ros/kinetic/lib/python2.7/dist-packages/rospy/topics.py", line 750, in _invoke_callback
    cb(msg)
  File "sonar_get_min_dist.py", line 27, in sonar_callback
    self.back_left_min, self.back_right_min = self.process_sonar_data(data)
  File "sonar_get_min_dist.py", line 51, in process_sonar_data
    self.print_sonar(br_dist)
  File "sonar_get_min_dist.py", line 34, in print_sonar
    for i in range(data):
TypeError: range() integer end argument expected, got list.

[rosout][ERROR] 2025-03-27 14:08:26,674: bad callback: <bound method SonarProcessor.sonar_callback of <__main__.SonarProcessor instance at 0x7fa8c66aa170>>
Traceback (most recent call last):
  File "/opt/ros/kinetic/lib/python2.7/dist-packages/rospy/topics.py", line 750, in _invoke_callback
    cb(msg)
  File "sonar_get_min_dist.py", line 27, in sonar_callback
    self.back_left_min, self.back_right_min = self.process_sonar_data(data)
  File "sonar_get_min_dist.py", line 51, in process_sonar_data
    self.print_sonar(br_dist)
  File "sonar_get_min_dist.py", line 34, in print_sonar
    for i in range(data):
TypeError: range() integer end argument expected, got list.

[rosout][ERROR] 2025-03-27 14:08:26,771: bad callback: <bound method SonarProcessor.sonar_callback of <__main__.SonarProcessor instance at 0x7fa8c66aa170>>
Traceback (most recent call last):
  File "/opt/ros/kinetic/lib/python2.7/dist-packages/rospy/topics.py", line 750, in _invoke_callback
    cb(msg)
  File "sonar_get_min_dist.py", line 27, in sonar_callback
    self.back_left_min, self.back_right_min = self.process_sonar_data(data)
  File "sonar_get_min_dist.py", line 51, in process_sonar_data
    self.print_sonar(br_dist)
  File "sonar_get_min_dist.py", line 34, in print_sonar
    for i in range(data):
TypeError: range() integer end argument expected, got list.

[rosout][ERROR] 2025-03-27 14:08:26,874: bad callback: <bound method SonarProcessor.sonar_callback of <__main__.SonarProcessor instance at 0x7fa8c66aa170>>
Traceback (most recent call last):
  File "/opt/ros/kinetic/lib/python2.7/dist-packages/rospy/topics.py", line 750, in _invoke_callback
    cb(msg)
  File "sonar_get_min_dist.py", line 27, in sonar_callback
    self.back_left_min, self.back_right_min = self.process_sonar_data(data)
  File "sonar_get_min_dist.py", line 51, in process_sonar_data
    self.print_sonar(br_dist)
  File "sonar_get_min_dist.py", line 34, in print_sonar
    for i in range(data):
TypeError: range() integer end argument expected, got list.

[rosout][ERROR] 2025-03-27 14:08:26,971: bad callback: <bound method SonarProcessor.sonar_callback of <__main__.SonarProcessor instance at 0x7fa8c66aa170>>
Traceback (most recent call last):
  File "/opt/ros/kinetic/lib/python2.7/dist-packages/rospy/topics.py", line 750, in _invoke_callback
    cb(msg)
  File "sonar_get_min_dist.py", line 27, in sonar_callback
    self.back_left_min, self.back_right_min = self.process_sonar_data(data)
  File "sonar_get_min_dist.py", line 51, in process_sonar_data
    self.print_sonar(br_dist)
  File "sonar_get_min_dist.py", line 34, in print_sonar
    for i in range(data):
TypeError: range() integer end argument expected, got list.

[rosout][ERROR] 2025-03-27 14:08:27,074: bad callback: <bound method SonarProcessor.sonar_callback of <__main__.SonarProcessor instance at 0x7fa8c66aa170>>
Traceback (most recent call last):
  File "/opt/ros/kinetic/lib/python2.7/dist-packages/rospy/topics.py", line 750, in _invoke_callback
    cb(msg)
  File "sonar_get_min_dist.py", line 27, in sonar_callback
    self.back_left_min, self.back_right_min = self.process_sonar_data(data)
  File "sonar_get_min_dist.py", line 51, in process_sonar_data
    self.print_sonar(br_dist)
  File "sonar_get_min_dist.py", line 34, in print_sonar
    for i in range(data):
TypeError: range() integer end argument expected, got list.

[rosout][ERROR] 2025-03-27 14:08:27,171: bad callback: <bound method SonarProcessor.sonar_callback of <__main__.SonarProcessor instance at 0x7fa8c66aa170>>
Traceback (most recent call last):
  File "/opt/ros/kinetic/lib/python2.7/dist-packages/rospy/topics.py", line 750, in _invoke_callback
    cb(msg)
  File "sonar_get_min_dist.py", line 27, in sonar_callback
    self.back_left_min, self.back_right_min = self.process_sonar_data(data)
  File "sonar_get_min_dist.py", line 51, in process_sonar_data
    self.print_sonar(br_dist)
  File "sonar_get_min_dist.py", line 34, in print_sonar
    for i in range(data):
TypeError: range() integer end argument expected, got list.

[rosout][ERROR] 2025-03-27 14:08:27,275: bad callback: <bound method SonarProcessor.sonar_callback of <__main__.SonarProcessor instance at 0x7fa8c66aa170>>
Traceback (most recent call last):
  File "/opt/ros/kinetic/lib/python2.7/dist-packages/rospy/topics.py", line 750, in _invoke_callback
    cb(msg)
  File "sonar_get_min_dist.py", line 27, in sonar_callback
    self.back_left_min, self.back_right_min = self.process_sonar_data(data)
  File "sonar_get_min_dist.py", line 51, in process_sonar_data
    self.print_sonar(br_dist)
  File "sonar_get_min_dist.py", line 34, in print_sonar
    for i in range(data):
TypeError: range() integer end argument expected, got list.

[rosout][ERROR] 2025-03-27 14:08:27,371: bad callback: <bound method SonarProcessor.sonar_callback of <__main__.SonarProcessor instance at 0x7fa8c66aa170>>
Traceback (most recent call last):
  File "/opt/ros/kinetic/lib/python2.7/dist-packages/rospy/topics.py", line 750, in _invoke_callback
    cb(msg)
  File "sonar_get_min_dist.py", line 27, in sonar_callback
    self.back_left_min, self.back_right_min = self.process_sonar_data(data)
  File "sonar_get_min_dist.py", line 51, in process_sonar_data
    self.print_sonar(br_dist)
  File "sonar_get_min_dist.py", line 34, in print_sonar
    for i in range(data):
TypeError: range() integer end argument expected, got list.

[rosout][ERROR] 2025-03-27 14:08:27,475: bad callback: <bound method SonarProcessor.sonar_callback of <__main__.SonarProcessor instance at 0x7fa8c66aa170>>
Traceback (most recent call last):
  File "/opt/ros/kinetic/lib/python2.7/dist-packages/rospy/topics.py", line 750, in _invoke_callback
    cb(msg)
  File "sonar_get_min_dist.py", line 27, in sonar_callback
    self.back_left_min, self.back_right_min = self.process_sonar_data(data)
  File "sonar_get_min_dist.py", line 51, in process_sonar_data
    self.print_sonar(br_dist)
  File "sonar_get_min_dist.py", line 34, in print_sonar
    for i in range(data):
TypeError: range() integer end argument expected, got list.

[rosout][ERROR] 2025-03-27 14:08:27,571: bad callback: <bound method SonarProcessor.sonar_callback of <__main__.SonarProcessor instance at 0x7fa8c66aa170>>
Traceback (most recent call last):
  File "/opt/ros/kinetic/lib/python2.7/dist-packages/rospy/topics.py", line 750, in _invoke_callback
    cb(msg)
  File "sonar_get_min_dist.py", line 27, in sonar_callback
    self.back_left_min, self.back_right_min = self.process_sonar_data(data)
  File "sonar_get_min_dist.py", line 51, in process_sonar_data
    self.print_sonar(br_dist)
  File "sonar_get_min_dist.py", line 34, in print_sonar
    for i in range(data):
TypeError: range() integer end argument expected, got list.

[rosout][ERROR] 2025-03-27 14:08:27,675: bad callback: <bound method SonarProcessor.sonar_callback of <__main__.SonarProcessor instance at 0x7fa8c66aa170>>
Traceback (most recent call last):
  File "/opt/ros/kinetic/lib/python2.7/dist-packages/rospy/topics.py", line 750, in _invoke_callback
    cb(msg)
  File "sonar_get_min_dist.py", line 27, in sonar_callback
    self.back_left_min, self.back_right_min = self.process_sonar_data(data)
  File "sonar_get_min_dist.py", line 51, in process_sonar_data
    self.print_sonar(br_dist)
  File "sonar_get_min_dist.py", line 34, in print_sonar
    for i in range(data):
TypeError: range() integer end argument expected, got list.

[rosout][ERROR] 2025-03-27 14:08:27,772: bad callback: <bound method SonarProcessor.sonar_callback of <__main__.SonarProcessor instance at 0x7fa8c66aa170>>
Traceback (most recent call last):
  File "/opt/ros/kinetic/lib/python2.7/dist-packages/rospy/topics.py", line 750, in _invoke_callback
    cb(msg)
  File "sonar_get_min_dist.py", line 27, in sonar_callback
    self.back_left_min, self.back_right_min = self.process_sonar_data(data)
  File "sonar_get_min_dist.py", line 51, in process_sonar_data
    self.print_sonar(br_dist)
  File "sonar_get_min_dist.py", line 34, in print_sonar
    for i in range(data):
TypeError: range() integer end argument expected, got list.

[rosout][ERROR] 2025-03-27 14:08:27,875: bad callback: <bound method SonarProcessor.sonar_callback of <__main__.SonarProcessor instance at 0x7fa8c66aa170>>
Traceback (most recent call last):
  File "/opt/ros/kinetic/lib/python2.7/dist-packages/rospy/topics.py", line 750, in _invoke_callback
    cb(msg)
  File "sonar_get_min_dist.py", line 27, in sonar_callback
    self.back_left_min, self.back_right_min = self.process_sonar_data(data)
  File "sonar_get_min_dist.py", line 51, in process_sonar_data
    self.print_sonar(br_dist)
  File "sonar_get_min_dist.py", line 34, in print_sonar
    for i in range(data):
TypeError: range() integer end argument expected, got list.

[rosout][ERROR] 2025-03-27 14:08:27,972: bad callback: <bound method SonarProcessor.sonar_callback of <__main__.SonarProcessor instance at 0x7fa8c66aa170>>
Traceback (most recent call last):
  File "/opt/ros/kinetic/lib/python2.7/dist-packages/rospy/topics.py", line 750, in _invoke_callback
    cb(msg)
  File "sonar_get_min_dist.py", line 27, in sonar_callback
    self.back_left_min, self.back_right_min = self.process_sonar_data(data)
  File "sonar_get_min_dist.py", line 51, in process_sonar_data
    self.print_sonar(br_dist)
  File "sonar_get_min_dist.py", line 34, in print_sonar
    for i in range(data):
TypeError: range() integer end argument expected, got list.

[rosout][ERROR] 2025-03-27 14:08:28,075: bad callback: <bound method SonarProcessor.sonar_callback of <__main__.SonarProcessor instance at 0x7fa8c66aa170>>
Traceback (most recent call last):
  File "/opt/ros/kinetic/lib/python2.7/dist-packages/rospy/topics.py", line 750, in _invoke_callback
    cb(msg)
  File "sonar_get_min_dist.py", line 27, in sonar_callback
    self.back_left_min, self.back_right_min = self.process_sonar_data(data)
  File "sonar_get_min_dist.py", line 51, in process_sonar_data
    self.print_sonar(br_dist)
  File "sonar_get_min_dist.py", line 34, in print_sonar
    for i in range(data):
TypeError: range() integer end argument expected, got list.

[rosout][ERROR] 2025-03-27 14:08:28,172: bad callback: <bound method SonarProcessor.sonar_callback of <__main__.SonarProcessor instance at 0x7fa8c66aa170>>
Traceback (most recent call last):
  File "/opt/ros/kinetic/lib/python2.7/dist-packages/rospy/topics.py", line 750, in _invoke_callback
    cb(msg)
  File "sonar_get_min_dist.py", line 27, in sonar_callback
    self.back_left_min, self.back_right_min = self.process_sonar_data(data)
  File "sonar_get_min_dist.py", line 51, in process_sonar_data
    self.print_sonar(br_dist)
  File "sonar_get_min_dist.py", line 34, in print_sonar
    for i in range(data):
TypeError: range() integer end argument expected, got list.

[rosout][ERROR] 2025-03-27 14:08:28,275: bad callback: <bound method SonarProcessor.sonar_callback of <__main__.SonarProcessor instance at 0x7fa8c66aa170>>
Traceback (most recent call last):
  File "/opt/ros/kinetic/lib/python2.7/dist-packages/rospy/topics.py", line 750, in _invoke_callback
    cb(msg)
  File "sonar_get_min_dist.py", line 27, in sonar_callback
    self.back_left_min, self.back_right_min = self.process_sonar_data(data)
  File "sonar_get_min_dist.py", line 51, in process_sonar_data
    self.print_sonar(br_dist)
  File "sonar_get_min_dist.py", line 34, in print_sonar
    for i in range(data):
TypeError: range() integer end argument expected, got list.

[rosout][ERROR] 2025-03-27 14:08:28,372: bad callback: <bound method SonarProcessor.sonar_callback of <__main__.SonarProcessor instance at 0x7fa8c66aa170>>
Traceback (most recent call last):
  File "/opt/ros/kinetic/lib/python2.7/dist-packages/rospy/topics.py", line 750, in _invoke_callback
    cb(msg)
  File "sonar_get_min_dist.py", line 27, in sonar_callback
    self.back_left_min, self.back_right_min = self.process_sonar_data(data)
  File "sonar_get_min_dist.py", line 51, in process_sonar_data
    self.print_sonar(br_dist)
  File "sonar_get_min_dist.py", line 34, in print_sonar
    for i in range(data):
TypeError: range() integer end argument expected, got list.

[rosout][ERROR] 2025-03-27 14:08:28,475: bad callback: <bound method SonarProcessor.sonar_callback of <__main__.SonarProcessor instance at 0x7fa8c66aa170>>
Traceback (most recent call last):
  File "/opt/ros/kinetic/lib/python2.7/dist-packages/rospy/topics.py", line 750, in _invoke_callback
    cb(msg)
  File "sonar_get_min_dist.py", line 27, in sonar_callback
    self.back_left_min, self.back_right_min = self.process_sonar_data(data)
  File "sonar_get_min_dist.py", line 51, in process_sonar_data
    self.print_sonar(br_dist)
  File "sonar_get_min_dist.py", line 34, in print_sonar
    for i in range(data):
TypeError: range() integer end argument expected, got list.

[rosout][ERROR] 2025-03-27 14:08:28,572: bad callback: <bound method SonarProcessor.sonar_callback of <__main__.SonarProcessor instance at 0x7fa8c66aa170>>
Traceback (most recent call last):
  File "/opt/ros/kinetic/lib/python2.7/dist-packages/rospy/topics.py", line 750, in _invoke_callback
    cb(msg)
  File "sonar_get_min_dist.py", line 27, in sonar_callback
    self.back_left_min, self.back_right_min = self.process_sonar_data(data)
  File "sonar_get_min_dist.py", line 51, in process_sonar_data
    self.print_sonar(br_dist)
  File "sonar_get_min_dist.py", line 34, in print_sonar
    for i in range(data):
TypeError: range() integer end argument expected, got list.

[rosout][ERROR] 2025-03-27 14:08:28,675: bad callback: <bound method SonarProcessor.sonar_callback of <__main__.SonarProcessor instance at 0x7fa8c66aa170>>
Traceback (most recent call last):
  File "/opt/ros/kinetic/lib/python2.7/dist-packages/rospy/topics.py", line 750, in _invoke_callback
    cb(msg)
  File "sonar_get_min_dist.py", line 27, in sonar_callback
    self.back_left_min, self.back_right_min = self.process_sonar_data(data)
  File "sonar_get_min_dist.py", line 51, in process_sonar_data
    self.print_sonar(br_dist)
  File "sonar_get_min_dist.py", line 34, in print_sonar
    for i in range(data):
TypeError: range() integer end argument expected, got list.

[rosout][ERROR] 2025-03-27 14:08:28,772: bad callback: <bound method SonarProcessor.sonar_callback of <__main__.SonarProcessor instance at 0x7fa8c66aa170>>
Traceback (most recent call last):
  File "/opt/ros/kinetic/lib/python2.7/dist-packages/rospy/topics.py", line 750, in _invoke_callback
    cb(msg)
  File "sonar_get_min_dist.py", line 27, in sonar_callback
    self.back_left_min, self.back_right_min = self.process_sonar_data(data)
  File "sonar_get_min_dist.py", line 51, in process_sonar_data
    self.print_sonar(br_dist)
  File "sonar_get_min_dist.py", line 34, in print_sonar
    for i in range(data):
TypeError: range() integer end argument expected, got list.

[rosout][ERROR] 2025-03-27 14:08:28,875: bad callback: <bound method SonarProcessor.sonar_callback of <__main__.SonarProcessor instance at 0x7fa8c66aa170>>
Traceback (most recent call last):
  File "/opt/ros/kinetic/lib/python2.7/dist-packages/rospy/topics.py", line 750, in _invoke_callback
    cb(msg)
  File "sonar_get_min_dist.py", line 27, in sonar_callback
    self.back_left_min, self.back_right_min = self.process_sonar_data(data)
  File "sonar_get_min_dist.py", line 51, in process_sonar_data
    self.print_sonar(br_dist)
  File "sonar_get_min_dist.py", line 34, in print_sonar
    for i in range(data):
TypeError: range() integer end argument expected, got list.

[rosout][ERROR] 2025-03-27 14:08:28,972: bad callback: <bound method SonarProcessor.sonar_callback of <__main__.SonarProcessor instance at 0x7fa8c66aa170>>
Traceback (most recent call last):
  File "/opt/ros/kinetic/lib/python2.7/dist-packages/rospy/topics.py", line 750, in _invoke_callback
    cb(msg)
  File "sonar_get_min_dist.py", line 27, in sonar_callback
    self.back_left_min, self.back_right_min = self.process_sonar_data(data)
  File "sonar_get_min_dist.py", line 51, in process_sonar_data
    self.print_sonar(br_dist)
  File "sonar_get_min_dist.py", line 34, in print_sonar
    for i in range(data):
TypeError: range() integer end argument expected, got list.

[rosout][ERROR] 2025-03-27 14:08:29,075: bad callback: <bound method SonarProcessor.sonar_callback of <__main__.SonarProcessor instance at 0x7fa8c66aa170>>
Traceback (most recent call last):
  File "/opt/ros/kinetic/lib/python2.7/dist-packages/rospy/topics.py", line 750, in _invoke_callback
    cb(msg)
  File "sonar_get_min_dist.py", line 27, in sonar_callback
    self.back_left_min, self.back_right_min = self.process_sonar_data(data)
  File "sonar_get_min_dist.py", line 51, in process_sonar_data
    self.print_sonar(br_dist)
  File "sonar_get_min_dist.py", line 34, in print_sonar
    for i in range(data):
TypeError: range() integer end argument expected, got list.

[rosout][ERROR] 2025-03-27 14:08:29,172: bad callback: <bound method SonarProcessor.sonar_callback of <__main__.SonarProcessor instance at 0x7fa8c66aa170>>
Traceback (most recent call last):
  File "/opt/ros/kinetic/lib/python2.7/dist-packages/rospy/topics.py", line 750, in _invoke_callback
    cb(msg)
  File "sonar_get_min_dist.py", line 27, in sonar_callback
    self.back_left_min, self.back_right_min = self.process_sonar_data(data)
  File "sonar_get_min_dist.py", line 51, in process_sonar_data
    self.print_sonar(br_dist)
  File "sonar_get_min_dist.py", line 34, in print_sonar
    for i in range(data):
TypeError: range() integer end argument expected, got list.

[rosout][ERROR] 2025-03-27 14:08:29,275: bad callback: <bound method SonarProcessor.sonar_callback of <__main__.SonarProcessor instance at 0x7fa8c66aa170>>
Traceback (most recent call last):
  File "/opt/ros/kinetic/lib/python2.7/dist-packages/rospy/topics.py", line 750, in _invoke_callback
    cb(msg)
  File "sonar_get_min_dist.py", line 27, in sonar_callback
    self.back_left_min, self.back_right_min = self.process_sonar_data(data)
  File "sonar_get_min_dist.py", line 51, in process_sonar_data
    self.print_sonar(br_dist)
  File "sonar_get_min_dist.py", line 34, in print_sonar
    for i in range(data):
TypeError: range() integer end argument expected, got list.

[rosout][ERROR] 2025-03-27 14:08:29,372: bad callback: <bound method SonarProcessor.sonar_callback of <__main__.SonarProcessor instance at 0x7fa8c66aa170>>
Traceback (most recent call last):
  File "/opt/ros/kinetic/lib/python2.7/dist-packages/rospy/topics.py", line 750, in _invoke_callback
    cb(msg)
  File "sonar_get_min_dist.py", line 27, in sonar_callback
    self.back_left_min, self.back_right_min = self.process_sonar_data(data)
  File "sonar_get_min_dist.py", line 51, in process_sonar_data
    self.print_sonar(br_dist)
  File "sonar_get_min_dist.py", line 34, in print_sonar
    for i in range(data):
TypeError: range() integer end argument expected, got list.

[rosout][ERROR] 2025-03-27 14:08:29,475: bad callback: <bound method SonarProcessor.sonar_callback of <__main__.SonarProcessor instance at 0x7fa8c66aa170>>
Traceback (most recent call last):
  File "/opt/ros/kinetic/lib/python2.7/dist-packages/rospy/topics.py", line 750, in _invoke_callback
    cb(msg)
  File "sonar_get_min_dist.py", line 27, in sonar_callback
    self.back_left_min, self.back_right_min = self.process_sonar_data(data)
  File "sonar_get_min_dist.py", line 51, in process_sonar_data
    self.print_sonar(br_dist)
  File "sonar_get_min_dist.py", line 34, in print_sonar
    for i in range(data):
TypeError: range() integer end argument expected, got list.

[rosout][ERROR] 2025-03-27 14:08:29,572: bad callback: <bound method SonarProcessor.sonar_callback of <__main__.SonarProcessor instance at 0x7fa8c66aa170>>
Traceback (most recent call last):
  File "/opt/ros/kinetic/lib/python2.7/dist-packages/rospy/topics.py", line 750, in _invoke_callback
    cb(msg)
  File "sonar_get_min_dist.py", line 27, in sonar_callback
    self.back_left_min, self.back_right_min = self.process_sonar_data(data)
  File "sonar_get_min_dist.py", line 51, in process_sonar_data
    self.print_sonar(br_dist)
  File "sonar_get_min_dist.py", line 34, in print_sonar
    for i in range(data):
TypeError: range() integer end argument expected, got list.

[rosout][ERROR] 2025-03-27 14:08:29,675: bad callback: <bound method SonarProcessor.sonar_callback of <__main__.SonarProcessor instance at 0x7fa8c66aa170>>
Traceback (most recent call last):
  File "/opt/ros/kinetic/lib/python2.7/dist-packages/rospy/topics.py", line 750, in _invoke_callback
    cb(msg)
  File "sonar_get_min_dist.py", line 27, in sonar_callback
    self.back_left_min, self.back_right_min = self.process_sonar_data(data)
  File "sonar_get_min_dist.py", line 51, in process_sonar_data
    self.print_sonar(br_dist)
  File "sonar_get_min_dist.py", line 34, in print_sonar
    for i in range(data):
TypeError: range() integer end argument expected, got list.

[rosout][ERROR] 2025-03-27 14:08:29,772: bad callback: <bound method SonarProcessor.sonar_callback of <__main__.SonarProcessor instance at 0x7fa8c66aa170>>
Traceback (most recent call last):
  File "/opt/ros/kinetic/lib/python2.7/dist-packages/rospy/topics.py", line 750, in _invoke_callback
    cb(msg)
  File "sonar_get_min_dist.py", line 27, in sonar_callback
    self.back_left_min, self.back_right_min = self.process_sonar_data(data)
  File "sonar_get_min_dist.py", line 51, in process_sonar_data
    self.print_sonar(br_dist)
  File "sonar_get_min_dist.py", line 34, in print_sonar
    for i in range(data):
TypeError: range() integer end argument expected, got list.

[rosout][ERROR] 2025-03-27 14:08:29,876: bad callback: <bound method SonarProcessor.sonar_callback of <__main__.SonarProcessor instance at 0x7fa8c66aa170>>
Traceback (most recent call last):
  File "/opt/ros/kinetic/lib/python2.7/dist-packages/rospy/topics.py", line 750, in _invoke_callback
    cb(msg)
  File "sonar_get_min_dist.py", line 27, in sonar_callback
    self.back_left_min, self.back_right_min = self.process_sonar_data(data)
  File "sonar_get_min_dist.py", line 51, in process_sonar_data
    self.print_sonar(br_dist)
  File "sonar_get_min_dist.py", line 34, in print_sonar
    for i in range(data):
TypeError: range() integer end argument expected, got list.

[rosout][ERROR] 2025-03-27 14:08:29,973: bad callback: <bound method SonarProcessor.sonar_callback of <__main__.SonarProcessor instance at 0x7fa8c66aa170>>
Traceback (most recent call last):
  File "/opt/ros/kinetic/lib/python2.7/dist-packages/rospy/topics.py", line 750, in _invoke_callback
    cb(msg)
  File "sonar_get_min_dist.py", line 27, in sonar_callback
    self.back_left_min, self.back_right_min = self.process_sonar_data(data)
  File "sonar_get_min_dist.py", line 51, in process_sonar_data
    self.print_sonar(br_dist)
  File "sonar_get_min_dist.py", line 34, in print_sonar
    for i in range(data):
TypeError: range() integer end argument expected, got list.

[rosout][ERROR] 2025-03-27 14:08:30,076: bad callback: <bound method SonarProcessor.sonar_callback of <__main__.SonarProcessor instance at 0x7fa8c66aa170>>
Traceback (most recent call last):
  File "/opt/ros/kinetic/lib/python2.7/dist-packages/rospy/topics.py", line 750, in _invoke_callback
    cb(msg)
  File "sonar_get_min_dist.py", line 27, in sonar_callback
    self.back_left_min, self.back_right_min = self.process_sonar_data(data)
  File "sonar_get_min_dist.py", line 51, in process_sonar_data
    self.print_sonar(br_dist)
  File "sonar_get_min_dist.py", line 34, in print_sonar
    for i in range(data):
TypeError: range() integer end argument expected, got list.

[rosout][ERROR] 2025-03-27 14:08:30,172: bad callback: <bound method SonarProcessor.sonar_callback of <__main__.SonarProcessor instance at 0x7fa8c66aa170>>
Traceback (most recent call last):
  File "/opt/ros/kinetic/lib/python2.7/dist-packages/rospy/topics.py", line 750, in _invoke_callback
    cb(msg)
  File "sonar_get_min_dist.py", line 27, in sonar_callback
    self.back_left_min, self.back_right_min = self.process_sonar_data(data)
  File "sonar_get_min_dist.py", line 51, in process_sonar_data
    self.print_sonar(br_dist)
  File "sonar_get_min_dist.py", line 34, in print_sonar
    for i in range(data):
TypeError: range() integer end argument expected, got list.

[rosout][ERROR] 2025-03-27 14:08:30,276: bad callback: <bound method SonarProcessor.sonar_callback of <__main__.SonarProcessor instance at 0x7fa8c66aa170>>
Traceback (most recent call last):
  File "/opt/ros/kinetic/lib/python2.7/dist-packages/rospy/topics.py", line 750, in _invoke_callback
    cb(msg)
  File "sonar_get_min_dist.py", line 27, in sonar_callback
    self.back_left_min, self.back_right_min = self.process_sonar_data(data)
  File "sonar_get_min_dist.py", line 51, in process_sonar_data
    self.print_sonar(br_dist)
  File "sonar_get_min_dist.py", line 34, in print_sonar
    for i in range(len(data)):
TypeError: range() integer end argument expected, got list.

[rosout][ERROR] 2025-03-27 14:08:30,373: bad callback: <bound method SonarProcessor.sonar_callback of <__main__.SonarProcessor instance at 0x7fa8c66aa170>>
Traceback (most recent call last):
  File "/opt/ros/kinetic/lib/python2.7/dist-packages/rospy/topics.py", line 750, in _invoke_callback
    cb(msg)
  File "sonar_get_min_dist.py", line 27, in sonar_callback
    self.back_left_min, self.back_right_min = self.process_sonar_data(data)
  File "sonar_get_min_dist.py", line 51, in process_sonar_data
    self.print_sonar(br_dist)
  File "sonar_get_min_dist.py", line 34, in print_sonar
    for i in range(len(data)):
TypeError: range() integer end argument expected, got list.

[rosout][ERROR] 2025-03-27 14:08:30,476: bad callback: <bound method SonarProcessor.sonar_callback of <__main__.SonarProcessor instance at 0x7fa8c66aa170>>
Traceback (most recent call last):
  File "/opt/ros/kinetic/lib/python2.7/dist-packages/rospy/topics.py", line 750, in _invoke_callback
    cb(msg)
  File "sonar_get_min_dist.py", line 27, in sonar_callback
    self.back_left_min, self.back_right_min = self.process_sonar_data(data)
  File "sonar_get_min_dist.py", line 51, in process_sonar_data
    self.print_sonar(br_dist)
  File "sonar_get_min_dist.py", line 34, in print_sonar
    for i in range(len(data)):
TypeError: range() integer end argument expected, got list.

[rosout][ERROR] 2025-03-27 14:08:30,573: bad callback: <bound method SonarProcessor.sonar_callback of <__main__.SonarProcessor instance at 0x7fa8c66aa170>>
Traceback (most recent call last):
  File "/opt/ros/kinetic/lib/python2.7/dist-packages/rospy/topics.py", line 750, in _invoke_callback
    cb(msg)
  File "sonar_get_min_dist.py", line 27, in sonar_callback
    self.back_left_min, self.back_right_min = self.process_sonar_data(data)
  File "sonar_get_min_dist.py", line 51, in process_sonar_data
    self.print_sonar(br_dist)
  File "sonar_get_min_dist.py", line 34, in print_sonar
    for i in range(len(data)):
TypeError: range() integer end argument expected, got list.

[rosout][ERROR] 2025-03-27 14:08:30,676: bad callback: <bound method SonarProcessor.sonar_callback of <__main__.SonarProcessor instance at 0x7fa8c66aa170>>
Traceback (most recent call last):
  File "/opt/ros/kinetic/lib/python2.7/dist-packages/rospy/topics.py", line 750, in _invoke_callback
    cb(msg)
  File "sonar_get_min_dist.py", line 27, in sonar_callback
    self.back_left_min, self.back_right_min = self.process_sonar_data(data)
  File "sonar_get_min_dist.py", line 51, in process_sonar_data
    self.print_sonar(br_dist)
  File "sonar_get_min_dist.py", line 34, in print_sonar
    for i in range(len(data)):
TypeError: range() integer end argument expected, got list.

[rosout][ERROR] 2025-03-27 14:08:30,773: bad callback: <bound method SonarProcessor.sonar_callback of <__main__.SonarProcessor instance at 0x7fa8c66aa170>>
Traceback (most recent call last):
  File "/opt/ros/kinetic/lib/python2.7/dist-packages/rospy/topics.py", line 750, in _invoke_callback
    cb(msg)
  File "sonar_get_min_dist.py", line 27, in sonar_callback
    self.back_left_min, self.back_right_min = self.process_sonar_data(data)
  File "sonar_get_min_dist.py", line 51, in process_sonar_data
    self.print_sonar(br_dist)
  File "sonar_get_min_dist.py", line 34, in print_sonar
    for i in range(len(data)):
TypeError: range() integer end argument expected, got list.

[rosout][ERROR] 2025-03-27 14:08:30,876: bad callback: <bound method SonarProcessor.sonar_callback of <__main__.SonarProcessor instance at 0x7fa8c66aa170>>
Traceback (most recent call last):
  File "/opt/ros/kinetic/lib/python2.7/dist-packages/rospy/topics.py", line 750, in _invoke_callback
    cb(msg)
  File "sonar_get_min_dist.py", line 27, in sonar_callback
    self.back_left_min, self.back_right_min = self.process_sonar_data(data)
  File "sonar_get_min_dist.py", line 51, in process_sonar_data
    self.print_sonar(br_dist)
  File "sonar_get_min_dist.py", line 34, in print_sonar
    for i in range(len(data)):
TypeError: range() integer end argument expected, got list.

[rosout][ERROR] 2025-03-27 14:08:30,973: bad callback: <bound method SonarProcessor.sonar_callback of <__main__.SonarProcessor instance at 0x7fa8c66aa170>>
Traceback (most recent call last):
  File "/opt/ros/kinetic/lib/python2.7/dist-packages/rospy/topics.py", line 750, in _invoke_callback
    cb(msg)
  File "sonar_get_min_dist.py", line 27, in sonar_callback
    self.back_left_min, self.back_right_min = self.process_sonar_data(data)
  File "sonar_get_min_dist.py", line 51, in process_sonar_data
    self.print_sonar(br_dist)
  File "sonar_get_min_dist.py", line 34, in print_sonar
    for i in range(len(data)):
TypeError: range() integer end argument expected, got list.

[rosout][ERROR] 2025-03-27 14:08:31,076: bad callback: <bound method SonarProcessor.sonar_callback of <__main__.SonarProcessor instance at 0x7fa8c66aa170>>
Traceback (most recent call last):
  File "/opt/ros/kinetic/lib/python2.7/dist-packages/rospy/topics.py", line 750, in _invoke_callback
    cb(msg)
  File "sonar_get_min_dist.py", line 27, in sonar_callback
    self.back_left_min, self.back_right_min = self.process_sonar_data(data)
  File "sonar_get_min_dist.py", line 51, in process_sonar_data
    self.print_sonar(br_dist)
  File "sonar_get_min_dist.py", line 34, in print_sonar
    for i in range(len(data)):
TypeError: range() integer end argument expected, got list.

[rosout][ERROR] 2025-03-27 14:08:31,172: bad callback: <bound method SonarProcessor.sonar_callback of <__main__.SonarProcessor instance at 0x7fa8c66aa170>>
Traceback (most recent call last):
  File "/opt/ros/kinetic/lib/python2.7/dist-packages/rospy/topics.py", line 750, in _invoke_callback
    cb(msg)
  File "sonar_get_min_dist.py", line 27, in sonar_callback
    self.back_left_min, self.back_right_min = self.process_sonar_data(data)
  File "sonar_get_min_dist.py", line 51, in process_sonar_data
    self.print_sonar(br_dist)
  File "sonar_get_min_dist.py", line 34, in print_sonar
    for i in range(len(data)):
TypeError: range() integer end argument expected, got list.

[rosout][ERROR] 2025-03-27 14:08:31,276: bad callback: <bound method SonarProcessor.sonar_callback of <__main__.SonarProcessor instance at 0x7fa8c66aa170>>
Traceback (most recent call last):
  File "/opt/ros/kinetic/lib/python2.7/dist-packages/rospy/topics.py", line 750, in _invoke_callback
    cb(msg)
  File "sonar_get_min_dist.py", line 27, in sonar_callback
    self.back_left_min, self.back_right_min = self.process_sonar_data(data)
  File "sonar_get_min_dist.py", line 51, in process_sonar_data
    self.print_sonar(br_dist)
  File "sonar_get_min_dist.py", line 34, in print_sonar
    for i in range(len(data)):
TypeError: range() integer end argument expected, got list.

[rosout][ERROR] 2025-03-27 14:08:31,373: bad callback: <bound method SonarProcessor.sonar_callback of <__main__.SonarProcessor instance at 0x7fa8c66aa170>>
Traceback (most recent call last):
  File "/opt/ros/kinetic/lib/python2.7/dist-packages/rospy/topics.py", line 750, in _invoke_callback
    cb(msg)
  File "sonar_get_min_dist.py", line 27, in sonar_callback
    self.back_left_min, self.back_right_min = self.process_sonar_data(data)
  File "sonar_get_min_dist.py", line 51, in process_sonar_data
    self.print_sonar(br_dist)
  File "sonar_get_min_dist.py", line 34, in print_sonar
    for i in range(len(data)):
TypeError: range() integer end argument expected, got list.

[rosout][ERROR] 2025-03-27 14:08:31,476: bad callback: <bound method SonarProcessor.sonar_callback of <__main__.SonarProcessor instance at 0x7fa8c66aa170>>
Traceback (most recent call last):
  File "/opt/ros/kinetic/lib/python2.7/dist-packages/rospy/topics.py", line 750, in _invoke_callback
    cb(msg)
  File "sonar_get_min_dist.py", line 27, in sonar_callback
    self.back_left_min, self.back_right_min = self.process_sonar_data(data)
  File "sonar_get_min_dist.py", line 51, in process_sonar_data
    self.print_sonar(br_dist)
  File "sonar_get_min_dist.py", line 34, in print_sonar
    for i in range(len(data)):
TypeError: range() integer end argument expected, got list.

[rosout][ERROR] 2025-03-27 14:08:31,573: bad callback: <bound method SonarProcessor.sonar_callback of <__main__.SonarProcessor instance at 0x7fa8c66aa170>>
Traceback (most recent call last):
  File "/opt/ros/kinetic/lib/python2.7/dist-packages/rospy/topics.py", line 750, in _invoke_callback
    cb(msg)
  File "sonar_get_min_dist.py", line 27, in sonar_callback
    self.back_left_min, self.back_right_min = self.process_sonar_data(data)
  File "sonar_get_min_dist.py", line 51, in process_sonar_data
    self.print_sonar(br_dist)
  File "sonar_get_min_dist.py", line 34, in print_sonar
    for i in range(len(data)):
TypeError: range() integer end argument expected, got list.

[rosout][ERROR] 2025-03-27 14:08:31,676: bad callback: <bound method SonarProcessor.sonar_callback of <__main__.SonarProcessor instance at 0x7fa8c66aa170>>
Traceback (most recent call last):
  File "/opt/ros/kinetic/lib/python2.7/dist-packages/rospy/topics.py", line 750, in _invoke_callback
    cb(msg)
  File "sonar_get_min_dist.py", line 27, in sonar_callback
    self.back_left_min, self.back_right_min = self.process_sonar_data(data)
  File "sonar_get_min_dist.py", line 51, in process_sonar_data
    self.print_sonar(br_dist)
  File "sonar_get_min_dist.py", line 34, in print_sonar
    for i in range(len(data)):
TypeError: range() integer end argument expected, got list.

[rospy.core][INFO] 2025-03-27 14:08:31,685: signal_shutdown [signal-2]
[rospy.internal][INFO] 2025-03-27 14:08:31,692: topic[/rosout] removing connection to /rosout
[rospy.internal][INFO] 2025-03-27 14:08:31,693: topic[/RosAria/sonar] removing connection to http://localhost:37299/
[rospy.impl.masterslave][INFO] 2025-03-27 14:08:31,694: signal-2
[rospy.internal][WARNING] 2025-03-27 14:08:31,695: Unknown error initiating TCP/IP socket to localhost:60417 (http://localhost:37299/): Traceback (most recent call last):
  File "/opt/ros/kinetic/lib/python2.7/dist-packages/rospy/impl/tcpros_base.py", line 558, in connect
    self.read_header()
  File "/opt/ros/kinetic/lib/python2.7/dist-packages/rospy/impl/tcpros_base.py", line 651, in read_header
    self._validate_header(read_ros_handshake_header(sock, self.read_buff, self.protocol.buff_size))
AttributeError: 'NoneType' object has no attribute 'buff_size'

[rospy.core][INFO] 2025-03-27 14:08:31,798: signal_shutdown [atexit]
