[rospy.client][INFO] 2025-04-03 14:31:34,395: init_node, name[/sonar_processor_19316_1743665494378], pid[19316]
[xmlrpc][INFO] 2025-04-03 14:31:34,396: XML-RPC server binding to 127.0.0.1:0
[xmlrpc][INFO] 2025-04-03 14:31:34,396: Started XML-RPC server [http://localhost:39317/]
[rospy.init][INFO] 2025-04-03 14:31:34,396: ROS Slave URI: [http://localhost:39317/]
[rospy.impl.masterslave][INFO] 2025-04-03 14:31:34,396: _ready: http://localhost:39317/
[rospy.registration][INFO] 2025-04-03 14:31:34,397: Registering with master node http://localhost:11311
[xmlrpc][INFO] 2025-04-03 14:31:34,397: xml rpc node: starting XML-RPC server
[rospy.init][INFO] 2025-04-03 14:31:34,496: registered with master
[rospy.rosout][INFO] 2025-04-03 14:31:34,497: initializing /rosout core topic
[rospy.rosout][INFO] 2025-04-03 14:31:34,503: connected to core topic /rosout
[rospy.simtime][INFO] 2025-04-03 14:31:34,506: /use_sim_time is not set, will not subscribe to simulated time [/clock] topic
[rosout][INFO] 2025-04-03 14:31:34,520: Sonar processor initialized
[rospy.internal][INFO] 2025-04-03 14:31:34,563: topic[/RosAria/sonar] adding connection to [http://localhost:42431/], count 0
[rosout][INFO] 2025-04-03 14:31:34,633: Back Left Min: 1.46, Back Right Min: 0.84
[rospy.internal][INFO] 2025-04-03 14:31:34,684: topic[/sonar_min] adding connection to [/controller_joystick], count 0
[rosout][INFO] 2025-04-03 14:31:34,736: Back Left Min: 1.46, Back Right Min: 0.84
[rospy.internal][INFO] 2025-04-03 14:31:34,777: topic[/rosout] adding connection to [/rosout], count 0
[rosout][INFO] 2025-04-03 14:31:34,833: Back Left Min: 1.44, Back Right Min: 0.97
[rosout][INFO] 2025-04-03 14:31:34,936: Back Left Min: 1.44, Back Right Min: 0.54
[rosout][INFO] 2025-04-03 14:31:35,033: Back Left Min: 1.44, Back Right Min: 0.54
[rosout][INFO] 2025-04-03 14:31:35,137: Back Left Min: 1.46, Back Right Min: 0.54
[rosout][INFO] 2025-04-03 14:31:35,233: Back Left Min: 1.46, Back Right Min: 0.54
[rosout][INFO] 2025-04-03 14:31:35,336: Back Left Min: 1.46, Back Right Min: 0.54
[rosout][INFO] 2025-04-03 14:31:35,432: Back Left Min: 1.46, Back Right Min: 0.54
[rosout][INFO] 2025-04-03 14:31:35,536: Back Left Min: 1.46, Back Right Min: 0.54
[rosout][INFO] 2025-04-03 14:31:35,632: Back Left Min: 1.46, Back Right Min: 0.54
[rosout][INFO] 2025-04-03 14:31:35,736: Back Left Min: 1.46, Back Right Min: 0.54
[rosout][INFO] 2025-04-03 14:31:35,833: Back Left Min: 1.46, Back Right Min: 0.54
[rosout][INFO] 2025-04-03 14:31:35,936: Back Left Min: 1.46, Back Right Min: 0.54
[rosout][INFO] 2025-04-03 14:31:36,033: Back Left Min: 1.46, Back Right Min: 0.54
[rosout][INFO] 2025-04-03 14:31:36,136: Back Left Min: 1.46, Back Right Min: 0.54
[rosout][INFO] 2025-04-03 14:31:36,233: Back Left Min: 1.46, Back Right Min: 0.54
[rosout][INFO] 2025-04-03 14:31:36,336: Back Left Min: 1.46, Back Right Min: 0.54
[rosout][INFO] 2025-04-03 14:31:36,433: Back Left Min: 1.46, Back Right Min: 0.54
[rosout][INFO] 2025-04-03 14:31:36,536: Back Left Min: 1.46, Back Right Min: 0.54
[rosout][INFO] 2025-04-03 14:31:36,633: Back Left Min: 1.46, Back Right Min: 0.54
[rosout][INFO] 2025-04-03 14:31:36,736: Back Left Min: 1.46, Back Right Min: 0.54
[rosout][INFO] 2025-04-03 14:31:36,833: Back Left Min: 1.46, Back Right Min: 0.54
[rosout][INFO] 2025-04-03 14:31:36,936: Back Left Min: 1.46, Back Right Min: 0.54
[rosout][INFO] 2025-04-03 14:31:37,033: Back Left Min: 1.46, Back Right Min: 0.54
[rosout][INFO] 2025-04-03 14:31:37,136: Back Left Min: 1.46, Back Right Min: 0.54
[rosout][INFO] 2025-04-03 14:31:37,233: Back Left Min: 1.46, Back Right Min: 0.54
[rosout][INFO] 2025-04-03 14:31:37,336: Back Left Min: 1.46, Back Right Min: 0.54
[rosout][INFO] 2025-04-03 14:31:37,433: Back Left Min: 1.46, Back Right Min: 0.54
[rosout][INFO] 2025-04-03 14:31:37,536: Back Left Min: 1.46, Back Right Min: 0.54
[rosout][INFO] 2025-04-03 14:31:37,633: Back Left Min: 1.46, Back Right Min: 0.54
[rosout][INFO] 2025-04-03 14:31:37,737: Back Left Min: 1.46, Back Right Min: 0.54
[rosout][INFO] 2025-04-03 14:31:37,833: Back Left Min: 1.46, Back Right Min: 0.54
[rosout][INFO] 2025-04-03 14:31:37,937: Back Left Min: 1.46, Back Right Min: 0.54
[rosout][INFO] 2025-04-03 14:31:38,033: Back Left Min: 1.46, Back Right Min: 0.54
[rosout][INFO] 2025-04-03 14:31:38,137: Back Left Min: 1.46, Back Right Min: 0.54
[rosout][INFO] 2025-04-03 14:31:38,234: Back Left Min: 1.46, Back Right Min: 0.54
[rosout][INFO] 2025-04-03 14:31:38,337: Back Left Min: 1.46, Back Right Min: 0.54
[rosout][INFO] 2025-04-03 14:31:38,434: Back Left Min: 1.46, Back Right Min: 0.54
[rosout][INFO] 2025-04-03 14:31:38,537: Back Left Min: 1.46, Back Right Min: 0.54
[rosout][INFO] 2025-04-03 14:31:38,634: Back Left Min: 1.46, Back Right Min: 0.54
[rosout][INFO] 2025-04-03 14:31:38,737: Back Left Min: 1.46, Back Right Min: 0.54
[rosout][INFO] 2025-04-03 14:31:38,834: Back Left Min: 1.46, Back Right Min: 0.54
[rosout][INFO] 2025-04-03 14:31:38,937: Back Left Min: 1.46, Back Right Min: 0.54
[rosout][INFO] 2025-04-03 14:31:39,034: Back Left Min: 1.46, Back Right Min: 0.54
[rosout][INFO] 2025-04-03 14:31:39,137: Back Left Min: 1.46, Back Right Min: 0.54
[rosout][INFO] 2025-04-03 14:31:39,234: Back Left Min: 1.46, Back Right Min: 0.54
[rosout][INFO] 2025-04-03 14:31:39,337: Back Left Min: 1.46, Back Right Min: 0.54
[rosout][INFO] 2025-04-03 14:31:39,434: Back Left Min: 1.46, Back Right Min: 0.54
[rosout][INFO] 2025-04-03 14:31:39,537: Back Left Min: 1.46, Back Right Min: 0.54
[rosout][INFO] 2025-04-03 14:31:39,634: Back Left Min: 1.46, Back Right Min: 0.54
[rosout][INFO] 2025-04-03 14:31:39,737: Back Left Min: 1.46, Back Right Min: 0.54
[rosout][INFO] 2025-04-03 14:31:39,834: Back Left Min: 1.46, Back Right Min: 0.54
[rosout][INFO] 2025-04-03 14:31:39,937: Back Left Min: 1.46, Back Right Min: 0.54
[rosout][INFO] 2025-04-03 14:31:40,034: Back Left Min: 1.46, Back Right Min: 0.54
[rosout][INFO] 2025-04-03 14:31:40,138: Back Left Min: 1.46, Back Right Min: 0.54
[rosout][INFO] 2025-04-03 14:31:40,234: Back Left Min: 1.46, Back Right Min: 0.54
[rosout][INFO] 2025-04-03 14:31:40,338: Back Left Min: 1.46, Back Right Min: 0.54
[rosout][INFO] 2025-04-03 14:31:40,434: Back Left Min: 1.46, Back Right Min: 0.54
[rosout][INFO] 2025-04-03 14:31:40,538: Back Left Min: 1.46, Back Right Min: 0.54
[rosout][INFO] 2025-04-03 14:31:40,634: Back Left Min: 1.46, Back Right Min: 0.54
[rosout][INFO] 2025-04-03 14:31:40,738: Back Left Min: 1.46, Back Right Min: 0.54
[rosout][INFO] 2025-04-03 14:31:40,834: Back Left Min: 1.46, Back Right Min: 0.54
[rosout][INFO] 2025-04-03 14:31:40,938: Back Left Min: 1.46, Back Right Min: 0.54
[rosout][INFO] 2025-04-03 14:31:41,035: Back Left Min: 1.46, Back Right Min: 0.54
[rosout][INFO] 2025-04-03 14:31:41,138: Back Left Min: 1.46, Back Right Min: 0.54
[rosout][INFO] 2025-04-03 14:31:41,235: Back Left Min: 1.46, Back Right Min: 0.54
[rosout][INFO] 2025-04-03 14:31:41,338: Back Left Min: 1.46, Back Right Min: 0.54
[rosout][INFO] 2025-04-03 14:31:41,435: Back Left Min: 1.46, Back Right Min: 0.54
[rosout][INFO] 2025-04-03 14:31:41,538: Back Left Min: 1.46, Back Right Min: 0.54
[rosout][INFO] 2025-04-03 14:31:41,635: Back Left Min: 1.46, Back Right Min: 0.54
[rosout][INFO] 2025-04-03 14:31:41,738: Back Left Min: 1.46, Back Right Min: 0.54
[rosout][INFO] 2025-04-03 14:31:41,835: Back Left Min: 1.46, Back Right Min: 0.54
[rosout][INFO] 2025-04-03 14:31:41,938: Back Left Min: 1.46, Back Right Min: 0.54
[rosout][INFO] 2025-04-03 14:31:42,035: Back Left Min: 1.46, Back Right Min: 0.54
[rosout][INFO] 2025-04-03 14:31:42,138: Back Left Min: 1.46, Back Right Min: 0.54
[rosout][INFO] 2025-04-03 14:31:42,235: Back Left Min: 1.46, Back Right Min: 0.54
[rosout][INFO] 2025-04-03 14:31:42,338: Back Left Min: 1.46, Back Right Min: 0.54
[rosout][INFO] 2025-04-03 14:31:42,435: Back Left Min: 1.46, Back Right Min: 0.54
[rosout][INFO] 2025-04-03 14:31:42,538: Back Left Min: 1.46, Back Right Min: 0.54
[rosout][INFO] 2025-04-03 14:31:42,635: Back Left Min: 1.46, Back Right Min: 0.54
[rosout][INFO] 2025-04-03 14:31:42,738: Back Left Min: 1.46, Back Right Min: 0.54
[rosout][INFO] 2025-04-03 14:31:42,835: Back Left Min: 1.46, Back Right Min: 0.54
[rosout][INFO] 2025-04-03 14:31:42,938: Back Left Min: 1.46, Back Right Min: 0.54
[rosout][INFO] 2025-04-03 14:31:43,035: Back Left Min: 1.46, Back Right Min: 0.54
[rosout][INFO] 2025-04-03 14:31:43,139: Back Left Min: 1.46, Back Right Min: 0.54
[rosout][INFO] 2025-04-03 14:31:43,235: Back Left Min: 1.46, Back Right Min: 0.54
[rosout][INFO] 2025-04-03 14:31:43,339: Back Left Min: 1.46, Back Right Min: 0.54
[rosout][INFO] 2025-04-03 14:31:43,436: Back Left Min: 1.46, Back Right Min: 0.54
[rosout][INFO] 2025-04-03 14:31:43,539: Back Left Min: 1.46, Back Right Min: 0.54
[rosout][INFO] 2025-04-03 14:31:43,636: Back Left Min: 1.46, Back Right Min: 0.54
[rosout][INFO] 2025-04-03 14:31:43,739: Back Left Min: 1.46, Back Right Min: 0.54
[rosout][INFO] 2025-04-03 14:31:43,836: Back Left Min: 1.46, Back Right Min: 0.54
[rosout][INFO] 2025-04-03 14:31:43,939: Back Left Min: 1.46, Back Right Min: 0.54
[rosout][INFO] 2025-04-03 14:31:44,036: Back Left Min: 1.46, Back Right Min: 0.54
[rosout][INFO] 2025-04-03 14:31:44,139: Back Left Min: 1.46, Back Right Min: 0.54
[rosout][INFO] 2025-04-03 14:31:44,236: Back Left Min: 1.46, Back Right Min: 0.54
[rosout][INFO] 2025-04-03 14:31:44,339: Back Left Min: 1.46, Back Right Min: 0.54
[rosout][INFO] 2025-04-03 14:31:44,436: Back Left Min: 1.46, Back Right Min: 0.54
[rosout][INFO] 2025-04-03 14:31:44,539: Back Left Min: 1.46, Back Right Min: 0.54
[rosout][INFO] 2025-04-03 14:31:44,636: Back Left Min: 1.46, Back Right Min: 0.54
[rosout][INFO] 2025-04-03 14:31:44,739: Back Left Min: 1.46, Back Right Min: 0.54
[rosout][INFO] 2025-04-03 14:31:44,836: Back Left Min: 1.46, Back Right Min: 0.54
[rosout][INFO] 2025-04-03 14:31:44,939: Back Left Min: 1.46, Back Right Min: 0.54
[rosout][INFO] 2025-04-03 14:31:45,036: Back Left Min: 1.46, Back Right Min: 0.54
[rosout][INFO] 2025-04-03 14:31:45,139: Back Left Min: 1.46, Back Right Min: 0.54
[rosout][INFO] 2025-04-03 14:31:45,236: Back Left Min: 1.46, Back Right Min: 0.54
[rosout][INFO] 2025-04-03 14:31:45,340: Back Left Min: 1.46, Back Right Min: 0.54
[rosout][INFO] 2025-04-03 14:31:45,436: Back Left Min: 1.46, Back Right Min: 0.54
[rosout][INFO] 2025-04-03 14:31:45,540: Back Left Min: 1.46, Back Right Min: 0.54
[rosout][INFO] 2025-04-03 14:31:45,637: Back Left Min: 1.46, Back Right Min: 0.54
[rosout][INFO] 2025-04-03 14:31:45,740: Back Left Min: 1.46, Back Right Min: 0.54
[rosout][INFO] 2025-04-03 14:31:45,837: Back Left Min: 1.46, Back Right Min: 0.54
[rosout][INFO] 2025-04-03 14:31:45,940: Back Left Min: 1.46, Back Right Min: 0.54
[rosout][INFO] 2025-04-03 14:31:46,037: Back Left Min: 1.46, Back Right Min: 0.54
[rosout][INFO] 2025-04-03 14:31:46,140: Back Left Min: 1.46, Back Right Min: 0.54
[rosout][INFO] 2025-04-03 14:31:46,237: Back Left Min: 1.46, Back Right Min: 0.54
[rosout][INFO] 2025-04-03 14:31:46,340: Back Left Min: 1.46, Back Right Min: 0.54
[rosout][INFO] 2025-04-03 14:31:46,437: Back Left Min: 1.46, Back Right Min: 0.54
[rosout][INFO] 2025-04-03 14:31:46,540: Back Left Min: 1.46, Back Right Min: 0.54
[rosout][INFO] 2025-04-03 14:31:46,637: Back Left Min: 1.46, Back Right Min: 0.54
[rosout][INFO] 2025-04-03 14:31:46,740: Back Left Min: 1.46, Back Right Min: 0.54
[rosout][INFO] 2025-04-03 14:31:46,837: Back Left Min: 1.46, Back Right Min: 0.54
[rosout][INFO] 2025-04-03 14:31:46,940: Back Left Min: 1.46, Back Right Min: 0.54
[rosout][INFO] 2025-04-03 14:31:47,037: Back Left Min: 1.46, Back Right Min: 0.54
[rosout][INFO] 2025-04-03 14:31:47,140: Back Left Min: 1.46, Back Right Min: 0.54
[rosout][INFO] 2025-04-03 14:31:47,237: Back Left Min: 1.46, Back Right Min: 0.54
[rosout][INFO] 2025-04-03 14:31:47,340: Back Left Min: 1.46, Back Right Min: 0.54
[rosout][INFO] 2025-04-03 14:31:47,437: Back Left Min: 1.46, Back Right Min: 0.54
[rosout][INFO] 2025-04-03 14:31:47,540: Back Left Min: 1.46, Back Right Min: 0.54
[rosout][INFO] 2025-04-03 14:31:47,637: Back Left Min: 1.46, Back Right Min: 0.54
[rosout][INFO] 2025-04-03 14:31:47,740: Back Left Min: 1.46, Back Right Min: 0.54
[rosout][INFO] 2025-04-03 14:31:47,837: Back Left Min: 1.46, Back Right Min: 0.54
[rosout][INFO] 2025-04-03 14:31:47,941: Back Left Min: 1.46, Back Right Min: 0.54
[rosout][INFO] 2025-04-03 14:31:48,037: Back Left Min: 1.46, Back Right Min: 0.54
[rosout][INFO] 2025-04-03 14:31:48,141: Back Left Min: 1.46, Back Right Min: 0.54
[rosout][INFO] 2025-04-03 14:31:48,238: Back Left Min: 1.46, Back Right Min: 0.54
[rosout][INFO] 2025-04-03 14:31:48,341: Back Left Min: 1.46, Back Right Min: 0.54
[rosout][INFO] 2025-04-03 14:31:48,438: Back Left Min: 1.46, Back Right Min: 0.54
[rosout][INFO] 2025-04-03 14:31:48,541: Back Left Min: 1.46, Back Right Min: 0.54
[rosout][INFO] 2025-04-03 14:31:48,638: Back Left Min: 1.46, Back Right Min: 0.54
[rosout][INFO] 2025-04-03 14:31:48,741: Back Left Min: 1.46, Back Right Min: 0.54
[rosout][INFO] 2025-04-03 14:31:48,838: Back Left Min: 1.46, Back Right Min: 0.54
[rosout][INFO] 2025-04-03 14:31:48,941: Back Left Min: 1.46, Back Right Min: 0.54
[rosout][INFO] 2025-04-03 14:31:49,038: Back Left Min: 1.46, Back Right Min: 0.54
[rosout][INFO] 2025-04-03 14:31:49,141: Back Left Min: 1.46, Back Right Min: 0.54
[rosout][INFO] 2025-04-03 14:31:49,238: Back Left Min: 1.46, Back Right Min: 0.54
[rosout][INFO] 2025-04-03 14:31:49,341: Back Left Min: 1.46, Back Right Min: 0.54
[rosout][INFO] 2025-04-03 14:31:49,438: Back Left Min: 1.46, Back Right Min: 0.54
[rosout][INFO] 2025-04-03 14:31:49,541: Back Left Min: 1.46, Back Right Min: 0.54
[rosout][INFO] 2025-04-03 14:31:49,638: Back Left Min: 1.46, Back Right Min: 0.54
[rosout][INFO] 2025-04-03 14:31:49,741: Back Left Min: 1.46, Back Right Min: 0.54
[rosout][INFO] 2025-04-03 14:31:49,838: Back Left Min: 1.46, Back Right Min: 0.54
[rosout][INFO] 2025-04-03 14:31:49,941: Back Left Min: 1.46, Back Right Min: 0.54
[rosout][INFO] 2025-04-03 14:31:50,038: Back Left Min: 1.46, Back Right Min: 0.54
[rosout][INFO] 2025-04-03 14:31:50,141: Back Left Min: 1.46, Back Right Min: 0.54
[rosout][INFO] 2025-04-03 14:31:50,238: Back Left Min: 1.46, Back Right Min: 0.54
[rosout][INFO] 2025-04-03 14:31:50,342: Back Left Min: 1.46, Back Right Min: 0.54
[rosout][INFO] 2025-04-03 14:31:50,438: Back Left Min: 1.46, Back Right Min: 0.54
[rosout][INFO] 2025-04-03 14:31:50,542: Back Left Min: 1.46, Back Right Min: 0.54
[rosout][INFO] 2025-04-03 14:31:50,638: Back Left Min: 1.46, Back Right Min: 0.54
[rosout][INFO] 2025-04-03 14:31:50,742: Back Left Min: 1.46, Back Right Min: 0.54
[rosout][INFO] 2025-04-03 14:31:50,839: Back Left Min: 1.46, Back Right Min: 0.54
[rosout][INFO] 2025-04-03 14:31:50,942: Back Left Min: 1.46, Back Right Min: 0.54
[rosout][INFO] 2025-04-03 14:31:51,039: Back Left Min: 1.46, Back Right Min: 0.54
[rosout][INFO] 2025-04-03 14:31:51,142: Back Left Min: 1.46, Back Right Min: 0.54
[rosout][INFO] 2025-04-03 14:31:51,239: Back Left Min: 1.46, Back Right Min: 0.54
[rosout][INFO] 2025-04-03 14:31:51,342: Back Left Min: 1.46, Back Right Min: 0.54
[rosout][INFO] 2025-04-03 14:31:51,439: Back Left Min: 1.46, Back Right Min: 0.54
[rosout][INFO] 2025-04-03 14:31:51,542: Back Left Min: 1.46, Back Right Min: 0.54
[rosout][INFO] 2025-04-03 14:31:51,639: Back Left Min: 1.46, Back Right Min: 0.54
[rosout][INFO] 2025-04-03 14:31:51,742: Back Left Min: 1.46, Back Right Min: 0.54
[rosout][INFO] 2025-04-03 14:31:51,839: Back Left Min: 1.46, Back Right Min: 0.54
[rosout][INFO] 2025-04-03 14:31:51,942: Back Left Min: 1.46, Back Right Min: 0.54
[rosout][INFO] 2025-04-03 14:31:52,039: Back Left Min: 1.46, Back Right Min: 0.54
[rosout][INFO] 2025-04-03 14:31:52,142: Back Left Min: 1.46, Back Right Min: 0.54
[rosout][INFO] 2025-04-03 14:31:52,239: Back Left Min: 1.46, Back Right Min: 0.54
[rosout][INFO] 2025-04-03 14:31:52,342: Back Left Min: 1.46, Back Right Min: 0.54
[rosout][INFO] 2025-04-03 14:31:52,439: Back Left Min: 1.46, Back Right Min: 0.54
[rosout][INFO] 2025-04-03 14:31:52,542: Back Left Min: 1.46, Back Right Min: 0.54
[rosout][INFO] 2025-04-03 14:31:52,639: Back Left Min: 1.46, Back Right Min: 0.54
[rosout][INFO] 2025-04-03 14:31:52,742: Back Left Min: 1.46, Back Right Min: 0.54
[rosout][INFO] 2025-04-03 14:31:52,839: Back Left Min: 1.46, Back Right Min: 0.54
[rosout][INFO] 2025-04-03 14:31:52,943: Back Left Min: 1.46, Back Right Min: 0.54
[rosout][INFO] 2025-04-03 14:31:53,039: Back Left Min: 1.46, Back Right Min: 0.54
[rosout][INFO] 2025-04-03 14:31:53,143: Back Left Min: 1.46, Back Right Min: 0.54
[rosout][INFO] 2025-04-03 14:31:53,240: Back Left Min: 1.46, Back Right Min: 0.54
[rosout][INFO] 2025-04-03 14:31:53,343: Back Left Min: 1.46, Back Right Min: 0.54
[rosout][INFO] 2025-04-03 14:31:53,439: Back Left Min: 1.46, Back Right Min: 0.54
[rosout][INFO] 2025-04-03 14:31:53,543: Back Left Min: 1.46, Back Right Min: 0.54
[rosout][INFO] 2025-04-03 14:31:53,640: Back Left Min: 1.46, Back Right Min: 0.54
[rosout][INFO] 2025-04-03 14:31:53,743: Back Left Min: 1.46, Back Right Min: 0.54
[rosout][INFO] 2025-04-03 14:31:53,840: Back Left Min: 1.46, Back Right Min: 0.54
[rosout][INFO] 2025-04-03 14:31:53,943: Back Left Min: 1.46, Back Right Min: 0.54
[rosout][INFO] 2025-04-03 14:31:54,040: Back Left Min: 1.46, Back Right Min: 0.54
[rosout][INFO] 2025-04-03 14:31:54,143: Back Left Min: 1.46, Back Right Min: 0.54
[rosout][INFO] 2025-04-03 14:31:54,240: Back Left Min: 1.46, Back Right Min: 0.54
[rosout][INFO] 2025-04-03 14:31:54,343: Back Left Min: 1.46, Back Right Min: 0.54
[rosout][INFO] 2025-04-03 14:31:54,440: Back Left Min: 1.46, Back Right Min: 0.54
[rosout][INFO] 2025-04-03 14:31:54,543: Back Left Min: 1.46, Back Right Min: 0.54
[rosout][INFO] 2025-04-03 14:31:54,640: Back Left Min: 1.46, Back Right Min: 0.54
[rosout][INFO] 2025-04-03 14:31:54,743: Back Left Min: 1.46, Back Right Min: 0.54
[rosout][INFO] 2025-04-03 14:31:54,840: Back Left Min: 1.46, Back Right Min: 0.54
[rosout][INFO] 2025-04-03 14:31:54,943: Back Left Min: 1.46, Back Right Min: 0.54
[rosout][INFO] 2025-04-03 14:31:55,041: Back Left Min: 1.46, Back Right Min: 0.54
[rosout][INFO] 2025-04-03 14:31:55,143: Back Left Min: 1.46, Back Right Min: 0.54
[rosout][INFO] 2025-04-03 14:31:55,240: Back Left Min: 1.46, Back Right Min: 0.54
[rosout][INFO] 2025-04-03 14:31:55,344: Back Left Min: 1.46, Back Right Min: 0.54
[rosout][INFO] 2025-04-03 14:31:55,440: Back Left Min: 1.46, Back Right Min: 0.54
[rosout][INFO] 2025-04-03 14:31:55,544: Back Left Min: 1.46, Back Right Min: 0.54
[rosout][INFO] 2025-04-03 14:31:55,641: Back Left Min: 1.46, Back Right Min: 0.54
[rosout][INFO] 2025-04-03 14:31:55,744: Back Left Min: 1.46, Back Right Min: 0.54
[rosout][INFO] 2025-04-03 14:31:55,840: Back Left Min: 1.46, Back Right Min: 0.54
[rosout][INFO] 2025-04-03 14:31:55,944: Back Left Min: 1.46, Back Right Min: 0.54
[rosout][INFO] 2025-04-03 14:31:56,041: Back Left Min: 1.46, Back Right Min: 0.54
[rosout][INFO] 2025-04-03 14:31:56,144: Back Left Min: 1.46, Back Right Min: 0.54
[rosout][INFO] 2025-04-03 14:31:56,241: Back Left Min: 1.46, Back Right Min: 0.54
[rosout][INFO] 2025-04-03 14:31:56,344: Back Left Min: 1.46, Back Right Min: 0.54
[rosout][INFO] 2025-04-03 14:31:56,441: Back Left Min: 1.46, Back Right Min: 0.54
[rosout][INFO] 2025-04-03 14:31:56,544: Back Left Min: 1.46, Back Right Min: 0.54
[rosout][INFO] 2025-04-03 14:31:56,641: Back Left Min: 1.46, Back Right Min: 0.54
[rosout][INFO] 2025-04-03 14:31:56,744: Back Left Min: 1.46, Back Right Min: 0.54
[rosout][INFO] 2025-04-03 14:31:56,841: Back Left Min: 1.46, Back Right Min: 0.54
[rosout][INFO] 2025-04-03 14:31:56,944: Back Left Min: 1.46, Back Right Min: 0.54
[rosout][INFO] 2025-04-03 14:31:57,041: Back Left Min: 1.46, Back Right Min: 0.54
[rosout][INFO] 2025-04-03 14:31:57,144: Back Left Min: 1.46, Back Right Min: 0.54
[rosout][INFO] 2025-04-03 14:31:57,241: Back Left Min: 1.46, Back Right Min: 0.54
[rosout][INFO] 2025-04-03 14:31:57,344: Back Left Min: 1.46, Back Right Min: 0.54
[rosout][INFO] 2025-04-03 14:31:57,441: Back Left Min: 1.46, Back Right Min: 0.54
[rosout][INFO] 2025-04-03 14:31:57,544: Back Left Min: 1.46, Back Right Min: 0.54
[rosout][INFO] 2025-04-03 14:31:57,641: Back Left Min: 1.46, Back Right Min: 0.54
[rosout][INFO] 2025-04-03 14:31:57,744: Back Left Min: 1.46, Back Right Min: 0.54
[rosout][INFO] 2025-04-03 14:31:57,841: Back Left Min: 1.46, Back Right Min: 0.54
[rosout][INFO] 2025-04-03 14:31:57,945: Back Left Min: 1.46, Back Right Min: 0.54
[rosout][INFO] 2025-04-03 14:31:58,041: Back Left Min: 1.46, Back Right Min: 0.54
[rosout][INFO] 2025-04-03 14:31:58,145: Back Left Min: 1.46, Back Right Min: 0.54
[rosout][INFO] 2025-04-03 14:31:58,241: Back Left Min: 1.46, Back Right Min: 0.54
[rosout][INFO] 2025-04-03 14:31:58,345: Back Left Min: 1.46, Back Right Min: 0.54
[rosout][INFO] 2025-04-03 14:31:58,442: Back Left Min: 1.46, Back Right Min: 0.54
[rosout][INFO] 2025-04-03 14:31:58,545: Back Left Min: 1.46, Back Right Min: 0.54
[rosout][INFO] 2025-04-03 14:31:58,642: Back Left Min: 1.46, Back Right Min: 0.54
[rosout][INFO] 2025-04-03 14:31:58,745: Back Left Min: 1.46, Back Right Min: 0.54
[rosout][INFO] 2025-04-03 14:31:58,842: Back Left Min: 1.46, Back Right Min: 0.54
[rosout][INFO] 2025-04-03 14:31:58,945: Back Left Min: 1.46, Back Right Min: 0.54
[rosout][INFO] 2025-04-03 14:31:59,042: Back Left Min: 1.46, Back Right Min: 0.54
[rosout][INFO] 2025-04-03 14:31:59,145: Back Left Min: 1.46, Back Right Min: 0.54
[rosout][INFO] 2025-04-03 14:31:59,242: Back Left Min: 1.46, Back Right Min: 0.54
[rosout][INFO] 2025-04-03 14:31:59,345: Back Left Min: 1.46, Back Right Min: 0.54
[rosout][INFO] 2025-04-03 14:31:59,442: Back Left Min: 1.46, Back Right Min: 0.54
[rosout][INFO] 2025-04-03 14:31:59,545: Back Left Min: 1.46, Back Right Min: 0.54
[rosout][INFO] 2025-04-03 14:31:59,642: Back Left Min: 1.46, Back Right Min: 0.54
[rosout][INFO] 2025-04-03 14:31:59,745: Back Left Min: 1.46, Back Right Min: 0.54
[rosout][INFO] 2025-04-03 14:31:59,842: Back Left Min: 1.46, Back Right Min: 0.54
[rosout][INFO] 2025-04-03 14:31:59,945: Back Left Min: 1.46, Back Right Min: 0.54
[rosout][INFO] 2025-04-03 14:32:00,042: Back Left Min: 1.46, Back Right Min: 0.54
[rosout][INFO] 2025-04-03 14:32:00,145: Back Left Min: 1.46, Back Right Min: 0.54
[rosout][INFO] 2025-04-03 14:32:00,242: Back Left Min: 1.46, Back Right Min: 0.54
[rosout][INFO] 2025-04-03 14:32:00,346: Back Left Min: 1.46, Back Right Min: 0.54
[rosout][INFO] 2025-04-03 14:32:00,442: Back Left Min: 1.46, Back Right Min: 0.54
[rosout][INFO] 2025-04-03 14:32:00,546: Back Left Min: 1.46, Back Right Min: 0.54
[rosout][INFO] 2025-04-03 14:32:00,642: Back Left Min: 1.46, Back Right Min: 0.54
[rosout][INFO] 2025-04-03 14:32:00,746: Back Left Min: 1.46, Back Right Min: 0.54
[rosout][INFO] 2025-04-03 14:32:00,843: Back Left Min: 1.46, Back Right Min: 0.54
[rosout][INFO] 2025-04-03 14:32:00,946: Back Left Min: 1.46, Back Right Min: 0.54
[rosout][INFO] 2025-04-03 14:32:01,043: Back Left Min: 1.46, Back Right Min: 0.54
[rosout][INFO] 2025-04-03 14:32:01,146: Back Left Min: 1.46, Back Right Min: 0.54
[rosout][INFO] 2025-04-03 14:32:01,243: Back Left Min: 1.46, Back Right Min: 0.54
[rosout][INFO] 2025-04-03 14:32:01,346: Back Left Min: 1.46, Back Right Min: 0.54
[rosout][INFO] 2025-04-03 14:32:01,443: Back Left Min: 1.46, Back Right Min: 0.54
[rosout][INFO] 2025-04-03 14:32:01,546: Back Left Min: 1.46, Back Right Min: 0.54
[rosout][INFO] 2025-04-03 14:32:01,643: Back Left Min: 1.46, Back Right Min: 0.54
[rosout][INFO] 2025-04-03 14:32:01,746: Back Left Min: 1.46, Back Right Min: 0.54
[rosout][INFO] 2025-04-03 14:32:01,843: Back Left Min: 1.46, Back Right Min: 0.54
[rosout][INFO] 2025-04-03 14:32:01,946: Back Left Min: 1.46, Back Right Min: 0.54
[rosout][INFO] 2025-04-03 14:32:02,043: Back Left Min: 1.46, Back Right Min: 0.54
[rosout][INFO] 2025-04-03 14:32:02,146: Back Left Min: 1.46, Back Right Min: 0.54
[rosout][INFO] 2025-04-03 14:32:02,243: Back Left Min: 1.46, Back Right Min: 0.54
[rosout][INFO] 2025-04-03 14:32:02,346: Back Left Min: 1.46, Back Right Min: 0.54
[rosout][INFO] 2025-04-03 14:32:02,443: Back Left Min: 1.46, Back Right Min: 0.54
[rosout][INFO] 2025-04-03 14:32:02,546: Back Left Min: 1.46, Back Right Min: 0.54
[rosout][INFO] 2025-04-03 14:32:02,643: Back Left Min: 1.46, Back Right Min: 0.54
[rosout][INFO] 2025-04-03 14:32:02,746: Back Left Min: 1.46, Back Right Min: 0.54
[rosout][INFO] 2025-04-03 14:32:02,843: Back Left Min: 1.46, Back Right Min: 0.54
[rosout][INFO] 2025-04-03 14:32:02,947: Back Left Min: 1.46, Back Right Min: 0.54
[rosout][INFO] 2025-04-03 14:32:03,043: Back Left Min: 1.46, Back Right Min: 0.54
[rosout][INFO] 2025-04-03 14:32:03,147: Back Left Min: 1.46, Back Right Min: 0.54
[rosout][INFO] 2025-04-03 14:32:03,243: Back Left Min: 1.46, Back Right Min: 0.54
[rosout][INFO] 2025-04-03 14:32:03,347: Back Left Min: 1.46, Back Right Min: 0.54
[rosout][INFO] 2025-04-03 14:32:03,444: Back Left Min: 1.46, Back Right Min: 0.54
[rosout][INFO] 2025-04-03 14:32:03,547: Back Left Min: 1.46, Back Right Min: 0.54
[rosout][INFO] 2025-04-03 14:32:03,644: Back Left Min: 1.46, Back Right Min: 0.54
[rosout][INFO] 2025-04-03 14:32:03,747: Back Left Min: 1.46, Back Right Min: 0.54
[rosout][INFO] 2025-04-03 14:32:03,844: Back Left Min: 1.46, Back Right Min: 0.54
[rosout][INFO] 2025-04-03 14:32:03,947: Back Left Min: 1.46, Back Right Min: 0.54
[rosout][INFO] 2025-04-03 14:32:04,044: Back Left Min: 1.46, Back Right Min: 0.54
[rosout][INFO] 2025-04-03 14:32:04,147: Back Left Min: 1.46, Back Right Min: 0.54
[rosout][INFO] 2025-04-03 14:32:04,244: Back Left Min: 1.46, Back Right Min: 0.54
[rosout][INFO] 2025-04-03 14:32:04,347: Back Left Min: 1.46, Back Right Min: 0.54
[rosout][INFO] 2025-04-03 14:32:04,444: Back Left Min: 1.46, Back Right Min: 0.54
[rosout][INFO] 2025-04-03 14:32:04,547: Back Left Min: 1.46, Back Right Min: 0.54
[rosout][INFO] 2025-04-03 14:32:04,644: Back Left Min: 1.46, Back Right Min: 0.54
[rosout][INFO] 2025-04-03 14:32:04,747: Back Left Min: 1.46, Back Right Min: 0.54
[rosout][INFO] 2025-04-03 14:32:04,844: Back Left Min: 1.46, Back Right Min: 0.54
[rosout][INFO] 2025-04-03 14:32:04,947: Back Left Min: 1.46, Back Right Min: 0.54
[rosout][INFO] 2025-04-03 14:32:05,044: Back Left Min: 1.46, Back Right Min: 0.54
[rosout][INFO] 2025-04-03 14:32:05,147: Back Left Min: 1.46, Back Right Min: 0.54
[rosout][INFO] 2025-04-03 14:32:05,244: Back Left Min: 1.46, Back Right Min: 0.54
[rosout][INFO] 2025-04-03 14:32:05,348: Back Left Min: 1.46, Back Right Min: 0.54
[rosout][INFO] 2025-04-03 14:32:05,444: Back Left Min: 1.46, Back Right Min: 0.54
[rosout][INFO] 2025-04-03 14:32:05,548: Back Left Min: 1.46, Back Right Min: 0.54
[rosout][INFO] 2025-04-03 14:32:05,644: Back Left Min: 1.46, Back Right Min: 0.54
[rosout][INFO] 2025-04-03 14:32:05,748: Back Left Min: 1.46, Back Right Min: 0.54
[rosout][INFO] 2025-04-03 14:32:05,845: Back Left Min: 1.46, Back Right Min: 0.54
[rosout][INFO] 2025-04-03 14:32:05,948: Back Left Min: 1.46, Back Right Min: 0.54
[rosout][INFO] 2025-04-03 14:32:06,045: Back Left Min: 1.46, Back Right Min: 0.54
[rosout][INFO] 2025-04-03 14:32:06,148: Back Left Min: 1.46, Back Right Min: 0.54
[rosout][INFO] 2025-04-03 14:32:06,245: Back Left Min: 1.46, Back Right Min: 0.54
[rosout][INFO] 2025-04-03 14:32:06,348: Back Left Min: 1.46, Back Right Min: 0.54
[rosout][INFO] 2025-04-03 14:32:06,445: Back Left Min: 1.46, Back Right Min: 0.54
[rosout][INFO] 2025-04-03 14:32:06,548: Back Left Min: 1.46, Back Right Min: 0.54
[rosout][INFO] 2025-04-03 14:32:06,645: Back Left Min: 1.46, Back Right Min: 0.54
[rosout][INFO] 2025-04-03 14:32:06,748: Back Left Min: 1.46, Back Right Min: 0.54
[rosout][INFO] 2025-04-03 14:32:06,845: Back Left Min: 1.46, Back Right Min: 0.54
[rosout][INFO] 2025-04-03 14:32:06,948: Back Left Min: 1.46, Back Right Min: 0.54
[rosout][INFO] 2025-04-03 14:32:07,045: Back Left Min: 1.46, Back Right Min: 0.54
[rosout][INFO] 2025-04-03 14:32:07,148: Back Left Min: 1.46, Back Right Min: 0.54
[rosout][INFO] 2025-04-03 14:32:07,245: Back Left Min: 1.46, Back Right Min: 0.54
[rosout][INFO] 2025-04-03 14:32:07,348: Back Left Min: 1.46, Back Right Min: 0.54
[rosout][INFO] 2025-04-03 14:32:07,445: Back Left Min: 1.46, Back Right Min: 0.54
[rosout][INFO] 2025-04-03 14:32:07,548: Back Left Min: 1.46, Back Right Min: 0.54
[rosout][INFO] 2025-04-03 14:32:07,645: Back Left Min: 1.46, Back Right Min: 0.54
[rosout][INFO] 2025-04-03 14:32:07,748: Back Left Min: 1.46, Back Right Min: 0.54
[rosout][INFO] 2025-04-03 14:32:07,845: Back Left Min: 1.46, Back Right Min: 0.54
[rosout][INFO] 2025-04-03 14:32:07,949: Back Left Min: 1.46, Back Right Min: 0.54
[rosout][INFO] 2025-04-03 14:32:08,045: Back Left Min: 1.46, Back Right Min: 0.54
[rosout][INFO] 2025-04-03 14:32:08,149: Back Left Min: 1.46, Back Right Min: 0.54
[rosout][INFO] 2025-04-03 14:32:08,245: Back Left Min: 1.46, Back Right Min: 0.54
[rosout][INFO] 2025-04-03 14:32:08,349: Back Left Min: 1.46, Back Right Min: 0.54
[rosout][INFO] 2025-04-03 14:32:08,446: Back Left Min: 1.46, Back Right Min: 0.54
[rosout][INFO] 2025-04-03 14:32:08,549: Back Left Min: 1.46, Back Right Min: 0.54
[rosout][INFO] 2025-04-03 14:32:08,646: Back Left Min: 1.46, Back Right Min: 0.54
[rosout][INFO] 2025-04-03 14:32:08,749: Back Left Min: 1.46, Back Right Min: 0.54
[rosout][INFO] 2025-04-03 14:32:08,846: Back Left Min: 1.46, Back Right Min: 0.54
[rosout][INFO] 2025-04-03 14:32:08,949: Back Left Min: 1.46, Back Right Min: 0.54
[rosout][INFO] 2025-04-03 14:32:09,046: Back Left Min: 1.46, Back Right Min: 0.54
[rosout][INFO] 2025-04-03 14:32:09,149: Back Left Min: 1.46, Back Right Min: 0.54
[rosout][INFO] 2025-04-03 14:32:09,246: Back Left Min: 1.46, Back Right Min: 0.54
[rosout][INFO] 2025-04-03 14:32:09,349: Back Left Min: 1.46, Back Right Min: 0.54
[rosout][INFO] 2025-04-03 14:32:09,446: Back Left Min: 1.46, Back Right Min: 0.54
[rosout][INFO] 2025-04-03 14:32:09,549: Back Left Min: 1.46, Back Right Min: 0.54
[rosout][INFO] 2025-04-03 14:32:09,646: Back Left Min: 1.46, Back Right Min: 0.54
[rosout][INFO] 2025-04-03 14:32:09,749: Back Left Min: 1.46, Back Right Min: 0.54
[rosout][INFO] 2025-04-03 14:32:09,846: Back Left Min: 1.46, Back Right Min: 0.54
[rosout][INFO] 2025-04-03 14:32:09,949: Back Left Min: 1.46, Back Right Min: 0.54
[rosout][INFO] 2025-04-03 14:32:10,046: Back Left Min: 1.46, Back Right Min: 0.54
[rosout][INFO] 2025-04-03 14:32:10,150: Back Left Min: 1.46, Back Right Min: 0.54
[rosout][INFO] 2025-04-03 14:32:10,246: Back Left Min: 1.46, Back Right Min: 0.54
[rosout][INFO] 2025-04-03 14:32:10,350: Back Left Min: 1.46, Back Right Min: 0.54
[rosout][INFO] 2025-04-03 14:32:10,446: Back Left Min: 1.46, Back Right Min: 0.54
[rosout][INFO] 2025-04-03 14:32:10,550: Back Left Min: 1.46, Back Right Min: 0.54
[rosout][INFO] 2025-04-03 14:32:10,647: Back Left Min: 1.46, Back Right Min: 0.54
[rosout][INFO] 2025-04-03 14:32:10,750: Back Left Min: 1.46, Back Right Min: 0.54
[rosout][INFO] 2025-04-03 14:32:10,846: Back Left Min: 1.46, Back Right Min: 0.54
[rosout][INFO] 2025-04-03 14:32:10,950: Back Left Min: 1.46, Back Right Min: 0.54
[rosout][INFO] 2025-04-03 14:32:11,047: Back Left Min: 1.46, Back Right Min: 0.54
[rosout][INFO] 2025-04-03 14:32:11,150: Back Left Min: 1.46, Back Right Min: 0.54
[rosout][INFO] 2025-04-03 14:32:11,247: Back Left Min: 1.46, Back Right Min: 0.54
[rosout][INFO] 2025-04-03 14:32:11,350: Back Left Min: 1.46, Back Right Min: 0.54
[rosout][INFO] 2025-04-03 14:32:11,447: Back Left Min: 1.46, Back Right Min: 0.54
[rosout][INFO] 2025-04-03 14:32:11,550: Back Left Min: 1.46, Back Right Min: 0.54
[rosout][INFO] 2025-04-03 14:32:11,647: Back Left Min: 1.46, Back Right Min: 0.54
[rosout][INFO] 2025-04-03 14:32:11,750: Back Left Min: 1.46, Back Right Min: 0.54
[rosout][INFO] 2025-04-03 14:32:11,847: Back Left Min: 1.46, Back Right Min: 0.54
[rosout][INFO] 2025-04-03 14:32:11,950: Back Left Min: 1.46, Back Right Min: 0.54
[rosout][INFO] 2025-04-03 14:32:12,047: Back Left Min: 1.46, Back Right Min: 0.54
[rosout][INFO] 2025-04-03 14:32:12,150: Back Left Min: 1.46, Back Right Min: 0.54
[rosout][INFO] 2025-04-03 14:32:12,247: Back Left Min: 1.46, Back Right Min: 0.54
[rosout][INFO] 2025-04-03 14:32:12,350: Back Left Min: 1.46, Back Right Min: 0.54
[rosout][INFO] 2025-04-03 14:32:12,447: Back Left Min: 1.46, Back Right Min: 0.54
[rosout][INFO] 2025-04-03 14:32:12,550: Back Left Min: 1.46, Back Right Min: 0.54
[rosout][INFO] 2025-04-03 14:32:12,647: Back Left Min: 1.46, Back Right Min: 0.54
[rosout][INFO] 2025-04-03 14:32:12,750: Back Left Min: 1.46, Back Right Min: 0.54
[rosout][INFO] 2025-04-03 14:32:12,847: Back Left Min: 1.46, Back Right Min: 0.54
[rosout][INFO] 2025-04-03 14:32:12,951: Back Left Min: 1.46, Back Right Min: 0.54
[rosout][INFO] 2025-04-03 14:32:13,047: Back Left Min: 1.46, Back Right Min: 0.54
[rosout][INFO] 2025-04-03 14:32:13,151: Back Left Min: 1.46, Back Right Min: 0.54
[rosout][INFO] 2025-04-03 14:32:13,248: Back Left Min: 1.46, Back Right Min: 0.54
[rosout][INFO] 2025-04-03 14:32:13,351: Back Left Min: 1.46, Back Right Min: 0.54
[rosout][INFO] 2025-04-03 14:32:13,448: Back Left Min: 1.46, Back Right Min: 0.54
[rosout][INFO] 2025-04-03 14:32:13,551: Back Left Min: 1.46, Back Right Min: 0.54
[rosout][INFO] 2025-04-03 14:32:13,648: Back Left Min: 1.46, Back Right Min: 0.54
[rosout][INFO] 2025-04-03 14:32:13,751: Back Left Min: 1.46, Back Right Min: 0.54
[rosout][INFO] 2025-04-03 14:32:13,848: Back Left Min: 1.46, Back Right Min: 0.54
[rosout][INFO] 2025-04-03 14:32:13,951: Back Left Min: 1.46, Back Right Min: 0.54
[rosout][INFO] 2025-04-03 14:32:14,048: Back Left Min: 1.46, Back Right Min: 0.54
[rosout][INFO] 2025-04-03 14:32:14,151: Back Left Min: 1.46, Back Right Min: 0.54
[rosout][INFO] 2025-04-03 14:32:14,248: Back Left Min: 1.46, Back Right Min: 0.54
[rosout][INFO] 2025-04-03 14:32:14,351: Back Left Min: 1.46, Back Right Min: 0.54
[rosout][INFO] 2025-04-03 14:32:14,448: Back Left Min: 1.46, Back Right Min: 0.54
[rosout][INFO] 2025-04-03 14:32:14,551: Back Left Min: 1.46, Back Right Min: 0.54
[rosout][INFO] 2025-04-03 14:32:14,648: Back Left Min: 1.46, Back Right Min: 0.54
[rosout][INFO] 2025-04-03 14:32:14,751: Back Left Min: 1.46, Back Right Min: 0.54
[rosout][INFO] 2025-04-03 14:32:14,848: Back Left Min: 1.46, Back Right Min: 0.54
[rosout][INFO] 2025-04-03 14:32:14,951: Back Left Min: 1.46, Back Right Min: 0.54
[rosout][INFO] 2025-04-03 14:32:15,048: Back Left Min: 1.46, Back Right Min: 0.54
[rosout][INFO] 2025-04-03 14:32:15,151: Back Left Min: 1.46, Back Right Min: 0.54
[rosout][INFO] 2025-04-03 14:32:15,248: Back Left Min: 1.46, Back Right Min: 0.54
[rosout][INFO] 2025-04-03 14:32:15,351: Back Left Min: 1.46, Back Right Min: 0.54
[rosout][INFO] 2025-04-03 14:32:15,448: Back Left Min: 1.46, Back Right Min: 0.54
[rosout][INFO] 2025-04-03 14:32:15,552: Back Left Min: 1.46, Back Right Min: 0.54
[rosout][INFO] 2025-04-03 14:32:15,648: Back Left Min: 1.46, Back Right Min: 0.54
[rosout][INFO] 2025-04-03 14:32:15,752: Back Left Min: 1.46, Back Right Min: 0.54
[rosout][INFO] 2025-04-03 14:32:15,849: Back Left Min: 1.46, Back Right Min: 0.54
[rosout][INFO] 2025-04-03 14:32:15,952: Back Left Min: 1.46, Back Right Min: 0.54
[rosout][INFO] 2025-04-03 14:32:16,049: Back Left Min: 1.46, Back Right Min: 0.54
[rosout][INFO] 2025-04-03 14:32:16,152: Back Left Min: 1.46, Back Right Min: 0.54
[rosout][INFO] 2025-04-03 14:32:16,249: Back Left Min: 1.46, Back Right Min: 0.54
[rosout][INFO] 2025-04-03 14:32:16,352: Back Left Min: 1.46, Back Right Min: 0.54
[rosout][INFO] 2025-04-03 14:32:16,449: Back Left Min: 1.46, Back Right Min: 0.54
[rosout][INFO] 2025-04-03 14:32:16,552: Back Left Min: 1.46, Back Right Min: 0.54
[rosout][INFO] 2025-04-03 14:32:16,649: Back Left Min: 1.46, Back Right Min: 0.54
[rosout][INFO] 2025-04-03 14:32:16,752: Back Left Min: 1.46, Back Right Min: 0.54
[rosout][INFO] 2025-04-03 14:32:16,849: Back Left Min: 1.46, Back Right Min: 0.54
[rosout][INFO] 2025-04-03 14:32:16,952: Back Left Min: 1.46, Back Right Min: 0.54
[rosout][INFO] 2025-04-03 14:32:17,049: Back Left Min: 1.46, Back Right Min: 0.54
[rosout][INFO] 2025-04-03 14:32:17,152: Back Left Min: 1.46, Back Right Min: 0.54
[rosout][INFO] 2025-04-03 14:32:17,249: Back Left Min: 1.46, Back Right Min: 0.54
[rosout][INFO] 2025-04-03 14:32:17,352: Back Left Min: 1.46, Back Right Min: 0.54
[rosout][INFO] 2025-04-03 14:32:17,449: Back Left Min: 1.46, Back Right Min: 0.54
[rosout][INFO] 2025-04-03 14:32:17,552: Back Left Min: 1.46, Back Right Min: 0.54
[rosout][INFO] 2025-04-03 14:32:17,649: Back Left Min: 1.46, Back Right Min: 0.54
[rosout][INFO] 2025-04-03 14:32:17,753: Back Left Min: 1.46, Back Right Min: 0.54
[rosout][INFO] 2025-04-03 14:32:17,849: Back Left Min: 1.46, Back Right Min: 0.54
[rosout][INFO] 2025-04-03 14:32:17,953: Back Left Min: 1.46, Back Right Min: 0.54
[rosout][INFO] 2025-04-03 14:32:18,049: Back Left Min: 1.46, Back Right Min: 0.54
[rosout][INFO] 2025-04-03 14:32:18,153: Back Left Min: 1.46, Back Right Min: 0.54
[rosout][INFO] 2025-04-03 14:32:18,250: Back Left Min: 1.46, Back Right Min: 0.54
[rosout][INFO] 2025-04-03 14:32:18,353: Back Left Min: 1.46, Back Right Min: 0.54
[rosout][INFO] 2025-04-03 14:32:18,450: Back Left Min: 1.46, Back Right Min: 0.54
[rosout][INFO] 2025-04-03 14:32:18,553: Back Left Min: 1.46, Back Right Min: 0.54
[rosout][INFO] 2025-04-03 14:32:18,650: Back Left Min: 1.46, Back Right Min: 0.54
[rosout][INFO] 2025-04-03 14:32:18,753: Back Left Min: 1.46, Back Right Min: 0.54
[rosout][INFO] 2025-04-03 14:32:18,850: Back Left Min: 1.46, Back Right Min: 0.54
[rosout][INFO] 2025-04-03 14:32:18,953: Back Left Min: 1.46, Back Right Min: 0.54
[rosout][INFO] 2025-04-03 14:32:19,050: Back Left Min: 1.46, Back Right Min: 0.54
[rosout][INFO] 2025-04-03 14:32:19,153: Back Left Min: 1.46, Back Right Min: 0.54
[rosout][INFO] 2025-04-03 14:32:19,250: Back Left Min: 1.46, Back Right Min: 0.54
[rosout][INFO] 2025-04-03 14:32:19,353: Back Left Min: 1.46, Back Right Min: 0.54
[rosout][INFO] 2025-04-03 14:32:19,450: Back Left Min: 1.46, Back Right Min: 0.54
[rosout][INFO] 2025-04-03 14:32:19,553: Back Left Min: 1.46, Back Right Min: 0.54
[rosout][INFO] 2025-04-03 14:32:19,650: Back Left Min: 1.46, Back Right Min: 0.54
[rosout][INFO] 2025-04-03 14:32:19,753: Back Left Min: 1.46, Back Right Min: 0.54
[rosout][INFO] 2025-04-03 14:32:19,850: Back Left Min: 1.46, Back Right Min: 0.54
[rosout][INFO] 2025-04-03 14:32:19,953: Back Left Min: 1.46, Back Right Min: 0.54
[rosout][INFO] 2025-04-03 14:32:20,050: Back Left Min: 1.46, Back Right Min: 0.54
[rosout][INFO] 2025-04-03 14:32:20,153: Back Left Min: 1.46, Back Right Min: 0.54
[rosout][INFO] 2025-04-03 14:32:20,250: Back Left Min: 1.46, Back Right Min: 0.54
[rosout][INFO] 2025-04-03 14:32:20,353: Back Left Min: 1.46, Back Right Min: 0.54
[rosout][INFO] 2025-04-03 14:32:20,450: Back Left Min: 1.46, Back Right Min: 0.54
[rosout][INFO] 2025-04-03 14:32:20,554: Back Left Min: 1.46, Back Right Min: 0.54
[rosout][INFO] 2025-04-03 14:32:20,651: Back Left Min: 1.46, Back Right Min: 0.54
[rosout][INFO] 2025-04-03 14:32:20,754: Back Left Min: 1.46, Back Right Min: 0.54
[rosout][INFO] 2025-04-03 14:32:20,851: Back Left Min: 1.46, Back Right Min: 0.54
[rosout][INFO] 2025-04-03 14:32:20,954: Back Left Min: 1.46, Back Right Min: 0.54
[rosout][INFO] 2025-04-03 14:32:21,051: Back Left Min: 1.46, Back Right Min: 0.54
[rosout][INFO] 2025-04-03 14:32:21,154: Back Left Min: 1.46, Back Right Min: 0.54
[rosout][INFO] 2025-04-03 14:32:21,251: Back Left Min: 1.46, Back Right Min: 0.54
[rosout][INFO] 2025-04-03 14:32:21,354: Back Left Min: 1.46, Back Right Min: 0.54
[rosout][INFO] 2025-04-03 14:32:21,451: Back Left Min: 1.46, Back Right Min: 0.54
[rosout][INFO] 2025-04-03 14:32:21,554: Back Left Min: 1.46, Back Right Min: 0.54
[rosout][INFO] 2025-04-03 14:32:21,651: Back Left Min: 1.46, Back Right Min: 0.54
[rosout][INFO] 2025-04-03 14:32:21,754: Back Left Min: 1.46, Back Right Min: 0.54
[rosout][INFO] 2025-04-03 14:32:21,851: Back Left Min: 1.46, Back Right Min: 0.54
[rosout][INFO] 2025-04-03 14:32:21,954: Back Left Min: 1.46, Back Right Min: 0.54
[rosout][INFO] 2025-04-03 14:32:22,051: Back Left Min: 1.46, Back Right Min: 0.54
[rosout][INFO] 2025-04-03 14:32:22,154: Back Left Min: 1.46, Back Right Min: 0.54
[rosout][INFO] 2025-04-03 14:32:22,251: Back Left Min: 1.46, Back Right Min: 0.54
[rosout][INFO] 2025-04-03 14:32:22,354: Back Left Min: 1.46, Back Right Min: 0.54
[rosout][INFO] 2025-04-03 14:32:22,451: Back Left Min: 1.46, Back Right Min: 0.54
[rosout][INFO] 2025-04-03 14:32:22,554: Back Left Min: 1.46, Back Right Min: 0.54
[rosout][INFO] 2025-04-03 14:32:22,651: Back Left Min: 1.46, Back Right Min: 0.54
[rosout][INFO] 2025-04-03 14:32:22,755: Back Left Min: 1.46, Back Right Min: 0.54
[rosout][INFO] 2025-04-03 14:32:22,851: Back Left Min: 1.46, Back Right Min: 0.54
[rosout][INFO] 2025-04-03 14:32:22,955: Back Left Min: 1.46, Back Right Min: 0.54
[rosout][INFO] 2025-04-03 14:32:23,051: Back Left Min: 1.46, Back Right Min: 0.54
[rosout][INFO] 2025-04-03 14:32:23,155: Back Left Min: 1.46, Back Right Min: 0.54
[rosout][INFO] 2025-04-03 14:32:23,251: Back Left Min: 1.46, Back Right Min: 0.54
[rosout][INFO] 2025-04-03 14:32:23,355: Back Left Min: 1.46, Back Right Min: 0.54
[rosout][INFO] 2025-04-03 14:32:23,452: Back Left Min: 1.46, Back Right Min: 0.54
[rosout][INFO] 2025-04-03 14:32:23,555: Back Left Min: 1.46, Back Right Min: 0.54
[rosout][INFO] 2025-04-03 14:32:23,652: Back Left Min: 1.46, Back Right Min: 0.54
[rosout][INFO] 2025-04-03 14:32:23,755: Back Left Min: 1.46, Back Right Min: 0.54
[rosout][INFO] 2025-04-03 14:32:23,852: Back Left Min: 1.46, Back Right Min: 0.54
[rosout][INFO] 2025-04-03 14:32:23,955: Back Left Min: 1.46, Back Right Min: 0.54
[rosout][INFO] 2025-04-03 14:32:24,052: Back Left Min: 1.46, Back Right Min: 0.54
[rosout][INFO] 2025-04-03 14:32:24,155: Back Left Min: 1.46, Back Right Min: 0.54
[rosout][INFO] 2025-04-03 14:32:24,252: Back Left Min: 1.46, Back Right Min: 0.54
[rosout][INFO] 2025-04-03 14:32:24,355: Back Left Min: 1.46, Back Right Min: 0.54
[rosout][INFO] 2025-04-03 14:32:24,452: Back Left Min: 1.46, Back Right Min: 0.54
[rosout][INFO] 2025-04-03 14:32:24,555: Back Left Min: 1.46, Back Right Min: 0.54
[rosout][INFO] 2025-04-03 14:32:24,652: Back Left Min: 1.46, Back Right Min: 0.54
[rosout][INFO] 2025-04-03 14:32:24,755: Back Left Min: 1.46, Back Right Min: 0.54
[rosout][INFO] 2025-04-03 14:32:24,852: Back Left Min: 1.46, Back Right Min: 0.54
[rosout][INFO] 2025-04-03 14:32:24,955: Back Left Min: 1.46, Back Right Min: 0.54
[rosout][INFO] 2025-04-03 14:32:25,052: Back Left Min: 1.46, Back Right Min: 0.54
[rosout][INFO] 2025-04-03 14:32:25,155: Back Left Min: 1.46, Back Right Min: 0.54
[rosout][INFO] 2025-04-03 14:32:25,252: Back Left Min: 1.46, Back Right Min: 0.54
[rosout][INFO] 2025-04-03 14:32:25,356: Back Left Min: 1.46, Back Right Min: 0.54
[rosout][INFO] 2025-04-03 14:32:25,452: Back Left Min: 1.46, Back Right Min: 0.54
[rosout][INFO] 2025-04-03 14:32:25,556: Back Left Min: 1.46, Back Right Min: 0.54
[rosout][INFO] 2025-04-03 14:32:25,653: Back Left Min: 1.46, Back Right Min: 0.54
[rosout][INFO] 2025-04-03 14:32:25,756: Back Left Min: 1.46, Back Right Min: 0.54
[rosout][INFO] 2025-04-03 14:32:25,853: Back Left Min: 1.46, Back Right Min: 0.54
[rosout][INFO] 2025-04-03 14:32:25,956: Back Left Min: 1.46, Back Right Min: 0.54
[rosout][INFO] 2025-04-03 14:32:26,053: Back Left Min: 1.46, Back Right Min: 0.54
[rosout][INFO] 2025-04-03 14:32:26,156: Back Left Min: 1.46, Back Right Min: 0.54
[rosout][INFO] 2025-04-03 14:32:26,253: Back Left Min: 1.46, Back Right Min: 0.54
[rosout][INFO] 2025-04-03 14:32:26,356: Back Left Min: 1.46, Back Right Min: 0.54
[rosout][INFO] 2025-04-03 14:32:26,453: Back Left Min: 1.46, Back Right Min: 0.54
[rosout][INFO] 2025-04-03 14:32:26,556: Back Left Min: 1.46, Back Right Min: 0.54
[rosout][INFO] 2025-04-03 14:32:26,653: Back Left Min: 1.46, Back Right Min: 0.54
[rosout][INFO] 2025-04-03 14:32:26,756: Back Left Min: 1.46, Back Right Min: 0.54
[rosout][INFO] 2025-04-03 14:32:26,853: Back Left Min: 1.46, Back Right Min: 0.54
[rosout][INFO] 2025-04-03 14:32:26,956: Back Left Min: 1.46, Back Right Min: 0.54
[rosout][INFO] 2025-04-03 14:32:27,053: Back Left Min: 1.46, Back Right Min: 0.54
[rosout][INFO] 2025-04-03 14:32:27,156: Back Left Min: 1.46, Back Right Min: 0.54
[rosout][INFO] 2025-04-03 14:32:27,253: Back Left Min: 1.46, Back Right Min: 0.54
[rosout][INFO] 2025-04-03 14:32:27,356: Back Left Min: 1.46, Back Right Min: 0.54
[rosout][INFO] 2025-04-03 14:32:27,453: Back Left Min: 1.46, Back Right Min: 0.54
[rosout][INFO] 2025-04-03 14:32:27,556: Back Left Min: 1.46, Back Right Min: 0.54
[rosout][INFO] 2025-04-03 14:32:27,653: Back Left Min: 1.46, Back Right Min: 0.54
[rosout][INFO] 2025-04-03 14:32:27,756: Back Left Min: 1.46, Back Right Min: 0.54
[rosout][INFO] 2025-04-03 14:32:27,853: Back Left Min: 1.46, Back Right Min: 0.54
[rosout][INFO] 2025-04-03 14:32:27,957: Back Left Min: 1.46, Back Right Min: 0.54
[rosout][INFO] 2025-04-03 14:32:28,053: Back Left Min: 1.46, Back Right Min: 0.54
[rosout][INFO] 2025-04-03 14:32:28,157: Back Left Min: 1.46, Back Right Min: 0.54
[rosout][INFO] 2025-04-03 14:32:28,254: Back Left Min: 1.46, Back Right Min: 0.54
[rosout][INFO] 2025-04-03 14:32:28,357: Back Left Min: 1.46, Back Right Min: 0.54
[rosout][INFO] 2025-04-03 14:32:28,454: Back Left Min: 1.46, Back Right Min: 0.54
[rosout][INFO] 2025-04-03 14:32:28,557: Back Left Min: 1.46, Back Right Min: 0.54
[rosout][INFO] 2025-04-03 14:32:28,654: Back Left Min: 1.46, Back Right Min: 0.54
[rosout][INFO] 2025-04-03 14:32:28,757: Back Left Min: 1.46, Back Right Min: 0.54
[rosout][INFO] 2025-04-03 14:32:28,854: Back Left Min: 1.46, Back Right Min: 0.54
[rosout][INFO] 2025-04-03 14:32:28,957: Back Left Min: 1.46, Back Right Min: 0.54
[rosout][INFO] 2025-04-03 14:32:29,054: Back Left Min: 1.46, Back Right Min: 0.54
[rosout][INFO] 2025-04-03 14:32:29,157: Back Left Min: 1.46, Back Right Min: 0.54
[rosout][INFO] 2025-04-03 14:32:29,254: Back Left Min: 1.46, Back Right Min: 0.54
[rosout][INFO] 2025-04-03 14:32:29,357: Back Left Min: 1.46, Back Right Min: 0.54
[rosout][INFO] 2025-04-03 14:32:29,454: Back Left Min: 1.46, Back Right Min: 0.54
[rosout][INFO] 2025-04-03 14:32:29,557: Back Left Min: 1.46, Back Right Min: 0.54
[rosout][INFO] 2025-04-03 14:32:29,654: Back Left Min: 1.46, Back Right Min: 0.54
[rosout][INFO] 2025-04-03 14:32:29,757: Back Left Min: 1.46, Back Right Min: 0.54
[rosout][INFO] 2025-04-03 14:32:29,854: Back Left Min: 1.46, Back Right Min: 0.54
[rosout][INFO] 2025-04-03 14:32:29,958: Back Left Min: 1.46, Back Right Min: 0.54
[rosout][INFO] 2025-04-03 14:32:30,054: Back Left Min: 1.46, Back Right Min: 0.54
[rosout][INFO] 2025-04-03 14:32:30,158: Back Left Min: 1.46, Back Right Min: 0.54
[rosout][INFO] 2025-04-03 14:32:30,254: Back Left Min: 1.46, Back Right Min: 0.54
[rosout][INFO] 2025-04-03 14:32:30,357: Back Left Min: 1.46, Back Right Min: 0.54
[rosout][INFO] 2025-04-03 14:32:30,454: Back Left Min: 1.46, Back Right Min: 0.54
[rosout][INFO] 2025-04-03 14:32:30,558: Back Left Min: 1.46, Back Right Min: 0.54
[rosout][INFO] 2025-04-03 14:32:30,655: Back Left Min: 1.46, Back Right Min: 0.54
[rosout][INFO] 2025-04-03 14:32:30,758: Back Left Min: 1.46, Back Right Min: 0.54
[rosout][INFO] 2025-04-03 14:32:30,855: Back Left Min: 1.46, Back Right Min: 0.54
[rosout][INFO] 2025-04-03 14:32:30,958: Back Left Min: 1.46, Back Right Min: 0.54
[rosout][INFO] 2025-04-03 14:32:31,055: Back Left Min: 1.46, Back Right Min: 0.54
[rosout][INFO] 2025-04-03 14:32:31,158: Back Left Min: 1.46, Back Right Min: 0.54
[rosout][INFO] 2025-04-03 14:32:31,255: Back Left Min: 1.46, Back Right Min: 0.54
[rosout][INFO] 2025-04-03 14:32:31,358: Back Left Min: 1.46, Back Right Min: 0.54
[rosout][INFO] 2025-04-03 14:32:31,455: Back Left Min: 1.46, Back Right Min: 0.54
[rosout][INFO] 2025-04-03 14:32:31,558: Back Left Min: 1.46, Back Right Min: 0.54
[rosout][INFO] 2025-04-03 14:32:31,655: Back Left Min: 1.46, Back Right Min: 0.54
[rosout][INFO] 2025-04-03 14:32:31,758: Back Left Min: 1.46, Back Right Min: 0.54
[rosout][INFO] 2025-04-03 14:32:31,855: Back Left Min: 1.46, Back Right Min: 0.54
[rosout][INFO] 2025-04-03 14:32:31,958: Back Left Min: 1.46, Back Right Min: 0.54
[rosout][INFO] 2025-04-03 14:32:32,055: Back Left Min: 1.46, Back Right Min: 0.54
[rosout][INFO] 2025-04-03 14:32:32,158: Back Left Min: 1.46, Back Right Min: 0.54
[rosout][INFO] 2025-04-03 14:32:32,255: Back Left Min: 1.46, Back Right Min: 0.54
[rosout][INFO] 2025-04-03 14:32:32,358: Back Left Min: 1.46, Back Right Min: 0.54
[rosout][INFO] 2025-04-03 14:32:32,455: Back Left Min: 1.46, Back Right Min: 0.54
[rosout][INFO] 2025-04-03 14:32:32,558: Back Left Min: 1.46, Back Right Min: 0.54
[rosout][INFO] 2025-04-03 14:32:32,655: Back Left Min: 1.46, Back Right Min: 0.54
[rosout][INFO] 2025-04-03 14:32:32,758: Back Left Min: 1.46, Back Right Min: 0.54
[rosout][INFO] 2025-04-03 14:32:32,855: Back Left Min: 1.46, Back Right Min: 0.54
[rosout][INFO] 2025-04-03 14:32:32,959: Back Left Min: 1.46, Back Right Min: 0.54
[rosout][INFO] 2025-04-03 14:32:33,055: Back Left Min: 1.46, Back Right Min: 0.54
[rosout][INFO] 2025-04-03 14:32:33,159: Back Left Min: 1.46, Back Right Min: 0.54
[rosout][INFO] 2025-04-03 14:32:33,256: Back Left Min: 1.46, Back Right Min: 0.54
[rosout][INFO] 2025-04-03 14:32:33,359: Back Left Min: 1.46, Back Right Min: 0.54
[rosout][INFO] 2025-04-03 14:32:33,456: Back Left Min: 1.46, Back Right Min: 0.54
[rosout][INFO] 2025-04-03 14:32:33,559: Back Left Min: 1.46, Back Right Min: 0.54
[rosout][INFO] 2025-04-03 14:32:33,656: Back Left Min: 1.46, Back Right Min: 0.54
[rosout][INFO] 2025-04-03 14:32:33,759: Back Left Min: 1.46, Back Right Min: 0.54
[rosout][INFO] 2025-04-03 14:32:33,856: Back Left Min: 1.46, Back Right Min: 0.54
[rosout][INFO] 2025-04-03 14:32:33,959: Back Left Min: 1.46, Back Right Min: 0.54
[rosout][INFO] 2025-04-03 14:32:34,056: Back Left Min: 1.46, Back Right Min: 0.54
[rosout][INFO] 2025-04-03 14:32:34,159: Back Left Min: 1.46, Back Right Min: 0.54
[rosout][INFO] 2025-04-03 14:32:34,256: Back Left Min: 1.46, Back Right Min: 0.54
[rosout][INFO] 2025-04-03 14:32:34,359: Back Left Min: 1.46, Back Right Min: 0.54
[rosout][INFO] 2025-04-03 14:32:34,456: Back Left Min: 1.46, Back Right Min: 0.54
[rosout][INFO] 2025-04-03 14:32:34,559: Back Left Min: 1.46, Back Right Min: 0.54
[rosout][INFO] 2025-04-03 14:32:34,656: Back Left Min: 1.46, Back Right Min: 0.54
[rosout][INFO] 2025-04-03 14:32:34,759: Back Left Min: 1.46, Back Right Min: 0.54
[rosout][INFO] 2025-04-03 14:32:34,856: Back Left Min: 1.46, Back Right Min: 0.54
[rosout][INFO] 2025-04-03 14:32:34,959: Back Left Min: 1.46, Back Right Min: 0.54
[rosout][INFO] 2025-04-03 14:32:35,056: Back Left Min: 1.46, Back Right Min: 0.54
[rosout][INFO] 2025-04-03 14:32:35,159: Back Left Min: 1.46, Back Right Min: 0.54
[rosout][INFO] 2025-04-03 14:32:35,256: Back Left Min: 1.46, Back Right Min: 0.54
[rosout][INFO] 2025-04-03 14:32:35,360: Back Left Min: 1.46, Back Right Min: 0.54
[rosout][INFO] 2025-04-03 14:32:35,456: Back Left Min: 1.46, Back Right Min: 0.54
[rosout][INFO] 2025-04-03 14:32:35,560: Back Left Min: 1.46, Back Right Min: 0.54
[rosout][INFO] 2025-04-03 14:32:35,657: Back Left Min: 1.46, Back Right Min: 0.54
[rosout][INFO] 2025-04-03 14:32:35,760: Back Left Min: 1.46, Back Right Min: 0.54
[rosout][INFO] 2025-04-03 14:32:35,857: Back Left Min: 1.46, Back Right Min: 0.54
[rosout][INFO] 2025-04-03 14:32:35,960: Back Left Min: 1.46, Back Right Min: 0.54
[rosout][INFO] 2025-04-03 14:32:36,057: Back Left Min: 1.46, Back Right Min: 0.54
[rosout][INFO] 2025-04-03 14:32:36,160: Back Left Min: 1.46, Back Right Min: 0.54
[rosout][INFO] 2025-04-03 14:32:36,257: Back Left Min: 1.46, Back Right Min: 0.54
[rosout][INFO] 2025-04-03 14:32:36,360: Back Left Min: 1.46, Back Right Min: 0.54
[rosout][INFO] 2025-04-03 14:32:36,457: Back Left Min: 1.46, Back Right Min: 0.54
[rosout][INFO] 2025-04-03 14:32:36,560: Back Left Min: 1.46, Back Right Min: 0.54
[rosout][INFO] 2025-04-03 14:32:36,657: Back Left Min: 1.46, Back Right Min: 0.54
[rosout][INFO] 2025-04-03 14:32:36,760: Back Left Min: 1.46, Back Right Min: 0.54
[rosout][INFO] 2025-04-03 14:32:36,857: Back Left Min: 1.46, Back Right Min: 0.54
[rosout][INFO] 2025-04-03 14:32:36,960: Back Left Min: 1.46, Back Right Min: 0.54
[rosout][INFO] 2025-04-03 14:32:37,057: Back Left Min: 1.46, Back Right Min: 0.54
[rosout][INFO] 2025-04-03 14:32:37,160: Back Left Min: 1.46, Back Right Min: 0.54
[rosout][INFO] 2025-04-03 14:32:37,257: Back Left Min: 1.46, Back Right Min: 0.54
[rosout][INFO] 2025-04-03 14:32:37,360: Back Left Min: 1.46, Back Right Min: 0.54
[rosout][INFO] 2025-04-03 14:32:37,457: Back Left Min: 1.46, Back Right Min: 0.54
[rosout][INFO] 2025-04-03 14:32:37,560: Back Left Min: 1.46, Back Right Min: 0.54
[rosout][INFO] 2025-04-03 14:32:37,657: Back Left Min: 1.46, Back Right Min: 0.54
[rosout][INFO] 2025-04-03 14:32:37,761: Back Left Min: 1.46, Back Right Min: 0.54
[rosout][INFO] 2025-04-03 14:32:37,857: Back Left Min: 1.46, Back Right Min: 0.54
[rosout][INFO] 2025-04-03 14:32:37,961: Back Left Min: 1.46, Back Right Min: 0.54
[rosout][INFO] 2025-04-03 14:32:38,057: Back Left Min: 1.46, Back Right Min: 0.54
[rosout][INFO] 2025-04-03 14:32:38,161: Back Left Min: 1.46, Back Right Min: 0.54
[rosout][INFO] 2025-04-03 14:32:38,258: Back Left Min: 1.46, Back Right Min: 0.54
[rosout][INFO] 2025-04-03 14:32:38,361: Back Left Min: 1.46, Back Right Min: 0.54
[rosout][INFO] 2025-04-03 14:32:38,458: Back Left Min: 1.46, Back Right Min: 0.54
[rosout][INFO] 2025-04-03 14:32:38,561: Back Left Min: 1.46, Back Right Min: 0.54
[rosout][INFO] 2025-04-03 14:32:38,658: Back Left Min: 1.46, Back Right Min: 0.54
[rosout][INFO] 2025-04-03 14:32:38,761: Back Left Min: 1.46, Back Right Min: 0.54
[rosout][INFO] 2025-04-03 14:32:38,858: Back Left Min: 1.46, Back Right Min: 0.54
[rosout][INFO] 2025-04-03 14:32:38,961: Back Left Min: 1.46, Back Right Min: 0.54
[rosout][INFO] 2025-04-03 14:32:39,058: Back Left Min: 1.46, Back Right Min: 0.54
[rosout][INFO] 2025-04-03 14:32:39,161: Back Left Min: 1.46, Back Right Min: 0.54
[rosout][INFO] 2025-04-03 14:32:39,258: Back Left Min: 1.46, Back Right Min: 0.54
[rosout][INFO] 2025-04-03 14:32:39,361: Back Left Min: 1.46, Back Right Min: 0.54
[rosout][INFO] 2025-04-03 14:32:39,458: Back Left Min: 1.46, Back Right Min: 0.54
[rosout][INFO] 2025-04-03 14:32:39,561: Back Left Min: 1.46, Back Right Min: 0.54
[rosout][INFO] 2025-04-03 14:32:39,658: Back Left Min: 1.46, Back Right Min: 0.54
[rosout][INFO] 2025-04-03 14:32:39,761: Back Left Min: 1.46, Back Right Min: 0.54
[rosout][INFO] 2025-04-03 14:32:39,858: Back Left Min: 1.46, Back Right Min: 0.54
[rosout][INFO] 2025-04-03 14:32:39,961: Back Left Min: 1.46, Back Right Min: 0.54
[rosout][INFO] 2025-04-03 14:32:40,058: Back Left Min: 1.46, Back Right Min: 0.54
[rosout][INFO] 2025-04-03 14:32:40,161: Back Left Min: 1.46, Back Right Min: 0.54
[rosout][INFO] 2025-04-03 14:32:40,258: Back Left Min: 1.46, Back Right Min: 0.54
[rosout][INFO] 2025-04-03 14:32:40,362: Back Left Min: 1.46, Back Right Min: 0.54
[rosout][INFO] 2025-04-03 14:32:40,458: Back Left Min: 1.46, Back Right Min: 0.54
[rosout][INFO] 2025-04-03 14:32:40,562: Back Left Min: 1.46, Back Right Min: 0.54
[rosout][INFO] 2025-04-03 14:32:40,659: Back Left Min: 1.46, Back Right Min: 0.54
[rosout][INFO] 2025-04-03 14:32:40,762: Back Left Min: 1.46, Back Right Min: 0.54
[rosout][INFO] 2025-04-03 14:32:40,859: Back Left Min: 1.46, Back Right Min: 0.54
[rosout][INFO] 2025-04-03 14:32:40,962: Back Left Min: 1.46, Back Right Min: 0.54
[rosout][INFO] 2025-04-03 14:32:41,059: Back Left Min: 1.46, Back Right Min: 0.54
[rosout][INFO] 2025-04-03 14:32:41,162: Back Left Min: 1.46, Back Right Min: 0.54
[rosout][INFO] 2025-04-03 14:32:41,259: Back Left Min: 1.46, Back Right Min: 0.54
[rosout][INFO] 2025-04-03 14:32:41,362: Back Left Min: 1.46, Back Right Min: 0.54
[rosout][INFO] 2025-04-03 14:32:41,459: Back Left Min: 1.46, Back Right Min: 0.54
[rosout][INFO] 2025-04-03 14:32:41,562: Back Left Min: 1.46, Back Right Min: 0.54
[rosout][INFO] 2025-04-03 14:32:41,659: Back Left Min: 1.46, Back Right Min: 0.54
[rosout][INFO] 2025-04-03 14:32:41,762: Back Left Min: 1.46, Back Right Min: 0.54
[rosout][INFO] 2025-04-03 14:32:41,859: Back Left Min: 1.46, Back Right Min: 0.54
[rosout][INFO] 2025-04-03 14:32:41,962: Back Left Min: 1.46, Back Right Min: 0.54
[rosout][INFO] 2025-04-03 14:32:42,059: Back Left Min: 1.46, Back Right Min: 0.54
[rosout][INFO] 2025-04-03 14:32:42,162: Back Left Min: 1.46, Back Right Min: 0.54
[rosout][INFO] 2025-04-03 14:32:42,259: Back Left Min: 1.46, Back Right Min: 0.54
[rosout][INFO] 2025-04-03 14:32:42,362: Back Left Min: 1.46, Back Right Min: 0.54
[rosout][INFO] 2025-04-03 14:32:42,459: Back Left Min: 1.46, Back Right Min: 0.54
[rosout][INFO] 2025-04-03 14:32:42,562: Back Left Min: 1.46, Back Right Min: 0.54
[rosout][INFO] 2025-04-03 14:32:42,659: Back Left Min: 1.46, Back Right Min: 0.54
[rosout][INFO] 2025-04-03 14:32:42,762: Back Left Min: 1.46, Back Right Min: 0.54
[rosout][INFO] 2025-04-03 14:32:42,859: Back Left Min: 1.46, Back Right Min: 0.54
[rosout][INFO] 2025-04-03 14:32:42,963: Back Left Min: 1.46, Back Right Min: 0.54
[rosout][INFO] 2025-04-03 14:32:43,059: Back Left Min: 1.46, Back Right Min: 0.54
[rosout][INFO] 2025-04-03 14:32:43,163: Back Left Min: 1.46, Back Right Min: 0.54
[rosout][INFO] 2025-04-03 14:32:43,260: Back Left Min: 1.46, Back Right Min: 0.54
[rosout][INFO] 2025-04-03 14:32:43,363: Back Left Min: 1.46, Back Right Min: 0.54
[rosout][INFO] 2025-04-03 14:32:43,460: Back Left Min: 1.46, Back Right Min: 0.54
[rosout][INFO] 2025-04-03 14:32:43,563: Back Left Min: 1.46, Back Right Min: 0.54
[rosout][INFO] 2025-04-03 14:32:43,660: Back Left Min: 1.46, Back Right Min: 0.54
[rosout][INFO] 2025-04-03 14:32:43,763: Back Left Min: 1.46, Back Right Min: 0.54
[rosout][INFO] 2025-04-03 14:32:43,860: Back Left Min: 1.46, Back Right Min: 0.54
[rosout][INFO] 2025-04-03 14:32:43,963: Back Left Min: 1.46, Back Right Min: 0.54
[rosout][INFO] 2025-04-03 14:32:44,060: Back Left Min: 1.46, Back Right Min: 0.54
[rosout][INFO] 2025-04-03 14:32:44,163: Back Left Min: 1.46, Back Right Min: 0.54
[rosout][INFO] 2025-04-03 14:32:44,260: Back Left Min: 1.46, Back Right Min: 0.54
[rosout][INFO] 2025-04-03 14:32:44,363: Back Left Min: 1.46, Back Right Min: 0.54
[rosout][INFO] 2025-04-03 14:32:44,460: Back Left Min: 1.46, Back Right Min: 0.54
[rosout][INFO] 2025-04-03 14:32:44,563: Back Left Min: 1.46, Back Right Min: 0.54
[rosout][INFO] 2025-04-03 14:32:44,660: Back Left Min: 1.46, Back Right Min: 0.54
[rosout][INFO] 2025-04-03 14:32:44,763: Back Left Min: 1.46, Back Right Min: 0.54
[rosout][INFO] 2025-04-03 14:32:44,860: Back Left Min: 1.46, Back Right Min: 0.54
[rosout][INFO] 2025-04-03 14:32:44,963: Back Left Min: 1.46, Back Right Min: 0.54
[rosout][INFO] 2025-04-03 14:32:45,060: Back Left Min: 1.46, Back Right Min: 0.54
[rosout][INFO] 2025-04-03 14:32:45,163: Back Left Min: 1.46, Back Right Min: 0.54
[rosout][INFO] 2025-04-03 14:32:45,260: Back Left Min: 1.46, Back Right Min: 0.54
[rosout][INFO] 2025-04-03 14:32:45,363: Back Left Min: 1.46, Back Right Min: 0.54
[rosout][INFO] 2025-04-03 14:32:45,460: Back Left Min: 1.46, Back Right Min: 0.54
[rosout][INFO] 2025-04-03 14:32:45,564: Back Left Min: 1.46, Back Right Min: 0.54
[rosout][INFO] 2025-04-03 14:32:45,661: Back Left Min: 1.46, Back Right Min: 0.54
[rosout][INFO] 2025-04-03 14:32:45,764: Back Left Min: 1.46, Back Right Min: 0.54
[rosout][INFO] 2025-04-03 14:32:45,861: Back Left Min: 1.46, Back Right Min: 0.54
[rosout][INFO] 2025-04-03 14:32:45,964: Back Left Min: 1.46, Back Right Min: 0.54
[rosout][INFO] 2025-04-03 14:32:46,061: Back Left Min: 1.46, Back Right Min: 0.54
[rosout][INFO] 2025-04-03 14:32:46,164: Back Left Min: 1.46, Back Right Min: 0.54
[rosout][INFO] 2025-04-03 14:32:46,261: Back Left Min: 1.46, Back Right Min: 0.54
[rosout][INFO] 2025-04-03 14:32:46,364: Back Left Min: 1.46, Back Right Min: 0.54
[rosout][INFO] 2025-04-03 14:32:46,461: Back Left Min: 1.46, Back Right Min: 0.54
[rosout][INFO] 2025-04-03 14:32:46,564: Back Left Min: 1.46, Back Right Min: 0.54
[rosout][INFO] 2025-04-03 14:32:46,661: Back Left Min: 1.46, Back Right Min: 0.54
[rosout][INFO] 2025-04-03 14:32:46,764: Back Left Min: 1.46, Back Right Min: 0.54
[rosout][INFO] 2025-04-03 14:32:46,861: Back Left Min: 1.46, Back Right Min: 0.54
[rosout][INFO] 2025-04-03 14:32:46,964: Back Left Min: 1.46, Back Right Min: 0.54
[rosout][INFO] 2025-04-03 14:32:47,061: Back Left Min: 1.46, Back Right Min: 0.54
[rosout][INFO] 2025-04-03 14:32:47,164: Back Left Min: 1.46, Back Right Min: 0.54
[rosout][INFO] 2025-04-03 14:32:47,261: Back Left Min: 1.46, Back Right Min: 0.54
[rosout][INFO] 2025-04-03 14:32:47,364: Back Left Min: 1.46, Back Right Min: 0.54
[rosout][INFO] 2025-04-03 14:32:47,461: Back Left Min: 1.46, Back Right Min: 0.54
[rosout][INFO] 2025-04-03 14:32:47,564: Back Left Min: 1.46, Back Right Min: 0.54
[rosout][INFO] 2025-04-03 14:32:47,661: Back Left Min: 1.46, Back Right Min: 0.54
[rosout][INFO] 2025-04-03 14:32:47,765: Back Left Min: 1.46, Back Right Min: 0.54
[rosout][INFO] 2025-04-03 14:32:47,861: Back Left Min: 1.46, Back Right Min: 0.54
[rosout][INFO] 2025-04-03 14:32:47,965: Back Left Min: 1.46, Back Right Min: 0.54
[rosout][INFO] 2025-04-03 14:32:48,062: Back Left Min: 1.46, Back Right Min: 0.54
[rosout][INFO] 2025-04-03 14:32:48,165: Back Left Min: 1.46, Back Right Min: 0.54
[rosout][INFO] 2025-04-03 14:32:48,262: Back Left Min: 1.46, Back Right Min: 0.54
[rosout][INFO] 2025-04-03 14:32:48,365: Back Left Min: 1.46, Back Right Min: 0.54
[rosout][INFO] 2025-04-03 14:32:48,462: Back Left Min: 1.46, Back Right Min: 0.54
[rosout][INFO] 2025-04-03 14:32:48,565: Back Left Min: 1.46, Back Right Min: 0.54
[rosout][INFO] 2025-04-03 14:32:48,662: Back Left Min: 1.46, Back Right Min: 0.54
[rosout][INFO] 2025-04-03 14:32:48,765: Back Left Min: 1.46, Back Right Min: 0.54
[rosout][INFO] 2025-04-03 14:32:48,862: Back Left Min: 1.46, Back Right Min: 0.54
[rosout][INFO] 2025-04-03 14:32:48,965: Back Left Min: 1.46, Back Right Min: 0.54
[rosout][INFO] 2025-04-03 14:32:49,062: Back Left Min: 1.46, Back Right Min: 0.54
[rosout][INFO] 2025-04-03 14:32:49,165: Back Left Min: 1.46, Back Right Min: 0.54
[rosout][INFO] 2025-04-03 14:32:49,262: Back Left Min: 1.46, Back Right Min: 0.54
[rosout][INFO] 2025-04-03 14:32:49,365: Back Left Min: 1.46, Back Right Min: 0.54
[rosout][INFO] 2025-04-03 14:32:49,462: Back Left Min: 1.46, Back Right Min: 0.54
[rosout][INFO] 2025-04-03 14:32:49,565: Back Left Min: 1.46, Back Right Min: 0.54
[rosout][INFO] 2025-04-03 14:32:49,662: Back Left Min: 1.46, Back Right Min: 0.54
[rosout][INFO] 2025-04-03 14:32:49,765: Back Left Min: 1.46, Back Right Min: 0.54
[rosout][INFO] 2025-04-03 14:32:49,862: Back Left Min: 1.46, Back Right Min: 0.54
[rosout][INFO] 2025-04-03 14:32:49,965: Back Left Min: 1.46, Back Right Min: 0.54
[rosout][INFO] 2025-04-03 14:32:50,062: Back Left Min: 1.46, Back Right Min: 0.54
[rosout][INFO] 2025-04-03 14:32:50,165: Back Left Min: 1.46, Back Right Min: 0.54
[rosout][INFO] 2025-04-03 14:32:50,262: Back Left Min: 1.46, Back Right Min: 0.54
[rosout][INFO] 2025-04-03 14:32:50,366: Back Left Min: 1.46, Back Right Min: 0.54
[rosout][INFO] 2025-04-03 14:32:50,462: Back Left Min: 1.46, Back Right Min: 0.54
[rosout][INFO] 2025-04-03 14:32:50,566: Back Left Min: 1.46, Back Right Min: 0.54
[rosout][INFO] 2025-04-03 14:32:50,663: Back Left Min: 1.46, Back Right Min: 0.54
[rosout][INFO] 2025-04-03 14:32:50,766: Back Left Min: 1.46, Back Right Min: 0.54
[rosout][INFO] 2025-04-03 14:32:50,863: Back Left Min: 1.46, Back Right Min: 0.54
[rosout][INFO] 2025-04-03 14:32:50,966: Back Left Min: 1.46, Back Right Min: 0.54
[rosout][INFO] 2025-04-03 14:32:51,063: Back Left Min: 1.46, Back Right Min: 0.54
[rosout][INFO] 2025-04-03 14:32:51,166: Back Left Min: 1.46, Back Right Min: 0.54
[rosout][INFO] 2025-04-03 14:32:51,263: Back Left Min: 1.46, Back Right Min: 0.54
[rosout][INFO] 2025-04-03 14:32:51,366: Back Left Min: 1.46, Back Right Min: 0.54
[rosout][INFO] 2025-04-03 14:32:51,463: Back Left Min: 1.46, Back Right Min: 0.54
[rosout][INFO] 2025-04-03 14:32:51,566: Back Left Min: 1.46, Back Right Min: 0.54
[rosout][INFO] 2025-04-03 14:32:51,663: Back Left Min: 1.46, Back Right Min: 0.54
[rosout][INFO] 2025-04-03 14:32:51,766: Back Left Min: 1.46, Back Right Min: 0.54
[rosout][INFO] 2025-04-03 14:32:51,863: Back Left Min: 1.46, Back Right Min: 0.54
[rosout][INFO] 2025-04-03 14:32:51,966: Back Left Min: 1.46, Back Right Min: 0.54
[rosout][INFO] 2025-04-03 14:32:52,063: Back Left Min: 1.46, Back Right Min: 0.54
[rosout][INFO] 2025-04-03 14:32:52,166: Back Left Min: 1.46, Back Right Min: 0.54
[rosout][INFO] 2025-04-03 14:32:52,263: Back Left Min: 1.46, Back Right Min: 0.54
[rosout][INFO] 2025-04-03 14:32:52,366: Back Left Min: 1.46, Back Right Min: 0.54
[rosout][INFO] 2025-04-03 14:32:52,463: Back Left Min: 1.46, Back Right Min: 0.54
[rosout][INFO] 2025-04-03 14:32:52,567: Back Left Min: 1.46, Back Right Min: 0.54
[rosout][INFO] 2025-04-03 14:32:52,663: Back Left Min: 1.46, Back Right Min: 0.54
[rosout][INFO] 2025-04-03 14:32:52,767: Back Left Min: 1.46, Back Right Min: 0.54
[rosout][INFO] 2025-04-03 14:32:52,863: Back Left Min: 1.46, Back Right Min: 0.54
[rosout][INFO] 2025-04-03 14:32:52,967: Back Left Min: 1.46, Back Right Min: 0.54
[rosout][INFO] 2025-04-03 14:32:53,063: Back Left Min: 1.46, Back Right Min: 0.54
[rosout][INFO] 2025-04-03 14:32:53,167: Back Left Min: 1.46, Back Right Min: 0.54
[rosout][INFO] 2025-04-03 14:32:53,263: Back Left Min: 1.46, Back Right Min: 0.54
[rosout][INFO] 2025-04-03 14:32:53,367: Back Left Min: 1.46, Back Right Min: 0.54
[rosout][INFO] 2025-04-03 14:32:53,463: Back Left Min: 1.46, Back Right Min: 0.54
[rosout][INFO] 2025-04-03 14:32:53,567: Back Left Min: 1.46, Back Right Min: 0.54
[rosout][INFO] 2025-04-03 14:32:53,663: Back Left Min: 1.46, Back Right Min: 0.54
[rosout][INFO] 2025-04-03 14:32:53,767: Back Left Min: 1.46, Back Right Min: 0.54
[rosout][INFO] 2025-04-03 14:32:53,863: Back Left Min: 1.46, Back Right Min: 0.54
[rosout][INFO] 2025-04-03 14:32:53,967: Back Left Min: 1.46, Back Right Min: 0.54
[rosout][INFO] 2025-04-03 14:32:54,063: Back Left Min: 1.46, Back Right Min: 0.54
[rosout][INFO] 2025-04-03 14:32:54,167: Back Left Min: 1.46, Back Right Min: 0.54
[rosout][INFO] 2025-04-03 14:32:54,263: Back Left Min: 1.46, Back Right Min: 0.54
[rosout][INFO] 2025-04-03 14:32:54,367: Back Left Min: 1.46, Back Right Min: 0.54
[rosout][INFO] 2025-04-03 14:32:54,463: Back Left Min: 1.46, Back Right Min: 0.54
[rosout][INFO] 2025-04-03 14:32:54,567: Back Left Min: 1.46, Back Right Min: 0.54
[rosout][INFO] 2025-04-03 14:32:54,663: Back Left Min: 1.46, Back Right Min: 0.54
[rosout][INFO] 2025-04-03 14:32:54,766: Back Left Min: 1.46, Back Right Min: 0.54
[rosout][INFO] 2025-04-03 14:32:54,863: Back Left Min: 1.46, Back Right Min: 0.54
[rosout][INFO] 2025-04-03 14:32:54,966: Back Left Min: 1.46, Back Right Min: 0.54
[rosout][INFO] 2025-04-03 14:32:55,063: Back Left Min: 1.46, Back Right Min: 0.54
[rosout][INFO] 2025-04-03 14:32:55,166: Back Left Min: 1.46, Back Right Min: 0.54
[rosout][INFO] 2025-04-03 14:32:55,263: Back Left Min: 1.46, Back Right Min: 0.54
[rosout][INFO] 2025-04-03 14:32:55,366: Back Left Min: 1.46, Back Right Min: 0.54
[rosout][INFO] 2025-04-03 14:32:55,463: Back Left Min: 1.46, Back Right Min: 0.54
[rosout][INFO] 2025-04-03 14:32:55,566: Back Left Min: 1.46, Back Right Min: 0.54
[rosout][INFO] 2025-04-03 14:32:55,663: Back Left Min: 1.46, Back Right Min: 0.54
[rosout][INFO] 2025-04-03 14:32:55,766: Back Left Min: 1.46, Back Right Min: 0.54
[rosout][INFO] 2025-04-03 14:32:55,863: Back Left Min: 1.46, Back Right Min: 0.54
[rosout][INFO] 2025-04-03 14:32:55,966: Back Left Min: 1.46, Back Right Min: 0.54
[rosout][INFO] 2025-04-03 14:32:56,063: Back Left Min: 1.46, Back Right Min: 0.54
[rosout][INFO] 2025-04-03 14:32:56,166: Back Left Min: 1.46, Back Right Min: 0.54
[rosout][INFO] 2025-04-03 14:32:56,263: Back Left Min: 1.46, Back Right Min: 0.54
[rosout][INFO] 2025-04-03 14:32:56,366: Back Left Min: 1.46, Back Right Min: 0.54
[rosout][INFO] 2025-04-03 14:32:56,463: Back Left Min: 1.46, Back Right Min: 0.54
[rosout][INFO] 2025-04-03 14:32:56,566: Back Left Min: 1.46, Back Right Min: 0.54
[rosout][INFO] 2025-04-03 14:32:56,663: Back Left Min: 1.46, Back Right Min: 0.54
[rosout][INFO] 2025-04-03 14:32:56,766: Back Left Min: 1.46, Back Right Min: 0.54
[rosout][INFO] 2025-04-03 14:32:56,863: Back Left Min: 1.46, Back Right Min: 0.54
[rosout][INFO] 2025-04-03 14:32:56,966: Back Left Min: 1.46, Back Right Min: 0.54
[rosout][INFO] 2025-04-03 14:32:57,063: Back Left Min: 1.46, Back Right Min: 0.54
[rosout][INFO] 2025-04-03 14:32:57,166: Back Left Min: 1.46, Back Right Min: 0.54
[rosout][INFO] 2025-04-03 14:32:57,263: Back Left Min: 1.46, Back Right Min: 0.54
[rosout][INFO] 2025-04-03 14:32:57,366: Back Left Min: 1.46, Back Right Min: 0.54
[rosout][INFO] 2025-04-03 14:32:57,463: Back Left Min: 1.46, Back Right Min: 0.54
[rosout][INFO] 2025-04-03 14:32:57,566: Back Left Min: 1.46, Back Right Min: 0.54
[rosout][INFO] 2025-04-03 14:32:57,663: Back Left Min: 1.46, Back Right Min: 0.54
[rosout][INFO] 2025-04-03 14:32:57,766: Back Left Min: 1.46, Back Right Min: 0.54
[rosout][INFO] 2025-04-03 14:32:57,863: Back Left Min: 1.46, Back Right Min: 0.54
[rosout][INFO] 2025-04-03 14:32:57,966: Back Left Min: 1.46, Back Right Min: 0.54
[rosout][INFO] 2025-04-03 14:32:58,063: Back Left Min: 1.46, Back Right Min: 0.54
[rosout][INFO] 2025-04-03 14:32:58,166: Back Left Min: 1.46, Back Right Min: 0.54
[rosout][INFO] 2025-04-03 14:32:58,263: Back Left Min: 1.46, Back Right Min: 0.54
[rosout][INFO] 2025-04-03 14:32:58,366: Back Left Min: 1.46, Back Right Min: 0.54
[rosout][INFO] 2025-04-03 14:32:58,463: Back Left Min: 1.46, Back Right Min: 0.54
[rosout][INFO] 2025-04-03 14:32:58,566: Back Left Min: 1.46, Back Right Min: 0.54
[rosout][INFO] 2025-04-03 14:32:58,663: Back Left Min: 1.46, Back Right Min: 0.54
[rosout][INFO] 2025-04-03 14:32:58,766: Back Left Min: 1.46, Back Right Min: 0.54
[rosout][INFO] 2025-04-03 14:32:58,863: Back Left Min: 1.46, Back Right Min: 0.54
[rosout][INFO] 2025-04-03 14:32:58,966: Back Left Min: 1.46, Back Right Min: 0.54
[rosout][INFO] 2025-04-03 14:32:59,063: Back Left Min: 1.46, Back Right Min: 0.54
[rosout][INFO] 2025-04-03 14:32:59,166: Back Left Min: 1.46, Back Right Min: 0.54
[rosout][INFO] 2025-04-03 14:32:59,263: Back Left Min: 1.46, Back Right Min: 0.54
[rosout][INFO] 2025-04-03 14:32:59,366: Back Left Min: 1.46, Back Right Min: 0.54
[rosout][INFO] 2025-04-03 14:32:59,463: Back Left Min: 1.46, Back Right Min: 0.54
[rosout][INFO] 2025-04-03 14:32:59,566: Back Left Min: 1.46, Back Right Min: 0.54
[rosout][INFO] 2025-04-03 14:32:59,663: Back Left Min: 1.46, Back Right Min: 0.54
[rosout][INFO] 2025-04-03 14:32:59,766: Back Left Min: 1.46, Back Right Min: 0.54
[rosout][INFO] 2025-04-03 14:32:59,863: Back Left Min: 1.46, Back Right Min: 0.54
[rosout][INFO] 2025-04-03 14:32:59,966: Back Left Min: 1.46, Back Right Min: 0.54
[rosout][INFO] 2025-04-03 14:33:00,063: Back Left Min: 1.46, Back Right Min: 0.54
[rosout][INFO] 2025-04-03 14:33:00,166: Back Left Min: 1.46, Back Right Min: 0.54
[rosout][INFO] 2025-04-03 14:33:00,263: Back Left Min: 1.46, Back Right Min: 0.54
[rosout][INFO] 2025-04-03 14:33:00,366: Back Left Min: 1.46, Back Right Min: 0.54
[rosout][INFO] 2025-04-03 14:33:00,463: Back Left Min: 1.46, Back Right Min: 0.54
[rosout][INFO] 2025-04-03 14:33:00,566: Back Left Min: 1.46, Back Right Min: 0.54
[rosout][INFO] 2025-04-03 14:33:00,663: Back Left Min: 1.46, Back Right Min: 0.54
[rosout][INFO] 2025-04-03 14:33:00,766: Back Left Min: 1.46, Back Right Min: 0.54
[rosout][INFO] 2025-04-03 14:33:00,863: Back Left Min: 1.46, Back Right Min: 0.54
[rosout][INFO] 2025-04-03 14:33:00,966: Back Left Min: 1.46, Back Right Min: 0.54
[rosout][INFO] 2025-04-03 14:33:01,063: Back Left Min: 1.46, Back Right Min: 0.54
[rosout][INFO] 2025-04-03 14:33:01,166: Back Left Min: 1.46, Back Right Min: 0.54
[rosout][INFO] 2025-04-03 14:33:01,263: Back Left Min: 1.46, Back Right Min: 0.54
[rosout][INFO] 2025-04-03 14:33:01,366: Back Left Min: 1.46, Back Right Min: 0.54
[rosout][INFO] 2025-04-03 14:33:01,463: Back Left Min: 1.46, Back Right Min: 0.54
[rosout][INFO] 2025-04-03 14:33:01,566: Back Left Min: 1.46, Back Right Min: 0.54
[rosout][INFO] 2025-04-03 14:33:01,663: Back Left Min: 1.46, Back Right Min: 0.54
[rosout][INFO] 2025-04-03 14:33:01,766: Back Left Min: 1.46, Back Right Min: 0.54
[rosout][INFO] 2025-04-03 14:33:01,863: Back Left Min: 1.46, Back Right Min: 0.54
[rosout][INFO] 2025-04-03 14:33:01,966: Back Left Min: 1.46, Back Right Min: 0.54
[rosout][INFO] 2025-04-03 14:33:02,063: Back Left Min: 1.46, Back Right Min: 0.54
[rosout][INFO] 2025-04-03 14:33:02,166: Back Left Min: 1.46, Back Right Min: 0.54
[rosout][INFO] 2025-04-03 14:33:02,263: Back Left Min: 1.46, Back Right Min: 0.54
[rosout][INFO] 2025-04-03 14:33:02,366: Back Left Min: 1.46, Back Right Min: 0.54
[rosout][INFO] 2025-04-03 14:33:02,463: Back Left Min: 1.46, Back Right Min: 0.54
[rosout][INFO] 2025-04-03 14:33:02,566: Back Left Min: 1.46, Back Right Min: 0.54
[rosout][INFO] 2025-04-03 14:33:02,663: Back Left Min: 1.46, Back Right Min: 0.54
[rosout][INFO] 2025-04-03 14:33:02,766: Back Left Min: 1.46, Back Right Min: 0.54
[rosout][INFO] 2025-04-03 14:33:02,863: Back Left Min: 1.46, Back Right Min: 0.54
[rosout][INFO] 2025-04-03 14:33:02,966: Back Left Min: 1.46, Back Right Min: 0.54
[rosout][INFO] 2025-04-03 14:33:03,063: Back Left Min: 1.46, Back Right Min: 0.54
[rosout][INFO] 2025-04-03 14:33:03,166: Back Left Min: 1.46, Back Right Min: 0.54
[rosout][INFO] 2025-04-03 14:33:03,262: Back Left Min: 1.46, Back Right Min: 0.54
[rosout][INFO] 2025-04-03 14:33:03,366: Back Left Min: 1.46, Back Right Min: 0.54
[rosout][INFO] 2025-04-03 14:33:03,462: Back Left Min: 1.46, Back Right Min: 0.54
[rosout][INFO] 2025-04-03 14:33:03,566: Back Left Min: 1.46, Back Right Min: 0.54
[rosout][INFO] 2025-04-03 14:33:03,662: Back Left Min: 1.46, Back Right Min: 0.54
[rosout][INFO] 2025-04-03 14:33:03,766: Back Left Min: 1.46, Back Right Min: 0.54
[rosout][INFO] 2025-04-03 14:33:03,862: Back Left Min: 1.46, Back Right Min: 0.54
[rosout][INFO] 2025-04-03 14:33:03,966: Back Left Min: 1.46, Back Right Min: 0.54
[rosout][INFO] 2025-04-03 14:33:04,062: Back Left Min: 1.46, Back Right Min: 0.54
[rosout][INFO] 2025-04-03 14:33:04,165: Back Left Min: 1.46, Back Right Min: 0.54
[rosout][INFO] 2025-04-03 14:33:04,263: Back Left Min: 1.46, Back Right Min: 0.54
[rosout][INFO] 2025-04-03 14:33:04,366: Back Left Min: 1.46, Back Right Min: 0.54
[rosout][INFO] 2025-04-03 14:33:04,462: Back Left Min: 1.46, Back Right Min: 0.54
[rosout][INFO] 2025-04-03 14:33:04,566: Back Left Min: 1.46, Back Right Min: 0.54
[rosout][INFO] 2025-04-03 14:33:04,663: Back Left Min: 1.46, Back Right Min: 0.54
[rosout][INFO] 2025-04-03 14:33:04,766: Back Left Min: 1.46, Back Right Min: 0.54
[rosout][INFO] 2025-04-03 14:33:04,862: Back Left Min: 1.46, Back Right Min: 0.54
[rosout][INFO] 2025-04-03 14:33:04,965: Back Left Min: 1.46, Back Right Min: 0.54
[rosout][INFO] 2025-04-03 14:33:05,062: Back Left Min: 1.46, Back Right Min: 0.54
[rosout][INFO] 2025-04-03 14:33:05,165: Back Left Min: 1.46, Back Right Min: 0.54
[rosout][INFO] 2025-04-03 14:33:05,262: Back Left Min: 1.46, Back Right Min: 0.54
[rosout][INFO] 2025-04-03 14:33:05,365: Back Left Min: 1.46, Back Right Min: 0.54
[rosout][INFO] 2025-04-03 14:33:05,462: Back Left Min: 1.46, Back Right Min: 0.54
[rosout][INFO] 2025-04-03 14:33:05,565: Back Left Min: 1.46, Back Right Min: 0.54
[rosout][INFO] 2025-04-03 14:33:05,662: Back Left Min: 1.46, Back Right Min: 0.54
[rosout][INFO] 2025-04-03 14:33:05,765: Back Left Min: 1.46, Back Right Min: 0.54
[rosout][INFO] 2025-04-03 14:33:05,862: Back Left Min: 1.46, Back Right Min: 0.54
[rosout][INFO] 2025-04-03 14:33:05,965: Back Left Min: 1.46, Back Right Min: 0.54
[rosout][INFO] 2025-04-03 14:33:06,062: Back Left Min: 1.46, Back Right Min: 0.54
[rosout][INFO] 2025-04-03 14:33:06,165: Back Left Min: 1.46, Back Right Min: 0.54
[rosout][INFO] 2025-04-03 14:33:06,262: Back Left Min: 1.46, Back Right Min: 0.54
[rosout][INFO] 2025-04-03 14:33:06,365: Back Left Min: 1.46, Back Right Min: 0.54
[rosout][INFO] 2025-04-03 14:33:06,462: Back Left Min: 1.46, Back Right Min: 0.54
[rosout][INFO] 2025-04-03 14:33:06,565: Back Left Min: 1.46, Back Right Min: 0.54
[rosout][INFO] 2025-04-03 14:33:06,662: Back Left Min: 1.46, Back Right Min: 0.54
[rosout][INFO] 2025-04-03 14:33:06,765: Back Left Min: 1.46, Back Right Min: 0.54
[rosout][INFO] 2025-04-03 14:33:06,862: Back Left Min: 1.46, Back Right Min: 0.54
[rosout][INFO] 2025-04-03 14:33:06,965: Back Left Min: 1.46, Back Right Min: 0.54
[rosout][INFO] 2025-04-03 14:33:07,062: Back Left Min: 1.46, Back Right Min: 0.54
[rosout][INFO] 2025-04-03 14:33:07,165: Back Left Min: 1.46, Back Right Min: 0.54
[rosout][INFO] 2025-04-03 14:33:07,262: Back Left Min: 1.46, Back Right Min: 0.54
[rosout][INFO] 2025-04-03 14:33:07,365: Back Left Min: 1.46, Back Right Min: 0.54
[rosout][INFO] 2025-04-03 14:33:07,462: Back Left Min: 1.46, Back Right Min: 0.54
[rosout][INFO] 2025-04-03 14:33:07,565: Back Left Min: 1.46, Back Right Min: 0.54
[rosout][INFO] 2025-04-03 14:33:07,662: Back Left Min: 1.46, Back Right Min: 0.54
[rosout][INFO] 2025-04-03 14:33:07,765: Back Left Min: 1.46, Back Right Min: 0.54
[rosout][INFO] 2025-04-03 14:33:07,862: Back Left Min: 1.46, Back Right Min: 0.54
[rosout][INFO] 2025-04-03 14:33:07,965: Back Left Min: 1.46, Back Right Min: 0.54
[rosout][INFO] 2025-04-03 14:33:08,062: Back Left Min: 1.46, Back Right Min: 0.54
[rosout][INFO] 2025-04-03 14:33:08,165: Back Left Min: 1.46, Back Right Min: 0.54
[rosout][INFO] 2025-04-03 14:33:08,262: Back Left Min: 1.46, Back Right Min: 0.54
[rosout][INFO] 2025-04-03 14:33:08,365: Back Left Min: 1.46, Back Right Min: 0.54
[rosout][INFO] 2025-04-03 14:33:08,462: Back Left Min: 1.46, Back Right Min: 0.54
[rosout][INFO] 2025-04-03 14:33:08,565: Back Left Min: 1.46, Back Right Min: 0.54
[rosout][INFO] 2025-04-03 14:33:08,662: Back Left Min: 1.46, Back Right Min: 0.54
[rosout][INFO] 2025-04-03 14:33:08,765: Back Left Min: 1.46, Back Right Min: 0.54
[rosout][INFO] 2025-04-03 14:33:08,862: Back Left Min: 1.46, Back Right Min: 0.54
[rosout][INFO] 2025-04-03 14:33:08,965: Back Left Min: 1.46, Back Right Min: 0.54
[rosout][INFO] 2025-04-03 14:33:09,062: Back Left Min: 1.46, Back Right Min: 0.54
[rosout][INFO] 2025-04-03 14:33:09,165: Back Left Min: 1.46, Back Right Min: 0.54
[rosout][INFO] 2025-04-03 14:33:09,262: Back Left Min: 1.46, Back Right Min: 0.54
[rosout][INFO] 2025-04-03 14:33:09,365: Back Left Min: 1.46, Back Right Min: 0.54
[rosout][INFO] 2025-04-03 14:33:09,462: Back Left Min: 1.46, Back Right Min: 0.54
[rosout][INFO] 2025-04-03 14:33:09,565: Back Left Min: 1.46, Back Right Min: 0.54
[rosout][INFO] 2025-04-03 14:33:09,662: Back Left Min: 1.46, Back Right Min: 0.54
[rosout][INFO] 2025-04-03 14:33:09,765: Back Left Min: 1.46, Back Right Min: 0.54
[rosout][INFO] 2025-04-03 14:33:09,862: Back Left Min: 1.46, Back Right Min: 0.54
[rosout][INFO] 2025-04-03 14:33:09,965: Back Left Min: 1.46, Back Right Min: 0.54
[rosout][INFO] 2025-04-03 14:33:10,062: Back Left Min: 1.46, Back Right Min: 0.54
[rosout][INFO] 2025-04-03 14:33:10,165: Back Left Min: 1.46, Back Right Min: 0.54
[rosout][INFO] 2025-04-03 14:33:10,262: Back Left Min: 1.46, Back Right Min: 0.54
[rosout][INFO] 2025-04-03 14:33:10,365: Back Left Min: 1.46, Back Right Min: 0.54
[rosout][INFO] 2025-04-03 14:33:10,462: Back Left Min: 1.46, Back Right Min: 0.54
[rosout][INFO] 2025-04-03 14:33:10,565: Back Left Min: 1.46, Back Right Min: 0.54
[rosout][INFO] 2025-04-03 14:33:10,662: Back Left Min: 1.46, Back Right Min: 0.54
[rosout][INFO] 2025-04-03 14:33:10,765: Back Left Min: 1.46, Back Right Min: 0.54
[rosout][INFO] 2025-04-03 14:33:10,862: Back Left Min: 1.46, Back Right Min: 0.54
[rosout][INFO] 2025-04-03 14:33:10,965: Back Left Min: 0.68, Back Right Min: 0.54
[rosout][INFO] 2025-04-03 14:33:11,062: Back Left Min: 0.68, Back Right Min: 0.54
[rosout][INFO] 2025-04-03 14:33:11,165: Back Left Min: 0.68, Back Right Min: 0.54
[rosout][INFO] 2025-04-03 14:33:11,262: Back Left Min: 0.55, Back Right Min: 0.54
[rosout][INFO] 2025-04-03 14:33:11,365: Back Left Min: 0.55, Back Right Min: 0.54
[rosout][INFO] 2025-04-03 14:33:11,462: Back Left Min: 0.55, Back Right Min: 0.54
[rosout][INFO] 2025-04-03 14:33:11,565: Back Left Min: 0.66, Back Right Min: 0.54
[rosout][INFO] 2025-04-03 14:33:11,662: Back Left Min: 0.66, Back Right Min: 0.54
[rosout][INFO] 2025-04-03 14:33:11,765: Back Left Min: 0.83, Back Right Min: 0.54
[rosout][INFO] 2025-04-03 14:33:11,862: Back Left Min: 0.83, Back Right Min: 0.54
[rosout][INFO] 2025-04-03 14:33:11,965: Back Left Min: 0.87, Back Right Min: 0.54
[rosout][INFO] 2025-04-03 14:33:12,062: Back Left Min: 0.87, Back Right Min: 0.54
[rosout][INFO] 2025-04-03 14:33:12,165: Back Left Min: 0.96, Back Right Min: 0.54
[rosout][INFO] 2025-04-03 14:33:12,262: Back Left Min: 0.96, Back Right Min: 0.54
[rosout][INFO] 2025-04-03 14:33:12,365: Back Left Min: 0.96, Back Right Min: 0.54
[rosout][INFO] 2025-04-03 14:33:12,462: Back Left Min: 1.05, Back Right Min: 0.54
[rosout][INFO] 2025-04-03 14:33:12,565: Back Left Min: 1.05, Back Right Min: 0.54
[rosout][INFO] 2025-04-03 14:33:12,661: Back Left Min: 1.05, Back Right Min: 0.54
[rosout][INFO] 2025-04-03 14:33:12,765: Back Left Min: 1.13, Back Right Min: 0.54
[rosout][INFO] 2025-04-03 14:33:12,861: Back Left Min: 1.13, Back Right Min: 0.54
[rosout][INFO] 2025-04-03 14:33:12,965: Back Left Min: 1.17, Back Right Min: 0.54
[rosout][INFO] 2025-04-03 14:33:13,061: Back Left Min: 1.17, Back Right Min: 0.54
[rosout][INFO] 2025-04-03 14:33:13,165: Back Left Min: 1.17, Back Right Min: 0.54
[rosout][INFO] 2025-04-03 14:33:13,262: Back Left Min: 1.17, Back Right Min: 0.54
[rosout][INFO] 2025-04-03 14:33:13,365: Back Left Min: 1.17, Back Right Min: 0.54
[rosout][INFO] 2025-04-03 14:33:13,461: Back Left Min: 1.17, Back Right Min: 0.54
[rosout][INFO] 2025-04-03 14:33:13,565: Back Left Min: 1.17, Back Right Min: 0.54
[rosout][INFO] 2025-04-03 14:33:13,662: Back Left Min: 1.17, Back Right Min: 0.54
[rosout][INFO] 2025-04-03 14:33:13,765: Back Left Min: 1.17, Back Right Min: 0.54
[rosout][INFO] 2025-04-03 14:33:13,861: Back Left Min: 1.17, Back Right Min: 0.54
[rosout][INFO] 2025-04-03 14:33:13,965: Back Left Min: 1.17, Back Right Min: 0.54
[rosout][INFO] 2025-04-03 14:33:14,061: Back Left Min: 1.17, Back Right Min: 0.54
[rosout][INFO] 2025-04-03 14:33:14,165: Back Left Min: 1.17, Back Right Min: 0.54
[rosout][INFO] 2025-04-03 14:33:14,261: Back Left Min: 1.17, Back Right Min: 0.54
[rosout][INFO] 2025-04-03 14:33:14,364: Back Left Min: 1.17, Back Right Min: 0.54
[rosout][INFO] 2025-04-03 14:33:14,461: Back Left Min: 1.17, Back Right Min: 0.54
[rosout][INFO] 2025-04-03 14:33:14,564: Back Left Min: 1.17, Back Right Min: 0.54
[rosout][INFO] 2025-04-03 14:33:14,661: Back Left Min: 1.17, Back Right Min: 0.54
[rosout][INFO] 2025-04-03 14:33:14,764: Back Left Min: 1.17, Back Right Min: 0.54
[rosout][INFO] 2025-04-03 14:33:14,862: Back Left Min: 1.17, Back Right Min: 0.54
[rosout][INFO] 2025-04-03 14:33:14,964: Back Left Min: 1.17, Back Right Min: 0.54
[rosout][INFO] 2025-04-03 14:33:15,062: Back Left Min: 1.17, Back Right Min: 0.54
[rosout][INFO] 2025-04-03 14:33:15,164: Back Left Min: 1.17, Back Right Min: 0.54
[rosout][INFO] 2025-04-03 14:33:15,261: Back Left Min: 1.17, Back Right Min: 0.54
[rosout][INFO] 2025-04-03 14:33:15,365: Back Left Min: 1.17, Back Right Min: 0.54
[rosout][INFO] 2025-04-03 14:33:15,461: Back Left Min: 1.17, Back Right Min: 0.54
[rosout][INFO] 2025-04-03 14:33:15,565: Back Left Min: 1.17, Back Right Min: 0.54
[rosout][INFO] 2025-04-03 14:33:15,661: Back Left Min: 1.17, Back Right Min: 0.54
[rosout][INFO] 2025-04-03 14:33:15,764: Back Left Min: 0.99, Back Right Min: 0.54
[rosout][INFO] 2025-04-03 14:33:15,861: Back Left Min: 0.99, Back Right Min: 0.54
[rosout][INFO] 2025-04-03 14:33:15,964: Back Left Min: 0.99, Back Right Min: 0.54
[rosout][INFO] 2025-04-03 14:33:16,061: Back Left Min: 0.71, Back Right Min: 0.55
[rosout][INFO] 2025-04-03 14:33:16,165: Back Left Min: 0.71, Back Right Min: 0.55
[rosout][INFO] 2025-04-03 14:33:16,261: Back Left Min: 0.71, Back Right Min: 0.55
[rosout][INFO] 2025-04-03 14:33:16,364: Back Left Min: 1.18, Back Right Min: 0.60
[rosout][INFO] 2025-04-03 14:33:16,461: Back Left Min: 1.18, Back Right Min: 0.60
[rosout][INFO] 2025-04-03 14:33:16,564: Back Left Min: 1.18, Back Right Min: 0.60
[rosout][INFO] 2025-04-03 14:33:16,662: Back Left Min: 1.19, Back Right Min: 0.63
[rosout][INFO] 2025-04-03 14:33:16,764: Back Left Min: 1.18, Back Right Min: 0.63
[rosout][INFO] 2025-04-03 14:33:16,861: Back Left Min: 1.18, Back Right Min: 0.63
[rosout][INFO] 2025-04-03 14:33:16,964: Back Left Min: 1.18, Back Right Min: 0.68
[rosout][INFO] 2025-04-03 14:33:17,061: Back Left Min: 1.18, Back Right Min: 0.68
[rosout][INFO] 2025-04-03 14:33:17,164: Back Left Min: 1.18, Back Right Min: 0.90
[rosout][INFO] 2025-04-03 14:33:17,261: Back Left Min: 1.17, Back Right Min: 0.65
[rosout][INFO] 2025-04-03 14:33:17,365: Back Left Min: 1.17, Back Right Min: 0.65
[rosout][INFO] 2025-04-03 14:33:17,461: Back Left Min: 1.17, Back Right Min: 0.65
[rosout][INFO] 2025-04-03 14:33:17,564: Back Left Min: 1.17, Back Right Min: 0.62
[rosout][INFO] 2025-04-03 14:33:17,661: Back Left Min: 1.17, Back Right Min: 0.62
[rosout][INFO] 2025-04-03 14:33:17,765: Back Left Min: 1.17, Back Right Min: 0.62
[rosout][INFO] 2025-04-03 14:33:17,861: Back Left Min: 1.17, Back Right Min: 0.62
[rosout][INFO] 2025-04-03 14:33:17,964: Back Left Min: 1.17, Back Right Min: 0.62
[rosout][INFO] 2025-04-03 14:33:18,061: Back Left Min: 1.17, Back Right Min: 0.92
[rosout][INFO] 2025-04-03 14:33:18,164: Back Left Min: 1.17, Back Right Min: 0.89
[rosout][INFO] 2025-04-03 14:33:18,261: Back Left Min: 1.17, Back Right Min: 0.89
[rosout][INFO] 2025-04-03 14:33:18,364: Back Left Min: 1.17, Back Right Min: 0.62
[rosout][INFO] 2025-04-03 14:33:18,462: Back Left Min: 1.17, Back Right Min: 0.62
[rosout][INFO] 2025-04-03 14:33:18,564: Back Left Min: 0.90, Back Right Min: 0.62
[rosout][INFO] 2025-04-03 14:33:18,661: Back Left Min: 0.90, Back Right Min: 0.89
[rosout][INFO] 2025-04-03 14:33:18,764: Back Left Min: 1.17, Back Right Min: 0.68
[rosout][INFO] 2025-04-03 14:33:18,861: Back Left Min: 1.17, Back Right Min: 0.60
[rosout][INFO] 2025-04-03 14:33:18,964: Back Left Min: 1.17, Back Right Min: 0.60
[rosout][INFO] 2025-04-03 14:33:19,061: Back Left Min: 1.17, Back Right Min: 0.60
[rosout][INFO] 2025-04-03 14:33:19,164: Back Left Min: 1.17, Back Right Min: 0.62
[rosout][INFO] 2025-04-03 14:33:19,261: Back Left Min: 1.17, Back Right Min: 0.62
[rosout][INFO] 2025-04-03 14:33:19,364: Back Left Min: 1.17, Back Right Min: 0.62
[rosout][INFO] 2025-04-03 14:33:19,461: Back Left Min: 1.17, Back Right Min: 0.62
[rosout][INFO] 2025-04-03 14:33:19,564: Back Left Min: 1.17, Back Right Min: 0.62
[rosout][INFO] 2025-04-03 14:33:19,661: Back Left Min: 1.17, Back Right Min: 0.62
[rosout][INFO] 2025-04-03 14:33:19,764: Back Left Min: 1.16, Back Right Min: 0.62
[rosout][INFO] 2025-04-03 14:33:19,861: Back Left Min: 1.16, Back Right Min: 0.62
[rosout][INFO] 2025-04-03 14:33:19,964: Back Left Min: 0.93, Back Right Min: 0.60
[rosout][INFO] 2025-04-03 14:33:20,061: Back Left Min: 0.93, Back Right Min: 0.60
[rosout][INFO] 2025-04-03 14:33:20,164: Back Left Min: 0.93, Back Right Min: 0.60
[rosout][INFO] 2025-04-03 14:33:20,261: Back Left Min: 1.17, Back Right Min: 0.62
[rosout][INFO] 2025-04-03 14:33:20,364: Back Left Min: 1.17, Back Right Min: 0.63
[rosout][INFO] 2025-04-03 14:33:20,461: Back Left Min: 1.17, Back Right Min: 0.63
[rosout][INFO] 2025-04-03 14:33:20,564: Back Left Min: 1.17, Back Right Min: 0.63
[rosout][INFO] 2025-04-03 14:33:20,661: Back Left Min: 1.17, Back Right Min: 0.63
[rosout][INFO] 2025-04-03 14:33:20,764: Back Left Min: 1.17, Back Right Min: 0.63
[rosout][INFO] 2025-04-03 14:33:20,861: Back Left Min: 1.17, Back Right Min: 0.63
[rosout][INFO] 2025-04-03 14:33:20,964: Back Left Min: 1.17, Back Right Min: 0.63
[rosout][INFO] 2025-04-03 14:33:21,061: Back Left Min: 0.94, Back Right Min: 0.63
[rosout][INFO] 2025-04-03 14:33:21,164: Back Left Min: 0.94, Back Right Min: 0.63
[rosout][INFO] 2025-04-03 14:33:21,261: Back Left Min: 0.94, Back Right Min: 0.63
[rosout][INFO] 2025-04-03 14:33:21,364: Back Left Min: 1.17, Back Right Min: 0.60
[rosout][INFO] 2025-04-03 14:33:21,461: Back Left Min: 1.17, Back Right Min: 0.60
[rosout][INFO] 2025-04-03 14:33:21,564: Back Left Min: 1.17, Back Right Min: 0.60
[rosout][INFO] 2025-04-03 14:33:21,661: Back Left Min: 1.17, Back Right Min: 0.63
[rosout][INFO] 2025-04-03 14:33:21,764: Back Left Min: 1.16, Back Right Min: 0.63
[rosout][INFO] 2025-04-03 14:33:21,861: Back Left Min: 1.16, Back Right Min: 0.63
[rosout][INFO] 2025-04-03 14:33:21,964: Back Left Min: 0.69, Back Right Min: 0.63
[rosout][INFO] 2025-04-03 14:33:22,061: Back Left Min: 0.69, Back Right Min: 0.63
[rosout][INFO] 2025-04-03 14:33:22,164: Back Left Min: 1.16, Back Right Min: 0.63
[rosout][INFO] 2025-04-03 14:33:22,261: Back Left Min: 1.17, Back Right Min: 0.62
[rosout][INFO] 2025-04-03 14:33:22,364: Back Left Min: 1.17, Back Right Min: 0.62
[rosout][INFO] 2025-04-03 14:33:22,461: Back Left Min: 1.17, Back Right Min: 0.62
[rosout][INFO] 2025-04-03 14:33:22,564: Back Left Min: 1.17, Back Right Min: 0.62
[rosout][INFO] 2025-04-03 14:33:22,661: Back Left Min: 1.17, Back Right Min: 0.62
[rosout][INFO] 2025-04-03 14:33:22,764: Back Left Min: 1.17, Back Right Min: 0.62
[rosout][INFO] 2025-04-03 14:33:22,861: Back Left Min: 1.17, Back Right Min: 0.63
[rosout][INFO] 2025-04-03 14:33:22,964: Back Left Min: 1.17, Back Right Min: 0.63
[rosout][INFO] 2025-04-03 14:33:23,061: Back Left Min: 0.69, Back Right Min: 0.63
[rosout][INFO] 2025-04-03 14:33:23,164: Back Left Min: 0.69, Back Right Min: 0.63
[rosout][INFO] 2025-04-03 14:33:23,261: Back Left Min: 0.69, Back Right Min: 0.63
[rosout][INFO] 2025-04-03 14:33:23,364: Back Left Min: 1.17, Back Right Min: 0.63
[rosout][INFO] 2025-04-03 14:33:23,461: Back Left Min: 1.17, Back Right Min: 0.63
[rosout][INFO] 2025-04-03 14:33:23,564: Back Left Min: 1.17, Back Right Min: 0.63
[rosout][INFO] 2025-04-03 14:33:23,661: Back Left Min: 1.17, Back Right Min: 0.62
[rosout][INFO] 2025-04-03 14:33:23,764: Back Left Min: 1.17, Back Right Min: 0.62
[rosout][INFO] 2025-04-03 14:33:23,861: Back Left Min: 0.70, Back Right Min: 0.62
[rosout][INFO] 2025-04-03 14:33:23,964: Back Left Min: 0.70, Back Right Min: 0.63
[rosout][INFO] 2025-04-03 14:33:24,061: Back Left Min: 0.70, Back Right Min: 0.63
[rosout][INFO] 2025-04-03 14:33:24,164: Back Left Min: 1.06, Back Right Min: 0.63
[rosout][INFO] 2025-04-03 14:33:24,261: Back Left Min: 1.06, Back Right Min: 0.64
[rosout][INFO] 2025-04-03 14:33:24,364: Back Left Min: 1.17, Back Right Min: 0.64
[rosout][INFO] 2025-04-03 14:33:24,461: Back Left Min: 1.17, Back Right Min: 0.64
[rosout][INFO] 2025-04-03 14:33:24,564: Back Left Min: 1.16, Back Right Min: 0.66
[rosout][INFO] 2025-04-03 14:33:24,660: Back Left Min: 1.16, Back Right Min: 0.66
[rosout][INFO] 2025-04-03 14:33:24,764: Back Left Min: 1.16, Back Right Min: 0.64
[rosout][INFO] 2025-04-03 14:33:24,860: Back Left Min: 1.18, Back Right Min: 0.64
[rosout][INFO] 2025-04-03 14:33:24,964: Back Left Min: 0.69, Back Right Min: 0.64
[rosout][INFO] 2025-04-03 14:33:25,061: Back Left Min: 0.69, Back Right Min: 0.62
[rosout][INFO] 2025-04-03 14:33:25,164: Back Left Min: 0.69, Back Right Min: 0.62
[rosout][INFO] 2025-04-03 14:33:25,260: Back Left Min: 1.18, Back Right Min: 0.62
[rosout][INFO] 2025-04-03 14:33:25,364: Back Left Min: 1.19, Back Right Min: 0.66
[rosout][INFO] 2025-04-03 14:33:25,461: Back Left Min: 1.19, Back Right Min: 0.66
[rosout][INFO] 2025-04-03 14:33:25,564: Back Left Min: 1.19, Back Right Min: 0.66
[rosout][INFO] 2025-04-03 14:33:25,660: Back Left Min: 1.20, Back Right Min: 0.66
[rosout][INFO] 2025-04-03 14:33:25,764: Back Left Min: 1.20, Back Right Min: 0.66
[rosout][INFO] 2025-04-03 14:33:25,860: Back Left Min: 0.68, Back Right Min: 0.66
[rosout][INFO] 2025-04-03 14:33:25,964: Back Left Min: 0.68, Back Right Min: 0.66
[rosout][INFO] 2025-04-03 14:33:26,060: Back Left Min: 0.68, Back Right Min: 0.66
[rosout][INFO] 2025-04-03 14:33:26,164: Back Left Min: 1.20, Back Right Min: 0.66
[rosout][INFO] 2025-04-03 14:33:26,260: Back Left Min: 1.20, Back Right Min: 0.77
[rosout][INFO] 2025-04-03 14:33:26,364: Back Left Min: 1.20, Back Right Min: 0.73
[rosout][INFO] 2025-04-03 14:33:26,460: Back Left Min: 1.07, Back Right Min: 0.73
[rosout][INFO] 2025-04-03 14:33:26,563: Back Left Min: 1.07, Back Right Min: 0.73
[rosout][INFO] 2025-04-03 14:33:26,660: Back Left Min: 1.07, Back Right Min: 0.69
[rosout][INFO] 2025-04-03 14:33:26,763: Back Left Min: 1.08, Back Right Min: 0.69
[rosout][INFO] 2025-04-03 14:33:26,860: Back Left Min: 1.08, Back Right Min: 0.69
[rosout][INFO] 2025-04-03 14:33:26,963: Back Left Min: 0.72, Back Right Min: 0.91
[rosout][INFO] 2025-04-03 14:33:27,060: Back Left Min: 0.72, Back Right Min: 0.64
[rosout][INFO] 2025-04-03 14:33:27,163: Back Left Min: 0.72, Back Right Min: 0.64
[rosout][INFO] 2025-04-03 14:33:27,261: Back Left Min: 1.25, Back Right Min: 0.64
[rosout][INFO] 2025-04-03 14:33:27,364: Back Left Min: 1.28, Back Right Min: 0.68
[rosout][INFO] 2025-04-03 14:33:27,460: Back Left Min: 1.28, Back Right Min: 0.69
[rosout][INFO] 2025-04-03 14:33:27,564: Back Left Min: 1.32, Back Right Min: 0.69
[rosout][INFO] 2025-04-03 14:33:27,661: Back Left Min: 1.32, Back Right Min: 0.74
[rosout][INFO] 2025-04-03 14:33:27,763: Back Left Min: 1.25, Back Right Min: 0.74
[rosout][INFO] 2025-04-03 14:33:27,860: Back Left Min: 1.22, Back Right Min: 0.74
[rosout][INFO] 2025-04-03 14:33:27,963: Back Left Min: 1.12, Back Right Min: 0.80
[rosout][INFO] 2025-04-03 14:33:28,060: Back Left Min: 1.12, Back Right Min: 0.80
[rosout][INFO] 2025-04-03 14:33:28,163: Back Left Min: 1.04, Back Right Min: 0.80
[rosout][INFO] 2025-04-03 14:33:28,260: Back Left Min: 1.04, Back Right Min: 0.84
[rosout][INFO] 2025-04-03 14:33:28,363: Back Left Min: 1.01, Back Right Min: 0.72
[rosout][INFO] 2025-04-03 14:33:28,460: Back Left Min: 1.01, Back Right Min: 0.72
[rosout][INFO] 2025-04-03 14:33:28,563: Back Left Min: 1.01, Back Right Min: 0.89
[rosout][INFO] 2025-04-03 14:33:28,660: Back Left Min: 0.93, Back Right Min: 0.89
[rosout][INFO] 2025-04-03 14:33:28,763: Back Left Min: 0.93, Back Right Min: 0.89
[rosout][INFO] 2025-04-03 14:33:28,860: Back Left Min: 0.93, Back Right Min: 0.89
[rosout][INFO] 2025-04-03 14:33:28,963: Back Left Min: 1.71, Back Right Min: 0.89
[rosout][INFO] 2025-04-03 14:33:29,060: Back Left Min: 1.71, Back Right Min: 0.88
[rosout][INFO] 2025-04-03 14:33:29,164: Back Left Min: 0.94, Back Right Min: 0.71
[rosout][INFO] 2025-04-03 14:33:29,260: Back Left Min: 0.94, Back Right Min: 0.71
[rosout][INFO] 2025-04-03 14:33:29,364: Back Left Min: 0.94, Back Right Min: 0.71
[rosout][INFO] 2025-04-03 14:33:29,460: Back Left Min: 0.93, Back Right Min: 0.69
[rosout][INFO] 2025-04-03 14:33:29,564: Back Left Min: 0.93, Back Right Min: 0.69
[rosout][INFO] 2025-04-03 14:33:29,660: Back Left Min: 0.93, Back Right Min: 0.69
[rosout][INFO] 2025-04-03 14:33:29,763: Back Left Min: 0.94, Back Right Min: 0.89
[rosout][INFO] 2025-04-03 14:33:29,861: Back Left Min: 0.94, Back Right Min: 0.89
[rosout][INFO] 2025-04-03 14:33:29,964: Back Left Min: 0.94, Back Right Min: 0.89
[rosout][INFO] 2025-04-03 14:33:30,060: Back Left Min: 0.98, Back Right Min: 0.89
[rosout][INFO] 2025-04-03 14:33:30,163: Back Left Min: 0.98, Back Right Min: 0.90
[rosout][INFO] 2025-04-03 14:33:30,260: Back Left Min: 0.98, Back Right Min: 0.72
[rosout][INFO] 2025-04-03 14:33:30,363: Back Left Min: 0.98, Back Right Min: 0.72
[rosout][INFO] 2025-04-03 14:33:30,460: Back Left Min: 0.98, Back Right Min: 0.72
[rosout][INFO] 2025-04-03 14:33:30,563: Back Left Min: 0.94, Back Right Min: 0.89
[rosout][INFO] 2025-04-03 14:33:30,660: Back Left Min: 0.94, Back Right Min: 0.89
[rosout][INFO] 2025-04-03 14:33:30,763: Back Left Min: 0.94, Back Right Min: 0.87
[rosout][INFO] 2025-04-03 14:33:30,860: Back Left Min: 0.92, Back Right Min: 0.69
[rosout][INFO] 2025-04-03 14:33:30,963: Back Left Min: 0.92, Back Right Min: 0.69
[rosout][INFO] 2025-04-03 14:33:31,060: Back Left Min: 0.92, Back Right Min: 0.69
[rosout][INFO] 2025-04-03 14:33:31,163: Back Left Min: 1.04, Back Right Min: 0.73
[rosout][INFO] 2025-04-03 14:33:31,260: Back Left Min: 1.04, Back Right Min: 0.73
[rosout][INFO] 2025-04-03 14:33:31,363: Back Left Min: 1.04, Back Right Min: 0.88
[rosout][INFO] 2025-04-03 14:33:31,460: Back Left Min: 1.57, Back Right Min: 0.88
[rosout][INFO] 2025-04-03 14:33:31,563: Back Left Min: 1.57, Back Right Min: 0.91
[rosout][INFO] 2025-04-03 14:33:31,660: Back Left Min: 1.57, Back Right Min: 0.91
[rosout][INFO] 2025-04-03 14:33:31,763: Back Left Min: 1.57, Back Right Min: 0.90
[rosout][INFO] 2025-04-03 14:33:31,860: Back Left Min: 1.57, Back Right Min: 0.90
[rosout][INFO] 2025-04-03 14:33:31,963: Back Left Min: 1.57, Back Right Min: 0.89
[rosout][INFO] 2025-04-03 14:33:32,060: Back Left Min: 1.57, Back Right Min: 0.89
[rosout][INFO] 2025-04-03 14:33:32,163: Back Left Min: 1.57, Back Right Min: 0.89
[rosout][INFO] 2025-04-03 14:33:32,260: Back Left Min: 1.57, Back Right Min: 0.86
[rosout][INFO] 2025-04-03 14:33:32,363: Back Left Min: 1.57, Back Right Min: 0.86
[rosout][INFO] 2025-04-03 14:33:32,460: Back Left Min: 1.57, Back Right Min: 0.86
[rosout][INFO] 2025-04-03 14:33:32,563: Back Left Min: 0.68, Back Right Min: 0.87
[rosout][INFO] 2025-04-03 14:33:32,660: Back Left Min: 0.68, Back Right Min: 0.87
[rosout][INFO] 2025-04-03 14:33:32,763: Back Left Min: 0.68, Back Right Min: 0.71
[rosout][INFO] 2025-04-03 14:33:32,860: Back Left Min: 1.09, Back Right Min: 0.71
[rosout][INFO] 2025-04-03 14:33:32,963: Back Left Min: 1.09, Back Right Min: 0.71
[rosout][INFO] 2025-04-03 14:33:33,060: Back Left Min: 1.09, Back Right Min: 0.74
[rosout][INFO] 2025-04-03 14:33:33,163: Back Left Min: 1.10, Back Right Min: 0.74
[rosout][INFO] 2025-04-03 14:33:33,260: Back Left Min: 1.10, Back Right Min: 0.74
[rosout][INFO] 2025-04-03 14:33:33,363: Back Left Min: 1.08, Back Right Min: 0.89
[rosout][INFO] 2025-04-03 14:33:33,460: Back Left Min: 1.00, Back Right Min: 0.89
[rosout][INFO] 2025-04-03 14:33:33,563: Back Left Min: 1.00, Back Right Min: 0.89
[rosout][INFO] 2025-04-03 14:33:33,660: Back Left Min: 1.00, Back Right Min: 0.89
[rosout][INFO] 2025-04-03 14:33:33,763: Back Left Min: 1.04, Back Right Min: 0.86
[rosout][INFO] 2025-04-03 14:33:33,860: Back Left Min: 1.08, Back Right Min: 0.86
[rosout][INFO] 2025-04-03 14:33:33,963: Back Left Min: 1.10, Back Right Min: 0.87
[rosout][INFO] 2025-04-03 14:33:34,060: Back Left Min: 1.10, Back Right Min: 0.87
[rosout][INFO] 2025-04-03 14:33:34,163: Back Left Min: 1.10, Back Right Min: 0.87
[rosout][INFO] 2025-04-03 14:33:34,260: Back Left Min: 1.09, Back Right Min: 0.87
[rosout][INFO] 2025-04-03 14:33:34,363: Back Left Min: 1.09, Back Right Min: 0.87
[rosout][INFO] 2025-04-03 14:33:34,460: Back Left Min: 1.09, Back Right Min: 0.87
[rosout][INFO] 2025-04-03 14:33:34,563: Back Left Min: 1.10, Back Right Min: 0.87
[rosout][INFO] 2025-04-03 14:33:34,660: Back Left Min: 1.10, Back Right Min: 0.87
[rosout][INFO] 2025-04-03 14:33:34,763: Back Left Min: 1.10, Back Right Min: 0.77
[rosout][INFO] 2025-04-03 14:33:34,860: Back Left Min: 1.10, Back Right Min: 0.77
[rosout][INFO] 2025-04-03 14:33:34,963: Back Left Min: 1.10, Back Right Min: 0.77
[rosout][INFO] 2025-04-03 14:33:35,060: Back Left Min: 1.09, Back Right Min: 0.86
[rosout][INFO] 2025-04-03 14:33:35,163: Back Left Min: 1.09, Back Right Min: 0.86
[rosout][INFO] 2025-04-03 14:33:35,260: Back Left Min: 1.09, Back Right Min: 0.86
[rosout][INFO] 2025-04-03 14:33:35,363: Back Left Min: 0.70, Back Right Min: 0.87
[rosout][INFO] 2025-04-03 14:33:35,460: Back Left Min: 0.70, Back Right Min: 0.87
[rosout][INFO] 2025-04-03 14:33:35,563: Back Left Min: 0.70, Back Right Min: 0.87
[rosout][INFO] 2025-04-03 14:33:35,660: Back Left Min: 0.88, Back Right Min: 0.91
[rosout][INFO] 2025-04-03 14:33:35,763: Back Left Min: 0.88, Back Right Min: 0.88
[rosout][INFO] 2025-04-03 14:33:35,860: Back Left Min: 0.88, Back Right Min: 0.88
[rosout][INFO] 2025-04-03 14:33:35,963: Back Left Min: 0.88, Back Right Min: 0.87
[rosout][INFO] 2025-04-03 14:33:36,060: Back Left Min: 0.88, Back Right Min: 0.87
[rosout][INFO] 2025-04-03 14:33:36,163: Back Left Min: 0.88, Back Right Min: 0.70
[rosout][INFO] 2025-04-03 14:33:36,260: Back Left Min: 0.88, Back Right Min: 0.70
[rosout][INFO] 2025-04-03 14:33:36,363: Back Left Min: 0.88, Back Right Min: 0.70
[rosout][INFO] 2025-04-03 14:33:36,460: Back Left Min: 0.89, Back Right Min: 0.87
[rosout][INFO] 2025-04-03 14:33:36,563: Back Left Min: 0.89, Back Right Min: 0.87
[rosout][INFO] 2025-04-03 14:33:36,660: Back Left Min: 0.89, Back Right Min: 0.87
[rosout][INFO] 2025-04-03 14:33:36,763: Back Left Min: 0.90, Back Right Min: 0.66
[rosout][INFO] 2025-04-03 14:33:36,860: Back Left Min: 0.90, Back Right Min: 0.66
[rosout][INFO] 2025-04-03 14:33:36,963: Back Left Min: 0.90, Back Right Min: 0.87
[rosout][INFO] 2025-04-03 14:33:37,060: Back Left Min: 0.89, Back Right Min: 0.87
[rosout][INFO] 2025-04-03 14:33:37,163: Back Left Min: 0.89, Back Right Min: 0.87
[rosout][INFO] 2025-04-03 14:33:37,260: Back Left Min: 0.89, Back Right Min: 0.87
[rosout][INFO] 2025-04-03 14:33:37,363: Back Left Min: 0.92, Back Right Min: 0.89
[rosout][INFO] 2025-04-03 14:33:37,460: Back Left Min: 0.92, Back Right Min: 0.89
[rosout][INFO] 2025-04-03 14:33:37,563: Back Left Min: 0.89, Back Right Min: 0.89
[rosout][INFO] 2025-04-03 14:33:37,660: Back Left Min: 0.89, Back Right Min: 0.90
[rosout][INFO] 2025-04-03 14:33:37,763: Back Left Min: 0.89, Back Right Min: 0.90
[rosout][INFO] 2025-04-03 14:33:37,859: Back Left Min: 0.90, Back Right Min: 0.70
[rosout][INFO] 2025-04-03 14:33:37,963: Back Left Min: 0.90, Back Right Min: 0.70
[rosout][INFO] 2025-04-03 14:33:38,060: Back Left Min: 0.90, Back Right Min: 0.70
[rosout][INFO] 2025-04-03 14:33:38,163: Back Left Min: 0.90, Back Right Min: 0.72
[rosout][INFO] 2025-04-03 14:33:38,259: Back Left Min: 0.90, Back Right Min: 0.72
[rosout][INFO] 2025-04-03 14:33:38,363: Back Left Min: 0.90, Back Right Min: 0.91
[rosout][INFO] 2025-04-03 14:33:38,459: Back Left Min: 0.70, Back Right Min: 0.91
[rosout][INFO] 2025-04-03 14:33:38,563: Back Left Min: 0.70, Back Right Min: 0.91
[rosout][INFO] 2025-04-03 14:33:38,659: Back Left Min: 0.70, Back Right Min: 0.91
[rosout][INFO] 2025-04-03 14:33:38,763: Back Left Min: 0.90, Back Right Min: 0.91
[rosout][INFO] 2025-04-03 14:33:38,859: Back Left Min: 0.90, Back Right Min: 0.91
[rosout][INFO] 2025-04-03 14:33:38,963: Back Left Min: 0.89, Back Right Min: 0.77
[rosout][INFO] 2025-04-03 14:33:39,059: Back Left Min: 0.89, Back Right Min: 0.77
[rosout][INFO] 2025-04-03 14:33:39,163: Back Left Min: 0.89, Back Right Min: 0.77
[rosout][INFO] 2025-04-03 14:33:39,259: Back Left Min: 0.89, Back Right Min: 0.91
[rosout][INFO] 2025-04-03 14:33:39,363: Back Left Min: 0.89, Back Right Min: 0.91
[rosout][INFO] 2025-04-03 14:33:39,459: Back Left Min: 0.89, Back Right Min: 0.91
[rosout][INFO] 2025-04-03 14:33:39,563: Back Left Min: 0.69, Back Right Min: 0.91
[rosout][INFO] 2025-04-03 14:33:39,659: Back Left Min: 0.69, Back Right Min: 0.90
[rosout][INFO] 2025-04-03 14:33:39,763: Back Left Min: 0.69, Back Right Min: 0.70
[rosout][INFO] 2025-04-03 14:33:39,859: Back Left Min: 0.89, Back Right Min: 0.70
[rosout][INFO] 2025-04-03 14:33:39,963: Back Left Min: 0.89, Back Right Min: 0.70
[rosout][INFO] 2025-04-03 14:33:40,059: Back Left Min: 0.89, Back Right Min: 0.69
[rosout][INFO] 2025-04-03 14:33:40,163: Back Left Min: 0.89, Back Right Min: 0.69
[rosout][INFO] 2025-04-03 14:33:40,260: Back Left Min: 0.89, Back Right Min: 0.69
[rosout][INFO] 2025-04-03 14:33:40,362: Back Left Min: 0.89, Back Right Min: 0.90
[rosout][INFO] 2025-04-03 14:33:40,459: Back Left Min: 0.89, Back Right Min: 0.91
[rosout][INFO] 2025-04-03 14:33:40,562: Back Left Min: 0.89, Back Right Min: 0.91
[rosout][INFO] 2025-04-03 14:33:40,659: Back Left Min: 0.89, Back Right Min: 0.91
[rosout][INFO] 2025-04-03 14:33:40,762: Back Left Min: 0.89, Back Right Min: 0.91
[rosout][INFO] 2025-04-03 14:33:40,859: Back Left Min: 0.89, Back Right Min: 0.71
[rosout][INFO] 2025-04-03 14:33:40,962: Back Left Min: 0.90, Back Right Min: 0.71
[rosout][INFO] 2025-04-03 14:33:41,059: Back Left Min: 0.90, Back Right Min: 0.71
[rosout][INFO] 2025-04-03 14:33:41,162: Back Left Min: 0.90, Back Right Min: 0.89
[rosout][INFO] 2025-04-03 14:33:41,259: Back Left Min: 0.92, Back Right Min: 0.89
[rosout][INFO] 2025-04-03 14:33:41,362: Back Left Min: 0.92, Back Right Min: 0.89
[rosout][INFO] 2025-04-03 14:33:41,459: Back Left Min: 0.92, Back Right Min: 0.90
[rosout][INFO] 2025-04-03 14:33:41,562: Back Left Min: 0.90, Back Right Min: 0.90
[rosout][INFO] 2025-04-03 14:33:41,659: Back Left Min: 0.90, Back Right Min: 0.90
[rosout][INFO] 2025-04-03 14:33:41,762: Back Left Min: 0.90, Back Right Min: 0.89
[rosout][INFO] 2025-04-03 14:33:41,859: Back Left Min: 0.90, Back Right Min: 0.89
[rosout][INFO] 2025-04-03 14:33:41,962: Back Left Min: 0.90, Back Right Min: 0.90
[rosout][INFO] 2025-04-03 14:33:42,060: Back Left Min: 0.94, Back Right Min: 0.76
[rosout][INFO] 2025-04-03 14:33:42,162: Back Left Min: 0.94, Back Right Min: 0.76
[rosout][INFO] 2025-04-03 14:33:42,259: Back Left Min: 0.94, Back Right Min: 0.76
[rosout][INFO] 2025-04-03 14:33:42,362: Back Left Min: 1.05, Back Right Min: 0.72
[rosout][INFO] 2025-04-03 14:33:42,459: Back Left Min: 1.05, Back Right Min: 0.72
[rosout][INFO] 2025-04-03 14:33:42,562: Back Left Min: 1.00, Back Right Min: 1.12
[rosout][INFO] 2025-04-03 14:33:42,659: Back Left Min: 1.00, Back Right Min: 0.85
[rosout][INFO] 2025-04-03 14:33:42,762: Back Left Min: 1.00, Back Right Min: 0.85
[rosout][INFO] 2025-04-03 14:33:42,859: Back Left Min: 1.12, Back Right Min: 0.74
[rosout][INFO] 2025-04-03 14:33:42,962: Back Left Min: 1.17, Back Right Min: 0.74
[rosout][INFO] 2025-04-03 14:33:43,059: Back Left Min: 1.17, Back Right Min: 0.74
[rosout][INFO] 2025-04-03 14:33:43,162: Back Left Min: 1.28, Back Right Min: 0.81
[rosout][INFO] 2025-04-03 14:33:43,259: Back Left Min: 1.28, Back Right Min: 0.79
[rosout][INFO] 2025-04-03 14:33:43,362: Back Left Min: 1.28, Back Right Min: 0.79
[rosout][INFO] 2025-04-03 14:33:43,459: Back Left Min: 0.85, Back Right Min: 0.79
[rosout][INFO] 2025-04-03 14:33:43,562: Back Left Min: 0.85, Back Right Min: 0.79
[rosout][INFO] 2025-04-03 14:33:43,659: Back Left Min: 0.85, Back Right Min: 0.72
[rosout][INFO] 2025-04-03 14:33:43,762: Back Left Min: 1.26, Back Right Min: 0.72
[rosout][INFO] 2025-04-03 14:33:43,859: Back Left Min: 1.26, Back Right Min: 0.72
[rosout][INFO] 2025-04-03 14:33:43,962: Back Left Min: 1.26, Back Right Min: 0.78
[rosout][INFO] 2025-04-03 14:33:44,059: Back Left Min: 1.27, Back Right Min: 0.78
[rosout][INFO] 2025-04-03 14:33:44,162: Back Left Min: 1.27, Back Right Min: 0.78
[rosout][INFO] 2025-04-03 14:33:44,259: Back Left Min: 1.27, Back Right Min: 0.78
[rosout][INFO] 2025-04-03 14:33:44,362: Back Left Min: 1.27, Back Right Min: 0.78
[rosout][INFO] 2025-04-03 14:33:44,459: Back Left Min: 1.27, Back Right Min: 0.78
[rosout][INFO] 2025-04-03 14:33:44,562: Back Left Min: 1.27, Back Right Min: 0.78
[rosout][INFO] 2025-04-03 14:33:44,659: Back Left Min: 1.27, Back Right Min: 0.78
[rosout][INFO] 2025-04-03 14:33:44,762: Back Left Min: 1.27, Back Right Min: 0.78
[rosout][INFO] 2025-04-03 14:33:44,859: Back Left Min: 1.27, Back Right Min: 0.78
[rosout][INFO] 2025-04-03 14:33:44,962: Back Left Min: 1.27, Back Right Min: 0.78
[rosout][INFO] 2025-04-03 14:33:45,059: Back Left Min: 1.09, Back Right Min: 0.78
[rosout][INFO] 2025-04-03 14:33:45,162: Back Left Min: 1.09, Back Right Min: 0.78
[rosout][INFO] 2025-04-03 14:33:45,259: Back Left Min: 1.09, Back Right Min: 0.78
[rosout][INFO] 2025-04-03 14:33:45,362: Back Left Min: 1.26, Back Right Min: 0.78
[rosout][INFO] 2025-04-03 14:33:45,459: Back Left Min: 1.22, Back Right Min: 0.76
[rosout][INFO] 2025-04-03 14:33:45,562: Back Left Min: 1.22, Back Right Min: 0.76
[rosout][INFO] 2025-04-03 14:33:45,659: Back Left Min: 1.22, Back Right Min: 0.76
[rosout][INFO] 2025-04-03 14:33:45,762: Back Left Min: 1.18, Back Right Min: 0.77
[rosout][INFO] 2025-04-03 14:33:45,859: Back Left Min: 1.18, Back Right Min: 0.77
[rosout][INFO] 2025-04-03 14:33:45,962: Back Left Min: 1.15, Back Right Min: 0.77
[rosout][INFO] 2025-04-03 14:33:46,059: Back Left Min: 1.15, Back Right Min: 0.97
[rosout][INFO] 2025-04-03 14:33:46,162: Back Left Min: 1.15, Back Right Min: 0.97
[rosout][INFO] 2025-04-03 14:33:46,259: Back Left Min: 1.12, Back Right Min: 0.68
[rosout][INFO] 2025-04-03 14:33:46,362: Back Left Min: 1.12, Back Right Min: 0.68
[rosout][INFO] 2025-04-03 14:33:46,459: Back Left Min: 1.12, Back Right Min: 0.68
[rosout][INFO] 2025-04-03 14:33:46,562: Back Left Min: 1.11, Back Right Min: 0.66
[rosout][INFO] 2025-04-03 14:33:46,659: Back Left Min: 1.11, Back Right Min: 0.66
[rosout][INFO] 2025-04-03 14:33:46,762: Back Left Min: 1.11, Back Right Min: 0.66
[rosout][INFO] 2025-04-03 14:33:46,859: Back Left Min: 1.11, Back Right Min: 0.66
[rosout][INFO] 2025-04-03 14:33:46,962: Back Left Min: 1.11, Back Right Min: 0.66
[rosout][INFO] 2025-04-03 14:33:47,059: Back Left Min: 1.11, Back Right Min: 0.66
[rosout][INFO] 2025-04-03 14:33:47,162: Back Left Min: 1.07, Back Right Min: 0.66
[rosout][INFO] 2025-04-03 14:33:47,259: Back Left Min: 1.07, Back Right Min: 0.66
[rosout][INFO] 2025-04-03 14:33:47,362: Back Left Min: 1.04, Back Right Min: 0.66
[rosout][INFO] 2025-04-03 14:33:47,459: Back Left Min: 1.04, Back Right Min: 0.66
[rosout][INFO] 2025-04-03 14:33:47,562: Back Left Min: 1.04, Back Right Min: 0.66
[rosout][INFO] 2025-04-03 14:33:47,659: Back Left Min: 1.04, Back Right Min: 0.66
[rosout][INFO] 2025-04-03 14:33:47,762: Back Left Min: 1.04, Back Right Min: 0.66
[rosout][INFO] 2025-04-03 14:33:47,859: Back Left Min: 1.04, Back Right Min: 0.66
[rosout][INFO] 2025-04-03 14:33:47,962: Back Left Min: 1.05, Back Right Min: 0.66
[rosout][INFO] 2025-04-03 14:33:48,059: Back Left Min: 1.05, Back Right Min: 0.66
[rosout][INFO] 2025-04-03 14:33:48,162: Back Left Min: 1.05, Back Right Min: 0.66
[rosout][INFO] 2025-04-03 14:33:48,259: Back Left Min: 1.14, Back Right Min: 0.66
[rosout][INFO] 2025-04-03 14:33:48,362: Back Left Min: 1.14, Back Right Min: 0.66
[rosout][INFO] 2025-04-03 14:33:48,459: Back Left Min: 1.14, Back Right Min: 0.66
[rosout][INFO] 2025-04-03 14:33:48,562: Back Left Min: 1.15, Back Right Min: 0.67
[rosout][INFO] 2025-04-03 14:33:48,659: Back Left Min: 1.15, Back Right Min: 0.67
[rosout][INFO] 2025-04-03 14:33:48,762: Back Left Min: 1.14, Back Right Min: 0.66
[rosout][INFO] 2025-04-03 14:33:48,859: Back Left Min: 1.14, Back Right Min: 0.66
[rosout][INFO] 2025-04-03 14:33:48,962: Back Left Min: 1.14, Back Right Min: 0.66
[rosout][INFO] 2025-04-03 14:33:49,059: Back Left Min: 1.14, Back Right Min: 0.65
[rosout][INFO] 2025-04-03 14:33:49,162: Back Left Min: 1.14, Back Right Min: 0.65
[rosout][INFO] 2025-04-03 14:33:49,259: Back Left Min: 1.14, Back Right Min: 0.65
[rosout][INFO] 2025-04-03 14:33:49,362: Back Left Min: 1.13, Back Right Min: 0.66
[rosout][INFO] 2025-04-03 14:33:49,459: Back Left Min: 1.13, Back Right Min: 0.66
[rosout][INFO] 2025-04-03 14:33:49,562: Back Left Min: 1.13, Back Right Min: 0.66
[rosout][INFO] 2025-04-03 14:33:49,659: Back Left Min: 1.16, Back Right Min: 0.65
[rosout][INFO] 2025-04-03 14:33:49,762: Back Left Min: 1.16, Back Right Min: 0.65
[rosout][INFO] 2025-04-03 14:33:49,859: Back Left Min: 1.16, Back Right Min: 0.65
[rosout][INFO] 2025-04-03 14:33:49,962: Back Left Min: 1.15, Back Right Min: 0.66
[rosout][INFO] 2025-04-03 14:33:50,059: Back Left Min: 1.15, Back Right Min: 0.66
[rosout][INFO] 2025-04-03 14:33:50,162: Back Left Min: 1.11, Back Right Min: 0.69
[rosout][INFO] 2025-04-03 14:33:50,259: Back Left Min: 1.11, Back Right Min: 0.69
[rosout][INFO] 2025-04-03 14:33:50,362: Back Left Min: 1.11, Back Right Min: 0.69
[rosout][INFO] 2025-04-03 14:33:50,459: Back Left Min: 1.11, Back Right Min: 0.68
[rosout][INFO] 2025-04-03 14:33:50,562: Back Left Min: 1.11, Back Right Min: 0.68
[rosout][INFO] 2025-04-03 14:33:50,659: Back Left Min: 1.11, Back Right Min: 0.68
[rosout][INFO] 2025-04-03 14:33:50,762: Back Left Min: 1.14, Back Right Min: 0.66
[rosout][INFO] 2025-04-03 14:33:50,859: Back Left Min: 1.14, Back Right Min: 0.66
[rosout][INFO] 2025-04-03 14:33:50,962: Back Left Min: 1.14, Back Right Min: 0.66
[rosout][INFO] 2025-04-03 14:33:51,059: Back Left Min: 1.17, Back Right Min: 0.64
[rosout][INFO] 2025-04-03 14:33:51,162: Back Left Min: 1.17, Back Right Min: 0.64
[rosout][INFO] 2025-04-03 14:33:51,259: Back Left Min: 1.17, Back Right Min: 0.64
[rosout][INFO] 2025-04-03 14:33:51,362: Back Left Min: 0.98, Back Right Min: 0.63
[rosout][INFO] 2025-04-03 14:33:51,459: Back Left Min: 0.98, Back Right Min: 0.63
[rosout][INFO] 2025-04-03 14:33:51,562: Back Left Min: 0.97, Back Right Min: 0.62
[rosout][INFO] 2025-04-03 14:33:51,659: Back Left Min: 0.97, Back Right Min: 0.62
[rosout][INFO] 2025-04-03 14:33:51,762: Back Left Min: 0.97, Back Right Min: 0.62
[rosout][INFO] 2025-04-03 14:33:51,859: Back Left Min: 0.97, Back Right Min: 0.62
[rosout][INFO] 2025-04-03 14:33:51,962: Back Left Min: 0.97, Back Right Min: 0.62
[rosout][INFO] 2025-04-03 14:33:52,058: Back Left Min: 0.97, Back Right Min: 0.62
[rosout][INFO] 2025-04-03 14:33:52,162: Back Left Min: 0.97, Back Right Min: 0.62
[rosout][INFO] 2025-04-03 14:33:52,258: Back Left Min: 0.97, Back Right Min: 0.62
[rosout][INFO] 2025-04-03 14:33:52,362: Back Left Min: 0.97, Back Right Min: 0.62
[rosout][INFO] 2025-04-03 14:33:52,458: Back Left Min: 0.97, Back Right Min: 0.61
[rosout][INFO] 2025-04-03 14:33:52,562: Back Left Min: 0.97, Back Right Min: 0.61
[rosout][INFO] 2025-04-03 14:33:52,658: Back Left Min: 0.97, Back Right Min: 0.61
[rosout][INFO] 2025-04-03 14:33:52,762: Back Left Min: 0.97, Back Right Min: 0.61
[rosout][INFO] 2025-04-03 14:33:52,859: Back Left Min: 0.97, Back Right Min: 0.61
[rosout][INFO] 2025-04-03 14:33:52,962: Back Left Min: 0.97, Back Right Min: 0.62
[rosout][INFO] 2025-04-03 14:33:53,059: Back Left Min: 0.97, Back Right Min: 0.62
[rosout][INFO] 2025-04-03 14:33:53,162: Back Left Min: 0.97, Back Right Min: 0.62
[rosout][INFO] 2025-04-03 14:33:53,258: Back Left Min: 0.97, Back Right Min: 0.62
[rosout][INFO] 2025-04-03 14:33:53,362: Back Left Min: 0.97, Back Right Min: 0.62
[rosout][INFO] 2025-04-03 14:33:53,459: Back Left Min: 0.97, Back Right Min: 0.62
[rosout][INFO] 2025-04-03 14:33:53,562: Back Left Min: 0.97, Back Right Min: 0.62
[rosout][INFO] 2025-04-03 14:33:53,659: Back Left Min: 0.97, Back Right Min: 0.62
[rosout][INFO] 2025-04-03 14:33:53,762: Back Left Min: 0.97, Back Right Min: 0.62
[rosout][INFO] 2025-04-03 14:33:53,858: Back Left Min: 0.96, Back Right Min: 0.62
[rosout][INFO] 2025-04-03 14:33:53,962: Back Left Min: 0.96, Back Right Min: 0.62
[rosout][INFO] 2025-04-03 14:33:54,059: Back Left Min: 0.96, Back Right Min: 0.62
[rosout][INFO] 2025-04-03 14:33:54,161: Back Left Min: 0.97, Back Right Min: 0.60
[rosout][INFO] 2025-04-03 14:33:54,258: Back Left Min: 0.97, Back Right Min: 0.60
[rosout][INFO] 2025-04-03 14:33:54,361: Back Left Min: 1.02, Back Right Min: 0.59
[rosout][INFO] 2025-04-03 14:33:54,458: Back Left Min: 0.95, Back Right Min: 0.59
[rosout][INFO] 2025-04-03 14:33:54,562: Back Left Min: 0.95, Back Right Min: 0.59
[rosout][INFO] 2025-04-03 14:33:54,658: Back Left Min: 0.95, Back Right Min: 0.58
[rosout][INFO] 2025-04-03 14:33:54,761: Back Left Min: 0.95, Back Right Min: 0.58
[rosout][INFO] 2025-04-03 14:33:54,858: Back Left Min: 0.95, Back Right Min: 0.58
[rosout][INFO] 2025-04-03 14:33:54,961: Back Left Min: 0.95, Back Right Min: 0.58
[rosout][INFO] 2025-04-03 14:33:55,058: Back Left Min: 0.95, Back Right Min: 0.58
[rosout][INFO] 2025-04-03 14:33:55,162: Back Left Min: 0.95, Back Right Min: 0.58
[rosout][INFO] 2025-04-03 14:33:55,258: Back Left Min: 0.95, Back Right Min: 0.58
[rosout][INFO] 2025-04-03 14:33:55,361: Back Left Min: 0.95, Back Right Min: 0.58
[rosout][INFO] 2025-04-03 14:33:55,459: Back Left Min: 0.95, Back Right Min: 0.58
[rosout][INFO] 2025-04-03 14:33:55,561: Back Left Min: 0.95, Back Right Min: 0.58
[rosout][INFO] 2025-04-03 14:33:55,658: Back Left Min: 0.95, Back Right Min: 0.58
[rosout][INFO] 2025-04-03 14:33:55,761: Back Left Min: 0.95, Back Right Min: 0.58
[rosout][INFO] 2025-04-03 14:33:55,858: Back Left Min: 0.95, Back Right Min: 0.58
[rosout][INFO] 2025-04-03 14:33:55,962: Back Left Min: 0.95, Back Right Min: 0.58
[rosout][INFO] 2025-04-03 14:33:56,058: Back Left Min: 0.95, Back Right Min: 0.58
[rosout][INFO] 2025-04-03 14:33:56,161: Back Left Min: 0.95, Back Right Min: 0.58
[rosout][INFO] 2025-04-03 14:33:56,258: Back Left Min: 0.95, Back Right Min: 0.58
[rosout][INFO] 2025-04-03 14:33:56,361: Back Left Min: 0.95, Back Right Min: 0.58
[rosout][INFO] 2025-04-03 14:33:56,458: Back Left Min: 0.95, Back Right Min: 0.58
[rosout][INFO] 2025-04-03 14:33:56,561: Back Left Min: 0.95, Back Right Min: 0.58
[rosout][INFO] 2025-04-03 14:33:56,658: Back Left Min: 0.95, Back Right Min: 0.58
[rosout][INFO] 2025-04-03 14:33:56,761: Back Left Min: 0.95, Back Right Min: 0.58
[rosout][INFO] 2025-04-03 14:33:56,858: Back Left Min: 0.95, Back Right Min: 0.58
[rosout][INFO] 2025-04-03 14:33:56,961: Back Left Min: 0.95, Back Right Min: 0.60
[rosout][INFO] 2025-04-03 14:33:57,058: Back Left Min: 0.94, Back Right Min: 0.60
[rosout][INFO] 2025-04-03 14:33:57,161: Back Left Min: 0.94, Back Right Min: 0.60
[rosout][INFO] 2025-04-03 14:33:57,258: Back Left Min: 0.94, Back Right Min: 0.60
[rosout][INFO] 2025-04-03 14:33:57,361: Back Left Min: 0.93, Back Right Min: 0.60
[rosout][INFO] 2025-04-03 14:33:57,458: Back Left Min: 0.93, Back Right Min: 0.60
[rosout][INFO] 2025-04-03 14:33:57,561: Back Left Min: 0.93, Back Right Min: 0.60
[rosout][INFO] 2025-04-03 14:33:57,658: Back Left Min: 0.93, Back Right Min: 0.60
[rosout][INFO] 2025-04-03 14:33:57,761: Back Left Min: 0.93, Back Right Min: 0.60
[rosout][INFO] 2025-04-03 14:33:57,858: Back Left Min: 0.93, Back Right Min: 0.60
[rosout][INFO] 2025-04-03 14:33:57,961: Back Left Min: 0.93, Back Right Min: 0.60
[rosout][INFO] 2025-04-03 14:33:58,058: Back Left Min: 0.93, Back Right Min: 0.60
[rosout][INFO] 2025-04-03 14:33:58,161: Back Left Min: 0.93, Back Right Min: 0.60
[rosout][INFO] 2025-04-03 14:33:58,258: Back Left Min: 0.93, Back Right Min: 0.60
[rosout][INFO] 2025-04-03 14:33:58,361: Back Left Min: 0.93, Back Right Min: 0.60
[rosout][INFO] 2025-04-03 14:33:58,458: Back Left Min: 0.93, Back Right Min: 0.60
[rosout][INFO] 2025-04-03 14:33:58,561: Back Left Min: 0.93, Back Right Min: 0.60
[rosout][INFO] 2025-04-03 14:33:58,658: Back Left Min: 0.93, Back Right Min: 0.60
[rosout][INFO] 2025-04-03 14:33:58,761: Back Left Min: 0.93, Back Right Min: 0.60
[rosout][INFO] 2025-04-03 14:33:58,858: Back Left Min: 0.93, Back Right Min: 0.60
[rosout][INFO] 2025-04-03 14:33:58,961: Back Left Min: 0.93, Back Right Min: 0.60
[rosout][INFO] 2025-04-03 14:33:59,058: Back Left Min: 0.93, Back Right Min: 0.60
[rosout][INFO] 2025-04-03 14:33:59,161: Back Left Min: 0.93, Back Right Min: 0.60
[rosout][INFO] 2025-04-03 14:33:59,258: Back Left Min: 0.93, Back Right Min: 0.60
[rosout][INFO] 2025-04-03 14:33:59,361: Back Left Min: 0.93, Back Right Min: 0.60
[rosout][INFO] 2025-04-03 14:33:59,458: Back Left Min: 0.93, Back Right Min: 0.60
[rosout][INFO] 2025-04-03 14:33:59,562: Back Left Min: 0.93, Back Right Min: 0.60
[rosout][INFO] 2025-04-03 14:33:59,658: Back Left Min: 0.93, Back Right Min: 0.60
[rosout][INFO] 2025-04-03 14:33:59,761: Back Left Min: 0.93, Back Right Min: 0.60
[rosout][INFO] 2025-04-03 14:33:59,858: Back Left Min: 0.93, Back Right Min: 0.60
[rosout][INFO] 2025-04-03 14:33:59,961: Back Left Min: 0.93, Back Right Min: 0.60
[rosout][INFO] 2025-04-03 14:34:00,058: Back Left Min: 0.93, Back Right Min: 0.60
[rosout][INFO] 2025-04-03 14:34:00,161: Back Left Min: 0.93, Back Right Min: 0.60
[rosout][INFO] 2025-04-03 14:34:00,258: Back Left Min: 0.93, Back Right Min: 0.60
[rosout][INFO] 2025-04-03 14:34:00,361: Back Left Min: 0.97, Back Right Min: 0.60
[rosout][INFO] 2025-04-03 14:34:00,458: Back Left Min: 0.97, Back Right Min: 0.60
[rosout][INFO] 2025-04-03 14:34:00,561: Back Left Min: 0.97, Back Right Min: 0.60
[rosout][INFO] 2025-04-03 14:34:00,658: Back Left Min: 0.93, Back Right Min: 0.60
[rosout][INFO] 2025-04-03 14:34:00,761: Back Left Min: 0.93, Back Right Min: 0.60
[rosout][INFO] 2025-04-03 14:34:00,858: Back Left Min: 0.93, Back Right Min: 0.60
[rosout][INFO] 2025-04-03 14:34:00,961: Back Left Min: 0.88, Back Right Min: 0.60
[rosout][INFO] 2025-04-03 14:34:01,058: Back Left Min: 0.88, Back Right Min: 0.60
[rosout][INFO] 2025-04-03 14:34:01,161: Back Left Min: 0.96, Back Right Min: 0.60
[rosout][INFO] 2025-04-03 14:34:01,258: Back Left Min: 0.96, Back Right Min: 0.60
[rosout][INFO] 2025-04-03 14:34:01,361: Back Left Min: 0.96, Back Right Min: 0.60
[rosout][INFO] 2025-04-03 14:34:01,458: Back Left Min: 0.96, Back Right Min: 0.60
[rosout][INFO] 2025-04-03 14:34:01,561: Back Left Min: 0.96, Back Right Min: 0.60
[rosout][INFO] 2025-04-03 14:34:01,658: Back Left Min: 0.96, Back Right Min: 0.60
[rosout][INFO] 2025-04-03 14:34:01,761: Back Left Min: 0.95, Back Right Min: 0.60
[rosout][INFO] 2025-04-03 14:34:01,858: Back Left Min: 0.95, Back Right Min: 0.60
[rosout][INFO] 2025-04-03 14:34:01,961: Back Left Min: 0.95, Back Right Min: 0.60
[rosout][INFO] 2025-04-03 14:34:02,058: Back Left Min: 0.94, Back Right Min: 0.60
[rosout][INFO] 2025-04-03 14:34:02,161: Back Left Min: 0.94, Back Right Min: 0.60
[rosout][INFO] 2025-04-03 14:34:02,258: Back Left Min: 0.94, Back Right Min: 0.60
[rosout][INFO] 2025-04-03 14:34:02,361: Back Left Min: 0.94, Back Right Min: 0.60
[rosout][INFO] 2025-04-03 14:34:02,458: Back Left Min: 0.94, Back Right Min: 0.60
[rosout][INFO] 2025-04-03 14:34:02,561: Back Left Min: 0.93, Back Right Min: 0.60
[rosout][INFO] 2025-04-03 14:34:02,658: Back Left Min: 0.93, Back Right Min: 0.60
[rosout][INFO] 2025-04-03 14:34:02,761: Back Left Min: 0.93, Back Right Min: 0.60
[rosout][INFO] 2025-04-03 14:34:02,858: Back Left Min: 0.89, Back Right Min: 0.60
[rosout][INFO] 2025-04-03 14:34:02,961: Back Left Min: 0.89, Back Right Min: 0.60
[rosout][INFO] 2025-04-03 14:34:03,058: Back Left Min: 0.89, Back Right Min: 0.60
[rosout][INFO] 2025-04-03 14:34:03,161: Back Left Min: 0.95, Back Right Min: 0.60
[rosout][INFO] 2025-04-03 14:34:03,258: Back Left Min: 0.95, Back Right Min: 0.60
[rosout][INFO] 2025-04-03 14:34:03,361: Back Left Min: 0.95, Back Right Min: 0.60
[rosout][INFO] 2025-04-03 14:34:03,458: Back Left Min: 0.96, Back Right Min: 0.60
[rosout][INFO] 2025-04-03 14:34:03,561: Back Left Min: 0.96, Back Right Min: 0.60
[rosout][INFO] 2025-04-03 14:34:03,658: Back Left Min: 0.96, Back Right Min: 0.60
[rosout][INFO] 2025-04-03 14:34:03,761: Back Left Min: 0.97, Back Right Min: 0.60
[rosout][INFO] 2025-04-03 14:34:03,858: Back Left Min: 0.97, Back Right Min: 0.60
[rosout][INFO] 2025-04-03 14:34:03,961: Back Left Min: 0.97, Back Right Min: 0.60
[rosout][INFO] 2025-04-03 14:34:04,058: Back Left Min: 0.99, Back Right Min: 0.60
[rosout][INFO] 2025-04-03 14:34:04,161: Back Left Min: 0.99, Back Right Min: 0.60
[rosout][INFO] 2025-04-03 14:34:04,258: Back Left Min: 0.99, Back Right Min: 0.60
[rosout][INFO] 2025-04-03 14:34:04,361: Back Left Min: 1.00, Back Right Min: 0.60
[rosout][INFO] 2025-04-03 14:34:04,458: Back Left Min: 1.00, Back Right Min: 0.60
[rosout][INFO] 2025-04-03 14:34:04,561: Back Left Min: 1.00, Back Right Min: 0.60
[rospy.internal][INFO] 2025-04-03 14:34:04,602: topic[/sonar_min] removing connection to /controller_joystick
[rosout][INFO] 2025-04-03 14:34:04,657: Back Left Min: 1.00, Back Right Min: 0.60
[rosout][INFO] 2025-04-03 14:34:04,761: Back Left Min: 1.00, Back Right Min: 0.60
[rosout][INFO] 2025-04-03 14:34:04,857: Back Left Min: 1.01, Back Right Min: 0.60
[rosout][INFO] 2025-04-03 14:34:04,961: Back Left Min: 1.01, Back Right Min: 0.60
[rosout][INFO] 2025-04-03 14:34:05,057: Back Left Min: 1.01, Back Right Min: 0.60
[rosout][INFO] 2025-04-03 14:34:05,161: Back Left Min: 1.01, Back Right Min: 0.60
[rosout][INFO] 2025-04-03 14:34:05,257: Back Left Min: 1.01, Back Right Min: 0.60
[rosout][INFO] 2025-04-03 14:34:05,361: Back Left Min: 1.01, Back Right Min: 0.60
[rosout][INFO] 2025-04-03 14:34:05,457: Back Left Min: 1.01, Back Right Min: 0.60
[rosout][INFO] 2025-04-03 14:34:05,561: Back Left Min: 1.01, Back Right Min: 0.60
[rosout][INFO] 2025-04-03 14:34:05,657: Back Left Min: 1.01, Back Right Min: 0.60
[rosout][INFO] 2025-04-03 14:34:05,761: Back Left Min: 1.01, Back Right Min: 0.60
[rosout][INFO] 2025-04-03 14:34:05,857: Back Left Min: 1.01, Back Right Min: 0.60
[rosout][INFO] 2025-04-03 14:34:05,961: Back Left Min: 1.19, Back Right Min: 0.60
[rosout][INFO] 2025-04-03 14:34:06,057: Back Left Min: 0.93, Back Right Min: 0.60
[rosout][INFO] 2025-04-03 14:34:06,161: Back Left Min: 0.93, Back Right Min: 0.60
[rosout][INFO] 2025-04-03 14:34:06,257: Back Left Min: 0.93, Back Right Min: 0.60
[rosout][INFO] 2025-04-03 14:34:06,361: Back Left Min: 0.90, Back Right Min: 0.60
[rosout][INFO] 2025-04-03 14:34:06,457: Back Left Min: 0.90, Back Right Min: 0.60
[rosout][INFO] 2025-04-03 14:34:06,560: Back Left Min: 0.86, Back Right Min: 0.60
[rosout][INFO] 2025-04-03 14:34:06,657: Back Left Min: 0.86, Back Right Min: 0.60
[rosout][INFO] 2025-04-03 14:34:06,760: Back Left Min: 0.86, Back Right Min: 0.60
[rosout][INFO] 2025-04-03 14:34:06,857: Back Left Min: 0.96, Back Right Min: 0.60
[rosout][INFO] 2025-04-03 14:34:06,961: Back Left Min: 1.35, Back Right Min: 0.60
[rosout][INFO] 2025-04-03 14:34:07,057: Back Left Min: 1.35, Back Right Min: 0.60
[rosout][INFO] 2025-04-03 14:34:07,160: Back Left Min: 0.74, Back Right Min: 0.60
[rosout][INFO] 2025-04-03 14:34:07,257: Back Left Min: 0.74, Back Right Min: 0.60
[rosout][INFO] 2025-04-03 14:34:07,360: Back Left Min: 0.74, Back Right Min: 0.60
[rosout][INFO] 2025-04-03 14:34:07,457: Back Left Min: 0.74, Back Right Min: 0.60
[rosout][INFO] 2025-04-03 14:34:07,560: Back Left Min: 0.60, Back Right Min: 0.60
