[rospy.client][INFO] 2025-03-27 15:17:29,514: init_node, name[/sonar_processor_26507_1743063449502], pid[26507]
[xmlrpc][INFO] 2025-03-27 15:17:29,514: XML-RPC server binding to 127.0.0.1:0
[xmlrpc][INFO] 2025-03-27 15:17:29,514: Started XML-RPC server [http://localhost:40207/]
[rospy.init][INFO] 2025-03-27 15:17:29,514: ROS Slave URI: [http://localhost:40207/]
[rospy.impl.masterslave][INFO] 2025-03-27 15:17:29,514: _ready: http://localhost:40207/
[xmlrpc][INFO] 2025-03-27 15:17:29,515: xml rpc node: starting XML-RPC server
[rospy.registration][INFO] 2025-03-27 15:17:29,515: Registering with master node http://localhost:11311
[rospy.init][INFO] 2025-03-27 15:17:29,614: registered with master
[rospy.rosout][INFO] 2025-03-27 15:17:29,615: initializing /rosout core topic
[rospy.rosout][INFO] 2025-03-27 15:17:29,621: connected to core topic /rosout
[rospy.simtime][INFO] 2025-03-27 15:17:29,624: /use_sim_time is not set, will not subscribe to simulated time [/clock] topic
[rosout][INFO] 2025-03-27 15:17:29,638: Sonar processor initialized
[rospy.internal][INFO] 2025-03-27 15:17:29,682: topic[/RosAria/sonar] adding connection to [http://localhost:40669/], count 0
[rosout][INFO] 2025-03-27 15:17:29,745: Back Left Min: 0.88, Back Right Min: 0.82
[rospy.internal][INFO] 2025-03-27 15:17:29,844: topic[/rosout] adding connection to [/rosout], count 0
[rosout][INFO] 2025-03-27 15:17:29,847: Back Left Min: 0.83, Back Right Min: 0.82
[rospy.internal][INFO] 2025-03-27 15:17:29,878: topic[/sonar_min] adding connection to [/rostopic_14070_1743062901856], count 0
[rosout][INFO] 2025-03-27 15:17:29,944: Back Left Min: 0.83, Back Right Min: 0.82
[rosout][INFO] 2025-03-27 15:17:30,047: Back Left Min: 0.72, Back Right Min: 0.93
[rosout][INFO] 2025-03-27 15:17:30,144: Back Left Min: 0.72, Back Right Min: 0.93
[rosout][INFO] 2025-03-27 15:17:30,247: Back Left Min: 0.72, Back Right Min: 0.93
[rosout][INFO] 2025-03-27 15:17:30,343: Back Left Min: 0.82, Back Right Min: 0.93
[rosout][INFO] 2025-03-27 15:17:30,446: Back Left Min: 0.82, Back Right Min: 0.93
[rosout][INFO] 2025-03-27 15:17:30,543: Back Left Min: 0.82, Back Right Min: 0.93
[rosout][INFO] 2025-03-27 15:17:30,646: Back Left Min: 0.82, Back Right Min: 0.93
[rosout][INFO] 2025-03-27 15:17:30,743: Back Left Min: 0.82, Back Right Min: 0.93
[rosout][INFO] 2025-03-27 15:17:30,846: Back Left Min: 0.82, Back Right Min: 0.93
[rosout][INFO] 2025-03-27 15:17:30,943: Back Left Min: 0.82, Back Right Min: 0.93
[rosout][INFO] 2025-03-27 15:17:31,046: Back Left Min: 0.82, Back Right Min: 0.93
[rosout][INFO] 2025-03-27 15:17:31,143: Back Left Min: 0.82, Back Right Min: 0.93
[rosout][INFO] 2025-03-27 15:17:31,246: Back Left Min: 0.82, Back Right Min: 0.93
[rosout][INFO] 2025-03-27 15:17:31,343: Back Left Min: 0.82, Back Right Min: 0.93
[rosout][INFO] 2025-03-27 15:17:31,447: Back Left Min: 0.83, Back Right Min: 0.93
[rosout][INFO] 2025-03-27 15:17:31,543: Back Left Min: 0.83, Back Right Min: 0.93
[rosout][INFO] 2025-03-27 15:17:31,647: Back Left Min: 0.83, Back Right Min: 0.93
[rosout][INFO] 2025-03-27 15:17:31,743: Back Left Min: 0.82, Back Right Min: 0.93
[rosout][INFO] 2025-03-27 15:17:31,847: Back Left Min: 0.82, Back Right Min: 0.93
[rosout][INFO] 2025-03-27 15:17:31,944: Back Left Min: 0.82, Back Right Min: 0.93
[rosout][INFO] 2025-03-27 15:17:32,047: Back Left Min: 0.82, Back Right Min: 0.93
[rosout][INFO] 2025-03-27 15:17:32,144: Back Left Min: 0.82, Back Right Min: 0.93
[rosout][INFO] 2025-03-27 15:17:32,247: Back Left Min: 0.82, Back Right Min: 0.93
[rosout][INFO] 2025-03-27 15:17:32,344: Back Left Min: 0.82, Back Right Min: 0.93
[rosout][INFO] 2025-03-27 15:17:32,447: Back Left Min: 0.82, Back Right Min: 0.93
[rosout][INFO] 2025-03-27 15:17:32,544: Back Left Min: 0.82, Back Right Min: 0.93
[rosout][INFO] 2025-03-27 15:17:32,647: Back Left Min: 0.82, Back Right Min: 0.93
[rosout][INFO] 2025-03-27 15:17:32,744: Back Left Min: 0.82, Back Right Min: 0.93
[rosout][INFO] 2025-03-27 15:17:32,847: Back Left Min: 0.82, Back Right Min: 0.93
[rosout][INFO] 2025-03-27 15:17:32,944: Back Left Min: 0.82, Back Right Min: 0.93
[rosout][INFO] 2025-03-27 15:17:33,047: Back Left Min: 0.82, Back Right Min: 0.93
[rosout][INFO] 2025-03-27 15:17:33,144: Back Left Min: 0.84, Back Right Min: 0.93
[rosout][INFO] 2025-03-27 15:17:33,247: Back Left Min: 0.84, Back Right Min: 0.93
[rosout][INFO] 2025-03-27 15:17:33,344: Back Left Min: 0.84, Back Right Min: 0.93
[rosout][INFO] 2025-03-27 15:17:33,447: Back Left Min: 0.82, Back Right Min: 0.93
[rosout][INFO] 2025-03-27 15:17:33,544: Back Left Min: 0.82, Back Right Min: 0.93
[rosout][INFO] 2025-03-27 15:17:33,647: Back Left Min: 0.83, Back Right Min: 0.93
[rosout][INFO] 2025-03-27 15:17:33,744: Back Left Min: 0.83, Back Right Min: 0.93
[rosout][INFO] 2025-03-27 15:17:33,847: Back Left Min: 0.83, Back Right Min: 0.93
[rosout][INFO] 2025-03-27 15:17:33,944: Back Left Min: 0.83, Back Right Min: 0.93
[rosout][INFO] 2025-03-27 15:17:34,048: Back Left Min: 0.83, Back Right Min: 0.93
[rosout][INFO] 2025-03-27 15:17:34,144: Back Left Min: 0.83, Back Right Min: 0.93
[rosout][INFO] 2025-03-27 15:17:34,248: Back Left Min: 0.83, Back Right Min: 0.93
[rosout][INFO] 2025-03-27 15:17:34,345: Back Left Min: 0.83, Back Right Min: 0.93
[rosout][INFO] 2025-03-27 15:17:34,448: Back Left Min: 0.83, Back Right Min: 0.93
[rosout][INFO] 2025-03-27 15:17:34,545: Back Left Min: 0.83, Back Right Min: 0.93
[rosout][INFO] 2025-03-27 15:17:34,648: Back Left Min: 0.83, Back Right Min: 0.93
[rosout][INFO] 2025-03-27 15:17:34,745: Back Left Min: 0.83, Back Right Min: 0.93
[rosout][INFO] 2025-03-27 15:17:34,848: Back Left Min: 0.82, Back Right Min: 0.93
[rosout][INFO] 2025-03-27 15:17:34,945: Back Left Min: 0.82, Back Right Min: 0.93
[rosout][INFO] 2025-03-27 15:17:35,048: Back Left Min: 0.82, Back Right Min: 0.93
[rosout][INFO] 2025-03-27 15:17:35,145: Back Left Min: 0.82, Back Right Min: 0.93
[rosout][INFO] 2025-03-27 15:17:35,248: Back Left Min: 0.82, Back Right Min: 0.93
[rosout][INFO] 2025-03-27 15:17:35,345: Back Left Min: 0.85, Back Right Min: 0.93
[rosout][INFO] 2025-03-27 15:17:35,448: Back Left Min: 0.85, Back Right Min: 0.93
[rosout][INFO] 2025-03-27 15:17:35,545: Back Left Min: 0.85, Back Right Min: 0.93
[rosout][INFO] 2025-03-27 15:17:35,648: Back Left Min: 0.83, Back Right Min: 0.93
[rosout][INFO] 2025-03-27 15:17:35,745: Back Left Min: 0.83, Back Right Min: 0.93
[rosout][INFO] 2025-03-27 15:17:35,848: Back Left Min: 0.83, Back Right Min: 0.93
[rosout][INFO] 2025-03-27 15:17:35,945: Back Left Min: 0.83, Back Right Min: 0.93
[rosout][INFO] 2025-03-27 15:17:36,048: Back Left Min: 0.83, Back Right Min: 0.93
[rosout][INFO] 2025-03-27 15:17:36,145: Back Left Min: 0.83, Back Right Min: 0.93
[rosout][INFO] 2025-03-27 15:17:36,249: Back Left Min: 0.83, Back Right Min: 0.93
[rosout][INFO] 2025-03-27 15:17:36,345: Back Left Min: 0.83, Back Right Min: 0.93
[rosout][INFO] 2025-03-27 15:17:36,449: Back Left Min: 0.83, Back Right Min: 0.93
[rosout][INFO] 2025-03-27 15:17:36,546: Back Left Min: 0.82, Back Right Min: 0.93
[rosout][INFO] 2025-03-27 15:17:36,649: Back Left Min: 0.82, Back Right Min: 0.93
[rosout][INFO] 2025-03-27 15:17:36,746: Back Left Min: 0.82, Back Right Min: 0.93
[rosout][INFO] 2025-03-27 15:17:36,849: Back Left Min: 0.82, Back Right Min: 0.93
[rosout][INFO] 2025-03-27 15:17:36,946: Back Left Min: 0.82, Back Right Min: 0.93
[rosout][INFO] 2025-03-27 15:17:37,049: Back Left Min: 0.83, Back Right Min: 0.93
[rosout][INFO] 2025-03-27 15:17:37,146: Back Left Min: 0.83, Back Right Min: 0.93
[rosout][INFO] 2025-03-27 15:17:37,249: Back Left Min: 0.83, Back Right Min: 0.93
[rosout][INFO] 2025-03-27 15:17:37,346: Back Left Min: 0.82, Back Right Min: 0.93
[rosout][INFO] 2025-03-27 15:17:37,449: Back Left Min: 0.82, Back Right Min: 0.93
[rosout][INFO] 2025-03-27 15:17:37,546: Back Left Min: 0.82, Back Right Min: 0.93
[rosout][INFO] 2025-03-27 15:17:37,649: Back Left Min: 0.81, Back Right Min: 0.93
[rosout][INFO] 2025-03-27 15:17:37,746: Back Left Min: 0.81, Back Right Min: 0.93
[rosout][INFO] 2025-03-27 15:17:37,849: Back Left Min: 0.81, Back Right Min: 0.93
[rosout][INFO] 2025-03-27 15:17:37,946: Back Left Min: 0.81, Back Right Min: 0.93
[rosout][INFO] 2025-03-27 15:17:38,049: Back Left Min: 0.81, Back Right Min: 0.93
[rosout][INFO] 2025-03-27 15:17:38,146: Back Left Min: 0.81, Back Right Min: 0.93
[rosout][INFO] 2025-03-27 15:17:38,249: Back Left Min: 0.81, Back Right Min: 0.93
[rosout][INFO] 2025-03-27 15:17:38,346: Back Left Min: 0.81, Back Right Min: 0.93
[rosout][INFO] 2025-03-27 15:17:38,449: Back Left Min: 0.81, Back Right Min: 0.93
[rosout][INFO] 2025-03-27 15:17:38,546: Back Left Min: 0.81, Back Right Min: 0.93
[rosout][INFO] 2025-03-27 15:17:38,649: Back Left Min: 0.81, Back Right Min: 0.93
[rosout][INFO] 2025-03-27 15:17:38,746: Back Left Min: 0.82, Back Right Min: 0.93
[rosout][INFO] 2025-03-27 15:17:38,850: Back Left Min: 0.82, Back Right Min: 0.93
[rosout][INFO] 2025-03-27 15:17:38,946: Back Left Min: 0.82, Back Right Min: 0.93
[rosout][INFO] 2025-03-27 15:17:39,050: Back Left Min: 0.82, Back Right Min: 0.93
[rosout][INFO] 2025-03-27 15:17:39,147: Back Left Min: 0.82, Back Right Min: 0.93
[rosout][INFO] 2025-03-27 15:17:39,250: Back Left Min: 0.82, Back Right Min: 0.93
[rosout][INFO] 2025-03-27 15:17:39,347: Back Left Min: 0.85, Back Right Min: 0.93
[rosout][INFO] 2025-03-27 15:17:39,450: Back Left Min: 0.85, Back Right Min: 0.93
[rosout][INFO] 2025-03-27 15:17:39,547: Back Left Min: 0.85, Back Right Min: 0.93
[rosout][INFO] 2025-03-27 15:17:39,650: Back Left Min: 0.85, Back Right Min: 0.93
[rosout][INFO] 2025-03-27 15:17:39,747: Back Left Min: 0.85, Back Right Min: 0.93
[rosout][INFO] 2025-03-27 15:17:39,850: Back Left Min: 0.83, Back Right Min: 0.93
[rosout][INFO] 2025-03-27 15:17:39,947: Back Left Min: 0.83, Back Right Min: 0.93
[rosout][INFO] 2025-03-27 15:17:40,050: Back Left Min: 0.83, Back Right Min: 0.93
[rosout][INFO] 2025-03-27 15:17:40,147: Back Left Min: 0.83, Back Right Min: 0.93
[rosout][INFO] 2025-03-27 15:17:40,250: Back Left Min: 0.83, Back Right Min: 0.93
[rosout][INFO] 2025-03-27 15:17:40,347: Back Left Min: 0.83, Back Right Min: 0.93
[rosout][INFO] 2025-03-27 15:17:40,450: Back Left Min: 0.82, Back Right Min: 0.93
[rosout][INFO] 2025-03-27 15:17:40,547: Back Left Min: 0.82, Back Right Min: 0.93
[rosout][INFO] 2025-03-27 15:17:40,650: Back Left Min: 0.83, Back Right Min: 0.93
[rosout][INFO] 2025-03-27 15:17:40,747: Back Left Min: 0.83, Back Right Min: 0.93
[rosout][INFO] 2025-03-27 15:17:40,850: Back Left Min: 0.83, Back Right Min: 0.93
[rosout][INFO] 2025-03-27 15:17:40,947: Back Left Min: 0.82, Back Right Min: 0.93
[rosout][INFO] 2025-03-27 15:17:41,050: Back Left Min: 0.82, Back Right Min: 0.93
[rosout][INFO] 2025-03-27 15:17:41,147: Back Left Min: 0.82, Back Right Min: 0.93
[rosout][INFO] 2025-03-27 15:17:41,251: Back Left Min: 0.83, Back Right Min: 0.93
[rosout][INFO] 2025-03-27 15:17:41,347: Back Left Min: 0.83, Back Right Min: 0.93
[rosout][INFO] 2025-03-27 15:17:41,451: Back Left Min: 0.83, Back Right Min: 0.93
[rosout][INFO] 2025-03-27 15:17:41,548: Back Left Min: 0.82, Back Right Min: 0.93
[rosout][INFO] 2025-03-27 15:17:41,651: Back Left Min: 0.82, Back Right Min: 0.93
[rosout][INFO] 2025-03-27 15:17:41,748: Back Left Min: 0.82, Back Right Min: 0.93
[rosout][INFO] 2025-03-27 15:17:41,851: Back Left Min: 0.82, Back Right Min: 0.93
[rosout][INFO] 2025-03-27 15:17:41,948: Back Left Min: 0.82, Back Right Min: 0.93
[rosout][INFO] 2025-03-27 15:17:42,051: Back Left Min: 0.83, Back Right Min: 0.93
[rosout][INFO] 2025-03-27 15:17:42,148: Back Left Min: 0.83, Back Right Min: 0.93
[rosout][INFO] 2025-03-27 15:17:42,251: Back Left Min: 0.83, Back Right Min: 0.93
[rosout][INFO] 2025-03-27 15:17:42,348: Back Left Min: 0.82, Back Right Min: 0.93
[rosout][INFO] 2025-03-27 15:17:42,451: Back Left Min: 0.82, Back Right Min: 0.93
[rosout][INFO] 2025-03-27 15:17:42,548: Back Left Min: 0.82, Back Right Min: 0.93
[rosout][INFO] 2025-03-27 15:17:42,651: Back Left Min: 0.82, Back Right Min: 0.93
[rosout][INFO] 2025-03-27 15:17:42,748: Back Left Min: 0.82, Back Right Min: 0.93
[rosout][INFO] 2025-03-27 15:17:42,851: Back Left Min: 0.82, Back Right Min: 0.93
[rosout][INFO] 2025-03-27 15:17:42,948: Back Left Min: 0.82, Back Right Min: 0.93
[rosout][INFO] 2025-03-27 15:17:43,051: Back Left Min: 0.82, Back Right Min: 0.93
[rosout][INFO] 2025-03-27 15:17:43,148: Back Left Min: 0.82, Back Right Min: 0.93
[rosout][INFO] 2025-03-27 15:17:43,251: Back Left Min: 0.84, Back Right Min: 0.93
[rosout][INFO] 2025-03-27 15:17:43,348: Back Left Min: 0.84, Back Right Min: 0.93
[rosout][INFO] 2025-03-27 15:17:43,451: Back Left Min: 0.82, Back Right Min: 0.93
[rosout][INFO] 2025-03-27 15:17:43,548: Back Left Min: 0.82, Back Right Min: 0.93
[rosout][INFO] 2025-03-27 15:17:43,652: Back Left Min: 0.82, Back Right Min: 0.93
[rosout][INFO] 2025-03-27 15:17:43,748: Back Left Min: 0.82, Back Right Min: 0.93
[rosout][INFO] 2025-03-27 15:17:43,852: Back Left Min: 0.82, Back Right Min: 0.93
[rosout][INFO] 2025-03-27 15:17:43,948: Back Left Min: 0.82, Back Right Min: 0.93
[rosout][INFO] 2025-03-27 15:17:44,052: Back Left Min: 0.82, Back Right Min: 0.93
[rosout][INFO] 2025-03-27 15:17:44,149: Back Left Min: 0.82, Back Right Min: 0.93
[rosout][INFO] 2025-03-27 15:17:44,252: Back Left Min: 0.82, Back Right Min: 0.93
[rosout][INFO] 2025-03-27 15:17:44,349: Back Left Min: 0.82, Back Right Min: 0.93
[rosout][INFO] 2025-03-27 15:17:44,452: Back Left Min: 0.82, Back Right Min: 0.93
[rosout][INFO] 2025-03-27 15:17:44,549: Back Left Min: 0.82, Back Right Min: 0.93
[rosout][INFO] 2025-03-27 15:17:44,652: Back Left Min: 0.83, Back Right Min: 0.93
[rosout][INFO] 2025-03-27 15:17:44,749: Back Left Min: 0.83, Back Right Min: 0.93
[rosout][INFO] 2025-03-27 15:17:44,852: Back Left Min: 0.83, Back Right Min: 0.93
[rosout][INFO] 2025-03-27 15:17:44,949: Back Left Min: 0.83, Back Right Min: 0.93
[rosout][INFO] 2025-03-27 15:17:45,052: Back Left Min: 0.83, Back Right Min: 0.93
[rosout][INFO] 2025-03-27 15:17:45,149: Back Left Min: 0.82, Back Right Min: 0.93
[rosout][INFO] 2025-03-27 15:17:45,252: Back Left Min: 0.82, Back Right Min: 0.93
[rosout][INFO] 2025-03-27 15:17:45,349: Back Left Min: 0.82, Back Right Min: 0.93
[rosout][INFO] 2025-03-27 15:17:45,452: Back Left Min: 0.82, Back Right Min: 0.93
[rosout][INFO] 2025-03-27 15:17:45,549: Back Left Min: 0.82, Back Right Min: 0.93
[rosout][INFO] 2025-03-27 15:17:45,652: Back Left Min: 0.82, Back Right Min: 0.93
[rosout][INFO] 2025-03-27 15:17:45,749: Back Left Min: 0.83, Back Right Min: 0.93
[rosout][INFO] 2025-03-27 15:17:45,852: Back Left Min: 0.83, Back Right Min: 0.93
[rosout][INFO] 2025-03-27 15:17:45,949: Back Left Min: 0.83, Back Right Min: 0.93
[rosout][INFO] 2025-03-27 15:17:46,053: Back Left Min: 0.82, Back Right Min: 0.93
[rosout][INFO] 2025-03-27 15:17:46,149: Back Left Min: 0.82, Back Right Min: 0.93
[rosout][INFO] 2025-03-27 15:17:46,253: Back Left Min: 0.82, Back Right Min: 0.93
[rosout][INFO] 2025-03-27 15:17:46,350: Back Left Min: 0.83, Back Right Min: 0.93
[rosout][INFO] 2025-03-27 15:17:46,453: Back Left Min: 0.83, Back Right Min: 0.93
[rosout][INFO] 2025-03-27 15:17:46,550: Back Left Min: 0.83, Back Right Min: 0.93
[rosout][INFO] 2025-03-27 15:17:46,653: Back Left Min: 0.82, Back Right Min: 0.93
[rosout][INFO] 2025-03-27 15:17:46,750: Back Left Min: 0.82, Back Right Min: 0.93
[rosout][INFO] 2025-03-27 15:17:46,853: Back Left Min: 0.82, Back Right Min: 0.92
[rosout][INFO] 2025-03-27 15:17:46,950: Back Left Min: 0.82, Back Right Min: 0.92
[rosout][INFO] 2025-03-27 15:17:47,053: Back Left Min: 0.82, Back Right Min: 0.93
[rosout][INFO] 2025-03-27 15:17:47,150: Back Left Min: 0.82, Back Right Min: 0.93
[rosout][INFO] 2025-03-27 15:17:47,253: Back Left Min: 0.82, Back Right Min: 0.93
[rosout][INFO] 2025-03-27 15:17:47,350: Back Left Min: 0.82, Back Right Min: 0.93
[rosout][INFO] 2025-03-27 15:17:47,453: Back Left Min: 0.82, Back Right Min: 0.93
[rosout][INFO] 2025-03-27 15:17:47,550: Back Left Min: 0.82, Back Right Min: 0.93
[rosout][INFO] 2025-03-27 15:17:47,653: Back Left Min: 0.82, Back Right Min: 0.93
[rosout][INFO] 2025-03-27 15:17:47,750: Back Left Min: 0.82, Back Right Min: 0.93
[rosout][INFO] 2025-03-27 15:17:47,853: Back Left Min: 0.82, Back Right Min: 0.93
[rosout][INFO] 2025-03-27 15:17:47,950: Back Left Min: 0.82, Back Right Min: 0.92
[rosout][INFO] 2025-03-27 15:17:48,053: Back Left Min: 0.83, Back Right Min: 0.92
[rosout][INFO] 2025-03-27 15:17:48,150: Back Left Min: 0.83, Back Right Min: 0.92
[rosout][INFO] 2025-03-27 15:17:48,254: Back Left Min: 0.81, Back Right Min: 0.93
[rosout][INFO] 2025-03-27 15:17:48,350: Back Left Min: 0.81, Back Right Min: 0.93
[rosout][INFO] 2025-03-27 15:17:48,454: Back Left Min: 0.81, Back Right Min: 0.93
[rosout][INFO] 2025-03-27 15:17:48,550: Back Left Min: 0.83, Back Right Min: 0.93
[rosout][INFO] 2025-03-27 15:17:48,654: Back Left Min: 0.83, Back Right Min: 0.93
[rosout][INFO] 2025-03-27 15:17:48,750: Back Left Min: 0.83, Back Right Min: 0.92
[rosout][INFO] 2025-03-27 15:17:48,854: Back Left Min: 0.83, Back Right Min: 0.92
[rosout][INFO] 2025-03-27 15:17:48,951: Back Left Min: 0.83, Back Right Min: 0.92
[rosout][INFO] 2025-03-27 15:17:49,054: Back Left Min: 0.83, Back Right Min: 0.92
[rosout][INFO] 2025-03-27 15:17:49,151: Back Left Min: 0.83, Back Right Min: 0.92
[rosout][INFO] 2025-03-27 15:17:49,254: Back Left Min: 0.83, Back Right Min: 0.92
[rosout][INFO] 2025-03-27 15:17:49,351: Back Left Min: 0.82, Back Right Min: 0.92
[rosout][INFO] 2025-03-27 15:17:49,454: Back Left Min: 0.82, Back Right Min: 0.92
[rosout][INFO] 2025-03-27 15:17:49,551: Back Left Min: 0.82, Back Right Min: 0.92
[rosout][INFO] 2025-03-27 15:17:49,654: Back Left Min: 0.82, Back Right Min: 0.93
[rosout][INFO] 2025-03-27 15:17:49,751: Back Left Min: 0.82, Back Right Min: 0.93
[rosout][INFO] 2025-03-27 15:17:49,854: Back Left Min: 0.82, Back Right Min: 0.93
[rosout][INFO] 2025-03-27 15:17:49,951: Back Left Min: 0.83, Back Right Min: 0.93
[rosout][INFO] 2025-03-27 15:17:50,054: Back Left Min: 0.83, Back Right Min: 0.93
[rosout][INFO] 2025-03-27 15:17:50,151: Back Left Min: 0.83, Back Right Min: 0.92
[rosout][INFO] 2025-03-27 15:17:50,254: Back Left Min: 0.82, Back Right Min: 0.92
[rosout][INFO] 2025-03-27 15:17:50,351: Back Left Min: 0.82, Back Right Min: 0.92
[rosout][INFO] 2025-03-27 15:17:50,454: Back Left Min: 0.82, Back Right Min: 0.92
[rosout][INFO] 2025-03-27 15:17:50,551: Back Left Min: 0.82, Back Right Min: 0.92
[rosout][INFO] 2025-03-27 15:17:50,655: Back Left Min: 0.82, Back Right Min: 0.92
[rosout][INFO] 2025-03-27 15:17:50,751: Back Left Min: 0.83, Back Right Min: 0.92
[rosout][INFO] 2025-03-27 15:17:50,855: Back Left Min: 0.82, Back Right Min: 0.92
[rosout][INFO] 2025-03-27 15:17:50,951: Back Left Min: 0.82, Back Right Min: 0.92
[rosout][INFO] 2025-03-27 15:17:51,055: Back Left Min: 0.82, Back Right Min: 0.93
[rosout][INFO] 2025-03-27 15:17:51,152: Back Left Min: 0.82, Back Right Min: 0.93
[rosout][INFO] 2025-03-27 15:17:51,255: Back Left Min: 0.82, Back Right Min: 0.93
[rosout][INFO] 2025-03-27 15:17:51,352: Back Left Min: 0.82, Back Right Min: 0.93
[rosout][INFO] 2025-03-27 15:17:51,455: Back Left Min: 0.82, Back Right Min: 0.93
[rosout][INFO] 2025-03-27 15:17:51,552: Back Left Min: 0.82, Back Right Min: 0.93
[rosout][INFO] 2025-03-27 15:17:51,655: Back Left Min: 0.82, Back Right Min: 0.93
[rosout][INFO] 2025-03-27 15:17:51,752: Back Left Min: 0.82, Back Right Min: 0.93
[rosout][INFO] 2025-03-27 15:17:51,855: Back Left Min: 0.82, Back Right Min: 0.93
[rosout][INFO] 2025-03-27 15:17:51,952: Back Left Min: 0.82, Back Right Min: 0.93
[rosout][INFO] 2025-03-27 15:17:52,055: Back Left Min: 0.82, Back Right Min: 0.93
[rosout][INFO] 2025-03-27 15:17:52,152: Back Left Min: 0.82, Back Right Min: 0.93
[rosout][INFO] 2025-03-27 15:17:52,255: Back Left Min: 0.85, Back Right Min: 0.93
[rosout][INFO] 2025-03-27 15:17:52,352: Back Left Min: 0.85, Back Right Min: 0.93
[rosout][INFO] 2025-03-27 15:17:52,455: Back Left Min: 0.83, Back Right Min: 0.93
[rosout][INFO] 2025-03-27 15:17:52,552: Back Left Min: 0.83, Back Right Min: 0.93
[rosout][INFO] 2025-03-27 15:17:52,655: Back Left Min: 0.83, Back Right Min: 0.92
[rosout][INFO] 2025-03-27 15:17:52,752: Back Left Min: 0.82, Back Right Min: 0.92
[rosout][INFO] 2025-03-27 15:17:52,855: Back Left Min: 0.82, Back Right Min: 0.92
[rosout][INFO] 2025-03-27 15:17:52,952: Back Left Min: 0.82, Back Right Min: 0.92
[rosout][INFO] 2025-03-27 15:17:53,056: Back Left Min: 0.82, Back Right Min: 0.92
[rosout][INFO] 2025-03-27 15:17:53,152: Back Left Min: 0.82, Back Right Min: 0.92
[rosout][INFO] 2025-03-27 15:17:53,256: Back Left Min: 0.82, Back Right Min: 0.92
[rosout][INFO] 2025-03-27 15:17:53,352: Back Left Min: 0.84, Back Right Min: 0.92
[rosout][INFO] 2025-03-27 15:17:53,456: Back Left Min: 0.84, Back Right Min: 0.92
[rosout][INFO] 2025-03-27 15:17:53,553: Back Left Min: 0.85, Back Right Min: 0.92
[rosout][INFO] 2025-03-27 15:17:53,656: Back Left Min: 0.82, Back Right Min: 0.92
[rosout][INFO] 2025-03-27 15:17:53,753: Back Left Min: 0.82, Back Right Min: 0.92
[rosout][INFO] 2025-03-27 15:17:53,856: Back Left Min: 0.82, Back Right Min: 0.92
[rosout][INFO] 2025-03-27 15:17:53,953: Back Left Min: 0.82, Back Right Min: 0.92
[rosout][INFO] 2025-03-27 15:17:54,056: Back Left Min: 0.82, Back Right Min: 0.93
[rosout][INFO] 2025-03-27 15:17:54,153: Back Left Min: 0.83, Back Right Min: 0.93
[rosout][INFO] 2025-03-27 15:17:54,256: Back Left Min: 0.83, Back Right Min: 0.93
[rosout][INFO] 2025-03-27 15:17:54,353: Back Left Min: 0.83, Back Right Min: 0.93
[rosout][INFO] 2025-03-27 15:17:54,456: Back Left Min: 0.83, Back Right Min: 0.93
[rosout][INFO] 2025-03-27 15:17:54,553: Back Left Min: 0.83, Back Right Min: 0.93
[rosout][INFO] 2025-03-27 15:17:54,656: Back Left Min: 0.82, Back Right Min: 0.92
[rosout][INFO] 2025-03-27 15:17:54,753: Back Left Min: 0.82, Back Right Min: 0.92
[rosout][INFO] 2025-03-27 15:17:54,856: Back Left Min: 0.82, Back Right Min: 0.92
[rosout][INFO] 2025-03-27 15:17:54,953: Back Left Min: 0.83, Back Right Min: 0.92
[rosout][INFO] 2025-03-27 15:17:55,056: Back Left Min: 0.83, Back Right Min: 0.92
[rosout][INFO] 2025-03-27 15:17:55,153: Back Left Min: 0.83, Back Right Min: 0.92
[rosout][INFO] 2025-03-27 15:17:55,256: Back Left Min: 0.82, Back Right Min: 0.92
[rosout][INFO] 2025-03-27 15:17:55,353: Back Left Min: 0.82, Back Right Min: 0.92
[rosout][INFO] 2025-03-27 15:17:55,457: Back Left Min: 0.82, Back Right Min: 0.92
[rosout][INFO] 2025-03-27 15:17:55,553: Back Left Min: 0.83, Back Right Min: 0.92
[rosout][INFO] 2025-03-27 15:17:55,657: Back Left Min: 0.83, Back Right Min: 0.92
[rosout][INFO] 2025-03-27 15:17:55,753: Back Left Min: 0.83, Back Right Min: 0.92
[rosout][INFO] 2025-03-27 15:17:55,857: Back Left Min: 0.83, Back Right Min: 0.92
[rosout][INFO] 2025-03-27 15:17:55,954: Back Left Min: 0.83, Back Right Min: 0.92
[rosout][INFO] 2025-03-27 15:17:56,057: Back Left Min: 0.82, Back Right Min: 0.92
[rosout][INFO] 2025-03-27 15:17:56,154: Back Left Min: 0.82, Back Right Min: 0.92
[rosout][INFO] 2025-03-27 15:17:56,257: Back Left Min: 0.82, Back Right Min: 0.92
[rosout][INFO] 2025-03-27 15:17:56,354: Back Left Min: 0.82, Back Right Min: 0.92
[rosout][INFO] 2025-03-27 15:17:56,457: Back Left Min: 0.82, Back Right Min: 0.92
[rosout][INFO] 2025-03-27 15:17:56,554: Back Left Min: 0.82, Back Right Min: 0.92
[rosout][INFO] 2025-03-27 15:17:56,657: Back Left Min: 0.82, Back Right Min: 0.93
[rosout][INFO] 2025-03-27 15:17:56,754: Back Left Min: 0.82, Back Right Min: 0.93
[rosout][INFO] 2025-03-27 15:17:56,857: Back Left Min: 0.82, Back Right Min: 0.93
[rosout][INFO] 2025-03-27 15:17:56,954: Back Left Min: 0.82, Back Right Min: 0.93
[rosout][INFO] 2025-03-27 15:17:57,057: Back Left Min: 0.82, Back Right Min: 0.93
[rosout][INFO] 2025-03-27 15:17:57,154: Back Left Min: 0.82, Back Right Min: 0.92
[rosout][INFO] 2025-03-27 15:17:57,257: Back Left Min: 0.82, Back Right Min: 0.92
[rosout][INFO] 2025-03-27 15:17:57,354: Back Left Min: 0.82, Back Right Min: 0.92
[rosout][INFO] 2025-03-27 15:17:57,457: Back Left Min: 0.82, Back Right Min: 0.92
[rosout][INFO] 2025-03-27 15:17:57,554: Back Left Min: 0.82, Back Right Min: 0.92
[rosout][INFO] 2025-03-27 15:17:57,657: Back Left Min: 0.82, Back Right Min: 0.92
[rosout][INFO] 2025-03-27 15:17:57,754: Back Left Min: 0.82, Back Right Min: 0.92
[rosout][INFO] 2025-03-27 15:17:57,858: Back Left Min: 0.83, Back Right Min: 0.92
[rosout][INFO] 2025-03-27 15:17:57,954: Back Left Min: 0.83, Back Right Min: 0.92
[rosout][INFO] 2025-03-27 15:17:58,058: Back Left Min: 0.83, Back Right Min: 0.92
[rosout][INFO] 2025-03-27 15:17:58,155: Back Left Min: 0.83, Back Right Min: 0.92
[rosout][INFO] 2025-03-27 15:17:58,258: Back Left Min: 0.83, Back Right Min: 0.92
[rosout][INFO] 2025-03-27 15:17:58,355: Back Left Min: 0.82, Back Right Min: 0.92
[rosout][INFO] 2025-03-27 15:17:58,458: Back Left Min: 0.82, Back Right Min: 0.92
[rosout][INFO] 2025-03-27 15:17:58,555: Back Left Min: 0.82, Back Right Min: 0.92
[rosout][INFO] 2025-03-27 15:17:58,658: Back Left Min: 0.83, Back Right Min: 0.92
[rosout][INFO] 2025-03-27 15:17:58,755: Back Left Min: 0.83, Back Right Min: 0.92
[rosout][INFO] 2025-03-27 15:17:58,858: Back Left Min: 0.84, Back Right Min: 0.92
[rosout][INFO] 2025-03-27 15:17:58,955: Back Left Min: 0.82, Back Right Min: 0.92
[rosout][INFO] 2025-03-27 15:17:59,058: Back Left Min: 0.82, Back Right Min: 0.92
[rosout][INFO] 2025-03-27 15:17:59,155: Back Left Min: 0.82, Back Right Min: 0.93
[rosout][INFO] 2025-03-27 15:17:59,258: Back Left Min: 0.82, Back Right Min: 0.93
[rosout][INFO] 2025-03-27 15:17:59,355: Back Left Min: 0.82, Back Right Min: 0.93
[rosout][INFO] 2025-03-27 15:17:59,458: Back Left Min: 0.83, Back Right Min: 0.93
[rosout][INFO] 2025-03-27 15:17:59,555: Back Left Min: 0.83, Back Right Min: 0.93
[rosout][INFO] 2025-03-27 15:17:59,658: Back Left Min: 0.83, Back Right Min: 0.93
[rosout][INFO] 2025-03-27 15:17:59,755: Back Left Min: 0.82, Back Right Min: 0.93
[rosout][INFO] 2025-03-27 15:17:59,858: Back Left Min: 0.82, Back Right Min: 0.93
[rosout][INFO] 2025-03-27 15:17:59,955: Back Left Min: 0.82, Back Right Min: 0.93
[rosout][INFO] 2025-03-27 15:18:00,058: Back Left Min: 0.82, Back Right Min: 0.93
[rosout][INFO] 2025-03-27 15:18:00,155: Back Left Min: 0.82, Back Right Min: 0.93
[rosout][INFO] 2025-03-27 15:18:00,258: Back Left Min: 0.82, Back Right Min: 0.93
[rosout][INFO] 2025-03-27 15:18:00,355: Back Left Min: 0.82, Back Right Min: 0.93
[rosout][INFO] 2025-03-27 15:18:00,459: Back Left Min: 0.82, Back Right Min: 0.93
[rosout][INFO] 2025-03-27 15:18:00,555: Back Left Min: 0.82, Back Right Min: 0.93
[rosout][INFO] 2025-03-27 15:18:00,659: Back Left Min: 0.82, Back Right Min: 0.93
[rosout][INFO] 2025-03-27 15:18:00,756: Back Left Min: 0.82, Back Right Min: 0.93
[rosout][INFO] 2025-03-27 15:18:00,859: Back Left Min: 0.81, Back Right Min: 0.93
[rosout][INFO] 2025-03-27 15:18:00,956: Back Left Min: 0.81, Back Right Min: 0.93
[rosout][INFO] 2025-03-27 15:18:01,059: Back Left Min: 0.81, Back Right Min: 0.92
[rosout][INFO] 2025-03-27 15:18:01,156: Back Left Min: 0.81, Back Right Min: 0.92
[rosout][INFO] 2025-03-27 15:18:01,259: Back Left Min: 0.81, Back Right Min: 0.92
[rosout][INFO] 2025-03-27 15:18:01,356: Back Left Min: 0.81, Back Right Min: 0.93
[rosout][INFO] 2025-03-27 15:18:01,459: Back Left Min: 0.81, Back Right Min: 0.93
[rosout][INFO] 2025-03-27 15:18:01,556: Back Left Min: 0.81, Back Right Min: 0.93
[rosout][INFO] 2025-03-27 15:18:01,659: Back Left Min: 0.81, Back Right Min: 0.93
[rosout][INFO] 2025-03-27 15:18:01,756: Back Left Min: 0.82, Back Right Min: 0.93
[rosout][INFO] 2025-03-27 15:18:01,859: Back Left Min: 0.82, Back Right Min: 0.93
[rosout][INFO] 2025-03-27 15:18:01,956: Back Left Min: 0.82, Back Right Min: 0.98
[rosout][INFO] 2025-03-27 15:18:02,059: Back Left Min: 0.83, Back Right Min: 0.98
[rosout][INFO] 2025-03-27 15:18:02,156: Back Left Min: 0.83, Back Right Min: 0.98
[rosout][INFO] 2025-03-27 15:18:02,259: Back Left Min: 0.86, Back Right Min: 0.98
[rosout][INFO] 2025-03-27 15:18:02,356: Back Left Min: 0.86, Back Right Min: 0.98
[rosout][INFO] 2025-03-27 15:18:02,459: Back Left Min: 0.86, Back Right Min: 0.97
[rosout][INFO] 2025-03-27 15:18:02,556: Back Left Min: 0.86, Back Right Min: 0.97
[rosout][INFO] 2025-03-27 15:18:02,659: Back Left Min: 0.86, Back Right Min: 0.97
[rosout][INFO] 2025-03-27 15:18:02,756: Back Left Min: 0.86, Back Right Min: 0.98
[rosout][INFO] 2025-03-27 15:18:02,860: Back Left Min: 0.85, Back Right Min: 0.98
[rosout][INFO] 2025-03-27 15:18:02,956: Back Left Min: 0.85, Back Right Min: 0.98
[rosout][INFO] 2025-03-27 15:18:03,060: Back Left Min: 0.85, Back Right Min: 0.98
[rosout][INFO] 2025-03-27 15:18:03,157: Back Left Min: 0.84, Back Right Min: 0.98
[rosout][INFO] 2025-03-27 15:18:03,260: Back Left Min: 0.84, Back Right Min: 0.98
[rosout][INFO] 2025-03-27 15:18:03,357: Back Left Min: 0.84, Back Right Min: 1.02
[rosout][INFO] 2025-03-27 15:18:03,460: Back Left Min: 0.84, Back Right Min: 1.02
[rosout][INFO] 2025-03-27 15:18:03,557: Back Left Min: 0.84, Back Right Min: 1.02
[rosout][INFO] 2025-03-27 15:18:03,660: Back Left Min: 0.84, Back Right Min: 1.02
[rosout][INFO] 2025-03-27 15:18:03,757: Back Left Min: 0.84, Back Right Min: 1.02
[rosout][INFO] 2025-03-27 15:18:03,860: Back Left Min: 0.84, Back Right Min: 0.99
[rosout][INFO] 2025-03-27 15:18:03,957: Back Left Min: 0.83, Back Right Min: 0.99
[rosout][INFO] 2025-03-27 15:18:04,060: Back Left Min: 0.83, Back Right Min: 0.99
[rosout][INFO] 2025-03-27 15:18:04,157: Back Left Min: 0.83, Back Right Min: 0.99
[rosout][INFO] 2025-03-27 15:18:04,260: Back Left Min: 0.83, Back Right Min: 0.99
[rosout][INFO] 2025-03-27 15:18:04,357: Back Left Min: 0.83, Back Right Min: 0.99
[rosout][INFO] 2025-03-27 15:18:04,460: Back Left Min: 0.83, Back Right Min: 0.97
[rosout][INFO] 2025-03-27 15:18:04,557: Back Left Min: 0.83, Back Right Min: 0.97
[rosout][INFO] 2025-03-27 15:18:04,660: Back Left Min: 0.83, Back Right Min: 0.97
[rosout][INFO] 2025-03-27 15:18:04,757: Back Left Min: 0.83, Back Right Min: 0.96
[rosout][INFO] 2025-03-27 15:18:04,860: Back Left Min: 0.84, Back Right Min: 0.96
[rosout][INFO] 2025-03-27 15:18:04,957: Back Left Min: 0.84, Back Right Min: 0.96
[rosout][INFO] 2025-03-27 15:18:05,060: Back Left Min: 0.84, Back Right Min: 0.97
[rosout][INFO] 2025-03-27 15:18:05,157: Back Left Min: 0.84, Back Right Min: 0.97
[rosout][INFO] 2025-03-27 15:18:05,261: Back Left Min: 0.84, Back Right Min: 0.99
[rosout][INFO] 2025-03-27 15:18:05,357: Back Left Min: 0.84, Back Right Min: 0.99
[rosout][INFO] 2025-03-27 15:18:05,461: Back Left Min: 0.84, Back Right Min: 0.99
[rosout][INFO] 2025-03-27 15:18:05,557: Back Left Min: 0.84, Back Right Min: 0.99
[rosout][INFO] 2025-03-27 15:18:05,661: Back Left Min: 0.84, Back Right Min: 0.99
[rosout][INFO] 2025-03-27 15:18:05,758: Back Left Min: 0.84, Back Right Min: 0.99
[rosout][INFO] 2025-03-27 15:18:05,861: Back Left Min: 0.84, Back Right Min: 1.02
[rosout][INFO] 2025-03-27 15:18:05,958: Back Left Min: 0.84, Back Right Min: 1.02
[rosout][INFO] 2025-03-27 15:18:06,061: Back Left Min: 0.84, Back Right Min: 1.02
[rosout][INFO] 2025-03-27 15:18:06,158: Back Left Min: 0.84, Back Right Min: 1.40
[rosout][INFO] 2025-03-27 15:18:06,261: Back Left Min: 0.84, Back Right Min: 1.40
[rosout][INFO] 2025-03-27 15:18:06,358: Back Left Min: 0.84, Back Right Min: 1.40
[rosout][INFO] 2025-03-27 15:18:06,461: Back Left Min: 0.84, Back Right Min: 0.99
[rosout][INFO] 2025-03-27 15:18:06,558: Back Left Min: 0.84, Back Right Min: 0.99
[rosout][INFO] 2025-03-27 15:18:06,661: Back Left Min: 0.84, Back Right Min: 0.98
[rosout][INFO] 2025-03-27 15:18:06,758: Back Left Min: 0.84, Back Right Min: 0.98
[rosout][INFO] 2025-03-27 15:18:06,861: Back Left Min: 0.84, Back Right Min: 0.98
[rosout][INFO] 2025-03-27 15:18:06,958: Back Left Min: 0.84, Back Right Min: 0.97
[rosout][INFO] 2025-03-27 15:18:07,061: Back Left Min: 0.83, Back Right Min: 0.97
[rosout][INFO] 2025-03-27 15:18:07,158: Back Left Min: 0.83, Back Right Min: 0.97
[rosout][INFO] 2025-03-27 15:18:07,261: Back Left Min: 0.83, Back Right Min: 0.97
[rosout][INFO] 2025-03-27 15:18:07,358: Back Left Min: 0.84, Back Right Min: 0.97
[rosout][INFO] 2025-03-27 15:18:07,461: Back Left Min: 0.84, Back Right Min: 0.97
[rosout][INFO] 2025-03-27 15:18:07,558: Back Left Min: 0.84, Back Right Min: 0.97
[rosout][INFO] 2025-03-27 15:18:07,662: Back Left Min: 0.84, Back Right Min: 0.97
[rosout][INFO] 2025-03-27 15:18:07,758: Back Left Min: 0.84, Back Right Min: 0.97
[rosout][INFO] 2025-03-27 15:18:07,862: Back Left Min: 0.84, Back Right Min: 0.97
[rosout][INFO] 2025-03-27 15:18:07,958: Back Left Min: 0.84, Back Right Min: 0.97
[rosout][INFO] 2025-03-27 15:18:08,062: Back Left Min: 0.84, Back Right Min: 0.97
[rosout][INFO] 2025-03-27 15:18:08,159: Back Left Min: 0.84, Back Right Min: 0.97
[rosout][INFO] 2025-03-27 15:18:08,262: Back Left Min: 0.84, Back Right Min: 0.97
[rosout][INFO] 2025-03-27 15:18:08,359: Back Left Min: 0.84, Back Right Min: 0.98
[rosout][INFO] 2025-03-27 15:18:08,462: Back Left Min: 0.84, Back Right Min: 0.98
[rosout][INFO] 2025-03-27 15:18:08,559: Back Left Min: 0.84, Back Right Min: 0.98
[rosout][INFO] 2025-03-27 15:18:08,662: Back Left Min: 0.84, Back Right Min: 0.96
[rosout][INFO] 2025-03-27 15:18:08,759: Back Left Min: 0.84, Back Right Min: 0.96
[rosout][INFO] 2025-03-27 15:18:08,862: Back Left Min: 0.84, Back Right Min: 0.96
[rosout][INFO] 2025-03-27 15:18:08,959: Back Left Min: 0.84, Back Right Min: 0.96
[rosout][INFO] 2025-03-27 15:18:09,062: Back Left Min: 0.85, Back Right Min: 0.96
[rosout][INFO] 2025-03-27 15:18:09,159: Back Left Min: 0.85, Back Right Min: 0.96
[rosout][INFO] 2025-03-27 15:18:09,262: Back Left Min: 0.85, Back Right Min: 0.96
[rosout][INFO] 2025-03-27 15:18:09,359: Back Left Min: 0.85, Back Right Min: 0.96
[rosout][INFO] 2025-03-27 15:18:09,462: Back Left Min: 0.85, Back Right Min: 0.98
[rosout][INFO] 2025-03-27 15:18:09,559: Back Left Min: 0.84, Back Right Min: 0.98
[rosout][INFO] 2025-03-27 15:18:09,662: Back Left Min: 0.84, Back Right Min: 0.98
[rosout][INFO] 2025-03-27 15:18:09,759: Back Left Min: 0.84, Back Right Min: 0.98
[rosout][INFO] 2025-03-27 15:18:09,862: Back Left Min: 0.84, Back Right Min: 0.98
[rosout][INFO] 2025-03-27 15:18:09,959: Back Left Min: 0.84, Back Right Min: 0.98
[rosout][INFO] 2025-03-27 15:18:10,062: Back Left Min: 0.84, Back Right Min: 0.98
[rosout][INFO] 2025-03-27 15:18:10,159: Back Left Min: 0.84, Back Right Min: 0.98
[rosout][INFO] 2025-03-27 15:18:10,263: Back Left Min: 0.84, Back Right Min: 0.98
[rosout][INFO] 2025-03-27 15:18:10,359: Back Left Min: 0.84, Back Right Min: 0.98
[rosout][INFO] 2025-03-27 15:18:10,463: Back Left Min: 0.84, Back Right Min: 0.98
[rosout][INFO] 2025-03-27 15:18:10,560: Back Left Min: 0.84, Back Right Min: 0.98
[rosout][INFO] 2025-03-27 15:18:10,663: Back Left Min: 0.84, Back Right Min: 0.98
[rosout][INFO] 2025-03-27 15:18:10,760: Back Left Min: 0.84, Back Right Min: 0.98
[rosout][INFO] 2025-03-27 15:18:10,863: Back Left Min: 0.84, Back Right Min: 0.98
[rosout][INFO] 2025-03-27 15:18:10,960: Back Left Min: 0.84, Back Right Min: 0.98
[rosout][INFO] 2025-03-27 15:18:11,063: Back Left Min: 0.84, Back Right Min: 0.98
[rosout][INFO] 2025-03-27 15:18:11,160: Back Left Min: 0.84, Back Right Min: 0.98
[rosout][INFO] 2025-03-27 15:18:11,263: Back Left Min: 0.84, Back Right Min: 0.98
[rosout][INFO] 2025-03-27 15:18:11,360: Back Left Min: 0.84, Back Right Min: 0.98
[rosout][INFO] 2025-03-27 15:18:11,463: Back Left Min: 0.84, Back Right Min: 0.98
[rosout][INFO] 2025-03-27 15:18:11,560: Back Left Min: 0.84, Back Right Min: 0.98
[rosout][INFO] 2025-03-27 15:18:11,663: Back Left Min: 0.84, Back Right Min: 0.98
[rosout][INFO] 2025-03-27 15:18:11,760: Back Left Min: 0.84, Back Right Min: 0.99
[rosout][INFO] 2025-03-27 15:18:11,863: Back Left Min: 0.84, Back Right Min: 0.99
[rosout][INFO] 2025-03-27 15:18:11,960: Back Left Min: 0.84, Back Right Min: 0.99
[rosout][INFO] 2025-03-27 15:18:12,063: Back Left Min: 0.84, Back Right Min: 0.97
[rosout][INFO] 2025-03-27 15:18:12,160: Back Left Min: 0.84, Back Right Min: 0.97
[rosout][INFO] 2025-03-27 15:18:12,263: Back Left Min: 0.84, Back Right Min: 0.98
[rosout][INFO] 2025-03-27 15:18:12,360: Back Left Min: 0.84, Back Right Min: 0.98
[rosout][INFO] 2025-03-27 15:18:12,463: Back Left Min: 0.84, Back Right Min: 0.98
[rosout][INFO] 2025-03-27 15:18:12,560: Back Left Min: 0.84, Back Right Min: 0.98
[rosout][INFO] 2025-03-27 15:18:12,664: Back Left Min: 0.84, Back Right Min: 0.98
[rosout][INFO] 2025-03-27 15:18:12,760: Back Left Min: 0.84, Back Right Min: 0.98
[rosout][INFO] 2025-03-27 15:18:12,864: Back Left Min: 0.84, Back Right Min: 0.98
[rosout][INFO] 2025-03-27 15:18:12,961: Back Left Min: 0.84, Back Right Min: 0.98
[rosout][INFO] 2025-03-27 15:18:13,064: Back Left Min: 0.84, Back Right Min: 0.98
[rosout][INFO] 2025-03-27 15:18:13,161: Back Left Min: 0.84, Back Right Min: 0.98
[rosout][INFO] 2025-03-27 15:18:13,264: Back Left Min: 0.84, Back Right Min: 0.98
[rosout][INFO] 2025-03-27 15:18:13,361: Back Left Min: 0.84, Back Right Min: 0.98
[rosout][INFO] 2025-03-27 15:18:13,464: Back Left Min: 0.84, Back Right Min: 0.98
[rosout][INFO] 2025-03-27 15:18:13,561: Back Left Min: 0.84, Back Right Min: 0.98
[rosout][INFO] 2025-03-27 15:18:13,664: Back Left Min: 0.84, Back Right Min: 0.98
[rosout][INFO] 2025-03-27 15:18:13,761: Back Left Min: 0.84, Back Right Min: 0.98
[rosout][INFO] 2025-03-27 15:18:13,864: Back Left Min: 0.84, Back Right Min: 0.98
[rosout][INFO] 2025-03-27 15:18:13,961: Back Left Min: 0.84, Back Right Min: 0.98
[rosout][INFO] 2025-03-27 15:18:14,064: Back Left Min: 0.84, Back Right Min: 0.98
[rosout][INFO] 2025-03-27 15:18:14,161: Back Left Min: 0.84, Back Right Min: 0.98
[rosout][INFO] 2025-03-27 15:18:14,264: Back Left Min: 0.84, Back Right Min: 0.97
[rosout][INFO] 2025-03-27 15:18:14,361: Back Left Min: 0.84, Back Right Min: 0.97
[rosout][INFO] 2025-03-27 15:18:14,464: Back Left Min: 0.84, Back Right Min: 0.97
[rosout][INFO] 2025-03-27 15:18:14,561: Back Left Min: 0.84, Back Right Min: 0.96
[rosout][INFO] 2025-03-27 15:18:14,664: Back Left Min: 0.85, Back Right Min: 0.96
[rosout][INFO] 2025-03-27 15:18:14,761: Back Left Min: 0.85, Back Right Min: 0.96
[rosout][INFO] 2025-03-27 15:18:14,864: Back Left Min: 0.85, Back Right Min: 0.96
[rosout][INFO] 2025-03-27 15:18:14,961: Back Left Min: 0.85, Back Right Min: 0.96
[rosout][INFO] 2025-03-27 15:18:15,065: Back Left Min: 0.85, Back Right Min: 0.97
[rosout][INFO] 2025-03-27 15:18:15,161: Back Left Min: 0.84, Back Right Min: 0.97
[rosout][INFO] 2025-03-27 15:18:15,265: Back Left Min: 0.84, Back Right Min: 0.97
[rosout][INFO] 2025-03-27 15:18:15,362: Back Left Min: 0.84, Back Right Min: 0.97
[rosout][INFO] 2025-03-27 15:18:15,465: Back Left Min: 0.84, Back Right Min: 0.97
[rosout][INFO] 2025-03-27 15:18:15,562: Back Left Min: 0.84, Back Right Min: 0.97
[rosout][INFO] 2025-03-27 15:18:15,665: Back Left Min: 0.84, Back Right Min: 0.98
[rosout][INFO] 2025-03-27 15:18:15,762: Back Left Min: 0.84, Back Right Min: 0.98
[rosout][INFO] 2025-03-27 15:18:15,865: Back Left Min: 0.84, Back Right Min: 0.98
[rosout][INFO] 2025-03-27 15:18:15,962: Back Left Min: 0.84, Back Right Min: 0.98
[rosout][INFO] 2025-03-27 15:18:16,065: Back Left Min: 0.84, Back Right Min: 0.98
[rosout][INFO] 2025-03-27 15:18:16,162: Back Left Min: 0.84, Back Right Min: 0.98
[rosout][INFO] 2025-03-27 15:18:16,265: Back Left Min: 0.84, Back Right Min: 0.98
[rosout][INFO] 2025-03-27 15:18:16,362: Back Left Min: 0.84, Back Right Min: 0.98
[rosout][INFO] 2025-03-27 15:18:16,465: Back Left Min: 0.84, Back Right Min: 0.98
[rosout][INFO] 2025-03-27 15:18:16,562: Back Left Min: 0.84, Back Right Min: 0.98
[rosout][INFO] 2025-03-27 15:18:16,665: Back Left Min: 0.84, Back Right Min: 0.98
[rosout][INFO] 2025-03-27 15:18:16,762: Back Left Min: 0.84, Back Right Min: 0.97
[rosout][INFO] 2025-03-27 15:18:16,865: Back Left Min: 0.84, Back Right Min: 0.97
[rosout][INFO] 2025-03-27 15:18:16,962: Back Left Min: 0.84, Back Right Min: 0.97
[rosout][INFO] 2025-03-27 15:18:17,065: Back Left Min: 0.84, Back Right Min: 0.96
[rosout][INFO] 2025-03-27 15:18:17,162: Back Left Min: 0.85, Back Right Min: 0.96
[rosout][INFO] 2025-03-27 15:18:17,265: Back Left Min: 0.85, Back Right Min: 0.96
[rosout][INFO] 2025-03-27 15:18:17,362: Back Left Min: 0.85, Back Right Min: 0.96
[rosout][INFO] 2025-03-27 15:18:17,466: Back Left Min: 0.87, Back Right Min: 0.96
[rosout][INFO] 2025-03-27 15:18:17,562: Back Left Min: 0.87, Back Right Min: 0.96
[rosout][INFO] 2025-03-27 15:18:17,666: Back Left Min: 0.88, Back Right Min: 0.96
[rosout][INFO] 2025-03-27 15:18:17,763: Back Left Min: 0.88, Back Right Min: 0.96
[rosout][INFO] 2025-03-27 15:18:17,866: Back Left Min: 0.88, Back Right Min: 0.97
[rosout][INFO] 2025-03-27 15:18:17,963: Back Left Min: 0.84, Back Right Min: 0.97
[rosout][INFO] 2025-03-27 15:18:18,066: Back Left Min: 0.84, Back Right Min: 0.97
[rosout][INFO] 2025-03-27 15:18:18,163: Back Left Min: 0.84, Back Right Min: 0.98
[rosout][INFO] 2025-03-27 15:18:18,266: Back Left Min: 0.84, Back Right Min: 0.98
[rosout][INFO] 2025-03-27 15:18:18,363: Back Left Min: 0.84, Back Right Min: 0.98
[rosout][INFO] 2025-03-27 15:18:18,466: Back Left Min: 0.84, Back Right Min: 0.98
[rosout][INFO] 2025-03-27 15:18:18,563: Back Left Min: 0.84, Back Right Min: 0.98
[rosout][INFO] 2025-03-27 15:18:18,666: Back Left Min: 0.84, Back Right Min: 0.98
[rosout][INFO] 2025-03-27 15:18:18,763: Back Left Min: 0.84, Back Right Min: 0.98
[rosout][INFO] 2025-03-27 15:18:18,866: Back Left Min: 0.84, Back Right Min: 0.98
[rosout][INFO] 2025-03-27 15:18:18,963: Back Left Min: 0.84, Back Right Min: 0.98
[rosout][INFO] 2025-03-27 15:18:19,066: Back Left Min: 0.84, Back Right Min: 0.99
[rosout][INFO] 2025-03-27 15:18:19,163: Back Left Min: 0.84, Back Right Min: 0.99
[rosout][INFO] 2025-03-27 15:18:19,266: Back Left Min: 0.84, Back Right Min: 0.99
[rosout][INFO] 2025-03-27 15:18:19,363: Back Left Min: 0.85, Back Right Min: 0.99
[rosout][INFO] 2025-03-27 15:18:19,466: Back Left Min: 0.85, Back Right Min: 0.99
[rosout][INFO] 2025-03-27 15:18:19,563: Back Left Min: 0.85, Back Right Min: 0.98
[rosout][INFO] 2025-03-27 15:18:19,666: Back Left Min: 0.84, Back Right Min: 0.98
[rosout][INFO] 2025-03-27 15:18:19,763: Back Left Min: 0.84, Back Right Min: 0.98
[rosout][INFO] 2025-03-27 15:18:19,867: Back Left Min: 0.84, Back Right Min: 0.98
[rosout][INFO] 2025-03-27 15:18:19,963: Back Left Min: 0.84, Back Right Min: 0.98
[rosout][INFO] 2025-03-27 15:18:20,067: Back Left Min: 0.84, Back Right Min: 0.98
[rosout][INFO] 2025-03-27 15:18:20,164: Back Left Min: 0.84, Back Right Min: 0.98
[rosout][INFO] 2025-03-27 15:18:20,267: Back Left Min: 0.84, Back Right Min: 0.98
[rosout][INFO] 2025-03-27 15:18:20,364: Back Left Min: 0.84, Back Right Min: 0.98
[rosout][INFO] 2025-03-27 15:18:20,467: Back Left Min: 0.85, Back Right Min: 0.98
[rosout][INFO] 2025-03-27 15:18:20,564: Back Left Min: 0.85, Back Right Min: 0.98
[rosout][INFO] 2025-03-27 15:18:20,667: Back Left Min: 0.85, Back Right Min: 0.98
[rosout][INFO] 2025-03-27 15:18:20,764: Back Left Min: 0.84, Back Right Min: 0.98
[rosout][INFO] 2025-03-27 15:18:20,867: Back Left Min: 0.84, Back Right Min: 0.98
[rosout][INFO] 2025-03-27 15:18:20,964: Back Left Min: 0.84, Back Right Min: 0.98
[rosout][INFO] 2025-03-27 15:18:21,067: Back Left Min: 0.84, Back Right Min: 0.98
[rosout][INFO] 2025-03-27 15:18:21,164: Back Left Min: 0.84, Back Right Min: 0.98
[rosout][INFO] 2025-03-27 15:18:21,267: Back Left Min: 0.84, Back Right Min: 0.98
[rosout][INFO] 2025-03-27 15:18:21,364: Back Left Min: 0.84, Back Right Min: 0.98
[rosout][INFO] 2025-03-27 15:18:21,467: Back Left Min: 0.84, Back Right Min: 0.98
[rosout][INFO] 2025-03-27 15:18:21,564: Back Left Min: 0.84, Back Right Min: 0.98
[rosout][INFO] 2025-03-27 15:18:21,667: Back Left Min: 0.85, Back Right Min: 0.98
[rosout][INFO] 2025-03-27 15:18:21,764: Back Left Min: 0.85, Back Right Min: 0.98
[rosout][INFO] 2025-03-27 15:18:21,867: Back Left Min: 0.84, Back Right Min: 0.98
[rosout][INFO] 2025-03-27 15:18:21,964: Back Left Min: 0.84, Back Right Min: 0.98
[rosout][INFO] 2025-03-27 15:18:22,067: Back Left Min: 0.84, Back Right Min: 0.98
[rosout][INFO] 2025-03-27 15:18:22,164: Back Left Min: 0.84, Back Right Min: 0.98
[rosout][INFO] 2025-03-27 15:18:22,268: Back Left Min: 0.84, Back Right Min: 0.98
[rosout][INFO] 2025-03-27 15:18:22,364: Back Left Min: 0.84, Back Right Min: 0.98
[rosout][INFO] 2025-03-27 15:18:22,468: Back Left Min: 0.85, Back Right Min: 0.98
[rosout][INFO] 2025-03-27 15:18:22,564: Back Left Min: 0.85, Back Right Min: 0.98
[rosout][INFO] 2025-03-27 15:18:22,668: Back Left Min: 0.85, Back Right Min: 0.98
[rosout][INFO] 2025-03-27 15:18:22,765: Back Left Min: 0.84, Back Right Min: 0.98
[rosout][INFO] 2025-03-27 15:18:22,868: Back Left Min: 0.84, Back Right Min: 0.98
[rosout][INFO] 2025-03-27 15:18:22,965: Back Left Min: 0.84, Back Right Min: 0.98
[rosout][INFO] 2025-03-27 15:18:23,068: Back Left Min: 0.84, Back Right Min: 0.98
[rosout][INFO] 2025-03-27 15:18:23,165: Back Left Min: 0.84, Back Right Min: 0.98
[rosout][INFO] 2025-03-27 15:18:23,268: Back Left Min: 0.84, Back Right Min: 0.99
[rosout][INFO] 2025-03-27 15:18:23,365: Back Left Min: 0.84, Back Right Min: 0.99
[rosout][INFO] 2025-03-27 15:18:23,468: Back Left Min: 0.84, Back Right Min: 0.99
[rosout][INFO] 2025-03-27 15:18:23,565: Back Left Min: 0.84, Back Right Min: 0.99
[rosout][INFO] 2025-03-27 15:18:23,668: Back Left Min: 0.84, Back Right Min: 0.99
[rosout][INFO] 2025-03-27 15:18:23,765: Back Left Min: 0.84, Back Right Min: 0.99
[rosout][INFO] 2025-03-27 15:18:23,868: Back Left Min: 0.84, Back Right Min: 0.99
[rosout][INFO] 2025-03-27 15:18:23,965: Back Left Min: 0.84, Back Right Min: 0.99
[rosout][INFO] 2025-03-27 15:18:24,068: Back Left Min: 0.84, Back Right Min: 0.99
[rosout][INFO] 2025-03-27 15:18:24,165: Back Left Min: 0.84, Back Right Min: 0.99
[rosout][INFO] 2025-03-27 15:18:24,268: Back Left Min: 0.84, Back Right Min: 0.99
[rosout][INFO] 2025-03-27 15:18:24,365: Back Left Min: 0.84, Back Right Min: 0.99
[rosout][INFO] 2025-03-27 15:18:24,468: Back Left Min: 0.84, Back Right Min: 0.99
[rosout][INFO] 2025-03-27 15:18:24,565: Back Left Min: 0.84, Back Right Min: 0.99
[rosout][INFO] 2025-03-27 15:18:24,669: Back Left Min: 0.85, Back Right Min: 0.99
[rosout][INFO] 2025-03-27 15:18:24,765: Back Left Min: 0.85, Back Right Min: 0.99
[rosout][INFO] 2025-03-27 15:18:24,869: Back Left Min: 0.85, Back Right Min: 0.99
[rosout][INFO] 2025-03-27 15:18:24,966: Back Left Min: 0.84, Back Right Min: 0.99
[rosout][INFO] 2025-03-27 15:18:25,069: Back Left Min: 0.84, Back Right Min: 0.99
[rosout][INFO] 2025-03-27 15:18:25,166: Back Left Min: 0.84, Back Right Min: 0.99
[rosout][INFO] 2025-03-27 15:18:25,269: Back Left Min: 0.84, Back Right Min: 0.99
[rosout][INFO] 2025-03-27 15:18:25,366: Back Left Min: 0.84, Back Right Min: 0.99
[rosout][INFO] 2025-03-27 15:18:25,469: Back Left Min: 0.84, Back Right Min: 0.99
[rosout][INFO] 2025-03-27 15:18:25,566: Back Left Min: 0.85, Back Right Min: 0.99
[rosout][INFO] 2025-03-27 15:18:25,669: Back Left Min: 0.85, Back Right Min: 0.99
[rosout][INFO] 2025-03-27 15:18:25,766: Back Left Min: 0.85, Back Right Min: 0.96
[rosout][INFO] 2025-03-27 15:18:25,869: Back Left Min: 0.84, Back Right Min: 0.96
[rosout][INFO] 2025-03-27 15:18:25,966: Back Left Min: 0.84, Back Right Min: 0.96
[rosout][INFO] 2025-03-27 15:18:26,069: Back Left Min: 0.91, Back Right Min: 0.95
[rosout][INFO] 2025-03-27 15:18:26,166: Back Left Min: 0.91, Back Right Min: 0.95
[rosout][INFO] 2025-03-27 15:18:26,269: Back Left Min: 0.91, Back Right Min: 0.95
[rosout][INFO] 2025-03-27 15:18:26,366: Back Left Min: 0.89, Back Right Min: 0.95
[rosout][INFO] 2025-03-27 15:18:26,469: Back Left Min: 0.89, Back Right Min: 0.95
[rosout][INFO] 2025-03-27 15:18:26,566: Back Left Min: 0.89, Back Right Min: 0.96
[rosout][INFO] 2025-03-27 15:18:26,669: Back Left Min: 0.90, Back Right Min: 0.96
[rosout][INFO] 2025-03-27 15:18:26,766: Back Left Min: 0.90, Back Right Min: 0.96
[rosout][INFO] 2025-03-27 15:18:26,870: Back Left Min: 0.89, Back Right Min: 0.96
[rosout][INFO] 2025-03-27 15:18:26,966: Back Left Min: 0.89, Back Right Min: 0.96
[rosout][INFO] 2025-03-27 15:18:27,070: Back Left Min: 0.89, Back Right Min: 0.96
[rosout][INFO] 2025-03-27 15:18:27,166: Back Left Min: 0.86, Back Right Min: 0.95
[rosout][INFO] 2025-03-27 15:18:27,270: Back Left Min: 0.86, Back Right Min: 0.95
[rosout][INFO] 2025-03-27 15:18:27,366: Back Left Min: 0.86, Back Right Min: 0.95
[rosout][INFO] 2025-03-27 15:18:27,470: Back Left Min: 0.87, Back Right Min: 0.95
[rosout][INFO] 2025-03-27 15:18:27,567: Back Left Min: 0.87, Back Right Min: 0.95
[rosout][INFO] 2025-03-27 15:18:27,670: Back Left Min: 0.87, Back Right Min: 0.95
[rosout][INFO] 2025-03-27 15:18:27,767: Back Left Min: 1.17, Back Right Min: 0.95
[rosout][INFO] 2025-03-27 15:18:27,870: Back Left Min: 1.17, Back Right Min: 0.95
[rosout][INFO] 2025-03-27 15:18:27,967: Back Left Min: 1.17, Back Right Min: 0.97
[rosout][INFO] 2025-03-27 15:18:28,070: Back Left Min: 1.17, Back Right Min: 0.97
[rosout][INFO] 2025-03-27 15:18:28,167: Back Left Min: 1.17, Back Right Min: 0.97
[rosout][INFO] 2025-03-27 15:18:28,270: Back Left Min: 0.88, Back Right Min: 0.97
[rosout][INFO] 2025-03-27 15:18:28,367: Back Left Min: 0.88, Back Right Min: 0.97
[rosout][INFO] 2025-03-27 15:18:28,470: Back Left Min: 0.88, Back Right Min: 0.97
[rosout][INFO] 2025-03-27 15:18:28,567: Back Left Min: 0.85, Back Right Min: 0.95
[rosout][INFO] 2025-03-27 15:18:28,670: Back Left Min: 0.85, Back Right Min: 0.95
[rosout][INFO] 2025-03-27 15:18:28,767: Back Left Min: 0.85, Back Right Min: 0.95
[rosout][INFO] 2025-03-27 15:18:28,870: Back Left Min: 0.88, Back Right Min: 0.93
[rosout][INFO] 2025-03-27 15:18:28,967: Back Left Min: 0.88, Back Right Min: 0.93
[rosout][INFO] 2025-03-27 15:18:29,070: Back Left Min: 0.88, Back Right Min: 0.94
[rosout][INFO] 2025-03-27 15:18:29,167: Back Left Min: 0.89, Back Right Min: 0.94
[rosout][INFO] 2025-03-27 15:18:29,270: Back Left Min: 0.89, Back Right Min: 0.94
[rosout][INFO] 2025-03-27 15:18:29,367: Back Left Min: 0.89, Back Right Min: 0.94
[rosout][INFO] 2025-03-27 15:18:29,470: Back Left Min: 1.17, Back Right Min: 0.94
[rosout][INFO] 2025-03-27 15:18:29,567: Back Left Min: 1.17, Back Right Min: 0.94
[rosout][INFO] 2025-03-27 15:18:29,671: Back Left Min: 1.17, Back Right Min: 0.94
[rosout][INFO] 2025-03-27 15:18:29,767: Back Left Min: 1.17, Back Right Min: 0.94
[rosout][INFO] 2025-03-27 15:18:29,871: Back Left Min: 1.17, Back Right Min: 0.94
[rosout][INFO] 2025-03-27 15:18:29,968: Back Left Min: 1.17, Back Right Min: 0.94
[rosout][INFO] 2025-03-27 15:18:30,071: Back Left Min: 1.17, Back Right Min: 0.94
[rosout][INFO] 2025-03-27 15:18:30,168: Back Left Min: 1.17, Back Right Min: 0.94
[rosout][INFO] 2025-03-27 15:18:30,271: Back Left Min: 1.17, Back Right Min: 0.94
[rosout][INFO] 2025-03-27 15:18:30,368: Back Left Min: 1.17, Back Right Min: 0.94
[rosout][INFO] 2025-03-27 15:18:30,471: Back Left Min: 1.17, Back Right Min: 0.94
[rosout][INFO] 2025-03-27 15:18:30,568: Back Left Min: 0.91, Back Right Min: 0.94
[rosout][INFO] 2025-03-27 15:18:30,671: Back Left Min: 0.91, Back Right Min: 0.94
[rosout][INFO] 2025-03-27 15:18:30,768: Back Left Min: 0.91, Back Right Min: 0.95
[rosout][INFO] 2025-03-27 15:18:30,871: Back Left Min: 0.87, Back Right Min: 0.95
[rosout][INFO] 2025-03-27 15:18:30,968: Back Left Min: 0.87, Back Right Min: 0.95
[rosout][INFO] 2025-03-27 15:18:31,071: Back Left Min: 1.17, Back Right Min: 0.95
[rosout][INFO] 2025-03-27 15:18:31,168: Back Left Min: 1.17, Back Right Min: 0.95
[rosout][INFO] 2025-03-27 15:18:31,271: Back Left Min: 1.17, Back Right Min: 0.95
[rosout][INFO] 2025-03-27 15:18:31,368: Back Left Min: 1.17, Back Right Min: 0.95
[rosout][INFO] 2025-03-27 15:18:31,471: Back Left Min: 1.17, Back Right Min: 0.95
[rosout][INFO] 2025-03-27 15:18:31,568: Back Left Min: 1.17, Back Right Min: 0.95
[rosout][INFO] 2025-03-27 15:18:31,671: Back Left Min: 0.91, Back Right Min: 0.95
[rosout][INFO] 2025-03-27 15:18:31,768: Back Left Min: 0.91, Back Right Min: 0.95
[rosout][INFO] 2025-03-27 15:18:31,872: Back Left Min: 0.91, Back Right Min: 0.95
[rosout][INFO] 2025-03-27 15:18:31,968: Back Left Min: 0.89, Back Right Min: 0.95
[rosout][INFO] 2025-03-27 15:18:32,072: Back Left Min: 0.89, Back Right Min: 0.95
[rosout][INFO] 2025-03-27 15:18:32,168: Back Left Min: 0.89, Back Right Min: 0.95
[rosout][INFO] 2025-03-27 15:18:32,272: Back Left Min: 0.87, Back Right Min: 0.95
[rosout][INFO] 2025-03-27 15:18:32,369: Back Left Min: 0.87, Back Right Min: 0.95
[rosout][INFO] 2025-03-27 15:18:32,472: Back Left Min: 0.87, Back Right Min: 0.95
[rosout][INFO] 2025-03-27 15:18:32,569: Back Left Min: 0.87, Back Right Min: 0.95
[rosout][INFO] 2025-03-27 15:18:32,672: Back Left Min: 0.87, Back Right Min: 0.95
[rosout][INFO] 2025-03-27 15:18:32,769: Back Left Min: 0.87, Back Right Min: 0.95
[rosout][INFO] 2025-03-27 15:18:32,872: Back Left Min: 0.87, Back Right Min: 0.95
[rosout][INFO] 2025-03-27 15:18:32,969: Back Left Min: 0.87, Back Right Min: 0.95
[rosout][INFO] 2025-03-27 15:18:33,072: Back Left Min: 0.86, Back Right Min: 0.95
[rosout][INFO] 2025-03-27 15:18:33,169: Back Left Min: 0.86, Back Right Min: 0.95
[rosout][INFO] 2025-03-27 15:18:33,272: Back Left Min: 0.86, Back Right Min: 0.95
[rosout][INFO] 2025-03-27 15:18:33,369: Back Left Min: 0.88, Back Right Min: 0.95
[rosout][INFO] 2025-03-27 15:18:33,472: Back Left Min: 0.88, Back Right Min: 0.95
[rosout][INFO] 2025-03-27 15:18:33,569: Back Left Min: 0.88, Back Right Min: 0.95
[rosout][INFO] 2025-03-27 15:18:33,672: Back Left Min: 0.88, Back Right Min: 0.95
[rosout][INFO] 2025-03-27 15:18:33,769: Back Left Min: 0.88, Back Right Min: 0.95
[rosout][INFO] 2025-03-27 15:18:33,872: Back Left Min: 0.87, Back Right Min: 0.95
[rosout][INFO] 2025-03-27 15:18:33,969: Back Left Min: 0.87, Back Right Min: 0.95
[rosout][INFO] 2025-03-27 15:18:34,072: Back Left Min: 0.87, Back Right Min: 0.95
[rosout][INFO] 2025-03-27 15:18:34,169: Back Left Min: 0.87, Back Right Min: 0.95
[rosout][INFO] 2025-03-27 15:18:34,273: Back Left Min: 0.87, Back Right Min: 0.95
[rosout][INFO] 2025-03-27 15:18:34,369: Back Left Min: 0.87, Back Right Min: 0.95
[rosout][INFO] 2025-03-27 15:18:34,473: Back Left Min: 0.89, Back Right Min: 0.95
[rosout][INFO] 2025-03-27 15:18:34,570: Back Left Min: 0.89, Back Right Min: 0.95
[rosout][INFO] 2025-03-27 15:18:34,673: Back Left Min: 0.89, Back Right Min: 0.95
[rosout][INFO] 2025-03-27 15:18:34,770: Back Left Min: 0.89, Back Right Min: 0.95
[rosout][INFO] 2025-03-27 15:18:34,873: Back Left Min: 0.89, Back Right Min: 0.95
[rosout][INFO] 2025-03-27 15:18:34,970: Back Left Min: 0.89, Back Right Min: 0.95
[rosout][INFO] 2025-03-27 15:18:35,073: Back Left Min: 0.89, Back Right Min: 0.95
[rosout][INFO] 2025-03-27 15:18:35,170: Back Left Min: 0.89, Back Right Min: 0.95
[rosout][INFO] 2025-03-27 15:18:35,273: Back Left Min: 0.88, Back Right Min: 0.95
[rosout][INFO] 2025-03-27 15:18:35,370: Back Left Min: 0.88, Back Right Min: 0.95
[rosout][INFO] 2025-03-27 15:18:35,473: Back Left Min: 0.88, Back Right Min: 0.95
[rosout][INFO] 2025-03-27 15:18:35,570: Back Left Min: 0.86, Back Right Min: 0.95
[rosout][INFO] 2025-03-27 15:18:35,673: Back Left Min: 0.86, Back Right Min: 0.95
[rosout][INFO] 2025-03-27 15:18:35,770: Back Left Min: 0.86, Back Right Min: 0.95
[rosout][INFO] 2025-03-27 15:18:35,873: Back Left Min: 0.88, Back Right Min: 0.95
[rosout][INFO] 2025-03-27 15:18:35,970: Back Left Min: 0.88, Back Right Min: 0.95
[rosout][INFO] 2025-03-27 15:18:36,073: Back Left Min: 0.88, Back Right Min: 0.95
[rosout][INFO] 2025-03-27 15:18:36,170: Back Left Min: 0.88, Back Right Min: 0.95
[rosout][INFO] 2025-03-27 15:18:36,273: Back Left Min: 0.88, Back Right Min: 0.95
[rosout][INFO] 2025-03-27 15:18:36,370: Back Left Min: 0.88, Back Right Min: 0.95
[rosout][INFO] 2025-03-27 15:18:36,473: Back Left Min: 0.88, Back Right Min: 0.95
[rosout][INFO] 2025-03-27 15:18:36,570: Back Left Min: 0.88, Back Right Min: 0.95
[rosout][INFO] 2025-03-27 15:18:36,674: Back Left Min: 0.88, Back Right Min: 0.95
[rosout][INFO] 2025-03-27 15:18:36,770: Back Left Min: 0.88, Back Right Min: 0.95
[rosout][INFO] 2025-03-27 15:18:36,874: Back Left Min: 0.88, Back Right Min: 0.95
[rosout][INFO] 2025-03-27 15:18:36,970: Back Left Min: 0.89, Back Right Min: 0.95
[rosout][INFO] 2025-03-27 15:18:37,074: Back Left Min: 0.89, Back Right Min: 0.95
[rosout][INFO] 2025-03-27 15:18:37,171: Back Left Min: 0.89, Back Right Min: 0.95
[rosout][INFO] 2025-03-27 15:18:37,274: Back Left Min: 0.88, Back Right Min: 0.95
[rosout][INFO] 2025-03-27 15:18:37,371: Back Left Min: 0.88, Back Right Min: 0.95
[rosout][INFO] 2025-03-27 15:18:37,474: Back Left Min: 0.88, Back Right Min: 0.95
[rosout][INFO] 2025-03-27 15:18:37,571: Back Left Min: 0.89, Back Right Min: 0.95
[rosout][INFO] 2025-03-27 15:18:37,674: Back Left Min: 0.89, Back Right Min: 0.95
[rosout][INFO] 2025-03-27 15:18:37,771: Back Left Min: 0.89, Back Right Min: 0.95
[rosout][INFO] 2025-03-27 15:18:37,874: Back Left Min: 0.88, Back Right Min: 0.95
[rosout][INFO] 2025-03-27 15:18:37,971: Back Left Min: 0.88, Back Right Min: 0.95
[rosout][INFO] 2025-03-27 15:18:38,074: Back Left Min: 0.87, Back Right Min: 0.95
[rosout][INFO] 2025-03-27 15:18:38,171: Back Left Min: 0.87, Back Right Min: 0.95
[rosout][INFO] 2025-03-27 15:18:38,274: Back Left Min: 0.87, Back Right Min: 0.95
[rosout][INFO] 2025-03-27 15:18:38,371: Back Left Min: 0.89, Back Right Min: 0.95
[rosout][INFO] 2025-03-27 15:18:38,474: Back Left Min: 0.89, Back Right Min: 0.95
[rosout][INFO] 2025-03-27 15:18:38,571: Back Left Min: 0.89, Back Right Min: 0.95
[rosout][INFO] 2025-03-27 15:18:38,674: Back Left Min: 0.89, Back Right Min: 0.95
[rosout][INFO] 2025-03-27 15:18:38,771: Back Left Min: 0.89, Back Right Min: 0.95
[rosout][INFO] 2025-03-27 15:18:38,874: Back Left Min: 0.89, Back Right Min: 0.95
[rosout][INFO] 2025-03-27 15:18:38,971: Back Left Min: 0.88, Back Right Min: 0.95
[rosout][INFO] 2025-03-27 15:18:39,074: Back Left Min: 0.88, Back Right Min: 0.95
[rosout][INFO] 2025-03-27 15:18:39,171: Back Left Min: 0.88, Back Right Min: 0.95
[rosout][INFO] 2025-03-27 15:18:39,275: Back Left Min: 0.89, Back Right Min: 0.95
[rosout][INFO] 2025-03-27 15:18:39,371: Back Left Min: 0.89, Back Right Min: 0.95
[rosout][INFO] 2025-03-27 15:18:39,475: Back Left Min: 0.89, Back Right Min: 0.95
[rosout][INFO] 2025-03-27 15:18:39,572: Back Left Min: 0.89, Back Right Min: 0.95
[rosout][INFO] 2025-03-27 15:18:39,675: Back Left Min: 0.89, Back Right Min: 0.95
[rosout][INFO] 2025-03-27 15:18:39,772: Back Left Min: 0.89, Back Right Min: 0.95
[rosout][INFO] 2025-03-27 15:18:39,875: Back Left Min: 0.89, Back Right Min: 0.95
[rosout][INFO] 2025-03-27 15:18:39,972: Back Left Min: 0.89, Back Right Min: 0.95
[rosout][INFO] 2025-03-27 15:18:40,075: Back Left Min: 0.89, Back Right Min: 0.95
[rosout][INFO] 2025-03-27 15:18:40,172: Back Left Min: 0.89, Back Right Min: 0.95
[rosout][INFO] 2025-03-27 15:18:40,275: Back Left Min: 0.89, Back Right Min: 0.95
[rosout][INFO] 2025-03-27 15:18:40,372: Back Left Min: 0.91, Back Right Min: 0.95
[rosout][INFO] 2025-03-27 15:18:40,475: Back Left Min: 0.91, Back Right Min: 0.95
[rosout][INFO] 2025-03-27 15:18:40,572: Back Left Min: 0.91, Back Right Min: 0.95
[rosout][INFO] 2025-03-27 15:18:40,675: Back Left Min: 0.89, Back Right Min: 0.95
[rosout][INFO] 2025-03-27 15:18:40,772: Back Left Min: 0.89, Back Right Min: 0.95
[rosout][INFO] 2025-03-27 15:18:40,875: Back Left Min: 0.89, Back Right Min: 0.95
[rosout][INFO] 2025-03-27 15:18:40,972: Back Left Min: 0.89, Back Right Min: 0.95
[rosout][INFO] 2025-03-27 15:18:41,075: Back Left Min: 0.89, Back Right Min: 0.95
[rosout][INFO] 2025-03-27 15:18:41,172: Back Left Min: 0.91, Back Right Min: 0.95
[rosout][INFO] 2025-03-27 15:18:41,275: Back Left Min: 0.91, Back Right Min: 0.95
[rosout][INFO] 2025-03-27 15:18:41,372: Back Left Min: 0.91, Back Right Min: 0.95
[rosout][INFO] 2025-03-27 15:18:41,475: Back Left Min: 0.89, Back Right Min: 0.95
[rosout][INFO] 2025-03-27 15:18:41,572: Back Left Min: 0.89, Back Right Min: 0.95
[rosout][INFO] 2025-03-27 15:18:41,676: Back Left Min: 0.89, Back Right Min: 0.95
[rosout][INFO] 2025-03-27 15:18:41,772: Back Left Min: 0.90, Back Right Min: 0.95
[rosout][INFO] 2025-03-27 15:18:41,876: Back Left Min: 0.90, Back Right Min: 0.95
[rosout][INFO] 2025-03-27 15:18:41,972: Back Left Min: 0.90, Back Right Min: 0.94
[rosout][INFO] 2025-03-27 15:18:42,076: Back Left Min: 0.90, Back Right Min: 0.94
[rosout][INFO] 2025-03-27 15:18:42,173: Back Left Min: 0.90, Back Right Min: 0.94
[rosout][INFO] 2025-03-27 15:18:42,276: Back Left Min: 0.88, Back Right Min: 0.94
[rosout][INFO] 2025-03-27 15:18:42,373: Back Left Min: 0.88, Back Right Min: 0.94
[rosout][INFO] 2025-03-27 15:18:42,476: Back Left Min: 0.88, Back Right Min: 0.94
[rosout][INFO] 2025-03-27 15:18:42,573: Back Left Min: 0.87, Back Right Min: 0.94
[rosout][INFO] 2025-03-27 15:18:42,676: Back Left Min: 0.87, Back Right Min: 0.94
[rosout][INFO] 2025-03-27 15:18:42,773: Back Left Min: 0.87, Back Right Min: 0.94
[rosout][INFO] 2025-03-27 15:18:42,876: Back Left Min: 0.89, Back Right Min: 0.93
[rosout][INFO] 2025-03-27 15:18:42,973: Back Left Min: 0.89, Back Right Min: 0.93
[rosout][INFO] 2025-03-27 15:18:43,076: Back Left Min: 0.89, Back Right Min: 0.93
[rosout][INFO] 2025-03-27 15:18:43,173: Back Left Min: 1.17, Back Right Min: 0.93
[rosout][INFO] 2025-03-27 15:18:43,276: Back Left Min: 1.17, Back Right Min: 0.93
[rosout][INFO] 2025-03-27 15:18:43,373: Back Left Min: 1.17, Back Right Min: 0.94
[rosout][INFO] 2025-03-27 15:18:43,476: Back Left Min: 1.17, Back Right Min: 0.94
[rosout][INFO] 2025-03-27 15:18:43,573: Back Left Min: 1.17, Back Right Min: 0.94
[rosout][INFO] 2025-03-27 15:18:43,676: Back Left Min: 1.17, Back Right Min: 0.94
[rosout][INFO] 2025-03-27 15:18:43,773: Back Left Min: 1.17, Back Right Min: 0.94
[rosout][INFO] 2025-03-27 15:18:43,877: Back Left Min: 1.17, Back Right Min: 0.94
[rosout][INFO] 2025-03-27 15:18:43,973: Back Left Min: 1.17, Back Right Min: 0.94
[rosout][INFO] 2025-03-27 15:18:44,077: Back Left Min: 1.17, Back Right Min: 0.94
[rosout][INFO] 2025-03-27 15:18:44,174: Back Left Min: 1.17, Back Right Min: 0.94
[rosout][INFO] 2025-03-27 15:18:44,277: Back Left Min: 1.17, Back Right Min: 0.94
[rosout][INFO] 2025-03-27 15:18:44,373: Back Left Min: 1.17, Back Right Min: 0.94
[rosout][INFO] 2025-03-27 15:18:44,477: Back Left Min: 1.17, Back Right Min: 0.94
[rosout][INFO] 2025-03-27 15:18:44,574: Back Left Min: 1.17, Back Right Min: 0.94
[rosout][INFO] 2025-03-27 15:18:44,677: Back Left Min: 1.17, Back Right Min: 0.94
[rosout][INFO] 2025-03-27 15:18:44,774: Back Left Min: 1.17, Back Right Min: 0.94
[rosout][INFO] 2025-03-27 15:18:44,877: Back Left Min: 1.17, Back Right Min: 0.94
[rosout][INFO] 2025-03-27 15:18:44,974: Back Left Min: 1.17, Back Right Min: 0.94
[rosout][INFO] 2025-03-27 15:18:45,077: Back Left Min: 1.17, Back Right Min: 0.94
[rosout][INFO] 2025-03-27 15:18:45,174: Back Left Min: 1.17, Back Right Min: 0.94
[rosout][INFO] 2025-03-27 15:18:45,277: Back Left Min: 1.17, Back Right Min: 0.94
[rosout][INFO] 2025-03-27 15:18:45,374: Back Left Min: 1.17, Back Right Min: 0.94
[rosout][INFO] 2025-03-27 15:18:45,477: Back Left Min: 1.17, Back Right Min: 0.94
[rosout][INFO] 2025-03-27 15:18:45,574: Back Left Min: 1.17, Back Right Min: 0.94
[rosout][INFO] 2025-03-27 15:18:45,677: Back Left Min: 1.17, Back Right Min: 0.94
[rosout][INFO] 2025-03-27 15:18:45,774: Back Left Min: 1.17, Back Right Min: 0.94
[rosout][INFO] 2025-03-27 15:18:45,877: Back Left Min: 1.17, Back Right Min: 0.94
[rosout][INFO] 2025-03-27 15:18:45,974: Back Left Min: 1.17, Back Right Min: 0.94
[rosout][INFO] 2025-03-27 15:18:46,077: Back Left Min: 1.17, Back Right Min: 0.94
[rosout][INFO] 2025-03-27 15:18:46,174: Back Left Min: 1.17, Back Right Min: 0.94
[rosout][INFO] 2025-03-27 15:18:46,277: Back Left Min: 1.17, Back Right Min: 0.94
[rosout][INFO] 2025-03-27 15:18:46,374: Back Left Min: 1.17, Back Right Min: 0.94
[rosout][INFO] 2025-03-27 15:18:46,478: Back Left Min: 1.17, Back Right Min: 0.94
[rosout][INFO] 2025-03-27 15:18:46,574: Back Left Min: 0.85, Back Right Min: 0.94
[rosout][INFO] 2025-03-27 15:18:46,678: Back Left Min: 0.85, Back Right Min: 0.94
[rosout][INFO] 2025-03-27 15:18:46,774: Back Left Min: 0.85, Back Right Min: 0.94
[rosout][INFO] 2025-03-27 15:18:46,878: Back Left Min: 0.84, Back Right Min: 0.94
[rosout][INFO] 2025-03-27 15:18:46,974: Back Left Min: 0.84, Back Right Min: 0.94
[rosout][INFO] 2025-03-27 15:18:47,078: Back Left Min: 0.90, Back Right Min: 0.94
[rosout][INFO] 2025-03-27 15:18:47,175: Back Left Min: 0.90, Back Right Min: 0.94
[rosout][INFO] 2025-03-27 15:18:47,278: Back Left Min: 0.90, Back Right Min: 0.94
[rosout][INFO] 2025-03-27 15:18:47,375: Back Left Min: 1.17, Back Right Min: 0.94
[rosout][INFO] 2025-03-27 15:18:47,478: Back Left Min: 1.17, Back Right Min: 0.94
[rosout][INFO] 2025-03-27 15:18:47,575: Back Left Min: 1.17, Back Right Min: 0.94
[rosout][INFO] 2025-03-27 15:18:47,678: Back Left Min: 0.90, Back Right Min: 0.94
[rosout][INFO] 2025-03-27 15:18:47,775: Back Left Min: 0.90, Back Right Min: 0.94
[rosout][INFO] 2025-03-27 15:18:47,878: Back Left Min: 0.90, Back Right Min: 0.94
[rosout][INFO] 2025-03-27 15:18:47,975: Back Left Min: 0.90, Back Right Min: 0.94
[rosout][INFO] 2025-03-27 15:18:48,078: Back Left Min: 0.90, Back Right Min: 0.94
[rosout][INFO] 2025-03-27 15:18:48,175: Back Left Min: 1.17, Back Right Min: 0.94
[rosout][INFO] 2025-03-27 15:18:48,278: Back Left Min: 0.85, Back Right Min: 0.94
[rosout][INFO] 2025-03-27 15:18:48,375: Back Left Min: 0.85, Back Right Min: 0.94
[rosout][INFO] 2025-03-27 15:18:48,478: Back Left Min: 1.17, Back Right Min: 0.94
[rosout][INFO] 2025-03-27 15:18:48,575: Back Left Min: 1.17, Back Right Min: 0.94
[rosout][INFO] 2025-03-27 15:18:48,678: Back Left Min: 1.17, Back Right Min: 0.94
[rosout][INFO] 2025-03-27 15:18:48,775: Back Left Min: 1.17, Back Right Min: 0.94
[rosout][INFO] 2025-03-27 15:18:48,878: Back Left Min: 1.17, Back Right Min: 0.94
[rosout][INFO] 2025-03-27 15:18:48,975: Back Left Min: 1.17, Back Right Min: 0.94
[rosout][INFO] 2025-03-27 15:18:49,079: Back Left Min: 0.90, Back Right Min: 0.94
[rosout][INFO] 2025-03-27 15:18:49,175: Back Left Min: 0.90, Back Right Min: 0.94
[rosout][INFO] 2025-03-27 15:18:49,279: Back Left Min: 0.96, Back Right Min: 0.94
[rosout][INFO] 2025-03-27 15:18:49,376: Back Left Min: 0.96, Back Right Min: 0.94
[rosout][INFO] 2025-03-27 15:18:49,479: Back Left Min: 0.96, Back Right Min: 0.94
[rosout][INFO] 2025-03-27 15:18:49,576: Back Left Min: 0.86, Back Right Min: 0.94
[rosout][INFO] 2025-03-27 15:18:49,679: Back Left Min: 0.86, Back Right Min: 0.94
[rosout][INFO] 2025-03-27 15:18:49,776: Back Left Min: 0.86, Back Right Min: 0.94
[rosout][INFO] 2025-03-27 15:18:49,879: Back Left Min: 0.85, Back Right Min: 0.94
[rosout][INFO] 2025-03-27 15:18:49,976: Back Left Min: 0.85, Back Right Min: 0.94
[rosout][INFO] 2025-03-27 15:18:50,079: Back Left Min: 0.85, Back Right Min: 0.94
[rosout][INFO] 2025-03-27 15:18:50,176: Back Left Min: 1.17, Back Right Min: 0.94
[rosout][INFO] 2025-03-27 15:18:50,279: Back Left Min: 1.17, Back Right Min: 0.94
[rosout][INFO] 2025-03-27 15:18:50,376: Back Left Min: 1.17, Back Right Min: 0.94
[rosout][INFO] 2025-03-27 15:18:50,479: Back Left Min: 1.17, Back Right Min: 0.94
[rosout][INFO] 2025-03-27 15:18:50,576: Back Left Min: 1.17, Back Right Min: 0.94
[rosout][INFO] 2025-03-27 15:18:50,679: Back Left Min: 0.90, Back Right Min: 0.94
[rosout][INFO] 2025-03-27 15:18:50,776: Back Left Min: 0.90, Back Right Min: 0.94
[rosout][INFO] 2025-03-27 15:18:50,879: Back Left Min: 0.90, Back Right Min: 0.94
[rosout][INFO] 2025-03-27 15:18:50,976: Back Left Min: 0.90, Back Right Min: 0.94
[rosout][INFO] 2025-03-27 15:18:51,079: Back Left Min: 0.90, Back Right Min: 0.94
[rosout][INFO] 2025-03-27 15:18:51,176: Back Left Min: 0.90, Back Right Min: 0.94
[rosout][INFO] 2025-03-27 15:18:51,280: Back Left Min: 0.90, Back Right Min: 0.94
[rosout][INFO] 2025-03-27 15:18:51,376: Back Left Min: 0.90, Back Right Min: 0.94
[rosout][INFO] 2025-03-27 15:18:51,480: Back Left Min: 0.90, Back Right Min: 0.94
[rosout][INFO] 2025-03-27 15:18:51,577: Back Left Min: 1.17, Back Right Min: 0.94
[rosout][INFO] 2025-03-27 15:18:51,680: Back Left Min: 1.17, Back Right Min: 0.94
[rosout][INFO] 2025-03-27 15:18:51,777: Back Left Min: 1.17, Back Right Min: 0.94
[rosout][INFO] 2025-03-27 15:18:51,880: Back Left Min: 1.17, Back Right Min: 0.94
[rosout][INFO] 2025-03-27 15:18:51,977: Back Left Min: 1.17, Back Right Min: 0.94
[rosout][INFO] 2025-03-27 15:18:52,080: Back Left Min: 1.17, Back Right Min: 0.94
[rosout][INFO] 2025-03-27 15:18:52,177: Back Left Min: 1.17, Back Right Min: 0.94
[rosout][INFO] 2025-03-27 15:18:52,280: Back Left Min: 1.17, Back Right Min: 0.94
[rosout][INFO] 2025-03-27 15:18:52,377: Back Left Min: 1.17, Back Right Min: 0.94
[rosout][INFO] 2025-03-27 15:18:52,480: Back Left Min: 1.17, Back Right Min: 0.94
[rosout][INFO] 2025-03-27 15:18:52,577: Back Left Min: 1.17, Back Right Min: 0.94
[rosout][INFO] 2025-03-27 15:18:52,680: Back Left Min: 1.17, Back Right Min: 0.94
[rosout][INFO] 2025-03-27 15:18:52,777: Back Left Min: 1.17, Back Right Min: 0.94
[rosout][INFO] 2025-03-27 15:18:52,880: Back Left Min: 1.17, Back Right Min: 0.94
[rosout][INFO] 2025-03-27 15:18:52,977: Back Left Min: 1.17, Back Right Min: 0.94
[rosout][INFO] 2025-03-27 15:18:53,080: Back Left Min: 1.17, Back Right Min: 0.94
[rosout][INFO] 2025-03-27 15:18:53,177: Back Left Min: 1.17, Back Right Min: 0.94
[rosout][INFO] 2025-03-27 15:18:53,280: Back Left Min: 1.17, Back Right Min: 0.94
[rosout][INFO] 2025-03-27 15:18:53,377: Back Left Min: 1.17, Back Right Min: 0.94
[rosout][INFO] 2025-03-27 15:18:53,480: Back Left Min: 1.17, Back Right Min: 0.94
[rosout][INFO] 2025-03-27 15:18:53,577: Back Left Min: 1.17, Back Right Min: 0.94
[rosout][INFO] 2025-03-27 15:18:53,681: Back Left Min: 1.17, Back Right Min: 0.94
[rosout][INFO] 2025-03-27 15:18:53,777: Back Left Min: 0.90, Back Right Min: 0.94
[rosout][INFO] 2025-03-27 15:18:53,881: Back Left Min: 0.90, Back Right Min: 0.94
[rosout][INFO] 2025-03-27 15:18:53,978: Back Left Min: 0.90, Back Right Min: 0.94
[rosout][INFO] 2025-03-27 15:18:54,081: Back Left Min: 1.17, Back Right Min: 0.94
[rosout][INFO] 2025-03-27 15:18:54,178: Back Left Min: 1.17, Back Right Min: 0.94
[rosout][INFO] 2025-03-27 15:18:54,281: Back Left Min: 1.17, Back Right Min: 0.94
[rosout][INFO] 2025-03-27 15:18:54,378: Back Left Min: 1.17, Back Right Min: 0.94
[rosout][INFO] 2025-03-27 15:18:54,481: Back Left Min: 1.17, Back Right Min: 0.94
[rosout][INFO] 2025-03-27 15:18:54,578: Back Left Min: 1.17, Back Right Min: 0.94
[rosout][INFO] 2025-03-27 15:18:54,681: Back Left Min: 1.17, Back Right Min: 0.94
[rosout][INFO] 2025-03-27 15:18:54,778: Back Left Min: 1.17, Back Right Min: 0.94
[rosout][INFO] 2025-03-27 15:18:54,881: Back Left Min: 1.17, Back Right Min: 0.94
[rosout][INFO] 2025-03-27 15:18:54,978: Back Left Min: 1.17, Back Right Min: 0.94
[rosout][INFO] 2025-03-27 15:18:55,081: Back Left Min: 1.17, Back Right Min: 0.94
[rosout][INFO] 2025-03-27 15:18:55,178: Back Left Min: 1.17, Back Right Min: 0.94
[rosout][INFO] 2025-03-27 15:18:55,281: Back Left Min: 1.17, Back Right Min: 0.94
[rosout][INFO] 2025-03-27 15:18:55,378: Back Left Min: 1.17, Back Right Min: 0.94
[rosout][INFO] 2025-03-27 15:18:55,481: Back Left Min: 1.17, Back Right Min: 0.94
[rosout][INFO] 2025-03-27 15:18:55,578: Back Left Min: 1.17, Back Right Min: 0.94
[rosout][INFO] 2025-03-27 15:18:55,681: Back Left Min: 1.17, Back Right Min: 0.94
[rosout][INFO] 2025-03-27 15:18:55,778: Back Left Min: 1.17, Back Right Min: 0.94
[rosout][INFO] 2025-03-27 15:18:55,881: Back Left Min: 1.17, Back Right Min: 0.94
[rosout][INFO] 2025-03-27 15:18:55,978: Back Left Min: 1.17, Back Right Min: 0.94
[rosout][INFO] 2025-03-27 15:18:56,082: Back Left Min: 1.17, Back Right Min: 0.94
[rosout][INFO] 2025-03-27 15:18:56,178: Back Left Min: 1.17, Back Right Min: 0.94
[rosout][INFO] 2025-03-27 15:18:56,282: Back Left Min: 1.17, Back Right Min: 0.94
[rosout][INFO] 2025-03-27 15:18:56,378: Back Left Min: 1.17, Back Right Min: 0.94
[rosout][INFO] 2025-03-27 15:18:56,482: Back Left Min: 1.17, Back Right Min: 0.94
[rosout][INFO] 2025-03-27 15:18:56,579: Back Left Min: 1.17, Back Right Min: 0.94
[rosout][INFO] 2025-03-27 15:18:56,682: Back Left Min: 1.17, Back Right Min: 0.94
[rosout][INFO] 2025-03-27 15:18:56,779: Back Left Min: 1.17, Back Right Min: 0.94
[rosout][INFO] 2025-03-27 15:18:56,882: Back Left Min: 1.17, Back Right Min: 0.94
[rosout][INFO] 2025-03-27 15:18:56,979: Back Left Min: 1.17, Back Right Min: 0.94
[rosout][INFO] 2025-03-27 15:18:57,082: Back Left Min: 1.17, Back Right Min: 0.94
[rosout][INFO] 2025-03-27 15:18:57,179: Back Left Min: 1.17, Back Right Min: 0.94
[rosout][INFO] 2025-03-27 15:18:57,282: Back Left Min: 1.17, Back Right Min: 0.94
[rosout][INFO] 2025-03-27 15:18:57,379: Back Left Min: 1.17, Back Right Min: 0.95
[rosout][INFO] 2025-03-27 15:18:57,482: Back Left Min: 0.90, Back Right Min: 0.95
[rosout][INFO] 2025-03-27 15:18:57,579: Back Left Min: 0.90, Back Right Min: 0.95
[rosout][INFO] 2025-03-27 15:18:57,682: Back Left Min: 0.91, Back Right Min: 0.95
[rosout][INFO] 2025-03-27 15:18:57,779: Back Left Min: 0.91, Back Right Min: 0.95
[rosout][INFO] 2025-03-27 15:18:57,882: Back Left Min: 0.91, Back Right Min: 0.95
[rosout][INFO] 2025-03-27 15:18:57,979: Back Left Min: 0.91, Back Right Min: 0.96
[rosout][INFO] 2025-03-27 15:18:58,082: Back Left Min: 0.91, Back Right Min: 0.96
[rosout][INFO] 2025-03-27 15:18:58,179: Back Left Min: 0.91, Back Right Min: 0.96
[rosout][INFO] 2025-03-27 15:18:58,282: Back Left Min: 0.90, Back Right Min: 0.96
[rosout][INFO] 2025-03-27 15:18:58,379: Back Left Min: 0.90, Back Right Min: 0.96
[rosout][INFO] 2025-03-27 15:18:58,482: Back Left Min: 0.90, Back Right Min: 0.95
[rosout][INFO] 2025-03-27 15:18:58,579: Back Left Min: 0.97, Back Right Min: 0.95
[rosout][INFO] 2025-03-27 15:18:58,683: Back Left Min: 0.97, Back Right Min: 0.95
[rosout][INFO] 2025-03-27 15:18:58,779: Back Left Min: 0.97, Back Right Min: 0.94
[rosout][INFO] 2025-03-27 15:18:58,883: Back Left Min: 1.17, Back Right Min: 0.94
[rosout][INFO] 2025-03-27 15:18:58,980: Back Left Min: 1.17, Back Right Min: 0.94
[rosout][INFO] 2025-03-27 15:18:59,083: Back Left Min: 1.17, Back Right Min: 0.94
[rosout][INFO] 2025-03-27 15:18:59,180: Back Left Min: 1.17, Back Right Min: 0.94
[rosout][INFO] 2025-03-27 15:18:59,283: Back Left Min: 1.17, Back Right Min: 0.94
[rosout][INFO] 2025-03-27 15:18:59,380: Back Left Min: 1.17, Back Right Min: 0.95
[rosout][INFO] 2025-03-27 15:18:59,483: Back Left Min: 1.17, Back Right Min: 0.95
[rosout][INFO] 2025-03-27 15:18:59,580: Back Left Min: 1.17, Back Right Min: 0.95
[rosout][INFO] 2025-03-27 15:18:59,683: Back Left Min: 1.17, Back Right Min: 0.95
[rosout][INFO] 2025-03-27 15:18:59,780: Back Left Min: 1.17, Back Right Min: 0.95
[rosout][INFO] 2025-03-27 15:18:59,883: Back Left Min: 1.17, Back Right Min: 0.95
[rosout][INFO] 2025-03-27 15:18:59,980: Back Left Min: 0.99, Back Right Min: 0.95
[rosout][INFO] 2025-03-27 15:19:00,083: Back Left Min: 0.99, Back Right Min: 0.95
[rosout][INFO] 2025-03-27 15:19:00,180: Back Left Min: 0.99, Back Right Min: 0.95
[rosout][INFO] 2025-03-27 15:19:00,283: Back Left Min: 1.17, Back Right Min: 0.95
[rosout][INFO] 2025-03-27 15:19:00,380: Back Left Min: 1.17, Back Right Min: 0.95
[rosout][INFO] 2025-03-27 15:19:00,483: Back Left Min: 1.17, Back Right Min: 0.94
[rosout][INFO] 2025-03-27 15:19:00,580: Back Left Min: 1.17, Back Right Min: 0.94
[rosout][INFO] 2025-03-27 15:19:00,683: Back Left Min: 1.17, Back Right Min: 0.94
[rosout][INFO] 2025-03-27 15:19:00,780: Back Left Min: 1.17, Back Right Min: 0.94
[rosout][INFO] 2025-03-27 15:19:00,884: Back Left Min: 1.17, Back Right Min: 0.94
[rosout][INFO] 2025-03-27 15:19:00,980: Back Left Min: 1.17, Back Right Min: 0.94
[rosout][INFO] 2025-03-27 15:19:01,084: Back Left Min: 0.97, Back Right Min: 0.95
[rosout][INFO] 2025-03-27 15:19:01,181: Back Left Min: 0.97, Back Right Min: 0.95
[rosout][INFO] 2025-03-27 15:19:01,284: Back Left Min: 0.97, Back Right Min: 0.94
[rosout][INFO] 2025-03-27 15:19:01,381: Back Left Min: 0.97, Back Right Min: 0.94
[rosout][INFO] 2025-03-27 15:19:01,484: Back Left Min: 0.97, Back Right Min: 0.94
[rosout][INFO] 2025-03-27 15:19:01,581: Back Left Min: 0.97, Back Right Min: 0.94
[rosout][INFO] 2025-03-27 15:19:01,684: Back Left Min: 0.97, Back Right Min: 0.94
[rosout][INFO] 2025-03-27 15:19:01,781: Back Left Min: 0.97, Back Right Min: 0.94
[rosout][INFO] 2025-03-27 15:19:01,884: Back Left Min: 0.97, Back Right Min: 0.94
[rosout][INFO] 2025-03-27 15:19:01,981: Back Left Min: 0.97, Back Right Min: 0.94
[rosout][INFO] 2025-03-27 15:19:02,084: Back Left Min: 0.97, Back Right Min: 0.94
[rosout][INFO] 2025-03-27 15:19:02,181: Back Left Min: 0.97, Back Right Min: 0.94
[rosout][INFO] 2025-03-27 15:19:02,284: Back Left Min: 0.97, Back Right Min: 0.94
[rosout][INFO] 2025-03-27 15:19:02,381: Back Left Min: 0.97, Back Right Min: 0.94
[rosout][INFO] 2025-03-27 15:19:02,484: Back Left Min: 0.99, Back Right Min: 0.95
[rosout][INFO] 2025-03-27 15:19:02,581: Back Left Min: 0.99, Back Right Min: 0.95
[rosout][INFO] 2025-03-27 15:19:02,684: Back Left Min: 0.99, Back Right Min: 0.95
[rosout][INFO] 2025-03-27 15:19:02,781: Back Left Min: 0.97, Back Right Min: 0.95
[rosout][INFO] 2025-03-27 15:19:02,884: Back Left Min: 0.97, Back Right Min: 0.95
[rosout][INFO] 2025-03-27 15:19:02,981: Back Left Min: 0.97, Back Right Min: 0.95
[rosout][INFO] 2025-03-27 15:19:03,084: Back Left Min: 0.98, Back Right Min: 0.95
[rosout][INFO] 2025-03-27 15:19:03,181: Back Left Min: 0.98, Back Right Min: 0.95
[rosout][INFO] 2025-03-27 15:19:03,284: Back Left Min: 0.90, Back Right Min: 0.95
[rosout][INFO] 2025-03-27 15:19:03,381: Back Left Min: 0.90, Back Right Min: 0.95
[rosout][INFO] 2025-03-27 15:19:03,485: Back Left Min: 0.90, Back Right Min: 0.95
[rosout][INFO] 2025-03-27 15:19:03,581: Back Left Min: 0.97, Back Right Min: 0.94
[rosout][INFO] 2025-03-27 15:19:03,685: Back Left Min: 0.97, Back Right Min: 0.94
[rosout][INFO] 2025-03-27 15:19:03,782: Back Left Min: 0.97, Back Right Min: 0.94
[rosout][INFO] 2025-03-27 15:19:03,885: Back Left Min: 0.97, Back Right Min: 0.94
[rosout][INFO] 2025-03-27 15:19:03,982: Back Left Min: 0.97, Back Right Min: 0.94
[rosout][INFO] 2025-03-27 15:19:04,085: Back Left Min: 0.97, Back Right Min: 0.95
[rosout][INFO] 2025-03-27 15:19:04,182: Back Left Min: 0.97, Back Right Min: 0.95
[rosout][INFO] 2025-03-27 15:19:04,285: Back Left Min: 0.97, Back Right Min: 0.95
[rosout][INFO] 2025-03-27 15:19:04,382: Back Left Min: 0.97, Back Right Min: 0.94
[rosout][INFO] 2025-03-27 15:19:04,485: Back Left Min: 0.90, Back Right Min: 0.94
[rosout][INFO] 2025-03-27 15:19:04,582: Back Left Min: 0.90, Back Right Min: 0.94
[rosout][INFO] 2025-03-27 15:19:04,685: Back Left Min: 0.97, Back Right Min: 0.95
[rosout][INFO] 2025-03-27 15:19:04,782: Back Left Min: 0.97, Back Right Min: 0.95
[rosout][INFO] 2025-03-27 15:19:04,885: Back Left Min: 0.97, Back Right Min: 0.95
[rosout][INFO] 2025-03-27 15:19:04,982: Back Left Min: 0.97, Back Right Min: 0.95
[rosout][INFO] 2025-03-27 15:19:05,085: Back Left Min: 0.97, Back Right Min: 0.95
[rosout][INFO] 2025-03-27 15:19:05,182: Back Left Min: 0.97, Back Right Min: 0.95
[rosout][INFO] 2025-03-27 15:19:05,285: Back Left Min: 0.96, Back Right Min: 0.95
[rosout][INFO] 2025-03-27 15:19:05,382: Back Left Min: 0.96, Back Right Min: 0.95
[rosout][INFO] 2025-03-27 15:19:05,485: Back Left Min: 0.96, Back Right Min: 0.95
[rosout][INFO] 2025-03-27 15:19:05,582: Back Left Min: 0.97, Back Right Min: 0.95
[rosout][INFO] 2025-03-27 15:19:05,685: Back Left Min: 0.97, Back Right Min: 0.95
[rosout][INFO] 2025-03-27 15:19:05,782: Back Left Min: 0.97, Back Right Min: 0.94
[rosout][INFO] 2025-03-27 15:19:05,885: Back Left Min: 0.97, Back Right Min: 0.94
[rosout][INFO] 2025-03-27 15:19:05,982: Back Left Min: 0.97, Back Right Min: 0.94
[rosout][INFO] 2025-03-27 15:19:06,086: Back Left Min: 0.96, Back Right Min: 0.95
[rosout][INFO] 2025-03-27 15:19:06,183: Back Left Min: 0.96, Back Right Min: 0.95
[rosout][INFO] 2025-03-27 15:19:06,286: Back Left Min: 0.96, Back Right Min: 0.95
[rosout][INFO] 2025-03-27 15:19:06,383: Back Left Min: 0.96, Back Right Min: 0.94
[rosout][INFO] 2025-03-27 15:19:06,486: Back Left Min: 0.96, Back Right Min: 0.94
[rosout][INFO] 2025-03-27 15:19:06,583: Back Left Min: 0.96, Back Right Min: 0.94
[rosout][INFO] 2025-03-27 15:19:06,686: Back Left Min: 0.97, Back Right Min: 0.95
[rosout][INFO] 2025-03-27 15:19:06,783: Back Left Min: 0.97, Back Right Min: 0.95
[rosout][INFO] 2025-03-27 15:19:06,886: Back Left Min: 0.97, Back Right Min: 0.95
[rosout][INFO] 2025-03-27 15:19:06,983: Back Left Min: 0.97, Back Right Min: 0.95
[rosout][INFO] 2025-03-27 15:19:07,086: Back Left Min: 0.97, Back Right Min: 0.95
[rosout][INFO] 2025-03-27 15:19:07,183: Back Left Min: 0.97, Back Right Min: 0.95
[rosout][INFO] 2025-03-27 15:19:07,286: Back Left Min: 1.01, Back Right Min: 0.95
[rosout][INFO] 2025-03-27 15:19:07,383: Back Left Min: 1.01, Back Right Min: 0.95
[rosout][INFO] 2025-03-27 15:19:07,486: Back Left Min: 1.17, Back Right Min: 0.94
[rosout][INFO] 2025-03-27 15:19:07,583: Back Left Min: 1.17, Back Right Min: 0.94
[rosout][INFO] 2025-03-27 15:19:07,686: Back Left Min: 1.17, Back Right Min: 0.94
[rosout][INFO] 2025-03-27 15:19:07,783: Back Left Min: 0.91, Back Right Min: 0.94
[rosout][INFO] 2025-03-27 15:19:07,886: Back Left Min: 0.91, Back Right Min: 0.94
[rosout][INFO] 2025-03-27 15:19:07,983: Back Left Min: 0.91, Back Right Min: 0.94
[rosout][INFO] 2025-03-27 15:19:08,087: Back Left Min: 0.84, Back Right Min: 0.94
[rosout][INFO] 2025-03-27 15:19:08,183: Back Left Min: 0.84, Back Right Min: 0.94
[rosout][INFO] 2025-03-27 15:19:08,286: Back Left Min: 0.84, Back Right Min: 0.94
[rosout][INFO] 2025-03-27 15:19:08,383: Back Left Min: 0.84, Back Right Min: 0.94
[rosout][INFO] 2025-03-27 15:19:08,487: Back Left Min: 0.84, Back Right Min: 0.94
[rosout][INFO] 2025-03-27 15:19:08,584: Back Left Min: 0.84, Back Right Min: 0.93
[rosout][INFO] 2025-03-27 15:19:08,687: Back Left Min: 0.86, Back Right Min: 0.93
[rosout][INFO] 2025-03-27 15:19:08,784: Back Left Min: 0.86, Back Right Min: 0.93
[rosout][INFO] 2025-03-27 15:19:08,887: Back Left Min: 0.87, Back Right Min: 0.93
[rosout][INFO] 2025-03-27 15:19:08,984: Back Left Min: 0.87, Back Right Min: 0.93
[rosout][INFO] 2025-03-27 15:19:09,087: Back Left Min: 0.87, Back Right Min: 0.93
[rosout][INFO] 2025-03-27 15:19:09,184: Back Left Min: 0.87, Back Right Min: 0.93
[rosout][INFO] 2025-03-27 15:19:09,287: Back Left Min: 0.87, Back Right Min: 0.93
[rosout][INFO] 2025-03-27 15:19:09,384: Back Left Min: 0.87, Back Right Min: 0.93
[rosout][INFO] 2025-03-27 15:19:09,487: Back Left Min: 0.87, Back Right Min: 0.93
[rosout][INFO] 2025-03-27 15:19:09,584: Back Left Min: 0.87, Back Right Min: 0.93
[rosout][INFO] 2025-03-27 15:19:09,687: Back Left Min: 0.87, Back Right Min: 0.93
[rosout][INFO] 2025-03-27 15:19:09,784: Back Left Min: 0.95, Back Right Min: 0.93
[rosout][INFO] 2025-03-27 15:19:09,887: Back Left Min: 0.95, Back Right Min: 0.93
[rosout][INFO] 2025-03-27 15:19:09,984: Back Left Min: 0.95, Back Right Min: 0.94
[rosout][INFO] 2025-03-27 15:19:10,087: Back Left Min: 0.89, Back Right Min: 0.94
[rosout][INFO] 2025-03-27 15:19:10,184: Back Left Min: 0.89, Back Right Min: 0.94
[rosout][INFO] 2025-03-27 15:19:10,287: Back Left Min: 0.87, Back Right Min: 0.94
[rosout][INFO] 2025-03-27 15:19:10,384: Back Left Min: 0.87, Back Right Min: 0.94
[rosout][INFO] 2025-03-27 15:19:10,487: Back Left Min: 0.87, Back Right Min: 0.94
[rosout][INFO] 2025-03-27 15:19:10,584: Back Left Min: 0.85, Back Right Min: 0.94
[rosout][INFO] 2025-03-27 15:19:10,687: Back Left Min: 0.85, Back Right Min: 0.94
[rosout][INFO] 2025-03-27 15:19:10,784: Back Left Min: 0.85, Back Right Min: 0.94
[rosout][INFO] 2025-03-27 15:19:10,888: Back Left Min: 0.84, Back Right Min: 0.94
[rosout][INFO] 2025-03-27 15:19:10,984: Back Left Min: 0.84, Back Right Min: 0.94
[rosout][INFO] 2025-03-27 15:19:11,088: Back Left Min: 0.84, Back Right Min: 0.94
[rosout][INFO] 2025-03-27 15:19:11,185: Back Left Min: 0.83, Back Right Min: 0.94
[rosout][INFO] 2025-03-27 15:19:11,288: Back Left Min: 0.83, Back Right Min: 0.94
[rosout][INFO] 2025-03-27 15:19:11,385: Back Left Min: 0.83, Back Right Min: 0.94
[rosout][INFO] 2025-03-27 15:19:11,488: Back Left Min: 0.86, Back Right Min: 0.94
[rosout][INFO] 2025-03-27 15:19:11,585: Back Left Min: 0.86, Back Right Min: 0.94
[rosout][INFO] 2025-03-27 15:19:11,688: Back Left Min: 0.86, Back Right Min: 0.95
[rosout][INFO] 2025-03-27 15:19:11,785: Back Left Min: 0.86, Back Right Min: 0.95
[rosout][INFO] 2025-03-27 15:19:11,888: Back Left Min: 0.86, Back Right Min: 0.95
[rosout][INFO] 2025-03-27 15:19:11,985: Back Left Min: 0.90, Back Right Min: 0.95
[rosout][INFO] 2025-03-27 15:19:12,088: Back Left Min: 0.90, Back Right Min: 0.95
[rosout][INFO] 2025-03-27 15:19:12,185: Back Left Min: 0.90, Back Right Min: 0.95
[rosout][INFO] 2025-03-27 15:19:12,288: Back Left Min: 0.85, Back Right Min: 0.95
[rosout][INFO] 2025-03-27 15:19:12,385: Back Left Min: 0.85, Back Right Min: 0.95
[rosout][INFO] 2025-03-27 15:19:12,488: Back Left Min: 0.85, Back Right Min: 0.95
[rosout][INFO] 2025-03-27 15:19:12,585: Back Left Min: 0.85, Back Right Min: 0.95
[rosout][INFO] 2025-03-27 15:19:12,688: Back Left Min: 0.85, Back Right Min: 0.95
[rosout][INFO] 2025-03-27 15:19:12,785: Back Left Min: 0.85, Back Right Min: 0.95
[rosout][INFO] 2025-03-27 15:19:12,888: Back Left Min: 0.85, Back Right Min: 0.95
[rosout][INFO] 2025-03-27 15:19:12,985: Back Left Min: 0.85, Back Right Min: 0.95
[rosout][INFO] 2025-03-27 15:19:13,089: Back Left Min: 0.85, Back Right Min: 0.95
[rosout][INFO] 2025-03-27 15:19:13,185: Back Left Min: 0.85, Back Right Min: 0.95
[rosout][INFO] 2025-03-27 15:19:13,289: Back Left Min: 0.85, Back Right Min: 0.95
[rosout][INFO] 2025-03-27 15:19:13,385: Back Left Min: 0.85, Back Right Min: 0.95
[rosout][INFO] 2025-03-27 15:19:13,489: Back Left Min: 0.85, Back Right Min: 0.95
[rosout][INFO] 2025-03-27 15:19:13,586: Back Left Min: 0.85, Back Right Min: 0.95
[rosout][INFO] 2025-03-27 15:19:13,689: Back Left Min: 0.85, Back Right Min: 0.95
[rosout][INFO] 2025-03-27 15:19:13,786: Back Left Min: 0.85, Back Right Min: 0.95
[rosout][INFO] 2025-03-27 15:19:13,889: Back Left Min: 0.85, Back Right Min: 0.96
[rosout][INFO] 2025-03-27 15:19:13,986: Back Left Min: 0.85, Back Right Min: 0.96
[rosout][INFO] 2025-03-27 15:19:14,089: Back Left Min: 0.85, Back Right Min: 0.96
[rosout][INFO] 2025-03-27 15:19:14,186: Back Left Min: 0.85, Back Right Min: 0.95
[rosout][INFO] 2025-03-27 15:19:14,289: Back Left Min: 0.84, Back Right Min: 0.95
[rosout][INFO] 2025-03-27 15:19:14,386: Back Left Min: 0.84, Back Right Min: 0.95
[rosout][INFO] 2025-03-27 15:19:14,489: Back Left Min: 0.87, Back Right Min: 0.95
[rosout][INFO] 2025-03-27 15:19:14,586: Back Left Min: 0.87, Back Right Min: 0.95
[rosout][INFO] 2025-03-27 15:19:14,689: Back Left Min: 0.87, Back Right Min: 0.95
[rosout][INFO] 2025-03-27 15:19:14,786: Back Left Min: 0.90, Back Right Min: 0.95
[rosout][INFO] 2025-03-27 15:19:14,889: Back Left Min: 0.90, Back Right Min: 0.95
[rosout][INFO] 2025-03-27 15:19:14,986: Back Left Min: 0.90, Back Right Min: 0.95
[rosout][INFO] 2025-03-27 15:19:15,089: Back Left Min: 0.90, Back Right Min: 0.95
[rosout][INFO] 2025-03-27 15:19:15,186: Back Left Min: 0.90, Back Right Min: 0.95
[rosout][INFO] 2025-03-27 15:19:15,289: Back Left Min: 0.90, Back Right Min: 0.95
[rosout][INFO] 2025-03-27 15:19:15,386: Back Left Min: 0.88, Back Right Min: 0.95
[rosout][INFO] 2025-03-27 15:19:15,489: Back Left Min: 0.88, Back Right Min: 0.95
[rosout][INFO] 2025-03-27 15:19:15,586: Back Left Min: 0.88, Back Right Min: 0.95
[rosout][INFO] 2025-03-27 15:19:15,690: Back Left Min: 0.89, Back Right Min: 0.95
[rosout][INFO] 2025-03-27 15:19:15,786: Back Left Min: 0.89, Back Right Min: 0.95
[rosout][INFO] 2025-03-27 15:19:15,890: Back Left Min: 0.87, Back Right Min: 0.95
[rosout][INFO] 2025-03-27 15:19:15,987: Back Left Min: 0.87, Back Right Min: 0.95
[rosout][INFO] 2025-03-27 15:19:16,090: Back Left Min: 0.87, Back Right Min: 0.95
[rosout][INFO] 2025-03-27 15:19:16,187: Back Left Min: 0.88, Back Right Min: 0.95
[rosout][INFO] 2025-03-27 15:19:16,290: Back Left Min: 0.88, Back Right Min: 0.95
[rosout][INFO] 2025-03-27 15:19:16,387: Back Left Min: 0.88, Back Right Min: 0.95
[rosout][INFO] 2025-03-27 15:19:16,490: Back Left Min: 0.89, Back Right Min: 0.95
[rosout][INFO] 2025-03-27 15:19:16,587: Back Left Min: 0.89, Back Right Min: 0.95
[rosout][INFO] 2025-03-27 15:19:16,690: Back Left Min: 0.89, Back Right Min: 0.95
[rosout][INFO] 2025-03-27 15:19:16,787: Back Left Min: 0.88, Back Right Min: 0.95
[rosout][INFO] 2025-03-27 15:19:16,890: Back Left Min: 0.88, Back Right Min: 0.95
[rosout][INFO] 2025-03-27 15:19:16,987: Back Left Min: 0.88, Back Right Min: 0.95
[rosout][INFO] 2025-03-27 15:19:17,090: Back Left Min: 0.87, Back Right Min: 0.95
[rosout][INFO] 2025-03-27 15:19:17,187: Back Left Min: 0.87, Back Right Min: 0.95
[rosout][INFO] 2025-03-27 15:19:17,290: Back Left Min: 0.88, Back Right Min: 0.95
[rosout][INFO] 2025-03-27 15:19:17,387: Back Left Min: 0.88, Back Right Min: 0.95
[rosout][INFO] 2025-03-27 15:19:17,490: Back Left Min: 0.88, Back Right Min: 0.95
[rosout][INFO] 2025-03-27 15:19:17,587: Back Left Min: 0.88, Back Right Min: 0.96
[rosout][INFO] 2025-03-27 15:19:17,690: Back Left Min: 0.88, Back Right Min: 0.96
[rosout][INFO] 2025-03-27 15:19:17,787: Back Left Min: 0.88, Back Right Min: 0.96
[rosout][INFO] 2025-03-27 15:19:17,891: Back Left Min: 0.86, Back Right Min: 0.95
[rosout][INFO] 2025-03-27 15:19:17,987: Back Left Min: 0.86, Back Right Min: 0.95
[rosout][INFO] 2025-03-27 15:19:18,091: Back Left Min: 0.86, Back Right Min: 0.95
[rosout][INFO] 2025-03-27 15:19:18,187: Back Left Min: 0.88, Back Right Min: 0.95
[rosout][INFO] 2025-03-27 15:19:18,291: Back Left Min: 0.88, Back Right Min: 0.95
[rosout][INFO] 2025-03-27 15:19:18,388: Back Left Min: 0.88, Back Right Min: 0.95
[rosout][INFO] 2025-03-27 15:19:18,491: Back Left Min: 0.87, Back Right Min: 0.95
[rosout][INFO] 2025-03-27 15:19:18,588: Back Left Min: 0.87, Back Right Min: 0.95
[rosout][INFO] 2025-03-27 15:19:18,691: Back Left Min: 0.88, Back Right Min: 0.95
[rosout][INFO] 2025-03-27 15:19:18,788: Back Left Min: 0.88, Back Right Min: 0.95
[rosout][INFO] 2025-03-27 15:19:18,891: Back Left Min: 0.88, Back Right Min: 0.95
[rosout][INFO] 2025-03-27 15:19:18,988: Back Left Min: 0.88, Back Right Min: 0.95
[rosout][INFO] 2025-03-27 15:19:19,091: Back Left Min: 0.88, Back Right Min: 0.95
[rosout][INFO] 2025-03-27 15:19:19,188: Back Left Min: 0.88, Back Right Min: 0.95
[rosout][INFO] 2025-03-27 15:19:19,291: Back Left Min: 0.88, Back Right Min: 0.95
[rosout][INFO] 2025-03-27 15:19:19,388: Back Left Min: 0.88, Back Right Min: 0.95
[rosout][INFO] 2025-03-27 15:19:19,491: Back Left Min: 0.88, Back Right Min: 0.95
[rosout][INFO] 2025-03-27 15:19:19,588: Back Left Min: 0.87, Back Right Min: 0.95
[rosout][INFO] 2025-03-27 15:19:19,691: Back Left Min: 0.87, Back Right Min: 0.95
[rosout][INFO] 2025-03-27 15:19:19,788: Back Left Min: 0.87, Back Right Min: 0.95
[rosout][INFO] 2025-03-27 15:19:19,891: Back Left Min: 0.88, Back Right Min: 0.95
[rosout][INFO] 2025-03-27 15:19:19,988: Back Left Min: 0.88, Back Right Min: 0.95
[rosout][INFO] 2025-03-27 15:19:20,091: Back Left Min: 0.86, Back Right Min: 0.95
[rosout][INFO] 2025-03-27 15:19:20,188: Back Left Min: 0.86, Back Right Min: 0.95
[rosout][INFO] 2025-03-27 15:19:20,291: Back Left Min: 0.86, Back Right Min: 0.95
[rosout][INFO] 2025-03-27 15:19:20,388: Back Left Min: 0.87, Back Right Min: 0.95
[rosout][INFO] 2025-03-27 15:19:20,492: Back Left Min: 0.87, Back Right Min: 0.95
[rosout][INFO] 2025-03-27 15:19:20,588: Back Left Min: 0.87, Back Right Min: 0.95
[rosout][INFO] 2025-03-27 15:19:20,692: Back Left Min: 0.88, Back Right Min: 0.95
[rosout][INFO] 2025-03-27 15:19:20,789: Back Left Min: 0.88, Back Right Min: 0.95
[rosout][INFO] 2025-03-27 15:19:20,892: Back Left Min: 0.88, Back Right Min: 0.95
[rosout][INFO] 2025-03-27 15:19:20,989: Back Left Min: 0.87, Back Right Min: 0.95
[rosout][INFO] 2025-03-27 15:19:21,092: Back Left Min: 0.87, Back Right Min: 0.95
[rosout][INFO] 2025-03-27 15:19:21,189: Back Left Min: 0.87, Back Right Min: 0.96
[rosout][INFO] 2025-03-27 15:19:21,292: Back Left Min: 0.87, Back Right Min: 0.96
[rosout][INFO] 2025-03-27 15:19:21,389: Back Left Min: 0.87, Back Right Min: 0.96
[rosout][INFO] 2025-03-27 15:19:21,492: Back Left Min: 0.87, Back Right Min: 0.95
[rosout][INFO] 2025-03-27 15:19:21,589: Back Left Min: 0.87, Back Right Min: 0.95
[rosout][INFO] 2025-03-27 15:19:21,692: Back Left Min: 0.87, Back Right Min: 0.95
[rosout][INFO] 2025-03-27 15:19:21,789: Back Left Min: 0.86, Back Right Min: 0.95
[rosout][INFO] 2025-03-27 15:19:21,892: Back Left Min: 0.86, Back Right Min: 0.95
[rosout][INFO] 2025-03-27 15:19:21,989: Back Left Min: 0.86, Back Right Min: 0.95
[rosout][INFO] 2025-03-27 15:19:22,092: Back Left Min: 0.87, Back Right Min: 0.95
[rosout][INFO] 2025-03-27 15:19:22,189: Back Left Min: 0.87, Back Right Min: 0.95
[rosout][INFO] 2025-03-27 15:19:22,292: Back Left Min: 0.87, Back Right Min: 0.95
[rosout][INFO] 2025-03-27 15:19:22,389: Back Left Min: 0.86, Back Right Min: 0.95
[rosout][INFO] 2025-03-27 15:19:22,492: Back Left Min: 0.86, Back Right Min: 0.95
[rosout][INFO] 2025-03-27 15:19:22,589: Back Left Min: 0.86, Back Right Min: 0.95
[rosout][INFO] 2025-03-27 15:19:22,692: Back Left Min: 0.86, Back Right Min: 0.95
[rosout][INFO] 2025-03-27 15:19:22,789: Back Left Min: 0.86, Back Right Min: 0.95
[rosout][INFO] 2025-03-27 15:19:22,893: Back Left Min: 0.86, Back Right Min: 0.95
[rosout][INFO] 2025-03-27 15:19:22,989: Back Left Min: 0.86, Back Right Min: 0.95
[rosout][INFO] 2025-03-27 15:19:23,093: Back Left Min: 0.86, Back Right Min: 0.95
[rosout][INFO] 2025-03-27 15:19:23,189: Back Left Min: 0.87, Back Right Min: 0.95
[rosout][INFO] 2025-03-27 15:19:23,293: Back Left Min: 0.87, Back Right Min: 0.95
[rosout][INFO] 2025-03-27 15:19:23,390: Back Left Min: 0.87, Back Right Min: 0.95
[rosout][INFO] 2025-03-27 15:19:23,493: Back Left Min: 0.86, Back Right Min: 0.95
[rosout][INFO] 2025-03-27 15:19:23,590: Back Left Min: 0.86, Back Right Min: 0.95
[rosout][INFO] 2025-03-27 15:19:23,693: Back Left Min: 0.86, Back Right Min: 0.95
[rosout][INFO] 2025-03-27 15:19:23,790: Back Left Min: 0.87, Back Right Min: 0.95
[rosout][INFO] 2025-03-27 15:19:23,893: Back Left Min: 0.87, Back Right Min: 0.95
[rosout][INFO] 2025-03-27 15:19:23,990: Back Left Min: 0.87, Back Right Min: 0.95
[rosout][INFO] 2025-03-27 15:19:24,093: Back Left Min: 0.88, Back Right Min: 0.95
[rosout][INFO] 2025-03-27 15:19:24,190: Back Left Min: 0.88, Back Right Min: 0.95
[rosout][INFO] 2025-03-27 15:19:24,293: Back Left Min: 0.86, Back Right Min: 0.95
[rosout][INFO] 2025-03-27 15:19:24,390: Back Left Min: 0.86, Back Right Min: 0.95
[rosout][INFO] 2025-03-27 15:19:24,493: Back Left Min: 0.86, Back Right Min: 0.95
[rosout][INFO] 2025-03-27 15:19:24,590: Back Left Min: 0.87, Back Right Min: 0.95
[rosout][INFO] 2025-03-27 15:19:24,693: Back Left Min: 0.87, Back Right Min: 0.95
[rosout][INFO] 2025-03-27 15:19:24,790: Back Left Min: 0.87, Back Right Min: 0.95
[rosout][INFO] 2025-03-27 15:19:24,894: Back Left Min: 0.86, Back Right Min: 0.95
[rosout][INFO] 2025-03-27 15:19:24,990: Back Left Min: 0.86, Back Right Min: 0.95
[rosout][INFO] 2025-03-27 15:19:25,093: Back Left Min: 0.86, Back Right Min: 0.95
[rosout][INFO] 2025-03-27 15:19:25,190: Back Left Min: 0.86, Back Right Min: 0.95
[rosout][INFO] 2025-03-27 15:19:25,294: Back Left Min: 0.86, Back Right Min: 0.95
[rosout][INFO] 2025-03-27 15:19:25,390: Back Left Min: 0.86, Back Right Min: 0.95
[rosout][INFO] 2025-03-27 15:19:25,494: Back Left Min: 0.85, Back Right Min: 0.95
[rosout][INFO] 2025-03-27 15:19:25,591: Back Left Min: 0.85, Back Right Min: 0.95
[rosout][INFO] 2025-03-27 15:19:25,694: Back Left Min: 0.86, Back Right Min: 0.95
[rosout][INFO] 2025-03-27 15:19:25,791: Back Left Min: 0.86, Back Right Min: 0.95
[rosout][INFO] 2025-03-27 15:19:25,894: Back Left Min: 0.86, Back Right Min: 0.95
[rosout][INFO] 2025-03-27 15:19:25,991: Back Left Min: 0.87, Back Right Min: 0.95
[rosout][INFO] 2025-03-27 15:19:26,094: Back Left Min: 0.87, Back Right Min: 0.95
[rosout][INFO] 2025-03-27 15:19:26,191: Back Left Min: 0.87, Back Right Min: 0.95
[rosout][INFO] 2025-03-27 15:19:26,294: Back Left Min: 0.87, Back Right Min: 0.95
[rosout][INFO] 2025-03-27 15:19:26,391: Back Left Min: 0.87, Back Right Min: 0.95
[rosout][INFO] 2025-03-27 15:19:26,494: Back Left Min: 0.87, Back Right Min: 0.95
[rosout][INFO] 2025-03-27 15:19:26,591: Back Left Min: 0.87, Back Right Min: 0.95
[rosout][INFO] 2025-03-27 15:19:26,694: Back Left Min: 0.87, Back Right Min: 0.95
[rosout][INFO] 2025-03-27 15:19:26,791: Back Left Min: 0.87, Back Right Min: 0.95
[rosout][INFO] 2025-03-27 15:19:26,894: Back Left Min: 0.86, Back Right Min: 0.95
[rosout][INFO] 2025-03-27 15:19:26,991: Back Left Min: 0.86, Back Right Min: 0.95
[rosout][INFO] 2025-03-27 15:19:27,095: Back Left Min: 0.86, Back Right Min: 0.95
[rosout][INFO] 2025-03-27 15:19:27,191: Back Left Min: 0.86, Back Right Min: 0.95
[rosout][INFO] 2025-03-27 15:19:27,294: Back Left Min: 0.86, Back Right Min: 0.95
[rosout][INFO] 2025-03-27 15:19:27,391: Back Left Min: 0.86, Back Right Min: 0.95
[rosout][INFO] 2025-03-27 15:19:27,494: Back Left Min: 0.86, Back Right Min: 0.95
[rosout][INFO] 2025-03-27 15:19:27,591: Back Left Min: 0.86, Back Right Min: 0.95
[rosout][INFO] 2025-03-27 15:19:27,695: Back Left Min: 0.86, Back Right Min: 0.95
[rosout][INFO] 2025-03-27 15:19:27,791: Back Left Min: 0.86, Back Right Min: 0.95
[rosout][INFO] 2025-03-27 15:19:27,895: Back Left Min: 0.86, Back Right Min: 0.95
[rosout][INFO] 2025-03-27 15:19:27,991: Back Left Min: 0.86, Back Right Min: 0.95
[rosout][INFO] 2025-03-27 15:19:28,095: Back Left Min: 0.86, Back Right Min: 0.95
[rosout][INFO] 2025-03-27 15:19:28,192: Back Left Min: 0.86, Back Right Min: 0.95
[rosout][INFO] 2025-03-27 15:19:28,295: Back Left Min: 0.86, Back Right Min: 0.95
[rosout][INFO] 2025-03-27 15:19:28,392: Back Left Min: 0.86, Back Right Min: 0.95
[rosout][INFO] 2025-03-27 15:19:28,495: Back Left Min: 0.85, Back Right Min: 0.95
[rosout][INFO] 2025-03-27 15:19:28,592: Back Left Min: 0.85, Back Right Min: 0.95
[rosout][INFO] 2025-03-27 15:19:28,695: Back Left Min: 0.85, Back Right Min: 0.95
[rosout][INFO] 2025-03-27 15:19:28,792: Back Left Min: 0.84, Back Right Min: 0.95
[rosout][INFO] 2025-03-27 15:19:28,895: Back Left Min: 0.84, Back Right Min: 0.95
[rosout][INFO] 2025-03-27 15:19:28,992: Back Left Min: 0.84, Back Right Min: 0.95
[rosout][INFO] 2025-03-27 15:19:29,096: Back Left Min: 0.86, Back Right Min: 0.95
[rosout][INFO] 2025-03-27 15:19:29,192: Back Left Min: 0.86, Back Right Min: 0.95
[rosout][INFO] 2025-03-27 15:19:29,295: Back Left Min: 0.86, Back Right Min: 0.95
[rosout][INFO] 2025-03-27 15:19:29,392: Back Left Min: 0.85, Back Right Min: 0.95
[rosout][INFO] 2025-03-27 15:19:29,495: Back Left Min: 0.85, Back Right Min: 0.95
[rosout][INFO] 2025-03-27 15:19:29,592: Back Left Min: 0.85, Back Right Min: 0.95
[rosout][INFO] 2025-03-27 15:19:29,695: Back Left Min: 0.84, Back Right Min: 0.95
[rosout][INFO] 2025-03-27 15:19:29,792: Back Left Min: 0.84, Back Right Min: 0.95
[rosout][INFO] 2025-03-27 15:19:29,895: Back Left Min: 0.84, Back Right Min: 0.95
[rosout][INFO] 2025-03-27 15:19:29,992: Back Left Min: 0.84, Back Right Min: 0.95
[rosout][INFO] 2025-03-27 15:19:30,096: Back Left Min: 0.84, Back Right Min: 0.95
[rosout][INFO] 2025-03-27 15:19:30,192: Back Left Min: 0.84, Back Right Min: 0.99
[rosout][INFO] 2025-03-27 15:19:30,296: Back Left Min: 0.84, Back Right Min: 0.99
[rosout][INFO] 2025-03-27 15:19:30,393: Back Left Min: 0.84, Back Right Min: 0.99
[rosout][INFO] 2025-03-27 15:19:30,496: Back Left Min: 0.79, Back Right Min: 0.96
[rosout][INFO] 2025-03-27 15:19:30,593: Back Left Min: 0.79, Back Right Min: 0.96
[rosout][INFO] 2025-03-27 15:19:30,696: Back Left Min: 0.79, Back Right Min: 1.39
[rosout][INFO] 2025-03-27 15:19:30,793: Back Left Min: 0.79, Back Right Min: 1.39
[rosout][INFO] 2025-03-27 15:19:30,896: Back Left Min: 0.79, Back Right Min: 1.39
[rosout][INFO] 2025-03-27 15:19:30,993: Back Left Min: 0.79, Back Right Min: 1.38
[rosout][INFO] 2025-03-27 15:19:31,096: Back Left Min: 0.80, Back Right Min: 1.38
[rosout][INFO] 2025-03-27 15:19:31,193: Back Left Min: 0.80, Back Right Min: 1.38
[rosout][INFO] 2025-03-27 15:19:31,296: Back Left Min: 0.80, Back Right Min: 1.38
[rosout][INFO] 2025-03-27 15:19:31,393: Back Left Min: 0.81, Back Right Min: 1.38
[rosout][INFO] 2025-03-27 15:19:31,496: Back Left Min: 0.81, Back Right Min: 1.38
[rosout][INFO] 2025-03-27 15:19:31,593: Back Left Min: 0.81, Back Right Min: 0.93
[rosout][INFO] 2025-03-27 15:19:31,696: Back Left Min: 0.82, Back Right Min: 0.93
[rosout][INFO] 2025-03-27 15:19:31,794: Back Left Min: 0.82, Back Right Min: 0.93
[rosout][INFO] 2025-03-27 15:19:31,897: Back Left Min: 0.82, Back Right Min: 0.92
[rosout][INFO] 2025-03-27 15:19:31,993: Back Left Min: 0.82, Back Right Min: 0.92
[rosout][INFO] 2025-03-27 15:19:32,097: Back Left Min: 0.82, Back Right Min: 0.93
[rosout][INFO] 2025-03-27 15:19:32,193: Back Left Min: 0.80, Back Right Min: 0.93
[rosout][INFO] 2025-03-27 15:19:32,297: Back Left Min: 0.80, Back Right Min: 0.93
[rosout][INFO] 2025-03-27 15:19:32,393: Back Left Min: 0.80, Back Right Min: 0.93
[rosout][INFO] 2025-03-27 15:19:32,497: Back Left Min: 0.82, Back Right Min: 0.93
[rosout][INFO] 2025-03-27 15:19:32,594: Back Left Min: 0.82, Back Right Min: 0.93
[rosout][INFO] 2025-03-27 15:19:32,697: Back Left Min: 0.82, Back Right Min: 0.93
[rosout][INFO] 2025-03-27 15:19:32,794: Back Left Min: 0.84, Back Right Min: 0.93
[rosout][INFO] 2025-03-27 15:19:32,897: Back Left Min: 0.84, Back Right Min: 0.93
[rosout][INFO] 2025-03-27 15:19:32,994: Back Left Min: 0.84, Back Right Min: 0.93
[rosout][INFO] 2025-03-27 15:19:33,097: Back Left Min: 0.82, Back Right Min: 0.93
[rosout][INFO] 2025-03-27 15:19:33,194: Back Left Min: 0.82, Back Right Min: 0.93
[rosout][INFO] 2025-03-27 15:19:33,297: Back Left Min: 0.82, Back Right Min: 0.92
[rosout][INFO] 2025-03-27 15:19:33,394: Back Left Min: 0.82, Back Right Min: 0.92
[rosout][INFO] 2025-03-27 15:19:33,497: Back Left Min: 0.82, Back Right Min: 0.93
[rosout][INFO] 2025-03-27 15:19:33,594: Back Left Min: 0.82, Back Right Min: 0.93
[rosout][INFO] 2025-03-27 15:19:33,697: Back Left Min: 0.82, Back Right Min: 0.93
[rosout][INFO] 2025-03-27 15:19:33,794: Back Left Min: 0.82, Back Right Min: 0.93
[rosout][INFO] 2025-03-27 15:19:33,897: Back Left Min: 0.85, Back Right Min: 0.93
[rosout][INFO] 2025-03-27 15:19:33,994: Back Left Min: 0.85, Back Right Min: 0.93
[rosout][INFO] 2025-03-27 15:19:34,097: Back Left Min: 0.85, Back Right Min: 0.93
[rosout][INFO] 2025-03-27 15:19:34,194: Back Left Min: 0.82, Back Right Min: 0.93
[rosout][INFO] 2025-03-27 15:19:34,297: Back Left Min: 0.82, Back Right Min: 0.93
[rosout][INFO] 2025-03-27 15:19:34,394: Back Left Min: 0.82, Back Right Min: 0.93
[rosout][INFO] 2025-03-27 15:19:34,497: Back Left Min: 0.82, Back Right Min: 0.93
[rosout][INFO] 2025-03-27 15:19:34,594: Back Left Min: 0.82, Back Right Min: 0.93
[rosout][INFO] 2025-03-27 15:19:34,698: Back Left Min: 0.82, Back Right Min: 0.93
[rosout][INFO] 2025-03-27 15:19:34,794: Back Left Min: 0.82, Back Right Min: 0.93
[rosout][INFO] 2025-03-27 15:19:34,898: Back Left Min: 0.82, Back Right Min: 0.93
[rosout][INFO] 2025-03-27 15:19:34,995: Back Left Min: 0.83, Back Right Min: 0.93
[rosout][INFO] 2025-03-27 15:19:35,098: Back Left Min: 0.83, Back Right Min: 0.93
[rosout][INFO] 2025-03-27 15:19:35,195: Back Left Min: 0.83, Back Right Min: 0.93
[rosout][INFO] 2025-03-27 15:19:35,298: Back Left Min: 0.83, Back Right Min: 0.93
[rosout][INFO] 2025-03-27 15:19:35,395: Back Left Min: 0.83, Back Right Min: 0.93
[rosout][INFO] 2025-03-27 15:19:35,498: Back Left Min: 0.83, Back Right Min: 0.93
[rosout][INFO] 2025-03-27 15:19:35,595: Back Left Min: 0.84, Back Right Min: 0.93
[rosout][INFO] 2025-03-27 15:19:35,698: Back Left Min: 0.84, Back Right Min: 0.93
[rosout][INFO] 2025-03-27 15:19:35,795: Back Left Min: 0.84, Back Right Min: 0.93
[rosout][INFO] 2025-03-27 15:19:35,898: Back Left Min: 0.84, Back Right Min: 0.93
[rosout][INFO] 2025-03-27 15:19:35,995: Back Left Min: 0.84, Back Right Min: 0.93
[rosout][INFO] 2025-03-27 15:19:36,098: Back Left Min: 0.84, Back Right Min: 0.93
[rosout][INFO] 2025-03-27 15:19:36,195: Back Left Min: 0.84, Back Right Min: 0.93
[rosout][INFO] 2025-03-27 15:19:36,298: Back Left Min: 0.84, Back Right Min: 0.94
[rosout][INFO] 2025-03-27 15:19:36,395: Back Left Min: 0.84, Back Right Min: 0.94
[rosout][INFO] 2025-03-27 15:19:36,498: Back Left Min: 0.84, Back Right Min: 0.94
[rosout][INFO] 2025-03-27 15:19:36,595: Back Left Min: 0.84, Back Right Min: 0.94
[rosout][INFO] 2025-03-27 15:19:36,698: Back Left Min: 0.87, Back Right Min: 0.94
[rosout][INFO] 2025-03-27 15:19:36,795: Back Left Min: 0.87, Back Right Min: 0.94
[rosout][INFO] 2025-03-27 15:19:36,898: Back Left Min: 0.86, Back Right Min: 0.94
[rosout][INFO] 2025-03-27 15:19:36,995: Back Left Min: 0.86, Back Right Min: 0.94
[rosout][INFO] 2025-03-27 15:19:37,098: Back Left Min: 0.86, Back Right Min: 0.94
[rosout][INFO] 2025-03-27 15:19:37,196: Back Left Min: 0.89, Back Right Min: 0.95
[rosout][INFO] 2025-03-27 15:19:37,299: Back Left Min: 0.89, Back Right Min: 0.95
[rosout][INFO] 2025-03-27 15:19:37,395: Back Left Min: 0.89, Back Right Min: 0.95
[rosout][INFO] 2025-03-27 15:19:37,499: Back Left Min: 1.01, Back Right Min: 0.94
[rosout][INFO] 2025-03-27 15:19:37,596: Back Left Min: 1.01, Back Right Min: 0.94
[rosout][INFO] 2025-03-27 15:19:37,699: Back Left Min: 1.01, Back Right Min: 0.95
[rosout][INFO] 2025-03-27 15:19:37,796: Back Left Min: 0.86, Back Right Min: 0.95
[rosout][INFO] 2025-03-27 15:19:37,899: Back Left Min: 0.86, Back Right Min: 0.95
[rosout][INFO] 2025-03-27 15:19:37,996: Back Left Min: 0.86, Back Right Min: 0.95
[rosout][INFO] 2025-03-27 15:19:38,099: Back Left Min: 0.84, Back Right Min: 0.95
[rosout][INFO] 2025-03-27 15:19:38,196: Back Left Min: 0.84, Back Right Min: 0.95
[rosout][INFO] 2025-03-27 15:19:38,299: Back Left Min: 0.85, Back Right Min: 0.95
[rosout][INFO] 2025-03-27 15:19:38,396: Back Left Min: 0.85, Back Right Min: 0.95
[rosout][INFO] 2025-03-27 15:19:38,499: Back Left Min: 0.85, Back Right Min: 0.95
[rosout][INFO] 2025-03-27 15:19:38,596: Back Left Min: 0.87, Back Right Min: 0.95
[rosout][INFO] 2025-03-27 15:19:38,699: Back Left Min: 0.87, Back Right Min: 0.95
[rosout][INFO] 2025-03-27 15:19:38,796: Back Left Min: 0.87, Back Right Min: 0.95
[rosout][INFO] 2025-03-27 15:19:38,899: Back Left Min: 0.88, Back Right Min: 0.94
[rosout][INFO] 2025-03-27 15:19:38,996: Back Left Min: 0.88, Back Right Min: 0.94
[rosout][INFO] 2025-03-27 15:19:39,099: Back Left Min: 0.88, Back Right Min: 0.94
[rosout][INFO] 2025-03-27 15:19:39,196: Back Left Min: 0.85, Back Right Min: 0.94
[rosout][INFO] 2025-03-27 15:19:39,300: Back Left Min: 0.85, Back Right Min: 0.94
[rosout][INFO] 2025-03-27 15:19:39,396: Back Left Min: 0.85, Back Right Min: 0.93
[rosout][INFO] 2025-03-27 15:19:39,499: Back Left Min: 0.85, Back Right Min: 0.93
[rosout][INFO] 2025-03-27 15:19:39,596: Back Left Min: 0.85, Back Right Min: 0.93
[rosout][INFO] 2025-03-27 15:19:39,700: Back Left Min: 0.84, Back Right Min: 0.93
[rosout][INFO] 2025-03-27 15:19:39,796: Back Left Min: 0.84, Back Right Min: 0.93
[rosout][INFO] 2025-03-27 15:19:39,900: Back Left Min: 0.84, Back Right Min: 0.93
[rosout][INFO] 2025-03-27 15:19:39,997: Back Left Min: 0.85, Back Right Min: 0.93
[rosout][INFO] 2025-03-27 15:19:40,100: Back Left Min: 0.85, Back Right Min: 0.93
[rosout][INFO] 2025-03-27 15:19:40,196: Back Left Min: 0.85, Back Right Min: 0.93
[rosout][INFO] 2025-03-27 15:19:40,300: Back Left Min: 0.84, Back Right Min: 0.93
[rosout][INFO] 2025-03-27 15:19:40,397: Back Left Min: 0.84, Back Right Min: 0.93
[rosout][INFO] 2025-03-27 15:19:40,500: Back Left Min: 0.84, Back Right Min: 0.94
[rosout][INFO] 2025-03-27 15:19:40,597: Back Left Min: 0.85, Back Right Min: 0.94
[rosout][INFO] 2025-03-27 15:19:40,700: Back Left Min: 0.85, Back Right Min: 0.94
[rosout][INFO] 2025-03-27 15:19:40,797: Back Left Min: 0.85, Back Right Min: 0.94
[rosout][INFO] 2025-03-27 15:19:40,900: Back Left Min: 0.84, Back Right Min: 0.94
[rosout][INFO] 2025-03-27 15:19:40,997: Back Left Min: 0.84, Back Right Min: 0.94
[rosout][INFO] 2025-03-27 15:19:41,100: Back Left Min: 0.85, Back Right Min: 0.94
[rosout][INFO] 2025-03-27 15:19:41,197: Back Left Min: 0.85, Back Right Min: 0.94
[rosout][INFO] 2025-03-27 15:19:41,300: Back Left Min: 0.85, Back Right Min: 0.94
[rosout][INFO] 2025-03-27 15:19:41,397: Back Left Min: 0.85, Back Right Min: 0.94
[rosout][INFO] 2025-03-27 15:19:41,500: Back Left Min: 0.85, Back Right Min: 0.94
[rosout][INFO] 2025-03-27 15:19:41,597: Back Left Min: 0.85, Back Right Min: 0.94
[rosout][INFO] 2025-03-27 15:19:41,700: Back Left Min: 0.83, Back Right Min: 0.94
[rosout][INFO] 2025-03-27 15:19:41,797: Back Left Min: 0.83, Back Right Min: 0.94
[rosout][INFO] 2025-03-27 15:19:41,901: Back Left Min: 0.83, Back Right Min: 0.94
[rosout][INFO] 2025-03-27 15:19:41,997: Back Left Min: 0.84, Back Right Min: 0.94
[rosout][INFO] 2025-03-27 15:19:42,101: Back Left Min: 0.84, Back Right Min: 0.94
[rosout][INFO] 2025-03-27 15:19:42,197: Back Left Min: 0.84, Back Right Min: 0.94
[rosout][INFO] 2025-03-27 15:19:42,301: Back Left Min: 0.85, Back Right Min: 0.94
[rosout][INFO] 2025-03-27 15:19:42,398: Back Left Min: 0.85, Back Right Min: 0.94
[rosout][INFO] 2025-03-27 15:19:42,501: Back Left Min: 0.85, Back Right Min: 0.94
[rosout][INFO] 2025-03-27 15:19:42,598: Back Left Min: 0.85, Back Right Min: 0.94
[rosout][INFO] 2025-03-27 15:19:42,701: Back Left Min: 0.85, Back Right Min: 0.94
[rosout][INFO] 2025-03-27 15:19:42,798: Back Left Min: 0.84, Back Right Min: 0.94
[rosout][INFO] 2025-03-27 15:19:42,901: Back Left Min: 0.84, Back Right Min: 0.94
[rosout][INFO] 2025-03-27 15:19:42,998: Back Left Min: 0.84, Back Right Min: 0.94
[rosout][INFO] 2025-03-27 15:19:43,101: Back Left Min: 0.87, Back Right Min: 0.94
[rosout][INFO] 2025-03-27 15:19:43,198: Back Left Min: 0.87, Back Right Min: 0.94
[rosout][INFO] 2025-03-27 15:19:43,301: Back Left Min: 0.87, Back Right Min: 0.94
[rosout][INFO] 2025-03-27 15:19:43,398: Back Left Min: 0.87, Back Right Min: 0.94
[rosout][INFO] 2025-03-27 15:19:43,501: Back Left Min: 0.87, Back Right Min: 0.94
[rosout][INFO] 2025-03-27 15:19:43,598: Back Left Min: 0.87, Back Right Min: 0.94
[rosout][INFO] 2025-03-27 15:19:43,701: Back Left Min: 0.86, Back Right Min: 0.94
[rosout][INFO] 2025-03-27 15:19:43,798: Back Left Min: 0.86, Back Right Min: 0.94
[rosout][INFO] 2025-03-27 15:19:43,901: Back Left Min: 0.85, Back Right Min: 0.94
