[rospy.client][INFO] 2025-04-03 15:10:28,185: init_node, name[/sonar_processor_7178_1743667828169], pid[7178]
[xmlrpc][INFO] 2025-04-03 15:10:28,185: XML-RPC server binding to 127.0.0.1:0
[xmlrpc][INFO] 2025-04-03 15:10:28,185: Started XML-RPC server [http://localhost:39735/]
[rospy.init][INFO] 2025-04-03 15:10:28,185: ROS Slave URI: [http://localhost:39735/]
[rospy.impl.masterslave][INFO] 2025-04-03 15:10:28,186: _ready: http://localhost:39735/
[rospy.registration][INFO] 2025-04-03 15:10:28,186: Registering with master node http://localhost:11311
[xmlrpc][INFO] 2025-04-03 15:10:28,186: xml rpc node: starting XML-RPC server
[rospy.init][INFO] 2025-04-03 15:10:28,286: registered with master
[rospy.rosout][INFO] 2025-04-03 15:10:28,286: initializing /rosout core topic
[rospy.rosout][INFO] 2025-04-03 15:10:28,292: connected to core topic /rosout
[rospy.simtime][INFO] 2025-04-03 15:10:28,295: /use_sim_time is not set, will not subscribe to simulated time [/clock] topic
[rosout][INFO] 2025-04-03 15:10:28,312: Sonar processor initialized
[rospy.internal][INFO] 2025-04-03 15:10:28,352: topic[/RosAria/sonar] adding connection to [http://localhost:42431/], count 0
[rosout][INFO] 2025-04-03 15:10:28,377: Back Left Min: 0.90, Back Right Min: 0.54
[rospy.internal][INFO] 2025-04-03 15:10:28,427: topic[/sonar_min] adding connection to [/controller_joystick], count 0
[rosout][INFO] 2025-04-03 15:10:28,485: Back Left Min: 0.65, Back Right Min: 0.75
[rospy.internal][INFO] 2025-04-03 15:10:28,505: topic[/rosout] adding connection to [/rosout], count 0
[rosout][INFO] 2025-04-03 15:10:28,582: Back Left Min: 0.65, Back Right Min: 0.75
[rosout][INFO] 2025-04-03 15:10:28,685: Back Left Min: 0.65, Back Right Min: 0.54
[rosout][INFO] 2025-04-03 15:10:28,782: Back Left Min: 0.65, Back Right Min: 0.54
[rosout][INFO] 2025-04-03 15:10:28,886: Back Left Min: 0.65, Back Right Min: 0.54
[rosout][INFO] 2025-04-03 15:10:28,982: Back Left Min: 0.65, Back Right Min: 0.54
[rosout][INFO] 2025-04-03 15:10:29,085: Back Left Min: 0.65, Back Right Min: 0.54
[rosout][INFO] 2025-04-03 15:10:29,181: Back Left Min: 0.65, Back Right Min: 0.54
[rosout][INFO] 2025-04-03 15:10:29,285: Back Left Min: 0.65, Back Right Min: 0.54
[rosout][INFO] 2025-04-03 15:10:29,381: Back Left Min: 0.65, Back Right Min: 0.54
[rosout][INFO] 2025-04-03 15:10:29,485: Back Left Min: 0.65, Back Right Min: 0.54
[rosout][INFO] 2025-04-03 15:10:29,582: Back Left Min: 0.65, Back Right Min: 0.54
[rosout][INFO] 2025-04-03 15:10:29,685: Back Left Min: 0.65, Back Right Min: 0.54
[rosout][INFO] 2025-04-03 15:10:29,782: Back Left Min: 0.65, Back Right Min: 0.54
[rosout][INFO] 2025-04-03 15:10:29,885: Back Left Min: 0.65, Back Right Min: 0.54
[rosout][INFO] 2025-04-03 15:10:29,982: Back Left Min: 0.65, Back Right Min: 0.54
[rosout][INFO] 2025-04-03 15:10:30,085: Back Left Min: 0.65, Back Right Min: 0.54
[rosout][INFO] 2025-04-03 15:10:30,182: Back Left Min: 0.65, Back Right Min: 0.54
[rosout][INFO] 2025-04-03 15:10:30,285: Back Left Min: 0.65, Back Right Min: 0.54
[rosout][INFO] 2025-04-03 15:10:30,382: Back Left Min: 0.65, Back Right Min: 0.54
[rosout][INFO] 2025-04-03 15:10:30,485: Back Left Min: 0.65, Back Right Min: 0.54
[rosout][INFO] 2025-04-03 15:10:30,582: Back Left Min: 0.65, Back Right Min: 0.54
[rosout][INFO] 2025-04-03 15:10:30,685: Back Left Min: 0.65, Back Right Min: 0.54
[rosout][INFO] 2025-04-03 15:10:30,782: Back Left Min: 0.65, Back Right Min: 0.54
[rosout][INFO] 2025-04-03 15:10:30,885: Back Left Min: 0.65, Back Right Min: 0.54
[rosout][INFO] 2025-04-03 15:10:30,982: Back Left Min: 0.65, Back Right Min: 0.54
[rosout][INFO] 2025-04-03 15:10:31,085: Back Left Min: 0.65, Back Right Min: 0.54
[rosout][INFO] 2025-04-03 15:10:31,182: Back Left Min: 0.65, Back Right Min: 0.54
[rosout][INFO] 2025-04-03 15:10:31,285: Back Left Min: 0.65, Back Right Min: 0.54
[rosout][INFO] 2025-04-03 15:10:31,382: Back Left Min: 0.65, Back Right Min: 0.54
[rosout][INFO] 2025-04-03 15:10:31,485: Back Left Min: 0.65, Back Right Min: 0.54
[rosout][INFO] 2025-04-03 15:10:31,582: Back Left Min: 0.65, Back Right Min: 0.54
[rosout][INFO] 2025-04-03 15:10:31,686: Back Left Min: 0.65, Back Right Min: 0.54
[rosout][INFO] 2025-04-03 15:10:31,782: Back Left Min: 0.65, Back Right Min: 0.54
[rosout][INFO] 2025-04-03 15:10:31,886: Back Left Min: 0.65, Back Right Min: 0.54
[rosout][INFO] 2025-04-03 15:10:31,982: Back Left Min: 0.65, Back Right Min: 0.54
[rosout][INFO] 2025-04-03 15:10:32,086: Back Left Min: 0.65, Back Right Min: 0.54
[rosout][INFO] 2025-04-03 15:10:32,183: Back Left Min: 0.65, Back Right Min: 0.54
[rosout][INFO] 2025-04-03 15:10:32,286: Back Left Min: 0.65, Back Right Min: 0.54
[rosout][INFO] 2025-04-03 15:10:32,383: Back Left Min: 0.65, Back Right Min: 0.54
[rosout][INFO] 2025-04-03 15:10:32,486: Back Left Min: 0.65, Back Right Min: 0.54
[rosout][INFO] 2025-04-03 15:10:32,583: Back Left Min: 0.65, Back Right Min: 0.54
[rosout][INFO] 2025-04-03 15:10:32,686: Back Left Min: 0.65, Back Right Min: 0.54
[rosout][INFO] 2025-04-03 15:10:32,783: Back Left Min: 0.65, Back Right Min: 0.54
[rosout][INFO] 2025-04-03 15:10:32,886: Back Left Min: 0.65, Back Right Min: 0.54
[rosout][INFO] 2025-04-03 15:10:32,983: Back Left Min: 0.65, Back Right Min: 0.54
[rosout][INFO] 2025-04-03 15:10:33,086: Back Left Min: 0.65, Back Right Min: 0.54
[rosout][INFO] 2025-04-03 15:10:33,183: Back Left Min: 0.65, Back Right Min: 0.54
[rosout][INFO] 2025-04-03 15:10:33,286: Back Left Min: 0.65, Back Right Min: 0.54
[rosout][INFO] 2025-04-03 15:10:33,383: Back Left Min: 0.65, Back Right Min: 0.54
[rosout][INFO] 2025-04-03 15:10:33,486: Back Left Min: 0.65, Back Right Min: 0.54
[rosout][INFO] 2025-04-03 15:10:33,583: Back Left Min: 0.65, Back Right Min: 0.54
[rosout][INFO] 2025-04-03 15:10:33,686: Back Left Min: 0.65, Back Right Min: 0.54
[rosout][INFO] 2025-04-03 15:10:33,783: Back Left Min: 0.65, Back Right Min: 0.54
[rosout][INFO] 2025-04-03 15:10:33,886: Back Left Min: 0.65, Back Right Min: 0.54
[rosout][INFO] 2025-04-03 15:10:33,983: Back Left Min: 0.65, Back Right Min: 0.54
[rosout][INFO] 2025-04-03 15:10:34,086: Back Left Min: 0.65, Back Right Min: 0.54
[rosout][INFO] 2025-04-03 15:10:34,183: Back Left Min: 0.65, Back Right Min: 0.54
[rosout][INFO] 2025-04-03 15:10:34,287: Back Left Min: 0.65, Back Right Min: 0.54
[rosout][INFO] 2025-04-03 15:10:34,383: Back Left Min: 0.65, Back Right Min: 0.54
[rosout][INFO] 2025-04-03 15:10:34,487: Back Left Min: 0.65, Back Right Min: 0.54
[rosout][INFO] 2025-04-03 15:10:34,584: Back Left Min: 0.65, Back Right Min: 0.54
[rosout][INFO] 2025-04-03 15:10:34,687: Back Left Min: 0.65, Back Right Min: 0.54
[rosout][INFO] 2025-04-03 15:10:34,784: Back Left Min: 0.65, Back Right Min: 0.54
[rosout][INFO] 2025-04-03 15:10:34,887: Back Left Min: 0.65, Back Right Min: 0.54
[rosout][INFO] 2025-04-03 15:10:34,984: Back Left Min: 0.65, Back Right Min: 0.54
[rosout][INFO] 2025-04-03 15:10:35,087: Back Left Min: 0.65, Back Right Min: 0.54
[rosout][INFO] 2025-04-03 15:10:35,184: Back Left Min: 0.65, Back Right Min: 0.54
[rosout][INFO] 2025-04-03 15:10:35,287: Back Left Min: 0.65, Back Right Min: 0.54
[rosout][INFO] 2025-04-03 15:10:35,384: Back Left Min: 0.65, Back Right Min: 0.54
[rosout][INFO] 2025-04-03 15:10:35,487: Back Left Min: 0.65, Back Right Min: 0.54
[rosout][INFO] 2025-04-03 15:10:35,584: Back Left Min: 0.65, Back Right Min: 0.54
[rosout][INFO] 2025-04-03 15:10:35,687: Back Left Min: 0.65, Back Right Min: 0.54
[rosout][INFO] 2025-04-03 15:10:35,784: Back Left Min: 0.65, Back Right Min: 0.54
[rosout][INFO] 2025-04-03 15:10:35,887: Back Left Min: 0.65, Back Right Min: 0.54
[rosout][INFO] 2025-04-03 15:10:35,985: Back Left Min: 0.65, Back Right Min: 0.54
[rosout][INFO] 2025-04-03 15:10:36,087: Back Left Min: 0.65, Back Right Min: 0.54
[rosout][INFO] 2025-04-03 15:10:36,185: Back Left Min: 0.65, Back Right Min: 0.54
[rosout][INFO] 2025-04-03 15:10:36,287: Back Left Min: 0.65, Back Right Min: 0.54
[rosout][INFO] 2025-04-03 15:10:36,384: Back Left Min: 0.65, Back Right Min: 0.54
[rosout][INFO] 2025-04-03 15:10:36,487: Back Left Min: 0.65, Back Right Min: 0.54
[rosout][INFO] 2025-04-03 15:10:36,585: Back Left Min: 0.65, Back Right Min: 0.54
[rosout][INFO] 2025-04-03 15:10:36,688: Back Left Min: 0.65, Back Right Min: 0.54
[rosout][INFO] 2025-04-03 15:10:36,785: Back Left Min: 0.65, Back Right Min: 0.54
[rosout][INFO] 2025-04-03 15:10:36,888: Back Left Min: 0.65, Back Right Min: 0.54
[rosout][INFO] 2025-04-03 15:10:36,985: Back Left Min: 0.65, Back Right Min: 0.54
[rosout][INFO] 2025-04-03 15:10:37,088: Back Left Min: 0.65, Back Right Min: 0.54
[rosout][INFO] 2025-04-03 15:10:37,185: Back Left Min: 0.65, Back Right Min: 0.54
[rosout][INFO] 2025-04-03 15:10:37,288: Back Left Min: 0.65, Back Right Min: 0.54
[rosout][INFO] 2025-04-03 15:10:37,385: Back Left Min: 0.65, Back Right Min: 0.54
[rosout][INFO] 2025-04-03 15:10:37,488: Back Left Min: 0.65, Back Right Min: 0.54
[rosout][INFO] 2025-04-03 15:10:37,585: Back Left Min: 0.65, Back Right Min: 0.54
[rosout][INFO] 2025-04-03 15:10:37,688: Back Left Min: 0.65, Back Right Min: 0.54
[rosout][INFO] 2025-04-03 15:10:37,785: Back Left Min: 0.65, Back Right Min: 0.54
[rosout][INFO] 2025-04-03 15:10:37,888: Back Left Min: 0.65, Back Right Min: 0.54
[rosout][INFO] 2025-04-03 15:10:37,985: Back Left Min: 0.65, Back Right Min: 0.54
[rosout][INFO] 2025-04-03 15:10:38,088: Back Left Min: 0.65, Back Right Min: 0.54
[rosout][INFO] 2025-04-03 15:10:38,185: Back Left Min: 0.65, Back Right Min: 0.54
[rosout][INFO] 2025-04-03 15:10:38,288: Back Left Min: 0.65, Back Right Min: 0.54
[rosout][INFO] 2025-04-03 15:10:38,385: Back Left Min: 0.65, Back Right Min: 0.54
[rosout][INFO] 2025-04-03 15:10:38,488: Back Left Min: 0.65, Back Right Min: 0.54
[rosout][INFO] 2025-04-03 15:10:38,585: Back Left Min: 0.65, Back Right Min: 0.54
[rosout][INFO] 2025-04-03 15:10:38,688: Back Left Min: 0.65, Back Right Min: 0.54
[rosout][INFO] 2025-04-03 15:10:38,785: Back Left Min: 0.65, Back Right Min: 0.54
[rosout][INFO] 2025-04-03 15:10:38,888: Back Left Min: 0.65, Back Right Min: 0.54
[rosout][INFO] 2025-04-03 15:10:38,986: Back Left Min: 0.65, Back Right Min: 0.54
[rosout][INFO] 2025-04-03 15:10:39,089: Back Left Min: 0.65, Back Right Min: 0.54
[rosout][INFO] 2025-04-03 15:10:39,186: Back Left Min: 0.65, Back Right Min: 0.54
[rosout][INFO] 2025-04-03 15:10:39,289: Back Left Min: 0.65, Back Right Min: 0.54
[rosout][INFO] 2025-04-03 15:10:39,386: Back Left Min: 0.65, Back Right Min: 0.54
[rosout][INFO] 2025-04-03 15:10:39,489: Back Left Min: 0.65, Back Right Min: 0.54
[rosout][INFO] 2025-04-03 15:10:39,586: Back Left Min: 0.65, Back Right Min: 0.54
[rosout][INFO] 2025-04-03 15:10:39,689: Back Left Min: 0.65, Back Right Min: 0.54
[rosout][INFO] 2025-04-03 15:10:39,786: Back Left Min: 0.65, Back Right Min: 0.54
[rosout][INFO] 2025-04-03 15:10:39,889: Back Left Min: 0.65, Back Right Min: 0.54
[rosout][INFO] 2025-04-03 15:10:39,986: Back Left Min: 0.65, Back Right Min: 0.54
[rosout][INFO] 2025-04-03 15:10:40,089: Back Left Min: 0.65, Back Right Min: 0.54
[rosout][INFO] 2025-04-03 15:10:40,186: Back Left Min: 0.65, Back Right Min: 0.54
[rosout][INFO] 2025-04-03 15:10:40,289: Back Left Min: 0.65, Back Right Min: 0.54
[rosout][INFO] 2025-04-03 15:10:40,386: Back Left Min: 0.65, Back Right Min: 0.54
[rosout][INFO] 2025-04-03 15:10:40,489: Back Left Min: 0.65, Back Right Min: 0.54
[rosout][INFO] 2025-04-03 15:10:40,586: Back Left Min: 0.65, Back Right Min: 0.54
[rosout][INFO] 2025-04-03 15:10:40,689: Back Left Min: 0.65, Back Right Min: 0.54
[rosout][INFO] 2025-04-03 15:10:40,786: Back Left Min: 0.65, Back Right Min: 0.54
[rosout][INFO] 2025-04-03 15:10:40,889: Back Left Min: 0.65, Back Right Min: 0.54
[rosout][INFO] 2025-04-03 15:10:40,986: Back Left Min: 0.65, Back Right Min: 0.54
[rosout][INFO] 2025-04-03 15:10:41,089: Back Left Min: 0.65, Back Right Min: 0.54
[rosout][INFO] 2025-04-03 15:10:41,187: Back Left Min: 0.65, Back Right Min: 0.54
[rosout][INFO] 2025-04-03 15:10:41,289: Back Left Min: 0.65, Back Right Min: 0.54
[rosout][INFO] 2025-04-03 15:10:41,387: Back Left Min: 0.65, Back Right Min: 0.54
[rosout][INFO] 2025-04-03 15:10:41,489: Back Left Min: 0.65, Back Right Min: 0.54
[rosout][INFO] 2025-04-03 15:10:41,587: Back Left Min: 0.65, Back Right Min: 0.54
[rosout][INFO] 2025-04-03 15:10:41,690: Back Left Min: 0.65, Back Right Min: 0.54
[rosout][INFO] 2025-04-03 15:10:41,787: Back Left Min: 0.65, Back Right Min: 0.54
[rosout][INFO] 2025-04-03 15:10:41,890: Back Left Min: 0.65, Back Right Min: 0.54
[rosout][INFO] 2025-04-03 15:10:41,987: Back Left Min: 0.65, Back Right Min: 0.54
[rosout][INFO] 2025-04-03 15:10:42,090: Back Left Min: 0.65, Back Right Min: 0.54
[rosout][INFO] 2025-04-03 15:10:42,187: Back Left Min: 0.65, Back Right Min: 0.54
[rosout][INFO] 2025-04-03 15:10:42,290: Back Left Min: 0.65, Back Right Min: 0.54
[rosout][INFO] 2025-04-03 15:10:42,387: Back Left Min: 0.65, Back Right Min: 0.54
[rosout][INFO] 2025-04-03 15:10:42,490: Back Left Min: 0.65, Back Right Min: 0.54
[rosout][INFO] 2025-04-03 15:10:42,587: Back Left Min: 0.65, Back Right Min: 0.54
[rosout][INFO] 2025-04-03 15:10:42,690: Back Left Min: 0.65, Back Right Min: 0.54
[rosout][INFO] 2025-04-03 15:10:42,787: Back Left Min: 0.65, Back Right Min: 0.54
[rosout][INFO] 2025-04-03 15:10:42,890: Back Left Min: 0.65, Back Right Min: 0.54
[rosout][INFO] 2025-04-03 15:10:42,987: Back Left Min: 0.65, Back Right Min: 0.54
[rosout][INFO] 2025-04-03 15:10:43,090: Back Left Min: 0.65, Back Right Min: 0.54
[rosout][INFO] 2025-04-03 15:10:43,187: Back Left Min: 0.65, Back Right Min: 0.54
[rosout][INFO] 2025-04-03 15:10:43,290: Back Left Min: 0.65, Back Right Min: 0.54
[rosout][INFO] 2025-04-03 15:10:43,387: Back Left Min: 0.65, Back Right Min: 0.54
[rosout][INFO] 2025-04-03 15:10:43,490: Back Left Min: 0.65, Back Right Min: 0.54
[rosout][INFO] 2025-04-03 15:10:43,587: Back Left Min: 0.65, Back Right Min: 0.54
[rosout][INFO] 2025-04-03 15:10:43,690: Back Left Min: 0.65, Back Right Min: 0.54
[rosout][INFO] 2025-04-03 15:10:43,787: Back Left Min: 0.65, Back Right Min: 0.54
[rosout][INFO] 2025-04-03 15:10:43,890: Back Left Min: 0.65, Back Right Min: 0.54
[rosout][INFO] 2025-04-03 15:10:43,987: Back Left Min: 0.65, Back Right Min: 0.54
[rosout][INFO] 2025-04-03 15:10:44,091: Back Left Min: 0.65, Back Right Min: 0.54
[rosout][INFO] 2025-04-03 15:10:44,188: Back Left Min: 0.65, Back Right Min: 0.54
[rosout][INFO] 2025-04-03 15:10:44,291: Back Left Min: 0.65, Back Right Min: 0.54
[rosout][INFO] 2025-04-03 15:10:44,388: Back Left Min: 0.65, Back Right Min: 0.54
[rosout][INFO] 2025-04-03 15:10:44,491: Back Left Min: 0.65, Back Right Min: 0.54
[rosout][INFO] 2025-04-03 15:10:44,588: Back Left Min: 0.65, Back Right Min: 0.54
[rosout][INFO] 2025-04-03 15:10:44,691: Back Left Min: 0.65, Back Right Min: 0.54
[rosout][INFO] 2025-04-03 15:10:44,788: Back Left Min: 0.65, Back Right Min: 0.54
[rosout][INFO] 2025-04-03 15:10:44,891: Back Left Min: 0.65, Back Right Min: 0.54
[rosout][INFO] 2025-04-03 15:10:44,988: Back Left Min: 0.65, Back Right Min: 0.54
[rosout][INFO] 2025-04-03 15:10:45,091: Back Left Min: 0.65, Back Right Min: 0.54
[rosout][INFO] 2025-04-03 15:10:45,188: Back Left Min: 0.65, Back Right Min: 0.54
[rosout][INFO] 2025-04-03 15:10:45,291: Back Left Min: 0.65, Back Right Min: 0.54
[rosout][INFO] 2025-04-03 15:10:45,388: Back Left Min: 0.65, Back Right Min: 0.54
[rosout][INFO] 2025-04-03 15:10:45,491: Back Left Min: 0.65, Back Right Min: 0.54
[rosout][INFO] 2025-04-03 15:10:45,588: Back Left Min: 0.65, Back Right Min: 0.54
[rosout][INFO] 2025-04-03 15:10:45,691: Back Left Min: 0.65, Back Right Min: 0.54
[rosout][INFO] 2025-04-03 15:10:45,788: Back Left Min: 0.65, Back Right Min: 0.54
[rosout][INFO] 2025-04-03 15:10:45,891: Back Left Min: 0.65, Back Right Min: 0.54
[rosout][INFO] 2025-04-03 15:10:45,988: Back Left Min: 0.65, Back Right Min: 0.54
[rosout][INFO] 2025-04-03 15:10:46,091: Back Left Min: 0.65, Back Right Min: 0.54
[rosout][INFO] 2025-04-03 15:10:46,188: Back Left Min: 0.65, Back Right Min: 0.54
[rosout][INFO] 2025-04-03 15:10:46,292: Back Left Min: 0.65, Back Right Min: 0.54
[rosout][INFO] 2025-04-03 15:10:46,388: Back Left Min: 0.65, Back Right Min: 0.54
[rosout][INFO] 2025-04-03 15:10:46,492: Back Left Min: 0.65, Back Right Min: 0.54
[rosout][INFO] 2025-04-03 15:10:46,588: Back Left Min: 0.65, Back Right Min: 0.54
[rosout][INFO] 2025-04-03 15:10:46,692: Back Left Min: 0.65, Back Right Min: 0.54
[rosout][INFO] 2025-04-03 15:10:46,788: Back Left Min: 0.65, Back Right Min: 0.54
[rosout][INFO] 2025-04-03 15:10:46,892: Back Left Min: 0.65, Back Right Min: 0.54
[rosout][INFO] 2025-04-03 15:10:46,989: Back Left Min: 0.65, Back Right Min: 0.54
[rosout][INFO] 2025-04-03 15:10:47,092: Back Left Min: 0.65, Back Right Min: 0.54
[rosout][INFO] 2025-04-03 15:10:47,189: Back Left Min: 0.65, Back Right Min: 0.54
[rosout][INFO] 2025-04-03 15:10:47,292: Back Left Min: 0.65, Back Right Min: 0.54
[rosout][INFO] 2025-04-03 15:10:47,389: Back Left Min: 0.65, Back Right Min: 0.54
[rosout][INFO] 2025-04-03 15:10:47,492: Back Left Min: 0.65, Back Right Min: 0.54
[rosout][INFO] 2025-04-03 15:10:47,589: Back Left Min: 0.65, Back Right Min: 0.54
[rosout][INFO] 2025-04-03 15:10:47,692: Back Left Min: 0.65, Back Right Min: 0.54
[rosout][INFO] 2025-04-03 15:10:47,789: Back Left Min: 0.65, Back Right Min: 0.54
[rosout][INFO] 2025-04-03 15:10:47,892: Back Left Min: 0.65, Back Right Min: 0.54
[rosout][INFO] 2025-04-03 15:10:47,989: Back Left Min: 0.65, Back Right Min: 0.54
[rosout][INFO] 2025-04-03 15:10:48,092: Back Left Min: 0.65, Back Right Min: 0.54
[rosout][INFO] 2025-04-03 15:10:48,189: Back Left Min: 0.65, Back Right Min: 0.54
[rosout][INFO] 2025-04-03 15:10:48,292: Back Left Min: 0.65, Back Right Min: 0.54
[rosout][INFO] 2025-04-03 15:10:48,389: Back Left Min: 0.65, Back Right Min: 0.54
[rosout][INFO] 2025-04-03 15:10:48,492: Back Left Min: 0.65, Back Right Min: 0.54
[rosout][INFO] 2025-04-03 15:10:48,589: Back Left Min: 0.65, Back Right Min: 0.54
[rosout][INFO] 2025-04-03 15:10:48,692: Back Left Min: 0.65, Back Right Min: 0.54
[rosout][INFO] 2025-04-03 15:10:48,789: Back Left Min: 0.65, Back Right Min: 0.54
[rosout][INFO] 2025-04-03 15:10:48,892: Back Left Min: 0.65, Back Right Min: 0.54
[rosout][INFO] 2025-04-03 15:10:48,989: Back Left Min: 0.65, Back Right Min: 0.54
[rosout][INFO] 2025-04-03 15:10:49,093: Back Left Min: 0.65, Back Right Min: 0.54
[rosout][INFO] 2025-04-03 15:10:49,189: Back Left Min: 0.65, Back Right Min: 0.54
[rosout][INFO] 2025-04-03 15:10:49,293: Back Left Min: 0.65, Back Right Min: 0.54
[rosout][INFO] 2025-04-03 15:10:49,389: Back Left Min: 0.65, Back Right Min: 0.54
[rosout][INFO] 2025-04-03 15:10:49,493: Back Left Min: 0.65, Back Right Min: 0.54
[rosout][INFO] 2025-04-03 15:10:49,590: Back Left Min: 0.65, Back Right Min: 0.54
[rosout][INFO] 2025-04-03 15:10:49,693: Back Left Min: 0.65, Back Right Min: 0.54
[rosout][INFO] 2025-04-03 15:10:49,790: Back Left Min: 0.65, Back Right Min: 0.54
[rosout][INFO] 2025-04-03 15:10:49,893: Back Left Min: 0.65, Back Right Min: 0.54
[rosout][INFO] 2025-04-03 15:10:49,990: Back Left Min: 0.65, Back Right Min: 0.54
[rosout][INFO] 2025-04-03 15:10:50,093: Back Left Min: 0.65, Back Right Min: 0.54
[rosout][INFO] 2025-04-03 15:10:50,190: Back Left Min: 0.65, Back Right Min: 0.54
[rosout][INFO] 2025-04-03 15:10:50,293: Back Left Min: 0.65, Back Right Min: 0.54
[rosout][INFO] 2025-04-03 15:10:50,390: Back Left Min: 0.65, Back Right Min: 0.54
[rosout][INFO] 2025-04-03 15:10:50,493: Back Left Min: 0.65, Back Right Min: 0.54
[rosout][INFO] 2025-04-03 15:10:50,590: Back Left Min: 0.65, Back Right Min: 0.54
[rosout][INFO] 2025-04-03 15:10:50,693: Back Left Min: 0.65, Back Right Min: 0.54
[rosout][INFO] 2025-04-03 15:10:50,790: Back Left Min: 0.65, Back Right Min: 0.54
[rosout][INFO] 2025-04-03 15:10:50,893: Back Left Min: 0.65, Back Right Min: 0.54
[rosout][INFO] 2025-04-03 15:10:50,990: Back Left Min: 0.65, Back Right Min: 0.54
[rosout][INFO] 2025-04-03 15:10:51,093: Back Left Min: 0.65, Back Right Min: 0.54
[rosout][INFO] 2025-04-03 15:10:51,190: Back Left Min: 0.65, Back Right Min: 0.54
[rosout][INFO] 2025-04-03 15:10:51,293: Back Left Min: 0.65, Back Right Min: 0.54
[rosout][INFO] 2025-04-03 15:10:51,390: Back Left Min: 0.65, Back Right Min: 0.54
[rosout][INFO] 2025-04-03 15:10:51,493: Back Left Min: 0.65, Back Right Min: 0.54
[rosout][INFO] 2025-04-03 15:10:51,590: Back Left Min: 0.65, Back Right Min: 0.54
[rosout][INFO] 2025-04-03 15:10:51,694: Back Left Min: 0.65, Back Right Min: 0.54
[rosout][INFO] 2025-04-03 15:10:51,790: Back Left Min: 0.65, Back Right Min: 0.54
[rosout][INFO] 2025-04-03 15:10:51,894: Back Left Min: 0.65, Back Right Min: 0.54
[rosout][INFO] 2025-04-03 15:10:51,991: Back Left Min: 0.65, Back Right Min: 0.54
[rosout][INFO] 2025-04-03 15:10:52,094: Back Left Min: 0.65, Back Right Min: 0.54
[rosout][INFO] 2025-04-03 15:10:52,191: Back Left Min: 0.65, Back Right Min: 0.54
[rosout][INFO] 2025-04-03 15:10:52,294: Back Left Min: 0.65, Back Right Min: 0.54
[rosout][INFO] 2025-04-03 15:10:52,391: Back Left Min: 0.65, Back Right Min: 0.54
[rosout][INFO] 2025-04-03 15:10:52,494: Back Left Min: 0.65, Back Right Min: 0.54
[rosout][INFO] 2025-04-03 15:10:52,591: Back Left Min: 0.65, Back Right Min: 0.54
[rosout][INFO] 2025-04-03 15:10:52,694: Back Left Min: 0.65, Back Right Min: 0.54
[rosout][INFO] 2025-04-03 15:10:52,791: Back Left Min: 0.65, Back Right Min: 0.54
[rosout][INFO] 2025-04-03 15:10:52,894: Back Left Min: 0.65, Back Right Min: 0.54
[rosout][INFO] 2025-04-03 15:10:52,991: Back Left Min: 0.65, Back Right Min: 0.54
[rosout][INFO] 2025-04-03 15:10:53,094: Back Left Min: 0.65, Back Right Min: 0.54
[rosout][INFO] 2025-04-03 15:10:53,191: Back Left Min: 0.65, Back Right Min: 0.54
[rosout][INFO] 2025-04-03 15:10:53,294: Back Left Min: 0.65, Back Right Min: 0.54
[rosout][INFO] 2025-04-03 15:10:53,391: Back Left Min: 0.65, Back Right Min: 0.54
[rosout][INFO] 2025-04-03 15:10:53,494: Back Left Min: 0.65, Back Right Min: 0.54
[rosout][INFO] 2025-04-03 15:10:53,591: Back Left Min: 0.65, Back Right Min: 0.54
[rosout][INFO] 2025-04-03 15:10:53,694: Back Left Min: 0.65, Back Right Min: 0.54
[rosout][INFO] 2025-04-03 15:10:53,791: Back Left Min: 0.65, Back Right Min: 0.54
[rosout][INFO] 2025-04-03 15:10:53,894: Back Left Min: 0.65, Back Right Min: 0.54
[rosout][INFO] 2025-04-03 15:10:53,991: Back Left Min: 0.65, Back Right Min: 0.54
[rosout][INFO] 2025-04-03 15:10:54,095: Back Left Min: 0.65, Back Right Min: 0.54
[rosout][INFO] 2025-04-03 15:10:54,191: Back Left Min: 0.65, Back Right Min: 0.54
[rosout][INFO] 2025-04-03 15:10:54,295: Back Left Min: 0.65, Back Right Min: 0.54
[rosout][INFO] 2025-04-03 15:10:54,391: Back Left Min: 0.65, Back Right Min: 0.54
[rosout][INFO] 2025-04-03 15:10:54,495: Back Left Min: 0.65, Back Right Min: 0.54
[rosout][INFO] 2025-04-03 15:10:54,592: Back Left Min: 0.65, Back Right Min: 0.54
[rosout][INFO] 2025-04-03 15:10:54,695: Back Left Min: 0.65, Back Right Min: 0.54
[rosout][INFO] 2025-04-03 15:10:54,792: Back Left Min: 0.65, Back Right Min: 0.54
[rosout][INFO] 2025-04-03 15:10:54,895: Back Left Min: 0.65, Back Right Min: 0.54
[rosout][INFO] 2025-04-03 15:10:54,992: Back Left Min: 0.65, Back Right Min: 0.54
[rosout][INFO] 2025-04-03 15:10:55,095: Back Left Min: 0.65, Back Right Min: 0.54
[rosout][INFO] 2025-04-03 15:10:55,192: Back Left Min: 0.65, Back Right Min: 0.54
[rosout][INFO] 2025-04-03 15:10:55,295: Back Left Min: 0.65, Back Right Min: 0.54
[rosout][INFO] 2025-04-03 15:10:55,392: Back Left Min: 0.65, Back Right Min: 0.54
[rosout][INFO] 2025-04-03 15:10:55,495: Back Left Min: 0.65, Back Right Min: 0.54
[rosout][INFO] 2025-04-03 15:10:55,592: Back Left Min: 0.65, Back Right Min: 0.54
[rosout][INFO] 2025-04-03 15:10:55,695: Back Left Min: 0.65, Back Right Min: 0.54
[rosout][INFO] 2025-04-03 15:10:55,792: Back Left Min: 0.65, Back Right Min: 0.54
[rosout][INFO] 2025-04-03 15:10:55,895: Back Left Min: 0.65, Back Right Min: 0.54
[rosout][INFO] 2025-04-03 15:10:55,992: Back Left Min: 0.65, Back Right Min: 0.54
[rosout][INFO] 2025-04-03 15:10:56,095: Back Left Min: 0.65, Back Right Min: 0.54
[rosout][INFO] 2025-04-03 15:10:56,192: Back Left Min: 0.65, Back Right Min: 0.54
[rosout][INFO] 2025-04-03 15:10:56,295: Back Left Min: 0.65, Back Right Min: 0.54
[rosout][INFO] 2025-04-03 15:10:56,392: Back Left Min: 0.65, Back Right Min: 0.54
[rosout][INFO] 2025-04-03 15:10:56,495: Back Left Min: 0.65, Back Right Min: 0.54
[rosout][INFO] 2025-04-03 15:10:56,592: Back Left Min: 0.65, Back Right Min: 0.54
[rosout][INFO] 2025-04-03 15:10:56,696: Back Left Min: 0.65, Back Right Min: 0.54
[rosout][INFO] 2025-04-03 15:10:56,792: Back Left Min: 0.65, Back Right Min: 0.54
[rosout][INFO] 2025-04-03 15:10:56,896: Back Left Min: 0.65, Back Right Min: 0.54
[rosout][INFO] 2025-04-03 15:10:56,993: Back Left Min: 0.65, Back Right Min: 0.54
[rosout][INFO] 2025-04-03 15:10:57,096: Back Left Min: 0.65, Back Right Min: 0.54
[rosout][INFO] 2025-04-03 15:10:57,193: Back Left Min: 0.65, Back Right Min: 0.54
[rosout][INFO] 2025-04-03 15:10:57,296: Back Left Min: 0.65, Back Right Min: 0.54
[rosout][INFO] 2025-04-03 15:10:57,393: Back Left Min: 0.65, Back Right Min: 0.54
[rosout][INFO] 2025-04-03 15:10:57,496: Back Left Min: 0.65, Back Right Min: 0.54
[rosout][INFO] 2025-04-03 15:10:57,593: Back Left Min: 0.65, Back Right Min: 0.54
[rosout][INFO] 2025-04-03 15:10:57,696: Back Left Min: 0.65, Back Right Min: 0.54
[rosout][INFO] 2025-04-03 15:10:57,793: Back Left Min: 0.65, Back Right Min: 0.54
[rosout][INFO] 2025-04-03 15:10:57,896: Back Left Min: 0.65, Back Right Min: 0.54
[rosout][INFO] 2025-04-03 15:10:57,993: Back Left Min: 0.65, Back Right Min: 0.54
[rosout][INFO] 2025-04-03 15:10:58,096: Back Left Min: 0.65, Back Right Min: 0.54
[rosout][INFO] 2025-04-03 15:10:58,193: Back Left Min: 0.65, Back Right Min: 0.54
[rosout][INFO] 2025-04-03 15:10:58,296: Back Left Min: 0.65, Back Right Min: 0.54
[rosout][INFO] 2025-04-03 15:10:58,393: Back Left Min: 0.65, Back Right Min: 0.54
[rosout][INFO] 2025-04-03 15:10:58,496: Back Left Min: 0.65, Back Right Min: 0.54
[rosout][INFO] 2025-04-03 15:10:58,593: Back Left Min: 0.65, Back Right Min: 0.54
[rosout][INFO] 2025-04-03 15:10:58,696: Back Left Min: 0.65, Back Right Min: 0.54
[rosout][INFO] 2025-04-03 15:10:58,793: Back Left Min: 0.65, Back Right Min: 0.54
[rosout][INFO] 2025-04-03 15:10:58,896: Back Left Min: 0.65, Back Right Min: 0.54
[rosout][INFO] 2025-04-03 15:10:58,993: Back Left Min: 0.65, Back Right Min: 0.54
[rosout][INFO] 2025-04-03 15:10:59,097: Back Left Min: 0.65, Back Right Min: 0.54
[rosout][INFO] 2025-04-03 15:10:59,193: Back Left Min: 0.65, Back Right Min: 0.54
[rosout][INFO] 2025-04-03 15:10:59,297: Back Left Min: 0.65, Back Right Min: 0.54
[rosout][INFO] 2025-04-03 15:10:59,393: Back Left Min: 0.65, Back Right Min: 0.54
[rosout][INFO] 2025-04-03 15:10:59,497: Back Left Min: 0.65, Back Right Min: 0.54
[rosout][INFO] 2025-04-03 15:10:59,594: Back Left Min: 0.65, Back Right Min: 0.54
[rosout][INFO] 2025-04-03 15:10:59,697: Back Left Min: 0.65, Back Right Min: 0.54
[rosout][INFO] 2025-04-03 15:10:59,794: Back Left Min: 0.65, Back Right Min: 0.54
[rosout][INFO] 2025-04-03 15:10:59,897: Back Left Min: 0.65, Back Right Min: 0.54
[rosout][INFO] 2025-04-03 15:10:59,994: Back Left Min: 0.65, Back Right Min: 0.54
[rosout][INFO] 2025-04-03 15:11:00,097: Back Left Min: 0.65, Back Right Min: 0.54
[rosout][INFO] 2025-04-03 15:11:00,194: Back Left Min: 0.65, Back Right Min: 0.54
[rosout][INFO] 2025-04-03 15:11:00,297: Back Left Min: 0.65, Back Right Min: 0.54
[rosout][INFO] 2025-04-03 15:11:00,394: Back Left Min: 0.65, Back Right Min: 0.54
[rosout][INFO] 2025-04-03 15:11:00,497: Back Left Min: 0.65, Back Right Min: 0.54
[rosout][INFO] 2025-04-03 15:11:00,594: Back Left Min: 0.65, Back Right Min: 0.54
[rosout][INFO] 2025-04-03 15:11:00,697: Back Left Min: 0.65, Back Right Min: 0.54
[rosout][INFO] 2025-04-03 15:11:00,794: Back Left Min: 0.65, Back Right Min: 0.54
[rosout][INFO] 2025-04-03 15:11:00,897: Back Left Min: 0.65, Back Right Min: 0.54
[rosout][INFO] 2025-04-03 15:11:00,994: Back Left Min: 0.65, Back Right Min: 0.54
[rosout][INFO] 2025-04-03 15:11:01,097: Back Left Min: 0.65, Back Right Min: 0.54
[rosout][INFO] 2025-04-03 15:11:01,194: Back Left Min: 0.65, Back Right Min: 0.54
[rosout][INFO] 2025-04-03 15:11:01,297: Back Left Min: 0.65, Back Right Min: 0.54
[rosout][INFO] 2025-04-03 15:11:01,394: Back Left Min: 0.65, Back Right Min: 0.54
[rosout][INFO] 2025-04-03 15:11:01,498: Back Left Min: 0.65, Back Right Min: 0.54
[rosout][INFO] 2025-04-03 15:11:01,594: Back Left Min: 0.65, Back Right Min: 0.54
[rosout][INFO] 2025-04-03 15:11:01,698: Back Left Min: 0.65, Back Right Min: 0.54
[rosout][INFO] 2025-04-03 15:11:01,795: Back Left Min: 0.65, Back Right Min: 0.54
[rosout][INFO] 2025-04-03 15:11:01,898: Back Left Min: 0.65, Back Right Min: 0.54
[rosout][INFO] 2025-04-03 15:11:01,994: Back Left Min: 0.65, Back Right Min: 0.54
[rosout][INFO] 2025-04-03 15:11:02,098: Back Left Min: 0.65, Back Right Min: 0.54
[rosout][INFO] 2025-04-03 15:11:02,195: Back Left Min: 0.65, Back Right Min: 0.54
[rosout][INFO] 2025-04-03 15:11:02,298: Back Left Min: 0.65, Back Right Min: 0.54
[rosout][INFO] 2025-04-03 15:11:02,395: Back Left Min: 0.65, Back Right Min: 0.54
[rosout][INFO] 2025-04-03 15:11:02,498: Back Left Min: 0.65, Back Right Min: 0.54
[rosout][INFO] 2025-04-03 15:11:02,595: Back Left Min: 0.65, Back Right Min: 0.54
[rosout][INFO] 2025-04-03 15:11:02,698: Back Left Min: 0.65, Back Right Min: 0.54
[rosout][INFO] 2025-04-03 15:11:02,795: Back Left Min: 0.65, Back Right Min: 0.54
[rosout][INFO] 2025-04-03 15:11:02,898: Back Left Min: 0.65, Back Right Min: 0.54
[rosout][INFO] 2025-04-03 15:11:02,995: Back Left Min: 0.65, Back Right Min: 0.54
[rosout][INFO] 2025-04-03 15:11:03,098: Back Left Min: 0.65, Back Right Min: 0.54
[rosout][INFO] 2025-04-03 15:11:03,195: Back Left Min: 0.65, Back Right Min: 0.54
[rosout][INFO] 2025-04-03 15:11:03,298: Back Left Min: 0.65, Back Right Min: 0.54
[rosout][INFO] 2025-04-03 15:11:03,395: Back Left Min: 0.65, Back Right Min: 0.54
[rosout][INFO] 2025-04-03 15:11:03,498: Back Left Min: 0.65, Back Right Min: 0.54
[rosout][INFO] 2025-04-03 15:11:03,595: Back Left Min: 0.65, Back Right Min: 0.54
[rosout][INFO] 2025-04-03 15:11:03,698: Back Left Min: 0.65, Back Right Min: 0.54
[rosout][INFO] 2025-04-03 15:11:03,795: Back Left Min: 0.65, Back Right Min: 0.54
[rosout][INFO] 2025-04-03 15:11:03,898: Back Left Min: 0.65, Back Right Min: 0.54
[rosout][INFO] 2025-04-03 15:11:03,995: Back Left Min: 0.65, Back Right Min: 0.54
[rosout][INFO] 2025-04-03 15:11:04,099: Back Left Min: 0.65, Back Right Min: 0.54
[rosout][INFO] 2025-04-03 15:11:04,195: Back Left Min: 0.65, Back Right Min: 0.54
[rosout][INFO] 2025-04-03 15:11:04,299: Back Left Min: 0.65, Back Right Min: 0.54
[rosout][INFO] 2025-04-03 15:11:04,396: Back Left Min: 0.65, Back Right Min: 0.54
[rosout][INFO] 2025-04-03 15:11:04,499: Back Left Min: 0.65, Back Right Min: 0.54
[rosout][INFO] 2025-04-03 15:11:04,596: Back Left Min: 0.65, Back Right Min: 0.54
[rosout][INFO] 2025-04-03 15:11:04,699: Back Left Min: 0.65, Back Right Min: 0.54
[rosout][INFO] 2025-04-03 15:11:04,796: Back Left Min: 0.65, Back Right Min: 0.54
[rosout][INFO] 2025-04-03 15:11:04,899: Back Left Min: 0.65, Back Right Min: 0.54
[rosout][INFO] 2025-04-03 15:11:04,996: Back Left Min: 0.65, Back Right Min: 0.54
[rosout][INFO] 2025-04-03 15:11:05,099: Back Left Min: 0.65, Back Right Min: 0.54
[rosout][INFO] 2025-04-03 15:11:05,196: Back Left Min: 0.65, Back Right Min: 0.54
[rosout][INFO] 2025-04-03 15:11:05,299: Back Left Min: 0.65, Back Right Min: 0.54
[rosout][INFO] 2025-04-03 15:11:05,396: Back Left Min: 0.65, Back Right Min: 0.54
[rosout][INFO] 2025-04-03 15:11:05,499: Back Left Min: 0.65, Back Right Min: 0.54
[rosout][INFO] 2025-04-03 15:11:05,596: Back Left Min: 0.65, Back Right Min: 0.54
[rosout][INFO] 2025-04-03 15:11:05,699: Back Left Min: 0.65, Back Right Min: 0.54
[rosout][INFO] 2025-04-03 15:11:05,796: Back Left Min: 0.65, Back Right Min: 0.54
[rosout][INFO] 2025-04-03 15:11:05,899: Back Left Min: 0.65, Back Right Min: 0.54
[rosout][INFO] 2025-04-03 15:11:05,996: Back Left Min: 0.65, Back Right Min: 0.54
[rosout][INFO] 2025-04-03 15:11:06,099: Back Left Min: 0.65, Back Right Min: 0.54
[rosout][INFO] 2025-04-03 15:11:06,196: Back Left Min: 0.65, Back Right Min: 0.54
[rosout][INFO] 2025-04-03 15:11:06,299: Back Left Min: 0.65, Back Right Min: 0.54
[rosout][INFO] 2025-04-03 15:11:06,396: Back Left Min: 0.65, Back Right Min: 0.54
[rosout][INFO] 2025-04-03 15:11:06,500: Back Left Min: 0.65, Back Right Min: 0.54
[rosout][INFO] 2025-04-03 15:11:06,596: Back Left Min: 0.65, Back Right Min: 0.54
[rosout][INFO] 2025-04-03 15:11:06,700: Back Left Min: 0.65, Back Right Min: 0.54
[rosout][INFO] 2025-04-03 15:11:06,796: Back Left Min: 0.65, Back Right Min: 0.54
[rosout][INFO] 2025-04-03 15:11:06,900: Back Left Min: 0.65, Back Right Min: 0.54
[rosout][INFO] 2025-04-03 15:11:06,996: Back Left Min: 0.65, Back Right Min: 0.54
[rosout][INFO] 2025-04-03 15:11:07,100: Back Left Min: 0.65, Back Right Min: 0.54
[rosout][INFO] 2025-04-03 15:11:07,197: Back Left Min: 0.65, Back Right Min: 0.54
[rosout][INFO] 2025-04-03 15:11:07,300: Back Left Min: 0.65, Back Right Min: 0.54
[rosout][INFO] 2025-04-03 15:11:07,397: Back Left Min: 0.65, Back Right Min: 0.54
[rosout][INFO] 2025-04-03 15:11:07,500: Back Left Min: 0.65, Back Right Min: 0.54
[rosout][INFO] 2025-04-03 15:11:07,597: Back Left Min: 0.65, Back Right Min: 0.54
[rosout][INFO] 2025-04-03 15:11:07,700: Back Left Min: 0.65, Back Right Min: 0.54
[rosout][INFO] 2025-04-03 15:11:07,797: Back Left Min: 0.65, Back Right Min: 0.54
[rosout][INFO] 2025-04-03 15:11:07,900: Back Left Min: 0.65, Back Right Min: 0.54
[rosout][INFO] 2025-04-03 15:11:07,997: Back Left Min: 0.65, Back Right Min: 0.54
[rosout][INFO] 2025-04-03 15:11:08,100: Back Left Min: 0.65, Back Right Min: 0.54
[rosout][INFO] 2025-04-03 15:11:08,197: Back Left Min: 0.65, Back Right Min: 0.54
[rosout][INFO] 2025-04-03 15:11:08,300: Back Left Min: 0.65, Back Right Min: 0.54
[rosout][INFO] 2025-04-03 15:11:08,397: Back Left Min: 0.65, Back Right Min: 0.54
[rosout][INFO] 2025-04-03 15:11:08,500: Back Left Min: 0.65, Back Right Min: 0.54
[rosout][INFO] 2025-04-03 15:11:08,597: Back Left Min: 0.65, Back Right Min: 0.54
[rosout][INFO] 2025-04-03 15:11:08,700: Back Left Min: 0.65, Back Right Min: 0.54
[rosout][INFO] 2025-04-03 15:11:08,797: Back Left Min: 0.65, Back Right Min: 0.54
[rosout][INFO] 2025-04-03 15:11:08,900: Back Left Min: 0.65, Back Right Min: 0.54
[rosout][INFO] 2025-04-03 15:11:08,997: Back Left Min: 0.65, Back Right Min: 0.54
[rosout][INFO] 2025-04-03 15:11:09,101: Back Left Min: 0.65, Back Right Min: 0.54
[rosout][INFO] 2025-04-03 15:11:09,197: Back Left Min: 0.65, Back Right Min: 0.54
[rosout][INFO] 2025-04-03 15:11:09,301: Back Left Min: 0.65, Back Right Min: 0.54
[rosout][INFO] 2025-04-03 15:11:09,397: Back Left Min: 0.65, Back Right Min: 0.54
[rosout][INFO] 2025-04-03 15:11:09,501: Back Left Min: 0.65, Back Right Min: 0.54
[rosout][INFO] 2025-04-03 15:11:09,598: Back Left Min: 0.65, Back Right Min: 0.54
[rosout][INFO] 2025-04-03 15:11:09,701: Back Left Min: 0.65, Back Right Min: 0.54
[rosout][INFO] 2025-04-03 15:11:09,798: Back Left Min: 0.65, Back Right Min: 0.54
[rosout][INFO] 2025-04-03 15:11:09,901: Back Left Min: 0.65, Back Right Min: 0.54
[rosout][INFO] 2025-04-03 15:11:09,998: Back Left Min: 0.65, Back Right Min: 0.54
[rosout][INFO] 2025-04-03 15:11:10,101: Back Left Min: 0.65, Back Right Min: 0.54
[rosout][INFO] 2025-04-03 15:11:10,198: Back Left Min: 0.65, Back Right Min: 0.54
[rosout][INFO] 2025-04-03 15:11:10,301: Back Left Min: 0.65, Back Right Min: 0.54
[rosout][INFO] 2025-04-03 15:11:10,398: Back Left Min: 0.65, Back Right Min: 0.54
[rosout][INFO] 2025-04-03 15:11:10,501: Back Left Min: 0.65, Back Right Min: 0.54
[rosout][INFO] 2025-04-03 15:11:10,598: Back Left Min: 0.65, Back Right Min: 0.54
[rosout][INFO] 2025-04-03 15:11:10,701: Back Left Min: 0.65, Back Right Min: 0.54
[rosout][INFO] 2025-04-03 15:11:10,798: Back Left Min: 0.65, Back Right Min: 0.54
[rosout][INFO] 2025-04-03 15:11:10,901: Back Left Min: 0.65, Back Right Min: 0.54
[rosout][INFO] 2025-04-03 15:11:10,998: Back Left Min: 0.65, Back Right Min: 0.54
[rosout][INFO] 2025-04-03 15:11:11,101: Back Left Min: 0.65, Back Right Min: 0.54
[rosout][INFO] 2025-04-03 15:11:11,198: Back Left Min: 0.65, Back Right Min: 0.54
[rosout][INFO] 2025-04-03 15:11:11,301: Back Left Min: 0.65, Back Right Min: 0.54
[rosout][INFO] 2025-04-03 15:11:11,398: Back Left Min: 0.65, Back Right Min: 0.54
[rosout][INFO] 2025-04-03 15:11:11,501: Back Left Min: 0.65, Back Right Min: 0.54
[rosout][INFO] 2025-04-03 15:11:11,598: Back Left Min: 0.65, Back Right Min: 0.54
[rosout][INFO] 2025-04-03 15:11:11,702: Back Left Min: 0.65, Back Right Min: 0.54
[rosout][INFO] 2025-04-03 15:11:11,798: Back Left Min: 0.65, Back Right Min: 0.54
[rosout][INFO] 2025-04-03 15:11:11,902: Back Left Min: 0.65, Back Right Min: 0.54
[rosout][INFO] 2025-04-03 15:11:11,999: Back Left Min: 0.65, Back Right Min: 0.54
[rosout][INFO] 2025-04-03 15:11:12,102: Back Left Min: 0.65, Back Right Min: 0.54
[rosout][INFO] 2025-04-03 15:11:12,199: Back Left Min: 0.65, Back Right Min: 0.54
[rosout][INFO] 2025-04-03 15:11:12,302: Back Left Min: 0.65, Back Right Min: 0.54
[rosout][INFO] 2025-04-03 15:11:12,399: Back Left Min: 0.65, Back Right Min: 0.54
[rosout][INFO] 2025-04-03 15:11:12,502: Back Left Min: 0.65, Back Right Min: 0.54
[rosout][INFO] 2025-04-03 15:11:12,599: Back Left Min: 0.65, Back Right Min: 0.54
[rosout][INFO] 2025-04-03 15:11:12,702: Back Left Min: 0.65, Back Right Min: 0.54
[rosout][INFO] 2025-04-03 15:11:12,799: Back Left Min: 0.65, Back Right Min: 0.54
[rosout][INFO] 2025-04-03 15:11:12,902: Back Left Min: 0.65, Back Right Min: 0.54
[rosout][INFO] 2025-04-03 15:11:12,999: Back Left Min: 0.65, Back Right Min: 0.54
[rosout][INFO] 2025-04-03 15:11:13,103: Back Left Min: 0.65, Back Right Min: 0.54
[rosout][INFO] 2025-04-03 15:11:13,199: Back Left Min: 0.65, Back Right Min: 0.54
[rosout][INFO] 2025-04-03 15:11:13,302: Back Left Min: 0.65, Back Right Min: 0.54
[rosout][INFO] 2025-04-03 15:11:13,399: Back Left Min: 0.65, Back Right Min: 0.54
[rosout][INFO] 2025-04-03 15:11:13,502: Back Left Min: 0.65, Back Right Min: 0.54
[rosout][INFO] 2025-04-03 15:11:13,599: Back Left Min: 0.65, Back Right Min: 0.54
[rosout][INFO] 2025-04-03 15:11:13,702: Back Left Min: 0.65, Back Right Min: 0.54
[rosout][INFO] 2025-04-03 15:11:13,799: Back Left Min: 0.65, Back Right Min: 0.54
[rosout][INFO] 2025-04-03 15:11:13,903: Back Left Min: 0.65, Back Right Min: 0.54
[rosout][INFO] 2025-04-03 15:11:13,999: Back Left Min: 0.65, Back Right Min: 0.54
[rosout][INFO] 2025-04-03 15:11:14,103: Back Left Min: 0.65, Back Right Min: 0.54
[rosout][INFO] 2025-04-03 15:11:14,199: Back Left Min: 0.65, Back Right Min: 0.54
[rosout][INFO] 2025-04-03 15:11:14,303: Back Left Min: 0.65, Back Right Min: 0.54
[rosout][INFO] 2025-04-03 15:11:14,400: Back Left Min: 0.65, Back Right Min: 0.54
[rosout][INFO] 2025-04-03 15:11:14,503: Back Left Min: 0.65, Back Right Min: 0.54
[rosout][INFO] 2025-04-03 15:11:14,600: Back Left Min: 0.65, Back Right Min: 0.54
[rosout][INFO] 2025-04-03 15:11:14,703: Back Left Min: 0.65, Back Right Min: 0.54
[rosout][INFO] 2025-04-03 15:11:14,800: Back Left Min: 0.65, Back Right Min: 0.54
[rosout][INFO] 2025-04-03 15:11:14,903: Back Left Min: 0.65, Back Right Min: 0.54
[rosout][INFO] 2025-04-03 15:11:15,000: Back Left Min: 0.65, Back Right Min: 0.54
[rosout][INFO] 2025-04-03 15:11:15,103: Back Left Min: 0.65, Back Right Min: 0.54
[rosout][INFO] 2025-04-03 15:11:15,200: Back Left Min: 0.65, Back Right Min: 0.54
[rosout][INFO] 2025-04-03 15:11:15,304: Back Left Min: 0.65, Back Right Min: 0.54
[rosout][INFO] 2025-04-03 15:11:15,400: Back Left Min: 0.65, Back Right Min: 0.54
[rosout][INFO] 2025-04-03 15:11:15,504: Back Left Min: 0.65, Back Right Min: 0.54
[rosout][INFO] 2025-04-03 15:11:15,600: Back Left Min: 0.65, Back Right Min: 0.54
[rosout][INFO] 2025-04-03 15:11:15,703: Back Left Min: 0.65, Back Right Min: 0.54
[rosout][INFO] 2025-04-03 15:11:15,800: Back Left Min: 0.65, Back Right Min: 0.54
[rosout][INFO] 2025-04-03 15:11:15,903: Back Left Min: 0.65, Back Right Min: 0.54
[rosout][INFO] 2025-04-03 15:11:16,000: Back Left Min: 0.65, Back Right Min: 0.54
[rosout][INFO] 2025-04-03 15:11:16,103: Back Left Min: 0.65, Back Right Min: 0.54
[rosout][INFO] 2025-04-03 15:11:16,200: Back Left Min: 0.65, Back Right Min: 0.54
[rosout][INFO] 2025-04-03 15:11:16,303: Back Left Min: 0.65, Back Right Min: 0.54
[rosout][INFO] 2025-04-03 15:11:16,400: Back Left Min: 0.65, Back Right Min: 0.54
[rosout][INFO] 2025-04-03 15:11:16,503: Back Left Min: 0.65, Back Right Min: 0.54
[rosout][INFO] 2025-04-03 15:11:16,600: Back Left Min: 0.65, Back Right Min: 0.54
[rosout][INFO] 2025-04-03 15:11:16,704: Back Left Min: 0.65, Back Right Min: 0.54
[rosout][INFO] 2025-04-03 15:11:16,801: Back Left Min: 0.65, Back Right Min: 0.54
[rosout][INFO] 2025-04-03 15:11:16,904: Back Left Min: 0.65, Back Right Min: 0.54
[rosout][INFO] 2025-04-03 15:11:17,001: Back Left Min: 0.65, Back Right Min: 0.54
[rosout][INFO] 2025-04-03 15:11:17,104: Back Left Min: 0.65, Back Right Min: 0.54
[rosout][INFO] 2025-04-03 15:11:17,201: Back Left Min: 0.65, Back Right Min: 0.54
[rosout][INFO] 2025-04-03 15:11:17,304: Back Left Min: 0.65, Back Right Min: 0.54
[rosout][INFO] 2025-04-03 15:11:17,401: Back Left Min: 0.65, Back Right Min: 0.54
[rosout][INFO] 2025-04-03 15:11:17,504: Back Left Min: 0.65, Back Right Min: 0.54
[rosout][INFO] 2025-04-03 15:11:17,601: Back Left Min: 0.65, Back Right Min: 0.54
[rosout][INFO] 2025-04-03 15:11:17,704: Back Left Min: 0.65, Back Right Min: 0.54
[rosout][INFO] 2025-04-03 15:11:17,801: Back Left Min: 0.65, Back Right Min: 0.54
[rosout][INFO] 2025-04-03 15:11:17,904: Back Left Min: 0.65, Back Right Min: 0.54
[rosout][INFO] 2025-04-03 15:11:18,001: Back Left Min: 0.65, Back Right Min: 0.54
[rosout][INFO] 2025-04-03 15:11:18,104: Back Left Min: 0.65, Back Right Min: 0.54
[rosout][INFO] 2025-04-03 15:11:18,201: Back Left Min: 0.65, Back Right Min: 0.54
[rosout][INFO] 2025-04-03 15:11:18,304: Back Left Min: 0.65, Back Right Min: 0.54
[rosout][INFO] 2025-04-03 15:11:18,401: Back Left Min: 0.65, Back Right Min: 0.54
[rosout][INFO] 2025-04-03 15:11:18,504: Back Left Min: 0.65, Back Right Min: 0.54
[rosout][INFO] 2025-04-03 15:11:18,601: Back Left Min: 0.65, Back Right Min: 0.54
[rosout][INFO] 2025-04-03 15:11:18,704: Back Left Min: 0.65, Back Right Min: 0.54
[rosout][INFO] 2025-04-03 15:11:18,801: Back Left Min: 0.65, Back Right Min: 0.54
[rosout][INFO] 2025-04-03 15:11:18,905: Back Left Min: 0.65, Back Right Min: 0.54
[rosout][INFO] 2025-04-03 15:11:19,001: Back Left Min: 0.65, Back Right Min: 0.54
[rosout][INFO] 2025-04-03 15:11:19,105: Back Left Min: 0.65, Back Right Min: 0.54
[rosout][INFO] 2025-04-03 15:11:19,201: Back Left Min: 0.65, Back Right Min: 0.54
[rosout][INFO] 2025-04-03 15:11:19,305: Back Left Min: 0.65, Back Right Min: 0.54
[rosout][INFO] 2025-04-03 15:11:19,402: Back Left Min: 0.65, Back Right Min: 0.54
[rosout][INFO] 2025-04-03 15:11:19,505: Back Left Min: 0.65, Back Right Min: 0.54
[rosout][INFO] 2025-04-03 15:11:19,602: Back Left Min: 0.65, Back Right Min: 0.54
[rosout][INFO] 2025-04-03 15:11:19,705: Back Left Min: 0.65, Back Right Min: 0.54
[rosout][INFO] 2025-04-03 15:11:19,802: Back Left Min: 0.65, Back Right Min: 0.54
[rosout][INFO] 2025-04-03 15:11:19,905: Back Left Min: 0.65, Back Right Min: 0.54
[rosout][INFO] 2025-04-03 15:11:20,002: Back Left Min: 0.65, Back Right Min: 0.54
[rosout][INFO] 2025-04-03 15:11:20,105: Back Left Min: 0.65, Back Right Min: 0.54
[rosout][INFO] 2025-04-03 15:11:20,202: Back Left Min: 0.65, Back Right Min: 0.54
[rosout][INFO] 2025-04-03 15:11:20,305: Back Left Min: 0.65, Back Right Min: 0.54
[rosout][INFO] 2025-04-03 15:11:20,402: Back Left Min: 0.65, Back Right Min: 0.54
[rosout][INFO] 2025-04-03 15:11:20,505: Back Left Min: 0.65, Back Right Min: 0.54
[rosout][INFO] 2025-04-03 15:11:20,602: Back Left Min: 0.65, Back Right Min: 0.54
[rosout][INFO] 2025-04-03 15:11:20,705: Back Left Min: 0.65, Back Right Min: 0.54
[rosout][INFO] 2025-04-03 15:11:20,802: Back Left Min: 0.65, Back Right Min: 0.54
[rosout][INFO] 2025-04-03 15:11:20,905: Back Left Min: 0.65, Back Right Min: 0.54
[rosout][INFO] 2025-04-03 15:11:21,002: Back Left Min: 0.65, Back Right Min: 0.54
[rosout][INFO] 2025-04-03 15:11:21,105: Back Left Min: 0.65, Back Right Min: 0.54
[rosout][INFO] 2025-04-03 15:11:21,203: Back Left Min: 0.65, Back Right Min: 0.54
[rosout][INFO] 2025-04-03 15:11:21,305: Back Left Min: 0.65, Back Right Min: 0.54
[rosout][INFO] 2025-04-03 15:11:21,403: Back Left Min: 0.65, Back Right Min: 0.54
[rosout][INFO] 2025-04-03 15:11:21,505: Back Left Min: 0.65, Back Right Min: 0.54
[rosout][INFO] 2025-04-03 15:11:21,603: Back Left Min: 0.65, Back Right Min: 0.54
[rosout][INFO] 2025-04-03 15:11:21,706: Back Left Min: 0.65, Back Right Min: 0.54
[rosout][INFO] 2025-04-03 15:11:21,803: Back Left Min: 0.65, Back Right Min: 0.54
[rosout][INFO] 2025-04-03 15:11:21,906: Back Left Min: 0.65, Back Right Min: 0.54
[rosout][INFO] 2025-04-03 15:11:22,003: Back Left Min: 0.65, Back Right Min: 0.54
[rosout][INFO] 2025-04-03 15:11:22,106: Back Left Min: 0.65, Back Right Min: 0.54
[rosout][INFO] 2025-04-03 15:11:22,203: Back Left Min: 0.65, Back Right Min: 0.54
[rosout][INFO] 2025-04-03 15:11:22,306: Back Left Min: 0.65, Back Right Min: 0.54
[rosout][INFO] 2025-04-03 15:11:22,403: Back Left Min: 0.65, Back Right Min: 0.54
[rosout][INFO] 2025-04-03 15:11:22,506: Back Left Min: 0.65, Back Right Min: 0.54
[rosout][INFO] 2025-04-03 15:11:22,603: Back Left Min: 0.65, Back Right Min: 0.54
[rosout][INFO] 2025-04-03 15:11:22,706: Back Left Min: 0.65, Back Right Min: 0.54
[rosout][INFO] 2025-04-03 15:11:22,803: Back Left Min: 0.65, Back Right Min: 0.54
[rosout][INFO] 2025-04-03 15:11:22,906: Back Left Min: 0.65, Back Right Min: 0.54
[rosout][INFO] 2025-04-03 15:11:23,003: Back Left Min: 0.65, Back Right Min: 0.54
[rosout][INFO] 2025-04-03 15:11:23,106: Back Left Min: 0.65, Back Right Min: 0.54
[rosout][INFO] 2025-04-03 15:11:23,203: Back Left Min: 0.65, Back Right Min: 0.54
[rosout][INFO] 2025-04-03 15:11:23,306: Back Left Min: 0.65, Back Right Min: 0.54
[rosout][INFO] 2025-04-03 15:11:23,403: Back Left Min: 0.65, Back Right Min: 0.54
[rosout][INFO] 2025-04-03 15:11:23,506: Back Left Min: 0.65, Back Right Min: 0.54
[rosout][INFO] 2025-04-03 15:11:23,603: Back Left Min: 0.65, Back Right Min: 0.54
[rosout][INFO] 2025-04-03 15:11:23,706: Back Left Min: 0.65, Back Right Min: 0.54
[rosout][INFO] 2025-04-03 15:11:23,803: Back Left Min: 0.65, Back Right Min: 0.54
[rosout][INFO] 2025-04-03 15:11:23,906: Back Left Min: 0.65, Back Right Min: 0.54
[rosout][INFO] 2025-04-03 15:11:24,003: Back Left Min: 0.65, Back Right Min: 0.54
[rosout][INFO] 2025-04-03 15:11:24,107: Back Left Min: 0.65, Back Right Min: 0.54
[rosout][INFO] 2025-04-03 15:11:24,204: Back Left Min: 0.65, Back Right Min: 0.54
[rosout][INFO] 2025-04-03 15:11:24,307: Back Left Min: 0.65, Back Right Min: 0.54
[rosout][INFO] 2025-04-03 15:11:24,404: Back Left Min: 0.65, Back Right Min: 0.54
[rosout][INFO] 2025-04-03 15:11:24,507: Back Left Min: 0.65, Back Right Min: 0.54
[rosout][INFO] 2025-04-03 15:11:24,604: Back Left Min: 0.65, Back Right Min: 0.54
[rosout][INFO] 2025-04-03 15:11:24,707: Back Left Min: 0.65, Back Right Min: 0.54
[rosout][INFO] 2025-04-03 15:11:24,804: Back Left Min: 0.65, Back Right Min: 0.54
[rosout][INFO] 2025-04-03 15:11:24,907: Back Left Min: 0.65, Back Right Min: 0.54
[rosout][INFO] 2025-04-03 15:11:25,004: Back Left Min: 0.65, Back Right Min: 0.54
[rosout][INFO] 2025-04-03 15:11:25,107: Back Left Min: 0.65, Back Right Min: 0.54
[rosout][INFO] 2025-04-03 15:11:25,204: Back Left Min: 0.65, Back Right Min: 0.54
[rosout][INFO] 2025-04-03 15:11:25,307: Back Left Min: 0.65, Back Right Min: 0.54
[rosout][INFO] 2025-04-03 15:11:25,404: Back Left Min: 0.65, Back Right Min: 0.54
[rosout][INFO] 2025-04-03 15:11:25,507: Back Left Min: 0.65, Back Right Min: 0.54
[rosout][INFO] 2025-04-03 15:11:25,605: Back Left Min: 0.65, Back Right Min: 0.54
[rosout][INFO] 2025-04-03 15:11:25,707: Back Left Min: 0.65, Back Right Min: 0.54
[rosout][INFO] 2025-04-03 15:11:25,804: Back Left Min: 0.65, Back Right Min: 0.54
[rosout][INFO] 2025-04-03 15:11:25,907: Back Left Min: 0.65, Back Right Min: 0.54
[rosout][INFO] 2025-04-03 15:11:26,004: Back Left Min: 0.65, Back Right Min: 0.54
[rosout][INFO] 2025-04-03 15:11:26,107: Back Left Min: 0.65, Back Right Min: 0.54
[rosout][INFO] 2025-04-03 15:11:26,204: Back Left Min: 0.65, Back Right Min: 0.54
[rosout][INFO] 2025-04-03 15:11:26,308: Back Left Min: 0.65, Back Right Min: 0.54
[rosout][INFO] 2025-04-03 15:11:26,404: Back Left Min: 0.65, Back Right Min: 0.54
[rosout][INFO] 2025-04-03 15:11:26,508: Back Left Min: 0.65, Back Right Min: 0.54
[rosout][INFO] 2025-04-03 15:11:26,604: Back Left Min: 0.65, Back Right Min: 0.54
[rosout][INFO] 2025-04-03 15:11:26,708: Back Left Min: 0.65, Back Right Min: 0.54
[rosout][INFO] 2025-04-03 15:11:26,805: Back Left Min: 0.65, Back Right Min: 0.54
[rosout][INFO] 2025-04-03 15:11:26,908: Back Left Min: 0.65, Back Right Min: 0.54
[rosout][INFO] 2025-04-03 15:11:27,005: Back Left Min: 0.65, Back Right Min: 0.54
[rosout][INFO] 2025-04-03 15:11:27,108: Back Left Min: 0.65, Back Right Min: 0.54
[rosout][INFO] 2025-04-03 15:11:27,205: Back Left Min: 0.65, Back Right Min: 0.54
[rosout][INFO] 2025-04-03 15:11:27,308: Back Left Min: 0.65, Back Right Min: 0.54
[rosout][INFO] 2025-04-03 15:11:27,405: Back Left Min: 0.65, Back Right Min: 0.54
[rosout][INFO] 2025-04-03 15:11:27,508: Back Left Min: 0.65, Back Right Min: 0.54
[rosout][INFO] 2025-04-03 15:11:27,605: Back Left Min: 0.65, Back Right Min: 0.54
[rosout][INFO] 2025-04-03 15:11:27,708: Back Left Min: 0.65, Back Right Min: 0.54
[rosout][INFO] 2025-04-03 15:11:27,805: Back Left Min: 0.65, Back Right Min: 0.54
[rosout][INFO] 2025-04-03 15:11:27,908: Back Left Min: 0.65, Back Right Min: 0.54
[rosout][INFO] 2025-04-03 15:11:28,005: Back Left Min: 0.65, Back Right Min: 0.54
[rosout][INFO] 2025-04-03 15:11:28,108: Back Left Min: 0.65, Back Right Min: 0.54
[rosout][INFO] 2025-04-03 15:11:28,205: Back Left Min: 0.65, Back Right Min: 0.54
[rosout][INFO] 2025-04-03 15:11:28,308: Back Left Min: 0.65, Back Right Min: 0.54
[rosout][INFO] 2025-04-03 15:11:28,405: Back Left Min: 0.65, Back Right Min: 0.54
[rosout][INFO] 2025-04-03 15:11:28,508: Back Left Min: 0.65, Back Right Min: 0.54
[rosout][INFO] 2025-04-03 15:11:28,605: Back Left Min: 0.65, Back Right Min: 0.54
[rosout][INFO] 2025-04-03 15:11:28,708: Back Left Min: 0.65, Back Right Min: 0.54
[rosout][INFO] 2025-04-03 15:11:28,805: Back Left Min: 0.65, Back Right Min: 0.54
[rosout][INFO] 2025-04-03 15:11:28,908: Back Left Min: 0.65, Back Right Min: 0.54
[rosout][INFO] 2025-04-03 15:11:29,005: Back Left Min: 0.65, Back Right Min: 0.54
[rosout][INFO] 2025-04-03 15:11:29,109: Back Left Min: 0.65, Back Right Min: 0.54
[rosout][INFO] 2025-04-03 15:11:29,205: Back Left Min: 0.65, Back Right Min: 0.54
[rosout][INFO] 2025-04-03 15:11:29,309: Back Left Min: 0.65, Back Right Min: 0.54
[rosout][INFO] 2025-04-03 15:11:29,406: Back Left Min: 0.65, Back Right Min: 0.54
[rosout][INFO] 2025-04-03 15:11:29,509: Back Left Min: 0.65, Back Right Min: 0.54
[rosout][INFO] 2025-04-03 15:11:29,606: Back Left Min: 0.65, Back Right Min: 0.54
[rosout][INFO] 2025-04-03 15:11:29,709: Back Left Min: 0.65, Back Right Min: 0.54
[rosout][INFO] 2025-04-03 15:11:29,806: Back Left Min: 0.65, Back Right Min: 0.54
[rosout][INFO] 2025-04-03 15:11:29,909: Back Left Min: 0.65, Back Right Min: 0.54
[rosout][INFO] 2025-04-03 15:11:30,006: Back Left Min: 0.65, Back Right Min: 0.54
[rosout][INFO] 2025-04-03 15:11:30,109: Back Left Min: 0.65, Back Right Min: 0.54
[rosout][INFO] 2025-04-03 15:11:30,206: Back Left Min: 0.65, Back Right Min: 0.54
[rosout][INFO] 2025-04-03 15:11:30,309: Back Left Min: 0.65, Back Right Min: 0.54
[rosout][INFO] 2025-04-03 15:11:30,406: Back Left Min: 0.65, Back Right Min: 0.54
[rosout][INFO] 2025-04-03 15:11:30,509: Back Left Min: 0.65, Back Right Min: 0.54
[rosout][INFO] 2025-04-03 15:11:30,606: Back Left Min: 0.65, Back Right Min: 0.54
[rosout][INFO] 2025-04-03 15:11:30,709: Back Left Min: 0.65, Back Right Min: 0.54
[rosout][INFO] 2025-04-03 15:11:30,806: Back Left Min: 0.65, Back Right Min: 0.54
[rosout][INFO] 2025-04-03 15:11:30,909: Back Left Min: 0.65, Back Right Min: 0.54
[rosout][INFO] 2025-04-03 15:11:31,006: Back Left Min: 0.65, Back Right Min: 0.54
[rosout][INFO] 2025-04-03 15:11:31,109: Back Left Min: 0.65, Back Right Min: 0.54
[rosout][INFO] 2025-04-03 15:11:31,206: Back Left Min: 0.65, Back Right Min: 0.54
[rosout][INFO] 2025-04-03 15:11:31,309: Back Left Min: 0.65, Back Right Min: 0.54
[rosout][INFO] 2025-04-03 15:11:31,406: Back Left Min: 0.65, Back Right Min: 0.54
[rosout][INFO] 2025-04-03 15:11:31,510: Back Left Min: 0.65, Back Right Min: 0.54
[rosout][INFO] 2025-04-03 15:11:31,606: Back Left Min: 0.65, Back Right Min: 0.54
[rosout][INFO] 2025-04-03 15:11:31,710: Back Left Min: 0.65, Back Right Min: 0.54
[rosout][INFO] 2025-04-03 15:11:31,806: Back Left Min: 0.65, Back Right Min: 0.54
[rosout][INFO] 2025-04-03 15:11:31,910: Back Left Min: 0.65, Back Right Min: 0.54
[rosout][INFO] 2025-04-03 15:11:32,007: Back Left Min: 0.65, Back Right Min: 0.54
[rosout][INFO] 2025-04-03 15:11:32,110: Back Left Min: 0.65, Back Right Min: 0.54
[rosout][INFO] 2025-04-03 15:11:32,207: Back Left Min: 0.65, Back Right Min: 0.54
[rosout][INFO] 2025-04-03 15:11:32,310: Back Left Min: 0.65, Back Right Min: 0.54
[rosout][INFO] 2025-04-03 15:11:32,407: Back Left Min: 0.65, Back Right Min: 0.54
[rosout][INFO] 2025-04-03 15:11:32,510: Back Left Min: 0.65, Back Right Min: 0.54
[rosout][INFO] 2025-04-03 15:11:32,607: Back Left Min: 0.65, Back Right Min: 0.54
[rosout][INFO] 2025-04-03 15:11:32,710: Back Left Min: 0.65, Back Right Min: 0.54
[rosout][INFO] 2025-04-03 15:11:32,807: Back Left Min: 0.65, Back Right Min: 0.54
[rosout][INFO] 2025-04-03 15:11:32,910: Back Left Min: 0.65, Back Right Min: 0.54
[rosout][INFO] 2025-04-03 15:11:33,007: Back Left Min: 0.65, Back Right Min: 0.54
[rosout][INFO] 2025-04-03 15:11:33,110: Back Left Min: 0.65, Back Right Min: 0.54
[rosout][INFO] 2025-04-03 15:11:33,207: Back Left Min: 0.65, Back Right Min: 0.54
[rosout][INFO] 2025-04-03 15:11:33,310: Back Left Min: 0.65, Back Right Min: 0.54
[rosout][INFO] 2025-04-03 15:11:33,407: Back Left Min: 0.65, Back Right Min: 0.54
[rosout][INFO] 2025-04-03 15:11:33,510: Back Left Min: 0.65, Back Right Min: 0.54
[rosout][INFO] 2025-04-03 15:11:33,607: Back Left Min: 0.65, Back Right Min: 0.54
[rosout][INFO] 2025-04-03 15:11:33,710: Back Left Min: 0.65, Back Right Min: 0.54
[rosout][INFO] 2025-04-03 15:11:33,807: Back Left Min: 0.65, Back Right Min: 0.54
[rosout][INFO] 2025-04-03 15:11:33,910: Back Left Min: 0.65, Back Right Min: 0.54
[rosout][INFO] 2025-04-03 15:11:34,007: Back Left Min: 0.65, Back Right Min: 0.54
[rosout][INFO] 2025-04-03 15:11:34,111: Back Left Min: 0.65, Back Right Min: 0.54
[rosout][INFO] 2025-04-03 15:11:34,207: Back Left Min: 0.65, Back Right Min: 0.54
[rosout][INFO] 2025-04-03 15:11:34,311: Back Left Min: 0.65, Back Right Min: 0.54
[rosout][INFO] 2025-04-03 15:11:34,407: Back Left Min: 0.65, Back Right Min: 0.54
[rosout][INFO] 2025-04-03 15:11:34,511: Back Left Min: 0.65, Back Right Min: 0.54
[rosout][INFO] 2025-04-03 15:11:34,608: Back Left Min: 0.65, Back Right Min: 0.54
[rosout][INFO] 2025-04-03 15:11:34,711: Back Left Min: 0.65, Back Right Min: 0.54
[rosout][INFO] 2025-04-03 15:11:34,808: Back Left Min: 0.65, Back Right Min: 0.54
[rosout][INFO] 2025-04-03 15:11:34,911: Back Left Min: 0.65, Back Right Min: 0.54
[rosout][INFO] 2025-04-03 15:11:35,008: Back Left Min: 0.65, Back Right Min: 0.54
[rosout][INFO] 2025-04-03 15:11:35,111: Back Left Min: 0.65, Back Right Min: 0.54
[rosout][INFO] 2025-04-03 15:11:35,208: Back Left Min: 0.65, Back Right Min: 0.54
[rosout][INFO] 2025-04-03 15:11:35,311: Back Left Min: 0.65, Back Right Min: 0.54
[rosout][INFO] 2025-04-03 15:11:35,408: Back Left Min: 0.65, Back Right Min: 0.54
[rosout][INFO] 2025-04-03 15:11:35,511: Back Left Min: 0.65, Back Right Min: 0.54
[rosout][INFO] 2025-04-03 15:11:35,608: Back Left Min: 0.65, Back Right Min: 0.54
[rosout][INFO] 2025-04-03 15:11:35,711: Back Left Min: 0.65, Back Right Min: 0.54
[rosout][INFO] 2025-04-03 15:11:35,808: Back Left Min: 0.65, Back Right Min: 0.54
[rosout][INFO] 2025-04-03 15:11:35,911: Back Left Min: 0.65, Back Right Min: 0.54
[rosout][INFO] 2025-04-03 15:11:36,008: Back Left Min: 0.65, Back Right Min: 0.54
[rosout][INFO] 2025-04-03 15:11:36,111: Back Left Min: 0.65, Back Right Min: 0.54
[rosout][INFO] 2025-04-03 15:11:36,208: Back Left Min: 0.65, Back Right Min: 0.54
[rosout][INFO] 2025-04-03 15:11:36,312: Back Left Min: 0.65, Back Right Min: 0.54
[rosout][INFO] 2025-04-03 15:11:36,408: Back Left Min: 0.65, Back Right Min: 0.54
[rosout][INFO] 2025-04-03 15:11:36,512: Back Left Min: 0.65, Back Right Min: 0.54
[rosout][INFO] 2025-04-03 15:11:36,608: Back Left Min: 0.65, Back Right Min: 0.54
[rosout][INFO] 2025-04-03 15:11:36,712: Back Left Min: 0.65, Back Right Min: 0.54
[rosout][INFO] 2025-04-03 15:11:36,809: Back Left Min: 0.65, Back Right Min: 0.54
[rosout][INFO] 2025-04-03 15:11:36,912: Back Left Min: 0.65, Back Right Min: 0.54
[rosout][INFO] 2025-04-03 15:11:37,009: Back Left Min: 0.65, Back Right Min: 0.54
[rosout][INFO] 2025-04-03 15:11:37,112: Back Left Min: 0.65, Back Right Min: 0.54
[rosout][INFO] 2025-04-03 15:11:37,209: Back Left Min: 0.65, Back Right Min: 0.54
[rosout][INFO] 2025-04-03 15:11:37,312: Back Left Min: 0.65, Back Right Min: 0.54
[rosout][INFO] 2025-04-03 15:11:37,409: Back Left Min: 0.65, Back Right Min: 0.54
[rosout][INFO] 2025-04-03 15:11:37,512: Back Left Min: 0.65, Back Right Min: 0.54
[rosout][INFO] 2025-04-03 15:11:37,609: Back Left Min: 0.65, Back Right Min: 0.54
[rosout][INFO] 2025-04-03 15:11:37,712: Back Left Min: 0.65, Back Right Min: 0.54
[rosout][INFO] 2025-04-03 15:11:37,809: Back Left Min: 0.65, Back Right Min: 0.54
[rosout][INFO] 2025-04-03 15:11:37,912: Back Left Min: 0.65, Back Right Min: 0.54
[rosout][INFO] 2025-04-03 15:11:38,009: Back Left Min: 0.65, Back Right Min: 0.54
[rosout][INFO] 2025-04-03 15:11:38,112: Back Left Min: 0.65, Back Right Min: 0.54
[rosout][INFO] 2025-04-03 15:11:38,209: Back Left Min: 0.65, Back Right Min: 0.54
[rosout][INFO] 2025-04-03 15:11:38,312: Back Left Min: 0.65, Back Right Min: 0.54
[rosout][INFO] 2025-04-03 15:11:38,409: Back Left Min: 0.65, Back Right Min: 0.54
[rosout][INFO] 2025-04-03 15:11:38,512: Back Left Min: 0.65, Back Right Min: 0.54
[rosout][INFO] 2025-04-03 15:11:38,610: Back Left Min: 0.65, Back Right Min: 0.54
[rosout][INFO] 2025-04-03 15:11:38,712: Back Left Min: 0.65, Back Right Min: 0.54
[rosout][INFO] 2025-04-03 15:11:38,810: Back Left Min: 0.65, Back Right Min: 0.54
[rosout][INFO] 2025-04-03 15:11:38,913: Back Left Min: 0.65, Back Right Min: 0.54
[rosout][INFO] 2025-04-03 15:11:39,010: Back Left Min: 0.65, Back Right Min: 0.54
[rosout][INFO] 2025-04-03 15:11:39,113: Back Left Min: 0.65, Back Right Min: 0.54
[rosout][INFO] 2025-04-03 15:11:39,210: Back Left Min: 0.65, Back Right Min: 0.54
[rosout][INFO] 2025-04-03 15:11:39,313: Back Left Min: 0.65, Back Right Min: 0.54
[rosout][INFO] 2025-04-03 15:11:39,410: Back Left Min: 0.65, Back Right Min: 0.54
[rosout][INFO] 2025-04-03 15:11:39,513: Back Left Min: 0.65, Back Right Min: 0.54
[rosout][INFO] 2025-04-03 15:11:39,610: Back Left Min: 0.65, Back Right Min: 0.54
[rosout][INFO] 2025-04-03 15:11:39,713: Back Left Min: 0.65, Back Right Min: 0.54
[rosout][INFO] 2025-04-03 15:11:39,810: Back Left Min: 0.65, Back Right Min: 0.54
[rosout][INFO] 2025-04-03 15:11:39,913: Back Left Min: 0.65, Back Right Min: 0.54
[rosout][INFO] 2025-04-03 15:11:40,010: Back Left Min: 0.65, Back Right Min: 0.54
[rosout][INFO] 2025-04-03 15:11:40,113: Back Left Min: 0.65, Back Right Min: 0.54
[rosout][INFO] 2025-04-03 15:11:40,210: Back Left Min: 0.65, Back Right Min: 0.54
[rosout][INFO] 2025-04-03 15:11:40,313: Back Left Min: 0.65, Back Right Min: 0.54
[rosout][INFO] 2025-04-03 15:11:40,410: Back Left Min: 0.65, Back Right Min: 0.54
[rosout][INFO] 2025-04-03 15:11:40,513: Back Left Min: 0.65, Back Right Min: 0.54
[rosout][INFO] 2025-04-03 15:11:40,610: Back Left Min: 0.65, Back Right Min: 0.54
[rosout][INFO] 2025-04-03 15:11:40,713: Back Left Min: 0.65, Back Right Min: 0.54
[rosout][INFO] 2025-04-03 15:11:40,810: Back Left Min: 0.65, Back Right Min: 0.54
[rosout][INFO] 2025-04-03 15:11:40,913: Back Left Min: 0.65, Back Right Min: 0.54
[rosout][INFO] 2025-04-03 15:11:41,010: Back Left Min: 0.65, Back Right Min: 0.54
[rosout][INFO] 2025-04-03 15:11:41,113: Back Left Min: 0.65, Back Right Min: 0.54
[rosout][INFO] 2025-04-03 15:11:41,210: Back Left Min: 0.65, Back Right Min: 0.54
[rosout][INFO] 2025-04-03 15:11:41,313: Back Left Min: 0.65, Back Right Min: 0.54
[rosout][INFO] 2025-04-03 15:11:41,410: Back Left Min: 0.65, Back Right Min: 0.54
[rosout][INFO] 2025-04-03 15:11:41,514: Back Left Min: 0.65, Back Right Min: 0.54
[rosout][INFO] 2025-04-03 15:11:41,610: Back Left Min: 0.65, Back Right Min: 0.54
[rosout][INFO] 2025-04-03 15:11:41,714: Back Left Min: 0.65, Back Right Min: 0.54
[rosout][INFO] 2025-04-03 15:11:41,811: Back Left Min: 0.65, Back Right Min: 0.54
[rosout][INFO] 2025-04-03 15:11:41,914: Back Left Min: 0.65, Back Right Min: 0.54
[rosout][INFO] 2025-04-03 15:11:42,011: Back Left Min: 0.65, Back Right Min: 0.54
[rosout][INFO] 2025-04-03 15:11:42,114: Back Left Min: 0.65, Back Right Min: 0.54
[rosout][INFO] 2025-04-03 15:11:42,211: Back Left Min: 0.65, Back Right Min: 0.54
[rosout][INFO] 2025-04-03 15:11:42,314: Back Left Min: 0.65, Back Right Min: 0.54
[rosout][INFO] 2025-04-03 15:11:42,411: Back Left Min: 0.65, Back Right Min: 0.54
[rosout][INFO] 2025-04-03 15:11:42,514: Back Left Min: 0.65, Back Right Min: 0.54
[rosout][INFO] 2025-04-03 15:11:42,611: Back Left Min: 0.65, Back Right Min: 0.54
[rosout][INFO] 2025-04-03 15:11:42,714: Back Left Min: 0.65, Back Right Min: 0.54
[rosout][INFO] 2025-04-03 15:11:42,811: Back Left Min: 0.65, Back Right Min: 0.54
[rosout][INFO] 2025-04-03 15:11:42,914: Back Left Min: 0.65, Back Right Min: 0.54
[rosout][INFO] 2025-04-03 15:11:43,011: Back Left Min: 0.65, Back Right Min: 0.54
[rosout][INFO] 2025-04-03 15:11:43,114: Back Left Min: 0.65, Back Right Min: 0.54
[rosout][INFO] 2025-04-03 15:11:43,211: Back Left Min: 0.65, Back Right Min: 0.54
[rosout][INFO] 2025-04-03 15:11:43,314: Back Left Min: 0.65, Back Right Min: 0.54
[rosout][INFO] 2025-04-03 15:11:43,411: Back Left Min: 0.65, Back Right Min: 0.54
[rosout][INFO] 2025-04-03 15:11:43,514: Back Left Min: 0.65, Back Right Min: 0.54
[rosout][INFO] 2025-04-03 15:11:43,611: Back Left Min: 0.65, Back Right Min: 0.54
[rosout][INFO] 2025-04-03 15:11:43,714: Back Left Min: 0.65, Back Right Min: 0.54
[rosout][INFO] 2025-04-03 15:11:43,811: Back Left Min: 0.65, Back Right Min: 0.54
[rosout][INFO] 2025-04-03 15:11:43,915: Back Left Min: 0.65, Back Right Min: 0.54
[rosout][INFO] 2025-04-03 15:11:44,011: Back Left Min: 0.65, Back Right Min: 0.54
[rosout][INFO] 2025-04-03 15:11:44,115: Back Left Min: 0.65, Back Right Min: 0.54
[rosout][INFO] 2025-04-03 15:11:44,212: Back Left Min: 0.65, Back Right Min: 0.54
[rosout][INFO] 2025-04-03 15:11:44,315: Back Left Min: 0.65, Back Right Min: 0.54
[rosout][INFO] 2025-04-03 15:11:44,412: Back Left Min: 0.65, Back Right Min: 0.54
[rosout][INFO] 2025-04-03 15:11:44,515: Back Left Min: 0.65, Back Right Min: 0.54
[rosout][INFO] 2025-04-03 15:11:44,612: Back Left Min: 0.65, Back Right Min: 0.54
[rosout][INFO] 2025-04-03 15:11:44,715: Back Left Min: 0.65, Back Right Min: 0.54
[rosout][INFO] 2025-04-03 15:11:44,812: Back Left Min: 0.65, Back Right Min: 0.54
[rosout][INFO] 2025-04-03 15:11:44,915: Back Left Min: 0.65, Back Right Min: 0.54
[rosout][INFO] 2025-04-03 15:11:45,012: Back Left Min: 0.65, Back Right Min: 0.54
[rosout][INFO] 2025-04-03 15:11:45,115: Back Left Min: 0.65, Back Right Min: 0.54
[rosout][INFO] 2025-04-03 15:11:45,212: Back Left Min: 0.65, Back Right Min: 0.54
[rosout][INFO] 2025-04-03 15:11:45,315: Back Left Min: 0.65, Back Right Min: 0.54
[rosout][INFO] 2025-04-03 15:11:45,412: Back Left Min: 0.65, Back Right Min: 0.54
[rosout][INFO] 2025-04-03 15:11:45,515: Back Left Min: 0.65, Back Right Min: 0.54
[rosout][INFO] 2025-04-03 15:11:45,612: Back Left Min: 0.65, Back Right Min: 0.54
[rosout][INFO] 2025-04-03 15:11:45,715: Back Left Min: 0.65, Back Right Min: 0.54
[rosout][INFO] 2025-04-03 15:11:45,812: Back Left Min: 0.65, Back Right Min: 0.54
[rosout][INFO] 2025-04-03 15:11:45,915: Back Left Min: 0.65, Back Right Min: 0.54
[rosout][INFO] 2025-04-03 15:11:46,012: Back Left Min: 0.65, Back Right Min: 0.54
[rosout][INFO] 2025-04-03 15:11:46,115: Back Left Min: 0.65, Back Right Min: 0.54
[rosout][INFO] 2025-04-03 15:11:46,212: Back Left Min: 0.65, Back Right Min: 0.54
[rosout][INFO] 2025-04-03 15:11:46,315: Back Left Min: 0.65, Back Right Min: 0.54
[rosout][INFO] 2025-04-03 15:11:46,412: Back Left Min: 0.65, Back Right Min: 0.54
[rosout][INFO] 2025-04-03 15:11:46,516: Back Left Min: 0.65, Back Right Min: 0.54
[rosout][INFO] 2025-04-03 15:11:46,612: Back Left Min: 0.65, Back Right Min: 0.54
[rosout][INFO] 2025-04-03 15:11:46,716: Back Left Min: 0.65, Back Right Min: 0.54
[rosout][INFO] 2025-04-03 15:11:46,813: Back Left Min: 0.65, Back Right Min: 0.54
[rosout][INFO] 2025-04-03 15:11:46,916: Back Left Min: 0.65, Back Right Min: 0.54
[rosout][INFO] 2025-04-03 15:11:47,013: Back Left Min: 0.65, Back Right Min: 0.54
[rosout][INFO] 2025-04-03 15:11:47,116: Back Left Min: 0.65, Back Right Min: 0.54
[rosout][INFO] 2025-04-03 15:11:47,213: Back Left Min: 0.65, Back Right Min: 0.54
[rosout][INFO] 2025-04-03 15:11:47,316: Back Left Min: 0.65, Back Right Min: 0.54
[rosout][INFO] 2025-04-03 15:11:47,413: Back Left Min: 0.65, Back Right Min: 0.54
[rosout][INFO] 2025-04-03 15:11:47,516: Back Left Min: 0.65, Back Right Min: 0.54
[rosout][INFO] 2025-04-03 15:11:47,613: Back Left Min: 0.65, Back Right Min: 0.54
[rosout][INFO] 2025-04-03 15:11:47,716: Back Left Min: 0.65, Back Right Min: 0.54
[rosout][INFO] 2025-04-03 15:11:47,813: Back Left Min: 0.65, Back Right Min: 0.54
[rosout][INFO] 2025-04-03 15:11:47,916: Back Left Min: 0.65, Back Right Min: 0.54
[rosout][INFO] 2025-04-03 15:11:48,013: Back Left Min: 0.65, Back Right Min: 0.54
[rosout][INFO] 2025-04-03 15:11:48,116: Back Left Min: 0.65, Back Right Min: 0.54
[rosout][INFO] 2025-04-03 15:11:48,213: Back Left Min: 0.65, Back Right Min: 0.54
[rosout][INFO] 2025-04-03 15:11:48,316: Back Left Min: 0.65, Back Right Min: 0.54
[rosout][INFO] 2025-04-03 15:11:48,413: Back Left Min: 0.65, Back Right Min: 0.54
[rosout][INFO] 2025-04-03 15:11:48,516: Back Left Min: 0.65, Back Right Min: 0.54
[rosout][INFO] 2025-04-03 15:11:48,613: Back Left Min: 0.65, Back Right Min: 0.54
[rosout][INFO] 2025-04-03 15:11:48,716: Back Left Min: 0.65, Back Right Min: 0.54
[rosout][INFO] 2025-04-03 15:11:48,813: Back Left Min: 0.65, Back Right Min: 0.54
[rosout][INFO] 2025-04-03 15:11:48,917: Back Left Min: 0.65, Back Right Min: 0.54
[rosout][INFO] 2025-04-03 15:11:49,014: Back Left Min: 0.65, Back Right Min: 0.54
[rosout][INFO] 2025-04-03 15:11:49,117: Back Left Min: 0.65, Back Right Min: 0.54
[rosout][INFO] 2025-04-03 15:11:49,214: Back Left Min: 0.65, Back Right Min: 0.54
[rosout][INFO] 2025-04-03 15:11:49,317: Back Left Min: 0.65, Back Right Min: 0.54
[rosout][INFO] 2025-04-03 15:11:49,414: Back Left Min: 0.65, Back Right Min: 0.54
[rosout][INFO] 2025-04-03 15:11:49,517: Back Left Min: 0.65, Back Right Min: 0.54
[rosout][INFO] 2025-04-03 15:11:49,614: Back Left Min: 0.65, Back Right Min: 0.54
[rosout][INFO] 2025-04-03 15:11:49,717: Back Left Min: 0.65, Back Right Min: 0.54
[rosout][INFO] 2025-04-03 15:11:49,814: Back Left Min: 0.65, Back Right Min: 0.54
[rosout][INFO] 2025-04-03 15:11:49,917: Back Left Min: 0.65, Back Right Min: 0.54
[rosout][INFO] 2025-04-03 15:11:50,014: Back Left Min: 0.65, Back Right Min: 0.54
[rosout][INFO] 2025-04-03 15:11:50,117: Back Left Min: 0.65, Back Right Min: 0.54
[rosout][INFO] 2025-04-03 15:11:50,214: Back Left Min: 0.65, Back Right Min: 0.54
[rosout][INFO] 2025-04-03 15:11:50,317: Back Left Min: 0.65, Back Right Min: 0.54
[rosout][INFO] 2025-04-03 15:11:50,414: Back Left Min: 0.65, Back Right Min: 0.54
[rosout][INFO] 2025-04-03 15:11:50,517: Back Left Min: 0.65, Back Right Min: 0.54
[rosout][INFO] 2025-04-03 15:11:50,614: Back Left Min: 0.65, Back Right Min: 0.54
[rosout][INFO] 2025-04-03 15:11:50,717: Back Left Min: 0.65, Back Right Min: 0.54
[rosout][INFO] 2025-04-03 15:11:50,814: Back Left Min: 0.65, Back Right Min: 0.54
[rosout][INFO] 2025-04-03 15:11:50,917: Back Left Min: 0.65, Back Right Min: 0.54
[rosout][INFO] 2025-04-03 15:11:51,014: Back Left Min: 0.65, Back Right Min: 0.54
[rosout][INFO] 2025-04-03 15:11:51,117: Back Left Min: 0.65, Back Right Min: 0.54
[rosout][INFO] 2025-04-03 15:11:51,214: Back Left Min: 0.65, Back Right Min: 0.54
[rosout][INFO] 2025-04-03 15:11:51,318: Back Left Min: 0.65, Back Right Min: 0.54
[rosout][INFO] 2025-04-03 15:11:51,414: Back Left Min: 0.65, Back Right Min: 0.54
[rosout][INFO] 2025-04-03 15:11:51,518: Back Left Min: 0.65, Back Right Min: 0.54
[rosout][INFO] 2025-04-03 15:11:51,615: Back Left Min: 0.65, Back Right Min: 0.54
[rosout][INFO] 2025-04-03 15:11:51,718: Back Left Min: 0.65, Back Right Min: 0.54
[rosout][INFO] 2025-04-03 15:11:51,814: Back Left Min: 0.65, Back Right Min: 0.54
[rosout][INFO] 2025-04-03 15:11:51,918: Back Left Min: 0.65, Back Right Min: 0.54
[rosout][INFO] 2025-04-03 15:11:52,015: Back Left Min: 0.65, Back Right Min: 0.54
[rosout][INFO] 2025-04-03 15:11:52,118: Back Left Min: 0.65, Back Right Min: 0.54
[rosout][INFO] 2025-04-03 15:11:52,215: Back Left Min: 0.65, Back Right Min: 0.54
[rosout][INFO] 2025-04-03 15:11:52,318: Back Left Min: 0.65, Back Right Min: 0.54
[rosout][INFO] 2025-04-03 15:11:52,415: Back Left Min: 0.65, Back Right Min: 0.54
[rosout][INFO] 2025-04-03 15:11:52,518: Back Left Min: 0.65, Back Right Min: 0.54
[rosout][INFO] 2025-04-03 15:11:52,615: Back Left Min: 0.65, Back Right Min: 0.54
[rosout][INFO] 2025-04-03 15:11:52,718: Back Left Min: 0.65, Back Right Min: 0.54
[rosout][INFO] 2025-04-03 15:11:52,815: Back Left Min: 0.65, Back Right Min: 0.54
[rosout][INFO] 2025-04-03 15:11:52,918: Back Left Min: 0.65, Back Right Min: 0.54
[rosout][INFO] 2025-04-03 15:11:53,015: Back Left Min: 0.65, Back Right Min: 0.54
[rosout][INFO] 2025-04-03 15:11:53,118: Back Left Min: 0.65, Back Right Min: 0.54
[rosout][INFO] 2025-04-03 15:11:53,215: Back Left Min: 0.65, Back Right Min: 0.54
[rosout][INFO] 2025-04-03 15:11:53,318: Back Left Min: 0.65, Back Right Min: 0.54
[rosout][INFO] 2025-04-03 15:11:53,415: Back Left Min: 0.65, Back Right Min: 0.54
[rosout][INFO] 2025-04-03 15:11:53,518: Back Left Min: 0.65, Back Right Min: 0.54
[rosout][INFO] 2025-04-03 15:11:53,615: Back Left Min: 0.65, Back Right Min: 0.54
[rosout][INFO] 2025-04-03 15:11:53,718: Back Left Min: 0.65, Back Right Min: 0.54
[rosout][INFO] 2025-04-03 15:11:53,815: Back Left Min: 0.65, Back Right Min: 0.54
[rosout][INFO] 2025-04-03 15:11:53,918: Back Left Min: 0.65, Back Right Min: 0.54
[rosout][INFO] 2025-04-03 15:11:54,015: Back Left Min: 0.65, Back Right Min: 0.54
[rosout][INFO] 2025-04-03 15:11:54,119: Back Left Min: 0.65, Back Right Min: 0.54
[rosout][INFO] 2025-04-03 15:11:54,215: Back Left Min: 0.65, Back Right Min: 0.54
[rosout][INFO] 2025-04-03 15:11:54,319: Back Left Min: 0.65, Back Right Min: 0.54
[rosout][INFO] 2025-04-03 15:11:54,416: Back Left Min: 0.65, Back Right Min: 0.54
[rosout][INFO] 2025-04-03 15:11:54,519: Back Left Min: 0.65, Back Right Min: 0.54
[rosout][INFO] 2025-04-03 15:11:54,616: Back Left Min: 0.65, Back Right Min: 0.54
[rosout][INFO] 2025-04-03 15:11:54,719: Back Left Min: 0.65, Back Right Min: 0.54
[rosout][INFO] 2025-04-03 15:11:54,816: Back Left Min: 0.65, Back Right Min: 0.54
[rosout][INFO] 2025-04-03 15:11:54,919: Back Left Min: 0.65, Back Right Min: 0.54
[rosout][INFO] 2025-04-03 15:11:55,016: Back Left Min: 0.65, Back Right Min: 0.54
[rosout][INFO] 2025-04-03 15:11:55,119: Back Left Min: 0.65, Back Right Min: 0.54
[rosout][INFO] 2025-04-03 15:11:55,216: Back Left Min: 0.65, Back Right Min: 0.54
[rosout][INFO] 2025-04-03 15:11:55,319: Back Left Min: 0.65, Back Right Min: 0.54
[rosout][INFO] 2025-04-03 15:11:55,416: Back Left Min: 0.65, Back Right Min: 0.54
[rosout][INFO] 2025-04-03 15:11:55,519: Back Left Min: 0.65, Back Right Min: 0.54
[rosout][INFO] 2025-04-03 15:11:55,616: Back Left Min: 0.65, Back Right Min: 0.54
[rosout][INFO] 2025-04-03 15:11:55,719: Back Left Min: 0.65, Back Right Min: 0.54
[rosout][INFO] 2025-04-03 15:11:55,816: Back Left Min: 0.65, Back Right Min: 0.54
[rosout][INFO] 2025-04-03 15:11:55,919: Back Left Min: 0.65, Back Right Min: 0.54
[rosout][INFO] 2025-04-03 15:11:56,016: Back Left Min: 0.65, Back Right Min: 0.54
[rosout][INFO] 2025-04-03 15:11:56,119: Back Left Min: 0.65, Back Right Min: 0.54
[rosout][INFO] 2025-04-03 15:11:56,216: Back Left Min: 0.65, Back Right Min: 0.54
[rosout][INFO] 2025-04-03 15:11:56,319: Back Left Min: 0.65, Back Right Min: 0.54
[rosout][INFO] 2025-04-03 15:11:56,416: Back Left Min: 0.65, Back Right Min: 0.54
[rosout][INFO] 2025-04-03 15:11:56,520: Back Left Min: 0.65, Back Right Min: 0.54
[rosout][INFO] 2025-04-03 15:11:56,616: Back Left Min: 0.65, Back Right Min: 0.54
[rosout][INFO] 2025-04-03 15:11:56,720: Back Left Min: 0.65, Back Right Min: 0.54
[rosout][INFO] 2025-04-03 15:11:56,816: Back Left Min: 0.65, Back Right Min: 0.54
[rosout][INFO] 2025-04-03 15:11:56,920: Back Left Min: 0.65, Back Right Min: 0.54
[rosout][INFO] 2025-04-03 15:11:57,017: Back Left Min: 0.65, Back Right Min: 0.54
[rosout][INFO] 2025-04-03 15:11:57,120: Back Left Min: 0.65, Back Right Min: 0.54
[rosout][INFO] 2025-04-03 15:11:57,217: Back Left Min: 0.65, Back Right Min: 0.54
[rosout][INFO] 2025-04-03 15:11:57,320: Back Left Min: 0.65, Back Right Min: 0.54
[rosout][INFO] 2025-04-03 15:11:57,417: Back Left Min: 0.65, Back Right Min: 0.54
[rosout][INFO] 2025-04-03 15:11:57,520: Back Left Min: 0.65, Back Right Min: 0.54
[rosout][INFO] 2025-04-03 15:11:57,617: Back Left Min: 0.65, Back Right Min: 0.54
[rosout][INFO] 2025-04-03 15:11:57,720: Back Left Min: 0.65, Back Right Min: 0.54
[rosout][INFO] 2025-04-03 15:11:57,817: Back Left Min: 0.65, Back Right Min: 0.54
[rosout][INFO] 2025-04-03 15:11:57,920: Back Left Min: 0.65, Back Right Min: 0.54
[rosout][INFO] 2025-04-03 15:11:58,017: Back Left Min: 0.65, Back Right Min: 0.54
[rosout][INFO] 2025-04-03 15:11:58,120: Back Left Min: 0.65, Back Right Min: 0.54
[rosout][INFO] 2025-04-03 15:11:58,217: Back Left Min: 0.65, Back Right Min: 0.54
[rosout][INFO] 2025-04-03 15:11:58,320: Back Left Min: 0.65, Back Right Min: 0.54
[rosout][INFO] 2025-04-03 15:11:58,417: Back Left Min: 0.65, Back Right Min: 0.54
[rosout][INFO] 2025-04-03 15:11:58,520: Back Left Min: 0.65, Back Right Min: 0.54
[rosout][INFO] 2025-04-03 15:11:58,617: Back Left Min: 0.65, Back Right Min: 0.54
[rosout][INFO] 2025-04-03 15:11:58,720: Back Left Min: 0.65, Back Right Min: 0.54
[rosout][INFO] 2025-04-03 15:11:58,817: Back Left Min: 0.65, Back Right Min: 0.54
[rosout][INFO] 2025-04-03 15:11:58,920: Back Left Min: 0.65, Back Right Min: 0.54
[rosout][INFO] 2025-04-03 15:11:59,017: Back Left Min: 0.65, Back Right Min: 0.54
[rosout][INFO] 2025-04-03 15:11:59,121: Back Left Min: 0.65, Back Right Min: 0.54
[rosout][INFO] 2025-04-03 15:11:59,217: Back Left Min: 0.65, Back Right Min: 0.54
[rosout][INFO] 2025-04-03 15:11:59,321: Back Left Min: 0.65, Back Right Min: 0.54
[rosout][INFO] 2025-04-03 15:11:59,418: Back Left Min: 0.65, Back Right Min: 0.54
[rosout][INFO] 2025-04-03 15:11:59,521: Back Left Min: 0.65, Back Right Min: 0.54
[rosout][INFO] 2025-04-03 15:11:59,618: Back Left Min: 0.65, Back Right Min: 0.54
[rosout][INFO] 2025-04-03 15:11:59,721: Back Left Min: 0.65, Back Right Min: 0.54
[rosout][INFO] 2025-04-03 15:11:59,818: Back Left Min: 0.65, Back Right Min: 0.54
[rosout][INFO] 2025-04-03 15:11:59,921: Back Left Min: 0.65, Back Right Min: 0.54
[rosout][INFO] 2025-04-03 15:12:00,018: Back Left Min: 0.65, Back Right Min: 0.54
[rosout][INFO] 2025-04-03 15:12:00,121: Back Left Min: 0.65, Back Right Min: 0.54
[rosout][INFO] 2025-04-03 15:12:00,218: Back Left Min: 0.65, Back Right Min: 0.54
[rosout][INFO] 2025-04-03 15:12:00,321: Back Left Min: 0.65, Back Right Min: 0.54
[rosout][INFO] 2025-04-03 15:12:00,418: Back Left Min: 0.65, Back Right Min: 0.54
[rosout][INFO] 2025-04-03 15:12:00,521: Back Left Min: 0.65, Back Right Min: 0.54
[rosout][INFO] 2025-04-03 15:12:00,618: Back Left Min: 0.65, Back Right Min: 0.54
[rosout][INFO] 2025-04-03 15:12:00,721: Back Left Min: 0.65, Back Right Min: 0.54
[rosout][INFO] 2025-04-03 15:12:00,818: Back Left Min: 0.65, Back Right Min: 0.54
[rosout][INFO] 2025-04-03 15:12:00,921: Back Left Min: 0.65, Back Right Min: 0.54
[rosout][INFO] 2025-04-03 15:12:01,018: Back Left Min: 0.65, Back Right Min: 0.54
[rosout][INFO] 2025-04-03 15:12:01,121: Back Left Min: 0.65, Back Right Min: 0.54
[rosout][INFO] 2025-04-03 15:12:01,218: Back Left Min: 0.65, Back Right Min: 0.54
[rosout][INFO] 2025-04-03 15:12:01,322: Back Left Min: 0.65, Back Right Min: 0.54
[rosout][INFO] 2025-04-03 15:12:01,418: Back Left Min: 0.65, Back Right Min: 0.54
[rosout][INFO] 2025-04-03 15:12:01,522: Back Left Min: 0.65, Back Right Min: 0.54
[rosout][INFO] 2025-04-03 15:12:01,619: Back Left Min: 0.65, Back Right Min: 0.54
[rosout][INFO] 2025-04-03 15:12:01,722: Back Left Min: 0.65, Back Right Min: 0.54
[rosout][INFO] 2025-04-03 15:12:01,819: Back Left Min: 0.65, Back Right Min: 0.54
[rosout][INFO] 2025-04-03 15:12:01,922: Back Left Min: 0.65, Back Right Min: 0.54
[rosout][INFO] 2025-04-03 15:12:02,019: Back Left Min: 0.65, Back Right Min: 0.54
[rosout][INFO] 2025-04-03 15:12:02,122: Back Left Min: 0.65, Back Right Min: 0.54
[rosout][INFO] 2025-04-03 15:12:02,219: Back Left Min: 0.65, Back Right Min: 0.54
[rosout][INFO] 2025-04-03 15:12:02,322: Back Left Min: 0.65, Back Right Min: 0.54
[rosout][INFO] 2025-04-03 15:12:02,419: Back Left Min: 0.65, Back Right Min: 0.54
[rosout][INFO] 2025-04-03 15:12:02,522: Back Left Min: 0.65, Back Right Min: 0.54
[rosout][INFO] 2025-04-03 15:12:02,619: Back Left Min: 0.65, Back Right Min: 0.54
[rosout][INFO] 2025-04-03 15:12:02,722: Back Left Min: 0.65, Back Right Min: 0.54
[rosout][INFO] 2025-04-03 15:12:02,819: Back Left Min: 0.65, Back Right Min: 0.54
[rosout][INFO] 2025-04-03 15:12:02,922: Back Left Min: 0.65, Back Right Min: 0.54
[rosout][INFO] 2025-04-03 15:12:03,019: Back Left Min: 0.65, Back Right Min: 0.54
[rosout][INFO] 2025-04-03 15:12:03,122: Back Left Min: 0.65, Back Right Min: 0.54
[rosout][INFO] 2025-04-03 15:12:03,219: Back Left Min: 0.65, Back Right Min: 0.54
[rosout][INFO] 2025-04-03 15:12:03,322: Back Left Min: 0.65, Back Right Min: 0.54
[rosout][INFO] 2025-04-03 15:12:03,419: Back Left Min: 0.65, Back Right Min: 0.54
[rosout][INFO] 2025-04-03 15:12:03,522: Back Left Min: 0.65, Back Right Min: 0.54
[rosout][INFO] 2025-04-03 15:12:03,619: Back Left Min: 0.65, Back Right Min: 0.54
[rosout][INFO] 2025-04-03 15:12:03,722: Back Left Min: 0.65, Back Right Min: 0.54
[rosout][INFO] 2025-04-03 15:12:03,819: Back Left Min: 0.65, Back Right Min: 0.54
[rosout][INFO] 2025-04-03 15:12:03,923: Back Left Min: 0.65, Back Right Min: 0.54
[rosout][INFO] 2025-04-03 15:12:04,019: Back Left Min: 0.65, Back Right Min: 0.54
[rosout][INFO] 2025-04-03 15:12:04,123: Back Left Min: 0.65, Back Right Min: 0.54
[rosout][INFO] 2025-04-03 15:12:04,220: Back Left Min: 0.65, Back Right Min: 0.54
[rosout][INFO] 2025-04-03 15:12:04,323: Back Left Min: 0.65, Back Right Min: 0.54
[rosout][INFO] 2025-04-03 15:12:04,420: Back Left Min: 0.65, Back Right Min: 0.54
[rosout][INFO] 2025-04-03 15:12:04,523: Back Left Min: 0.65, Back Right Min: 0.54
[rosout][INFO] 2025-04-03 15:12:04,620: Back Left Min: 0.65, Back Right Min: 0.54
[rosout][INFO] 2025-04-03 15:12:04,723: Back Left Min: 0.65, Back Right Min: 0.54
[rosout][INFO] 2025-04-03 15:12:04,820: Back Left Min: 0.65, Back Right Min: 0.54
[rosout][INFO] 2025-04-03 15:12:04,923: Back Left Min: 0.65, Back Right Min: 0.54
[rosout][INFO] 2025-04-03 15:12:05,020: Back Left Min: 0.65, Back Right Min: 0.54
[rosout][INFO] 2025-04-03 15:12:05,123: Back Left Min: 0.65, Back Right Min: 0.54
[rosout][INFO] 2025-04-03 15:12:05,220: Back Left Min: 0.65, Back Right Min: 0.54
[rosout][INFO] 2025-04-03 15:12:05,323: Back Left Min: 0.65, Back Right Min: 0.54
[rosout][INFO] 2025-04-03 15:12:05,420: Back Left Min: 0.65, Back Right Min: 0.54
[rosout][INFO] 2025-04-03 15:12:05,523: Back Left Min: 0.65, Back Right Min: 0.54
[rosout][INFO] 2025-04-03 15:12:05,620: Back Left Min: 0.65, Back Right Min: 0.54
[rosout][INFO] 2025-04-03 15:12:05,723: Back Left Min: 0.65, Back Right Min: 0.54
[rosout][INFO] 2025-04-03 15:12:05,820: Back Left Min: 0.65, Back Right Min: 0.54
[rosout][INFO] 2025-04-03 15:12:05,923: Back Left Min: 0.65, Back Right Min: 0.54
[rosout][INFO] 2025-04-03 15:12:06,020: Back Left Min: 0.65, Back Right Min: 0.54
[rosout][INFO] 2025-04-03 15:12:06,123: Back Left Min: 0.65, Back Right Min: 0.54
[rosout][INFO] 2025-04-03 15:12:06,220: Back Left Min: 0.65, Back Right Min: 0.54
[rosout][INFO] 2025-04-03 15:12:06,324: Back Left Min: 0.65, Back Right Min: 0.54
[rosout][INFO] 2025-04-03 15:12:06,420: Back Left Min: 0.65, Back Right Min: 0.54
[rosout][INFO] 2025-04-03 15:12:06,524: Back Left Min: 0.65, Back Right Min: 0.54
[rosout][INFO] 2025-04-03 15:12:06,620: Back Left Min: 0.65, Back Right Min: 0.54
[rosout][INFO] 2025-04-03 15:12:06,724: Back Left Min: 0.65, Back Right Min: 0.54
[rosout][INFO] 2025-04-03 15:12:06,821: Back Left Min: 0.65, Back Right Min: 0.54
[rosout][INFO] 2025-04-03 15:12:06,924: Back Left Min: 0.65, Back Right Min: 0.54
[rosout][INFO] 2025-04-03 15:12:07,021: Back Left Min: 0.65, Back Right Min: 0.54
[rosout][INFO] 2025-04-03 15:12:07,124: Back Left Min: 0.65, Back Right Min: 0.54
[rosout][INFO] 2025-04-03 15:12:07,221: Back Left Min: 0.65, Back Right Min: 0.54
[rosout][INFO] 2025-04-03 15:12:07,324: Back Left Min: 0.65, Back Right Min: 0.54
[rosout][INFO] 2025-04-03 15:12:07,421: Back Left Min: 0.65, Back Right Min: 0.54
[rosout][INFO] 2025-04-03 15:12:07,524: Back Left Min: 0.65, Back Right Min: 0.54
[rosout][INFO] 2025-04-03 15:12:07,621: Back Left Min: 0.65, Back Right Min: 0.54
[rosout][INFO] 2025-04-03 15:12:07,724: Back Left Min: 0.65, Back Right Min: 0.54
[rosout][INFO] 2025-04-03 15:12:07,821: Back Left Min: 0.65, Back Right Min: 0.54
[rosout][INFO] 2025-04-03 15:12:07,924: Back Left Min: 0.65, Back Right Min: 0.54
[rosout][INFO] 2025-04-03 15:12:08,021: Back Left Min: 0.65, Back Right Min: 0.54
[rosout][INFO] 2025-04-03 15:12:08,124: Back Left Min: 0.65, Back Right Min: 0.54
[rosout][INFO] 2025-04-03 15:12:08,221: Back Left Min: 0.65, Back Right Min: 0.54
[rosout][INFO] 2025-04-03 15:12:08,324: Back Left Min: 0.65, Back Right Min: 0.54
[rosout][INFO] 2025-04-03 15:12:08,421: Back Left Min: 0.65, Back Right Min: 0.54
[rosout][INFO] 2025-04-03 15:12:08,524: Back Left Min: 0.65, Back Right Min: 0.54
[rosout][INFO] 2025-04-03 15:12:08,621: Back Left Min: 0.65, Back Right Min: 0.54
[rosout][INFO] 2025-04-03 15:12:08,724: Back Left Min: 0.65, Back Right Min: 0.54
[rosout][INFO] 2025-04-03 15:12:08,821: Back Left Min: 0.65, Back Right Min: 0.54
[rosout][INFO] 2025-04-03 15:12:08,924: Back Left Min: 0.65, Back Right Min: 0.54
[rosout][INFO] 2025-04-03 15:12:09,021: Back Left Min: 0.65, Back Right Min: 0.54
[rosout][INFO] 2025-04-03 15:12:09,125: Back Left Min: 0.65, Back Right Min: 0.54
[rosout][INFO] 2025-04-03 15:12:09,222: Back Left Min: 0.65, Back Right Min: 0.54
[rosout][INFO] 2025-04-03 15:12:09,325: Back Left Min: 0.65, Back Right Min: 0.54
[rosout][INFO] 2025-04-03 15:12:09,422: Back Left Min: 0.65, Back Right Min: 0.54
[rosout][INFO] 2025-04-03 15:12:09,525: Back Left Min: 0.65, Back Right Min: 0.54
[rosout][INFO] 2025-04-03 15:12:09,622: Back Left Min: 0.65, Back Right Min: 0.54
[rosout][INFO] 2025-04-03 15:12:09,725: Back Left Min: 0.65, Back Right Min: 0.54
[rosout][INFO] 2025-04-03 15:12:09,822: Back Left Min: 0.65, Back Right Min: 0.54
[rosout][INFO] 2025-04-03 15:12:09,925: Back Left Min: 0.65, Back Right Min: 0.54
[rosout][INFO] 2025-04-03 15:12:10,022: Back Left Min: 0.65, Back Right Min: 0.54
[rosout][INFO] 2025-04-03 15:12:10,125: Back Left Min: 0.65, Back Right Min: 0.54
[rosout][INFO] 2025-04-03 15:12:10,222: Back Left Min: 0.65, Back Right Min: 0.54
[rosout][INFO] 2025-04-03 15:12:10,325: Back Left Min: 0.65, Back Right Min: 0.54
[rosout][INFO] 2025-04-03 15:12:10,422: Back Left Min: 0.65, Back Right Min: 0.54
[rosout][INFO] 2025-04-03 15:12:10,525: Back Left Min: 0.65, Back Right Min: 0.54
[rosout][INFO] 2025-04-03 15:12:10,622: Back Left Min: 0.65, Back Right Min: 0.54
[rosout][INFO] 2025-04-03 15:12:10,725: Back Left Min: 0.65, Back Right Min: 0.54
[rosout][INFO] 2025-04-03 15:12:10,822: Back Left Min: 0.65, Back Right Min: 0.54
[rosout][INFO] 2025-04-03 15:12:10,925: Back Left Min: 0.65, Back Right Min: 0.54
[rosout][INFO] 2025-04-03 15:12:11,022: Back Left Min: 0.65, Back Right Min: 0.54
[rosout][INFO] 2025-04-03 15:12:11,125: Back Left Min: 0.65, Back Right Min: 0.54
[rosout][INFO] 2025-04-03 15:12:11,222: Back Left Min: 0.65, Back Right Min: 0.54
[rosout][INFO] 2025-04-03 15:12:11,325: Back Left Min: 0.65, Back Right Min: 0.54
[rosout][INFO] 2025-04-03 15:12:11,422: Back Left Min: 0.65, Back Right Min: 0.54
[rosout][INFO] 2025-04-03 15:12:11,526: Back Left Min: 0.65, Back Right Min: 0.54
[rosout][INFO] 2025-04-03 15:12:11,622: Back Left Min: 0.65, Back Right Min: 0.54
[rosout][INFO] 2025-04-03 15:12:11,726: Back Left Min: 0.65, Back Right Min: 0.54
[rosout][INFO] 2025-04-03 15:12:11,823: Back Left Min: 0.65, Back Right Min: 0.54
[rosout][INFO] 2025-04-03 15:12:11,926: Back Left Min: 0.65, Back Right Min: 0.54
[rosout][INFO] 2025-04-03 15:12:12,023: Back Left Min: 0.65, Back Right Min: 0.54
[rosout][INFO] 2025-04-03 15:12:12,126: Back Left Min: 0.65, Back Right Min: 0.54
[rosout][INFO] 2025-04-03 15:12:12,223: Back Left Min: 0.65, Back Right Min: 0.54
[rosout][INFO] 2025-04-03 15:12:12,326: Back Left Min: 0.65, Back Right Min: 0.54
[rosout][INFO] 2025-04-03 15:12:12,423: Back Left Min: 0.65, Back Right Min: 0.54
[rosout][INFO] 2025-04-03 15:12:12,526: Back Left Min: 0.65, Back Right Min: 0.54
[rosout][INFO] 2025-04-03 15:12:12,623: Back Left Min: 0.65, Back Right Min: 0.54
[rosout][INFO] 2025-04-03 15:12:12,726: Back Left Min: 0.65, Back Right Min: 0.54
[rosout][INFO] 2025-04-03 15:12:12,823: Back Left Min: 0.65, Back Right Min: 0.54
[rosout][INFO] 2025-04-03 15:12:12,926: Back Left Min: 0.65, Back Right Min: 0.54
[rosout][INFO] 2025-04-03 15:12:13,023: Back Left Min: 0.65, Back Right Min: 0.54
[rosout][INFO] 2025-04-03 15:12:13,126: Back Left Min: 0.65, Back Right Min: 0.54
[rosout][INFO] 2025-04-03 15:12:13,223: Back Left Min: 0.65, Back Right Min: 0.54
[rosout][INFO] 2025-04-03 15:12:13,326: Back Left Min: 0.65, Back Right Min: 0.54
[rosout][INFO] 2025-04-03 15:12:13,423: Back Left Min: 0.65, Back Right Min: 0.54
[rosout][INFO] 2025-04-03 15:12:13,526: Back Left Min: 0.65, Back Right Min: 0.54
[rosout][INFO] 2025-04-03 15:12:13,623: Back Left Min: 0.65, Back Right Min: 0.54
[rosout][INFO] 2025-04-03 15:12:13,726: Back Left Min: 0.65, Back Right Min: 0.54
[rosout][INFO] 2025-04-03 15:12:13,823: Back Left Min: 0.65, Back Right Min: 0.54
[rosout][INFO] 2025-04-03 15:12:13,927: Back Left Min: 0.65, Back Right Min: 0.54
[rosout][INFO] 2025-04-03 15:12:14,023: Back Left Min: 0.65, Back Right Min: 0.54
[rosout][INFO] 2025-04-03 15:12:14,127: Back Left Min: 0.65, Back Right Min: 0.54
[rosout][INFO] 2025-04-03 15:12:14,224: Back Left Min: 0.65, Back Right Min: 0.54
[rosout][INFO] 2025-04-03 15:12:14,327: Back Left Min: 0.65, Back Right Min: 0.54
[rosout][INFO] 2025-04-03 15:12:14,424: Back Left Min: 0.65, Back Right Min: 0.54
[rosout][INFO] 2025-04-03 15:12:14,527: Back Left Min: 0.65, Back Right Min: 0.54
[rosout][INFO] 2025-04-03 15:12:14,624: Back Left Min: 0.65, Back Right Min: 0.54
[rosout][INFO] 2025-04-03 15:12:14,727: Back Left Min: 0.65, Back Right Min: 0.54
[rosout][INFO] 2025-04-03 15:12:14,824: Back Left Min: 0.65, Back Right Min: 0.54
[rosout][INFO] 2025-04-03 15:12:14,927: Back Left Min: 0.65, Back Right Min: 0.54
[rosout][INFO] 2025-04-03 15:12:15,024: Back Left Min: 0.65, Back Right Min: 0.54
[rosout][INFO] 2025-04-03 15:12:15,127: Back Left Min: 0.65, Back Right Min: 0.54
[rosout][INFO] 2025-04-03 15:12:15,224: Back Left Min: 0.65, Back Right Min: 0.54
[rosout][INFO] 2025-04-03 15:12:15,327: Back Left Min: 0.65, Back Right Min: 0.54
[rosout][INFO] 2025-04-03 15:12:15,424: Back Left Min: 0.65, Back Right Min: 0.54
[rosout][INFO] 2025-04-03 15:12:15,527: Back Left Min: 0.65, Back Right Min: 0.54
[rosout][INFO] 2025-04-03 15:12:15,624: Back Left Min: 0.65, Back Right Min: 0.54
[rosout][INFO] 2025-04-03 15:12:15,727: Back Left Min: 0.65, Back Right Min: 0.54
[rosout][INFO] 2025-04-03 15:12:15,824: Back Left Min: 0.65, Back Right Min: 0.54
[rosout][INFO] 2025-04-03 15:12:15,927: Back Left Min: 0.65, Back Right Min: 0.54
[rosout][INFO] 2025-04-03 15:12:16,024: Back Left Min: 0.65, Back Right Min: 0.54
[rosout][INFO] 2025-04-03 15:12:16,127: Back Left Min: 0.65, Back Right Min: 0.54
[rosout][INFO] 2025-04-03 15:12:16,224: Back Left Min: 0.65, Back Right Min: 0.54
[rosout][INFO] 2025-04-03 15:12:16,327: Back Left Min: 0.65, Back Right Min: 0.54
[rosout][INFO] 2025-04-03 15:12:16,424: Back Left Min: 0.65, Back Right Min: 0.54
[rosout][INFO] 2025-04-03 15:12:16,528: Back Left Min: 0.65, Back Right Min: 0.54
[rosout][INFO] 2025-04-03 15:12:16,624: Back Left Min: 0.65, Back Right Min: 0.54
[rosout][INFO] 2025-04-03 15:12:16,728: Back Left Min: 0.65, Back Right Min: 0.54
[rosout][INFO] 2025-04-03 15:12:16,825: Back Left Min: 0.65, Back Right Min: 0.54
[rosout][INFO] 2025-04-03 15:12:16,928: Back Left Min: 0.65, Back Right Min: 0.54
[rosout][INFO] 2025-04-03 15:12:17,025: Back Left Min: 0.65, Back Right Min: 0.54
[rosout][INFO] 2025-04-03 15:12:17,128: Back Left Min: 0.65, Back Right Min: 0.54
[rosout][INFO] 2025-04-03 15:12:17,225: Back Left Min: 0.65, Back Right Min: 0.54
[rosout][INFO] 2025-04-03 15:12:17,328: Back Left Min: 0.65, Back Right Min: 0.54
[rosout][INFO] 2025-04-03 15:12:17,425: Back Left Min: 0.65, Back Right Min: 0.54
[rosout][INFO] 2025-04-03 15:12:17,528: Back Left Min: 0.65, Back Right Min: 0.54
[rosout][INFO] 2025-04-03 15:12:17,625: Back Left Min: 0.65, Back Right Min: 0.54
[rosout][INFO] 2025-04-03 15:12:17,728: Back Left Min: 0.65, Back Right Min: 0.54
[rosout][INFO] 2025-04-03 15:12:17,825: Back Left Min: 0.65, Back Right Min: 0.54
[rosout][INFO] 2025-04-03 15:12:17,928: Back Left Min: 0.65, Back Right Min: 0.54
[rosout][INFO] 2025-04-03 15:12:18,025: Back Left Min: 0.65, Back Right Min: 0.54
[rosout][INFO] 2025-04-03 15:12:18,128: Back Left Min: 0.65, Back Right Min: 0.54
[rosout][INFO] 2025-04-03 15:12:18,225: Back Left Min: 0.65, Back Right Min: 0.54
[rosout][INFO] 2025-04-03 15:12:18,328: Back Left Min: 0.65, Back Right Min: 0.54
[rosout][INFO] 2025-04-03 15:12:18,425: Back Left Min: 0.65, Back Right Min: 0.54
[rosout][INFO] 2025-04-03 15:12:18,528: Back Left Min: 0.65, Back Right Min: 0.54
[rosout][INFO] 2025-04-03 15:12:18,625: Back Left Min: 0.65, Back Right Min: 0.54
[rosout][INFO] 2025-04-03 15:12:18,728: Back Left Min: 0.65, Back Right Min: 0.54
[rosout][INFO] 2025-04-03 15:12:18,825: Back Left Min: 0.65, Back Right Min: 0.54
[rosout][INFO] 2025-04-03 15:12:18,929: Back Left Min: 0.65, Back Right Min: 0.54
[rosout][INFO] 2025-04-03 15:12:19,025: Back Left Min: 0.65, Back Right Min: 0.54
[rosout][INFO] 2025-04-03 15:12:19,129: Back Left Min: 0.65, Back Right Min: 0.54
[rosout][INFO] 2025-04-03 15:12:19,226: Back Left Min: 0.65, Back Right Min: 0.54
[rosout][INFO] 2025-04-03 15:12:19,329: Back Left Min: 0.65, Back Right Min: 0.54
[rosout][INFO] 2025-04-03 15:12:19,426: Back Left Min: 0.65, Back Right Min: 0.54
[rosout][INFO] 2025-04-03 15:12:19,529: Back Left Min: 0.65, Back Right Min: 0.54
[rosout][INFO] 2025-04-03 15:12:19,626: Back Left Min: 0.65, Back Right Min: 0.54
[rosout][INFO] 2025-04-03 15:12:19,729: Back Left Min: 0.65, Back Right Min: 0.54
[rosout][INFO] 2025-04-03 15:12:19,826: Back Left Min: 0.65, Back Right Min: 0.54
[rosout][INFO] 2025-04-03 15:12:19,929: Back Left Min: 0.65, Back Right Min: 0.54
[rosout][INFO] 2025-04-03 15:12:20,026: Back Left Min: 0.65, Back Right Min: 0.54
[rosout][INFO] 2025-04-03 15:12:20,129: Back Left Min: 0.65, Back Right Min: 0.54
[rosout][INFO] 2025-04-03 15:12:20,226: Back Left Min: 0.65, Back Right Min: 0.54
[rosout][INFO] 2025-04-03 15:12:20,329: Back Left Min: 0.65, Back Right Min: 0.54
[rosout][INFO] 2025-04-03 15:12:20,426: Back Left Min: 0.65, Back Right Min: 0.54
[rosout][INFO] 2025-04-03 15:12:20,529: Back Left Min: 0.65, Back Right Min: 0.54
[rosout][INFO] 2025-04-03 15:12:20,626: Back Left Min: 0.65, Back Right Min: 0.54
[rosout][INFO] 2025-04-03 15:12:20,729: Back Left Min: 0.65, Back Right Min: 0.54
[rosout][INFO] 2025-04-03 15:12:20,826: Back Left Min: 0.65, Back Right Min: 0.54
[rosout][INFO] 2025-04-03 15:12:20,929: Back Left Min: 0.65, Back Right Min: 0.54
[rosout][INFO] 2025-04-03 15:12:21,026: Back Left Min: 0.65, Back Right Min: 0.54
[rosout][INFO] 2025-04-03 15:12:21,129: Back Left Min: 0.65, Back Right Min: 0.54
[rosout][INFO] 2025-04-03 15:12:21,226: Back Left Min: 0.65, Back Right Min: 0.54
[rosout][INFO] 2025-04-03 15:12:21,329: Back Left Min: 0.65, Back Right Min: 0.54
[rosout][INFO] 2025-04-03 15:12:21,426: Back Left Min: 0.65, Back Right Min: 0.54
[rosout][INFO] 2025-04-03 15:12:21,530: Back Left Min: 0.65, Back Right Min: 0.54
[rosout][INFO] 2025-04-03 15:12:21,626: Back Left Min: 0.65, Back Right Min: 0.54
[rosout][INFO] 2025-04-03 15:12:21,730: Back Left Min: 0.65, Back Right Min: 0.54
[rosout][INFO] 2025-04-03 15:12:21,827: Back Left Min: 0.65, Back Right Min: 0.54
[rosout][INFO] 2025-04-03 15:12:21,930: Back Left Min: 0.65, Back Right Min: 0.54
[rosout][INFO] 2025-04-03 15:12:22,027: Back Left Min: 0.65, Back Right Min: 0.54
[rosout][INFO] 2025-04-03 15:12:22,130: Back Left Min: 0.65, Back Right Min: 0.54
[rosout][INFO] 2025-04-03 15:12:22,227: Back Left Min: 0.65, Back Right Min: 0.54
[rosout][INFO] 2025-04-03 15:12:22,330: Back Left Min: 0.65, Back Right Min: 0.54
[rosout][INFO] 2025-04-03 15:12:22,427: Back Left Min: 0.65, Back Right Min: 0.54
[rosout][INFO] 2025-04-03 15:12:22,530: Back Left Min: 0.65, Back Right Min: 0.54
[rosout][INFO] 2025-04-03 15:12:22,627: Back Left Min: 0.65, Back Right Min: 0.54
[rosout][INFO] 2025-04-03 15:12:22,730: Back Left Min: 0.65, Back Right Min: 0.54
[rosout][INFO] 2025-04-03 15:12:22,827: Back Left Min: 0.65, Back Right Min: 0.54
[rosout][INFO] 2025-04-03 15:12:22,930: Back Left Min: 0.65, Back Right Min: 0.54
[rosout][INFO] 2025-04-03 15:12:23,027: Back Left Min: 0.65, Back Right Min: 0.54
[rosout][INFO] 2025-04-03 15:12:23,130: Back Left Min: 0.65, Back Right Min: 0.54
[rosout][INFO] 2025-04-03 15:12:23,227: Back Left Min: 0.65, Back Right Min: 0.54
[rosout][INFO] 2025-04-03 15:12:23,330: Back Left Min: 0.65, Back Right Min: 0.54
[rosout][INFO] 2025-04-03 15:12:23,427: Back Left Min: 0.65, Back Right Min: 0.54
[rosout][INFO] 2025-04-03 15:12:23,530: Back Left Min: 0.65, Back Right Min: 0.54
[rosout][INFO] 2025-04-03 15:12:23,627: Back Left Min: 0.65, Back Right Min: 0.54
[rosout][INFO] 2025-04-03 15:12:23,730: Back Left Min: 0.65, Back Right Min: 0.54
[rosout][INFO] 2025-04-03 15:12:23,827: Back Left Min: 0.65, Back Right Min: 0.54
[rosout][INFO] 2025-04-03 15:12:23,931: Back Left Min: 0.65, Back Right Min: 0.54
[rosout][INFO] 2025-04-03 15:12:24,027: Back Left Min: 0.65, Back Right Min: 0.54
[rosout][INFO] 2025-04-03 15:12:24,131: Back Left Min: 0.65, Back Right Min: 0.54
[rosout][INFO] 2025-04-03 15:12:24,227: Back Left Min: 0.65, Back Right Min: 0.54
[rosout][INFO] 2025-04-03 15:12:24,331: Back Left Min: 0.65, Back Right Min: 0.54
[rosout][INFO] 2025-04-03 15:12:24,428: Back Left Min: 0.65, Back Right Min: 0.54
[rosout][INFO] 2025-04-03 15:12:24,531: Back Left Min: 0.65, Back Right Min: 0.54
[rosout][INFO] 2025-04-03 15:12:24,628: Back Left Min: 0.65, Back Right Min: 0.54
[rosout][INFO] 2025-04-03 15:12:24,731: Back Left Min: 0.65, Back Right Min: 0.54
[rosout][INFO] 2025-04-03 15:12:24,828: Back Left Min: 0.65, Back Right Min: 0.54
[rosout][INFO] 2025-04-03 15:12:24,931: Back Left Min: 0.65, Back Right Min: 0.54
[rosout][INFO] 2025-04-03 15:12:25,028: Back Left Min: 0.65, Back Right Min: 0.54
[rosout][INFO] 2025-04-03 15:12:25,131: Back Left Min: 0.65, Back Right Min: 0.54
[rosout][INFO] 2025-04-03 15:12:25,228: Back Left Min: 0.65, Back Right Min: 0.54
[rosout][INFO] 2025-04-03 15:12:25,331: Back Left Min: 0.65, Back Right Min: 0.54
[rosout][INFO] 2025-04-03 15:12:25,428: Back Left Min: 0.65, Back Right Min: 0.54
[rosout][INFO] 2025-04-03 15:12:25,531: Back Left Min: 0.65, Back Right Min: 0.54
[rosout][INFO] 2025-04-03 15:12:25,628: Back Left Min: 0.65, Back Right Min: 0.54
[rosout][INFO] 2025-04-03 15:12:25,731: Back Left Min: 0.65, Back Right Min: 0.54
[rosout][INFO] 2025-04-03 15:12:25,828: Back Left Min: 0.65, Back Right Min: 0.54
[rosout][INFO] 2025-04-03 15:12:25,931: Back Left Min: 0.65, Back Right Min: 0.54
[rosout][INFO] 2025-04-03 15:12:26,028: Back Left Min: 0.65, Back Right Min: 0.54
[rosout][INFO] 2025-04-03 15:12:26,131: Back Left Min: 0.65, Back Right Min: 0.54
[rosout][INFO] 2025-04-03 15:12:26,228: Back Left Min: 0.65, Back Right Min: 0.54
[rosout][INFO] 2025-04-03 15:12:26,332: Back Left Min: 0.65, Back Right Min: 0.54
[rosout][INFO] 2025-04-03 15:12:26,428: Back Left Min: 0.65, Back Right Min: 0.54
[rosout][INFO] 2025-04-03 15:12:26,532: Back Left Min: 0.65, Back Right Min: 0.54
[rosout][INFO] 2025-04-03 15:12:26,628: Back Left Min: 0.65, Back Right Min: 0.54
[rosout][INFO] 2025-04-03 15:12:26,732: Back Left Min: 0.65, Back Right Min: 0.54
[rosout][INFO] 2025-04-03 15:12:26,829: Back Left Min: 0.65, Back Right Min: 0.54
[rosout][INFO] 2025-04-03 15:12:26,932: Back Left Min: 0.65, Back Right Min: 0.54
[rosout][INFO] 2025-04-03 15:12:27,029: Back Left Min: 0.65, Back Right Min: 0.54
[rosout][INFO] 2025-04-03 15:12:27,132: Back Left Min: 0.65, Back Right Min: 0.54
[rosout][INFO] 2025-04-03 15:12:27,229: Back Left Min: 0.65, Back Right Min: 0.54
[rosout][INFO] 2025-04-03 15:12:27,332: Back Left Min: 0.65, Back Right Min: 0.54
[rosout][INFO] 2025-04-03 15:12:27,429: Back Left Min: 0.65, Back Right Min: 0.54
[rosout][INFO] 2025-04-03 15:12:27,532: Back Left Min: 0.65, Back Right Min: 0.54
[rosout][INFO] 2025-04-03 15:12:27,629: Back Left Min: 0.65, Back Right Min: 0.54
[rosout][INFO] 2025-04-03 15:12:27,732: Back Left Min: 0.65, Back Right Min: 0.54
[rosout][INFO] 2025-04-03 15:12:27,829: Back Left Min: 0.65, Back Right Min: 0.54
[rosout][INFO] 2025-04-03 15:12:27,932: Back Left Min: 0.65, Back Right Min: 0.54
[rosout][INFO] 2025-04-03 15:12:28,029: Back Left Min: 0.65, Back Right Min: 0.54
[rosout][INFO] 2025-04-03 15:12:28,132: Back Left Min: 0.65, Back Right Min: 0.54
[rosout][INFO] 2025-04-03 15:12:28,229: Back Left Min: 0.65, Back Right Min: 0.54
[rosout][INFO] 2025-04-03 15:12:28,332: Back Left Min: 0.65, Back Right Min: 0.54
[rosout][INFO] 2025-04-03 15:12:28,429: Back Left Min: 0.65, Back Right Min: 0.54
[rosout][INFO] 2025-04-03 15:12:28,532: Back Left Min: 0.65, Back Right Min: 0.54
[rosout][INFO] 2025-04-03 15:12:28,629: Back Left Min: 0.65, Back Right Min: 0.54
[rosout][INFO] 2025-04-03 15:12:28,732: Back Left Min: 0.65, Back Right Min: 0.54
[rosout][INFO] 2025-04-03 15:12:28,829: Back Left Min: 0.65, Back Right Min: 0.54
[rosout][INFO] 2025-04-03 15:12:28,933: Back Left Min: 0.65, Back Right Min: 0.54
[rosout][INFO] 2025-04-03 15:12:29,030: Back Left Min: 0.65, Back Right Min: 0.54
[rosout][INFO] 2025-04-03 15:12:29,133: Back Left Min: 0.65, Back Right Min: 0.54
[rosout][INFO] 2025-04-03 15:12:29,229: Back Left Min: 0.65, Back Right Min: 0.54
[rosout][INFO] 2025-04-03 15:12:29,333: Back Left Min: 0.65, Back Right Min: 0.54
[rosout][INFO] 2025-04-03 15:12:29,430: Back Left Min: 0.65, Back Right Min: 0.54
[rosout][INFO] 2025-04-03 15:12:29,533: Back Left Min: 0.65, Back Right Min: 0.54
[rosout][INFO] 2025-04-03 15:12:29,630: Back Left Min: 0.65, Back Right Min: 0.54
[rosout][INFO] 2025-04-03 15:12:29,733: Back Left Min: 0.65, Back Right Min: 0.54
[rosout][INFO] 2025-04-03 15:12:29,830: Back Left Min: 0.65, Back Right Min: 0.54
[rosout][INFO] 2025-04-03 15:12:29,933: Back Left Min: 0.65, Back Right Min: 0.54
[rosout][INFO] 2025-04-03 15:12:30,030: Back Left Min: 0.65, Back Right Min: 0.54
[rosout][INFO] 2025-04-03 15:12:30,133: Back Left Min: 0.65, Back Right Min: 0.54
[rosout][INFO] 2025-04-03 15:12:30,230: Back Left Min: 0.65, Back Right Min: 0.54
[rosout][INFO] 2025-04-03 15:12:30,333: Back Left Min: 0.65, Back Right Min: 0.54
[rosout][INFO] 2025-04-03 15:12:30,430: Back Left Min: 0.65, Back Right Min: 0.54
[rosout][INFO] 2025-04-03 15:12:30,533: Back Left Min: 0.65, Back Right Min: 0.54
[rosout][INFO] 2025-04-03 15:12:30,630: Back Left Min: 0.65, Back Right Min: 0.54
[rosout][INFO] 2025-04-03 15:12:30,733: Back Left Min: 0.65, Back Right Min: 0.54
[rosout][INFO] 2025-04-03 15:12:30,830: Back Left Min: 0.65, Back Right Min: 0.54
[rosout][INFO] 2025-04-03 15:12:30,933: Back Left Min: 0.65, Back Right Min: 0.54
[rosout][INFO] 2025-04-03 15:12:31,030: Back Left Min: 0.65, Back Right Min: 0.54
[rosout][INFO] 2025-04-03 15:12:31,133: Back Left Min: 0.65, Back Right Min: 0.54
[rosout][INFO] 2025-04-03 15:12:31,230: Back Left Min: 0.65, Back Right Min: 0.54
[rosout][INFO] 2025-04-03 15:12:31,334: Back Left Min: 0.65, Back Right Min: 0.54
[rosout][INFO] 2025-04-03 15:12:31,430: Back Left Min: 0.65, Back Right Min: 0.54
[rosout][INFO] 2025-04-03 15:12:31,534: Back Left Min: 0.65, Back Right Min: 0.54
[rosout][INFO] 2025-04-03 15:12:31,631: Back Left Min: 0.65, Back Right Min: 0.54
[rosout][INFO] 2025-04-03 15:12:31,734: Back Left Min: 0.65, Back Right Min: 0.54
[rosout][INFO] 2025-04-03 15:12:31,831: Back Left Min: 0.65, Back Right Min: 0.54
[rosout][INFO] 2025-04-03 15:12:31,934: Back Left Min: 0.65, Back Right Min: 0.54
[rosout][INFO] 2025-04-03 15:12:32,031: Back Left Min: 0.65, Back Right Min: 0.54
[rosout][INFO] 2025-04-03 15:12:32,134: Back Left Min: 0.65, Back Right Min: 0.54
[rosout][INFO] 2025-04-03 15:12:32,231: Back Left Min: 0.65, Back Right Min: 0.54
[rosout][INFO] 2025-04-03 15:12:32,334: Back Left Min: 0.65, Back Right Min: 0.54
[rosout][INFO] 2025-04-03 15:12:32,431: Back Left Min: 0.65, Back Right Min: 0.54
[rosout][INFO] 2025-04-03 15:12:32,534: Back Left Min: 0.65, Back Right Min: 0.54
[rosout][INFO] 2025-04-03 15:12:32,631: Back Left Min: 0.65, Back Right Min: 0.54
[rosout][INFO] 2025-04-03 15:12:32,734: Back Left Min: 0.65, Back Right Min: 0.54
[rosout][INFO] 2025-04-03 15:12:32,831: Back Left Min: 0.65, Back Right Min: 0.54
[rosout][INFO] 2025-04-03 15:12:32,934: Back Left Min: 0.65, Back Right Min: 0.54
[rosout][INFO] 2025-04-03 15:12:33,031: Back Left Min: 0.65, Back Right Min: 0.54
[rosout][INFO] 2025-04-03 15:12:33,134: Back Left Min: 0.65, Back Right Min: 0.54
[rosout][INFO] 2025-04-03 15:12:33,231: Back Left Min: 0.65, Back Right Min: 0.54
[rosout][INFO] 2025-04-03 15:12:33,334: Back Left Min: 0.65, Back Right Min: 0.54
[rosout][INFO] 2025-04-03 15:12:33,431: Back Left Min: 0.65, Back Right Min: 0.54
[rosout][INFO] 2025-04-03 15:12:33,534: Back Left Min: 0.65, Back Right Min: 0.54
[rosout][INFO] 2025-04-03 15:12:33,631: Back Left Min: 0.65, Back Right Min: 0.54
[rosout][INFO] 2025-04-03 15:12:33,735: Back Left Min: 0.65, Back Right Min: 0.54
[rosout][INFO] 2025-04-03 15:12:33,831: Back Left Min: 0.65, Back Right Min: 0.54
[rosout][INFO] 2025-04-03 15:12:33,935: Back Left Min: 0.65, Back Right Min: 0.54
[rosout][INFO] 2025-04-03 15:12:34,032: Back Left Min: 0.65, Back Right Min: 0.54
[rosout][INFO] 2025-04-03 15:12:34,135: Back Left Min: 0.65, Back Right Min: 0.54
[rosout][INFO] 2025-04-03 15:12:34,232: Back Left Min: 0.65, Back Right Min: 0.54
[rosout][INFO] 2025-04-03 15:12:34,335: Back Left Min: 0.65, Back Right Min: 0.54
[rosout][INFO] 2025-04-03 15:12:34,432: Back Left Min: 0.65, Back Right Min: 0.54
[rosout][INFO] 2025-04-03 15:12:34,535: Back Left Min: 0.65, Back Right Min: 0.54
[rosout][INFO] 2025-04-03 15:12:34,632: Back Left Min: 0.65, Back Right Min: 0.54
[rosout][INFO] 2025-04-03 15:12:34,735: Back Left Min: 0.65, Back Right Min: 0.54
[rosout][INFO] 2025-04-03 15:12:34,832: Back Left Min: 0.65, Back Right Min: 0.54
[rosout][INFO] 2025-04-03 15:12:34,935: Back Left Min: 0.65, Back Right Min: 0.54
[rosout][INFO] 2025-04-03 15:12:35,032: Back Left Min: 0.65, Back Right Min: 0.54
[rosout][INFO] 2025-04-03 15:12:35,135: Back Left Min: 0.65, Back Right Min: 0.54
[rosout][INFO] 2025-04-03 15:12:35,232: Back Left Min: 0.65, Back Right Min: 0.54
[rosout][INFO] 2025-04-03 15:12:35,335: Back Left Min: 0.65, Back Right Min: 0.54
[rosout][INFO] 2025-04-03 15:12:35,432: Back Left Min: 0.65, Back Right Min: 0.54
[rosout][INFO] 2025-04-03 15:12:35,535: Back Left Min: 0.65, Back Right Min: 0.54
[rosout][INFO] 2025-04-03 15:12:35,632: Back Left Min: 0.65, Back Right Min: 0.54
[rosout][INFO] 2025-04-03 15:12:35,735: Back Left Min: 0.65, Back Right Min: 0.54
[rosout][INFO] 2025-04-03 15:12:35,832: Back Left Min: 0.65, Back Right Min: 0.54
[rosout][INFO] 2025-04-03 15:12:35,935: Back Left Min: 0.65, Back Right Min: 0.54
[rosout][INFO] 2025-04-03 15:12:36,032: Back Left Min: 0.65, Back Right Min: 0.54
[rosout][INFO] 2025-04-03 15:12:36,135: Back Left Min: 0.65, Back Right Min: 0.54
[rosout][INFO] 2025-04-03 15:12:36,232: Back Left Min: 0.65, Back Right Min: 0.54
[rosout][INFO] 2025-04-03 15:12:36,335: Back Left Min: 0.65, Back Right Min: 0.54
[rosout][INFO] 2025-04-03 15:12:36,432: Back Left Min: 0.65, Back Right Min: 0.54
[rosout][INFO] 2025-04-03 15:12:36,536: Back Left Min: 0.65, Back Right Min: 0.54
[rosout][INFO] 2025-04-03 15:12:36,632: Back Left Min: 0.65, Back Right Min: 0.54
[rosout][INFO] 2025-04-03 15:12:36,736: Back Left Min: 0.65, Back Right Min: 0.54
[rosout][INFO] 2025-04-03 15:12:36,833: Back Left Min: 0.65, Back Right Min: 0.54
[rosout][INFO] 2025-04-03 15:12:36,936: Back Left Min: 0.65, Back Right Min: 0.54
[rosout][INFO] 2025-04-03 15:12:37,033: Back Left Min: 0.65, Back Right Min: 0.54
[rosout][INFO] 2025-04-03 15:12:37,136: Back Left Min: 0.65, Back Right Min: 0.54
[rosout][INFO] 2025-04-03 15:12:37,233: Back Left Min: 0.65, Back Right Min: 0.54
[rosout][INFO] 2025-04-03 15:12:37,336: Back Left Min: 0.65, Back Right Min: 0.54
[rosout][INFO] 2025-04-03 15:12:37,433: Back Left Min: 0.65, Back Right Min: 0.54
[rosout][INFO] 2025-04-03 15:12:37,536: Back Left Min: 0.65, Back Right Min: 0.54
[rosout][INFO] 2025-04-03 15:12:37,633: Back Left Min: 0.65, Back Right Min: 0.54
[rosout][INFO] 2025-04-03 15:12:37,736: Back Left Min: 0.65, Back Right Min: 0.54
[rosout][INFO] 2025-04-03 15:12:37,833: Back Left Min: 0.65, Back Right Min: 0.54
[rosout][INFO] 2025-04-03 15:12:37,936: Back Left Min: 0.65, Back Right Min: 0.54
[rosout][INFO] 2025-04-03 15:12:38,033: Back Left Min: 0.65, Back Right Min: 0.54
[rosout][INFO] 2025-04-03 15:12:38,136: Back Left Min: 0.65, Back Right Min: 0.54
[rosout][INFO] 2025-04-03 15:12:38,233: Back Left Min: 0.65, Back Right Min: 0.54
[rosout][INFO] 2025-04-03 15:12:38,336: Back Left Min: 0.65, Back Right Min: 0.54
[rosout][INFO] 2025-04-03 15:12:38,433: Back Left Min: 0.65, Back Right Min: 0.54
[rosout][INFO] 2025-04-03 15:12:38,536: Back Left Min: 0.65, Back Right Min: 0.54
[rosout][INFO] 2025-04-03 15:12:38,633: Back Left Min: 0.65, Back Right Min: 0.54
[rosout][INFO] 2025-04-03 15:12:38,736: Back Left Min: 0.65, Back Right Min: 0.54
[rosout][INFO] 2025-04-03 15:12:38,833: Back Left Min: 0.65, Back Right Min: 0.54
[rosout][INFO] 2025-04-03 15:12:38,937: Back Left Min: 0.65, Back Right Min: 0.54
[rosout][INFO] 2025-04-03 15:12:39,033: Back Left Min: 0.65, Back Right Min: 0.54
[rosout][INFO] 2025-04-03 15:12:39,137: Back Left Min: 0.65, Back Right Min: 0.54
[rosout][INFO] 2025-04-03 15:12:39,233: Back Left Min: 0.65, Back Right Min: 0.54
[rosout][INFO] 2025-04-03 15:12:39,337: Back Left Min: 0.65, Back Right Min: 0.54
[rosout][INFO] 2025-04-03 15:12:39,434: Back Left Min: 0.65, Back Right Min: 0.54
[rosout][INFO] 2025-04-03 15:12:39,537: Back Left Min: 0.65, Back Right Min: 0.54
[rosout][INFO] 2025-04-03 15:12:39,634: Back Left Min: 0.65, Back Right Min: 0.54
[rosout][INFO] 2025-04-03 15:12:39,737: Back Left Min: 0.65, Back Right Min: 0.54
[rosout][INFO] 2025-04-03 15:12:39,834: Back Left Min: 0.65, Back Right Min: 0.54
[rosout][INFO] 2025-04-03 15:12:39,937: Back Left Min: 0.65, Back Right Min: 0.54
[rosout][INFO] 2025-04-03 15:12:40,034: Back Left Min: 0.65, Back Right Min: 0.54
[rosout][INFO] 2025-04-03 15:12:40,137: Back Left Min: 0.65, Back Right Min: 0.54
[rosout][INFO] 2025-04-03 15:12:40,234: Back Left Min: 0.65, Back Right Min: 0.54
[rosout][INFO] 2025-04-03 15:12:40,337: Back Left Min: 0.65, Back Right Min: 0.54
[rosout][INFO] 2025-04-03 15:12:40,434: Back Left Min: 0.65, Back Right Min: 0.54
[rosout][INFO] 2025-04-03 15:12:40,537: Back Left Min: 0.65, Back Right Min: 0.54
[rosout][INFO] 2025-04-03 15:12:40,634: Back Left Min: 0.65, Back Right Min: 0.54
[rosout][INFO] 2025-04-03 15:12:40,737: Back Left Min: 0.65, Back Right Min: 0.54
[rosout][INFO] 2025-04-03 15:12:40,834: Back Left Min: 0.65, Back Right Min: 0.54
[rosout][INFO] 2025-04-03 15:12:40,937: Back Left Min: 0.65, Back Right Min: 0.54
[rosout][INFO] 2025-04-03 15:12:41,034: Back Left Min: 0.65, Back Right Min: 0.54
[rosout][INFO] 2025-04-03 15:12:41,137: Back Left Min: 0.65, Back Right Min: 0.54
[rosout][INFO] 2025-04-03 15:12:41,234: Back Left Min: 0.65, Back Right Min: 0.54
[rosout][INFO] 2025-04-03 15:12:41,337: Back Left Min: 0.65, Back Right Min: 0.54
[rosout][INFO] 2025-04-03 15:12:41,434: Back Left Min: 0.65, Back Right Min: 0.54
[rosout][INFO] 2025-04-03 15:12:41,538: Back Left Min: 0.65, Back Right Min: 0.54
[rosout][INFO] 2025-04-03 15:12:41,634: Back Left Min: 0.65, Back Right Min: 0.54
[rosout][INFO] 2025-04-03 15:12:41,738: Back Left Min: 0.65, Back Right Min: 0.54
[rosout][INFO] 2025-04-03 15:12:41,835: Back Left Min: 0.65, Back Right Min: 0.54
[rosout][INFO] 2025-04-03 15:12:41,938: Back Left Min: 0.65, Back Right Min: 0.54
[rosout][INFO] 2025-04-03 15:12:42,035: Back Left Min: 0.65, Back Right Min: 0.54
[rosout][INFO] 2025-04-03 15:12:42,138: Back Left Min: 0.65, Back Right Min: 0.54
[rosout][INFO] 2025-04-03 15:12:42,235: Back Left Min: 0.65, Back Right Min: 0.54
[rosout][INFO] 2025-04-03 15:12:42,338: Back Left Min: 0.65, Back Right Min: 0.54
[rosout][INFO] 2025-04-03 15:12:42,435: Back Left Min: 0.65, Back Right Min: 0.54
[rosout][INFO] 2025-04-03 15:12:42,538: Back Left Min: 0.65, Back Right Min: 0.54
[rosout][INFO] 2025-04-03 15:12:42,635: Back Left Min: 0.65, Back Right Min: 0.54
[rosout][INFO] 2025-04-03 15:12:42,738: Back Left Min: 0.65, Back Right Min: 0.54
[rosout][INFO] 2025-04-03 15:12:42,835: Back Left Min: 0.65, Back Right Min: 0.54
[rosout][INFO] 2025-04-03 15:12:42,938: Back Left Min: 0.65, Back Right Min: 0.54
[rosout][INFO] 2025-04-03 15:12:43,035: Back Left Min: 0.65, Back Right Min: 0.54
[rosout][INFO] 2025-04-03 15:12:43,138: Back Left Min: 0.65, Back Right Min: 0.54
[rosout][INFO] 2025-04-03 15:12:43,235: Back Left Min: 0.65, Back Right Min: 0.54
[rosout][INFO] 2025-04-03 15:12:43,338: Back Left Min: 0.65, Back Right Min: 0.54
[rosout][INFO] 2025-04-03 15:12:43,435: Back Left Min: 0.65, Back Right Min: 0.54
[rosout][INFO] 2025-04-03 15:12:43,538: Back Left Min: 0.65, Back Right Min: 0.54
[rosout][INFO] 2025-04-03 15:12:43,635: Back Left Min: 0.65, Back Right Min: 0.54
[rosout][INFO] 2025-04-03 15:12:43,738: Back Left Min: 0.65, Back Right Min: 0.54
[rosout][INFO] 2025-04-03 15:12:43,835: Back Left Min: 0.65, Back Right Min: 0.54
[rosout][INFO] 2025-04-03 15:12:43,939: Back Left Min: 0.65, Back Right Min: 0.54
[rosout][INFO] 2025-04-03 15:12:44,035: Back Left Min: 0.65, Back Right Min: 0.54
[rosout][INFO] 2025-04-03 15:12:44,139: Back Left Min: 0.65, Back Right Min: 0.54
[rosout][INFO] 2025-04-03 15:12:44,236: Back Left Min: 0.65, Back Right Min: 0.54
[rosout][INFO] 2025-04-03 15:12:44,339: Back Left Min: 0.65, Back Right Min: 0.54
[rosout][INFO] 2025-04-03 15:12:44,436: Back Left Min: 0.65, Back Right Min: 0.54
[rosout][INFO] 2025-04-03 15:12:44,539: Back Left Min: 0.65, Back Right Min: 0.54
[rosout][INFO] 2025-04-03 15:12:44,636: Back Left Min: 0.65, Back Right Min: 0.54
[rosout][INFO] 2025-04-03 15:12:44,739: Back Left Min: 0.65, Back Right Min: 0.54
[rosout][INFO] 2025-04-03 15:12:44,836: Back Left Min: 0.65, Back Right Min: 0.54
[rosout][INFO] 2025-04-03 15:12:44,939: Back Left Min: 0.65, Back Right Min: 0.54
[rosout][INFO] 2025-04-03 15:12:45,036: Back Left Min: 0.65, Back Right Min: 0.54
[rosout][INFO] 2025-04-03 15:12:45,139: Back Left Min: 0.65, Back Right Min: 0.54
[rosout][INFO] 2025-04-03 15:12:45,236: Back Left Min: 0.65, Back Right Min: 0.54
[rosout][INFO] 2025-04-03 15:12:45,339: Back Left Min: 0.65, Back Right Min: 0.54
[rosout][INFO] 2025-04-03 15:12:45,436: Back Left Min: 0.65, Back Right Min: 0.54
[rosout][INFO] 2025-04-03 15:12:45,539: Back Left Min: 0.65, Back Right Min: 0.54
[rosout][INFO] 2025-04-03 15:12:45,636: Back Left Min: 0.65, Back Right Min: 0.54
[rosout][INFO] 2025-04-03 15:12:45,739: Back Left Min: 0.65, Back Right Min: 0.54
[rosout][INFO] 2025-04-03 15:12:45,836: Back Left Min: 0.65, Back Right Min: 0.54
[rosout][INFO] 2025-04-03 15:12:45,939: Back Left Min: 0.65, Back Right Min: 0.54
[rosout][INFO] 2025-04-03 15:12:46,036: Back Left Min: 0.65, Back Right Min: 0.54
[rosout][INFO] 2025-04-03 15:12:46,139: Back Left Min: 0.65, Back Right Min: 0.54
[rosout][INFO] 2025-04-03 15:12:46,236: Back Left Min: 0.65, Back Right Min: 0.54
[rosout][INFO] 2025-04-03 15:12:46,340: Back Left Min: 0.65, Back Right Min: 0.54
[rosout][INFO] 2025-04-03 15:12:46,436: Back Left Min: 0.65, Back Right Min: 0.54
[rosout][INFO] 2025-04-03 15:12:46,540: Back Left Min: 0.65, Back Right Min: 0.54
[rosout][INFO] 2025-04-03 15:12:46,637: Back Left Min: 0.65, Back Right Min: 0.54
[rosout][INFO] 2025-04-03 15:12:46,740: Back Left Min: 0.65, Back Right Min: 0.54
[rosout][INFO] 2025-04-03 15:12:46,837: Back Left Min: 0.65, Back Right Min: 0.54
[rosout][INFO] 2025-04-03 15:12:46,940: Back Left Min: 0.65, Back Right Min: 0.54
[rosout][INFO] 2025-04-03 15:12:47,037: Back Left Min: 0.65, Back Right Min: 0.54
[rosout][INFO] 2025-04-03 15:12:47,140: Back Left Min: 0.65, Back Right Min: 0.54
[rosout][INFO] 2025-04-03 15:12:47,237: Back Left Min: 0.65, Back Right Min: 0.54
[rosout][INFO] 2025-04-03 15:12:47,340: Back Left Min: 0.65, Back Right Min: 0.54
[rosout][INFO] 2025-04-03 15:12:47,437: Back Left Min: 0.65, Back Right Min: 0.54
[rosout][INFO] 2025-04-03 15:12:47,540: Back Left Min: 0.65, Back Right Min: 0.54
[rosout][INFO] 2025-04-03 15:12:47,637: Back Left Min: 0.65, Back Right Min: 0.54
[rosout][INFO] 2025-04-03 15:12:47,740: Back Left Min: 0.65, Back Right Min: 0.54
[rosout][INFO] 2025-04-03 15:12:47,837: Back Left Min: 0.65, Back Right Min: 0.54
[rosout][INFO] 2025-04-03 15:12:47,940: Back Left Min: 0.65, Back Right Min: 0.54
[rosout][INFO] 2025-04-03 15:12:48,037: Back Left Min: 0.65, Back Right Min: 0.54
[rosout][INFO] 2025-04-03 15:12:48,140: Back Left Min: 0.65, Back Right Min: 0.54
[rosout][INFO] 2025-04-03 15:12:48,237: Back Left Min: 0.65, Back Right Min: 0.54
[rosout][INFO] 2025-04-03 15:12:48,340: Back Left Min: 0.65, Back Right Min: 0.54
[rosout][INFO] 2025-04-03 15:12:48,437: Back Left Min: 0.65, Back Right Min: 0.54
[rosout][INFO] 2025-04-03 15:12:48,540: Back Left Min: 0.65, Back Right Min: 0.54
[rosout][INFO] 2025-04-03 15:12:48,637: Back Left Min: 0.65, Back Right Min: 0.54
[rosout][INFO] 2025-04-03 15:12:48,741: Back Left Min: 0.65, Back Right Min: 0.54
[rosout][INFO] 2025-04-03 15:12:48,837: Back Left Min: 0.65, Back Right Min: 0.54
[rosout][INFO] 2025-04-03 15:12:48,941: Back Left Min: 0.65, Back Right Min: 0.54
[rosout][INFO] 2025-04-03 15:12:49,038: Back Left Min: 0.65, Back Right Min: 0.54
[rosout][INFO] 2025-04-03 15:12:49,141: Back Left Min: 0.65, Back Right Min: 0.54
[rosout][INFO] 2025-04-03 15:12:49,238: Back Left Min: 0.65, Back Right Min: 0.54
[rosout][INFO] 2025-04-03 15:12:49,341: Back Left Min: 0.65, Back Right Min: 0.54
[rosout][INFO] 2025-04-03 15:12:49,438: Back Left Min: 0.65, Back Right Min: 0.54
[rosout][INFO] 2025-04-03 15:12:49,541: Back Left Min: 0.65, Back Right Min: 0.54
[rosout][INFO] 2025-04-03 15:12:49,638: Back Left Min: 0.65, Back Right Min: 0.54
[rosout][INFO] 2025-04-03 15:12:49,741: Back Left Min: 0.65, Back Right Min: 0.54
[rosout][INFO] 2025-04-03 15:12:49,838: Back Left Min: 0.65, Back Right Min: 0.54
[rosout][INFO] 2025-04-03 15:12:49,941: Back Left Min: 0.65, Back Right Min: 0.54
[rosout][INFO] 2025-04-03 15:12:50,038: Back Left Min: 0.65, Back Right Min: 0.54
[rosout][INFO] 2025-04-03 15:12:50,141: Back Left Min: 0.65, Back Right Min: 0.54
[rosout][INFO] 2025-04-03 15:12:50,238: Back Left Min: 0.65, Back Right Min: 0.54
[rosout][INFO] 2025-04-03 15:12:50,341: Back Left Min: 0.65, Back Right Min: 0.54
[rosout][INFO] 2025-04-03 15:12:50,438: Back Left Min: 0.65, Back Right Min: 0.54
[rosout][INFO] 2025-04-03 15:12:50,541: Back Left Min: 0.65, Back Right Min: 0.54
[rosout][INFO] 2025-04-03 15:12:50,638: Back Left Min: 0.65, Back Right Min: 0.54
[rosout][INFO] 2025-04-03 15:12:50,741: Back Left Min: 0.65, Back Right Min: 0.54
[rosout][INFO] 2025-04-03 15:12:50,838: Back Left Min: 0.65, Back Right Min: 0.54
[rosout][INFO] 2025-04-03 15:12:50,941: Back Left Min: 0.65, Back Right Min: 0.54
[rosout][INFO] 2025-04-03 15:12:51,038: Back Left Min: 0.65, Back Right Min: 0.54
[rosout][INFO] 2025-04-03 15:12:51,141: Back Left Min: 0.65, Back Right Min: 0.54
[rosout][INFO] 2025-04-03 15:12:51,238: Back Left Min: 0.65, Back Right Min: 0.54
[rosout][INFO] 2025-04-03 15:12:51,342: Back Left Min: 0.65, Back Right Min: 0.54
[rosout][INFO] 2025-04-03 15:12:51,438: Back Left Min: 0.65, Back Right Min: 0.54
[rosout][INFO] 2025-04-03 15:12:51,542: Back Left Min: 0.65, Back Right Min: 0.54
[rosout][INFO] 2025-04-03 15:12:51,639: Back Left Min: 0.65, Back Right Min: 0.54
[rosout][INFO] 2025-04-03 15:12:51,742: Back Left Min: 0.65, Back Right Min: 0.54
[rosout][INFO] 2025-04-03 15:12:51,839: Back Left Min: 0.65, Back Right Min: 0.54
[rosout][INFO] 2025-04-03 15:12:51,942: Back Left Min: 0.65, Back Right Min: 0.54
[rosout][INFO] 2025-04-03 15:12:52,039: Back Left Min: 0.65, Back Right Min: 0.54
[rosout][INFO] 2025-04-03 15:12:52,142: Back Left Min: 0.65, Back Right Min: 0.54
[rosout][INFO] 2025-04-03 15:12:52,239: Back Left Min: 0.65, Back Right Min: 0.54
[rosout][INFO] 2025-04-03 15:12:52,342: Back Left Min: 0.65, Back Right Min: 0.54
[rosout][INFO] 2025-04-03 15:12:52,439: Back Left Min: 0.65, Back Right Min: 0.54
[rosout][INFO] 2025-04-03 15:12:52,542: Back Left Min: 0.65, Back Right Min: 0.54
[rosout][INFO] 2025-04-03 15:12:52,639: Back Left Min: 0.65, Back Right Min: 0.54
[rosout][INFO] 2025-04-03 15:12:52,742: Back Left Min: 0.65, Back Right Min: 0.54
[rosout][INFO] 2025-04-03 15:12:52,839: Back Left Min: 0.65, Back Right Min: 0.54
[rosout][INFO] 2025-04-03 15:12:52,942: Back Left Min: 0.65, Back Right Min: 0.54
[rosout][INFO] 2025-04-03 15:12:53,039: Back Left Min: 0.65, Back Right Min: 0.54
[rosout][INFO] 2025-04-03 15:12:53,142: Back Left Min: 0.65, Back Right Min: 0.54
[rosout][INFO] 2025-04-03 15:12:53,239: Back Left Min: 0.65, Back Right Min: 0.54
[rosout][INFO] 2025-04-03 15:12:53,342: Back Left Min: 0.65, Back Right Min: 0.54
[rosout][INFO] 2025-04-03 15:12:53,439: Back Left Min: 0.65, Back Right Min: 0.54
[rosout][INFO] 2025-04-03 15:12:53,542: Back Left Min: 0.65, Back Right Min: 0.54
[rosout][INFO] 2025-04-03 15:12:53,639: Back Left Min: 0.65, Back Right Min: 0.54
[rosout][INFO] 2025-04-03 15:12:53,742: Back Left Min: 0.65, Back Right Min: 0.54
[rosout][INFO] 2025-04-03 15:12:53,839: Back Left Min: 0.65, Back Right Min: 0.54
[rosout][INFO] 2025-04-03 15:12:53,943: Back Left Min: 0.65, Back Right Min: 0.54
[rosout][INFO] 2025-04-03 15:12:54,039: Back Left Min: 0.65, Back Right Min: 0.54
[rosout][INFO] 2025-04-03 15:12:54,143: Back Left Min: 0.65, Back Right Min: 0.54
[rosout][INFO] 2025-04-03 15:12:54,240: Back Left Min: 0.65, Back Right Min: 0.54
[rosout][INFO] 2025-04-03 15:12:54,343: Back Left Min: 0.65, Back Right Min: 0.54
[rosout][INFO] 2025-04-03 15:12:54,440: Back Left Min: 0.65, Back Right Min: 0.54
[rosout][INFO] 2025-04-03 15:12:54,543: Back Left Min: 0.65, Back Right Min: 0.54
[rosout][INFO] 2025-04-03 15:12:54,640: Back Left Min: 0.65, Back Right Min: 0.54
[rosout][INFO] 2025-04-03 15:12:54,743: Back Left Min: 0.65, Back Right Min: 0.54
[rosout][INFO] 2025-04-03 15:12:54,840: Back Left Min: 0.65, Back Right Min: 0.54
[rosout][INFO] 2025-04-03 15:12:54,943: Back Left Min: 0.65, Back Right Min: 0.54
[rosout][INFO] 2025-04-03 15:12:55,040: Back Left Min: 0.65, Back Right Min: 0.54
[rosout][INFO] 2025-04-03 15:12:55,143: Back Left Min: 0.65, Back Right Min: 0.54
[rosout][INFO] 2025-04-03 15:12:55,240: Back Left Min: 0.65, Back Right Min: 0.54
[rosout][INFO] 2025-04-03 15:12:55,343: Back Left Min: 0.65, Back Right Min: 0.54
[rosout][INFO] 2025-04-03 15:12:55,440: Back Left Min: 0.65, Back Right Min: 0.54
[rosout][INFO] 2025-04-03 15:12:55,543: Back Left Min: 0.65, Back Right Min: 0.54
[rosout][INFO] 2025-04-03 15:12:55,640: Back Left Min: 0.65, Back Right Min: 0.54
[rosout][INFO] 2025-04-03 15:12:55,743: Back Left Min: 0.65, Back Right Min: 0.54
[rosout][INFO] 2025-04-03 15:12:55,840: Back Left Min: 0.65, Back Right Min: 0.54
[rosout][INFO] 2025-04-03 15:12:55,943: Back Left Min: 0.65, Back Right Min: 0.54
[rosout][INFO] 2025-04-03 15:12:56,040: Back Left Min: 0.65, Back Right Min: 0.54
[rosout][INFO] 2025-04-03 15:12:56,144: Back Left Min: 0.65, Back Right Min: 0.54
[rosout][INFO] 2025-04-03 15:12:56,240: Back Left Min: 0.65, Back Right Min: 0.54
[rosout][INFO] 2025-04-03 15:12:56,344: Back Left Min: 0.65, Back Right Min: 0.54
[rosout][INFO] 2025-04-03 15:12:56,440: Back Left Min: 0.65, Back Right Min: 0.54
[rosout][INFO] 2025-04-03 15:12:56,544: Back Left Min: 0.65, Back Right Min: 0.54
[rosout][INFO] 2025-04-03 15:12:56,641: Back Left Min: 0.65, Back Right Min: 0.54
[rosout][INFO] 2025-04-03 15:12:56,744: Back Left Min: 0.65, Back Right Min: 0.54
[rosout][INFO] 2025-04-03 15:12:56,841: Back Left Min: 0.65, Back Right Min: 0.54
[rosout][INFO] 2025-04-03 15:12:56,944: Back Left Min: 0.65, Back Right Min: 0.54
[rosout][INFO] 2025-04-03 15:12:57,041: Back Left Min: 0.65, Back Right Min: 0.54
[rosout][INFO] 2025-04-03 15:12:57,144: Back Left Min: 0.65, Back Right Min: 0.54
[rosout][INFO] 2025-04-03 15:12:57,241: Back Left Min: 0.65, Back Right Min: 0.54
[rosout][INFO] 2025-04-03 15:12:57,344: Back Left Min: 0.65, Back Right Min: 0.54
[rosout][INFO] 2025-04-03 15:12:57,441: Back Left Min: 0.65, Back Right Min: 0.54
[rosout][INFO] 2025-04-03 15:12:57,544: Back Left Min: 0.65, Back Right Min: 0.54
[rosout][INFO] 2025-04-03 15:12:57,641: Back Left Min: 0.65, Back Right Min: 0.54
[rosout][INFO] 2025-04-03 15:12:57,744: Back Left Min: 0.65, Back Right Min: 0.54
[rosout][INFO] 2025-04-03 15:12:57,841: Back Left Min: 0.65, Back Right Min: 0.54
[rosout][INFO] 2025-04-03 15:12:57,944: Back Left Min: 0.65, Back Right Min: 0.54
[rosout][INFO] 2025-04-03 15:12:58,041: Back Left Min: 0.65, Back Right Min: 0.54
[rosout][INFO] 2025-04-03 15:12:58,144: Back Left Min: 0.65, Back Right Min: 0.54
[rosout][INFO] 2025-04-03 15:12:58,241: Back Left Min: 0.65, Back Right Min: 0.54
[rosout][INFO] 2025-04-03 15:12:58,344: Back Left Min: 0.65, Back Right Min: 0.54
[rosout][INFO] 2025-04-03 15:12:58,441: Back Left Min: 0.65, Back Right Min: 0.54
[rosout][INFO] 2025-04-03 15:12:58,544: Back Left Min: 0.65, Back Right Min: 0.54
[rosout][INFO] 2025-04-03 15:12:58,641: Back Left Min: 0.65, Back Right Min: 0.54
[rosout][INFO] 2025-04-03 15:12:58,744: Back Left Min: 0.65, Back Right Min: 0.54
[rosout][INFO] 2025-04-03 15:12:58,841: Back Left Min: 0.65, Back Right Min: 0.54
[rosout][INFO] 2025-04-03 15:12:58,945: Back Left Min: 0.65, Back Right Min: 0.54
[rosout][INFO] 2025-04-03 15:12:59,041: Back Left Min: 0.65, Back Right Min: 0.54
[rosout][INFO] 2025-04-03 15:12:59,145: Back Left Min: 0.65, Back Right Min: 0.54
[rosout][INFO] 2025-04-03 15:12:59,242: Back Left Min: 0.65, Back Right Min: 0.54
[rosout][INFO] 2025-04-03 15:12:59,345: Back Left Min: 0.65, Back Right Min: 0.54
[rosout][INFO] 2025-04-03 15:12:59,442: Back Left Min: 0.65, Back Right Min: 0.54
[rosout][INFO] 2025-04-03 15:12:59,545: Back Left Min: 0.65, Back Right Min: 0.54
[rosout][INFO] 2025-04-03 15:12:59,642: Back Left Min: 0.65, Back Right Min: 0.54
[rosout][INFO] 2025-04-03 15:12:59,745: Back Left Min: 0.65, Back Right Min: 0.54
[rosout][INFO] 2025-04-03 15:12:59,842: Back Left Min: 0.65, Back Right Min: 0.54
[rosout][INFO] 2025-04-03 15:12:59,945: Back Left Min: 0.65, Back Right Min: 0.54
[rosout][INFO] 2025-04-03 15:13:00,042: Back Left Min: 0.65, Back Right Min: 0.54
[rosout][INFO] 2025-04-03 15:13:00,145: Back Left Min: 0.65, Back Right Min: 0.54
[rosout][INFO] 2025-04-03 15:13:00,242: Back Left Min: 0.65, Back Right Min: 0.54
[rosout][INFO] 2025-04-03 15:13:00,345: Back Left Min: 0.65, Back Right Min: 0.54
[rosout][INFO] 2025-04-03 15:13:00,442: Back Left Min: 0.65, Back Right Min: 0.54
[rosout][INFO] 2025-04-03 15:13:00,545: Back Left Min: 0.65, Back Right Min: 0.54
[rosout][INFO] 2025-04-03 15:13:00,642: Back Left Min: 0.65, Back Right Min: 0.54
[rosout][INFO] 2025-04-03 15:13:00,745: Back Left Min: 0.65, Back Right Min: 0.54
[rosout][INFO] 2025-04-03 15:13:00,842: Back Left Min: 0.65, Back Right Min: 0.54
[rosout][INFO] 2025-04-03 15:13:00,945: Back Left Min: 0.65, Back Right Min: 0.54
[rosout][INFO] 2025-04-03 15:13:01,042: Back Left Min: 0.65, Back Right Min: 0.54
[rosout][INFO] 2025-04-03 15:13:01,145: Back Left Min: 0.65, Back Right Min: 0.54
[rosout][INFO] 2025-04-03 15:13:01,242: Back Left Min: 0.65, Back Right Min: 0.54
[rosout][INFO] 2025-04-03 15:13:01,346: Back Left Min: 0.65, Back Right Min: 0.54
[rosout][INFO] 2025-04-03 15:13:01,442: Back Left Min: 0.65, Back Right Min: 0.54
[rosout][INFO] 2025-04-03 15:13:01,546: Back Left Min: 0.65, Back Right Min: 0.54
[rosout][INFO] 2025-04-03 15:13:01,642: Back Left Min: 0.65, Back Right Min: 0.54
[rosout][INFO] 2025-04-03 15:13:01,746: Back Left Min: 0.65, Back Right Min: 0.54
[rosout][INFO] 2025-04-03 15:13:01,843: Back Left Min: 0.65, Back Right Min: 0.54
[rosout][INFO] 2025-04-03 15:13:01,946: Back Left Min: 0.65, Back Right Min: 0.54
[rosout][INFO] 2025-04-03 15:13:02,043: Back Left Min: 0.65, Back Right Min: 0.54
[rosout][INFO] 2025-04-03 15:13:02,146: Back Left Min: 0.65, Back Right Min: 0.54
[rosout][INFO] 2025-04-03 15:13:02,243: Back Left Min: 0.65, Back Right Min: 0.54
[rosout][INFO] 2025-04-03 15:13:02,346: Back Left Min: 0.65, Back Right Min: 0.54
[rosout][INFO] 2025-04-03 15:13:02,443: Back Left Min: 0.65, Back Right Min: 0.54
[rosout][INFO] 2025-04-03 15:13:02,546: Back Left Min: 0.65, Back Right Min: 0.54
[rosout][INFO] 2025-04-03 15:13:02,643: Back Left Min: 0.65, Back Right Min: 0.54
[rosout][INFO] 2025-04-03 15:13:02,746: Back Left Min: 0.65, Back Right Min: 0.54
[rosout][INFO] 2025-04-03 15:13:02,843: Back Left Min: 0.65, Back Right Min: 0.54
[rosout][INFO] 2025-04-03 15:13:02,946: Back Left Min: 0.65, Back Right Min: 0.54
[rosout][INFO] 2025-04-03 15:13:03,043: Back Left Min: 0.65, Back Right Min: 0.54
[rosout][INFO] 2025-04-03 15:13:03,146: Back Left Min: 0.65, Back Right Min: 0.54
[rosout][INFO] 2025-04-03 15:13:03,243: Back Left Min: 0.65, Back Right Min: 0.54
[rosout][INFO] 2025-04-03 15:13:03,346: Back Left Min: 0.65, Back Right Min: 0.54
[rosout][INFO] 2025-04-03 15:13:03,443: Back Left Min: 0.65, Back Right Min: 0.54
[rosout][INFO] 2025-04-03 15:13:03,546: Back Left Min: 0.65, Back Right Min: 0.54
[rosout][INFO] 2025-04-03 15:13:03,643: Back Left Min: 0.65, Back Right Min: 0.54
[rosout][INFO] 2025-04-03 15:13:03,747: Back Left Min: 0.65, Back Right Min: 0.54
[rosout][INFO] 2025-04-03 15:13:03,843: Back Left Min: 0.65, Back Right Min: 0.54
[rosout][INFO] 2025-04-03 15:13:03,947: Back Left Min: 0.65, Back Right Min: 0.54
[rosout][INFO] 2025-04-03 15:13:04,043: Back Left Min: 0.65, Back Right Min: 0.54
[rosout][INFO] 2025-04-03 15:13:04,147: Back Left Min: 0.65, Back Right Min: 0.54
[rosout][INFO] 2025-04-03 15:13:04,244: Back Left Min: 0.65, Back Right Min: 0.54
[rosout][INFO] 2025-04-03 15:13:04,347: Back Left Min: 0.65, Back Right Min: 0.54
[rosout][INFO] 2025-04-03 15:13:04,444: Back Left Min: 0.65, Back Right Min: 0.54
[rosout][INFO] 2025-04-03 15:13:04,547: Back Left Min: 0.65, Back Right Min: 0.54
[rosout][INFO] 2025-04-03 15:13:04,644: Back Left Min: 0.65, Back Right Min: 0.54
[rosout][INFO] 2025-04-03 15:13:04,747: Back Left Min: 0.65, Back Right Min: 0.54
[rosout][INFO] 2025-04-03 15:13:04,844: Back Left Min: 0.65, Back Right Min: 0.54
[rosout][INFO] 2025-04-03 15:13:04,947: Back Left Min: 0.65, Back Right Min: 0.54
[rosout][INFO] 2025-04-03 15:13:05,044: Back Left Min: 0.65, Back Right Min: 0.54
[rosout][INFO] 2025-04-03 15:13:05,147: Back Left Min: 0.65, Back Right Min: 0.54
[rosout][INFO] 2025-04-03 15:13:05,244: Back Left Min: 0.65, Back Right Min: 0.54
[rosout][INFO] 2025-04-03 15:13:05,347: Back Left Min: 0.65, Back Right Min: 0.54
[rosout][INFO] 2025-04-03 15:13:05,444: Back Left Min: 0.65, Back Right Min: 0.54
[rosout][INFO] 2025-04-03 15:13:05,547: Back Left Min: 0.65, Back Right Min: 0.54
[rosout][INFO] 2025-04-03 15:13:05,644: Back Left Min: 0.65, Back Right Min: 0.54
[rosout][INFO] 2025-04-03 15:13:05,747: Back Left Min: 0.65, Back Right Min: 0.54
[rosout][INFO] 2025-04-03 15:13:05,844: Back Left Min: 0.65, Back Right Min: 0.54
[rosout][INFO] 2025-04-03 15:13:05,947: Back Left Min: 0.65, Back Right Min: 0.54
[rosout][INFO] 2025-04-03 15:13:06,044: Back Left Min: 0.65, Back Right Min: 0.54
[rosout][INFO] 2025-04-03 15:13:06,147: Back Left Min: 0.65, Back Right Min: 0.54
[rosout][INFO] 2025-04-03 15:13:06,244: Back Left Min: 0.65, Back Right Min: 0.54
[rosout][INFO] 2025-04-03 15:13:06,348: Back Left Min: 0.65, Back Right Min: 0.54
[rosout][INFO] 2025-04-03 15:13:06,444: Back Left Min: 0.65, Back Right Min: 0.54
[rosout][INFO] 2025-04-03 15:13:06,548: Back Left Min: 0.65, Back Right Min: 0.54
[rosout][INFO] 2025-04-03 15:13:06,645: Back Left Min: 0.65, Back Right Min: 0.54
[rosout][INFO] 2025-04-03 15:13:06,748: Back Left Min: 0.65, Back Right Min: 0.54
[rosout][INFO] 2025-04-03 15:13:06,845: Back Left Min: 0.65, Back Right Min: 0.54
[rosout][INFO] 2025-04-03 15:13:06,948: Back Left Min: 0.65, Back Right Min: 0.54
[rosout][INFO] 2025-04-03 15:13:07,045: Back Left Min: 0.65, Back Right Min: 0.54
[rosout][INFO] 2025-04-03 15:13:07,148: Back Left Min: 0.65, Back Right Min: 0.54
[rosout][INFO] 2025-04-03 15:13:07,245: Back Left Min: 0.65, Back Right Min: 0.54
[rosout][INFO] 2025-04-03 15:13:07,348: Back Left Min: 0.65, Back Right Min: 0.54
[rosout][INFO] 2025-04-03 15:13:07,445: Back Left Min: 0.65, Back Right Min: 0.54
[rosout][INFO] 2025-04-03 15:13:07,548: Back Left Min: 0.65, Back Right Min: 0.54
[rosout][INFO] 2025-04-03 15:13:07,645: Back Left Min: 0.65, Back Right Min: 0.54
[rosout][INFO] 2025-04-03 15:13:07,748: Back Left Min: 0.65, Back Right Min: 0.54
[rosout][INFO] 2025-04-03 15:13:07,845: Back Left Min: 0.65, Back Right Min: 0.54
[rosout][INFO] 2025-04-03 15:13:07,948: Back Left Min: 0.65, Back Right Min: 0.54
[rosout][INFO] 2025-04-03 15:13:08,045: Back Left Min: 0.65, Back Right Min: 0.54
[rosout][INFO] 2025-04-03 15:13:08,148: Back Left Min: 0.65, Back Right Min: 0.54
[rosout][INFO] 2025-04-03 15:13:08,245: Back Left Min: 0.65, Back Right Min: 0.54
[rosout][INFO] 2025-04-03 15:13:08,348: Back Left Min: 0.65, Back Right Min: 0.54
[rosout][INFO] 2025-04-03 15:13:08,445: Back Left Min: 0.65, Back Right Min: 0.54
[rosout][INFO] 2025-04-03 15:13:08,548: Back Left Min: 0.65, Back Right Min: 0.54
[rosout][INFO] 2025-04-03 15:13:08,645: Back Left Min: 0.65, Back Right Min: 0.54
[rosout][INFO] 2025-04-03 15:13:08,749: Back Left Min: 0.65, Back Right Min: 0.54
[rosout][INFO] 2025-04-03 15:13:08,845: Back Left Min: 0.65, Back Right Min: 0.54
[rosout][INFO] 2025-04-03 15:13:08,949: Back Left Min: 0.65, Back Right Min: 0.54
[rosout][INFO] 2025-04-03 15:13:09,046: Back Left Min: 0.65, Back Right Min: 0.54
[rosout][INFO] 2025-04-03 15:13:09,149: Back Left Min: 0.65, Back Right Min: 0.54
[rosout][INFO] 2025-04-03 15:13:09,246: Back Left Min: 0.65, Back Right Min: 0.54
[rosout][INFO] 2025-04-03 15:13:09,349: Back Left Min: 0.65, Back Right Min: 0.54
[rosout][INFO] 2025-04-03 15:13:09,446: Back Left Min: 0.65, Back Right Min: 0.54
[rosout][INFO] 2025-04-03 15:13:09,549: Back Left Min: 0.65, Back Right Min: 0.54
[rosout][INFO] 2025-04-03 15:13:09,646: Back Left Min: 0.65, Back Right Min: 0.54
[rosout][INFO] 2025-04-03 15:13:09,749: Back Left Min: 0.65, Back Right Min: 0.54
[rosout][INFO] 2025-04-03 15:13:09,846: Back Left Min: 0.65, Back Right Min: 0.54
[rosout][INFO] 2025-04-03 15:13:09,949: Back Left Min: 0.65, Back Right Min: 0.54
[rosout][INFO] 2025-04-03 15:13:10,046: Back Left Min: 0.65, Back Right Min: 0.54
[rosout][INFO] 2025-04-03 15:13:10,149: Back Left Min: 0.65, Back Right Min: 0.54
[rosout][INFO] 2025-04-03 15:13:10,246: Back Left Min: 0.65, Back Right Min: 0.54
[rosout][INFO] 2025-04-03 15:13:10,349: Back Left Min: 0.65, Back Right Min: 0.54
[rosout][INFO] 2025-04-03 15:13:10,446: Back Left Min: 0.65, Back Right Min: 0.54
[rosout][INFO] 2025-04-03 15:13:10,549: Back Left Min: 0.65, Back Right Min: 0.54
[rosout][INFO] 2025-04-03 15:13:10,646: Back Left Min: 0.65, Back Right Min: 0.54
[rosout][INFO] 2025-04-03 15:13:10,749: Back Left Min: 0.65, Back Right Min: 0.54
[rosout][INFO] 2025-04-03 15:13:10,846: Back Left Min: 0.65, Back Right Min: 0.54
[rosout][INFO] 2025-04-03 15:13:10,949: Back Left Min: 0.65, Back Right Min: 0.54
[rosout][INFO] 2025-04-03 15:13:11,046: Back Left Min: 0.65, Back Right Min: 0.54
[rosout][INFO] 2025-04-03 15:13:11,150: Back Left Min: 0.65, Back Right Min: 0.54
[rosout][INFO] 2025-04-03 15:13:11,246: Back Left Min: 0.65, Back Right Min: 0.54
[rosout][INFO] 2025-04-03 15:13:11,349: Back Left Min: 0.65, Back Right Min: 0.54
[rosout][INFO] 2025-04-03 15:13:11,446: Back Left Min: 0.65, Back Right Min: 0.54
[rosout][INFO] 2025-04-03 15:13:11,550: Back Left Min: 0.65, Back Right Min: 0.54
[rosout][INFO] 2025-04-03 15:13:11,646: Back Left Min: 0.65, Back Right Min: 0.54
[rosout][INFO] 2025-04-03 15:13:11,750: Back Left Min: 0.65, Back Right Min: 0.54
[rosout][INFO] 2025-04-03 15:13:11,847: Back Left Min: 0.65, Back Right Min: 0.54
[rosout][INFO] 2025-04-03 15:13:11,950: Back Left Min: 0.65, Back Right Min: 0.54
[rosout][INFO] 2025-04-03 15:13:12,047: Back Left Min: 0.65, Back Right Min: 0.54
[rosout][INFO] 2025-04-03 15:13:12,150: Back Left Min: 0.65, Back Right Min: 0.54
[rosout][INFO] 2025-04-03 15:13:12,247: Back Left Min: 0.65, Back Right Min: 0.54
[rosout][INFO] 2025-04-03 15:13:12,350: Back Left Min: 0.65, Back Right Min: 0.54
[rosout][INFO] 2025-04-03 15:13:12,447: Back Left Min: 0.65, Back Right Min: 0.54
[rosout][INFO] 2025-04-03 15:13:12,550: Back Left Min: 0.65, Back Right Min: 0.54
[rosout][INFO] 2025-04-03 15:13:12,647: Back Left Min: 0.65, Back Right Min: 0.54
[rosout][INFO] 2025-04-03 15:13:12,750: Back Left Min: 0.65, Back Right Min: 0.54
[rosout][INFO] 2025-04-03 15:13:12,848: Back Left Min: 0.65, Back Right Min: 0.54
[rosout][INFO] 2025-04-03 15:13:12,950: Back Left Min: 0.65, Back Right Min: 0.54
[rosout][INFO] 2025-04-03 15:13:13,047: Back Left Min: 0.65, Back Right Min: 0.54
[rosout][INFO] 2025-04-03 15:13:13,150: Back Left Min: 0.65, Back Right Min: 0.54
[rosout][INFO] 2025-04-03 15:13:13,247: Back Left Min: 0.65, Back Right Min: 0.54
[rosout][INFO] 2025-04-03 15:13:13,350: Back Left Min: 0.65, Back Right Min: 0.54
[rosout][INFO] 2025-04-03 15:13:13,447: Back Left Min: 0.65, Back Right Min: 0.54
[rosout][INFO] 2025-04-03 15:13:13,551: Back Left Min: 0.65, Back Right Min: 0.54
[rosout][INFO] 2025-04-03 15:13:13,647: Back Left Min: 0.65, Back Right Min: 0.54
[rosout][INFO] 2025-04-03 15:13:13,751: Back Left Min: 0.65, Back Right Min: 0.54
[rosout][INFO] 2025-04-03 15:13:13,847: Back Left Min: 0.65, Back Right Min: 0.54
[rosout][INFO] 2025-04-03 15:13:13,951: Back Left Min: 0.65, Back Right Min: 0.54
[rosout][INFO] 2025-04-03 15:13:14,047: Back Left Min: 0.65, Back Right Min: 0.54
[rosout][INFO] 2025-04-03 15:13:14,151: Back Left Min: 0.65, Back Right Min: 0.54
[rosout][INFO] 2025-04-03 15:13:14,248: Back Left Min: 0.65, Back Right Min: 0.54
[rosout][INFO] 2025-04-03 15:13:14,351: Back Left Min: 0.65, Back Right Min: 0.54
[rosout][INFO] 2025-04-03 15:13:14,448: Back Left Min: 0.65, Back Right Min: 0.54
[rosout][INFO] 2025-04-03 15:13:14,551: Back Left Min: 0.65, Back Right Min: 0.54
[rosout][INFO] 2025-04-03 15:13:14,648: Back Left Min: 0.65, Back Right Min: 0.54
[rosout][INFO] 2025-04-03 15:13:14,751: Back Left Min: 0.65, Back Right Min: 0.54
[rosout][INFO] 2025-04-03 15:13:14,848: Back Left Min: 0.65, Back Right Min: 0.54
[rosout][INFO] 2025-04-03 15:13:14,951: Back Left Min: 0.65, Back Right Min: 0.54
[rosout][INFO] 2025-04-03 15:13:15,048: Back Left Min: 0.65, Back Right Min: 0.54
[rosout][INFO] 2025-04-03 15:13:15,151: Back Left Min: 0.65, Back Right Min: 0.54
[rosout][INFO] 2025-04-03 15:13:15,248: Back Left Min: 0.65, Back Right Min: 0.54
[rosout][INFO] 2025-04-03 15:13:15,351: Back Left Min: 0.65, Back Right Min: 0.54
[rosout][INFO] 2025-04-03 15:13:15,448: Back Left Min: 0.65, Back Right Min: 0.54
[rosout][INFO] 2025-04-03 15:13:15,551: Back Left Min: 0.65, Back Right Min: 0.54
[rosout][INFO] 2025-04-03 15:13:15,648: Back Left Min: 0.65, Back Right Min: 0.54
[rosout][INFO] 2025-04-03 15:13:15,751: Back Left Min: 0.65, Back Right Min: 0.54
[rosout][INFO] 2025-04-03 15:13:15,848: Back Left Min: 0.65, Back Right Min: 0.54
[rosout][INFO] 2025-04-03 15:13:15,951: Back Left Min: 0.65, Back Right Min: 0.54
[rosout][INFO] 2025-04-03 15:13:16,048: Back Left Min: 0.65, Back Right Min: 0.54
[rosout][INFO] 2025-04-03 15:13:16,151: Back Left Min: 0.65, Back Right Min: 0.54
[rosout][INFO] 2025-04-03 15:13:16,248: Back Left Min: 0.65, Back Right Min: 0.54
[rosout][INFO] 2025-04-03 15:13:16,352: Back Left Min: 0.65, Back Right Min: 0.54
[rosout][INFO] 2025-04-03 15:13:16,448: Back Left Min: 0.65, Back Right Min: 0.54
[rosout][INFO] 2025-04-03 15:13:16,552: Back Left Min: 0.65, Back Right Min: 0.54
[rosout][INFO] 2025-04-03 15:13:16,649: Back Left Min: 0.65, Back Right Min: 0.54
[rosout][INFO] 2025-04-03 15:13:16,752: Back Left Min: 0.65, Back Right Min: 0.54
[rosout][INFO] 2025-04-03 15:13:16,849: Back Left Min: 0.65, Back Right Min: 0.54
[rosout][INFO] 2025-04-03 15:13:16,952: Back Left Min: 0.65, Back Right Min: 0.54
[rosout][INFO] 2025-04-03 15:13:17,049: Back Left Min: 0.65, Back Right Min: 0.54
[rosout][INFO] 2025-04-03 15:13:17,152: Back Left Min: 0.65, Back Right Min: 0.54
[rosout][INFO] 2025-04-03 15:13:17,249: Back Left Min: 0.65, Back Right Min: 0.54
[rosout][INFO] 2025-04-03 15:13:17,352: Back Left Min: 0.65, Back Right Min: 0.54
[rosout][INFO] 2025-04-03 15:13:17,449: Back Left Min: 0.65, Back Right Min: 0.54
[rosout][INFO] 2025-04-03 15:13:17,552: Back Left Min: 0.65, Back Right Min: 0.54
[rosout][INFO] 2025-04-03 15:13:17,649: Back Left Min: 0.65, Back Right Min: 0.54
[rosout][INFO] 2025-04-03 15:13:17,752: Back Left Min: 0.65, Back Right Min: 0.54
[rosout][INFO] 2025-04-03 15:13:17,849: Back Left Min: 0.65, Back Right Min: 0.54
[rosout][INFO] 2025-04-03 15:13:17,952: Back Left Min: 0.65, Back Right Min: 0.54
[rosout][INFO] 2025-04-03 15:13:18,049: Back Left Min: 0.65, Back Right Min: 0.54
[rosout][INFO] 2025-04-03 15:13:18,152: Back Left Min: 0.65, Back Right Min: 0.54
[rosout][INFO] 2025-04-03 15:13:18,249: Back Left Min: 0.65, Back Right Min: 0.54
[rosout][INFO] 2025-04-03 15:13:18,352: Back Left Min: 0.65, Back Right Min: 0.54
[rosout][INFO] 2025-04-03 15:13:18,449: Back Left Min: 0.65, Back Right Min: 0.54
[rosout][INFO] 2025-04-03 15:13:18,552: Back Left Min: 0.65, Back Right Min: 0.54
[rosout][INFO] 2025-04-03 15:13:18,649: Back Left Min: 0.65, Back Right Min: 0.54
[rosout][INFO] 2025-04-03 15:13:18,753: Back Left Min: 0.65, Back Right Min: 0.54
[rosout][INFO] 2025-04-03 15:13:18,849: Back Left Min: 0.65, Back Right Min: 0.54
[rosout][INFO] 2025-04-03 15:13:18,953: Back Left Min: 0.65, Back Right Min: 0.54
[rosout][INFO] 2025-04-03 15:13:19,050: Back Left Min: 0.65, Back Right Min: 0.54
[rosout][INFO] 2025-04-03 15:13:19,153: Back Left Min: 0.65, Back Right Min: 0.54
[rosout][INFO] 2025-04-03 15:13:19,250: Back Left Min: 0.65, Back Right Min: 0.54
[rosout][INFO] 2025-04-03 15:13:19,353: Back Left Min: 0.65, Back Right Min: 0.54
[rosout][INFO] 2025-04-03 15:13:19,450: Back Left Min: 0.65, Back Right Min: 0.54
[rosout][INFO] 2025-04-03 15:13:19,553: Back Left Min: 0.65, Back Right Min: 0.54
[rosout][INFO] 2025-04-03 15:13:19,650: Back Left Min: 0.65, Back Right Min: 0.54
[rosout][INFO] 2025-04-03 15:13:19,753: Back Left Min: 0.65, Back Right Min: 0.54
[rosout][INFO] 2025-04-03 15:13:19,850: Back Left Min: 0.65, Back Right Min: 0.54
[rosout][INFO] 2025-04-03 15:13:19,953: Back Left Min: 0.65, Back Right Min: 0.54
[rosout][INFO] 2025-04-03 15:13:20,050: Back Left Min: 0.65, Back Right Min: 0.54
[rosout][INFO] 2025-04-03 15:13:20,153: Back Left Min: 0.65, Back Right Min: 0.54
[rosout][INFO] 2025-04-03 15:13:20,250: Back Left Min: 0.65, Back Right Min: 0.54
[rosout][INFO] 2025-04-03 15:13:20,353: Back Left Min: 0.65, Back Right Min: 0.54
[rosout][INFO] 2025-04-03 15:13:20,450: Back Left Min: 0.65, Back Right Min: 0.54
[rosout][INFO] 2025-04-03 15:13:20,553: Back Left Min: 0.65, Back Right Min: 0.54
[rosout][INFO] 2025-04-03 15:13:20,650: Back Left Min: 0.65, Back Right Min: 0.54
[rosout][INFO] 2025-04-03 15:13:20,753: Back Left Min: 0.65, Back Right Min: 0.54
[rosout][INFO] 2025-04-03 15:13:20,851: Back Left Min: 0.65, Back Right Min: 0.54
[rosout][INFO] 2025-04-03 15:13:20,953: Back Left Min: 0.65, Back Right Min: 0.54
[rosout][INFO] 2025-04-03 15:13:21,050: Back Left Min: 0.65, Back Right Min: 0.54
[rosout][INFO] 2025-04-03 15:13:21,154: Back Left Min: 0.65, Back Right Min: 0.54
[rosout][INFO] 2025-04-03 15:13:21,250: Back Left Min: 0.65, Back Right Min: 0.54
[rosout][INFO] 2025-04-03 15:13:21,354: Back Left Min: 0.65, Back Right Min: 0.54
[rosout][INFO] 2025-04-03 15:13:21,450: Back Left Min: 0.65, Back Right Min: 0.54
[rosout][INFO] 2025-04-03 15:13:21,554: Back Left Min: 0.65, Back Right Min: 0.54
[rosout][INFO] 2025-04-03 15:13:21,651: Back Left Min: 0.65, Back Right Min: 0.54
[rosout][INFO] 2025-04-03 15:13:21,754: Back Left Min: 0.65, Back Right Min: 0.54
[rosout][INFO] 2025-04-03 15:13:21,851: Back Left Min: 0.65, Back Right Min: 0.54
[rosout][INFO] 2025-04-03 15:13:21,954: Back Left Min: 0.65, Back Right Min: 0.54
[rosout][INFO] 2025-04-03 15:13:22,051: Back Left Min: 0.65, Back Right Min: 0.54
[rosout][INFO] 2025-04-03 15:13:22,154: Back Left Min: 0.65, Back Right Min: 0.54
[rosout][INFO] 2025-04-03 15:13:22,251: Back Left Min: 0.65, Back Right Min: 0.54
[rosout][INFO] 2025-04-03 15:13:22,354: Back Left Min: 0.65, Back Right Min: 0.54
[rosout][INFO] 2025-04-03 15:13:22,451: Back Left Min: 0.65, Back Right Min: 0.54
[rosout][INFO] 2025-04-03 15:13:22,554: Back Left Min: 0.65, Back Right Min: 0.54
[rosout][INFO] 2025-04-03 15:13:22,651: Back Left Min: 0.65, Back Right Min: 0.54
[rosout][INFO] 2025-04-03 15:13:22,754: Back Left Min: 0.65, Back Right Min: 0.54
[rosout][INFO] 2025-04-03 15:13:22,851: Back Left Min: 0.65, Back Right Min: 0.54
[rosout][INFO] 2025-04-03 15:13:22,954: Back Left Min: 0.65, Back Right Min: 0.54
[rosout][INFO] 2025-04-03 15:13:23,051: Back Left Min: 0.65, Back Right Min: 0.54
[rosout][INFO] 2025-04-03 15:13:23,155: Back Left Min: 0.65, Back Right Min: 0.54
[rosout][INFO] 2025-04-03 15:13:23,251: Back Left Min: 0.65, Back Right Min: 0.54
[rosout][INFO] 2025-04-03 15:13:23,355: Back Left Min: 0.65, Back Right Min: 0.54
[rosout][INFO] 2025-04-03 15:13:23,451: Back Left Min: 0.65, Back Right Min: 0.54
[rosout][INFO] 2025-04-03 15:13:23,555: Back Left Min: 0.65, Back Right Min: 0.54
[rosout][INFO] 2025-04-03 15:13:23,651: Back Left Min: 0.65, Back Right Min: 0.54
[rosout][INFO] 2025-04-03 15:13:23,755: Back Left Min: 0.65, Back Right Min: 0.54
[rosout][INFO] 2025-04-03 15:13:23,851: Back Left Min: 0.65, Back Right Min: 0.54
[rosout][INFO] 2025-04-03 15:13:23,955: Back Left Min: 0.65, Back Right Min: 0.54
[rosout][INFO] 2025-04-03 15:13:24,051: Back Left Min: 0.65, Back Right Min: 0.54
[rosout][INFO] 2025-04-03 15:13:24,155: Back Left Min: 0.65, Back Right Min: 0.54
[rosout][INFO] 2025-04-03 15:13:24,252: Back Left Min: 0.65, Back Right Min: 0.54
[rosout][INFO] 2025-04-03 15:13:24,355: Back Left Min: 0.65, Back Right Min: 0.54
[rosout][INFO] 2025-04-03 15:13:24,452: Back Left Min: 0.65, Back Right Min: 0.54
[rosout][INFO] 2025-04-03 15:13:24,555: Back Left Min: 0.65, Back Right Min: 0.54
[rosout][INFO] 2025-04-03 15:13:24,652: Back Left Min: 0.65, Back Right Min: 0.54
[rosout][INFO] 2025-04-03 15:13:24,755: Back Left Min: 0.65, Back Right Min: 0.54
[rosout][INFO] 2025-04-03 15:13:24,852: Back Left Min: 0.65, Back Right Min: 0.54
[rosout][INFO] 2025-04-03 15:13:24,955: Back Left Min: 0.65, Back Right Min: 0.54
[rosout][INFO] 2025-04-03 15:13:25,052: Back Left Min: 0.65, Back Right Min: 0.54
[rosout][INFO] 2025-04-03 15:13:25,155: Back Left Min: 0.65, Back Right Min: 0.54
[rosout][INFO] 2025-04-03 15:13:25,252: Back Left Min: 0.65, Back Right Min: 0.54
[rosout][INFO] 2025-04-03 15:13:25,355: Back Left Min: 0.65, Back Right Min: 0.54
[rosout][INFO] 2025-04-03 15:13:25,452: Back Left Min: 0.65, Back Right Min: 0.54
[rosout][INFO] 2025-04-03 15:13:25,555: Back Left Min: 0.65, Back Right Min: 0.54
[rosout][INFO] 2025-04-03 15:13:25,652: Back Left Min: 0.65, Back Right Min: 0.54
[rosout][INFO] 2025-04-03 15:13:25,755: Back Left Min: 0.65, Back Right Min: 0.54
[rosout][INFO] 2025-04-03 15:13:25,852: Back Left Min: 0.65, Back Right Min: 0.54
[rosout][INFO] 2025-04-03 15:13:25,955: Back Left Min: 0.65, Back Right Min: 0.54
[rosout][INFO] 2025-04-03 15:13:26,052: Back Left Min: 0.65, Back Right Min: 0.54
[rosout][INFO] 2025-04-03 15:13:26,156: Back Left Min: 0.65, Back Right Min: 0.54
[rosout][INFO] 2025-04-03 15:13:26,252: Back Left Min: 0.65, Back Right Min: 0.54
[rosout][INFO] 2025-04-03 15:13:26,356: Back Left Min: 0.65, Back Right Min: 0.54
[rosout][INFO] 2025-04-03 15:13:26,452: Back Left Min: 0.65, Back Right Min: 0.54
[rosout][INFO] 2025-04-03 15:13:26,556: Back Left Min: 0.65, Back Right Min: 0.54
[rosout][INFO] 2025-04-03 15:13:26,653: Back Left Min: 0.65, Back Right Min: 0.54
[rosout][INFO] 2025-04-03 15:13:26,756: Back Left Min: 0.65, Back Right Min: 0.54
[rosout][INFO] 2025-04-03 15:13:26,853: Back Left Min: 0.65, Back Right Min: 0.54
[rosout][INFO] 2025-04-03 15:13:26,956: Back Left Min: 0.65, Back Right Min: 0.54
[rosout][INFO] 2025-04-03 15:13:27,053: Back Left Min: 0.65, Back Right Min: 0.54
[rosout][INFO] 2025-04-03 15:13:27,156: Back Left Min: 0.65, Back Right Min: 0.54
[rosout][INFO] 2025-04-03 15:13:27,253: Back Left Min: 0.65, Back Right Min: 0.54
[rosout][INFO] 2025-04-03 15:13:27,356: Back Left Min: 0.65, Back Right Min: 0.54
[rosout][INFO] 2025-04-03 15:13:27,453: Back Left Min: 0.65, Back Right Min: 0.54
[rosout][INFO] 2025-04-03 15:13:27,556: Back Left Min: 0.65, Back Right Min: 0.54
[rosout][INFO] 2025-04-03 15:13:27,653: Back Left Min: 0.65, Back Right Min: 0.54
[rosout][INFO] 2025-04-03 15:13:27,756: Back Left Min: 0.65, Back Right Min: 0.54
[rosout][INFO] 2025-04-03 15:13:27,853: Back Left Min: 0.65, Back Right Min: 0.54
[rosout][INFO] 2025-04-03 15:13:27,956: Back Left Min: 0.65, Back Right Min: 0.54
[rosout][INFO] 2025-04-03 15:13:28,053: Back Left Min: 0.65, Back Right Min: 0.54
[rosout][INFO] 2025-04-03 15:13:28,156: Back Left Min: 0.65, Back Right Min: 0.54
[rosout][INFO] 2025-04-03 15:13:28,253: Back Left Min: 0.65, Back Right Min: 0.54
[rosout][INFO] 2025-04-03 15:13:28,356: Back Left Min: 0.65, Back Right Min: 0.54
[rosout][INFO] 2025-04-03 15:13:28,453: Back Left Min: 0.65, Back Right Min: 0.54
[rosout][INFO] 2025-04-03 15:13:28,556: Back Left Min: 0.65, Back Right Min: 0.54
[rosout][INFO] 2025-04-03 15:13:28,653: Back Left Min: 0.65, Back Right Min: 0.54
[rosout][INFO] 2025-04-03 15:13:28,757: Back Left Min: 0.65, Back Right Min: 0.54
[rosout][INFO] 2025-04-03 15:13:28,854: Back Left Min: 0.65, Back Right Min: 0.54
[rosout][INFO] 2025-04-03 15:13:28,957: Back Left Min: 0.65, Back Right Min: 0.54
[rosout][INFO] 2025-04-03 15:13:29,053: Back Left Min: 0.65, Back Right Min: 0.54
[rosout][INFO] 2025-04-03 15:13:29,157: Back Left Min: 0.65, Back Right Min: 0.54
[rosout][INFO] 2025-04-03 15:13:29,254: Back Left Min: 0.65, Back Right Min: 0.54
[rosout][INFO] 2025-04-03 15:13:29,357: Back Left Min: 0.65, Back Right Min: 0.54
[rosout][INFO] 2025-04-03 15:13:29,454: Back Left Min: 0.65, Back Right Min: 0.54
[rosout][INFO] 2025-04-03 15:13:29,557: Back Left Min: 0.65, Back Right Min: 0.54
[rosout][INFO] 2025-04-03 15:13:29,654: Back Left Min: 0.65, Back Right Min: 0.54
[rosout][INFO] 2025-04-03 15:13:29,757: Back Left Min: 0.65, Back Right Min: 0.54
[rosout][INFO] 2025-04-03 15:13:29,854: Back Left Min: 0.65, Back Right Min: 0.54
[rosout][INFO] 2025-04-03 15:13:29,957: Back Left Min: 0.65, Back Right Min: 0.54
[rosout][INFO] 2025-04-03 15:13:30,054: Back Left Min: 0.65, Back Right Min: 0.54
[rosout][INFO] 2025-04-03 15:13:30,157: Back Left Min: 0.65, Back Right Min: 0.54
[rosout][INFO] 2025-04-03 15:13:30,254: Back Left Min: 0.65, Back Right Min: 0.54
[rosout][INFO] 2025-04-03 15:13:30,357: Back Left Min: 0.65, Back Right Min: 0.54
[rosout][INFO] 2025-04-03 15:13:30,454: Back Left Min: 0.65, Back Right Min: 0.54
[rosout][INFO] 2025-04-03 15:13:30,557: Back Left Min: 0.65, Back Right Min: 0.54
[rosout][INFO] 2025-04-03 15:13:30,654: Back Left Min: 0.65, Back Right Min: 0.54
[rosout][INFO] 2025-04-03 15:13:30,757: Back Left Min: 0.65, Back Right Min: 0.54
[rosout][INFO] 2025-04-03 15:13:30,854: Back Left Min: 0.65, Back Right Min: 0.54
[rosout][INFO] 2025-04-03 15:13:30,957: Back Left Min: 0.65, Back Right Min: 0.54
[rosout][INFO] 2025-04-03 15:13:31,054: Back Left Min: 0.65, Back Right Min: 0.54
[rosout][INFO] 2025-04-03 15:13:31,157: Back Left Min: 0.65, Back Right Min: 0.54
[rosout][INFO] 2025-04-03 15:13:31,254: Back Left Min: 0.65, Back Right Min: 0.54
[rosout][INFO] 2025-04-03 15:13:31,358: Back Left Min: 0.65, Back Right Min: 0.54
[rosout][INFO] 2025-04-03 15:13:31,454: Back Left Min: 0.65, Back Right Min: 0.54
[rosout][INFO] 2025-04-03 15:13:31,558: Back Left Min: 0.65, Back Right Min: 0.54
[rosout][INFO] 2025-04-03 15:13:31,655: Back Left Min: 0.65, Back Right Min: 0.54
[rosout][INFO] 2025-04-03 15:13:31,758: Back Left Min: 0.65, Back Right Min: 0.54
[rosout][INFO] 2025-04-03 15:13:31,855: Back Left Min: 0.65, Back Right Min: 0.54
[rosout][INFO] 2025-04-03 15:13:31,958: Back Left Min: 0.65, Back Right Min: 0.54
[rosout][INFO] 2025-04-03 15:13:32,055: Back Left Min: 0.65, Back Right Min: 0.54
[rosout][INFO] 2025-04-03 15:13:32,158: Back Left Min: 0.65, Back Right Min: 0.54
[rosout][INFO] 2025-04-03 15:13:32,255: Back Left Min: 0.65, Back Right Min: 0.54
[rosout][INFO] 2025-04-03 15:13:32,358: Back Left Min: 0.65, Back Right Min: 0.54
[rosout][INFO] 2025-04-03 15:13:32,455: Back Left Min: 0.65, Back Right Min: 0.54
[rosout][INFO] 2025-04-03 15:13:32,558: Back Left Min: 0.65, Back Right Min: 0.54
[rosout][INFO] 2025-04-03 15:13:32,655: Back Left Min: 0.65, Back Right Min: 0.54
[rosout][INFO] 2025-04-03 15:13:32,758: Back Left Min: 0.65, Back Right Min: 0.54
[rosout][INFO] 2025-04-03 15:13:32,855: Back Left Min: 0.65, Back Right Min: 0.54
[rosout][INFO] 2025-04-03 15:13:32,958: Back Left Min: 0.65, Back Right Min: 0.54
[rosout][INFO] 2025-04-03 15:13:33,055: Back Left Min: 0.65, Back Right Min: 0.54
[rosout][INFO] 2025-04-03 15:13:33,158: Back Left Min: 0.65, Back Right Min: 0.54
[rosout][INFO] 2025-04-03 15:13:33,255: Back Left Min: 0.65, Back Right Min: 0.54
[rosout][INFO] 2025-04-03 15:13:33,359: Back Left Min: 0.65, Back Right Min: 0.54
[rosout][INFO] 2025-04-03 15:13:33,455: Back Left Min: 0.65, Back Right Min: 0.54
[rosout][INFO] 2025-04-03 15:13:33,559: Back Left Min: 0.65, Back Right Min: 0.54
[rosout][INFO] 2025-04-03 15:13:33,655: Back Left Min: 0.65, Back Right Min: 0.54
[rosout][INFO] 2025-04-03 15:13:33,759: Back Left Min: 0.65, Back Right Min: 0.54
[rosout][INFO] 2025-04-03 15:13:33,855: Back Left Min: 0.65, Back Right Min: 0.54
[rosout][INFO] 2025-04-03 15:13:33,959: Back Left Min: 0.65, Back Right Min: 0.54
[rosout][INFO] 2025-04-03 15:13:34,056: Back Left Min: 0.65, Back Right Min: 0.54
[rosout][INFO] 2025-04-03 15:13:34,159: Back Left Min: 0.65, Back Right Min: 0.54
[rosout][INFO] 2025-04-03 15:13:34,256: Back Left Min: 0.65, Back Right Min: 0.54
[rosout][INFO] 2025-04-03 15:13:34,359: Back Left Min: 0.65, Back Right Min: 0.54
[rosout][INFO] 2025-04-03 15:13:34,456: Back Left Min: 0.65, Back Right Min: 0.54
[rosout][INFO] 2025-04-03 15:13:34,559: Back Left Min: 0.65, Back Right Min: 0.54
[rosout][INFO] 2025-04-03 15:13:34,656: Back Left Min: 0.65, Back Right Min: 0.54
[rosout][INFO] 2025-04-03 15:13:34,759: Back Left Min: 0.65, Back Right Min: 0.54
[rosout][INFO] 2025-04-03 15:13:34,856: Back Left Min: 0.65, Back Right Min: 0.54
[rosout][INFO] 2025-04-03 15:13:34,959: Back Left Min: 0.65, Back Right Min: 0.54
[rosout][INFO] 2025-04-03 15:13:35,056: Back Left Min: 0.65, Back Right Min: 0.54
[rosout][INFO] 2025-04-03 15:13:35,159: Back Left Min: 0.65, Back Right Min: 0.54
[rosout][INFO] 2025-04-03 15:13:35,256: Back Left Min: 0.65, Back Right Min: 0.54
[rosout][INFO] 2025-04-03 15:13:35,359: Back Left Min: 0.65, Back Right Min: 0.54
[rosout][INFO] 2025-04-03 15:13:35,456: Back Left Min: 0.65, Back Right Min: 0.54
[rosout][INFO] 2025-04-03 15:13:35,559: Back Left Min: 0.65, Back Right Min: 0.54
[rosout][INFO] 2025-04-03 15:13:35,656: Back Left Min: 0.65, Back Right Min: 0.54
[rosout][INFO] 2025-04-03 15:13:35,759: Back Left Min: 0.65, Back Right Min: 0.54
[rosout][INFO] 2025-04-03 15:13:35,856: Back Left Min: 0.65, Back Right Min: 0.54
[rosout][INFO] 2025-04-03 15:13:35,959: Back Left Min: 0.65, Back Right Min: 0.54
[rosout][INFO] 2025-04-03 15:13:36,056: Back Left Min: 0.65, Back Right Min: 0.54
[rosout][INFO] 2025-04-03 15:13:36,160: Back Left Min: 0.65, Back Right Min: 0.54
[rosout][INFO] 2025-04-03 15:13:36,256: Back Left Min: 0.65, Back Right Min: 0.54
[rosout][INFO] 2025-04-03 15:13:36,360: Back Left Min: 0.65, Back Right Min: 0.54
[rosout][INFO] 2025-04-03 15:13:36,456: Back Left Min: 0.65, Back Right Min: 0.54
[rosout][INFO] 2025-04-03 15:13:36,560: Back Left Min: 0.65, Back Right Min: 0.54
[rosout][INFO] 2025-04-03 15:13:36,657: Back Left Min: 0.65, Back Right Min: 0.54
[rosout][INFO] 2025-04-03 15:13:36,760: Back Left Min: 0.65, Back Right Min: 0.54
[rosout][INFO] 2025-04-03 15:13:36,857: Back Left Min: 0.65, Back Right Min: 0.54
[rosout][INFO] 2025-04-03 15:13:36,960: Back Left Min: 0.65, Back Right Min: 0.54
[rosout][INFO] 2025-04-03 15:13:37,057: Back Left Min: 0.65, Back Right Min: 0.54
[rosout][INFO] 2025-04-03 15:13:37,160: Back Left Min: 0.65, Back Right Min: 0.54
[rosout][INFO] 2025-04-03 15:13:37,257: Back Left Min: 0.65, Back Right Min: 0.54
[rosout][INFO] 2025-04-03 15:13:37,360: Back Left Min: 0.65, Back Right Min: 0.54
[rosout][INFO] 2025-04-03 15:13:37,457: Back Left Min: 0.65, Back Right Min: 0.54
[rosout][INFO] 2025-04-03 15:13:37,560: Back Left Min: 0.65, Back Right Min: 0.54
[rosout][INFO] 2025-04-03 15:13:37,657: Back Left Min: 0.65, Back Right Min: 0.54
[rosout][INFO] 2025-04-03 15:13:37,760: Back Left Min: 0.65, Back Right Min: 0.54
[rosout][INFO] 2025-04-03 15:13:37,857: Back Left Min: 0.65, Back Right Min: 0.54
[rosout][INFO] 2025-04-03 15:13:37,960: Back Left Min: 0.65, Back Right Min: 0.54
[rosout][INFO] 2025-04-03 15:13:38,057: Back Left Min: 0.65, Back Right Min: 0.54
[rosout][INFO] 2025-04-03 15:13:38,160: Back Left Min: 0.65, Back Right Min: 0.54
[rosout][INFO] 2025-04-03 15:13:38,257: Back Left Min: 0.65, Back Right Min: 0.54
[rosout][INFO] 2025-04-03 15:13:38,360: Back Left Min: 0.65, Back Right Min: 0.54
[rosout][INFO] 2025-04-03 15:13:38,457: Back Left Min: 0.65, Back Right Min: 0.54
[rosout][INFO] 2025-04-03 15:13:38,561: Back Left Min: 0.65, Back Right Min: 0.54
[rosout][INFO] 2025-04-03 15:13:38,657: Back Left Min: 0.65, Back Right Min: 0.54
[rosout][INFO] 2025-04-03 15:13:38,761: Back Left Min: 0.65, Back Right Min: 0.54
[rosout][INFO] 2025-04-03 15:13:38,857: Back Left Min: 0.65, Back Right Min: 0.54
[rosout][INFO] 2025-04-03 15:13:38,961: Back Left Min: 0.65, Back Right Min: 0.54
[rosout][INFO] 2025-04-03 15:13:39,058: Back Left Min: 0.65, Back Right Min: 0.54
[rosout][INFO] 2025-04-03 15:13:39,161: Back Left Min: 0.65, Back Right Min: 0.54
[rosout][INFO] 2025-04-03 15:13:39,258: Back Left Min: 0.65, Back Right Min: 0.54
[rosout][INFO] 2025-04-03 15:13:39,361: Back Left Min: 0.65, Back Right Min: 0.54
[rosout][INFO] 2025-04-03 15:13:39,458: Back Left Min: 0.65, Back Right Min: 0.54
[rosout][INFO] 2025-04-03 15:13:39,561: Back Left Min: 0.65, Back Right Min: 0.54
[rosout][INFO] 2025-04-03 15:13:39,658: Back Left Min: 0.65, Back Right Min: 0.54
[rosout][INFO] 2025-04-03 15:13:39,761: Back Left Min: 0.65, Back Right Min: 0.54
[rosout][INFO] 2025-04-03 15:13:39,858: Back Left Min: 0.65, Back Right Min: 0.54
[rosout][INFO] 2025-04-03 15:13:39,961: Back Left Min: 0.65, Back Right Min: 0.54
[rosout][INFO] 2025-04-03 15:13:40,058: Back Left Min: 0.65, Back Right Min: 0.54
[rosout][INFO] 2025-04-03 15:13:40,161: Back Left Min: 0.65, Back Right Min: 0.54
[rosout][INFO] 2025-04-03 15:13:40,258: Back Left Min: 0.65, Back Right Min: 0.54
[rosout][INFO] 2025-04-03 15:13:40,361: Back Left Min: 0.65, Back Right Min: 0.54
[rosout][INFO] 2025-04-03 15:13:40,458: Back Left Min: 0.65, Back Right Min: 0.54
[rosout][INFO] 2025-04-03 15:13:40,561: Back Left Min: 0.65, Back Right Min: 0.54
[rosout][INFO] 2025-04-03 15:13:40,658: Back Left Min: 0.65, Back Right Min: 0.54
[rosout][INFO] 2025-04-03 15:13:40,761: Back Left Min: 0.65, Back Right Min: 0.54
[rosout][INFO] 2025-04-03 15:13:40,858: Back Left Min: 0.65, Back Right Min: 0.54
[rosout][INFO] 2025-04-03 15:13:40,961: Back Left Min: 0.65, Back Right Min: 0.54
[rosout][INFO] 2025-04-03 15:13:41,058: Back Left Min: 0.65, Back Right Min: 0.54
[rosout][INFO] 2025-04-03 15:13:41,162: Back Left Min: 0.65, Back Right Min: 0.54
[rosout][INFO] 2025-04-03 15:13:41,258: Back Left Min: 0.65, Back Right Min: 0.54
[rosout][INFO] 2025-04-03 15:13:41,362: Back Left Min: 0.65, Back Right Min: 0.54
[rosout][INFO] 2025-04-03 15:13:41,459: Back Left Min: 0.65, Back Right Min: 0.54
[rosout][INFO] 2025-04-03 15:13:41,562: Back Left Min: 0.65, Back Right Min: 0.54
[rosout][INFO] 2025-04-03 15:13:41,659: Back Left Min: 0.65, Back Right Min: 0.54
[rosout][INFO] 2025-04-03 15:13:41,762: Back Left Min: 0.65, Back Right Min: 0.54
[rosout][INFO] 2025-04-03 15:13:41,859: Back Left Min: 0.65, Back Right Min: 0.54
[rosout][INFO] 2025-04-03 15:13:41,962: Back Left Min: 0.65, Back Right Min: 0.54
[rosout][INFO] 2025-04-03 15:13:42,059: Back Left Min: 0.65, Back Right Min: 0.54
[rosout][INFO] 2025-04-03 15:13:42,162: Back Left Min: 0.65, Back Right Min: 0.54
[rosout][INFO] 2025-04-03 15:13:42,259: Back Left Min: 0.65, Back Right Min: 0.54
[rosout][INFO] 2025-04-03 15:13:42,362: Back Left Min: 0.65, Back Right Min: 0.54
[rosout][INFO] 2025-04-03 15:13:42,459: Back Left Min: 0.65, Back Right Min: 0.54
[rosout][INFO] 2025-04-03 15:13:42,562: Back Left Min: 0.65, Back Right Min: 0.54
[rosout][INFO] 2025-04-03 15:13:42,659: Back Left Min: 0.65, Back Right Min: 0.54
[rosout][INFO] 2025-04-03 15:13:42,762: Back Left Min: 0.65, Back Right Min: 0.54
[rosout][INFO] 2025-04-03 15:13:42,859: Back Left Min: 0.65, Back Right Min: 0.54
[rosout][INFO] 2025-04-03 15:13:42,962: Back Left Min: 0.65, Back Right Min: 0.54
[rosout][INFO] 2025-04-03 15:13:43,059: Back Left Min: 0.65, Back Right Min: 0.54
[rosout][INFO] 2025-04-03 15:13:43,162: Back Left Min: 0.65, Back Right Min: 0.54
[rosout][INFO] 2025-04-03 15:13:43,259: Back Left Min: 0.65, Back Right Min: 0.54
[rosout][INFO] 2025-04-03 15:13:43,362: Back Left Min: 0.65, Back Right Min: 0.54
[rosout][INFO] 2025-04-03 15:13:43,459: Back Left Min: 0.65, Back Right Min: 0.54
[rosout][INFO] 2025-04-03 15:13:43,562: Back Left Min: 0.65, Back Right Min: 0.54
[rosout][INFO] 2025-04-03 15:13:43,659: Back Left Min: 0.65, Back Right Min: 0.54
[rosout][INFO] 2025-04-03 15:13:43,763: Back Left Min: 0.65, Back Right Min: 0.54
[rosout][INFO] 2025-04-03 15:13:43,859: Back Left Min: 0.65, Back Right Min: 0.54
[rosout][INFO] 2025-04-03 15:13:43,963: Back Left Min: 0.65, Back Right Min: 0.54
[rosout][INFO] 2025-04-03 15:13:44,059: Back Left Min: 0.65, Back Right Min: 0.54
[rosout][INFO] 2025-04-03 15:13:44,163: Back Left Min: 0.65, Back Right Min: 0.54
[rosout][INFO] 2025-04-03 15:13:44,260: Back Left Min: 0.65, Back Right Min: 0.54
[rosout][INFO] 2025-04-03 15:13:44,363: Back Left Min: 0.65, Back Right Min: 0.54
[rosout][INFO] 2025-04-03 15:13:44,460: Back Left Min: 0.65, Back Right Min: 0.54
[rosout][INFO] 2025-04-03 15:13:44,563: Back Left Min: 0.65, Back Right Min: 0.54
[rosout][INFO] 2025-04-03 15:13:44,660: Back Left Min: 0.65, Back Right Min: 0.54
[rosout][INFO] 2025-04-03 15:13:44,763: Back Left Min: 0.65, Back Right Min: 0.54
[rosout][INFO] 2025-04-03 15:13:44,860: Back Left Min: 0.65, Back Right Min: 0.54
[rosout][INFO] 2025-04-03 15:13:44,963: Back Left Min: 0.65, Back Right Min: 0.54
[rosout][INFO] 2025-04-03 15:13:45,060: Back Left Min: 0.65, Back Right Min: 0.54
[rosout][INFO] 2025-04-03 15:13:45,163: Back Left Min: 0.65, Back Right Min: 0.54
[rosout][INFO] 2025-04-03 15:13:45,260: Back Left Min: 0.65, Back Right Min: 0.54
[rosout][INFO] 2025-04-03 15:13:45,363: Back Left Min: 0.65, Back Right Min: 0.54
[rosout][INFO] 2025-04-03 15:13:45,460: Back Left Min: 0.65, Back Right Min: 0.54
[rosout][INFO] 2025-04-03 15:13:45,563: Back Left Min: 0.65, Back Right Min: 0.54
[rosout][INFO] 2025-04-03 15:13:45,660: Back Left Min: 0.65, Back Right Min: 0.54
[rosout][INFO] 2025-04-03 15:13:45,763: Back Left Min: 0.65, Back Right Min: 0.54
[rosout][INFO] 2025-04-03 15:13:45,860: Back Left Min: 0.65, Back Right Min: 0.54
[rosout][INFO] 2025-04-03 15:13:45,963: Back Left Min: 0.65, Back Right Min: 0.54
[rosout][INFO] 2025-04-03 15:13:46,060: Back Left Min: 0.65, Back Right Min: 0.54
[rosout][INFO] 2025-04-03 15:13:46,164: Back Left Min: 0.65, Back Right Min: 0.54
[rosout][INFO] 2025-04-03 15:13:46,260: Back Left Min: 0.65, Back Right Min: 0.54
[rosout][INFO] 2025-04-03 15:13:46,364: Back Left Min: 0.65, Back Right Min: 0.54
[rosout][INFO] 2025-04-03 15:13:46,461: Back Left Min: 0.65, Back Right Min: 0.54
[rosout][INFO] 2025-04-03 15:13:46,564: Back Left Min: 0.65, Back Right Min: 0.54
[rosout][INFO] 2025-04-03 15:13:46,661: Back Left Min: 0.65, Back Right Min: 0.54
[rosout][INFO] 2025-04-03 15:13:46,764: Back Left Min: 0.65, Back Right Min: 0.54
[rosout][INFO] 2025-04-03 15:13:46,861: Back Left Min: 0.65, Back Right Min: 0.54
[rosout][INFO] 2025-04-03 15:13:46,964: Back Left Min: 0.65, Back Right Min: 0.54
[rosout][INFO] 2025-04-03 15:13:47,061: Back Left Min: 0.65, Back Right Min: 0.54
[rosout][INFO] 2025-04-03 15:13:47,164: Back Left Min: 0.65, Back Right Min: 0.54
[rosout][INFO] 2025-04-03 15:13:47,261: Back Left Min: 0.65, Back Right Min: 0.54
[rosout][INFO] 2025-04-03 15:13:47,364: Back Left Min: 0.65, Back Right Min: 0.54
[rosout][INFO] 2025-04-03 15:13:47,461: Back Left Min: 0.65, Back Right Min: 0.54
[rosout][INFO] 2025-04-03 15:13:47,564: Back Left Min: 0.65, Back Right Min: 0.54
[rosout][INFO] 2025-04-03 15:13:47,661: Back Left Min: 0.65, Back Right Min: 0.54
[rosout][INFO] 2025-04-03 15:13:47,764: Back Left Min: 0.65, Back Right Min: 0.54
[rosout][INFO] 2025-04-03 15:13:47,861: Back Left Min: 0.65, Back Right Min: 0.54
[rosout][INFO] 2025-04-03 15:13:47,964: Back Left Min: 0.65, Back Right Min: 0.54
[rosout][INFO] 2025-04-03 15:13:48,061: Back Left Min: 0.65, Back Right Min: 0.54
[rosout][INFO] 2025-04-03 15:13:48,164: Back Left Min: 0.65, Back Right Min: 0.54
[rosout][INFO] 2025-04-03 15:13:48,261: Back Left Min: 0.65, Back Right Min: 0.54
[rosout][INFO] 2025-04-03 15:13:48,364: Back Left Min: 0.65, Back Right Min: 0.54
[rosout][INFO] 2025-04-03 15:13:48,461: Back Left Min: 0.65, Back Right Min: 0.54
[rosout][INFO] 2025-04-03 15:13:48,564: Back Left Min: 0.65, Back Right Min: 0.54
[rosout][INFO] 2025-04-03 15:13:48,661: Back Left Min: 0.65, Back Right Min: 0.54
[rosout][INFO] 2025-04-03 15:13:48,765: Back Left Min: 0.65, Back Right Min: 0.54
[rosout][INFO] 2025-04-03 15:13:48,861: Back Left Min: 0.65, Back Right Min: 0.54
[rosout][INFO] 2025-04-03 15:13:48,965: Back Left Min: 0.65, Back Right Min: 0.54
[rosout][INFO] 2025-04-03 15:13:49,061: Back Left Min: 0.65, Back Right Min: 0.54
[rosout][INFO] 2025-04-03 15:13:49,165: Back Left Min: 0.65, Back Right Min: 0.54
[rosout][INFO] 2025-04-03 15:13:49,262: Back Left Min: 0.65, Back Right Min: 0.54
[rosout][INFO] 2025-04-03 15:13:49,365: Back Left Min: 0.65, Back Right Min: 0.54
[rosout][INFO] 2025-04-03 15:13:49,462: Back Left Min: 0.65, Back Right Min: 0.54
[rosout][INFO] 2025-04-03 15:13:49,565: Back Left Min: 0.65, Back Right Min: 0.54
[rosout][INFO] 2025-04-03 15:13:49,662: Back Left Min: 0.65, Back Right Min: 0.54
[rosout][INFO] 2025-04-03 15:13:49,765: Back Left Min: 0.65, Back Right Min: 0.54
[rosout][INFO] 2025-04-03 15:13:49,862: Back Left Min: 0.65, Back Right Min: 0.54
[rosout][INFO] 2025-04-03 15:13:49,965: Back Left Min: 0.65, Back Right Min: 0.54
[rosout][INFO] 2025-04-03 15:13:50,062: Back Left Min: 0.65, Back Right Min: 0.54
[rosout][INFO] 2025-04-03 15:13:50,165: Back Left Min: 0.65, Back Right Min: 0.54
[rosout][INFO] 2025-04-03 15:13:50,262: Back Left Min: 0.65, Back Right Min: 0.54
[rosout][INFO] 2025-04-03 15:13:50,365: Back Left Min: 0.65, Back Right Min: 0.54
[rosout][INFO] 2025-04-03 15:13:50,462: Back Left Min: 0.65, Back Right Min: 0.54
[rosout][INFO] 2025-04-03 15:13:50,565: Back Left Min: 0.65, Back Right Min: 0.54
[rosout][INFO] 2025-04-03 15:13:50,662: Back Left Min: 0.65, Back Right Min: 0.54
[rosout][INFO] 2025-04-03 15:13:50,765: Back Left Min: 0.65, Back Right Min: 0.54
[rosout][INFO] 2025-04-03 15:13:50,862: Back Left Min: 0.65, Back Right Min: 0.54
[rosout][INFO] 2025-04-03 15:13:50,965: Back Left Min: 0.65, Back Right Min: 0.54
[rosout][INFO] 2025-04-03 15:13:51,062: Back Left Min: 0.65, Back Right Min: 0.54
[rosout][INFO] 2025-04-03 15:13:51,166: Back Left Min: 0.65, Back Right Min: 0.54
[rosout][INFO] 2025-04-03 15:13:51,262: Back Left Min: 0.65, Back Right Min: 0.54
[rosout][INFO] 2025-04-03 15:13:51,366: Back Left Min: 0.65, Back Right Min: 0.54
[rosout][INFO] 2025-04-03 15:13:51,462: Back Left Min: 0.65, Back Right Min: 0.54
[rosout][INFO] 2025-04-03 15:13:51,566: Back Left Min: 0.65, Back Right Min: 0.54
[rosout][INFO] 2025-04-03 15:13:51,663: Back Left Min: 0.65, Back Right Min: 0.54
[rosout][INFO] 2025-04-03 15:13:51,766: Back Left Min: 0.65, Back Right Min: 0.54
[rosout][INFO] 2025-04-03 15:13:51,863: Back Left Min: 0.65, Back Right Min: 0.54
[rosout][INFO] 2025-04-03 15:13:51,966: Back Left Min: 0.65, Back Right Min: 0.54
[rosout][INFO] 2025-04-03 15:13:52,063: Back Left Min: 0.65, Back Right Min: 0.54
[rosout][INFO] 2025-04-03 15:13:52,166: Back Left Min: 0.65, Back Right Min: 0.54
[rosout][INFO] 2025-04-03 15:13:52,263: Back Left Min: 0.65, Back Right Min: 0.54
[rosout][INFO] 2025-04-03 15:13:52,366: Back Left Min: 0.65, Back Right Min: 0.54
[rosout][INFO] 2025-04-03 15:13:52,463: Back Left Min: 0.65, Back Right Min: 0.54
[rosout][INFO] 2025-04-03 15:13:52,566: Back Left Min: 0.65, Back Right Min: 0.54
[rosout][INFO] 2025-04-03 15:13:52,663: Back Left Min: 0.65, Back Right Min: 0.54
[rosout][INFO] 2025-04-03 15:13:52,766: Back Left Min: 0.65, Back Right Min: 0.54
[rosout][INFO] 2025-04-03 15:13:52,863: Back Left Min: 0.65, Back Right Min: 0.54
[rosout][INFO] 2025-04-03 15:13:52,966: Back Left Min: 0.65, Back Right Min: 0.54
[rosout][INFO] 2025-04-03 15:13:53,063: Back Left Min: 0.65, Back Right Min: 0.54
[rosout][INFO] 2025-04-03 15:13:53,166: Back Left Min: 0.65, Back Right Min: 0.54
[rosout][INFO] 2025-04-03 15:13:53,263: Back Left Min: 0.65, Back Right Min: 0.54
[rosout][INFO] 2025-04-03 15:13:53,366: Back Left Min: 0.65, Back Right Min: 0.54
[rosout][INFO] 2025-04-03 15:13:53,463: Back Left Min: 0.65, Back Right Min: 0.54
[rosout][INFO] 2025-04-03 15:13:53,566: Back Left Min: 0.65, Back Right Min: 0.54
[rosout][INFO] 2025-04-03 15:13:53,663: Back Left Min: 0.65, Back Right Min: 0.54
[rosout][INFO] 2025-04-03 15:13:53,767: Back Left Min: 0.65, Back Right Min: 0.54
[rosout][INFO] 2025-04-03 15:13:53,863: Back Left Min: 0.65, Back Right Min: 0.54
[rosout][INFO] 2025-04-03 15:13:53,967: Back Left Min: 0.65, Back Right Min: 0.54
[rosout][INFO] 2025-04-03 15:13:54,064: Back Left Min: 0.65, Back Right Min: 0.54
[rosout][INFO] 2025-04-03 15:13:54,167: Back Left Min: 0.65, Back Right Min: 0.54
[rosout][INFO] 2025-04-03 15:13:54,264: Back Left Min: 0.65, Back Right Min: 0.54
[rosout][INFO] 2025-04-03 15:13:54,367: Back Left Min: 0.65, Back Right Min: 0.54
[rosout][INFO] 2025-04-03 15:13:54,464: Back Left Min: 0.65, Back Right Min: 0.54
[rosout][INFO] 2025-04-03 15:13:54,567: Back Left Min: 0.65, Back Right Min: 0.54
[rosout][INFO] 2025-04-03 15:13:54,664: Back Left Min: 0.65, Back Right Min: 0.54
[rosout][INFO] 2025-04-03 15:13:54,767: Back Left Min: 0.65, Back Right Min: 0.54
[rosout][INFO] 2025-04-03 15:13:54,864: Back Left Min: 0.65, Back Right Min: 0.54
[rosout][INFO] 2025-04-03 15:13:54,967: Back Left Min: 0.65, Back Right Min: 0.54
[rosout][INFO] 2025-04-03 15:13:55,064: Back Left Min: 0.65, Back Right Min: 0.54
[rosout][INFO] 2025-04-03 15:13:55,167: Back Left Min: 0.65, Back Right Min: 0.54
[rosout][INFO] 2025-04-03 15:13:55,264: Back Left Min: 0.65, Back Right Min: 0.54
[rosout][INFO] 2025-04-03 15:13:55,367: Back Left Min: 0.65, Back Right Min: 0.54
[rosout][INFO] 2025-04-03 15:13:55,464: Back Left Min: 0.65, Back Right Min: 0.54
[rosout][INFO] 2025-04-03 15:13:55,567: Back Left Min: 0.65, Back Right Min: 0.54
[rosout][INFO] 2025-04-03 15:13:55,664: Back Left Min: 0.65, Back Right Min: 0.54
[rosout][INFO] 2025-04-03 15:13:55,767: Back Left Min: 0.65, Back Right Min: 0.54
[rosout][INFO] 2025-04-03 15:13:55,864: Back Left Min: 0.65, Back Right Min: 0.54
[rosout][INFO] 2025-04-03 15:13:55,967: Back Left Min: 0.65, Back Right Min: 0.54
[rosout][INFO] 2025-04-03 15:13:56,064: Back Left Min: 0.65, Back Right Min: 0.54
[rosout][INFO] 2025-04-03 15:13:56,168: Back Left Min: 0.65, Back Right Min: 0.54
[rosout][INFO] 2025-04-03 15:13:56,264: Back Left Min: 0.65, Back Right Min: 0.54
[rosout][INFO] 2025-04-03 15:13:56,368: Back Left Min: 0.65, Back Right Min: 0.54
[rosout][INFO] 2025-04-03 15:13:56,464: Back Left Min: 0.65, Back Right Min: 0.54
[rosout][INFO] 2025-04-03 15:13:56,568: Back Left Min: 0.65, Back Right Min: 0.54
[rosout][INFO] 2025-04-03 15:13:56,665: Back Left Min: 0.65, Back Right Min: 0.54
[rosout][INFO] 2025-04-03 15:13:56,768: Back Left Min: 0.65, Back Right Min: 0.54
[rosout][INFO] 2025-04-03 15:13:56,865: Back Left Min: 0.65, Back Right Min: 0.54
[rosout][INFO] 2025-04-03 15:13:56,968: Back Left Min: 0.65, Back Right Min: 0.54
[rosout][INFO] 2025-04-03 15:13:57,065: Back Left Min: 0.65, Back Right Min: 0.54
[rosout][INFO] 2025-04-03 15:13:57,168: Back Left Min: 0.65, Back Right Min: 0.54
[rosout][INFO] 2025-04-03 15:13:57,265: Back Left Min: 0.65, Back Right Min: 0.54
[rosout][INFO] 2025-04-03 15:13:57,368: Back Left Min: 0.65, Back Right Min: 0.54
[rosout][INFO] 2025-04-03 15:13:57,465: Back Left Min: 0.65, Back Right Min: 0.54
[rosout][INFO] 2025-04-03 15:13:57,568: Back Left Min: 0.65, Back Right Min: 0.54
[rosout][INFO] 2025-04-03 15:13:57,665: Back Left Min: 0.65, Back Right Min: 0.54
[rosout][INFO] 2025-04-03 15:13:57,768: Back Left Min: 0.65, Back Right Min: 0.54
[rosout][INFO] 2025-04-03 15:13:57,865: Back Left Min: 0.65, Back Right Min: 0.54
[rosout][INFO] 2025-04-03 15:13:57,968: Back Left Min: 0.65, Back Right Min: 0.54
[rosout][INFO] 2025-04-03 15:13:58,065: Back Left Min: 0.65, Back Right Min: 0.54
[rosout][INFO] 2025-04-03 15:13:58,168: Back Left Min: 0.65, Back Right Min: 0.54
[rosout][INFO] 2025-04-03 15:13:58,265: Back Left Min: 0.65, Back Right Min: 0.54
[rosout][INFO] 2025-04-03 15:13:58,368: Back Left Min: 0.65, Back Right Min: 0.54
[rosout][INFO] 2025-04-03 15:13:58,465: Back Left Min: 0.65, Back Right Min: 0.54
[rosout][INFO] 2025-04-03 15:13:58,569: Back Left Min: 0.65, Back Right Min: 0.54
[rosout][INFO] 2025-04-03 15:13:58,665: Back Left Min: 0.65, Back Right Min: 0.54
[rosout][INFO] 2025-04-03 15:13:58,769: Back Left Min: 0.65, Back Right Min: 0.54
[rosout][INFO] 2025-04-03 15:13:58,865: Back Left Min: 0.65, Back Right Min: 0.54
[rosout][INFO] 2025-04-03 15:13:58,969: Back Left Min: 0.65, Back Right Min: 0.54
[rosout][INFO] 2025-04-03 15:13:59,066: Back Left Min: 0.65, Back Right Min: 0.54
[rosout][INFO] 2025-04-03 15:13:59,169: Back Left Min: 0.65, Back Right Min: 0.54
[rosout][INFO] 2025-04-03 15:13:59,266: Back Left Min: 0.65, Back Right Min: 0.54
[rosout][INFO] 2025-04-03 15:13:59,369: Back Left Min: 0.65, Back Right Min: 0.54
[rosout][INFO] 2025-04-03 15:13:59,466: Back Left Min: 0.65, Back Right Min: 0.54
[rosout][INFO] 2025-04-03 15:13:59,569: Back Left Min: 0.65, Back Right Min: 0.54
[rosout][INFO] 2025-04-03 15:13:59,666: Back Left Min: 0.65, Back Right Min: 0.54
[rosout][INFO] 2025-04-03 15:13:59,769: Back Left Min: 0.65, Back Right Min: 0.54
[rosout][INFO] 2025-04-03 15:13:59,866: Back Left Min: 0.65, Back Right Min: 0.54
[rosout][INFO] 2025-04-03 15:13:59,969: Back Left Min: 0.65, Back Right Min: 0.54
[rosout][INFO] 2025-04-03 15:14:00,066: Back Left Min: 0.65, Back Right Min: 0.54
[rosout][INFO] 2025-04-03 15:14:00,169: Back Left Min: 0.65, Back Right Min: 0.54
[rosout][INFO] 2025-04-03 15:14:00,266: Back Left Min: 0.65, Back Right Min: 0.54
[rosout][INFO] 2025-04-03 15:14:00,369: Back Left Min: 0.65, Back Right Min: 0.54
[rosout][INFO] 2025-04-03 15:14:00,466: Back Left Min: 0.65, Back Right Min: 0.54
[rosout][INFO] 2025-04-03 15:14:00,569: Back Left Min: 0.65, Back Right Min: 0.54
[rosout][INFO] 2025-04-03 15:14:00,666: Back Left Min: 0.65, Back Right Min: 0.54
[rosout][INFO] 2025-04-03 15:14:00,769: Back Left Min: 0.65, Back Right Min: 0.54
[rosout][INFO] 2025-04-03 15:14:00,866: Back Left Min: 0.65, Back Right Min: 0.54
[rosout][INFO] 2025-04-03 15:14:00,970: Back Left Min: 0.65, Back Right Min: 0.54
[rosout][INFO] 2025-04-03 15:14:01,066: Back Left Min: 0.65, Back Right Min: 0.54
[rosout][INFO] 2025-04-03 15:14:01,170: Back Left Min: 0.65, Back Right Min: 0.54
[rosout][INFO] 2025-04-03 15:14:01,266: Back Left Min: 0.65, Back Right Min: 0.54
[rosout][INFO] 2025-04-03 15:14:01,370: Back Left Min: 0.65, Back Right Min: 0.54
[rosout][INFO] 2025-04-03 15:14:01,467: Back Left Min: 0.65, Back Right Min: 0.54
[rosout][INFO] 2025-04-03 15:14:01,570: Back Left Min: 0.65, Back Right Min: 0.54
[rosout][INFO] 2025-04-03 15:14:01,667: Back Left Min: 0.65, Back Right Min: 0.54
[rosout][INFO] 2025-04-03 15:14:01,770: Back Left Min: 0.65, Back Right Min: 0.54
[rosout][INFO] 2025-04-03 15:14:01,867: Back Left Min: 0.65, Back Right Min: 0.54
[rosout][INFO] 2025-04-03 15:14:01,970: Back Left Min: 0.65, Back Right Min: 0.54
[rosout][INFO] 2025-04-03 15:14:02,067: Back Left Min: 0.65, Back Right Min: 0.54
[rosout][INFO] 2025-04-03 15:14:02,170: Back Left Min: 0.65, Back Right Min: 0.54
[rosout][INFO] 2025-04-03 15:14:02,267: Back Left Min: 0.65, Back Right Min: 0.54
[rosout][INFO] 2025-04-03 15:14:02,370: Back Left Min: 0.65, Back Right Min: 0.54
[rosout][INFO] 2025-04-03 15:14:02,467: Back Left Min: 0.65, Back Right Min: 0.54
[rosout][INFO] 2025-04-03 15:14:02,570: Back Left Min: 0.65, Back Right Min: 0.54
[rosout][INFO] 2025-04-03 15:14:02,667: Back Left Min: 0.65, Back Right Min: 0.54
[rosout][INFO] 2025-04-03 15:14:02,770: Back Left Min: 0.65, Back Right Min: 0.54
[rosout][INFO] 2025-04-03 15:14:02,867: Back Left Min: 0.65, Back Right Min: 0.54
[rosout][INFO] 2025-04-03 15:14:02,970: Back Left Min: 0.65, Back Right Min: 0.54
[rosout][INFO] 2025-04-03 15:14:03,067: Back Left Min: 0.65, Back Right Min: 0.54
[rosout][INFO] 2025-04-03 15:14:03,170: Back Left Min: 0.65, Back Right Min: 0.54
[rosout][INFO] 2025-04-03 15:14:03,267: Back Left Min: 0.65, Back Right Min: 0.54
[rosout][INFO] 2025-04-03 15:14:03,370: Back Left Min: 0.65, Back Right Min: 0.54
[rosout][INFO] 2025-04-03 15:14:03,467: Back Left Min: 0.65, Back Right Min: 0.54
[rosout][INFO] 2025-04-03 15:14:03,571: Back Left Min: 0.65, Back Right Min: 0.54
[rosout][INFO] 2025-04-03 15:14:03,667: Back Left Min: 0.65, Back Right Min: 0.54
[rosout][INFO] 2025-04-03 15:14:03,771: Back Left Min: 0.65, Back Right Min: 0.54
[rosout][INFO] 2025-04-03 15:14:03,867: Back Left Min: 0.65, Back Right Min: 0.54
[rosout][INFO] 2025-04-03 15:14:03,971: Back Left Min: 0.65, Back Right Min: 0.54
[rosout][INFO] 2025-04-03 15:14:04,068: Back Left Min: 0.65, Back Right Min: 0.54
[rosout][INFO] 2025-04-03 15:14:04,171: Back Left Min: 0.65, Back Right Min: 0.54
[rosout][INFO] 2025-04-03 15:14:04,268: Back Left Min: 0.65, Back Right Min: 0.54
[rosout][INFO] 2025-04-03 15:14:04,371: Back Left Min: 0.65, Back Right Min: 0.54
[rosout][INFO] 2025-04-03 15:14:04,468: Back Left Min: 0.65, Back Right Min: 0.54
[rosout][INFO] 2025-04-03 15:14:04,571: Back Left Min: 0.65, Back Right Min: 0.54
[rosout][INFO] 2025-04-03 15:14:04,668: Back Left Min: 0.65, Back Right Min: 0.54
[rosout][INFO] 2025-04-03 15:14:04,771: Back Left Min: 0.65, Back Right Min: 0.54
[rosout][INFO] 2025-04-03 15:14:04,868: Back Left Min: 0.65, Back Right Min: 0.54
[rosout][INFO] 2025-04-03 15:14:04,971: Back Left Min: 0.65, Back Right Min: 0.54
[rosout][INFO] 2025-04-03 15:14:05,068: Back Left Min: 0.65, Back Right Min: 0.54
[rosout][INFO] 2025-04-03 15:14:05,171: Back Left Min: 0.65, Back Right Min: 0.54
[rosout][INFO] 2025-04-03 15:14:05,268: Back Left Min: 0.65, Back Right Min: 0.54
[rosout][INFO] 2025-04-03 15:14:05,371: Back Left Min: 0.65, Back Right Min: 0.54
[rosout][INFO] 2025-04-03 15:14:05,468: Back Left Min: 0.65, Back Right Min: 0.54
[rosout][INFO] 2025-04-03 15:14:05,571: Back Left Min: 0.65, Back Right Min: 0.54
[rosout][INFO] 2025-04-03 15:14:05,668: Back Left Min: 0.65, Back Right Min: 0.54
[rosout][INFO] 2025-04-03 15:14:05,771: Back Left Min: 0.65, Back Right Min: 0.54
[rosout][INFO] 2025-04-03 15:14:05,868: Back Left Min: 0.65, Back Right Min: 0.54
[rosout][INFO] 2025-04-03 15:14:05,972: Back Left Min: 0.65, Back Right Min: 0.54
[rosout][INFO] 2025-04-03 15:14:06,068: Back Left Min: 0.65, Back Right Min: 0.54
[rosout][INFO] 2025-04-03 15:14:06,172: Back Left Min: 0.65, Back Right Min: 0.54
[rosout][INFO] 2025-04-03 15:14:06,268: Back Left Min: 0.65, Back Right Min: 0.54
[rosout][INFO] 2025-04-03 15:14:06,372: Back Left Min: 0.65, Back Right Min: 0.54
[rosout][INFO] 2025-04-03 15:14:06,469: Back Left Min: 0.65, Back Right Min: 0.54
[rosout][INFO] 2025-04-03 15:14:06,572: Back Left Min: 0.65, Back Right Min: 0.54
[rosout][INFO] 2025-04-03 15:14:06,669: Back Left Min: 0.65, Back Right Min: 0.54
[rosout][INFO] 2025-04-03 15:14:06,772: Back Left Min: 0.65, Back Right Min: 0.54
[rosout][INFO] 2025-04-03 15:14:06,869: Back Left Min: 0.65, Back Right Min: 0.54
[rosout][INFO] 2025-04-03 15:14:06,972: Back Left Min: 0.65, Back Right Min: 0.54
[rosout][INFO] 2025-04-03 15:14:07,069: Back Left Min: 0.65, Back Right Min: 0.54
[rosout][INFO] 2025-04-03 15:14:07,172: Back Left Min: 0.65, Back Right Min: 0.54
[rosout][INFO] 2025-04-03 15:14:07,269: Back Left Min: 0.65, Back Right Min: 0.54
[rosout][INFO] 2025-04-03 15:14:07,372: Back Left Min: 0.65, Back Right Min: 0.54
[rosout][INFO] 2025-04-03 15:14:07,469: Back Left Min: 0.65, Back Right Min: 0.54
[rosout][INFO] 2025-04-03 15:14:07,572: Back Left Min: 0.65, Back Right Min: 0.54
[rosout][INFO] 2025-04-03 15:14:07,669: Back Left Min: 0.65, Back Right Min: 0.54
[rosout][INFO] 2025-04-03 15:14:07,772: Back Left Min: 0.65, Back Right Min: 0.54
[rosout][INFO] 2025-04-03 15:14:07,869: Back Left Min: 0.65, Back Right Min: 0.54
[rosout][INFO] 2025-04-03 15:14:07,972: Back Left Min: 0.65, Back Right Min: 0.54
[rosout][INFO] 2025-04-03 15:14:08,069: Back Left Min: 0.65, Back Right Min: 0.54
[rosout][INFO] 2025-04-03 15:14:08,172: Back Left Min: 0.65, Back Right Min: 0.54
[rosout][INFO] 2025-04-03 15:14:08,269: Back Left Min: 0.65, Back Right Min: 0.54
[rosout][INFO] 2025-04-03 15:14:08,372: Back Left Min: 0.65, Back Right Min: 0.54
[rosout][INFO] 2025-04-03 15:14:08,469: Back Left Min: 0.65, Back Right Min: 0.54
[rosout][INFO] 2025-04-03 15:14:08,573: Back Left Min: 0.65, Back Right Min: 0.54
[rosout][INFO] 2025-04-03 15:14:08,669: Back Left Min: 0.65, Back Right Min: 0.54
[rosout][INFO] 2025-04-03 15:14:08,773: Back Left Min: 0.65, Back Right Min: 0.54
[rosout][INFO] 2025-04-03 15:14:08,870: Back Left Min: 0.65, Back Right Min: 0.54
[rosout][INFO] 2025-04-03 15:14:08,973: Back Left Min: 0.65, Back Right Min: 0.54
[rosout][INFO] 2025-04-03 15:14:09,070: Back Left Min: 0.65, Back Right Min: 0.54
[rosout][INFO] 2025-04-03 15:14:09,173: Back Left Min: 0.65, Back Right Min: 0.54
[rosout][INFO] 2025-04-03 15:14:09,270: Back Left Min: 0.65, Back Right Min: 0.54
[rosout][INFO] 2025-04-03 15:14:09,373: Back Left Min: 0.65, Back Right Min: 0.54
[rosout][INFO] 2025-04-03 15:14:09,470: Back Left Min: 0.65, Back Right Min: 0.54
[rosout][INFO] 2025-04-03 15:14:09,573: Back Left Min: 0.65, Back Right Min: 0.54
[rosout][INFO] 2025-04-03 15:14:09,670: Back Left Min: 0.65, Back Right Min: 0.54
[rosout][INFO] 2025-04-03 15:14:09,773: Back Left Min: 0.65, Back Right Min: 0.54
[rosout][INFO] 2025-04-03 15:14:09,870: Back Left Min: 0.65, Back Right Min: 0.54
[rosout][INFO] 2025-04-03 15:14:09,973: Back Left Min: 0.65, Back Right Min: 0.54
[rosout][INFO] 2025-04-03 15:14:10,070: Back Left Min: 0.65, Back Right Min: 0.54
[rosout][INFO] 2025-04-03 15:14:10,173: Back Left Min: 0.65, Back Right Min: 0.54
[rosout][INFO] 2025-04-03 15:14:10,270: Back Left Min: 0.65, Back Right Min: 0.54
[rosout][INFO] 2025-04-03 15:14:10,373: Back Left Min: 0.65, Back Right Min: 0.54
[rosout][INFO] 2025-04-03 15:14:10,470: Back Left Min: 0.65, Back Right Min: 0.54
[rosout][INFO] 2025-04-03 15:14:10,573: Back Left Min: 0.65, Back Right Min: 0.54
[rosout][INFO] 2025-04-03 15:14:10,670: Back Left Min: 0.65, Back Right Min: 0.54
[rosout][INFO] 2025-04-03 15:14:10,773: Back Left Min: 0.65, Back Right Min: 0.54
[rosout][INFO] 2025-04-03 15:14:10,870: Back Left Min: 0.65, Back Right Min: 0.54
[rosout][INFO] 2025-04-03 15:14:10,973: Back Left Min: 0.65, Back Right Min: 0.54
[rosout][INFO] 2025-04-03 15:14:11,070: Back Left Min: 0.65, Back Right Min: 0.54
[rosout][INFO] 2025-04-03 15:14:11,174: Back Left Min: 0.65, Back Right Min: 0.54
[rosout][INFO] 2025-04-03 15:14:11,270: Back Left Min: 0.65, Back Right Min: 0.54
[rosout][INFO] 2025-04-03 15:14:11,374: Back Left Min: 0.65, Back Right Min: 0.54
[rosout][INFO] 2025-04-03 15:14:11,471: Back Left Min: 0.65, Back Right Min: 0.54
[rosout][INFO] 2025-04-03 15:14:11,574: Back Left Min: 0.65, Back Right Min: 0.54
[rosout][INFO] 2025-04-03 15:14:11,671: Back Left Min: 0.65, Back Right Min: 0.54
[rosout][INFO] 2025-04-03 15:14:11,774: Back Left Min: 0.65, Back Right Min: 0.54
[rosout][INFO] 2025-04-03 15:14:11,871: Back Left Min: 0.65, Back Right Min: 0.54
[rosout][INFO] 2025-04-03 15:14:11,974: Back Left Min: 0.65, Back Right Min: 0.54
[rosout][INFO] 2025-04-03 15:14:12,071: Back Left Min: 0.65, Back Right Min: 0.54
[rosout][INFO] 2025-04-03 15:14:12,174: Back Left Min: 0.65, Back Right Min: 0.54
[rosout][INFO] 2025-04-03 15:14:12,271: Back Left Min: 0.65, Back Right Min: 0.54
[rosout][INFO] 2025-04-03 15:14:12,374: Back Left Min: 0.65, Back Right Min: 0.54
[rosout][INFO] 2025-04-03 15:14:12,471: Back Left Min: 0.65, Back Right Min: 0.54
[rosout][INFO] 2025-04-03 15:14:12,574: Back Left Min: 0.65, Back Right Min: 0.54
[rosout][INFO] 2025-04-03 15:14:12,671: Back Left Min: 0.65, Back Right Min: 0.54
[rosout][INFO] 2025-04-03 15:14:12,774: Back Left Min: 0.65, Back Right Min: 0.54
[rosout][INFO] 2025-04-03 15:14:12,871: Back Left Min: 0.65, Back Right Min: 0.54
[rosout][INFO] 2025-04-03 15:14:12,974: Back Left Min: 0.65, Back Right Min: 0.54
[rosout][INFO] 2025-04-03 15:14:13,071: Back Left Min: 0.65, Back Right Min: 0.54
[rosout][INFO] 2025-04-03 15:14:13,174: Back Left Min: 0.65, Back Right Min: 0.54
[rosout][INFO] 2025-04-03 15:14:13,271: Back Left Min: 0.65, Back Right Min: 0.54
[rosout][INFO] 2025-04-03 15:14:13,374: Back Left Min: 0.65, Back Right Min: 0.54
[rosout][INFO] 2025-04-03 15:14:13,471: Back Left Min: 0.65, Back Right Min: 0.54
[rosout][INFO] 2025-04-03 15:14:13,575: Back Left Min: 0.65, Back Right Min: 0.54
[rosout][INFO] 2025-04-03 15:14:13,671: Back Left Min: 0.65, Back Right Min: 0.54
[rosout][INFO] 2025-04-03 15:14:13,775: Back Left Min: 0.65, Back Right Min: 0.54
[rosout][INFO] 2025-04-03 15:14:13,871: Back Left Min: 0.65, Back Right Min: 0.54
[rosout][INFO] 2025-04-03 15:14:13,975: Back Left Min: 0.65, Back Right Min: 0.54
[rosout][INFO] 2025-04-03 15:14:14,072: Back Left Min: 0.65, Back Right Min: 0.54
[rosout][INFO] 2025-04-03 15:14:14,175: Back Left Min: 0.65, Back Right Min: 0.54
[rosout][INFO] 2025-04-03 15:14:14,272: Back Left Min: 0.65, Back Right Min: 0.54
[rosout][INFO] 2025-04-03 15:14:14,375: Back Left Min: 0.65, Back Right Min: 0.54
[rosout][INFO] 2025-04-03 15:14:14,472: Back Left Min: 0.65, Back Right Min: 0.54
[rosout][INFO] 2025-04-03 15:14:14,575: Back Left Min: 0.65, Back Right Min: 0.54
[rosout][INFO] 2025-04-03 15:14:14,672: Back Left Min: 0.65, Back Right Min: 0.54
[rosout][INFO] 2025-04-03 15:14:14,775: Back Left Min: 0.65, Back Right Min: 0.54
[rosout][INFO] 2025-04-03 15:14:14,872: Back Left Min: 0.65, Back Right Min: 0.54
[rosout][INFO] 2025-04-03 15:14:14,975: Back Left Min: 0.65, Back Right Min: 0.54
[rosout][INFO] 2025-04-03 15:14:15,072: Back Left Min: 0.65, Back Right Min: 0.54
[rosout][INFO] 2025-04-03 15:14:15,175: Back Left Min: 0.65, Back Right Min: 0.54
[rosout][INFO] 2025-04-03 15:14:15,272: Back Left Min: 0.65, Back Right Min: 0.54
[rosout][INFO] 2025-04-03 15:14:15,375: Back Left Min: 0.65, Back Right Min: 0.54
[rosout][INFO] 2025-04-03 15:14:15,472: Back Left Min: 0.65, Back Right Min: 0.54
[rosout][INFO] 2025-04-03 15:14:15,575: Back Left Min: 0.65, Back Right Min: 0.54
[rosout][INFO] 2025-04-03 15:14:15,672: Back Left Min: 0.65, Back Right Min: 0.54
[rosout][INFO] 2025-04-03 15:14:15,775: Back Left Min: 0.65, Back Right Min: 0.54
[rosout][INFO] 2025-04-03 15:14:15,872: Back Left Min: 0.65, Back Right Min: 0.54
[rosout][INFO] 2025-04-03 15:14:15,976: Back Left Min: 0.65, Back Right Min: 0.54
[rosout][INFO] 2025-04-03 15:14:16,072: Back Left Min: 0.65, Back Right Min: 0.54
[rosout][INFO] 2025-04-03 15:14:16,176: Back Left Min: 0.65, Back Right Min: 0.54
[rosout][INFO] 2025-04-03 15:14:16,272: Back Left Min: 0.65, Back Right Min: 0.54
[rosout][INFO] 2025-04-03 15:14:16,376: Back Left Min: 0.65, Back Right Min: 0.54
[rosout][INFO] 2025-04-03 15:14:16,473: Back Left Min: 0.65, Back Right Min: 0.54
[rosout][INFO] 2025-04-03 15:14:16,576: Back Left Min: 0.65, Back Right Min: 0.54
[rosout][INFO] 2025-04-03 15:14:16,673: Back Left Min: 0.65, Back Right Min: 0.54
[rosout][INFO] 2025-04-03 15:14:16,776: Back Left Min: 0.65, Back Right Min: 0.54
[rosout][INFO] 2025-04-03 15:14:16,873: Back Left Min: 0.65, Back Right Min: 0.54
[rosout][INFO] 2025-04-03 15:14:16,976: Back Left Min: 0.65, Back Right Min: 0.54
[rosout][INFO] 2025-04-03 15:14:17,073: Back Left Min: 0.65, Back Right Min: 0.54
[rosout][INFO] 2025-04-03 15:14:17,176: Back Left Min: 0.65, Back Right Min: 0.54
[rosout][INFO] 2025-04-03 15:14:17,273: Back Left Min: 0.65, Back Right Min: 0.54
[rosout][INFO] 2025-04-03 15:14:17,376: Back Left Min: 0.65, Back Right Min: 0.54
[rosout][INFO] 2025-04-03 15:14:17,473: Back Left Min: 0.65, Back Right Min: 0.54
[rosout][INFO] 2025-04-03 15:14:17,576: Back Left Min: 0.65, Back Right Min: 0.54
[rosout][INFO] 2025-04-03 15:14:17,673: Back Left Min: 0.65, Back Right Min: 0.54
[rosout][INFO] 2025-04-03 15:14:17,776: Back Left Min: 0.65, Back Right Min: 0.54
[rosout][INFO] 2025-04-03 15:14:17,873: Back Left Min: 0.65, Back Right Min: 0.54
[rosout][INFO] 2025-04-03 15:14:17,976: Back Left Min: 0.65, Back Right Min: 0.54
[rosout][INFO] 2025-04-03 15:14:18,073: Back Left Min: 0.65, Back Right Min: 0.54
[rosout][INFO] 2025-04-03 15:14:18,177: Back Left Min: 0.65, Back Right Min: 0.54
[rosout][INFO] 2025-04-03 15:14:18,273: Back Left Min: 0.65, Back Right Min: 0.54
[rosout][INFO] 2025-04-03 15:14:18,377: Back Left Min: 0.65, Back Right Min: 0.54
[rosout][INFO] 2025-04-03 15:14:18,473: Back Left Min: 0.65, Back Right Min: 0.54
[rosout][INFO] 2025-04-03 15:14:18,577: Back Left Min: 0.65, Back Right Min: 0.54
[rosout][INFO] 2025-04-03 15:14:18,673: Back Left Min: 0.65, Back Right Min: 0.54
[rosout][INFO] 2025-04-03 15:14:18,777: Back Left Min: 0.65, Back Right Min: 0.54
[rosout][INFO] 2025-04-03 15:14:18,873: Back Left Min: 0.65, Back Right Min: 0.54
[rosout][INFO] 2025-04-03 15:14:18,977: Back Left Min: 0.65, Back Right Min: 0.54
[rosout][INFO] 2025-04-03 15:14:19,074: Back Left Min: 0.65, Back Right Min: 0.54
[rosout][INFO] 2025-04-03 15:14:19,177: Back Left Min: 0.65, Back Right Min: 0.54
[rosout][INFO] 2025-04-03 15:14:19,274: Back Left Min: 0.65, Back Right Min: 0.54
[rosout][INFO] 2025-04-03 15:14:19,377: Back Left Min: 0.65, Back Right Min: 0.54
[rosout][INFO] 2025-04-03 15:14:19,474: Back Left Min: 0.65, Back Right Min: 0.54
[rosout][INFO] 2025-04-03 15:14:19,577: Back Left Min: 0.65, Back Right Min: 0.54
[rosout][INFO] 2025-04-03 15:14:19,674: Back Left Min: 0.65, Back Right Min: 0.54
[rosout][INFO] 2025-04-03 15:14:19,777: Back Left Min: 0.65, Back Right Min: 0.54
[rosout][INFO] 2025-04-03 15:14:19,874: Back Left Min: 0.65, Back Right Min: 0.54
[rosout][INFO] 2025-04-03 15:14:19,977: Back Left Min: 0.65, Back Right Min: 0.54
[rosout][INFO] 2025-04-03 15:14:20,074: Back Left Min: 0.65, Back Right Min: 0.54
[rosout][INFO] 2025-04-03 15:14:20,177: Back Left Min: 0.65, Back Right Min: 0.54
[rosout][INFO] 2025-04-03 15:14:20,274: Back Left Min: 0.65, Back Right Min: 0.54
[rosout][INFO] 2025-04-03 15:14:20,377: Back Left Min: 0.65, Back Right Min: 0.54
[rosout][INFO] 2025-04-03 15:14:20,474: Back Left Min: 0.65, Back Right Min: 0.54
[rosout][INFO] 2025-04-03 15:14:20,577: Back Left Min: 0.65, Back Right Min: 0.54
[rosout][INFO] 2025-04-03 15:14:20,674: Back Left Min: 0.65, Back Right Min: 0.54
[rosout][INFO] 2025-04-03 15:14:20,777: Back Left Min: 0.65, Back Right Min: 0.54
[rosout][INFO] 2025-04-03 15:14:20,874: Back Left Min: 0.65, Back Right Min: 0.54
[rosout][INFO] 2025-04-03 15:14:20,977: Back Left Min: 0.65, Back Right Min: 0.54
[rosout][INFO] 2025-04-03 15:14:21,074: Back Left Min: 0.65, Back Right Min: 0.54
[rosout][INFO] 2025-04-03 15:14:21,178: Back Left Min: 0.65, Back Right Min: 0.54
[rosout][INFO] 2025-04-03 15:14:21,274: Back Left Min: 0.65, Back Right Min: 0.54
[rosout][INFO] 2025-04-03 15:14:21,378: Back Left Min: 0.65, Back Right Min: 0.54
[rosout][INFO] 2025-04-03 15:14:21,475: Back Left Min: 0.65, Back Right Min: 0.54
[rosout][INFO] 2025-04-03 15:14:21,578: Back Left Min: 0.65, Back Right Min: 0.54
[rosout][INFO] 2025-04-03 15:14:21,675: Back Left Min: 0.65, Back Right Min: 0.54
[rosout][INFO] 2025-04-03 15:14:21,778: Back Left Min: 0.65, Back Right Min: 0.54
[rosout][INFO] 2025-04-03 15:14:21,875: Back Left Min: 0.65, Back Right Min: 0.54
[rosout][INFO] 2025-04-03 15:14:21,978: Back Left Min: 0.65, Back Right Min: 0.54
[rosout][INFO] 2025-04-03 15:14:22,075: Back Left Min: 0.65, Back Right Min: 0.54
[rosout][INFO] 2025-04-03 15:14:22,178: Back Left Min: 0.65, Back Right Min: 0.54
[rosout][INFO] 2025-04-03 15:14:22,275: Back Left Min: 0.65, Back Right Min: 0.54
[rosout][INFO] 2025-04-03 15:14:22,378: Back Left Min: 0.65, Back Right Min: 0.54
[rosout][INFO] 2025-04-03 15:14:22,475: Back Left Min: 0.65, Back Right Min: 0.54
[rosout][INFO] 2025-04-03 15:14:22,578: Back Left Min: 0.65, Back Right Min: 0.54
[rosout][INFO] 2025-04-03 15:14:22,675: Back Left Min: 0.65, Back Right Min: 0.54
[rosout][INFO] 2025-04-03 15:14:22,778: Back Left Min: 0.65, Back Right Min: 0.54
[rosout][INFO] 2025-04-03 15:14:22,875: Back Left Min: 0.65, Back Right Min: 0.54
[rosout][INFO] 2025-04-03 15:14:22,978: Back Left Min: 0.65, Back Right Min: 0.54
[rosout][INFO] 2025-04-03 15:14:23,075: Back Left Min: 0.65, Back Right Min: 0.54
[rosout][INFO] 2025-04-03 15:14:23,178: Back Left Min: 0.65, Back Right Min: 0.54
[rosout][INFO] 2025-04-03 15:14:23,275: Back Left Min: 0.65, Back Right Min: 0.54
[rosout][INFO] 2025-04-03 15:14:23,378: Back Left Min: 0.65, Back Right Min: 0.54
[rosout][INFO] 2025-04-03 15:14:23,475: Back Left Min: 0.65, Back Right Min: 0.54
[rosout][INFO] 2025-04-03 15:14:23,579: Back Left Min: 0.65, Back Right Min: 0.54
[rosout][INFO] 2025-04-03 15:14:23,675: Back Left Min: 0.65, Back Right Min: 0.54
[rosout][INFO] 2025-04-03 15:14:23,779: Back Left Min: 0.65, Back Right Min: 0.54
[rosout][INFO] 2025-04-03 15:14:23,875: Back Left Min: 0.65, Back Right Min: 0.54
[rosout][INFO] 2025-04-03 15:14:23,979: Back Left Min: 0.65, Back Right Min: 0.54
[rosout][INFO] 2025-04-03 15:14:24,076: Back Left Min: 0.65, Back Right Min: 0.54
[rosout][INFO] 2025-04-03 15:14:24,179: Back Left Min: 0.65, Back Right Min: 0.54
[rosout][INFO] 2025-04-03 15:14:24,276: Back Left Min: 0.65, Back Right Min: 0.54
[rosout][INFO] 2025-04-03 15:14:24,379: Back Left Min: 0.65, Back Right Min: 0.54
[rosout][INFO] 2025-04-03 15:14:24,476: Back Left Min: 0.65, Back Right Min: 0.54
[rosout][INFO] 2025-04-03 15:14:24,579: Back Left Min: 0.65, Back Right Min: 0.54
[rosout][INFO] 2025-04-03 15:14:24,676: Back Left Min: 0.65, Back Right Min: 0.54
[rosout][INFO] 2025-04-03 15:14:24,779: Back Left Min: 0.65, Back Right Min: 0.54
[rosout][INFO] 2025-04-03 15:14:24,876: Back Left Min: 0.65, Back Right Min: 0.54
[rosout][INFO] 2025-04-03 15:14:24,979: Back Left Min: 0.65, Back Right Min: 0.54
[rosout][INFO] 2025-04-03 15:14:25,076: Back Left Min: 0.65, Back Right Min: 0.54
[rosout][INFO] 2025-04-03 15:14:25,179: Back Left Min: 0.65, Back Right Min: 0.54
[rosout][INFO] 2025-04-03 15:14:25,276: Back Left Min: 0.65, Back Right Min: 0.54
[rosout][INFO] 2025-04-03 15:14:25,379: Back Left Min: 0.65, Back Right Min: 0.54
[rosout][INFO] 2025-04-03 15:14:25,476: Back Left Min: 0.65, Back Right Min: 0.54
[rosout][INFO] 2025-04-03 15:14:25,579: Back Left Min: 0.65, Back Right Min: 0.54
[rosout][INFO] 2025-04-03 15:14:25,676: Back Left Min: 0.65, Back Right Min: 0.54
[rosout][INFO] 2025-04-03 15:14:25,779: Back Left Min: 0.65, Back Right Min: 0.54
[rosout][INFO] 2025-04-03 15:14:25,876: Back Left Min: 0.65, Back Right Min: 0.54
[rosout][INFO] 2025-04-03 15:14:25,980: Back Left Min: 0.65, Back Right Min: 0.54
[rosout][INFO] 2025-04-03 15:14:26,076: Back Left Min: 0.65, Back Right Min: 0.54
[rosout][INFO] 2025-04-03 15:14:26,180: Back Left Min: 0.65, Back Right Min: 0.54
[rosout][INFO] 2025-04-03 15:14:26,276: Back Left Min: 0.65, Back Right Min: 0.54
[rosout][INFO] 2025-04-03 15:14:26,380: Back Left Min: 0.65, Back Right Min: 0.54
[rosout][INFO] 2025-04-03 15:14:26,477: Back Left Min: 0.65, Back Right Min: 0.54
[rosout][INFO] 2025-04-03 15:14:26,580: Back Left Min: 0.65, Back Right Min: 0.54
[rosout][INFO] 2025-04-03 15:14:26,677: Back Left Min: 0.65, Back Right Min: 0.54
[rosout][INFO] 2025-04-03 15:14:26,780: Back Left Min: 0.65, Back Right Min: 0.54
[rosout][INFO] 2025-04-03 15:14:26,877: Back Left Min: 0.65, Back Right Min: 0.54
[rosout][INFO] 2025-04-03 15:14:26,980: Back Left Min: 0.65, Back Right Min: 0.54
[rosout][INFO] 2025-04-03 15:14:27,077: Back Left Min: 0.65, Back Right Min: 0.54
[rosout][INFO] 2025-04-03 15:14:27,180: Back Left Min: 0.65, Back Right Min: 0.54
[rosout][INFO] 2025-04-03 15:14:27,277: Back Left Min: 0.65, Back Right Min: 0.54
[rosout][INFO] 2025-04-03 15:14:27,380: Back Left Min: 0.65, Back Right Min: 0.54
[rosout][INFO] 2025-04-03 15:14:27,477: Back Left Min: 0.65, Back Right Min: 0.54
[rosout][INFO] 2025-04-03 15:14:27,580: Back Left Min: 0.65, Back Right Min: 0.54
[rosout][INFO] 2025-04-03 15:14:27,677: Back Left Min: 0.65, Back Right Min: 0.54
[rosout][INFO] 2025-04-03 15:14:27,780: Back Left Min: 0.65, Back Right Min: 0.54
[rosout][INFO] 2025-04-03 15:14:27,877: Back Left Min: 0.65, Back Right Min: 0.54
[rosout][INFO] 2025-04-03 15:14:27,980: Back Left Min: 0.65, Back Right Min: 0.54
[rosout][INFO] 2025-04-03 15:14:28,077: Back Left Min: 0.65, Back Right Min: 0.54
[rosout][INFO] 2025-04-03 15:14:28,180: Back Left Min: 0.65, Back Right Min: 0.54
[rosout][INFO] 2025-04-03 15:14:28,277: Back Left Min: 0.65, Back Right Min: 0.54
[rosout][INFO] 2025-04-03 15:14:28,381: Back Left Min: 0.65, Back Right Min: 0.54
[rosout][INFO] 2025-04-03 15:14:28,477: Back Left Min: 0.65, Back Right Min: 0.54
[rosout][INFO] 2025-04-03 15:14:28,581: Back Left Min: 0.65, Back Right Min: 0.54
[rosout][INFO] 2025-04-03 15:14:28,677: Back Left Min: 0.65, Back Right Min: 0.54
[rosout][INFO] 2025-04-03 15:14:28,781: Back Left Min: 0.65, Back Right Min: 0.54
[rosout][INFO] 2025-04-03 15:14:28,878: Back Left Min: 0.65, Back Right Min: 0.54
[rosout][INFO] 2025-04-03 15:14:28,981: Back Left Min: 0.65, Back Right Min: 0.54
[rosout][INFO] 2025-04-03 15:14:29,078: Back Left Min: 0.65, Back Right Min: 0.54
[rosout][INFO] 2025-04-03 15:14:29,181: Back Left Min: 0.65, Back Right Min: 0.54
[rosout][INFO] 2025-04-03 15:14:29,278: Back Left Min: 0.65, Back Right Min: 0.54
[rosout][INFO] 2025-04-03 15:14:29,381: Back Left Min: 0.65, Back Right Min: 0.54
[rosout][INFO] 2025-04-03 15:14:29,478: Back Left Min: 0.65, Back Right Min: 0.54
[rosout][INFO] 2025-04-03 15:14:29,581: Back Left Min: 0.65, Back Right Min: 0.54
[rosout][INFO] 2025-04-03 15:14:29,678: Back Left Min: 0.65, Back Right Min: 0.54
[rosout][INFO] 2025-04-03 15:14:29,781: Back Left Min: 0.65, Back Right Min: 0.54
[rosout][INFO] 2025-04-03 15:14:29,878: Back Left Min: 0.65, Back Right Min: 0.54
[rosout][INFO] 2025-04-03 15:14:29,981: Back Left Min: 0.65, Back Right Min: 0.54
[rosout][INFO] 2025-04-03 15:14:30,078: Back Left Min: 0.65, Back Right Min: 0.54
[rosout][INFO] 2025-04-03 15:14:30,181: Back Left Min: 0.65, Back Right Min: 0.54
[rosout][INFO] 2025-04-03 15:14:30,278: Back Left Min: 0.65, Back Right Min: 0.54
[rosout][INFO] 2025-04-03 15:14:30,381: Back Left Min: 0.65, Back Right Min: 0.54
[rosout][INFO] 2025-04-03 15:14:30,478: Back Left Min: 0.65, Back Right Min: 0.54
[rosout][INFO] 2025-04-03 15:14:30,581: Back Left Min: 0.65, Back Right Min: 0.54
[rosout][INFO] 2025-04-03 15:14:30,678: Back Left Min: 0.65, Back Right Min: 0.54
[rosout][INFO] 2025-04-03 15:14:30,781: Back Left Min: 0.65, Back Right Min: 0.54
[rosout][INFO] 2025-04-03 15:14:30,878: Back Left Min: 0.65, Back Right Min: 0.54
[rosout][INFO] 2025-04-03 15:14:30,982: Back Left Min: 0.65, Back Right Min: 0.54
[rosout][INFO] 2025-04-03 15:14:31,078: Back Left Min: 0.65, Back Right Min: 0.54
[rosout][INFO] 2025-04-03 15:14:31,182: Back Left Min: 0.65, Back Right Min: 0.54
[rosout][INFO] 2025-04-03 15:14:31,279: Back Left Min: 0.65, Back Right Min: 0.54
[rosout][INFO] 2025-04-03 15:14:31,382: Back Left Min: 0.65, Back Right Min: 0.54
[rosout][INFO] 2025-04-03 15:14:31,479: Back Left Min: 0.65, Back Right Min: 0.54
[rosout][INFO] 2025-04-03 15:14:31,582: Back Left Min: 0.65, Back Right Min: 0.54
[rosout][INFO] 2025-04-03 15:14:31,679: Back Left Min: 0.65, Back Right Min: 0.54
[rosout][INFO] 2025-04-03 15:14:31,782: Back Left Min: 0.65, Back Right Min: 0.54
[rosout][INFO] 2025-04-03 15:14:31,879: Back Left Min: 0.65, Back Right Min: 0.54
[rosout][INFO] 2025-04-03 15:14:31,982: Back Left Min: 0.65, Back Right Min: 0.54
[rosout][INFO] 2025-04-03 15:14:32,079: Back Left Min: 0.65, Back Right Min: 0.54
[rosout][INFO] 2025-04-03 15:14:32,182: Back Left Min: 0.65, Back Right Min: 0.54
[rosout][INFO] 2025-04-03 15:14:32,279: Back Left Min: 0.65, Back Right Min: 0.54
[rosout][INFO] 2025-04-03 15:14:32,382: Back Left Min: 0.65, Back Right Min: 0.54
[rosout][INFO] 2025-04-03 15:14:32,479: Back Left Min: 0.65, Back Right Min: 0.54
[rosout][INFO] 2025-04-03 15:14:32,582: Back Left Min: 0.65, Back Right Min: 0.54
[rosout][INFO] 2025-04-03 15:14:32,679: Back Left Min: 0.65, Back Right Min: 0.54
[rosout][INFO] 2025-04-03 15:14:32,782: Back Left Min: 0.65, Back Right Min: 0.54
[rosout][INFO] 2025-04-03 15:14:32,879: Back Left Min: 0.65, Back Right Min: 0.54
[rosout][INFO] 2025-04-03 15:14:32,982: Back Left Min: 0.65, Back Right Min: 0.54
[rosout][INFO] 2025-04-03 15:14:33,079: Back Left Min: 0.65, Back Right Min: 0.54
[rosout][INFO] 2025-04-03 15:14:33,182: Back Left Min: 0.65, Back Right Min: 0.54
[rosout][INFO] 2025-04-03 15:14:33,279: Back Left Min: 0.65, Back Right Min: 0.54
[rosout][INFO] 2025-04-03 15:14:33,383: Back Left Min: 0.65, Back Right Min: 0.54
[rosout][INFO] 2025-04-03 15:14:33,479: Back Left Min: 0.65, Back Right Min: 0.54
[rosout][INFO] 2025-04-03 15:14:33,583: Back Left Min: 0.65, Back Right Min: 0.54
[rosout][INFO] 2025-04-03 15:14:33,680: Back Left Min: 0.65, Back Right Min: 0.54
[rosout][INFO] 2025-04-03 15:14:33,783: Back Left Min: 0.65, Back Right Min: 0.54
[rosout][INFO] 2025-04-03 15:14:33,880: Back Left Min: 0.65, Back Right Min: 0.54
[rosout][INFO] 2025-04-03 15:14:33,983: Back Left Min: 0.65, Back Right Min: 0.54
[rosout][INFO] 2025-04-03 15:14:34,080: Back Left Min: 0.65, Back Right Min: 0.54
[rosout][INFO] 2025-04-03 15:14:34,183: Back Left Min: 0.65, Back Right Min: 0.54
[rosout][INFO] 2025-04-03 15:14:34,280: Back Left Min: 0.65, Back Right Min: 0.54
[rosout][INFO] 2025-04-03 15:14:34,383: Back Left Min: 0.65, Back Right Min: 0.54
[rosout][INFO] 2025-04-03 15:14:34,480: Back Left Min: 0.65, Back Right Min: 0.54
[rosout][INFO] 2025-04-03 15:14:34,583: Back Left Min: 0.65, Back Right Min: 0.54
[rosout][INFO] 2025-04-03 15:14:34,680: Back Left Min: 0.65, Back Right Min: 0.54
[rosout][INFO] 2025-04-03 15:14:34,783: Back Left Min: 0.65, Back Right Min: 0.54
[rosout][INFO] 2025-04-03 15:14:34,880: Back Left Min: 0.65, Back Right Min: 0.54
[rosout][INFO] 2025-04-03 15:14:34,983: Back Left Min: 0.65, Back Right Min: 0.54
[rosout][INFO] 2025-04-03 15:14:35,080: Back Left Min: 0.65, Back Right Min: 0.54
[rosout][INFO] 2025-04-03 15:14:35,183: Back Left Min: 0.65, Back Right Min: 0.54
[rosout][INFO] 2025-04-03 15:14:35,280: Back Left Min: 0.65, Back Right Min: 0.54
[rosout][INFO] 2025-04-03 15:14:35,383: Back Left Min: 0.65, Back Right Min: 0.54
[rosout][INFO] 2025-04-03 15:14:35,480: Back Left Min: 0.65, Back Right Min: 0.54
[rosout][INFO] 2025-04-03 15:14:35,583: Back Left Min: 0.65, Back Right Min: 0.54
[rosout][INFO] 2025-04-03 15:14:35,680: Back Left Min: 0.65, Back Right Min: 0.54
[rosout][INFO] 2025-04-03 15:14:35,784: Back Left Min: 0.65, Back Right Min: 0.54
[rosout][INFO] 2025-04-03 15:14:35,881: Back Left Min: 0.65, Back Right Min: 0.54
[rosout][INFO] 2025-04-03 15:14:35,984: Back Left Min: 0.65, Back Right Min: 0.54
[rosout][INFO] 2025-04-03 15:14:36,081: Back Left Min: 0.65, Back Right Min: 0.54
[rosout][INFO] 2025-04-03 15:14:36,184: Back Left Min: 0.65, Back Right Min: 0.54
[rosout][INFO] 2025-04-03 15:14:36,281: Back Left Min: 0.65, Back Right Min: 0.54
[rosout][INFO] 2025-04-03 15:14:36,384: Back Left Min: 0.65, Back Right Min: 0.54
[rosout][INFO] 2025-04-03 15:14:36,481: Back Left Min: 0.65, Back Right Min: 0.54
[rosout][INFO] 2025-04-03 15:14:36,584: Back Left Min: 0.65, Back Right Min: 0.54
[rosout][INFO] 2025-04-03 15:14:36,681: Back Left Min: 0.65, Back Right Min: 0.54
[rosout][INFO] 2025-04-03 15:14:36,784: Back Left Min: 0.65, Back Right Min: 0.54
[rosout][INFO] 2025-04-03 15:14:36,881: Back Left Min: 0.65, Back Right Min: 0.54
[rosout][INFO] 2025-04-03 15:14:36,984: Back Left Min: 0.65, Back Right Min: 0.54
[rosout][INFO] 2025-04-03 15:14:37,081: Back Left Min: 0.65, Back Right Min: 0.54
[rosout][INFO] 2025-04-03 15:14:37,184: Back Left Min: 0.65, Back Right Min: 0.54
[rosout][INFO] 2025-04-03 15:14:37,281: Back Left Min: 0.65, Back Right Min: 0.54
[rosout][INFO] 2025-04-03 15:14:37,384: Back Left Min: 0.65, Back Right Min: 0.54
[rosout][INFO] 2025-04-03 15:14:37,481: Back Left Min: 0.65, Back Right Min: 0.54
[rosout][INFO] 2025-04-03 15:14:37,584: Back Left Min: 0.65, Back Right Min: 0.54
[rosout][INFO] 2025-04-03 15:14:37,681: Back Left Min: 0.65, Back Right Min: 0.54
[rosout][INFO] 2025-04-03 15:14:37,784: Back Left Min: 0.65, Back Right Min: 0.54
[rosout][INFO] 2025-04-03 15:14:37,881: Back Left Min: 0.65, Back Right Min: 0.54
[rosout][INFO] 2025-04-03 15:14:37,984: Back Left Min: 0.65, Back Right Min: 0.54
[rosout][INFO] 2025-04-03 15:14:38,081: Back Left Min: 0.65, Back Right Min: 0.54
[rosout][INFO] 2025-04-03 15:14:38,185: Back Left Min: 0.65, Back Right Min: 0.54
[rosout][INFO] 2025-04-03 15:14:38,281: Back Left Min: 0.65, Back Right Min: 0.54
[rosout][INFO] 2025-04-03 15:14:38,385: Back Left Min: 0.65, Back Right Min: 0.54
[rosout][INFO] 2025-04-03 15:14:38,481: Back Left Min: 0.65, Back Right Min: 0.54
[rosout][INFO] 2025-04-03 15:14:38,585: Back Left Min: 0.65, Back Right Min: 0.54
[rosout][INFO] 2025-04-03 15:14:38,682: Back Left Min: 0.65, Back Right Min: 0.54
[rosout][INFO] 2025-04-03 15:14:38,785: Back Left Min: 0.65, Back Right Min: 0.54
[rosout][INFO] 2025-04-03 15:14:38,882: Back Left Min: 0.65, Back Right Min: 0.54
[rosout][INFO] 2025-04-03 15:14:38,985: Back Left Min: 0.65, Back Right Min: 0.54
[rosout][INFO] 2025-04-03 15:14:39,082: Back Left Min: 0.65, Back Right Min: 0.54
[rosout][INFO] 2025-04-03 15:14:39,185: Back Left Min: 0.65, Back Right Min: 0.54
[rosout][INFO] 2025-04-03 15:14:39,282: Back Left Min: 0.65, Back Right Min: 0.54
[rosout][INFO] 2025-04-03 15:14:39,385: Back Left Min: 0.65, Back Right Min: 0.54
[rosout][INFO] 2025-04-03 15:14:39,482: Back Left Min: 0.65, Back Right Min: 0.54
[rosout][INFO] 2025-04-03 15:14:39,585: Back Left Min: 0.65, Back Right Min: 0.54
[rosout][INFO] 2025-04-03 15:14:39,682: Back Left Min: 0.65, Back Right Min: 0.54
[rosout][INFO] 2025-04-03 15:14:39,785: Back Left Min: 0.65, Back Right Min: 0.54
[rosout][INFO] 2025-04-03 15:14:39,882: Back Left Min: 0.65, Back Right Min: 0.54
[rosout][INFO] 2025-04-03 15:14:39,985: Back Left Min: 0.65, Back Right Min: 0.54
[rosout][INFO] 2025-04-03 15:14:40,082: Back Left Min: 0.65, Back Right Min: 0.54
[rosout][INFO] 2025-04-03 15:14:40,185: Back Left Min: 0.65, Back Right Min: 0.54
[rosout][INFO] 2025-04-03 15:14:40,282: Back Left Min: 0.65, Back Right Min: 0.54
[rosout][INFO] 2025-04-03 15:14:40,385: Back Left Min: 0.65, Back Right Min: 0.54
[rosout][INFO] 2025-04-03 15:14:40,482: Back Left Min: 0.65, Back Right Min: 0.54
[rosout][INFO] 2025-04-03 15:14:40,586: Back Left Min: 0.65, Back Right Min: 0.54
[rosout][INFO] 2025-04-03 15:14:40,682: Back Left Min: 0.65, Back Right Min: 0.54
[rosout][INFO] 2025-04-03 15:14:40,786: Back Left Min: 0.65, Back Right Min: 0.54
[rosout][INFO] 2025-04-03 15:14:40,882: Back Left Min: 0.65, Back Right Min: 0.54
[rosout][INFO] 2025-04-03 15:14:40,986: Back Left Min: 0.65, Back Right Min: 0.54
[rosout][INFO] 2025-04-03 15:14:41,083: Back Left Min: 0.65, Back Right Min: 0.54
[rosout][INFO] 2025-04-03 15:14:41,186: Back Left Min: 0.65, Back Right Min: 0.54
[rosout][INFO] 2025-04-03 15:14:41,283: Back Left Min: 0.65, Back Right Min: 0.54
[rosout][INFO] 2025-04-03 15:14:41,386: Back Left Min: 0.65, Back Right Min: 0.54
[rosout][INFO] 2025-04-03 15:14:41,483: Back Left Min: 0.65, Back Right Min: 0.54
[rosout][INFO] 2025-04-03 15:14:41,586: Back Left Min: 0.65, Back Right Min: 0.54
[rosout][INFO] 2025-04-03 15:14:41,683: Back Left Min: 0.65, Back Right Min: 0.54
[rosout][INFO] 2025-04-03 15:14:41,786: Back Left Min: 0.65, Back Right Min: 0.54
[rosout][INFO] 2025-04-03 15:14:41,883: Back Left Min: 0.65, Back Right Min: 0.54
[rosout][INFO] 2025-04-03 15:14:41,986: Back Left Min: 0.65, Back Right Min: 0.54
[rosout][INFO] 2025-04-03 15:14:42,083: Back Left Min: 0.65, Back Right Min: 0.54
[rosout][INFO] 2025-04-03 15:14:42,186: Back Left Min: 0.65, Back Right Min: 0.54
[rosout][INFO] 2025-04-03 15:14:42,283: Back Left Min: 0.65, Back Right Min: 0.54
[rosout][INFO] 2025-04-03 15:14:42,386: Back Left Min: 0.65, Back Right Min: 0.54
[rosout][INFO] 2025-04-03 15:14:42,483: Back Left Min: 0.65, Back Right Min: 0.54
[rosout][INFO] 2025-04-03 15:14:42,586: Back Left Min: 0.65, Back Right Min: 0.54
[rosout][INFO] 2025-04-03 15:14:42,683: Back Left Min: 0.65, Back Right Min: 0.54
[rosout][INFO] 2025-04-03 15:14:42,786: Back Left Min: 0.65, Back Right Min: 0.54
[rosout][INFO] 2025-04-03 15:14:42,883: Back Left Min: 0.65, Back Right Min: 0.54
[rosout][INFO] 2025-04-03 15:14:42,987: Back Left Min: 0.65, Back Right Min: 0.54
[rosout][INFO] 2025-04-03 15:14:43,083: Back Left Min: 0.65, Back Right Min: 0.54
[rosout][INFO] 2025-04-03 15:14:43,187: Back Left Min: 0.65, Back Right Min: 0.54
[rosout][INFO] 2025-04-03 15:14:43,283: Back Left Min: 0.65, Back Right Min: 0.54
[rosout][INFO] 2025-04-03 15:14:43,387: Back Left Min: 0.65, Back Right Min: 0.54
[rosout][INFO] 2025-04-03 15:14:43,484: Back Left Min: 0.65, Back Right Min: 0.54
[rosout][INFO] 2025-04-03 15:14:43,587: Back Left Min: 0.65, Back Right Min: 0.54
[rosout][INFO] 2025-04-03 15:14:43,684: Back Left Min: 0.65, Back Right Min: 0.54
[rosout][INFO] 2025-04-03 15:14:43,787: Back Left Min: 0.65, Back Right Min: 0.54
[rosout][INFO] 2025-04-03 15:14:43,884: Back Left Min: 0.65, Back Right Min: 0.54
[rosout][INFO] 2025-04-03 15:14:43,987: Back Left Min: 0.65, Back Right Min: 0.54
[rosout][INFO] 2025-04-03 15:14:44,084: Back Left Min: 0.65, Back Right Min: 0.54
[rosout][INFO] 2025-04-03 15:14:44,187: Back Left Min: 0.65, Back Right Min: 0.54
[rosout][INFO] 2025-04-03 15:14:44,284: Back Left Min: 0.65, Back Right Min: 0.54
[rosout][INFO] 2025-04-03 15:14:44,388: Back Left Min: 0.65, Back Right Min: 0.54
[rosout][INFO] 2025-04-03 15:14:44,484: Back Left Min: 0.65, Back Right Min: 0.54
[rosout][INFO] 2025-04-03 15:14:44,587: Back Left Min: 0.65, Back Right Min: 0.54
[rosout][INFO] 2025-04-03 15:14:44,684: Back Left Min: 0.65, Back Right Min: 0.54
[rosout][INFO] 2025-04-03 15:14:44,787: Back Left Min: 0.65, Back Right Min: 0.54
[rosout][INFO] 2025-04-03 15:14:44,884: Back Left Min: 0.65, Back Right Min: 0.54
[rosout][INFO] 2025-04-03 15:14:44,988: Back Left Min: 0.65, Back Right Min: 0.54
[rosout][INFO] 2025-04-03 15:14:45,084: Back Left Min: 0.65, Back Right Min: 0.54
[rosout][INFO] 2025-04-03 15:14:45,188: Back Left Min: 0.65, Back Right Min: 0.54
[rosout][INFO] 2025-04-03 15:14:45,284: Back Left Min: 0.65, Back Right Min: 0.54
[rosout][INFO] 2025-04-03 15:14:45,388: Back Left Min: 0.65, Back Right Min: 0.54
[rosout][INFO] 2025-04-03 15:14:45,484: Back Left Min: 0.65, Back Right Min: 0.54
[rosout][INFO] 2025-04-03 15:14:45,588: Back Left Min: 0.65, Back Right Min: 0.54
[rosout][INFO] 2025-04-03 15:14:45,684: Back Left Min: 0.65, Back Right Min: 0.54
[rosout][INFO] 2025-04-03 15:14:45,788: Back Left Min: 0.65, Back Right Min: 0.54
[rosout][INFO] 2025-04-03 15:14:45,885: Back Left Min: 0.65, Back Right Min: 0.54
[rosout][INFO] 2025-04-03 15:14:45,988: Back Left Min: 0.65, Back Right Min: 0.54
[rosout][INFO] 2025-04-03 15:14:46,085: Back Left Min: 0.65, Back Right Min: 0.54
[rosout][INFO] 2025-04-03 15:14:46,188: Back Left Min: 0.65, Back Right Min: 0.54
[rosout][INFO] 2025-04-03 15:14:46,285: Back Left Min: 0.65, Back Right Min: 0.54
[rosout][INFO] 2025-04-03 15:14:46,388: Back Left Min: 0.65, Back Right Min: 0.54
[rosout][INFO] 2025-04-03 15:14:46,485: Back Left Min: 0.65, Back Right Min: 0.54
[rosout][INFO] 2025-04-03 15:14:46,588: Back Left Min: 0.65, Back Right Min: 0.54
[rosout][INFO] 2025-04-03 15:14:46,685: Back Left Min: 0.65, Back Right Min: 0.54
[rosout][INFO] 2025-04-03 15:14:46,788: Back Left Min: 0.65, Back Right Min: 0.54
[rosout][INFO] 2025-04-03 15:14:46,885: Back Left Min: 0.65, Back Right Min: 0.54
[rosout][INFO] 2025-04-03 15:14:46,988: Back Left Min: 0.65, Back Right Min: 0.54
[rosout][INFO] 2025-04-03 15:14:47,085: Back Left Min: 0.65, Back Right Min: 0.54
[rosout][INFO] 2025-04-03 15:14:47,188: Back Left Min: 0.65, Back Right Min: 0.54
[rosout][INFO] 2025-04-03 15:14:47,285: Back Left Min: 0.65, Back Right Min: 0.54
[rosout][INFO] 2025-04-03 15:14:47,389: Back Left Min: 0.65, Back Right Min: 0.54
[rosout][INFO] 2025-04-03 15:14:47,485: Back Left Min: 0.65, Back Right Min: 0.54
[rosout][INFO] 2025-04-03 15:14:47,589: Back Left Min: 0.65, Back Right Min: 0.54
[rosout][INFO] 2025-04-03 15:14:47,685: Back Left Min: 0.65, Back Right Min: 0.54
[rosout][INFO] 2025-04-03 15:14:47,789: Back Left Min: 0.65, Back Right Min: 0.54
[rosout][INFO] 2025-04-03 15:14:47,885: Back Left Min: 0.65, Back Right Min: 0.54
[rosout][INFO] 2025-04-03 15:14:47,989: Back Left Min: 0.65, Back Right Min: 0.54
[rosout][INFO] 2025-04-03 15:14:48,085: Back Left Min: 0.65, Back Right Min: 0.54
[rosout][INFO] 2025-04-03 15:14:48,189: Back Left Min: 0.65, Back Right Min: 0.54
[rosout][INFO] 2025-04-03 15:14:48,285: Back Left Min: 0.65, Back Right Min: 0.54
[rosout][INFO] 2025-04-03 15:14:48,389: Back Left Min: 0.65, Back Right Min: 0.54
[rosout][INFO] 2025-04-03 15:14:48,486: Back Left Min: 0.65, Back Right Min: 0.54
[rosout][INFO] 2025-04-03 15:14:48,589: Back Left Min: 0.65, Back Right Min: 0.54
[rosout][INFO] 2025-04-03 15:14:48,686: Back Left Min: 0.65, Back Right Min: 0.54
[rosout][INFO] 2025-04-03 15:14:48,789: Back Left Min: 0.65, Back Right Min: 0.54
[rosout][INFO] 2025-04-03 15:14:48,886: Back Left Min: 0.65, Back Right Min: 0.54
[rosout][INFO] 2025-04-03 15:14:48,989: Back Left Min: 0.65, Back Right Min: 0.54
[rosout][INFO] 2025-04-03 15:14:49,086: Back Left Min: 0.65, Back Right Min: 0.54
[rosout][INFO] 2025-04-03 15:14:49,189: Back Left Min: 0.65, Back Right Min: 0.54
[rosout][INFO] 2025-04-03 15:14:49,286: Back Left Min: 0.65, Back Right Min: 0.54
[rosout][INFO] 2025-04-03 15:14:49,389: Back Left Min: 0.65, Back Right Min: 0.54
[rosout][INFO] 2025-04-03 15:14:49,486: Back Left Min: 0.65, Back Right Min: 0.54
[rosout][INFO] 2025-04-03 15:14:49,589: Back Left Min: 0.65, Back Right Min: 0.54
[rosout][INFO] 2025-04-03 15:14:49,686: Back Left Min: 0.65, Back Right Min: 0.54
[rosout][INFO] 2025-04-03 15:14:49,789: Back Left Min: 0.65, Back Right Min: 0.54
[rosout][INFO] 2025-04-03 15:14:49,886: Back Left Min: 0.65, Back Right Min: 0.54
[rosout][INFO] 2025-04-03 15:14:49,989: Back Left Min: 0.65, Back Right Min: 0.54
[rosout][INFO] 2025-04-03 15:14:50,086: Back Left Min: 0.65, Back Right Min: 0.54
[rosout][INFO] 2025-04-03 15:14:50,189: Back Left Min: 0.65, Back Right Min: 0.54
[rosout][INFO] 2025-04-03 15:14:50,286: Back Left Min: 0.65, Back Right Min: 0.54
[rosout][INFO] 2025-04-03 15:14:50,390: Back Left Min: 0.65, Back Right Min: 0.54
[rosout][INFO] 2025-04-03 15:14:50,486: Back Left Min: 0.65, Back Right Min: 0.54
[rosout][INFO] 2025-04-03 15:14:50,590: Back Left Min: 0.65, Back Right Min: 0.54
[rosout][INFO] 2025-04-03 15:14:50,686: Back Left Min: 0.65, Back Right Min: 0.54
[rosout][INFO] 2025-04-03 15:14:50,790: Back Left Min: 0.65, Back Right Min: 0.54
[rosout][INFO] 2025-04-03 15:14:50,887: Back Left Min: 0.65, Back Right Min: 0.54
[rosout][INFO] 2025-04-03 15:14:50,990: Back Left Min: 0.65, Back Right Min: 0.54
[rosout][INFO] 2025-04-03 15:14:51,087: Back Left Min: 0.65, Back Right Min: 0.54
[rosout][INFO] 2025-04-03 15:14:51,190: Back Left Min: 0.65, Back Right Min: 0.54
[rosout][INFO] 2025-04-03 15:14:51,287: Back Left Min: 0.65, Back Right Min: 0.54
[rosout][INFO] 2025-04-03 15:14:51,390: Back Left Min: 0.65, Back Right Min: 0.54
[rosout][INFO] 2025-04-03 15:14:51,487: Back Left Min: 0.65, Back Right Min: 0.54
[rosout][INFO] 2025-04-03 15:14:51,590: Back Left Min: 0.65, Back Right Min: 0.54
[rosout][INFO] 2025-04-03 15:14:51,687: Back Left Min: 0.65, Back Right Min: 0.54
[rosout][INFO] 2025-04-03 15:14:51,790: Back Left Min: 0.65, Back Right Min: 0.54
[rosout][INFO] 2025-04-03 15:14:51,887: Back Left Min: 0.65, Back Right Min: 0.54
[rosout][INFO] 2025-04-03 15:14:51,990: Back Left Min: 0.65, Back Right Min: 0.54
[rosout][INFO] 2025-04-03 15:14:52,087: Back Left Min: 0.65, Back Right Min: 0.54
[rosout][INFO] 2025-04-03 15:14:52,190: Back Left Min: 0.65, Back Right Min: 0.54
[rosout][INFO] 2025-04-03 15:14:52,287: Back Left Min: 0.65, Back Right Min: 0.54
[rosout][INFO] 2025-04-03 15:14:52,390: Back Left Min: 0.65, Back Right Min: 0.54
[rosout][INFO] 2025-04-03 15:14:52,487: Back Left Min: 0.65, Back Right Min: 0.54
[rosout][INFO] 2025-04-03 15:14:52,590: Back Left Min: 0.65, Back Right Min: 0.54
[rosout][INFO] 2025-04-03 15:14:52,687: Back Left Min: 0.65, Back Right Min: 0.54
[rosout][INFO] 2025-04-03 15:14:52,790: Back Left Min: 0.65, Back Right Min: 0.54
[rosout][INFO] 2025-04-03 15:14:52,887: Back Left Min: 0.65, Back Right Min: 0.54
[rosout][INFO] 2025-04-03 15:14:52,991: Back Left Min: 0.65, Back Right Min: 0.54
[rosout][INFO] 2025-04-03 15:14:53,087: Back Left Min: 0.65, Back Right Min: 0.54
[rosout][INFO] 2025-04-03 15:14:53,191: Back Left Min: 0.65, Back Right Min: 0.54
[rosout][INFO] 2025-04-03 15:14:53,288: Back Left Min: 0.65, Back Right Min: 0.54
[rosout][INFO] 2025-04-03 15:14:53,391: Back Left Min: 0.65, Back Right Min: 0.54
[rosout][INFO] 2025-04-03 15:14:53,488: Back Left Min: 0.65, Back Right Min: 0.54
[rosout][INFO] 2025-04-03 15:14:53,591: Back Left Min: 0.65, Back Right Min: 0.54
[rosout][INFO] 2025-04-03 15:14:53,688: Back Left Min: 0.65, Back Right Min: 0.54
[rosout][INFO] 2025-04-03 15:14:53,791: Back Left Min: 0.65, Back Right Min: 0.54
[rosout][INFO] 2025-04-03 15:14:53,888: Back Left Min: 0.65, Back Right Min: 0.54
[rosout][INFO] 2025-04-03 15:14:53,991: Back Left Min: 0.65, Back Right Min: 0.54
[rosout][INFO] 2025-04-03 15:14:54,088: Back Left Min: 0.65, Back Right Min: 0.54
[rosout][INFO] 2025-04-03 15:14:54,191: Back Left Min: 0.65, Back Right Min: 0.54
[rosout][INFO] 2025-04-03 15:14:54,288: Back Left Min: 0.65, Back Right Min: 0.54
[rosout][INFO] 2025-04-03 15:14:54,391: Back Left Min: 0.65, Back Right Min: 0.54
[rosout][INFO] 2025-04-03 15:14:54,488: Back Left Min: 0.65, Back Right Min: 0.54
[rosout][INFO] 2025-04-03 15:14:54,591: Back Left Min: 0.65, Back Right Min: 0.54
[rosout][INFO] 2025-04-03 15:14:54,689: Back Left Min: 0.65, Back Right Min: 0.54
[rosout][INFO] 2025-04-03 15:14:54,791: Back Left Min: 0.65, Back Right Min: 0.54
[rosout][INFO] 2025-04-03 15:14:54,888: Back Left Min: 0.65, Back Right Min: 0.54
[rosout][INFO] 2025-04-03 15:14:54,991: Back Left Min: 0.65, Back Right Min: 0.54
[rosout][INFO] 2025-04-03 15:14:55,088: Back Left Min: 0.65, Back Right Min: 0.54
[rosout][INFO] 2025-04-03 15:14:55,191: Back Left Min: 0.65, Back Right Min: 0.54
[rosout][INFO] 2025-04-03 15:14:55,289: Back Left Min: 0.65, Back Right Min: 0.54
[rosout][INFO] 2025-04-03 15:14:55,392: Back Left Min: 0.65, Back Right Min: 0.54
[rosout][INFO] 2025-04-03 15:14:55,489: Back Left Min: 0.65, Back Right Min: 0.54
[rosout][INFO] 2025-04-03 15:14:55,592: Back Left Min: 0.65, Back Right Min: 0.54
[rosout][INFO] 2025-04-03 15:14:55,689: Back Left Min: 0.65, Back Right Min: 0.54
[rosout][INFO] 2025-04-03 15:14:55,792: Back Left Min: 0.65, Back Right Min: 0.54
[rosout][INFO] 2025-04-03 15:14:55,889: Back Left Min: 0.65, Back Right Min: 0.54
[rosout][INFO] 2025-04-03 15:14:55,992: Back Left Min: 0.65, Back Right Min: 0.54
[rosout][INFO] 2025-04-03 15:14:56,089: Back Left Min: 0.65, Back Right Min: 0.54
[rosout][INFO] 2025-04-03 15:14:56,192: Back Left Min: 0.65, Back Right Min: 0.54
[rosout][INFO] 2025-04-03 15:14:56,289: Back Left Min: 0.65, Back Right Min: 0.54
[rosout][INFO] 2025-04-03 15:14:56,392: Back Left Min: 0.65, Back Right Min: 0.54
[rosout][INFO] 2025-04-03 15:14:56,489: Back Left Min: 0.65, Back Right Min: 0.54
[rosout][INFO] 2025-04-03 15:14:56,592: Back Left Min: 0.65, Back Right Min: 0.54
[rosout][INFO] 2025-04-03 15:14:56,689: Back Left Min: 0.65, Back Right Min: 0.54
[rosout][INFO] 2025-04-03 15:14:56,792: Back Left Min: 0.65, Back Right Min: 0.54
[rosout][INFO] 2025-04-03 15:14:56,889: Back Left Min: 0.65, Back Right Min: 0.54
[rosout][INFO] 2025-04-03 15:14:56,992: Back Left Min: 0.65, Back Right Min: 0.54
[rosout][INFO] 2025-04-03 15:14:57,089: Back Left Min: 0.65, Back Right Min: 0.54
[rosout][INFO] 2025-04-03 15:14:57,192: Back Left Min: 0.65, Back Right Min: 0.54
[rosout][INFO] 2025-04-03 15:14:57,289: Back Left Min: 0.65, Back Right Min: 0.54
[rosout][INFO] 2025-04-03 15:14:57,392: Back Left Min: 0.65, Back Right Min: 0.54
[rosout][INFO] 2025-04-03 15:14:57,490: Back Left Min: 0.65, Back Right Min: 0.54
[rosout][INFO] 2025-04-03 15:14:57,592: Back Left Min: 0.65, Back Right Min: 0.54
[rosout][INFO] 2025-04-03 15:14:57,690: Back Left Min: 0.65, Back Right Min: 0.54
[rosout][INFO] 2025-04-03 15:14:57,792: Back Left Min: 0.65, Back Right Min: 0.54
[rosout][INFO] 2025-04-03 15:14:57,890: Back Left Min: 0.65, Back Right Min: 0.54
[rosout][INFO] 2025-04-03 15:14:57,993: Back Left Min: 0.65, Back Right Min: 0.54
[rosout][INFO] 2025-04-03 15:14:58,090: Back Left Min: 0.65, Back Right Min: 0.54
[rosout][INFO] 2025-04-03 15:14:58,193: Back Left Min: 0.65, Back Right Min: 0.54
[rosout][INFO] 2025-04-03 15:14:58,290: Back Left Min: 0.65, Back Right Min: 0.54
[rosout][INFO] 2025-04-03 15:14:58,393: Back Left Min: 0.65, Back Right Min: 0.54
[rosout][INFO] 2025-04-03 15:14:58,490: Back Left Min: 0.65, Back Right Min: 0.54
[rosout][INFO] 2025-04-03 15:14:58,593: Back Left Min: 0.65, Back Right Min: 0.54
[rosout][INFO] 2025-04-03 15:14:58,690: Back Left Min: 0.65, Back Right Min: 0.54
[rosout][INFO] 2025-04-03 15:14:58,793: Back Left Min: 0.65, Back Right Min: 0.54
[rosout][INFO] 2025-04-03 15:14:58,890: Back Left Min: 0.65, Back Right Min: 0.54
[rosout][INFO] 2025-04-03 15:14:58,993: Back Left Min: 0.65, Back Right Min: 0.54
[rosout][INFO] 2025-04-03 15:14:59,090: Back Left Min: 0.65, Back Right Min: 0.54
[rosout][INFO] 2025-04-03 15:14:59,193: Back Left Min: 0.65, Back Right Min: 0.54
[rosout][INFO] 2025-04-03 15:14:59,290: Back Left Min: 0.65, Back Right Min: 0.54
[rosout][INFO] 2025-04-03 15:14:59,393: Back Left Min: 0.65, Back Right Min: 0.54
[rosout][INFO] 2025-04-03 15:14:59,490: Back Left Min: 0.65, Back Right Min: 0.54
[rosout][INFO] 2025-04-03 15:14:59,593: Back Left Min: 0.65, Back Right Min: 0.54
[rosout][INFO] 2025-04-03 15:14:59,690: Back Left Min: 0.65, Back Right Min: 0.54
[rosout][INFO] 2025-04-03 15:14:59,793: Back Left Min: 0.65, Back Right Min: 0.54
[rosout][INFO] 2025-04-03 15:14:59,890: Back Left Min: 0.65, Back Right Min: 0.54
[rosout][INFO] 2025-04-03 15:14:59,993: Back Left Min: 0.65, Back Right Min: 0.54
[rosout][INFO] 2025-04-03 15:15:00,091: Back Left Min: 0.65, Back Right Min: 0.54
[rosout][INFO] 2025-04-03 15:15:00,193: Back Left Min: 0.65, Back Right Min: 0.54
[rosout][INFO] 2025-04-03 15:15:00,291: Back Left Min: 0.65, Back Right Min: 0.54
[rosout][INFO] 2025-04-03 15:15:00,394: Back Left Min: 0.65, Back Right Min: 0.54
[rosout][INFO] 2025-04-03 15:15:00,490: Back Left Min: 0.65, Back Right Min: 0.54
[rosout][INFO] 2025-04-03 15:15:00,594: Back Left Min: 0.65, Back Right Min: 0.54
[rosout][INFO] 2025-04-03 15:15:00,691: Back Left Min: 0.65, Back Right Min: 0.54
[rosout][INFO] 2025-04-03 15:15:00,794: Back Left Min: 0.65, Back Right Min: 0.54
[rosout][INFO] 2025-04-03 15:15:00,891: Back Left Min: 0.65, Back Right Min: 0.54
[rosout][INFO] 2025-04-03 15:15:00,994: Back Left Min: 0.65, Back Right Min: 0.54
[rosout][INFO] 2025-04-03 15:15:01,091: Back Left Min: 0.65, Back Right Min: 0.54
[rosout][INFO] 2025-04-03 15:15:01,194: Back Left Min: 0.65, Back Right Min: 0.54
[rosout][INFO] 2025-04-03 15:15:01,291: Back Left Min: 0.65, Back Right Min: 0.54
[rosout][INFO] 2025-04-03 15:15:01,394: Back Left Min: 0.65, Back Right Min: 0.54
[rosout][INFO] 2025-04-03 15:15:01,491: Back Left Min: 0.65, Back Right Min: 0.54
[rosout][INFO] 2025-04-03 15:15:01,594: Back Left Min: 0.65, Back Right Min: 0.54
[rosout][INFO] 2025-04-03 15:15:01,691: Back Left Min: 0.65, Back Right Min: 0.54
[rosout][INFO] 2025-04-03 15:15:01,794: Back Left Min: 0.65, Back Right Min: 0.54
[rosout][INFO] 2025-04-03 15:15:01,891: Back Left Min: 0.65, Back Right Min: 0.54
[rosout][INFO] 2025-04-03 15:15:01,994: Back Left Min: 0.65, Back Right Min: 0.54
[rosout][INFO] 2025-04-03 15:15:02,091: Back Left Min: 0.65, Back Right Min: 0.54
[rosout][INFO] 2025-04-03 15:15:02,194: Back Left Min: 0.65, Back Right Min: 0.54
[rosout][INFO] 2025-04-03 15:15:02,292: Back Left Min: 0.65, Back Right Min: 0.54
[rosout][INFO] 2025-04-03 15:15:02,394: Back Left Min: 0.65, Back Right Min: 0.54
[rosout][INFO] 2025-04-03 15:15:02,491: Back Left Min: 0.65, Back Right Min: 0.54
[rosout][INFO] 2025-04-03 15:15:02,594: Back Left Min: 0.65, Back Right Min: 0.54
[rosout][INFO] 2025-04-03 15:15:02,691: Back Left Min: 0.65, Back Right Min: 0.54
[rosout][INFO] 2025-04-03 15:15:02,795: Back Left Min: 0.65, Back Right Min: 0.54
[rosout][INFO] 2025-04-03 15:15:02,892: Back Left Min: 0.65, Back Right Min: 0.54
[rosout][INFO] 2025-04-03 15:15:02,995: Back Left Min: 0.65, Back Right Min: 0.54
[rosout][INFO] 2025-04-03 15:15:03,092: Back Left Min: 0.65, Back Right Min: 0.54
[rosout][INFO] 2025-04-03 15:15:03,195: Back Left Min: 0.65, Back Right Min: 0.54
[rosout][INFO] 2025-04-03 15:15:03,292: Back Left Min: 0.65, Back Right Min: 0.54
[rosout][INFO] 2025-04-03 15:15:03,395: Back Left Min: 0.65, Back Right Min: 0.54
[rosout][INFO] 2025-04-03 15:15:03,492: Back Left Min: 0.65, Back Right Min: 0.54
[rosout][INFO] 2025-04-03 15:15:03,595: Back Left Min: 0.65, Back Right Min: 0.54
[rosout][INFO] 2025-04-03 15:15:03,692: Back Left Min: 0.65, Back Right Min: 0.54
[rosout][INFO] 2025-04-03 15:15:03,795: Back Left Min: 0.65, Back Right Min: 0.54
[rosout][INFO] 2025-04-03 15:15:03,892: Back Left Min: 0.65, Back Right Min: 0.54
[rosout][INFO] 2025-04-03 15:15:03,995: Back Left Min: 0.65, Back Right Min: 0.54
[rosout][INFO] 2025-04-03 15:15:04,092: Back Left Min: 0.65, Back Right Min: 0.54
[rosout][INFO] 2025-04-03 15:15:04,195: Back Left Min: 0.65, Back Right Min: 0.54
[rosout][INFO] 2025-04-03 15:15:04,292: Back Left Min: 0.65, Back Right Min: 0.54
[rosout][INFO] 2025-04-03 15:15:04,395: Back Left Min: 0.65, Back Right Min: 0.54
[rosout][INFO] 2025-04-03 15:15:04,492: Back Left Min: 0.65, Back Right Min: 0.54
[rosout][INFO] 2025-04-03 15:15:04,595: Back Left Min: 0.65, Back Right Min: 0.54
[rosout][INFO] 2025-04-03 15:15:04,692: Back Left Min: 0.65, Back Right Min: 0.54
[rosout][INFO] 2025-04-03 15:15:04,795: Back Left Min: 0.65, Back Right Min: 0.54
[rosout][INFO] 2025-04-03 15:15:04,892: Back Left Min: 0.65, Back Right Min: 0.54
[rosout][INFO] 2025-04-03 15:15:04,996: Back Left Min: 0.65, Back Right Min: 0.54
[rosout][INFO] 2025-04-03 15:15:05,092: Back Left Min: 0.65, Back Right Min: 0.54
[rosout][INFO] 2025-04-03 15:15:05,196: Back Left Min: 0.65, Back Right Min: 0.54
[rosout][INFO] 2025-04-03 15:15:05,292: Back Left Min: 0.65, Back Right Min: 0.54
[rosout][INFO] 2025-04-03 15:15:05,396: Back Left Min: 0.65, Back Right Min: 0.54
[rosout][INFO] 2025-04-03 15:15:05,493: Back Left Min: 0.65, Back Right Min: 0.54
[rosout][INFO] 2025-04-03 15:15:05,596: Back Left Min: 0.65, Back Right Min: 0.54
[rosout][INFO] 2025-04-03 15:15:05,693: Back Left Min: 0.65, Back Right Min: 0.54
[rosout][INFO] 2025-04-03 15:15:05,796: Back Left Min: 0.65, Back Right Min: 0.54
[rosout][INFO] 2025-04-03 15:15:05,893: Back Left Min: 0.65, Back Right Min: 0.54
[rosout][INFO] 2025-04-03 15:15:05,996: Back Left Min: 0.65, Back Right Min: 0.54
[rosout][INFO] 2025-04-03 15:15:06,093: Back Left Min: 0.65, Back Right Min: 0.54
[rosout][INFO] 2025-04-03 15:15:06,196: Back Left Min: 0.65, Back Right Min: 0.54
[rosout][INFO] 2025-04-03 15:15:06,293: Back Left Min: 0.65, Back Right Min: 0.54
[rosout][INFO] 2025-04-03 15:15:06,396: Back Left Min: 0.65, Back Right Min: 0.54
[rosout][INFO] 2025-04-03 15:15:06,493: Back Left Min: 0.65, Back Right Min: 0.54
[rosout][INFO] 2025-04-03 15:15:06,596: Back Left Min: 0.65, Back Right Min: 0.54
[rosout][INFO] 2025-04-03 15:15:06,693: Back Left Min: 0.65, Back Right Min: 0.54
[rosout][INFO] 2025-04-03 15:15:06,796: Back Left Min: 0.65, Back Right Min: 0.54
[rosout][INFO] 2025-04-03 15:15:06,893: Back Left Min: 0.65, Back Right Min: 0.54
[rosout][INFO] 2025-04-03 15:15:06,996: Back Left Min: 0.65, Back Right Min: 0.54
[rosout][INFO] 2025-04-03 15:15:07,093: Back Left Min: 0.65, Back Right Min: 0.54
[rosout][INFO] 2025-04-03 15:15:07,196: Back Left Min: 0.65, Back Right Min: 0.54
[rosout][INFO] 2025-04-03 15:15:07,293: Back Left Min: 0.65, Back Right Min: 0.54
[rosout][INFO] 2025-04-03 15:15:07,397: Back Left Min: 0.65, Back Right Min: 0.54
[rosout][INFO] 2025-04-03 15:15:07,493: Back Left Min: 0.65, Back Right Min: 0.54
[rosout][INFO] 2025-04-03 15:15:07,597: Back Left Min: 0.65, Back Right Min: 0.54
[rosout][INFO] 2025-04-03 15:15:07,693: Back Left Min: 0.65, Back Right Min: 0.54
[rosout][INFO] 2025-04-03 15:15:07,797: Back Left Min: 0.65, Back Right Min: 0.54
[rosout][INFO] 2025-04-03 15:15:07,894: Back Left Min: 0.65, Back Right Min: 0.54
[rosout][INFO] 2025-04-03 15:15:07,997: Back Left Min: 0.65, Back Right Min: 0.54
[rosout][INFO] 2025-04-03 15:15:08,094: Back Left Min: 0.65, Back Right Min: 0.54
[rosout][INFO] 2025-04-03 15:15:08,197: Back Left Min: 0.65, Back Right Min: 0.54
[rosout][INFO] 2025-04-03 15:15:08,294: Back Left Min: 0.65, Back Right Min: 0.54
[rosout][INFO] 2025-04-03 15:15:08,397: Back Left Min: 0.65, Back Right Min: 0.54
[rosout][INFO] 2025-04-03 15:15:08,494: Back Left Min: 0.65, Back Right Min: 0.54
[rosout][INFO] 2025-04-03 15:15:08,597: Back Left Min: 0.65, Back Right Min: 0.54
[rosout][INFO] 2025-04-03 15:15:08,694: Back Left Min: 0.65, Back Right Min: 0.54
[rosout][INFO] 2025-04-03 15:15:08,797: Back Left Min: 0.65, Back Right Min: 0.54
[rosout][INFO] 2025-04-03 15:15:08,894: Back Left Min: 0.65, Back Right Min: 0.54
[rosout][INFO] 2025-04-03 15:15:08,997: Back Left Min: 0.65, Back Right Min: 0.54
[rosout][INFO] 2025-04-03 15:15:09,094: Back Left Min: 0.65, Back Right Min: 0.54
[rosout][INFO] 2025-04-03 15:15:09,197: Back Left Min: 0.65, Back Right Min: 0.54
[rosout][INFO] 2025-04-03 15:15:09,294: Back Left Min: 0.65, Back Right Min: 0.54
[rosout][INFO] 2025-04-03 15:15:09,397: Back Left Min: 0.65, Back Right Min: 0.54
[rosout][INFO] 2025-04-03 15:15:09,494: Back Left Min: 0.65, Back Right Min: 0.54
[rosout][INFO] 2025-04-03 15:15:09,597: Back Left Min: 0.65, Back Right Min: 0.54
[rosout][INFO] 2025-04-03 15:15:09,694: Back Left Min: 0.65, Back Right Min: 0.54
[rosout][INFO] 2025-04-03 15:15:09,797: Back Left Min: 0.65, Back Right Min: 0.54
[rosout][INFO] 2025-04-03 15:15:09,894: Back Left Min: 0.65, Back Right Min: 0.54
[rosout][INFO] 2025-04-03 15:15:09,998: Back Left Min: 0.65, Back Right Min: 0.54
[rosout][INFO] 2025-04-03 15:15:10,095: Back Left Min: 0.65, Back Right Min: 0.54
[rosout][INFO] 2025-04-03 15:15:10,198: Back Left Min: 0.65, Back Right Min: 0.54
[rosout][INFO] 2025-04-03 15:15:10,294: Back Left Min: 0.65, Back Right Min: 0.54
[rosout][INFO] 2025-04-03 15:15:10,398: Back Left Min: 0.65, Back Right Min: 0.54
[rosout][INFO] 2025-04-03 15:15:10,495: Back Left Min: 0.65, Back Right Min: 0.54
[rosout][INFO] 2025-04-03 15:15:10,598: Back Left Min: 0.65, Back Right Min: 0.54
[rosout][INFO] 2025-04-03 15:15:10,695: Back Left Min: 0.65, Back Right Min: 0.54
[rosout][INFO] 2025-04-03 15:15:10,798: Back Left Min: 0.65, Back Right Min: 0.54
[rosout][INFO] 2025-04-03 15:15:10,895: Back Left Min: 0.65, Back Right Min: 0.54
[rosout][INFO] 2025-04-03 15:15:10,998: Back Left Min: 0.65, Back Right Min: 0.54
[rosout][INFO] 2025-04-03 15:15:11,095: Back Left Min: 0.65, Back Right Min: 0.54
[rosout][INFO] 2025-04-03 15:15:11,198: Back Left Min: 0.65, Back Right Min: 0.54
[rosout][INFO] 2025-04-03 15:15:11,295: Back Left Min: 0.65, Back Right Min: 0.54
[rosout][INFO] 2025-04-03 15:15:11,398: Back Left Min: 0.65, Back Right Min: 0.54
[rosout][INFO] 2025-04-03 15:15:11,495: Back Left Min: 0.65, Back Right Min: 0.54
[rosout][INFO] 2025-04-03 15:15:11,598: Back Left Min: 0.65, Back Right Min: 0.54
[rosout][INFO] 2025-04-03 15:15:11,695: Back Left Min: 0.65, Back Right Min: 0.54
[rosout][INFO] 2025-04-03 15:15:11,798: Back Left Min: 0.65, Back Right Min: 0.54
[rosout][INFO] 2025-04-03 15:15:11,895: Back Left Min: 0.65, Back Right Min: 0.54
[rosout][INFO] 2025-04-03 15:15:11,998: Back Left Min: 0.65, Back Right Min: 0.54
[rosout][INFO] 2025-04-03 15:15:12,095: Back Left Min: 0.65, Back Right Min: 0.54
[rosout][INFO] 2025-04-03 15:15:12,198: Back Left Min: 0.65, Back Right Min: 0.54
[rosout][INFO] 2025-04-03 15:15:12,295: Back Left Min: 0.65, Back Right Min: 0.54
[rosout][INFO] 2025-04-03 15:15:12,398: Back Left Min: 0.65, Back Right Min: 0.54
[rosout][INFO] 2025-04-03 15:15:12,495: Back Left Min: 0.65, Back Right Min: 0.54
[rosout][INFO] 2025-04-03 15:15:12,599: Back Left Min: 0.65, Back Right Min: 0.54
[rosout][INFO] 2025-04-03 15:15:12,695: Back Left Min: 0.65, Back Right Min: 0.54
[rosout][INFO] 2025-04-03 15:15:12,799: Back Left Min: 0.65, Back Right Min: 0.54
[rosout][INFO] 2025-04-03 15:15:12,895: Back Left Min: 0.65, Back Right Min: 0.54
[rosout][INFO] 2025-04-03 15:15:12,999: Back Left Min: 0.65, Back Right Min: 0.54
[rosout][INFO] 2025-04-03 15:15:13,096: Back Left Min: 0.65, Back Right Min: 0.54
[rosout][INFO] 2025-04-03 15:15:13,199: Back Left Min: 0.65, Back Right Min: 0.54
[rosout][INFO] 2025-04-03 15:15:13,296: Back Left Min: 0.65, Back Right Min: 0.54
[rosout][INFO] 2025-04-03 15:15:13,399: Back Left Min: 0.65, Back Right Min: 0.54
[rosout][INFO] 2025-04-03 15:15:13,496: Back Left Min: 0.65, Back Right Min: 0.54
[rosout][INFO] 2025-04-03 15:15:13,599: Back Left Min: 0.65, Back Right Min: 0.54
[rosout][INFO] 2025-04-03 15:15:13,696: Back Left Min: 0.65, Back Right Min: 0.54
[rosout][INFO] 2025-04-03 15:15:13,799: Back Left Min: 0.65, Back Right Min: 0.54
[rosout][INFO] 2025-04-03 15:15:13,896: Back Left Min: 0.65, Back Right Min: 0.54
[rosout][INFO] 2025-04-03 15:15:13,999: Back Left Min: 0.65, Back Right Min: 0.54
[rosout][INFO] 2025-04-03 15:15:14,096: Back Left Min: 0.65, Back Right Min: 0.54
[rosout][INFO] 2025-04-03 15:15:14,199: Back Left Min: 0.65, Back Right Min: 0.54
[rosout][INFO] 2025-04-03 15:15:14,296: Back Left Min: 0.65, Back Right Min: 0.54
[rosout][INFO] 2025-04-03 15:15:14,399: Back Left Min: 0.65, Back Right Min: 0.54
[rosout][INFO] 2025-04-03 15:15:14,496: Back Left Min: 0.65, Back Right Min: 0.54
[rosout][INFO] 2025-04-03 15:15:14,599: Back Left Min: 0.65, Back Right Min: 0.54
[rosout][INFO] 2025-04-03 15:15:14,696: Back Left Min: 0.65, Back Right Min: 0.54
[rosout][INFO] 2025-04-03 15:15:14,799: Back Left Min: 0.65, Back Right Min: 0.54
[rosout][INFO] 2025-04-03 15:15:14,896: Back Left Min: 0.65, Back Right Min: 0.54
[rosout][INFO] 2025-04-03 15:15:15,000: Back Left Min: 0.65, Back Right Min: 0.54
[rosout][INFO] 2025-04-03 15:15:15,096: Back Left Min: 0.65, Back Right Min: 0.54
[rosout][INFO] 2025-04-03 15:15:15,200: Back Left Min: 0.65, Back Right Min: 0.54
[rosout][INFO] 2025-04-03 15:15:15,296: Back Left Min: 0.65, Back Right Min: 0.54
[rosout][INFO] 2025-04-03 15:15:15,400: Back Left Min: 0.65, Back Right Min: 0.54
[rosout][INFO] 2025-04-03 15:15:15,497: Back Left Min: 0.65, Back Right Min: 0.54
[rosout][INFO] 2025-04-03 15:15:15,600: Back Left Min: 0.65, Back Right Min: 0.54
[rosout][INFO] 2025-04-03 15:15:15,697: Back Left Min: 0.65, Back Right Min: 0.54
[rosout][INFO] 2025-04-03 15:15:15,800: Back Left Min: 0.65, Back Right Min: 0.54
[rosout][INFO] 2025-04-03 15:15:15,897: Back Left Min: 0.65, Back Right Min: 0.54
[rosout][INFO] 2025-04-03 15:15:16,000: Back Left Min: 0.65, Back Right Min: 0.54
[rosout][INFO] 2025-04-03 15:15:16,097: Back Left Min: 0.65, Back Right Min: 0.54
[rosout][INFO] 2025-04-03 15:15:16,200: Back Left Min: 0.65, Back Right Min: 0.54
[rosout][INFO] 2025-04-03 15:15:16,297: Back Left Min: 0.65, Back Right Min: 0.54
[rosout][INFO] 2025-04-03 15:15:16,400: Back Left Min: 0.65, Back Right Min: 0.54
[rosout][INFO] 2025-04-03 15:15:16,497: Back Left Min: 0.65, Back Right Min: 0.54
[rosout][INFO] 2025-04-03 15:15:16,600: Back Left Min: 0.65, Back Right Min: 0.54
[rosout][INFO] 2025-04-03 15:15:16,697: Back Left Min: 0.65, Back Right Min: 0.54
[rosout][INFO] 2025-04-03 15:15:16,800: Back Left Min: 0.65, Back Right Min: 0.54
[rosout][INFO] 2025-04-03 15:15:16,897: Back Left Min: 0.65, Back Right Min: 0.54
[rosout][INFO] 2025-04-03 15:15:17,000: Back Left Min: 0.65, Back Right Min: 0.54
[rosout][INFO] 2025-04-03 15:15:17,097: Back Left Min: 0.65, Back Right Min: 0.54
[rosout][INFO] 2025-04-03 15:15:17,200: Back Left Min: 0.65, Back Right Min: 0.54
[rosout][INFO] 2025-04-03 15:15:17,297: Back Left Min: 0.65, Back Right Min: 0.54
[rosout][INFO] 2025-04-03 15:15:17,401: Back Left Min: 0.65, Back Right Min: 0.54
[rosout][INFO] 2025-04-03 15:15:17,497: Back Left Min: 0.65, Back Right Min: 0.54
[rosout][INFO] 2025-04-03 15:15:17,601: Back Left Min: 0.65, Back Right Min: 0.54
[rosout][INFO] 2025-04-03 15:15:17,697: Back Left Min: 0.65, Back Right Min: 0.54
[rosout][INFO] 2025-04-03 15:15:17,801: Back Left Min: 0.65, Back Right Min: 0.54
[rosout][INFO] 2025-04-03 15:15:17,898: Back Left Min: 0.65, Back Right Min: 0.54
[rosout][INFO] 2025-04-03 15:15:18,001: Back Left Min: 0.65, Back Right Min: 0.54
[rosout][INFO] 2025-04-03 15:15:18,098: Back Left Min: 0.65, Back Right Min: 0.54
[rosout][INFO] 2025-04-03 15:15:18,201: Back Left Min: 0.65, Back Right Min: 0.54
[rosout][INFO] 2025-04-03 15:15:18,298: Back Left Min: 0.65, Back Right Min: 0.54
[rosout][INFO] 2025-04-03 15:15:18,401: Back Left Min: 0.65, Back Right Min: 0.54
[rosout][INFO] 2025-04-03 15:15:18,498: Back Left Min: 0.65, Back Right Min: 0.54
[rosout][INFO] 2025-04-03 15:15:18,601: Back Left Min: 0.65, Back Right Min: 0.54
[rosout][INFO] 2025-04-03 15:15:18,698: Back Left Min: 0.65, Back Right Min: 0.54
[rosout][INFO] 2025-04-03 15:15:18,801: Back Left Min: 0.65, Back Right Min: 0.54
[rosout][INFO] 2025-04-03 15:15:18,898: Back Left Min: 0.65, Back Right Min: 0.54
[rosout][INFO] 2025-04-03 15:15:19,001: Back Left Min: 0.65, Back Right Min: 0.54
[rosout][INFO] 2025-04-03 15:15:19,098: Back Left Min: 0.65, Back Right Min: 0.54
[rosout][INFO] 2025-04-03 15:15:19,201: Back Left Min: 0.65, Back Right Min: 0.54
[rosout][INFO] 2025-04-03 15:15:19,298: Back Left Min: 0.65, Back Right Min: 0.54
[rosout][INFO] 2025-04-03 15:15:19,401: Back Left Min: 0.65, Back Right Min: 0.54
[rosout][INFO] 2025-04-03 15:15:19,498: Back Left Min: 0.65, Back Right Min: 0.54
[rosout][INFO] 2025-04-03 15:15:19,601: Back Left Min: 0.65, Back Right Min: 0.54
[rosout][INFO] 2025-04-03 15:15:19,698: Back Left Min: 0.65, Back Right Min: 0.54
[rosout][INFO] 2025-04-03 15:15:19,801: Back Left Min: 0.65, Back Right Min: 0.54
[rosout][INFO] 2025-04-03 15:15:19,898: Back Left Min: 0.65, Back Right Min: 0.54
[rosout][INFO] 2025-04-03 15:15:20,002: Back Left Min: 0.65, Back Right Min: 0.54
[rosout][INFO] 2025-04-03 15:15:20,098: Back Left Min: 0.65, Back Right Min: 0.54
[rosout][INFO] 2025-04-03 15:15:20,202: Back Left Min: 0.65, Back Right Min: 0.54
[rosout][INFO] 2025-04-03 15:15:20,299: Back Left Min: 0.65, Back Right Min: 0.54
[rosout][INFO] 2025-04-03 15:15:20,402: Back Left Min: 0.65, Back Right Min: 0.54
[rosout][INFO] 2025-04-03 15:15:20,499: Back Left Min: 0.65, Back Right Min: 0.54
[rosout][INFO] 2025-04-03 15:15:20,602: Back Left Min: 0.65, Back Right Min: 0.54
[rosout][INFO] 2025-04-03 15:15:20,699: Back Left Min: 0.65, Back Right Min: 0.54
[rosout][INFO] 2025-04-03 15:15:20,802: Back Left Min: 0.65, Back Right Min: 0.54
[rosout][INFO] 2025-04-03 15:15:20,899: Back Left Min: 0.65, Back Right Min: 0.54
[rosout][INFO] 2025-04-03 15:15:21,002: Back Left Min: 0.65, Back Right Min: 0.54
[rosout][INFO] 2025-04-03 15:15:21,099: Back Left Min: 0.65, Back Right Min: 0.54
[rosout][INFO] 2025-04-03 15:15:21,202: Back Left Min: 0.65, Back Right Min: 0.54
[rosout][INFO] 2025-04-03 15:15:21,299: Back Left Min: 0.65, Back Right Min: 0.54
[rosout][INFO] 2025-04-03 15:15:21,402: Back Left Min: 0.65, Back Right Min: 0.54
[rosout][INFO] 2025-04-03 15:15:21,499: Back Left Min: 0.65, Back Right Min: 0.54
[rosout][INFO] 2025-04-03 15:15:21,602: Back Left Min: 0.65, Back Right Min: 0.54
[rosout][INFO] 2025-04-03 15:15:21,699: Back Left Min: 0.65, Back Right Min: 0.54
[rosout][INFO] 2025-04-03 15:15:21,802: Back Left Min: 0.65, Back Right Min: 0.54
[rosout][INFO] 2025-04-03 15:15:21,899: Back Left Min: 0.65, Back Right Min: 0.54
[rosout][INFO] 2025-04-03 15:15:22,002: Back Left Min: 0.65, Back Right Min: 0.54
[rosout][INFO] 2025-04-03 15:15:22,099: Back Left Min: 0.65, Back Right Min: 0.54
[rosout][INFO] 2025-04-03 15:15:22,202: Back Left Min: 0.65, Back Right Min: 0.54
[rosout][INFO] 2025-04-03 15:15:22,299: Back Left Min: 0.65, Back Right Min: 0.54
[rosout][INFO] 2025-04-03 15:15:22,403: Back Left Min: 0.65, Back Right Min: 0.54
[rosout][INFO] 2025-04-03 15:15:22,499: Back Left Min: 0.65, Back Right Min: 0.54
[rosout][INFO] 2025-04-03 15:15:22,603: Back Left Min: 0.65, Back Right Min: 0.54
[rosout][INFO] 2025-04-03 15:15:22,699: Back Left Min: 0.65, Back Right Min: 0.54
[rosout][INFO] 2025-04-03 15:15:22,803: Back Left Min: 0.65, Back Right Min: 0.54
[rosout][INFO] 2025-04-03 15:15:22,900: Back Left Min: 0.65, Back Right Min: 0.54
[rosout][INFO] 2025-04-03 15:15:23,003: Back Left Min: 0.65, Back Right Min: 0.54
[rosout][INFO] 2025-04-03 15:15:23,100: Back Left Min: 0.65, Back Right Min: 0.54
[rosout][INFO] 2025-04-03 15:15:23,203: Back Left Min: 0.65, Back Right Min: 0.54
[rosout][INFO] 2025-04-03 15:15:23,300: Back Left Min: 0.65, Back Right Min: 0.54
[rosout][INFO] 2025-04-03 15:15:23,403: Back Left Min: 0.65, Back Right Min: 0.54
[rosout][INFO] 2025-04-03 15:15:23,500: Back Left Min: 0.65, Back Right Min: 0.54
[rosout][INFO] 2025-04-03 15:15:23,603: Back Left Min: 0.65, Back Right Min: 0.54
[rosout][INFO] 2025-04-03 15:15:23,700: Back Left Min: 0.65, Back Right Min: 0.54
[rosout][INFO] 2025-04-03 15:15:23,803: Back Left Min: 0.65, Back Right Min: 0.54
[rosout][INFO] 2025-04-03 15:15:23,900: Back Left Min: 0.65, Back Right Min: 0.54
[rosout][INFO] 2025-04-03 15:15:24,003: Back Left Min: 0.65, Back Right Min: 0.54
[rosout][INFO] 2025-04-03 15:15:24,100: Back Left Min: 0.65, Back Right Min: 0.54
[rosout][INFO] 2025-04-03 15:15:24,203: Back Left Min: 0.65, Back Right Min: 0.54
[rosout][INFO] 2025-04-03 15:15:24,300: Back Left Min: 0.65, Back Right Min: 0.54
[rosout][INFO] 2025-04-03 15:15:24,403: Back Left Min: 0.65, Back Right Min: 0.54
[rosout][INFO] 2025-04-03 15:15:24,500: Back Left Min: 0.65, Back Right Min: 0.54
[rosout][INFO] 2025-04-03 15:15:24,603: Back Left Min: 0.65, Back Right Min: 0.54
[rosout][INFO] 2025-04-03 15:15:24,700: Back Left Min: 0.65, Back Right Min: 0.54
[rosout][INFO] 2025-04-03 15:15:24,804: Back Left Min: 0.65, Back Right Min: 0.54
[rosout][INFO] 2025-04-03 15:15:24,900: Back Left Min: 0.65, Back Right Min: 0.54
[rosout][INFO] 2025-04-03 15:15:25,004: Back Left Min: 0.65, Back Right Min: 0.54
[rosout][INFO] 2025-04-03 15:15:25,101: Back Left Min: 0.65, Back Right Min: 0.54
[rosout][INFO] 2025-04-03 15:15:25,204: Back Left Min: 0.65, Back Right Min: 0.54
[rosout][INFO] 2025-04-03 15:15:25,301: Back Left Min: 0.65, Back Right Min: 0.54
[rosout][INFO] 2025-04-03 15:15:25,404: Back Left Min: 0.65, Back Right Min: 0.54
[rosout][INFO] 2025-04-03 15:15:25,501: Back Left Min: 0.65, Back Right Min: 0.54
[rosout][INFO] 2025-04-03 15:15:25,604: Back Left Min: 0.65, Back Right Min: 0.54
[rosout][INFO] 2025-04-03 15:15:25,701: Back Left Min: 0.65, Back Right Min: 0.54
[rosout][INFO] 2025-04-03 15:15:25,804: Back Left Min: 0.65, Back Right Min: 0.54
[rosout][INFO] 2025-04-03 15:15:25,901: Back Left Min: 0.65, Back Right Min: 0.54
[rosout][INFO] 2025-04-03 15:15:26,004: Back Left Min: 0.65, Back Right Min: 0.54
[rosout][INFO] 2025-04-03 15:15:26,101: Back Left Min: 0.65, Back Right Min: 0.54
[rosout][INFO] 2025-04-03 15:15:26,204: Back Left Min: 0.65, Back Right Min: 0.54
[rosout][INFO] 2025-04-03 15:15:26,301: Back Left Min: 0.65, Back Right Min: 0.54
[rosout][INFO] 2025-04-03 15:15:26,404: Back Left Min: 0.65, Back Right Min: 0.54
[rosout][INFO] 2025-04-03 15:15:26,501: Back Left Min: 0.65, Back Right Min: 0.54
[rosout][INFO] 2025-04-03 15:15:26,604: Back Left Min: 0.65, Back Right Min: 0.54
[rosout][INFO] 2025-04-03 15:15:26,701: Back Left Min: 0.65, Back Right Min: 0.54
[rosout][INFO] 2025-04-03 15:15:26,804: Back Left Min: 0.65, Back Right Min: 0.54
[rosout][INFO] 2025-04-03 15:15:26,901: Back Left Min: 0.65, Back Right Min: 0.54
[rosout][INFO] 2025-04-03 15:15:27,004: Back Left Min: 0.65, Back Right Min: 0.54
[rosout][INFO] 2025-04-03 15:15:27,101: Back Left Min: 0.65, Back Right Min: 0.54
[rosout][INFO] 2025-04-03 15:15:27,205: Back Left Min: 0.65, Back Right Min: 0.54
[rosout][INFO] 2025-04-03 15:15:27,301: Back Left Min: 0.65, Back Right Min: 0.54
[rosout][INFO] 2025-04-03 15:15:27,405: Back Left Min: 0.65, Back Right Min: 0.54
[rosout][INFO] 2025-04-03 15:15:27,501: Back Left Min: 0.65, Back Right Min: 0.54
[rosout][INFO] 2025-04-03 15:15:27,605: Back Left Min: 0.65, Back Right Min: 0.54
[rosout][INFO] 2025-04-03 15:15:27,702: Back Left Min: 0.65, Back Right Min: 0.54
[rosout][INFO] 2025-04-03 15:15:27,805: Back Left Min: 0.65, Back Right Min: 0.54
[rosout][INFO] 2025-04-03 15:15:27,902: Back Left Min: 0.65, Back Right Min: 0.54
[rosout][INFO] 2025-04-03 15:15:28,005: Back Left Min: 0.65, Back Right Min: 0.54
[rosout][INFO] 2025-04-03 15:15:28,102: Back Left Min: 0.65, Back Right Min: 0.54
[rosout][INFO] 2025-04-03 15:15:28,205: Back Left Min: 0.65, Back Right Min: 0.54
[rosout][INFO] 2025-04-03 15:15:28,302: Back Left Min: 0.65, Back Right Min: 0.54
[rosout][INFO] 2025-04-03 15:15:28,405: Back Left Min: 0.65, Back Right Min: 0.54
[rosout][INFO] 2025-04-03 15:15:28,502: Back Left Min: 0.65, Back Right Min: 0.54
[rosout][INFO] 2025-04-03 15:15:28,605: Back Left Min: 0.65, Back Right Min: 0.54
[rosout][INFO] 2025-04-03 15:15:28,702: Back Left Min: 0.65, Back Right Min: 0.54
[rosout][INFO] 2025-04-03 15:15:28,805: Back Left Min: 0.65, Back Right Min: 0.54
[rosout][INFO] 2025-04-03 15:15:28,902: Back Left Min: 0.65, Back Right Min: 0.54
[rosout][INFO] 2025-04-03 15:15:29,005: Back Left Min: 0.65, Back Right Min: 0.54
[rosout][INFO] 2025-04-03 15:15:29,102: Back Left Min: 0.65, Back Right Min: 0.54
[rosout][INFO] 2025-04-03 15:15:29,205: Back Left Min: 0.65, Back Right Min: 0.54
[rosout][INFO] 2025-04-03 15:15:29,302: Back Left Min: 0.65, Back Right Min: 0.54
[rosout][INFO] 2025-04-03 15:15:29,405: Back Left Min: 0.65, Back Right Min: 0.54
[rosout][INFO] 2025-04-03 15:15:29,502: Back Left Min: 0.65, Back Right Min: 0.54
[rosout][INFO] 2025-04-03 15:15:29,605: Back Left Min: 0.65, Back Right Min: 0.54
[rosout][INFO] 2025-04-03 15:15:29,702: Back Left Min: 0.65, Back Right Min: 0.54
[rosout][INFO] 2025-04-03 15:15:29,806: Back Left Min: 0.65, Back Right Min: 0.54
[rosout][INFO] 2025-04-03 15:15:29,902: Back Left Min: 0.65, Back Right Min: 0.54
[rosout][INFO] 2025-04-03 15:15:30,006: Back Left Min: 0.65, Back Right Min: 0.54
[rosout][INFO] 2025-04-03 15:15:30,102: Back Left Min: 0.65, Back Right Min: 0.54
[rosout][INFO] 2025-04-03 15:15:30,206: Back Left Min: 0.65, Back Right Min: 0.54
[rosout][INFO] 2025-04-03 15:15:30,303: Back Left Min: 0.65, Back Right Min: 0.54
[rosout][INFO] 2025-04-03 15:15:30,406: Back Left Min: 0.65, Back Right Min: 0.54
[rosout][INFO] 2025-04-03 15:15:30,503: Back Left Min: 0.65, Back Right Min: 0.54
[rosout][INFO] 2025-04-03 15:15:30,606: Back Left Min: 0.65, Back Right Min: 0.54
[rosout][INFO] 2025-04-03 15:15:30,703: Back Left Min: 0.65, Back Right Min: 0.54
[rosout][INFO] 2025-04-03 15:15:30,806: Back Left Min: 0.65, Back Right Min: 0.54
[rosout][INFO] 2025-04-03 15:15:30,903: Back Left Min: 0.65, Back Right Min: 0.54
[rosout][INFO] 2025-04-03 15:15:31,006: Back Left Min: 0.65, Back Right Min: 0.54
[rosout][INFO] 2025-04-03 15:15:31,103: Back Left Min: 0.65, Back Right Min: 0.54
[rosout][INFO] 2025-04-03 15:15:31,206: Back Left Min: 0.65, Back Right Min: 0.54
[rosout][INFO] 2025-04-03 15:15:31,303: Back Left Min: 0.65, Back Right Min: 0.54
[rosout][INFO] 2025-04-03 15:15:31,406: Back Left Min: 0.65, Back Right Min: 0.54
[rosout][INFO] 2025-04-03 15:15:31,503: Back Left Min: 0.65, Back Right Min: 0.54
[rosout][INFO] 2025-04-03 15:15:31,606: Back Left Min: 0.65, Back Right Min: 0.54
[rosout][INFO] 2025-04-03 15:15:31,703: Back Left Min: 0.65, Back Right Min: 0.54
[rosout][INFO] 2025-04-03 15:15:31,806: Back Left Min: 0.65, Back Right Min: 0.54
[rosout][INFO] 2025-04-03 15:15:31,903: Back Left Min: 0.65, Back Right Min: 0.54
[rosout][INFO] 2025-04-03 15:15:32,006: Back Left Min: 0.65, Back Right Min: 0.54
[rosout][INFO] 2025-04-03 15:15:32,103: Back Left Min: 0.65, Back Right Min: 0.54
[rosout][INFO] 2025-04-03 15:15:32,206: Back Left Min: 0.65, Back Right Min: 0.54
[rosout][INFO] 2025-04-03 15:15:32,303: Back Left Min: 0.65, Back Right Min: 0.54
[rosout][INFO] 2025-04-03 15:15:32,407: Back Left Min: 0.65, Back Right Min: 0.54
[rosout][INFO] 2025-04-03 15:15:32,504: Back Left Min: 0.65, Back Right Min: 0.54
[rosout][INFO] 2025-04-03 15:15:32,607: Back Left Min: 0.65, Back Right Min: 0.54
[rosout][INFO] 2025-04-03 15:15:32,704: Back Left Min: 0.65, Back Right Min: 0.54
[rosout][INFO] 2025-04-03 15:15:32,807: Back Left Min: 0.65, Back Right Min: 0.54
[rosout][INFO] 2025-04-03 15:15:32,904: Back Left Min: 0.65, Back Right Min: 0.54
[rosout][INFO] 2025-04-03 15:15:33,007: Back Left Min: 0.65, Back Right Min: 0.54
[rosout][INFO] 2025-04-03 15:15:33,104: Back Left Min: 0.65, Back Right Min: 0.54
[rosout][INFO] 2025-04-03 15:15:33,207: Back Left Min: 0.65, Back Right Min: 0.54
[rosout][INFO] 2025-04-03 15:15:33,304: Back Left Min: 0.65, Back Right Min: 0.54
[rosout][INFO] 2025-04-03 15:15:33,407: Back Left Min: 0.65, Back Right Min: 0.54
[rosout][INFO] 2025-04-03 15:15:33,504: Back Left Min: 0.65, Back Right Min: 0.54
[rosout][INFO] 2025-04-03 15:15:33,607: Back Left Min: 0.65, Back Right Min: 0.54
[rosout][INFO] 2025-04-03 15:15:33,704: Back Left Min: 0.65, Back Right Min: 0.54
[rosout][INFO] 2025-04-03 15:15:33,807: Back Left Min: 0.65, Back Right Min: 0.54
[rosout][INFO] 2025-04-03 15:15:33,904: Back Left Min: 0.65, Back Right Min: 0.54
[rosout][INFO] 2025-04-03 15:15:34,007: Back Left Min: 0.65, Back Right Min: 0.54
[rosout][INFO] 2025-04-03 15:15:34,104: Back Left Min: 0.65, Back Right Min: 0.54
[rosout][INFO] 2025-04-03 15:15:34,207: Back Left Min: 0.65, Back Right Min: 0.54
[rosout][INFO] 2025-04-03 15:15:34,304: Back Left Min: 0.65, Back Right Min: 0.54
[rosout][INFO] 2025-04-03 15:15:34,407: Back Left Min: 0.65, Back Right Min: 0.54
[rosout][INFO] 2025-04-03 15:15:34,504: Back Left Min: 0.65, Back Right Min: 0.54
[rosout][INFO] 2025-04-03 15:15:34,608: Back Left Min: 0.65, Back Right Min: 0.54
[rosout][INFO] 2025-04-03 15:15:34,704: Back Left Min: 0.65, Back Right Min: 0.54
[rosout][INFO] 2025-04-03 15:15:34,808: Back Left Min: 0.65, Back Right Min: 0.54
[rosout][INFO] 2025-04-03 15:15:34,904: Back Left Min: 0.65, Back Right Min: 0.54
[rosout][INFO] 2025-04-03 15:15:35,008: Back Left Min: 0.65, Back Right Min: 0.54
[rosout][INFO] 2025-04-03 15:15:35,105: Back Left Min: 0.65, Back Right Min: 0.54
[rosout][INFO] 2025-04-03 15:15:35,208: Back Left Min: 0.65, Back Right Min: 0.54
[rosout][INFO] 2025-04-03 15:15:35,305: Back Left Min: 0.65, Back Right Min: 0.54
[rosout][INFO] 2025-04-03 15:15:35,408: Back Left Min: 0.65, Back Right Min: 0.54
[rosout][INFO] 2025-04-03 15:15:35,505: Back Left Min: 0.65, Back Right Min: 0.54
[rosout][INFO] 2025-04-03 15:15:35,608: Back Left Min: 0.65, Back Right Min: 0.54
[rosout][INFO] 2025-04-03 15:15:35,705: Back Left Min: 0.65, Back Right Min: 0.54
[rosout][INFO] 2025-04-03 15:15:35,808: Back Left Min: 0.65, Back Right Min: 0.54
[rosout][INFO] 2025-04-03 15:15:35,905: Back Left Min: 0.65, Back Right Min: 0.54
[rosout][INFO] 2025-04-03 15:15:36,009: Back Left Min: 0.65, Back Right Min: 0.54
[rosout][INFO] 2025-04-03 15:15:36,105: Back Left Min: 0.65, Back Right Min: 0.54
[rosout][INFO] 2025-04-03 15:15:36,209: Back Left Min: 0.65, Back Right Min: 0.54
[rosout][INFO] 2025-04-03 15:15:36,305: Back Left Min: 0.65, Back Right Min: 0.54
[rosout][INFO] 2025-04-03 15:15:36,409: Back Left Min: 0.65, Back Right Min: 0.54
[rosout][INFO] 2025-04-03 15:15:36,505: Back Left Min: 0.65, Back Right Min: 0.54
[rosout][INFO] 2025-04-03 15:15:36,609: Back Left Min: 0.65, Back Right Min: 0.54
[rosout][INFO] 2025-04-03 15:15:36,705: Back Left Min: 0.65, Back Right Min: 0.54
[rosout][INFO] 2025-04-03 15:15:36,809: Back Left Min: 0.65, Back Right Min: 0.54
[rosout][INFO] 2025-04-03 15:15:36,905: Back Left Min: 0.65, Back Right Min: 0.54
[rosout][INFO] 2025-04-03 15:15:37,009: Back Left Min: 0.65, Back Right Min: 0.54
[rosout][INFO] 2025-04-03 15:15:37,105: Back Left Min: 0.65, Back Right Min: 0.54
[rosout][INFO] 2025-04-03 15:15:37,209: Back Left Min: 0.65, Back Right Min: 0.54
[rosout][INFO] 2025-04-03 15:15:37,306: Back Left Min: 0.65, Back Right Min: 0.54
[rosout][INFO] 2025-04-03 15:15:37,409: Back Left Min: 0.65, Back Right Min: 0.54
[rosout][INFO] 2025-04-03 15:15:37,506: Back Left Min: 0.65, Back Right Min: 0.54
[rosout][INFO] 2025-04-03 15:15:37,609: Back Left Min: 0.65, Back Right Min: 0.54
[rosout][INFO] 2025-04-03 15:15:37,706: Back Left Min: 0.65, Back Right Min: 0.54
[rosout][INFO] 2025-04-03 15:15:37,809: Back Left Min: 0.65, Back Right Min: 0.54
[rosout][INFO] 2025-04-03 15:15:37,906: Back Left Min: 0.65, Back Right Min: 0.54
[rosout][INFO] 2025-04-03 15:15:38,009: Back Left Min: 0.65, Back Right Min: 0.54
[rosout][INFO] 2025-04-03 15:15:38,106: Back Left Min: 0.65, Back Right Min: 0.54
[rosout][INFO] 2025-04-03 15:15:38,209: Back Left Min: 0.65, Back Right Min: 0.54
[rosout][INFO] 2025-04-03 15:15:38,306: Back Left Min: 0.65, Back Right Min: 0.54
[rosout][INFO] 2025-04-03 15:15:38,409: Back Left Min: 0.65, Back Right Min: 0.54
[rosout][INFO] 2025-04-03 15:15:38,506: Back Left Min: 0.65, Back Right Min: 0.54
[rosout][INFO] 2025-04-03 15:15:38,609: Back Left Min: 0.65, Back Right Min: 0.54
[rosout][INFO] 2025-04-03 15:15:38,706: Back Left Min: 0.65, Back Right Min: 0.54
[rosout][INFO] 2025-04-03 15:15:38,809: Back Left Min: 0.65, Back Right Min: 0.54
[rosout][INFO] 2025-04-03 15:15:38,906: Back Left Min: 0.65, Back Right Min: 0.54
[rosout][INFO] 2025-04-03 15:15:39,009: Back Left Min: 0.65, Back Right Min: 0.54
[rosout][INFO] 2025-04-03 15:15:39,106: Back Left Min: 0.65, Back Right Min: 0.54
[rosout][INFO] 2025-04-03 15:15:39,209: Back Left Min: 0.65, Back Right Min: 0.54
[rosout][INFO] 2025-04-03 15:15:39,306: Back Left Min: 0.65, Back Right Min: 0.54
[rosout][INFO] 2025-04-03 15:15:39,409: Back Left Min: 0.65, Back Right Min: 0.54
[rosout][INFO] 2025-04-03 15:15:39,506: Back Left Min: 0.65, Back Right Min: 0.54
[rosout][INFO] 2025-04-03 15:15:39,609: Back Left Min: 0.65, Back Right Min: 0.54
[rosout][INFO] 2025-04-03 15:15:39,706: Back Left Min: 0.65, Back Right Min: 0.54
[rosout][INFO] 2025-04-03 15:15:39,810: Back Left Min: 0.65, Back Right Min: 0.54
[rosout][INFO] 2025-04-03 15:15:39,907: Back Left Min: 0.65, Back Right Min: 0.54
[rosout][INFO] 2025-04-03 15:15:40,010: Back Left Min: 0.65, Back Right Min: 0.54
[rosout][INFO] 2025-04-03 15:15:40,107: Back Left Min: 0.65, Back Right Min: 0.54
[rosout][INFO] 2025-04-03 15:15:40,210: Back Left Min: 0.65, Back Right Min: 0.54
[rosout][INFO] 2025-04-03 15:15:40,307: Back Left Min: 0.65, Back Right Min: 0.54
[rosout][INFO] 2025-04-03 15:15:40,410: Back Left Min: 0.65, Back Right Min: 0.54
[rosout][INFO] 2025-04-03 15:15:40,507: Back Left Min: 0.65, Back Right Min: 0.54
[rosout][INFO] 2025-04-03 15:15:40,610: Back Left Min: 0.65, Back Right Min: 0.54
[rosout][INFO] 2025-04-03 15:15:40,707: Back Left Min: 0.65, Back Right Min: 0.54
[rosout][INFO] 2025-04-03 15:15:40,810: Back Left Min: 0.65, Back Right Min: 0.54
[rosout][INFO] 2025-04-03 15:15:40,907: Back Left Min: 0.65, Back Right Min: 0.54
[rosout][INFO] 2025-04-03 15:15:41,010: Back Left Min: 0.65, Back Right Min: 0.54
[rosout][INFO] 2025-04-03 15:15:41,107: Back Left Min: 0.65, Back Right Min: 0.54
[rosout][INFO] 2025-04-03 15:15:41,210: Back Left Min: 0.65, Back Right Min: 0.54
[rosout][INFO] 2025-04-03 15:15:41,307: Back Left Min: 0.65, Back Right Min: 0.54
[rosout][INFO] 2025-04-03 15:15:41,410: Back Left Min: 0.65, Back Right Min: 0.54
[rosout][INFO] 2025-04-03 15:15:41,507: Back Left Min: 0.65, Back Right Min: 0.54
[rosout][INFO] 2025-04-03 15:15:41,610: Back Left Min: 0.65, Back Right Min: 0.54
[rosout][INFO] 2025-04-03 15:15:41,707: Back Left Min: 0.65, Back Right Min: 0.54
[rosout][INFO] 2025-04-03 15:15:41,810: Back Left Min: 0.65, Back Right Min: 0.54
[rosout][INFO] 2025-04-03 15:15:41,907: Back Left Min: 0.65, Back Right Min: 0.54
[rosout][INFO] 2025-04-03 15:15:42,011: Back Left Min: 0.65, Back Right Min: 0.54
[rosout][INFO] 2025-04-03 15:15:42,107: Back Left Min: 0.65, Back Right Min: 0.54
[rosout][INFO] 2025-04-03 15:15:42,211: Back Left Min: 0.65, Back Right Min: 0.54
[rosout][INFO] 2025-04-03 15:15:42,308: Back Left Min: 0.65, Back Right Min: 0.54
[rosout][INFO] 2025-04-03 15:15:42,411: Back Left Min: 0.65, Back Right Min: 0.54
[rosout][INFO] 2025-04-03 15:15:42,508: Back Left Min: 0.65, Back Right Min: 0.54
[rosout][INFO] 2025-04-03 15:15:42,611: Back Left Min: 0.65, Back Right Min: 0.54
[rosout][INFO] 2025-04-03 15:15:42,708: Back Left Min: 0.65, Back Right Min: 0.54
[rosout][INFO] 2025-04-03 15:15:42,811: Back Left Min: 0.65, Back Right Min: 0.54
[rosout][INFO] 2025-04-03 15:15:42,908: Back Left Min: 0.65, Back Right Min: 0.54
[rosout][INFO] 2025-04-03 15:15:43,011: Back Left Min: 0.65, Back Right Min: 0.54
[rosout][INFO] 2025-04-03 15:15:43,108: Back Left Min: 0.65, Back Right Min: 0.54
[rosout][INFO] 2025-04-03 15:15:43,211: Back Left Min: 0.65, Back Right Min: 0.54
[rosout][INFO] 2025-04-03 15:15:43,308: Back Left Min: 0.65, Back Right Min: 0.54
[rosout][INFO] 2025-04-03 15:15:43,411: Back Left Min: 0.65, Back Right Min: 0.54
[rosout][INFO] 2025-04-03 15:15:43,508: Back Left Min: 0.65, Back Right Min: 0.54
[rosout][INFO] 2025-04-03 15:15:43,611: Back Left Min: 0.65, Back Right Min: 0.54
[rosout][INFO] 2025-04-03 15:15:43,709: Back Left Min: 0.65, Back Right Min: 0.54
[rosout][INFO] 2025-04-03 15:15:43,811: Back Left Min: 0.65, Back Right Min: 0.54
[rosout][INFO] 2025-04-03 15:15:43,909: Back Left Min: 0.65, Back Right Min: 0.54
[rosout][INFO] 2025-04-03 15:15:44,011: Back Left Min: 0.65, Back Right Min: 0.54
[rosout][INFO] 2025-04-03 15:15:44,109: Back Left Min: 0.65, Back Right Min: 0.54
[rosout][INFO] 2025-04-03 15:15:44,211: Back Left Min: 0.65, Back Right Min: 0.54
[rosout][INFO] 2025-04-03 15:15:44,309: Back Left Min: 0.65, Back Right Min: 0.54
[rosout][INFO] 2025-04-03 15:15:44,412: Back Left Min: 0.65, Back Right Min: 0.54
[rosout][INFO] 2025-04-03 15:15:44,509: Back Left Min: 0.65, Back Right Min: 0.54
[rosout][INFO] 2025-04-03 15:15:44,612: Back Left Min: 0.65, Back Right Min: 0.54
[rosout][INFO] 2025-04-03 15:15:44,709: Back Left Min: 0.65, Back Right Min: 0.54
[rosout][INFO] 2025-04-03 15:15:44,812: Back Left Min: 0.65, Back Right Min: 0.54
[rosout][INFO] 2025-04-03 15:15:44,909: Back Left Min: 0.65, Back Right Min: 0.54
[rosout][INFO] 2025-04-03 15:15:45,012: Back Left Min: 0.65, Back Right Min: 0.54
[rosout][INFO] 2025-04-03 15:15:45,109: Back Left Min: 0.65, Back Right Min: 0.54
[rosout][INFO] 2025-04-03 15:15:45,212: Back Left Min: 0.65, Back Right Min: 0.54
[rosout][INFO] 2025-04-03 15:15:45,309: Back Left Min: 0.65, Back Right Min: 0.54
[rosout][INFO] 2025-04-03 15:15:45,412: Back Left Min: 0.65, Back Right Min: 0.54
[rosout][INFO] 2025-04-03 15:15:45,509: Back Left Min: 0.65, Back Right Min: 0.54
[rosout][INFO] 2025-04-03 15:15:45,612: Back Left Min: 0.65, Back Right Min: 0.54
[rosout][INFO] 2025-04-03 15:15:45,709: Back Left Min: 0.65, Back Right Min: 0.54
[rosout][INFO] 2025-04-03 15:15:45,812: Back Left Min: 0.65, Back Right Min: 0.54
[rosout][INFO] 2025-04-03 15:15:45,909: Back Left Min: 0.65, Back Right Min: 0.54
[rosout][INFO] 2025-04-03 15:15:46,012: Back Left Min: 0.65, Back Right Min: 0.54
[rosout][INFO] 2025-04-03 15:15:46,109: Back Left Min: 0.65, Back Right Min: 0.54
[rosout][INFO] 2025-04-03 15:15:46,212: Back Left Min: 0.65, Back Right Min: 0.54
[rosout][INFO] 2025-04-03 15:15:46,309: Back Left Min: 0.65, Back Right Min: 0.54
[rosout][INFO] 2025-04-03 15:15:46,412: Back Left Min: 0.65, Back Right Min: 0.54
[rosout][INFO] 2025-04-03 15:15:46,509: Back Left Min: 0.65, Back Right Min: 0.54
[rosout][INFO] 2025-04-03 15:15:46,612: Back Left Min: 0.65, Back Right Min: 0.54
[rosout][INFO] 2025-04-03 15:15:46,709: Back Left Min: 0.65, Back Right Min: 0.54
[rosout][INFO] 2025-04-03 15:15:46,812: Back Left Min: 0.65, Back Right Min: 0.54
[rosout][INFO] 2025-04-03 15:15:46,909: Back Left Min: 0.65, Back Right Min: 0.54
[rosout][INFO] 2025-04-03 15:15:47,013: Back Left Min: 0.65, Back Right Min: 0.54
[rosout][INFO] 2025-04-03 15:15:47,109: Back Left Min: 0.65, Back Right Min: 0.54
[rosout][INFO] 2025-04-03 15:15:47,213: Back Left Min: 0.65, Back Right Min: 0.54
[rosout][INFO] 2025-04-03 15:15:47,310: Back Left Min: 0.65, Back Right Min: 0.54
[rosout][INFO] 2025-04-03 15:15:47,413: Back Left Min: 0.65, Back Right Min: 0.54
[rosout][INFO] 2025-04-03 15:15:47,510: Back Left Min: 0.65, Back Right Min: 0.54
[rosout][INFO] 2025-04-03 15:15:47,613: Back Left Min: 0.65, Back Right Min: 0.54
[rosout][INFO] 2025-04-03 15:15:47,710: Back Left Min: 0.65, Back Right Min: 0.54
[rosout][INFO] 2025-04-03 15:15:47,813: Back Left Min: 0.65, Back Right Min: 0.54
[rosout][INFO] 2025-04-03 15:15:47,910: Back Left Min: 0.65, Back Right Min: 0.54
[rosout][INFO] 2025-04-03 15:15:48,013: Back Left Min: 0.65, Back Right Min: 0.54
[rosout][INFO] 2025-04-03 15:15:48,110: Back Left Min: 0.65, Back Right Min: 0.54
[rosout][INFO] 2025-04-03 15:15:48,213: Back Left Min: 0.65, Back Right Min: 0.54
[rosout][INFO] 2025-04-03 15:15:48,310: Back Left Min: 0.65, Back Right Min: 0.54
[rosout][INFO] 2025-04-03 15:15:48,413: Back Left Min: 0.65, Back Right Min: 0.54
[rosout][INFO] 2025-04-03 15:15:48,510: Back Left Min: 0.65, Back Right Min: 0.54
[rosout][INFO] 2025-04-03 15:15:48,613: Back Left Min: 0.65, Back Right Min: 0.54
[rosout][INFO] 2025-04-03 15:15:48,710: Back Left Min: 0.65, Back Right Min: 0.54
[rosout][INFO] 2025-04-03 15:15:48,813: Back Left Min: 0.65, Back Right Min: 0.54
[rosout][INFO] 2025-04-03 15:15:48,910: Back Left Min: 0.65, Back Right Min: 0.54
[rosout][INFO] 2025-04-03 15:15:49,013: Back Left Min: 0.65, Back Right Min: 0.54
[rosout][INFO] 2025-04-03 15:15:49,110: Back Left Min: 0.65, Back Right Min: 0.54
[rosout][INFO] 2025-04-03 15:15:49,213: Back Left Min: 0.65, Back Right Min: 0.54
[rosout][INFO] 2025-04-03 15:15:49,310: Back Left Min: 0.65, Back Right Min: 0.54
[rosout][INFO] 2025-04-03 15:15:49,414: Back Left Min: 0.65, Back Right Min: 0.54
[rosout][INFO] 2025-04-03 15:15:49,510: Back Left Min: 0.65, Back Right Min: 0.54
[rosout][INFO] 2025-04-03 15:15:49,614: Back Left Min: 0.65, Back Right Min: 0.54
[rosout][INFO] 2025-04-03 15:15:49,711: Back Left Min: 0.65, Back Right Min: 0.54
[rosout][INFO] 2025-04-03 15:15:49,814: Back Left Min: 0.65, Back Right Min: 0.54
[rosout][INFO] 2025-04-03 15:15:49,911: Back Left Min: 0.65, Back Right Min: 0.54
[rosout][INFO] 2025-04-03 15:15:50,014: Back Left Min: 0.65, Back Right Min: 0.54
[rosout][INFO] 2025-04-03 15:15:50,111: Back Left Min: 0.65, Back Right Min: 0.54
[rosout][INFO] 2025-04-03 15:15:50,214: Back Left Min: 0.65, Back Right Min: 0.54
[rosout][INFO] 2025-04-03 15:15:50,311: Back Left Min: 0.65, Back Right Min: 0.54
[rosout][INFO] 2025-04-03 15:15:50,414: Back Left Min: 0.65, Back Right Min: 0.54
[rosout][INFO] 2025-04-03 15:15:50,511: Back Left Min: 0.65, Back Right Min: 0.54
[rosout][INFO] 2025-04-03 15:15:50,614: Back Left Min: 0.65, Back Right Min: 0.54
[rosout][INFO] 2025-04-03 15:15:50,711: Back Left Min: 0.65, Back Right Min: 0.54
[rosout][INFO] 2025-04-03 15:15:50,814: Back Left Min: 0.65, Back Right Min: 0.54
[rosout][INFO] 2025-04-03 15:15:50,911: Back Left Min: 0.65, Back Right Min: 0.54
[rosout][INFO] 2025-04-03 15:15:51,014: Back Left Min: 0.65, Back Right Min: 0.54
[rosout][INFO] 2025-04-03 15:15:51,111: Back Left Min: 0.65, Back Right Min: 0.54
[rosout][INFO] 2025-04-03 15:15:51,214: Back Left Min: 0.65, Back Right Min: 0.54
[rosout][INFO] 2025-04-03 15:15:51,311: Back Left Min: 0.65, Back Right Min: 0.54
[rosout][INFO] 2025-04-03 15:15:51,414: Back Left Min: 0.65, Back Right Min: 0.54
[rosout][INFO] 2025-04-03 15:15:51,511: Back Left Min: 0.65, Back Right Min: 0.54
[rosout][INFO] 2025-04-03 15:15:51,614: Back Left Min: 0.65, Back Right Min: 0.54
[rosout][INFO] 2025-04-03 15:15:51,711: Back Left Min: 0.65, Back Right Min: 0.54
[rosout][INFO] 2025-04-03 15:15:51,814: Back Left Min: 0.65, Back Right Min: 0.54
[rosout][INFO] 2025-04-03 15:15:51,911: Back Left Min: 0.65, Back Right Min: 0.54
[rosout][INFO] 2025-04-03 15:15:52,015: Back Left Min: 0.65, Back Right Min: 0.54
[rosout][INFO] 2025-04-03 15:15:52,111: Back Left Min: 0.65, Back Right Min: 0.54
[rosout][INFO] 2025-04-03 15:15:52,215: Back Left Min: 0.65, Back Right Min: 0.54
[rosout][INFO] 2025-04-03 15:15:52,312: Back Left Min: 0.65, Back Right Min: 0.54
[rosout][INFO] 2025-04-03 15:15:52,415: Back Left Min: 0.65, Back Right Min: 0.54
[rosout][INFO] 2025-04-03 15:15:52,512: Back Left Min: 0.65, Back Right Min: 0.54
[rosout][INFO] 2025-04-03 15:15:52,615: Back Left Min: 0.65, Back Right Min: 0.54
[rosout][INFO] 2025-04-03 15:15:52,712: Back Left Min: 0.65, Back Right Min: 0.54
[rosout][INFO] 2025-04-03 15:15:52,815: Back Left Min: 0.65, Back Right Min: 0.54
[rosout][INFO] 2025-04-03 15:15:52,912: Back Left Min: 0.65, Back Right Min: 0.54
[rosout][INFO] 2025-04-03 15:15:53,015: Back Left Min: 0.65, Back Right Min: 0.54
[rosout][INFO] 2025-04-03 15:15:53,112: Back Left Min: 0.65, Back Right Min: 0.54
[rosout][INFO] 2025-04-03 15:15:53,215: Back Left Min: 0.65, Back Right Min: 0.54
[rosout][INFO] 2025-04-03 15:15:53,312: Back Left Min: 0.65, Back Right Min: 0.54
[rosout][INFO] 2025-04-03 15:15:53,415: Back Left Min: 0.65, Back Right Min: 0.54
[rosout][INFO] 2025-04-03 15:15:53,512: Back Left Min: 0.65, Back Right Min: 0.54
[rosout][INFO] 2025-04-03 15:15:53,615: Back Left Min: 0.65, Back Right Min: 0.54
[rosout][INFO] 2025-04-03 15:15:53,712: Back Left Min: 0.65, Back Right Min: 0.54
[rosout][INFO] 2025-04-03 15:15:53,815: Back Left Min: 0.65, Back Right Min: 0.54
[rosout][INFO] 2025-04-03 15:15:53,912: Back Left Min: 0.65, Back Right Min: 0.54
[rosout][INFO] 2025-04-03 15:15:54,015: Back Left Min: 0.65, Back Right Min: 0.54
[rosout][INFO] 2025-04-03 15:15:54,112: Back Left Min: 0.65, Back Right Min: 0.54
[rosout][INFO] 2025-04-03 15:15:54,215: Back Left Min: 0.65, Back Right Min: 0.54
[rosout][INFO] 2025-04-03 15:15:54,312: Back Left Min: 0.65, Back Right Min: 0.54
[rosout][INFO] 2025-04-03 15:15:54,415: Back Left Min: 0.65, Back Right Min: 0.54
[rosout][INFO] 2025-04-03 15:15:54,512: Back Left Min: 0.65, Back Right Min: 0.54
[rosout][INFO] 2025-04-03 15:15:54,616: Back Left Min: 0.65, Back Right Min: 0.54
[rosout][INFO] 2025-04-03 15:15:54,712: Back Left Min: 0.65, Back Right Min: 0.54
[rosout][INFO] 2025-04-03 15:15:54,816: Back Left Min: 0.65, Back Right Min: 0.54
[rosout][INFO] 2025-04-03 15:15:54,913: Back Left Min: 0.65, Back Right Min: 0.54
[rosout][INFO] 2025-04-03 15:15:55,016: Back Left Min: 0.65, Back Right Min: 0.54
[rosout][INFO] 2025-04-03 15:15:55,113: Back Left Min: 0.65, Back Right Min: 0.54
[rosout][INFO] 2025-04-03 15:15:55,216: Back Left Min: 0.65, Back Right Min: 0.54
[rosout][INFO] 2025-04-03 15:15:55,313: Back Left Min: 0.65, Back Right Min: 0.54
[rosout][INFO] 2025-04-03 15:15:55,416: Back Left Min: 0.65, Back Right Min: 0.54
[rosout][INFO] 2025-04-03 15:15:55,513: Back Left Min: 0.65, Back Right Min: 0.54
[rosout][INFO] 2025-04-03 15:15:55,616: Back Left Min: 0.65, Back Right Min: 0.54
[rosout][INFO] 2025-04-03 15:15:55,713: Back Left Min: 0.65, Back Right Min: 0.54
[rosout][INFO] 2025-04-03 15:15:55,816: Back Left Min: 0.65, Back Right Min: 0.54
[rosout][INFO] 2025-04-03 15:15:55,913: Back Left Min: 0.65, Back Right Min: 0.54
[rosout][INFO] 2025-04-03 15:15:56,016: Back Left Min: 0.65, Back Right Min: 0.54
[rosout][INFO] 2025-04-03 15:15:56,113: Back Left Min: 0.65, Back Right Min: 0.54
[rosout][INFO] 2025-04-03 15:15:56,216: Back Left Min: 0.65, Back Right Min: 0.54
[rosout][INFO] 2025-04-03 15:15:56,313: Back Left Min: 0.65, Back Right Min: 0.54
[rosout][INFO] 2025-04-03 15:15:56,416: Back Left Min: 0.65, Back Right Min: 0.54
[rosout][INFO] 2025-04-03 15:15:56,513: Back Left Min: 0.65, Back Right Min: 0.54
[rosout][INFO] 2025-04-03 15:15:56,616: Back Left Min: 0.65, Back Right Min: 0.54
[rosout][INFO] 2025-04-03 15:15:56,713: Back Left Min: 0.65, Back Right Min: 0.54
[rosout][INFO] 2025-04-03 15:15:56,817: Back Left Min: 0.65, Back Right Min: 0.54
[rosout][INFO] 2025-04-03 15:15:56,913: Back Left Min: 0.65, Back Right Min: 0.54
[rosout][INFO] 2025-04-03 15:15:57,017: Back Left Min: 0.65, Back Right Min: 0.54
[rosout][INFO] 2025-04-03 15:15:57,114: Back Left Min: 0.65, Back Right Min: 0.54
[rosout][INFO] 2025-04-03 15:15:57,217: Back Left Min: 0.65, Back Right Min: 0.54
[rosout][INFO] 2025-04-03 15:15:57,314: Back Left Min: 0.65, Back Right Min: 0.54
[rosout][INFO] 2025-04-03 15:15:57,417: Back Left Min: 0.65, Back Right Min: 0.54
[rosout][INFO] 2025-04-03 15:15:57,514: Back Left Min: 0.65, Back Right Min: 0.54
[rosout][INFO] 2025-04-03 15:15:57,617: Back Left Min: 0.65, Back Right Min: 0.54
[rosout][INFO] 2025-04-03 15:15:57,714: Back Left Min: 0.65, Back Right Min: 0.54
[rosout][INFO] 2025-04-03 15:15:57,817: Back Left Min: 0.65, Back Right Min: 0.54
[rosout][INFO] 2025-04-03 15:15:57,914: Back Left Min: 0.65, Back Right Min: 0.54
[rosout][INFO] 2025-04-03 15:15:58,017: Back Left Min: 0.65, Back Right Min: 0.54
[rosout][INFO] 2025-04-03 15:15:58,114: Back Left Min: 0.65, Back Right Min: 0.54
[rosout][INFO] 2025-04-03 15:15:58,217: Back Left Min: 0.65, Back Right Min: 0.54
[rosout][INFO] 2025-04-03 15:15:58,314: Back Left Min: 0.65, Back Right Min: 0.54
[rosout][INFO] 2025-04-03 15:15:58,417: Back Left Min: 0.65, Back Right Min: 0.54
[rosout][INFO] 2025-04-03 15:15:58,514: Back Left Min: 0.65, Back Right Min: 0.54
[rosout][INFO] 2025-04-03 15:15:58,617: Back Left Min: 0.65, Back Right Min: 0.54
[rosout][INFO] 2025-04-03 15:15:58,714: Back Left Min: 0.65, Back Right Min: 0.54
[rosout][INFO] 2025-04-03 15:15:58,817: Back Left Min: 0.65, Back Right Min: 0.54
[rosout][INFO] 2025-04-03 15:15:58,914: Back Left Min: 0.65, Back Right Min: 0.54
[rosout][INFO] 2025-04-03 15:15:59,017: Back Left Min: 0.65, Back Right Min: 0.54
[rosout][INFO] 2025-04-03 15:15:59,114: Back Left Min: 0.65, Back Right Min: 0.54
[rosout][INFO] 2025-04-03 15:15:59,218: Back Left Min: 0.65, Back Right Min: 0.54
[rosout][INFO] 2025-04-03 15:15:59,314: Back Left Min: 0.65, Back Right Min: 0.54
[rosout][INFO] 2025-04-03 15:15:59,418: Back Left Min: 0.65, Back Right Min: 0.54
[rosout][INFO] 2025-04-03 15:15:59,514: Back Left Min: 0.65, Back Right Min: 0.54
[rosout][INFO] 2025-04-03 15:15:59,618: Back Left Min: 0.65, Back Right Min: 0.54
[rosout][INFO] 2025-04-03 15:15:59,715: Back Left Min: 0.65, Back Right Min: 0.54
[rosout][INFO] 2025-04-03 15:15:59,818: Back Left Min: 0.65, Back Right Min: 0.54
[rosout][INFO] 2025-04-03 15:15:59,915: Back Left Min: 0.65, Back Right Min: 0.54
[rosout][INFO] 2025-04-03 15:16:00,018: Back Left Min: 0.65, Back Right Min: 0.54
[rosout][INFO] 2025-04-03 15:16:00,115: Back Left Min: 0.65, Back Right Min: 0.54
[rosout][INFO] 2025-04-03 15:16:00,218: Back Left Min: 0.65, Back Right Min: 0.54
[rosout][INFO] 2025-04-03 15:16:00,315: Back Left Min: 0.65, Back Right Min: 0.54
[rosout][INFO] 2025-04-03 15:16:00,418: Back Left Min: 0.65, Back Right Min: 0.54
[rosout][INFO] 2025-04-03 15:16:00,515: Back Left Min: 0.65, Back Right Min: 0.54
[rosout][INFO] 2025-04-03 15:16:00,618: Back Left Min: 0.65, Back Right Min: 0.54
[rosout][INFO] 2025-04-03 15:16:00,715: Back Left Min: 0.65, Back Right Min: 0.54
[rosout][INFO] 2025-04-03 15:16:00,818: Back Left Min: 0.65, Back Right Min: 0.54
[rosout][INFO] 2025-04-03 15:16:00,915: Back Left Min: 0.65, Back Right Min: 0.54
[rosout][INFO] 2025-04-03 15:16:01,018: Back Left Min: 0.65, Back Right Min: 0.54
[rosout][INFO] 2025-04-03 15:16:01,115: Back Left Min: 0.65, Back Right Min: 0.54
[rosout][INFO] 2025-04-03 15:16:01,218: Back Left Min: 0.65, Back Right Min: 0.54
[rosout][INFO] 2025-04-03 15:16:01,315: Back Left Min: 0.65, Back Right Min: 0.54
[rosout][INFO] 2025-04-03 15:16:01,418: Back Left Min: 0.65, Back Right Min: 0.54
[rosout][INFO] 2025-04-03 15:16:01,515: Back Left Min: 0.65, Back Right Min: 0.54
[rosout][INFO] 2025-04-03 15:16:01,618: Back Left Min: 0.65, Back Right Min: 0.54
[rosout][INFO] 2025-04-03 15:16:01,715: Back Left Min: 0.65, Back Right Min: 0.54
[rosout][INFO] 2025-04-03 15:16:01,819: Back Left Min: 0.65, Back Right Min: 0.54
[rosout][INFO] 2025-04-03 15:16:01,915: Back Left Min: 0.65, Back Right Min: 0.54
[rosout][INFO] 2025-04-03 15:16:02,019: Back Left Min: 0.65, Back Right Min: 0.54
[rosout][INFO] 2025-04-03 15:16:02,116: Back Left Min: 0.65, Back Right Min: 0.54
[rosout][INFO] 2025-04-03 15:16:02,219: Back Left Min: 0.65, Back Right Min: 0.54
[rosout][INFO] 2025-04-03 15:16:02,316: Back Left Min: 0.65, Back Right Min: 0.54
[rosout][INFO] 2025-04-03 15:16:02,419: Back Left Min: 0.65, Back Right Min: 0.54
[rosout][INFO] 2025-04-03 15:16:02,516: Back Left Min: 0.65, Back Right Min: 0.54
[rosout][INFO] 2025-04-03 15:16:02,619: Back Left Min: 0.65, Back Right Min: 0.54
[rosout][INFO] 2025-04-03 15:16:02,716: Back Left Min: 0.65, Back Right Min: 0.54
[rosout][INFO] 2025-04-03 15:16:02,819: Back Left Min: 0.65, Back Right Min: 0.54
[rosout][INFO] 2025-04-03 15:16:02,916: Back Left Min: 0.65, Back Right Min: 0.54
[rosout][INFO] 2025-04-03 15:16:03,019: Back Left Min: 0.65, Back Right Min: 0.54
[rosout][INFO] 2025-04-03 15:16:03,116: Back Left Min: 0.65, Back Right Min: 0.54
[rosout][INFO] 2025-04-03 15:16:03,219: Back Left Min: 0.65, Back Right Min: 0.54
[rosout][INFO] 2025-04-03 15:16:03,316: Back Left Min: 0.65, Back Right Min: 0.54
[rosout][INFO] 2025-04-03 15:16:03,419: Back Left Min: 0.65, Back Right Min: 0.54
[rosout][INFO] 2025-04-03 15:16:03,516: Back Left Min: 0.65, Back Right Min: 0.54
[rosout][INFO] 2025-04-03 15:16:03,619: Back Left Min: 0.65, Back Right Min: 0.54
[rosout][INFO] 2025-04-03 15:16:03,716: Back Left Min: 0.65, Back Right Min: 0.54
[rosout][INFO] 2025-04-03 15:16:03,819: Back Left Min: 0.65, Back Right Min: 0.54
[rosout][INFO] 2025-04-03 15:16:03,916: Back Left Min: 0.65, Back Right Min: 0.54
[rosout][INFO] 2025-04-03 15:16:04,020: Back Left Min: 0.65, Back Right Min: 0.54
[rosout][INFO] 2025-04-03 15:16:04,116: Back Left Min: 0.65, Back Right Min: 0.54
[rosout][INFO] 2025-04-03 15:16:04,220: Back Left Min: 0.65, Back Right Min: 0.54
[rosout][INFO] 2025-04-03 15:16:04,316: Back Left Min: 0.65, Back Right Min: 0.54
[rosout][INFO] 2025-04-03 15:16:04,420: Back Left Min: 0.65, Back Right Min: 0.54
[rosout][INFO] 2025-04-03 15:16:04,517: Back Left Min: 0.65, Back Right Min: 0.54
[rosout][INFO] 2025-04-03 15:16:04,620: Back Left Min: 0.65, Back Right Min: 0.54
[rosout][INFO] 2025-04-03 15:16:04,717: Back Left Min: 0.65, Back Right Min: 0.54
[rosout][INFO] 2025-04-03 15:16:04,820: Back Left Min: 0.65, Back Right Min: 0.54
[rosout][INFO] 2025-04-03 15:16:04,917: Back Left Min: 0.65, Back Right Min: 0.54
[rosout][INFO] 2025-04-03 15:16:05,020: Back Left Min: 0.65, Back Right Min: 0.54
[rosout][INFO] 2025-04-03 15:16:05,117: Back Left Min: 0.65, Back Right Min: 0.54
[rosout][INFO] 2025-04-03 15:16:05,220: Back Left Min: 0.65, Back Right Min: 0.54
[rosout][INFO] 2025-04-03 15:16:05,317: Back Left Min: 0.65, Back Right Min: 0.54
[rosout][INFO] 2025-04-03 15:16:05,420: Back Left Min: 0.65, Back Right Min: 0.54
[rosout][INFO] 2025-04-03 15:16:05,517: Back Left Min: 0.65, Back Right Min: 0.54
[rosout][INFO] 2025-04-03 15:16:05,620: Back Left Min: 0.65, Back Right Min: 0.54
[rosout][INFO] 2025-04-03 15:16:05,717: Back Left Min: 0.65, Back Right Min: 0.54
[rosout][INFO] 2025-04-03 15:16:05,820: Back Left Min: 0.65, Back Right Min: 0.54
[rosout][INFO] 2025-04-03 15:16:05,917: Back Left Min: 0.65, Back Right Min: 0.54
[rosout][INFO] 2025-04-03 15:16:06,020: Back Left Min: 0.65, Back Right Min: 0.54
[rosout][INFO] 2025-04-03 15:16:06,117: Back Left Min: 0.65, Back Right Min: 0.54
[rosout][INFO] 2025-04-03 15:16:06,220: Back Left Min: 0.65, Back Right Min: 0.54
[rosout][INFO] 2025-04-03 15:16:06,317: Back Left Min: 0.65, Back Right Min: 0.54
[rosout][INFO] 2025-04-03 15:16:06,420: Back Left Min: 0.65, Back Right Min: 0.54
[rosout][INFO] 2025-04-03 15:16:06,517: Back Left Min: 0.65, Back Right Min: 0.54
[rosout][INFO] 2025-04-03 15:16:06,620: Back Left Min: 0.65, Back Right Min: 0.54
[rosout][INFO] 2025-04-03 15:16:06,717: Back Left Min: 0.65, Back Right Min: 0.54
[rosout][INFO] 2025-04-03 15:16:06,821: Back Left Min: 0.65, Back Right Min: 0.54
[rosout][INFO] 2025-04-03 15:16:06,918: Back Left Min: 0.65, Back Right Min: 0.54
[rosout][INFO] 2025-04-03 15:16:07,021: Back Left Min: 0.65, Back Right Min: 0.54
[rosout][INFO] 2025-04-03 15:16:07,118: Back Left Min: 0.65, Back Right Min: 0.54
[rosout][INFO] 2025-04-03 15:16:07,221: Back Left Min: 0.65, Back Right Min: 0.54
[rosout][INFO] 2025-04-03 15:16:07,318: Back Left Min: 0.65, Back Right Min: 0.54
[rosout][INFO] 2025-04-03 15:16:07,421: Back Left Min: 0.65, Back Right Min: 0.54
[rosout][INFO] 2025-04-03 15:16:07,518: Back Left Min: 0.65, Back Right Min: 0.54
[rosout][INFO] 2025-04-03 15:16:07,621: Back Left Min: 0.65, Back Right Min: 0.54
[rosout][INFO] 2025-04-03 15:16:07,718: Back Left Min: 0.65, Back Right Min: 0.54
[rosout][INFO] 2025-04-03 15:16:07,821: Back Left Min: 0.65, Back Right Min: 0.54
[rosout][INFO] 2025-04-03 15:16:07,918: Back Left Min: 0.65, Back Right Min: 0.54
[rosout][INFO] 2025-04-03 15:16:08,021: Back Left Min: 0.65, Back Right Min: 0.54
[rosout][INFO] 2025-04-03 15:16:08,118: Back Left Min: 0.65, Back Right Min: 0.54
[rosout][INFO] 2025-04-03 15:16:08,221: Back Left Min: 0.65, Back Right Min: 0.54
[rosout][INFO] 2025-04-03 15:16:08,318: Back Left Min: 0.65, Back Right Min: 0.54
[rosout][INFO] 2025-04-03 15:16:08,421: Back Left Min: 0.65, Back Right Min: 0.54
[rosout][INFO] 2025-04-03 15:16:08,518: Back Left Min: 0.65, Back Right Min: 0.54
[rosout][INFO] 2025-04-03 15:16:08,621: Back Left Min: 0.65, Back Right Min: 0.54
[rosout][INFO] 2025-04-03 15:16:08,718: Back Left Min: 0.65, Back Right Min: 0.54
[rosout][INFO] 2025-04-03 15:16:08,821: Back Left Min: 0.65, Back Right Min: 0.54
[rosout][INFO] 2025-04-03 15:16:08,918: Back Left Min: 0.65, Back Right Min: 0.54
[rosout][INFO] 2025-04-03 15:16:09,021: Back Left Min: 0.65, Back Right Min: 0.54
[rosout][INFO] 2025-04-03 15:16:09,118: Back Left Min: 0.65, Back Right Min: 0.54
[rosout][INFO] 2025-04-03 15:16:09,222: Back Left Min: 0.65, Back Right Min: 0.54
[rosout][INFO] 2025-04-03 15:16:09,318: Back Left Min: 0.65, Back Right Min: 0.54
[rosout][INFO] 2025-04-03 15:16:09,422: Back Left Min: 0.65, Back Right Min: 0.54
[rosout][INFO] 2025-04-03 15:16:09,519: Back Left Min: 0.65, Back Right Min: 0.54
[rosout][INFO] 2025-04-03 15:16:09,622: Back Left Min: 0.65, Back Right Min: 0.54
[rosout][INFO] 2025-04-03 15:16:09,719: Back Left Min: 0.65, Back Right Min: 0.54
[rosout][INFO] 2025-04-03 15:16:09,822: Back Left Min: 0.65, Back Right Min: 0.54
[rosout][INFO] 2025-04-03 15:16:09,919: Back Left Min: 0.65, Back Right Min: 0.54
[rosout][INFO] 2025-04-03 15:16:10,022: Back Left Min: 0.65, Back Right Min: 0.54
[rosout][INFO] 2025-04-03 15:16:10,119: Back Left Min: 0.65, Back Right Min: 0.54
[rosout][INFO] 2025-04-03 15:16:10,222: Back Left Min: 0.65, Back Right Min: 0.54
[rosout][INFO] 2025-04-03 15:16:10,319: Back Left Min: 0.65, Back Right Min: 0.54
[rosout][INFO] 2025-04-03 15:16:10,422: Back Left Min: 0.65, Back Right Min: 0.54
[rosout][INFO] 2025-04-03 15:16:10,519: Back Left Min: 0.65, Back Right Min: 0.54
[rosout][INFO] 2025-04-03 15:16:10,622: Back Left Min: 0.65, Back Right Min: 0.54
[rosout][INFO] 2025-04-03 15:16:10,719: Back Left Min: 0.65, Back Right Min: 0.54
[rosout][INFO] 2025-04-03 15:16:10,822: Back Left Min: 0.65, Back Right Min: 0.54
[rosout][INFO] 2025-04-03 15:16:10,919: Back Left Min: 0.65, Back Right Min: 0.54
[rosout][INFO] 2025-04-03 15:16:11,022: Back Left Min: 0.65, Back Right Min: 0.54
[rosout][INFO] 2025-04-03 15:16:11,119: Back Left Min: 0.65, Back Right Min: 0.54
[rosout][INFO] 2025-04-03 15:16:11,222: Back Left Min: 0.65, Back Right Min: 0.54
[rosout][INFO] 2025-04-03 15:16:11,319: Back Left Min: 0.65, Back Right Min: 0.54
[rosout][INFO] 2025-04-03 15:16:11,422: Back Left Min: 0.65, Back Right Min: 0.54
[rosout][INFO] 2025-04-03 15:16:11,519: Back Left Min: 0.65, Back Right Min: 0.54
[rosout][INFO] 2025-04-03 15:16:11,623: Back Left Min: 0.65, Back Right Min: 0.54
[rosout][INFO] 2025-04-03 15:16:11,719: Back Left Min: 0.65, Back Right Min: 0.54
[rosout][INFO] 2025-04-03 15:16:11,823: Back Left Min: 0.65, Back Right Min: 0.54
[rosout][INFO] 2025-04-03 15:16:11,920: Back Left Min: 0.65, Back Right Min: 0.54
[rosout][INFO] 2025-04-03 15:16:12,023: Back Left Min: 0.65, Back Right Min: 0.54
[rosout][INFO] 2025-04-03 15:16:12,120: Back Left Min: 0.65, Back Right Min: 0.54
[rosout][INFO] 2025-04-03 15:16:12,223: Back Left Min: 0.65, Back Right Min: 0.54
[rosout][INFO] 2025-04-03 15:16:12,320: Back Left Min: 0.65, Back Right Min: 0.54
[rosout][INFO] 2025-04-03 15:16:12,423: Back Left Min: 0.65, Back Right Min: 0.54
[rosout][INFO] 2025-04-03 15:16:12,520: Back Left Min: 0.65, Back Right Min: 0.54
[rosout][INFO] 2025-04-03 15:16:12,623: Back Left Min: 0.65, Back Right Min: 0.54
[rosout][INFO] 2025-04-03 15:16:12,720: Back Left Min: 0.65, Back Right Min: 0.54
[rosout][INFO] 2025-04-03 15:16:12,823: Back Left Min: 0.65, Back Right Min: 0.54
[rosout][INFO] 2025-04-03 15:16:12,920: Back Left Min: 0.65, Back Right Min: 0.54
[rosout][INFO] 2025-04-03 15:16:13,023: Back Left Min: 0.65, Back Right Min: 0.54
[rosout][INFO] 2025-04-03 15:16:13,120: Back Left Min: 0.65, Back Right Min: 0.54
[rosout][INFO] 2025-04-03 15:16:13,223: Back Left Min: 0.65, Back Right Min: 0.54
[rosout][INFO] 2025-04-03 15:16:13,320: Back Left Min: 0.65, Back Right Min: 0.54
[rosout][INFO] 2025-04-03 15:16:13,423: Back Left Min: 0.65, Back Right Min: 0.54
[rosout][INFO] 2025-04-03 15:16:13,520: Back Left Min: 0.65, Back Right Min: 0.54
[rosout][INFO] 2025-04-03 15:16:13,623: Back Left Min: 0.65, Back Right Min: 0.54
[rosout][INFO] 2025-04-03 15:16:13,720: Back Left Min: 0.65, Back Right Min: 0.54
[rosout][INFO] 2025-04-03 15:16:13,823: Back Left Min: 0.65, Back Right Min: 0.54
[rosout][INFO] 2025-04-03 15:16:13,920: Back Left Min: 0.65, Back Right Min: 0.54
[rosout][INFO] 2025-04-03 15:16:14,024: Back Left Min: 0.65, Back Right Min: 0.54
[rosout][INFO] 2025-04-03 15:16:14,120: Back Left Min: 0.65, Back Right Min: 0.54
[rosout][INFO] 2025-04-03 15:16:14,224: Back Left Min: 0.65, Back Right Min: 0.54
[rosout][INFO] 2025-04-03 15:16:14,321: Back Left Min: 0.65, Back Right Min: 0.54
[rosout][INFO] 2025-04-03 15:16:14,424: Back Left Min: 0.65, Back Right Min: 0.54
[rosout][INFO] 2025-04-03 15:16:14,521: Back Left Min: 0.65, Back Right Min: 0.54
[rosout][INFO] 2025-04-03 15:16:14,624: Back Left Min: 0.65, Back Right Min: 0.54
[rosout][INFO] 2025-04-03 15:16:14,721: Back Left Min: 0.65, Back Right Min: 0.54
[rosout][INFO] 2025-04-03 15:16:14,824: Back Left Min: 0.65, Back Right Min: 0.54
[rosout][INFO] 2025-04-03 15:16:14,921: Back Left Min: 0.65, Back Right Min: 0.54
[rosout][INFO] 2025-04-03 15:16:15,024: Back Left Min: 0.65, Back Right Min: 0.54
[rosout][INFO] 2025-04-03 15:16:15,121: Back Left Min: 0.65, Back Right Min: 0.54
[rosout][INFO] 2025-04-03 15:16:15,224: Back Left Min: 0.65, Back Right Min: 0.54
[rosout][INFO] 2025-04-03 15:16:15,321: Back Left Min: 0.65, Back Right Min: 0.54
[rosout][INFO] 2025-04-03 15:16:15,424: Back Left Min: 0.65, Back Right Min: 0.54
[rosout][INFO] 2025-04-03 15:16:15,521: Back Left Min: 0.65, Back Right Min: 0.54
[rosout][INFO] 2025-04-03 15:16:15,624: Back Left Min: 0.65, Back Right Min: 0.54
[rosout][INFO] 2025-04-03 15:16:15,721: Back Left Min: 0.65, Back Right Min: 0.54
[rosout][INFO] 2025-04-03 15:16:15,824: Back Left Min: 0.65, Back Right Min: 0.54
[rosout][INFO] 2025-04-03 15:16:15,921: Back Left Min: 0.65, Back Right Min: 0.54
[rosout][INFO] 2025-04-03 15:16:16,024: Back Left Min: 0.65, Back Right Min: 0.54
[rosout][INFO] 2025-04-03 15:16:16,121: Back Left Min: 0.65, Back Right Min: 0.54
[rosout][INFO] 2025-04-03 15:16:16,224: Back Left Min: 0.65, Back Right Min: 0.54
[rosout][INFO] 2025-04-03 15:16:16,321: Back Left Min: 0.65, Back Right Min: 0.54
[rosout][INFO] 2025-04-03 15:16:16,425: Back Left Min: 0.65, Back Right Min: 0.54
[rosout][INFO] 2025-04-03 15:16:16,521: Back Left Min: 0.65, Back Right Min: 0.54
[rosout][INFO] 2025-04-03 15:16:16,625: Back Left Min: 0.65, Back Right Min: 0.54
[rosout][INFO] 2025-04-03 15:16:16,722: Back Left Min: 0.65, Back Right Min: 0.54
[rosout][INFO] 2025-04-03 15:16:16,825: Back Left Min: 0.65, Back Right Min: 0.54
[rosout][INFO] 2025-04-03 15:16:16,922: Back Left Min: 0.65, Back Right Min: 0.54
[rosout][INFO] 2025-04-03 15:16:17,025: Back Left Min: 0.65, Back Right Min: 0.54
[rosout][INFO] 2025-04-03 15:16:17,122: Back Left Min: 0.65, Back Right Min: 0.54
[rosout][INFO] 2025-04-03 15:16:17,225: Back Left Min: 0.65, Back Right Min: 0.54
[rosout][INFO] 2025-04-03 15:16:17,322: Back Left Min: 0.65, Back Right Min: 0.54
[rosout][INFO] 2025-04-03 15:16:17,425: Back Left Min: 0.65, Back Right Min: 0.54
[rosout][INFO] 2025-04-03 15:16:17,522: Back Left Min: 0.65, Back Right Min: 0.54
[rosout][INFO] 2025-04-03 15:16:17,625: Back Left Min: 0.65, Back Right Min: 0.54
[rosout][INFO] 2025-04-03 15:16:17,722: Back Left Min: 0.65, Back Right Min: 0.54
[rosout][INFO] 2025-04-03 15:16:17,825: Back Left Min: 0.65, Back Right Min: 0.54
[rosout][INFO] 2025-04-03 15:16:17,922: Back Left Min: 0.65, Back Right Min: 0.54
[rosout][INFO] 2025-04-03 15:16:18,025: Back Left Min: 0.65, Back Right Min: 0.54
[rosout][INFO] 2025-04-03 15:16:18,122: Back Left Min: 0.65, Back Right Min: 0.54
[rosout][INFO] 2025-04-03 15:16:18,225: Back Left Min: 0.65, Back Right Min: 0.54
[rosout][INFO] 2025-04-03 15:16:18,322: Back Left Min: 0.65, Back Right Min: 0.54
[rosout][INFO] 2025-04-03 15:16:18,425: Back Left Min: 0.65, Back Right Min: 0.54
[rosout][INFO] 2025-04-03 15:16:18,522: Back Left Min: 0.65, Back Right Min: 0.54
[rosout][INFO] 2025-04-03 15:16:18,625: Back Left Min: 0.65, Back Right Min: 0.54
[rosout][INFO] 2025-04-03 15:16:18,722: Back Left Min: 0.65, Back Right Min: 0.54
[rosout][INFO] 2025-04-03 15:16:18,826: Back Left Min: 0.65, Back Right Min: 0.54
[rosout][INFO] 2025-04-03 15:16:18,922: Back Left Min: 0.65, Back Right Min: 0.54
[rosout][INFO] 2025-04-03 15:16:19,026: Back Left Min: 0.65, Back Right Min: 0.54
[rosout][INFO] 2025-04-03 15:16:19,122: Back Left Min: 0.65, Back Right Min: 0.54
[rosout][INFO] 2025-04-03 15:16:19,226: Back Left Min: 0.65, Back Right Min: 0.54
[rosout][INFO] 2025-04-03 15:16:19,322: Back Left Min: 0.65, Back Right Min: 0.54
[rosout][INFO] 2025-04-03 15:16:19,426: Back Left Min: 0.65, Back Right Min: 0.54
[rosout][INFO] 2025-04-03 15:16:19,523: Back Left Min: 0.65, Back Right Min: 0.54
[rosout][INFO] 2025-04-03 15:16:19,626: Back Left Min: 0.65, Back Right Min: 0.54
[rosout][INFO] 2025-04-03 15:16:19,723: Back Left Min: 0.65, Back Right Min: 0.54
[rosout][INFO] 2025-04-03 15:16:19,826: Back Left Min: 0.65, Back Right Min: 0.54
[rosout][INFO] 2025-04-03 15:16:19,923: Back Left Min: 0.65, Back Right Min: 0.54
[rosout][INFO] 2025-04-03 15:16:20,026: Back Left Min: 0.65, Back Right Min: 0.54
[rosout][INFO] 2025-04-03 15:16:20,123: Back Left Min: 0.65, Back Right Min: 0.54
[rosout][INFO] 2025-04-03 15:16:20,226: Back Left Min: 0.65, Back Right Min: 0.54
[rosout][INFO] 2025-04-03 15:16:20,323: Back Left Min: 0.65, Back Right Min: 0.54
[rosout][INFO] 2025-04-03 15:16:20,426: Back Left Min: 0.65, Back Right Min: 0.54
[rosout][INFO] 2025-04-03 15:16:20,523: Back Left Min: 0.65, Back Right Min: 0.54
[rosout][INFO] 2025-04-03 15:16:20,626: Back Left Min: 0.65, Back Right Min: 0.54
[rosout][INFO] 2025-04-03 15:16:20,723: Back Left Min: 0.65, Back Right Min: 0.54
[rosout][INFO] 2025-04-03 15:16:20,826: Back Left Min: 0.65, Back Right Min: 0.54
[rosout][INFO] 2025-04-03 15:16:20,923: Back Left Min: 0.65, Back Right Min: 0.54
[rosout][INFO] 2025-04-03 15:16:21,026: Back Left Min: 0.65, Back Right Min: 0.54
[rosout][INFO] 2025-04-03 15:16:21,123: Back Left Min: 0.65, Back Right Min: 0.54
[rosout][INFO] 2025-04-03 15:16:21,226: Back Left Min: 0.65, Back Right Min: 0.54
[rosout][INFO] 2025-04-03 15:16:21,323: Back Left Min: 0.65, Back Right Min: 0.54
[rosout][INFO] 2025-04-03 15:16:21,427: Back Left Min: 0.65, Back Right Min: 0.54
[rosout][INFO] 2025-04-03 15:16:21,523: Back Left Min: 0.65, Back Right Min: 0.54
[rosout][INFO] 2025-04-03 15:16:21,627: Back Left Min: 0.65, Back Right Min: 0.54
[rosout][INFO] 2025-04-03 15:16:21,723: Back Left Min: 0.65, Back Right Min: 0.54
[rosout][INFO] 2025-04-03 15:16:21,827: Back Left Min: 0.65, Back Right Min: 0.54
[rosout][INFO] 2025-04-03 15:16:21,924: Back Left Min: 0.65, Back Right Min: 0.54
[rosout][INFO] 2025-04-03 15:16:22,027: Back Left Min: 0.65, Back Right Min: 0.54
[rosout][INFO] 2025-04-03 15:16:22,124: Back Left Min: 0.65, Back Right Min: 0.54
[rosout][INFO] 2025-04-03 15:16:22,227: Back Left Min: 0.65, Back Right Min: 0.54
[rosout][INFO] 2025-04-03 15:16:22,324: Back Left Min: 0.65, Back Right Min: 0.54
[rosout][INFO] 2025-04-03 15:16:22,427: Back Left Min: 0.65, Back Right Min: 0.54
[rosout][INFO] 2025-04-03 15:16:22,524: Back Left Min: 0.65, Back Right Min: 0.54
[rosout][INFO] 2025-04-03 15:16:22,627: Back Left Min: 0.65, Back Right Min: 0.54
[rosout][INFO] 2025-04-03 15:16:22,724: Back Left Min: 0.65, Back Right Min: 0.54
[rosout][INFO] 2025-04-03 15:16:22,827: Back Left Min: 0.65, Back Right Min: 0.54
[rosout][INFO] 2025-04-03 15:16:22,924: Back Left Min: 0.65, Back Right Min: 0.54
[rosout][INFO] 2025-04-03 15:16:23,027: Back Left Min: 0.65, Back Right Min: 0.54
[rosout][INFO] 2025-04-03 15:16:23,124: Back Left Min: 0.65, Back Right Min: 0.54
[rosout][INFO] 2025-04-03 15:16:23,227: Back Left Min: 0.65, Back Right Min: 0.54
[rosout][INFO] 2025-04-03 15:16:23,324: Back Left Min: 0.65, Back Right Min: 0.54
[rosout][INFO] 2025-04-03 15:16:23,427: Back Left Min: 0.65, Back Right Min: 0.54
[rosout][INFO] 2025-04-03 15:16:23,524: Back Left Min: 0.65, Back Right Min: 0.54
[rosout][INFO] 2025-04-03 15:16:23,627: Back Left Min: 0.65, Back Right Min: 0.54
[rosout][INFO] 2025-04-03 15:16:23,724: Back Left Min: 0.65, Back Right Min: 0.54
[rosout][INFO] 2025-04-03 15:16:23,828: Back Left Min: 0.65, Back Right Min: 0.54
[rosout][INFO] 2025-04-03 15:16:23,924: Back Left Min: 0.65, Back Right Min: 0.54
[rosout][INFO] 2025-04-03 15:16:24,028: Back Left Min: 0.65, Back Right Min: 0.54
[rosout][INFO] 2025-04-03 15:16:24,124: Back Left Min: 0.65, Back Right Min: 0.54
[rosout][INFO] 2025-04-03 15:16:24,228: Back Left Min: 0.65, Back Right Min: 0.54
[rosout][INFO] 2025-04-03 15:16:24,325: Back Left Min: 0.65, Back Right Min: 0.54
[rosout][INFO] 2025-04-03 15:16:24,428: Back Left Min: 0.65, Back Right Min: 0.54
[rosout][INFO] 2025-04-03 15:16:24,525: Back Left Min: 0.65, Back Right Min: 0.54
[rosout][INFO] 2025-04-03 15:16:24,628: Back Left Min: 0.65, Back Right Min: 0.54
[rosout][INFO] 2025-04-03 15:16:24,725: Back Left Min: 0.65, Back Right Min: 0.54
[rosout][INFO] 2025-04-03 15:16:24,828: Back Left Min: 0.65, Back Right Min: 0.54
[rosout][INFO] 2025-04-03 15:16:24,925: Back Left Min: 0.65, Back Right Min: 0.54
[rosout][INFO] 2025-04-03 15:16:25,028: Back Left Min: 0.65, Back Right Min: 0.54
[rosout][INFO] 2025-04-03 15:16:25,125: Back Left Min: 0.65, Back Right Min: 0.54
[rosout][INFO] 2025-04-03 15:16:25,228: Back Left Min: 0.65, Back Right Min: 0.54
[rosout][INFO] 2025-04-03 15:16:25,325: Back Left Min: 0.65, Back Right Min: 0.54
[rosout][INFO] 2025-04-03 15:16:25,428: Back Left Min: 0.65, Back Right Min: 0.54
[rosout][INFO] 2025-04-03 15:16:25,525: Back Left Min: 0.65, Back Right Min: 0.54
[rosout][INFO] 2025-04-03 15:16:25,628: Back Left Min: 0.65, Back Right Min: 0.54
[rosout][INFO] 2025-04-03 15:16:25,725: Back Left Min: 0.65, Back Right Min: 0.54
[rosout][INFO] 2025-04-03 15:16:25,828: Back Left Min: 0.65, Back Right Min: 0.54
[rosout][INFO] 2025-04-03 15:16:25,925: Back Left Min: 0.65, Back Right Min: 0.54
[rosout][INFO] 2025-04-03 15:16:26,028: Back Left Min: 0.65, Back Right Min: 0.54
[rosout][INFO] 2025-04-03 15:16:26,125: Back Left Min: 0.65, Back Right Min: 0.54
[rosout][INFO] 2025-04-03 15:16:26,228: Back Left Min: 0.65, Back Right Min: 0.54
[rosout][INFO] 2025-04-03 15:16:26,325: Back Left Min: 0.65, Back Right Min: 0.54
[rosout][INFO] 2025-04-03 15:16:26,429: Back Left Min: 0.65, Back Right Min: 0.54
[rosout][INFO] 2025-04-03 15:16:26,526: Back Left Min: 0.65, Back Right Min: 0.54
[rosout][INFO] 2025-04-03 15:16:26,629: Back Left Min: 0.65, Back Right Min: 0.54
[rosout][INFO] 2025-04-03 15:16:26,726: Back Left Min: 0.65, Back Right Min: 0.54
[rosout][INFO] 2025-04-03 15:16:26,829: Back Left Min: 0.65, Back Right Min: 0.54
[rosout][INFO] 2025-04-03 15:16:26,926: Back Left Min: 0.65, Back Right Min: 0.54
[rosout][INFO] 2025-04-03 15:16:27,029: Back Left Min: 0.65, Back Right Min: 0.54
[rosout][INFO] 2025-04-03 15:16:27,126: Back Left Min: 0.65, Back Right Min: 0.54
[rosout][INFO] 2025-04-03 15:16:27,229: Back Left Min: 0.65, Back Right Min: 0.54
[rosout][INFO] 2025-04-03 15:16:27,326: Back Left Min: 0.65, Back Right Min: 0.54
[rosout][INFO] 2025-04-03 15:16:27,429: Back Left Min: 0.65, Back Right Min: 0.54
[rosout][INFO] 2025-04-03 15:16:27,526: Back Left Min: 0.65, Back Right Min: 0.54
[rosout][INFO] 2025-04-03 15:16:27,629: Back Left Min: 0.65, Back Right Min: 0.54
[rosout][INFO] 2025-04-03 15:16:27,726: Back Left Min: 0.65, Back Right Min: 0.54
[rosout][INFO] 2025-04-03 15:16:27,829: Back Left Min: 0.65, Back Right Min: 0.54
[rosout][INFO] 2025-04-03 15:16:27,926: Back Left Min: 0.65, Back Right Min: 0.54
[rosout][INFO] 2025-04-03 15:16:28,029: Back Left Min: 0.65, Back Right Min: 0.54
[rosout][INFO] 2025-04-03 15:16:28,126: Back Left Min: 0.65, Back Right Min: 0.54
[rosout][INFO] 2025-04-03 15:16:28,229: Back Left Min: 0.65, Back Right Min: 0.54
[rosout][INFO] 2025-04-03 15:16:28,326: Back Left Min: 0.65, Back Right Min: 0.54
[rosout][INFO] 2025-04-03 15:16:28,429: Back Left Min: 0.65, Back Right Min: 0.54
[rosout][INFO] 2025-04-03 15:16:28,526: Back Left Min: 0.65, Back Right Min: 0.54
[rosout][INFO] 2025-04-03 15:16:28,630: Back Left Min: 0.65, Back Right Min: 0.54
[rosout][INFO] 2025-04-03 15:16:28,726: Back Left Min: 0.65, Back Right Min: 0.54
[rosout][INFO] 2025-04-03 15:16:28,830: Back Left Min: 0.65, Back Right Min: 0.54
[rosout][INFO] 2025-04-03 15:16:28,926: Back Left Min: 0.65, Back Right Min: 0.54
[rosout][INFO] 2025-04-03 15:16:29,030: Back Left Min: 0.65, Back Right Min: 0.54
[rosout][INFO] 2025-04-03 15:16:29,126: Back Left Min: 0.65, Back Right Min: 0.54
[rosout][INFO] 2025-04-03 15:16:29,230: Back Left Min: 0.65, Back Right Min: 0.54
[rosout][INFO] 2025-04-03 15:16:29,327: Back Left Min: 0.65, Back Right Min: 0.54
[rosout][INFO] 2025-04-03 15:16:29,430: Back Left Min: 0.65, Back Right Min: 0.54
[rosout][INFO] 2025-04-03 15:16:29,527: Back Left Min: 0.65, Back Right Min: 0.54
[rosout][INFO] 2025-04-03 15:16:29,630: Back Left Min: 0.65, Back Right Min: 0.54
[rosout][INFO] 2025-04-03 15:16:29,727: Back Left Min: 0.65, Back Right Min: 0.54
[rosout][INFO] 2025-04-03 15:16:29,830: Back Left Min: 0.65, Back Right Min: 0.54
[rosout][INFO] 2025-04-03 15:16:29,927: Back Left Min: 0.65, Back Right Min: 0.54
[rosout][INFO] 2025-04-03 15:16:30,030: Back Left Min: 0.65, Back Right Min: 0.54
[rosout][INFO] 2025-04-03 15:16:30,127: Back Left Min: 0.65, Back Right Min: 0.54
[rosout][INFO] 2025-04-03 15:16:30,230: Back Left Min: 0.65, Back Right Min: 0.54
[rosout][INFO] 2025-04-03 15:16:30,327: Back Left Min: 0.65, Back Right Min: 0.54
[rosout][INFO] 2025-04-03 15:16:30,430: Back Left Min: 0.65, Back Right Min: 0.54
[rosout][INFO] 2025-04-03 15:16:30,527: Back Left Min: 0.65, Back Right Min: 0.54
[rosout][INFO] 2025-04-03 15:16:30,630: Back Left Min: 0.65, Back Right Min: 0.54
[rosout][INFO] 2025-04-03 15:16:30,727: Back Left Min: 0.65, Back Right Min: 0.54
[rosout][INFO] 2025-04-03 15:16:30,830: Back Left Min: 0.65, Back Right Min: 0.54
[rosout][INFO] 2025-04-03 15:16:30,927: Back Left Min: 0.65, Back Right Min: 0.54
[rosout][INFO] 2025-04-03 15:16:31,030: Back Left Min: 0.65, Back Right Min: 0.54
[rosout][INFO] 2025-04-03 15:16:31,127: Back Left Min: 0.65, Back Right Min: 0.54
[rosout][INFO] 2025-04-03 15:16:31,231: Back Left Min: 0.65, Back Right Min: 0.54
[rosout][INFO] 2025-04-03 15:16:31,327: Back Left Min: 0.65, Back Right Min: 0.54
[rosout][INFO] 2025-04-03 15:16:31,431: Back Left Min: 0.65, Back Right Min: 0.54
[rosout][INFO] 2025-04-03 15:16:31,528: Back Left Min: 0.65, Back Right Min: 0.54
[rosout][INFO] 2025-04-03 15:16:31,631: Back Left Min: 0.65, Back Right Min: 0.54
[rosout][INFO] 2025-04-03 15:16:31,728: Back Left Min: 0.65, Back Right Min: 0.54
[rosout][INFO] 2025-04-03 15:16:31,831: Back Left Min: 0.65, Back Right Min: 0.54
[rosout][INFO] 2025-04-03 15:16:31,928: Back Left Min: 0.65, Back Right Min: 0.54
[rosout][INFO] 2025-04-03 15:16:32,031: Back Left Min: 0.65, Back Right Min: 0.54
[rosout][INFO] 2025-04-03 15:16:32,128: Back Left Min: 0.65, Back Right Min: 0.54
[rosout][INFO] 2025-04-03 15:16:32,231: Back Left Min: 0.65, Back Right Min: 0.54
[rosout][INFO] 2025-04-03 15:16:32,328: Back Left Min: 0.65, Back Right Min: 0.54
[rosout][INFO] 2025-04-03 15:16:32,431: Back Left Min: 0.65, Back Right Min: 0.54
[rosout][INFO] 2025-04-03 15:16:32,528: Back Left Min: 0.65, Back Right Min: 0.54
[rosout][INFO] 2025-04-03 15:16:32,631: Back Left Min: 0.65, Back Right Min: 0.54
[rosout][INFO] 2025-04-03 15:16:32,728: Back Left Min: 0.65, Back Right Min: 0.54
[rosout][INFO] 2025-04-03 15:16:32,831: Back Left Min: 0.65, Back Right Min: 0.54
[rosout][INFO] 2025-04-03 15:16:32,928: Back Left Min: 0.65, Back Right Min: 0.54
[rosout][INFO] 2025-04-03 15:16:33,031: Back Left Min: 0.65, Back Right Min: 0.54
[rosout][INFO] 2025-04-03 15:16:33,128: Back Left Min: 0.65, Back Right Min: 0.54
[rosout][INFO] 2025-04-03 15:16:33,231: Back Left Min: 0.65, Back Right Min: 0.54
[rosout][INFO] 2025-04-03 15:16:33,328: Back Left Min: 0.65, Back Right Min: 0.54
[rosout][INFO] 2025-04-03 15:16:33,431: Back Left Min: 0.65, Back Right Min: 0.54
[rosout][INFO] 2025-04-03 15:16:33,528: Back Left Min: 0.65, Back Right Min: 0.54
[rosout][INFO] 2025-04-03 15:16:33,631: Back Left Min: 0.65, Back Right Min: 0.54
[rosout][INFO] 2025-04-03 15:16:33,728: Back Left Min: 0.65, Back Right Min: 0.54
[rosout][INFO] 2025-04-03 15:16:33,832: Back Left Min: 0.65, Back Right Min: 0.54
[rosout][INFO] 2025-04-03 15:16:33,928: Back Left Min: 0.65, Back Right Min: 0.54
[rosout][INFO] 2025-04-03 15:16:34,032: Back Left Min: 0.65, Back Right Min: 0.54
[rosout][INFO] 2025-04-03 15:16:34,129: Back Left Min: 0.65, Back Right Min: 0.54
[rosout][INFO] 2025-04-03 15:16:34,232: Back Left Min: 0.65, Back Right Min: 0.54
[rosout][INFO] 2025-04-03 15:16:34,329: Back Left Min: 0.65, Back Right Min: 0.54
[rosout][INFO] 2025-04-03 15:16:34,432: Back Left Min: 0.65, Back Right Min: 0.54
[rosout][INFO] 2025-04-03 15:16:34,529: Back Left Min: 0.65, Back Right Min: 0.54
[rosout][INFO] 2025-04-03 15:16:34,632: Back Left Min: 0.65, Back Right Min: 0.54
[rosout][INFO] 2025-04-03 15:16:34,729: Back Left Min: 0.65, Back Right Min: 0.54
[rosout][INFO] 2025-04-03 15:16:34,832: Back Left Min: 0.65, Back Right Min: 0.54
[rosout][INFO] 2025-04-03 15:16:34,929: Back Left Min: 0.65, Back Right Min: 0.54
[rosout][INFO] 2025-04-03 15:16:35,032: Back Left Min: 0.65, Back Right Min: 0.54
[rosout][INFO] 2025-04-03 15:16:35,129: Back Left Min: 0.65, Back Right Min: 0.54
[rosout][INFO] 2025-04-03 15:16:35,232: Back Left Min: 0.65, Back Right Min: 0.54
[rosout][INFO] 2025-04-03 15:16:35,329: Back Left Min: 0.65, Back Right Min: 0.54
[rosout][INFO] 2025-04-03 15:16:35,432: Back Left Min: 0.65, Back Right Min: 0.54
[rosout][INFO] 2025-04-03 15:16:35,529: Back Left Min: 0.65, Back Right Min: 0.54
[rosout][INFO] 2025-04-03 15:16:35,632: Back Left Min: 0.65, Back Right Min: 0.54
[rosout][INFO] 2025-04-03 15:16:35,729: Back Left Min: 0.65, Back Right Min: 0.54
[rosout][INFO] 2025-04-03 15:16:35,832: Back Left Min: 0.65, Back Right Min: 0.54
[rosout][INFO] 2025-04-03 15:16:35,929: Back Left Min: 0.65, Back Right Min: 0.54
[rosout][INFO] 2025-04-03 15:16:36,033: Back Left Min: 0.65, Back Right Min: 0.54
[rosout][INFO] 2025-04-03 15:16:36,129: Back Left Min: 0.65, Back Right Min: 0.54
[rosout][INFO] 2025-04-03 15:16:36,233: Back Left Min: 0.65, Back Right Min: 0.54
[rosout][INFO] 2025-04-03 15:16:36,329: Back Left Min: 0.65, Back Right Min: 0.54
[rosout][INFO] 2025-04-03 15:16:36,433: Back Left Min: 0.65, Back Right Min: 0.54
[rosout][INFO] 2025-04-03 15:16:36,530: Back Left Min: 0.65, Back Right Min: 0.54
[rosout][INFO] 2025-04-03 15:16:36,633: Back Left Min: 0.65, Back Right Min: 0.54
[rosout][INFO] 2025-04-03 15:16:36,730: Back Left Min: 0.65, Back Right Min: 0.54
[rosout][INFO] 2025-04-03 15:16:36,833: Back Left Min: 0.65, Back Right Min: 0.54
[rosout][INFO] 2025-04-03 15:16:36,930: Back Left Min: 0.65, Back Right Min: 0.54
[rosout][INFO] 2025-04-03 15:16:37,033: Back Left Min: 0.65, Back Right Min: 0.54
[rosout][INFO] 2025-04-03 15:16:37,130: Back Left Min: 0.65, Back Right Min: 0.54
[rosout][INFO] 2025-04-03 15:16:37,233: Back Left Min: 0.65, Back Right Min: 0.54
[rosout][INFO] 2025-04-03 15:16:37,330: Back Left Min: 0.65, Back Right Min: 0.54
[rosout][INFO] 2025-04-03 15:16:37,433: Back Left Min: 0.65, Back Right Min: 0.54
[rosout][INFO] 2025-04-03 15:16:37,530: Back Left Min: 0.65, Back Right Min: 0.54
[rosout][INFO] 2025-04-03 15:16:37,633: Back Left Min: 0.65, Back Right Min: 0.54
[rosout][INFO] 2025-04-03 15:16:37,730: Back Left Min: 0.65, Back Right Min: 0.54
[rosout][INFO] 2025-04-03 15:16:37,834: Back Left Min: 0.65, Back Right Min: 0.54
[rosout][INFO] 2025-04-03 15:16:37,930: Back Left Min: 0.65, Back Right Min: 0.54
[rosout][INFO] 2025-04-03 15:16:38,033: Back Left Min: 0.65, Back Right Min: 0.54
[rosout][INFO] 2025-04-03 15:16:38,130: Back Left Min: 0.65, Back Right Min: 0.54
[rosout][INFO] 2025-04-03 15:16:38,234: Back Left Min: 0.65, Back Right Min: 0.54
[rosout][INFO] 2025-04-03 15:16:38,330: Back Left Min: 0.65, Back Right Min: 0.54
[rosout][INFO] 2025-04-03 15:16:38,433: Back Left Min: 0.65, Back Right Min: 0.54
[rosout][INFO] 2025-04-03 15:16:38,530: Back Left Min: 0.65, Back Right Min: 0.54
[rosout][INFO] 2025-04-03 15:16:38,634: Back Left Min: 0.65, Back Right Min: 0.54
[rosout][INFO] 2025-04-03 15:16:38,730: Back Left Min: 0.65, Back Right Min: 0.54
[rosout][INFO] 2025-04-03 15:16:38,834: Back Left Min: 0.65, Back Right Min: 0.54
[rosout][INFO] 2025-04-03 15:16:38,930: Back Left Min: 0.65, Back Right Min: 0.54
[rosout][INFO] 2025-04-03 15:16:39,034: Back Left Min: 0.65, Back Right Min: 0.54
[rosout][INFO] 2025-04-03 15:16:39,131: Back Left Min: 0.65, Back Right Min: 0.54
[rosout][INFO] 2025-04-03 15:16:39,234: Back Left Min: 0.65, Back Right Min: 0.54
[rosout][INFO] 2025-04-03 15:16:39,331: Back Left Min: 0.65, Back Right Min: 0.54
[rosout][INFO] 2025-04-03 15:16:39,434: Back Left Min: 0.65, Back Right Min: 0.54
[rosout][INFO] 2025-04-03 15:16:39,531: Back Left Min: 0.65, Back Right Min: 0.54
[rosout][INFO] 2025-04-03 15:16:39,634: Back Left Min: 0.65, Back Right Min: 0.54
[rosout][INFO] 2025-04-03 15:16:39,731: Back Left Min: 0.65, Back Right Min: 0.54
[rosout][INFO] 2025-04-03 15:16:39,834: Back Left Min: 0.65, Back Right Min: 0.54
[rosout][INFO] 2025-04-03 15:16:39,931: Back Left Min: 0.65, Back Right Min: 0.54
[rosout][INFO] 2025-04-03 15:16:40,034: Back Left Min: 0.65, Back Right Min: 0.54
[rosout][INFO] 2025-04-03 15:16:40,131: Back Left Min: 0.65, Back Right Min: 0.54
[rosout][INFO] 2025-04-03 15:16:40,234: Back Left Min: 0.65, Back Right Min: 0.54
[rosout][INFO] 2025-04-03 15:16:40,331: Back Left Min: 0.65, Back Right Min: 0.54
[rosout][INFO] 2025-04-03 15:16:40,434: Back Left Min: 0.65, Back Right Min: 0.54
[rosout][INFO] 2025-04-03 15:16:40,531: Back Left Min: 0.65, Back Right Min: 0.54
[rosout][INFO] 2025-04-03 15:16:40,634: Back Left Min: 0.65, Back Right Min: 0.54
[rosout][INFO] 2025-04-03 15:16:40,731: Back Left Min: 0.65, Back Right Min: 0.54
[rosout][INFO] 2025-04-03 15:16:40,835: Back Left Min: 0.65, Back Right Min: 0.54
[rosout][INFO] 2025-04-03 15:16:40,931: Back Left Min: 0.65, Back Right Min: 0.54
[rosout][INFO] 2025-04-03 15:16:41,034: Back Left Min: 0.65, Back Right Min: 0.54
[rosout][INFO] 2025-04-03 15:16:41,131: Back Left Min: 0.65, Back Right Min: 0.54
[rosout][INFO] 2025-04-03 15:16:41,235: Back Left Min: 0.65, Back Right Min: 0.54
[rosout][INFO] 2025-04-03 15:16:41,331: Back Left Min: 0.65, Back Right Min: 0.54
[rosout][INFO] 2025-04-03 15:16:41,435: Back Left Min: 0.65, Back Right Min: 0.54
[rosout][INFO] 2025-04-03 15:16:41,532: Back Left Min: 0.65, Back Right Min: 0.54
[rosout][INFO] 2025-04-03 15:16:41,635: Back Left Min: 0.65, Back Right Min: 0.54
[rosout][INFO] 2025-04-03 15:16:41,732: Back Left Min: 0.65, Back Right Min: 0.54
[rosout][INFO] 2025-04-03 15:16:41,835: Back Left Min: 0.65, Back Right Min: 0.54
[rosout][INFO] 2025-04-03 15:16:41,932: Back Left Min: 0.65, Back Right Min: 0.54
[rosout][INFO] 2025-04-03 15:16:42,035: Back Left Min: 0.65, Back Right Min: 0.54
[rosout][INFO] 2025-04-03 15:16:42,132: Back Left Min: 0.65, Back Right Min: 0.54
[rosout][INFO] 2025-04-03 15:16:42,235: Back Left Min: 0.65, Back Right Min: 0.54
[rosout][INFO] 2025-04-03 15:16:42,332: Back Left Min: 0.65, Back Right Min: 0.54
[rosout][INFO] 2025-04-03 15:16:42,435: Back Left Min: 0.65, Back Right Min: 0.54
[rosout][INFO] 2025-04-03 15:16:42,532: Back Left Min: 0.65, Back Right Min: 0.54
[rosout][INFO] 2025-04-03 15:16:42,635: Back Left Min: 0.65, Back Right Min: 0.54
[rosout][INFO] 2025-04-03 15:16:42,732: Back Left Min: 0.65, Back Right Min: 0.54
[rosout][INFO] 2025-04-03 15:16:42,835: Back Left Min: 0.65, Back Right Min: 0.54
[rosout][INFO] 2025-04-03 15:16:42,933: Back Left Min: 0.65, Back Right Min: 0.54
[rosout][INFO] 2025-04-03 15:16:43,035: Back Left Min: 0.65, Back Right Min: 0.54
[rosout][INFO] 2025-04-03 15:16:43,132: Back Left Min: 0.65, Back Right Min: 0.54
[rosout][INFO] 2025-04-03 15:16:43,235: Back Left Min: 0.65, Back Right Min: 0.54
[rosout][INFO] 2025-04-03 15:16:43,332: Back Left Min: 0.65, Back Right Min: 0.54
[rosout][INFO] 2025-04-03 15:16:43,436: Back Left Min: 0.65, Back Right Min: 0.54
[rosout][INFO] 2025-04-03 15:16:43,532: Back Left Min: 0.65, Back Right Min: 0.54
[rosout][INFO] 2025-04-03 15:16:43,636: Back Left Min: 0.65, Back Right Min: 0.54
[rosout][INFO] 2025-04-03 15:16:43,733: Back Left Min: 0.65, Back Right Min: 0.54
[rosout][INFO] 2025-04-03 15:16:43,836: Back Left Min: 0.65, Back Right Min: 0.54
[rosout][INFO] 2025-04-03 15:16:43,933: Back Left Min: 0.65, Back Right Min: 0.54
[rosout][INFO] 2025-04-03 15:16:44,036: Back Left Min: 0.65, Back Right Min: 0.54
[rosout][INFO] 2025-04-03 15:16:44,133: Back Left Min: 0.65, Back Right Min: 0.54
[rosout][INFO] 2025-04-03 15:16:44,236: Back Left Min: 0.65, Back Right Min: 0.54
[rosout][INFO] 2025-04-03 15:16:44,333: Back Left Min: 0.65, Back Right Min: 0.54
[rosout][INFO] 2025-04-03 15:16:44,436: Back Left Min: 0.65, Back Right Min: 0.54
[rosout][INFO] 2025-04-03 15:16:44,533: Back Left Min: 0.65, Back Right Min: 0.54
[rosout][INFO] 2025-04-03 15:16:44,636: Back Left Min: 0.65, Back Right Min: 0.54
[rosout][INFO] 2025-04-03 15:16:44,733: Back Left Min: 0.65, Back Right Min: 0.54
[rosout][INFO] 2025-04-03 15:16:44,836: Back Left Min: 0.65, Back Right Min: 0.54
[rosout][INFO] 2025-04-03 15:16:44,933: Back Left Min: 0.65, Back Right Min: 0.54
[rosout][INFO] 2025-04-03 15:16:45,036: Back Left Min: 0.65, Back Right Min: 0.54
[rosout][INFO] 2025-04-03 15:16:45,133: Back Left Min: 0.65, Back Right Min: 0.54
[rosout][INFO] 2025-04-03 15:16:45,236: Back Left Min: 0.65, Back Right Min: 0.54
[rosout][INFO] 2025-04-03 15:16:45,333: Back Left Min: 0.65, Back Right Min: 0.54
[rosout][INFO] 2025-04-03 15:16:45,436: Back Left Min: 0.65, Back Right Min: 0.54
[rosout][INFO] 2025-04-03 15:16:45,533: Back Left Min: 0.65, Back Right Min: 0.54
[rosout][INFO] 2025-04-03 15:16:45,636: Back Left Min: 0.65, Back Right Min: 0.54
[rosout][INFO] 2025-04-03 15:16:45,733: Back Left Min: 0.65, Back Right Min: 0.54
[rosout][INFO] 2025-04-03 15:16:45,837: Back Left Min: 0.65, Back Right Min: 0.54
[rosout][INFO] 2025-04-03 15:16:45,933: Back Left Min: 0.65, Back Right Min: 0.54
[rosout][INFO] 2025-04-03 15:16:46,037: Back Left Min: 0.65, Back Right Min: 0.54
[rosout][INFO] 2025-04-03 15:16:46,134: Back Left Min: 0.65, Back Right Min: 0.54
[rosout][INFO] 2025-04-03 15:16:46,237: Back Left Min: 0.65, Back Right Min: 0.54
[rosout][INFO] 2025-04-03 15:16:46,334: Back Left Min: 0.65, Back Right Min: 0.54
[rosout][INFO] 2025-04-03 15:16:46,437: Back Left Min: 0.65, Back Right Min: 0.54
[rosout][INFO] 2025-04-03 15:16:46,534: Back Left Min: 0.65, Back Right Min: 0.54
[rosout][INFO] 2025-04-03 15:16:46,637: Back Left Min: 0.65, Back Right Min: 0.54
[rosout][INFO] 2025-04-03 15:16:46,734: Back Left Min: 0.65, Back Right Min: 0.54
[rosout][INFO] 2025-04-03 15:16:46,837: Back Left Min: 0.65, Back Right Min: 0.54
[rosout][INFO] 2025-04-03 15:16:46,934: Back Left Min: 0.65, Back Right Min: 0.54
[rosout][INFO] 2025-04-03 15:16:47,037: Back Left Min: 0.65, Back Right Min: 0.54
[rosout][INFO] 2025-04-03 15:16:47,134: Back Left Min: 0.65, Back Right Min: 0.54
[rosout][INFO] 2025-04-03 15:16:47,237: Back Left Min: 0.65, Back Right Min: 0.54
[rosout][INFO] 2025-04-03 15:16:47,334: Back Left Min: 0.65, Back Right Min: 0.54
[rosout][INFO] 2025-04-03 15:16:47,437: Back Left Min: 0.65, Back Right Min: 0.54
[rosout][INFO] 2025-04-03 15:16:47,534: Back Left Min: 0.65, Back Right Min: 0.54
[rosout][INFO] 2025-04-03 15:16:47,637: Back Left Min: 0.65, Back Right Min: 0.54
[rosout][INFO] 2025-04-03 15:16:47,734: Back Left Min: 0.65, Back Right Min: 0.54
[rosout][INFO] 2025-04-03 15:16:47,837: Back Left Min: 0.65, Back Right Min: 0.54
[rosout][INFO] 2025-04-03 15:16:47,934: Back Left Min: 0.65, Back Right Min: 0.54
[rosout][INFO] 2025-04-03 15:16:48,037: Back Left Min: 0.65, Back Right Min: 0.54
[rosout][INFO] 2025-04-03 15:16:48,134: Back Left Min: 0.65, Back Right Min: 0.54
[rosout][INFO] 2025-04-03 15:16:48,237: Back Left Min: 0.65, Back Right Min: 0.54
[rosout][INFO] 2025-04-03 15:16:48,334: Back Left Min: 0.65, Back Right Min: 0.54
[rosout][INFO] 2025-04-03 15:16:48,438: Back Left Min: 0.65, Back Right Min: 0.54
[rosout][INFO] 2025-04-03 15:16:48,534: Back Left Min: 0.65, Back Right Min: 0.54
[rosout][INFO] 2025-04-03 15:16:48,638: Back Left Min: 0.65, Back Right Min: 0.54
[rosout][INFO] 2025-04-03 15:16:48,734: Back Left Min: 0.65, Back Right Min: 0.54
[rosout][INFO] 2025-04-03 15:16:48,838: Back Left Min: 0.65, Back Right Min: 0.54
[rosout][INFO] 2025-04-03 15:16:48,935: Back Left Min: 0.65, Back Right Min: 0.54
[rosout][INFO] 2025-04-03 15:16:49,038: Back Left Min: 0.65, Back Right Min: 0.54
[rosout][INFO] 2025-04-03 15:16:49,135: Back Left Min: 0.65, Back Right Min: 0.54
[rosout][INFO] 2025-04-03 15:16:49,238: Back Left Min: 0.65, Back Right Min: 0.54
[rosout][INFO] 2025-04-03 15:16:49,335: Back Left Min: 0.65, Back Right Min: 0.54
[rosout][INFO] 2025-04-03 15:16:49,438: Back Left Min: 0.65, Back Right Min: 0.54
[rosout][INFO] 2025-04-03 15:16:49,535: Back Left Min: 0.65, Back Right Min: 0.54
[rosout][INFO] 2025-04-03 15:16:49,638: Back Left Min: 0.65, Back Right Min: 0.54
[rosout][INFO] 2025-04-03 15:16:49,735: Back Left Min: 0.65, Back Right Min: 0.54
[rosout][INFO] 2025-04-03 15:16:49,838: Back Left Min: 0.65, Back Right Min: 0.54
[rosout][INFO] 2025-04-03 15:16:49,935: Back Left Min: 0.65, Back Right Min: 0.54
[rosout][INFO] 2025-04-03 15:16:50,038: Back Left Min: 0.65, Back Right Min: 0.54
[rosout][INFO] 2025-04-03 15:16:50,135: Back Left Min: 0.65, Back Right Min: 0.54
[rosout][INFO] 2025-04-03 15:16:50,238: Back Left Min: 0.65, Back Right Min: 0.54
[rosout][INFO] 2025-04-03 15:16:50,335: Back Left Min: 0.65, Back Right Min: 0.54
[rosout][INFO] 2025-04-03 15:16:50,438: Back Left Min: 0.65, Back Right Min: 0.54
[rosout][INFO] 2025-04-03 15:16:50,535: Back Left Min: 0.65, Back Right Min: 0.54
[rosout][INFO] 2025-04-03 15:16:50,638: Back Left Min: 0.65, Back Right Min: 0.54
[rosout][INFO] 2025-04-03 15:16:50,735: Back Left Min: 0.65, Back Right Min: 0.54
[rosout][INFO] 2025-04-03 15:16:50,839: Back Left Min: 0.65, Back Right Min: 0.54
[rosout][INFO] 2025-04-03 15:16:50,935: Back Left Min: 0.65, Back Right Min: 0.54
[rosout][INFO] 2025-04-03 15:16:51,039: Back Left Min: 0.65, Back Right Min: 0.54
[rosout][INFO] 2025-04-03 15:16:51,136: Back Left Min: 0.65, Back Right Min: 0.54
[rosout][INFO] 2025-04-03 15:16:51,239: Back Left Min: 0.65, Back Right Min: 0.54
[rosout][INFO] 2025-04-03 15:16:51,336: Back Left Min: 0.65, Back Right Min: 0.54
[rosout][INFO] 2025-04-03 15:16:51,439: Back Left Min: 0.65, Back Right Min: 0.54
[rosout][INFO] 2025-04-03 15:16:51,536: Back Left Min: 0.65, Back Right Min: 0.54
[rosout][INFO] 2025-04-03 15:16:51,639: Back Left Min: 0.65, Back Right Min: 0.54
[rosout][INFO] 2025-04-03 15:16:51,736: Back Left Min: 0.65, Back Right Min: 0.54
[rosout][INFO] 2025-04-03 15:16:51,839: Back Left Min: 0.65, Back Right Min: 0.54
[rosout][INFO] 2025-04-03 15:16:51,936: Back Left Min: 0.65, Back Right Min: 0.54
[rosout][INFO] 2025-04-03 15:16:52,039: Back Left Min: 0.65, Back Right Min: 0.54
[rosout][INFO] 2025-04-03 15:16:52,136: Back Left Min: 0.65, Back Right Min: 0.54
[rosout][INFO] 2025-04-03 15:16:52,239: Back Left Min: 0.65, Back Right Min: 0.54
[rosout][INFO] 2025-04-03 15:16:52,336: Back Left Min: 0.65, Back Right Min: 0.54
[rosout][INFO] 2025-04-03 15:16:52,439: Back Left Min: 0.65, Back Right Min: 0.54
[rosout][INFO] 2025-04-03 15:16:52,536: Back Left Min: 0.65, Back Right Min: 0.54
[rosout][INFO] 2025-04-03 15:16:52,639: Back Left Min: 0.65, Back Right Min: 0.54
[rosout][INFO] 2025-04-03 15:16:52,736: Back Left Min: 0.65, Back Right Min: 0.54
[rosout][INFO] 2025-04-03 15:16:52,839: Back Left Min: 0.65, Back Right Min: 0.54
[rosout][INFO] 2025-04-03 15:16:52,936: Back Left Min: 0.65, Back Right Min: 0.54
[rosout][INFO] 2025-04-03 15:16:53,039: Back Left Min: 0.65, Back Right Min: 0.54
[rosout][INFO] 2025-04-03 15:16:53,136: Back Left Min: 0.65, Back Right Min: 0.54
[rosout][INFO] 2025-04-03 15:16:53,240: Back Left Min: 0.65, Back Right Min: 0.54
[rosout][INFO] 2025-04-03 15:16:53,336: Back Left Min: 0.65, Back Right Min: 0.54
[rosout][INFO] 2025-04-03 15:16:53,440: Back Left Min: 0.65, Back Right Min: 0.54
[rosout][INFO] 2025-04-03 15:16:53,536: Back Left Min: 0.65, Back Right Min: 0.54
[rosout][INFO] 2025-04-03 15:16:53,640: Back Left Min: 0.65, Back Right Min: 0.54
[rosout][INFO] 2025-04-03 15:16:53,737: Back Left Min: 0.65, Back Right Min: 0.54
[rosout][INFO] 2025-04-03 15:16:53,840: Back Left Min: 0.65, Back Right Min: 0.54
[rosout][INFO] 2025-04-03 15:16:53,937: Back Left Min: 0.65, Back Right Min: 0.54
[rosout][INFO] 2025-04-03 15:16:54,040: Back Left Min: 0.65, Back Right Min: 0.54
[rosout][INFO] 2025-04-03 15:16:54,137: Back Left Min: 0.65, Back Right Min: 0.54
[rosout][INFO] 2025-04-03 15:16:54,240: Back Left Min: 0.65, Back Right Min: 0.54
[rosout][INFO] 2025-04-03 15:16:54,337: Back Left Min: 0.65, Back Right Min: 0.54
[rosout][INFO] 2025-04-03 15:16:54,440: Back Left Min: 0.65, Back Right Min: 0.54
[rosout][INFO] 2025-04-03 15:16:54,537: Back Left Min: 0.65, Back Right Min: 0.54
[rosout][INFO] 2025-04-03 15:16:54,640: Back Left Min: 0.65, Back Right Min: 0.54
[rosout][INFO] 2025-04-03 15:16:54,737: Back Left Min: 0.65, Back Right Min: 0.54
[rosout][INFO] 2025-04-03 15:16:54,840: Back Left Min: 0.65, Back Right Min: 0.54
[rosout][INFO] 2025-04-03 15:16:54,937: Back Left Min: 0.65, Back Right Min: 0.54
[rosout][INFO] 2025-04-03 15:16:55,040: Back Left Min: 0.65, Back Right Min: 0.54
[rosout][INFO] 2025-04-03 15:16:55,137: Back Left Min: 0.65, Back Right Min: 0.54
[rosout][INFO] 2025-04-03 15:16:55,240: Back Left Min: 0.65, Back Right Min: 0.54
[rosout][INFO] 2025-04-03 15:16:55,337: Back Left Min: 0.65, Back Right Min: 0.54
[rosout][INFO] 2025-04-03 15:16:55,440: Back Left Min: 0.65, Back Right Min: 0.54
[rosout][INFO] 2025-04-03 15:16:55,537: Back Left Min: 0.65, Back Right Min: 0.54
[rosout][INFO] 2025-04-03 15:16:55,640: Back Left Min: 0.65, Back Right Min: 0.54
[rosout][INFO] 2025-04-03 15:16:55,737: Back Left Min: 0.65, Back Right Min: 0.54
[rosout][INFO] 2025-04-03 15:16:55,841: Back Left Min: 0.65, Back Right Min: 0.54
[rosout][INFO] 2025-04-03 15:16:55,937: Back Left Min: 0.65, Back Right Min: 0.54
[rosout][INFO] 2025-04-03 15:16:56,041: Back Left Min: 0.65, Back Right Min: 0.54
[rosout][INFO] 2025-04-03 15:16:56,137: Back Left Min: 0.65, Back Right Min: 0.54
[rosout][INFO] 2025-04-03 15:16:56,241: Back Left Min: 0.65, Back Right Min: 0.54
[rosout][INFO] 2025-04-03 15:16:56,338: Back Left Min: 0.65, Back Right Min: 0.54
[rosout][INFO] 2025-04-03 15:16:56,441: Back Left Min: 0.65, Back Right Min: 0.54
[rosout][INFO] 2025-04-03 15:16:56,538: Back Left Min: 0.65, Back Right Min: 0.54
[rosout][INFO] 2025-04-03 15:16:56,641: Back Left Min: 0.65, Back Right Min: 0.54
[rosout][INFO] 2025-04-03 15:16:56,738: Back Left Min: 0.65, Back Right Min: 0.54
[rosout][INFO] 2025-04-03 15:16:56,841: Back Left Min: 0.65, Back Right Min: 0.54
[rosout][INFO] 2025-04-03 15:16:56,938: Back Left Min: 0.65, Back Right Min: 0.54
[rosout][INFO] 2025-04-03 15:16:57,041: Back Left Min: 0.65, Back Right Min: 0.54
[rosout][INFO] 2025-04-03 15:16:57,138: Back Left Min: 0.65, Back Right Min: 0.54
[rosout][INFO] 2025-04-03 15:16:57,241: Back Left Min: 0.65, Back Right Min: 0.54
[rosout][INFO] 2025-04-03 15:16:57,338: Back Left Min: 0.65, Back Right Min: 0.54
[rosout][INFO] 2025-04-03 15:16:57,441: Back Left Min: 0.65, Back Right Min: 0.54
[rosout][INFO] 2025-04-03 15:16:57,538: Back Left Min: 0.65, Back Right Min: 0.54
[rosout][INFO] 2025-04-03 15:16:57,641: Back Left Min: 0.65, Back Right Min: 0.54
[rosout][INFO] 2025-04-03 15:16:57,738: Back Left Min: 0.65, Back Right Min: 0.54
[rosout][INFO] 2025-04-03 15:16:57,841: Back Left Min: 0.65, Back Right Min: 0.54
[rosout][INFO] 2025-04-03 15:16:57,938: Back Left Min: 0.65, Back Right Min: 0.54
[rosout][INFO] 2025-04-03 15:16:58,042: Back Left Min: 0.65, Back Right Min: 0.54
[rosout][INFO] 2025-04-03 15:16:58,138: Back Left Min: 0.65, Back Right Min: 0.54
[rosout][INFO] 2025-04-03 15:16:58,242: Back Left Min: 0.65, Back Right Min: 0.54
[rosout][INFO] 2025-04-03 15:16:58,338: Back Left Min: 0.65, Back Right Min: 0.54
[rosout][INFO] 2025-04-03 15:16:58,442: Back Left Min: 0.65, Back Right Min: 0.54
[rosout][INFO] 2025-04-03 15:16:58,538: Back Left Min: 0.65, Back Right Min: 0.54
[rosout][INFO] 2025-04-03 15:16:58,642: Back Left Min: 0.65, Back Right Min: 0.54
[rosout][INFO] 2025-04-03 15:16:58,739: Back Left Min: 0.65, Back Right Min: 0.54
[rosout][INFO] 2025-04-03 15:16:58,842: Back Left Min: 0.65, Back Right Min: 0.54
[rosout][INFO] 2025-04-03 15:16:58,939: Back Left Min: 0.65, Back Right Min: 0.54
[rosout][INFO] 2025-04-03 15:16:59,042: Back Left Min: 0.65, Back Right Min: 0.54
[rosout][INFO] 2025-04-03 15:16:59,139: Back Left Min: 0.65, Back Right Min: 0.54
[rosout][INFO] 2025-04-03 15:16:59,242: Back Left Min: 0.65, Back Right Min: 0.54
[rosout][INFO] 2025-04-03 15:16:59,339: Back Left Min: 0.65, Back Right Min: 0.54
[rosout][INFO] 2025-04-03 15:16:59,442: Back Left Min: 0.65, Back Right Min: 0.54
[rosout][INFO] 2025-04-03 15:16:59,539: Back Left Min: 0.65, Back Right Min: 0.54
[rosout][INFO] 2025-04-03 15:16:59,642: Back Left Min: 0.65, Back Right Min: 0.54
[rosout][INFO] 2025-04-03 15:16:59,739: Back Left Min: 0.65, Back Right Min: 0.54
[rosout][INFO] 2025-04-03 15:16:59,842: Back Left Min: 0.65, Back Right Min: 0.54
[rosout][INFO] 2025-04-03 15:16:59,939: Back Left Min: 0.65, Back Right Min: 0.54
[rosout][INFO] 2025-04-03 15:17:00,042: Back Left Min: 0.65, Back Right Min: 0.54
[rosout][INFO] 2025-04-03 15:17:00,139: Back Left Min: 0.65, Back Right Min: 0.54
[rosout][INFO] 2025-04-03 15:17:00,242: Back Left Min: 0.65, Back Right Min: 0.54
[rosout][INFO] 2025-04-03 15:17:00,339: Back Left Min: 0.65, Back Right Min: 0.54
[rosout][INFO] 2025-04-03 15:17:00,442: Back Left Min: 0.65, Back Right Min: 0.54
[rosout][INFO] 2025-04-03 15:17:00,539: Back Left Min: 0.65, Back Right Min: 0.54
[rosout][INFO] 2025-04-03 15:17:00,643: Back Left Min: 0.65, Back Right Min: 0.54
[rosout][INFO] 2025-04-03 15:17:00,739: Back Left Min: 0.65, Back Right Min: 0.54
[rosout][INFO] 2025-04-03 15:17:00,843: Back Left Min: 0.65, Back Right Min: 0.54
[rosout][INFO] 2025-04-03 15:17:00,939: Back Left Min: 0.65, Back Right Min: 0.54
[rosout][INFO] 2025-04-03 15:17:01,043: Back Left Min: 0.65, Back Right Min: 0.54
[rosout][INFO] 2025-04-03 15:17:01,140: Back Left Min: 0.65, Back Right Min: 0.54
[rosout][INFO] 2025-04-03 15:17:01,243: Back Left Min: 0.65, Back Right Min: 0.54
[rosout][INFO] 2025-04-03 15:17:01,340: Back Left Min: 0.65, Back Right Min: 0.54
[rosout][INFO] 2025-04-03 15:17:01,443: Back Left Min: 0.65, Back Right Min: 0.54
[rosout][INFO] 2025-04-03 15:17:01,540: Back Left Min: 0.65, Back Right Min: 0.54
[rosout][INFO] 2025-04-03 15:17:01,643: Back Left Min: 0.65, Back Right Min: 0.54
[rosout][INFO] 2025-04-03 15:17:01,740: Back Left Min: 0.65, Back Right Min: 0.54
[rosout][INFO] 2025-04-03 15:17:01,843: Back Left Min: 0.65, Back Right Min: 0.54
[rosout][INFO] 2025-04-03 15:17:01,940: Back Left Min: 0.65, Back Right Min: 0.54
[rosout][INFO] 2025-04-03 15:17:02,043: Back Left Min: 0.65, Back Right Min: 0.54
[rosout][INFO] 2025-04-03 15:17:02,140: Back Left Min: 0.65, Back Right Min: 0.54
[rosout][INFO] 2025-04-03 15:17:02,243: Back Left Min: 0.65, Back Right Min: 0.54
[rosout][INFO] 2025-04-03 15:17:02,340: Back Left Min: 0.65, Back Right Min: 0.54
[rosout][INFO] 2025-04-03 15:17:02,443: Back Left Min: 0.65, Back Right Min: 0.54
[rosout][INFO] 2025-04-03 15:17:02,540: Back Left Min: 0.65, Back Right Min: 0.54
[rosout][INFO] 2025-04-03 15:17:02,643: Back Left Min: 0.65, Back Right Min: 0.54
[rosout][INFO] 2025-04-03 15:17:02,740: Back Left Min: 0.65, Back Right Min: 0.54
[rosout][INFO] 2025-04-03 15:17:02,843: Back Left Min: 0.65, Back Right Min: 0.54
[rosout][INFO] 2025-04-03 15:17:02,940: Back Left Min: 0.64, Back Right Min: 0.54
[rosout][INFO] 2025-04-03 15:17:03,043: Back Left Min: 0.64, Back Right Min: 0.54
[rosout][INFO] 2025-04-03 15:17:03,140: Back Left Min: 0.64, Back Right Min: 0.54
[rosout][INFO] 2025-04-03 15:17:03,244: Back Left Min: 0.64, Back Right Min: 0.54
[rosout][INFO] 2025-04-03 15:17:03,340: Back Left Min: 0.64, Back Right Min: 0.54
[rosout][INFO] 2025-04-03 15:17:03,444: Back Left Min: 0.64, Back Right Min: 0.54
[rosout][INFO] 2025-04-03 15:17:03,541: Back Left Min: 0.64, Back Right Min: 0.54
[rosout][INFO] 2025-04-03 15:17:03,644: Back Left Min: 0.64, Back Right Min: 0.54
[rosout][INFO] 2025-04-03 15:17:03,741: Back Left Min: 0.64, Back Right Min: 0.54
[rosout][INFO] 2025-04-03 15:17:03,844: Back Left Min: 0.64, Back Right Min: 0.54
[rosout][INFO] 2025-04-03 15:17:03,941: Back Left Min: 0.64, Back Right Min: 0.54
[rosout][INFO] 2025-04-03 15:17:04,044: Back Left Min: 0.64, Back Right Min: 0.54
[rosout][INFO] 2025-04-03 15:17:04,141: Back Left Min: 0.64, Back Right Min: 0.54
[rosout][INFO] 2025-04-03 15:17:04,244: Back Left Min: 0.64, Back Right Min: 0.54
[rosout][INFO] 2025-04-03 15:17:04,341: Back Left Min: 0.65, Back Right Min: 0.54
[rosout][INFO] 2025-04-03 15:17:04,444: Back Left Min: 0.65, Back Right Min: 0.54
[rosout][INFO] 2025-04-03 15:17:04,541: Back Left Min: 0.65, Back Right Min: 0.54
[rosout][INFO] 2025-04-03 15:17:04,644: Back Left Min: 0.64, Back Right Min: 0.54
[rosout][INFO] 2025-04-03 15:17:04,741: Back Left Min: 0.64, Back Right Min: 0.54
[rosout][INFO] 2025-04-03 15:17:04,844: Back Left Min: 0.64, Back Right Min: 0.54
[rosout][INFO] 2025-04-03 15:17:04,941: Back Left Min: 0.64, Back Right Min: 0.54
[rosout][INFO] 2025-04-03 15:17:05,044: Back Left Min: 0.64, Back Right Min: 0.54
[rosout][INFO] 2025-04-03 15:17:05,141: Back Left Min: 0.64, Back Right Min: 0.54
[rosout][INFO] 2025-04-03 15:17:05,245: Back Left Min: 0.64, Back Right Min: 0.54
[rosout][INFO] 2025-04-03 15:17:05,341: Back Left Min: 0.64, Back Right Min: 0.54
[rosout][INFO] 2025-04-03 15:17:05,444: Back Left Min: 0.64, Back Right Min: 0.54
[rosout][INFO] 2025-04-03 15:17:05,541: Back Left Min: 0.64, Back Right Min: 0.54
[rosout][INFO] 2025-04-03 15:17:05,645: Back Left Min: 0.64, Back Right Min: 0.54
[rosout][INFO] 2025-04-03 15:17:05,741: Back Left Min: 0.64, Back Right Min: 0.54
[rosout][INFO] 2025-04-03 15:17:05,845: Back Left Min: 0.64, Back Right Min: 0.54
[rosout][INFO] 2025-04-03 15:17:05,941: Back Left Min: 0.64, Back Right Min: 0.54
[rosout][INFO] 2025-04-03 15:17:06,045: Back Left Min: 0.64, Back Right Min: 0.54
[rosout][INFO] 2025-04-03 15:17:06,142: Back Left Min: 0.64, Back Right Min: 0.54
[rosout][INFO] 2025-04-03 15:17:06,245: Back Left Min: 0.64, Back Right Min: 0.54
[rosout][INFO] 2025-04-03 15:17:06,342: Back Left Min: 0.64, Back Right Min: 0.54
[rosout][INFO] 2025-04-03 15:17:06,445: Back Left Min: 0.64, Back Right Min: 0.54
[rosout][INFO] 2025-04-03 15:17:06,542: Back Left Min: 0.64, Back Right Min: 0.54
[rosout][INFO] 2025-04-03 15:17:06,645: Back Left Min: 0.64, Back Right Min: 0.54
[rosout][INFO] 2025-04-03 15:17:06,742: Back Left Min: 0.64, Back Right Min: 0.54
[rosout][INFO] 2025-04-03 15:17:06,845: Back Left Min: 0.64, Back Right Min: 0.54
[rosout][INFO] 2025-04-03 15:17:06,942: Back Left Min: 0.64, Back Right Min: 0.54
[rosout][INFO] 2025-04-03 15:17:07,045: Back Left Min: 0.64, Back Right Min: 0.54
[rosout][INFO] 2025-04-03 15:17:07,142: Back Left Min: 0.64, Back Right Min: 0.54
[rosout][INFO] 2025-04-03 15:17:07,245: Back Left Min: 0.64, Back Right Min: 0.54
[rosout][INFO] 2025-04-03 15:17:07,342: Back Left Min: 0.64, Back Right Min: 0.54
[rosout][INFO] 2025-04-03 15:17:07,445: Back Left Min: 0.64, Back Right Min: 0.54
[rosout][INFO] 2025-04-03 15:17:07,542: Back Left Min: 0.64, Back Right Min: 0.54
[rosout][INFO] 2025-04-03 15:17:07,646: Back Left Min: 0.64, Back Right Min: 0.54
[rosout][INFO] 2025-04-03 15:17:07,742: Back Left Min: 0.64, Back Right Min: 0.54
[rosout][INFO] 2025-04-03 15:17:07,846: Back Left Min: 0.64, Back Right Min: 0.54
[rosout][INFO] 2025-04-03 15:17:07,942: Back Left Min: 0.64, Back Right Min: 0.54
[rosout][INFO] 2025-04-03 15:17:08,046: Back Left Min: 0.64, Back Right Min: 0.54
[rosout][INFO] 2025-04-03 15:17:08,142: Back Left Min: 0.64, Back Right Min: 0.54
[rosout][INFO] 2025-04-03 15:17:08,246: Back Left Min: 0.64, Back Right Min: 0.54
[rosout][INFO] 2025-04-03 15:17:08,343: Back Left Min: 0.64, Back Right Min: 0.54
[rosout][INFO] 2025-04-03 15:17:08,446: Back Left Min: 0.64, Back Right Min: 0.54
[rosout][INFO] 2025-04-03 15:17:08,543: Back Left Min: 0.64, Back Right Min: 0.54
[rosout][INFO] 2025-04-03 15:17:08,646: Back Left Min: 0.64, Back Right Min: 0.54
[rosout][INFO] 2025-04-03 15:17:08,743: Back Left Min: 0.64, Back Right Min: 0.54
[rosout][INFO] 2025-04-03 15:17:08,846: Back Left Min: 0.64, Back Right Min: 0.54
[rosout][INFO] 2025-04-03 15:17:08,943: Back Left Min: 0.64, Back Right Min: 0.54
[rosout][INFO] 2025-04-03 15:17:09,046: Back Left Min: 0.64, Back Right Min: 0.54
[rosout][INFO] 2025-04-03 15:17:09,143: Back Left Min: 0.64, Back Right Min: 0.54
[rosout][INFO] 2025-04-03 15:17:09,246: Back Left Min: 0.64, Back Right Min: 0.54
[rosout][INFO] 2025-04-03 15:17:09,343: Back Left Min: 0.64, Back Right Min: 0.54
[rosout][INFO] 2025-04-03 15:17:09,446: Back Left Min: 0.64, Back Right Min: 0.54
[rosout][INFO] 2025-04-03 15:17:09,543: Back Left Min: 0.64, Back Right Min: 0.54
[rosout][INFO] 2025-04-03 15:17:09,646: Back Left Min: 0.64, Back Right Min: 0.54
[rosout][INFO] 2025-04-03 15:17:09,743: Back Left Min: 0.64, Back Right Min: 0.54
[rosout][INFO] 2025-04-03 15:17:09,846: Back Left Min: 0.64, Back Right Min: 0.54
[rosout][INFO] 2025-04-03 15:17:09,943: Back Left Min: 0.64, Back Right Min: 0.54
[rosout][INFO] 2025-04-03 15:17:10,046: Back Left Min: 0.64, Back Right Min: 0.54
[rosout][INFO] 2025-04-03 15:17:10,143: Back Left Min: 0.64, Back Right Min: 0.54
[rosout][INFO] 2025-04-03 15:17:10,246: Back Left Min: 0.64, Back Right Min: 0.54
[rosout][INFO] 2025-04-03 15:17:10,343: Back Left Min: 0.64, Back Right Min: 0.54
[rosout][INFO] 2025-04-03 15:17:10,447: Back Left Min: 0.64, Back Right Min: 0.54
[rosout][INFO] 2025-04-03 15:17:10,543: Back Left Min: 0.64, Back Right Min: 0.54
[rosout][INFO] 2025-04-03 15:17:10,647: Back Left Min: 0.64, Back Right Min: 0.54
[rosout][INFO] 2025-04-03 15:17:10,744: Back Left Min: 0.64, Back Right Min: 0.54
[rosout][INFO] 2025-04-03 15:17:10,847: Back Left Min: 0.64, Back Right Min: 0.54
[rosout][INFO] 2025-04-03 15:17:10,944: Back Left Min: 0.64, Back Right Min: 0.54
[rosout][INFO] 2025-04-03 15:17:11,047: Back Left Min: 0.64, Back Right Min: 0.54
[rosout][INFO] 2025-04-03 15:17:11,144: Back Left Min: 0.64, Back Right Min: 0.54
[rosout][INFO] 2025-04-03 15:17:11,247: Back Left Min: 0.64, Back Right Min: 0.54
[rosout][INFO] 2025-04-03 15:17:11,344: Back Left Min: 0.64, Back Right Min: 0.54
[rosout][INFO] 2025-04-03 15:17:11,447: Back Left Min: 0.64, Back Right Min: 0.54
[rosout][INFO] 2025-04-03 15:17:11,544: Back Left Min: 0.64, Back Right Min: 0.54
[rosout][INFO] 2025-04-03 15:17:11,647: Back Left Min: 0.64, Back Right Min: 0.54
[rosout][INFO] 2025-04-03 15:17:11,744: Back Left Min: 0.64, Back Right Min: 0.54
[rosout][INFO] 2025-04-03 15:17:11,847: Back Left Min: 0.64, Back Right Min: 0.54
[rosout][INFO] 2025-04-03 15:17:11,944: Back Left Min: 0.64, Back Right Min: 0.54
[rosout][INFO] 2025-04-03 15:17:12,047: Back Left Min: 0.64, Back Right Min: 0.54
[rosout][INFO] 2025-04-03 15:17:12,144: Back Left Min: 0.64, Back Right Min: 0.54
[rosout][INFO] 2025-04-03 15:17:12,247: Back Left Min: 0.64, Back Right Min: 0.54
[rosout][INFO] 2025-04-03 15:17:12,344: Back Left Min: 0.64, Back Right Min: 0.54
[rosout][INFO] 2025-04-03 15:17:12,447: Back Left Min: 0.64, Back Right Min: 0.54
[rosout][INFO] 2025-04-03 15:17:12,544: Back Left Min: 0.64, Back Right Min: 0.54
[rosout][INFO] 2025-04-03 15:17:12,647: Back Left Min: 0.64, Back Right Min: 0.54
[rosout][INFO] 2025-04-03 15:17:12,744: Back Left Min: 0.64, Back Right Min: 0.54
[rosout][INFO] 2025-04-03 15:17:12,848: Back Left Min: 0.64, Back Right Min: 0.54
[rosout][INFO] 2025-04-03 15:17:12,944: Back Left Min: 0.64, Back Right Min: 0.54
[rosout][INFO] 2025-04-03 15:17:13,048: Back Left Min: 0.64, Back Right Min: 0.54
[rosout][INFO] 2025-04-03 15:17:13,145: Back Left Min: 0.64, Back Right Min: 0.54
[rosout][INFO] 2025-04-03 15:17:13,248: Back Left Min: 0.64, Back Right Min: 0.54
[rosout][INFO] 2025-04-03 15:17:13,345: Back Left Min: 0.64, Back Right Min: 0.54
[rosout][INFO] 2025-04-03 15:17:13,448: Back Left Min: 0.64, Back Right Min: 0.54
[rosout][INFO] 2025-04-03 15:17:13,545: Back Left Min: 0.64, Back Right Min: 0.54
[rosout][INFO] 2025-04-03 15:17:13,648: Back Left Min: 0.64, Back Right Min: 0.54
[rosout][INFO] 2025-04-03 15:17:13,745: Back Left Min: 0.64, Back Right Min: 0.54
[rosout][INFO] 2025-04-03 15:17:13,848: Back Left Min: 0.64, Back Right Min: 0.54
[rosout][INFO] 2025-04-03 15:17:13,945: Back Left Min: 0.64, Back Right Min: 0.54
[rosout][INFO] 2025-04-03 15:17:14,048: Back Left Min: 0.64, Back Right Min: 0.54
[rosout][INFO] 2025-04-03 15:17:14,145: Back Left Min: 0.64, Back Right Min: 0.54
[rosout][INFO] 2025-04-03 15:17:14,248: Back Left Min: 0.64, Back Right Min: 0.54
[rosout][INFO] 2025-04-03 15:17:14,345: Back Left Min: 0.64, Back Right Min: 0.54
[rosout][INFO] 2025-04-03 15:17:14,448: Back Left Min: 0.64, Back Right Min: 0.54
[rosout][INFO] 2025-04-03 15:17:14,545: Back Left Min: 0.64, Back Right Min: 0.54
[rosout][INFO] 2025-04-03 15:17:14,648: Back Left Min: 0.64, Back Right Min: 0.54
[rosout][INFO] 2025-04-03 15:17:14,745: Back Left Min: 0.64, Back Right Min: 0.54
[rosout][INFO] 2025-04-03 15:17:14,848: Back Left Min: 0.64, Back Right Min: 0.54
[rosout][INFO] 2025-04-03 15:17:14,945: Back Left Min: 0.64, Back Right Min: 0.54
[rosout][INFO] 2025-04-03 15:17:15,048: Back Left Min: 0.64, Back Right Min: 0.54
[rosout][INFO] 2025-04-03 15:17:15,145: Back Left Min: 0.64, Back Right Min: 0.54
[rosout][INFO] 2025-04-03 15:17:15,248: Back Left Min: 0.64, Back Right Min: 0.54
[rosout][INFO] 2025-04-03 15:17:15,345: Back Left Min: 0.64, Back Right Min: 0.54
[rosout][INFO] 2025-04-03 15:17:15,449: Back Left Min: 0.64, Back Right Min: 0.54
[rosout][INFO] 2025-04-03 15:17:15,545: Back Left Min: 0.64, Back Right Min: 0.54
[rosout][INFO] 2025-04-03 15:17:15,649: Back Left Min: 0.64, Back Right Min: 0.54
[rosout][INFO] 2025-04-03 15:17:15,745: Back Left Min: 0.64, Back Right Min: 0.54
[rosout][INFO] 2025-04-03 15:17:15,849: Back Left Min: 0.64, Back Right Min: 0.54
[rosout][INFO] 2025-04-03 15:17:15,946: Back Left Min: 0.64, Back Right Min: 0.54
[rosout][INFO] 2025-04-03 15:17:16,049: Back Left Min: 0.64, Back Right Min: 0.54
[rosout][INFO] 2025-04-03 15:17:16,146: Back Left Min: 0.64, Back Right Min: 0.54
[rosout][INFO] 2025-04-03 15:17:16,249: Back Left Min: 0.64, Back Right Min: 0.54
[rosout][INFO] 2025-04-03 15:17:16,346: Back Left Min: 0.64, Back Right Min: 0.54
[rosout][INFO] 2025-04-03 15:17:16,449: Back Left Min: 0.64, Back Right Min: 0.54
[rosout][INFO] 2025-04-03 15:17:16,546: Back Left Min: 0.64, Back Right Min: 0.54
[rosout][INFO] 2025-04-03 15:17:16,649: Back Left Min: 0.64, Back Right Min: 0.54
[rosout][INFO] 2025-04-03 15:17:16,746: Back Left Min: 0.64, Back Right Min: 0.54
[rosout][INFO] 2025-04-03 15:17:16,849: Back Left Min: 0.64, Back Right Min: 0.54
[rosout][INFO] 2025-04-03 15:17:16,946: Back Left Min: 0.64, Back Right Min: 0.54
[rosout][INFO] 2025-04-03 15:17:17,049: Back Left Min: 0.64, Back Right Min: 0.54
[rosout][INFO] 2025-04-03 15:17:17,146: Back Left Min: 0.64, Back Right Min: 0.54
[rosout][INFO] 2025-04-03 15:17:17,249: Back Left Min: 0.64, Back Right Min: 0.54
[rosout][INFO] 2025-04-03 15:17:17,346: Back Left Min: 0.64, Back Right Min: 0.54
[rosout][INFO] 2025-04-03 15:17:17,449: Back Left Min: 0.64, Back Right Min: 0.54
[rosout][INFO] 2025-04-03 15:17:17,546: Back Left Min: 0.64, Back Right Min: 0.54
[rosout][INFO] 2025-04-03 15:17:17,649: Back Left Min: 0.64, Back Right Min: 0.54
[rosout][INFO] 2025-04-03 15:17:17,746: Back Left Min: 0.64, Back Right Min: 0.54
[rosout][INFO] 2025-04-03 15:17:17,849: Back Left Min: 0.64, Back Right Min: 0.54
[rosout][INFO] 2025-04-03 15:17:17,946: Back Left Min: 0.64, Back Right Min: 0.54
[rosout][INFO] 2025-04-03 15:17:18,050: Back Left Min: 0.64, Back Right Min: 0.54
[rosout][INFO] 2025-04-03 15:17:18,147: Back Left Min: 0.64, Back Right Min: 0.54
[rosout][INFO] 2025-04-03 15:17:18,250: Back Left Min: 0.64, Back Right Min: 0.54
[rosout][INFO] 2025-04-03 15:17:18,347: Back Left Min: 0.64, Back Right Min: 0.54
[rosout][INFO] 2025-04-03 15:17:18,450: Back Left Min: 0.64, Back Right Min: 0.54
[rosout][INFO] 2025-04-03 15:17:18,547: Back Left Min: 0.64, Back Right Min: 0.54
[rosout][INFO] 2025-04-03 15:17:18,650: Back Left Min: 0.64, Back Right Min: 0.54
[rosout][INFO] 2025-04-03 15:17:18,747: Back Left Min: 0.64, Back Right Min: 0.54
[rosout][INFO] 2025-04-03 15:17:18,850: Back Left Min: 0.64, Back Right Min: 0.54
[rosout][INFO] 2025-04-03 15:17:18,947: Back Left Min: 0.64, Back Right Min: 0.54
[rosout][INFO] 2025-04-03 15:17:19,050: Back Left Min: 0.64, Back Right Min: 0.54
[rosout][INFO] 2025-04-03 15:17:19,147: Back Left Min: 0.64, Back Right Min: 0.54
[rosout][INFO] 2025-04-03 15:17:19,250: Back Left Min: 0.64, Back Right Min: 0.54
[rosout][INFO] 2025-04-03 15:17:19,347: Back Left Min: 0.64, Back Right Min: 0.54
[rosout][INFO] 2025-04-03 15:17:19,450: Back Left Min: 0.64, Back Right Min: 0.54
[rosout][INFO] 2025-04-03 15:17:19,547: Back Left Min: 0.64, Back Right Min: 0.54
[rosout][INFO] 2025-04-03 15:17:19,650: Back Left Min: 0.64, Back Right Min: 0.54
[rosout][INFO] 2025-04-03 15:17:19,747: Back Left Min: 0.64, Back Right Min: 0.54
[rosout][INFO] 2025-04-03 15:17:19,850: Back Left Min: 0.64, Back Right Min: 0.54
[rosout][INFO] 2025-04-03 15:17:19,947: Back Left Min: 0.64, Back Right Min: 0.54
[rosout][INFO] 2025-04-03 15:17:20,050: Back Left Min: 0.64, Back Right Min: 0.54
[rosout][INFO] 2025-04-03 15:17:20,147: Back Left Min: 0.64, Back Right Min: 0.54
[rosout][INFO] 2025-04-03 15:17:20,251: Back Left Min: 0.64, Back Right Min: 0.54
[rosout][INFO] 2025-04-03 15:17:20,347: Back Left Min: 0.64, Back Right Min: 0.54
[rosout][INFO] 2025-04-03 15:17:20,451: Back Left Min: 0.64, Back Right Min: 0.54
[rosout][INFO] 2025-04-03 15:17:20,548: Back Left Min: 0.64, Back Right Min: 0.54
[rosout][INFO] 2025-04-03 15:17:20,651: Back Left Min: 0.64, Back Right Min: 0.54
[rosout][INFO] 2025-04-03 15:17:20,748: Back Left Min: 0.64, Back Right Min: 0.54
[rosout][INFO] 2025-04-03 15:17:20,851: Back Left Min: 0.64, Back Right Min: 0.54
[rosout][INFO] 2025-04-03 15:17:20,948: Back Left Min: 0.64, Back Right Min: 0.54
[rosout][INFO] 2025-04-03 15:17:21,051: Back Left Min: 0.64, Back Right Min: 0.54
[rosout][INFO] 2025-04-03 15:17:21,148: Back Left Min: 0.64, Back Right Min: 0.54
[rosout][INFO] 2025-04-03 15:17:21,251: Back Left Min: 0.64, Back Right Min: 0.54
[rosout][INFO] 2025-04-03 15:17:21,348: Back Left Min: 0.64, Back Right Min: 0.54
[rosout][INFO] 2025-04-03 15:17:21,451: Back Left Min: 0.64, Back Right Min: 0.54
[rosout][INFO] 2025-04-03 15:17:21,548: Back Left Min: 0.64, Back Right Min: 0.54
[rosout][INFO] 2025-04-03 15:17:21,651: Back Left Min: 0.64, Back Right Min: 0.54
[rosout][INFO] 2025-04-03 15:17:21,748: Back Left Min: 0.64, Back Right Min: 0.54
[rosout][INFO] 2025-04-03 15:17:21,851: Back Left Min: 0.64, Back Right Min: 0.54
[rosout][INFO] 2025-04-03 15:17:21,948: Back Left Min: 0.64, Back Right Min: 0.54
[rosout][INFO] 2025-04-03 15:17:22,051: Back Left Min: 0.64, Back Right Min: 0.54
[rosout][INFO] 2025-04-03 15:17:22,148: Back Left Min: 0.64, Back Right Min: 0.54
[rosout][INFO] 2025-04-03 15:17:22,251: Back Left Min: 0.64, Back Right Min: 0.54
[rosout][INFO] 2025-04-03 15:17:22,348: Back Left Min: 0.64, Back Right Min: 0.54
[rosout][INFO] 2025-04-03 15:17:22,451: Back Left Min: 0.64, Back Right Min: 0.54
[rosout][INFO] 2025-04-03 15:17:22,548: Back Left Min: 0.64, Back Right Min: 0.54
[rosout][INFO] 2025-04-03 15:17:22,651: Back Left Min: 0.64, Back Right Min: 0.54
[rosout][INFO] 2025-04-03 15:17:22,748: Back Left Min: 0.64, Back Right Min: 0.54
[rosout][INFO] 2025-04-03 15:17:22,852: Back Left Min: 0.64, Back Right Min: 0.54
[rosout][INFO] 2025-04-03 15:17:22,948: Back Left Min: 0.64, Back Right Min: 0.54
[rosout][INFO] 2025-04-03 15:17:23,052: Back Left Min: 0.64, Back Right Min: 0.54
[rosout][INFO] 2025-04-03 15:17:23,149: Back Left Min: 0.64, Back Right Min: 0.54
[rosout][INFO] 2025-04-03 15:17:23,252: Back Left Min: 0.64, Back Right Min: 0.54
[rosout][INFO] 2025-04-03 15:17:23,349: Back Left Min: 0.64, Back Right Min: 0.54
[rosout][INFO] 2025-04-03 15:17:23,452: Back Left Min: 0.64, Back Right Min: 0.54
[rosout][INFO] 2025-04-03 15:17:23,549: Back Left Min: 0.64, Back Right Min: 0.54
[rosout][INFO] 2025-04-03 15:17:23,652: Back Left Min: 0.64, Back Right Min: 0.54
[rosout][INFO] 2025-04-03 15:17:23,749: Back Left Min: 0.64, Back Right Min: 0.54
[rosout][INFO] 2025-04-03 15:17:23,852: Back Left Min: 0.64, Back Right Min: 0.54
[rosout][INFO] 2025-04-03 15:17:23,949: Back Left Min: 0.64, Back Right Min: 0.54
[rosout][INFO] 2025-04-03 15:17:24,052: Back Left Min: 0.64, Back Right Min: 0.54
[rosout][INFO] 2025-04-03 15:17:24,149: Back Left Min: 0.64, Back Right Min: 0.54
[rosout][INFO] 2025-04-03 15:17:24,252: Back Left Min: 0.64, Back Right Min: 0.54
[rosout][INFO] 2025-04-03 15:17:24,349: Back Left Min: 0.64, Back Right Min: 0.54
[rosout][INFO] 2025-04-03 15:17:24,452: Back Left Min: 0.64, Back Right Min: 0.54
[rosout][INFO] 2025-04-03 15:17:24,549: Back Left Min: 0.64, Back Right Min: 0.54
[rosout][INFO] 2025-04-03 15:17:24,652: Back Left Min: 0.64, Back Right Min: 0.54
[rosout][INFO] 2025-04-03 15:17:24,749: Back Left Min: 0.64, Back Right Min: 0.54
[rosout][INFO] 2025-04-03 15:17:24,852: Back Left Min: 0.64, Back Right Min: 0.54
[rosout][INFO] 2025-04-03 15:17:24,949: Back Left Min: 0.64, Back Right Min: 0.54
[rosout][INFO] 2025-04-03 15:17:25,052: Back Left Min: 0.64, Back Right Min: 0.54
[rosout][INFO] 2025-04-03 15:17:25,149: Back Left Min: 0.64, Back Right Min: 0.54
[rosout][INFO] 2025-04-03 15:17:25,253: Back Left Min: 0.64, Back Right Min: 0.54
[rosout][INFO] 2025-04-03 15:17:25,349: Back Left Min: 0.64, Back Right Min: 0.54
[rosout][INFO] 2025-04-03 15:17:25,453: Back Left Min: 0.64, Back Right Min: 0.54
[rosout][INFO] 2025-04-03 15:17:25,549: Back Left Min: 0.64, Back Right Min: 0.54
[rosout][INFO] 2025-04-03 15:17:25,653: Back Left Min: 0.64, Back Right Min: 0.54
[rosout][INFO] 2025-04-03 15:17:25,750: Back Left Min: 0.64, Back Right Min: 0.54
[rosout][INFO] 2025-04-03 15:17:25,853: Back Left Min: 0.64, Back Right Min: 0.54
[rosout][INFO] 2025-04-03 15:17:25,950: Back Left Min: 0.64, Back Right Min: 0.54
[rosout][INFO] 2025-04-03 15:17:26,053: Back Left Min: 0.64, Back Right Min: 0.54
[rosout][INFO] 2025-04-03 15:17:26,150: Back Left Min: 0.64, Back Right Min: 0.54
[rosout][INFO] 2025-04-03 15:17:26,253: Back Left Min: 0.64, Back Right Min: 0.54
[rosout][INFO] 2025-04-03 15:17:26,350: Back Left Min: 0.64, Back Right Min: 0.54
[rosout][INFO] 2025-04-03 15:17:26,453: Back Left Min: 0.64, Back Right Min: 0.54
[rosout][INFO] 2025-04-03 15:17:26,550: Back Left Min: 0.64, Back Right Min: 0.54
[rosout][INFO] 2025-04-03 15:17:26,653: Back Left Min: 0.64, Back Right Min: 0.54
[rosout][INFO] 2025-04-03 15:17:26,750: Back Left Min: 0.64, Back Right Min: 0.54
[rosout][INFO] 2025-04-03 15:17:26,853: Back Left Min: 0.64, Back Right Min: 0.54
[rosout][INFO] 2025-04-03 15:17:26,950: Back Left Min: 0.64, Back Right Min: 0.54
[rosout][INFO] 2025-04-03 15:17:27,053: Back Left Min: 0.64, Back Right Min: 0.54
[rosout][INFO] 2025-04-03 15:17:27,150: Back Left Min: 0.64, Back Right Min: 0.54
[rosout][INFO] 2025-04-03 15:17:27,253: Back Left Min: 0.64, Back Right Min: 0.54
[rosout][INFO] 2025-04-03 15:17:27,350: Back Left Min: 0.64, Back Right Min: 0.54
[rosout][INFO] 2025-04-03 15:17:27,453: Back Left Min: 0.64, Back Right Min: 0.54
[rosout][INFO] 2025-04-03 15:17:27,550: Back Left Min: 0.64, Back Right Min: 0.54
[rosout][INFO] 2025-04-03 15:17:27,654: Back Left Min: 0.64, Back Right Min: 0.54
[rosout][INFO] 2025-04-03 15:17:27,750: Back Left Min: 0.64, Back Right Min: 0.54
[rosout][INFO] 2025-04-03 15:17:27,854: Back Left Min: 0.64, Back Right Min: 0.54
[rosout][INFO] 2025-04-03 15:17:27,951: Back Left Min: 0.64, Back Right Min: 0.54
[rosout][INFO] 2025-04-03 15:17:28,054: Back Left Min: 0.64, Back Right Min: 0.54
[rosout][INFO] 2025-04-03 15:17:28,151: Back Left Min: 0.64, Back Right Min: 0.54
[rosout][INFO] 2025-04-03 15:17:28,254: Back Left Min: 0.64, Back Right Min: 0.54
[rosout][INFO] 2025-04-03 15:17:28,351: Back Left Min: 0.64, Back Right Min: 0.54
[rosout][INFO] 2025-04-03 15:17:28,454: Back Left Min: 0.64, Back Right Min: 0.54
[rosout][INFO] 2025-04-03 15:17:28,551: Back Left Min: 0.64, Back Right Min: 0.54
[rosout][INFO] 2025-04-03 15:17:28,654: Back Left Min: 0.64, Back Right Min: 0.54
[rosout][INFO] 2025-04-03 15:17:28,751: Back Left Min: 0.64, Back Right Min: 0.54
[rosout][INFO] 2025-04-03 15:17:28,854: Back Left Min: 0.64, Back Right Min: 0.54
[rosout][INFO] 2025-04-03 15:17:28,951: Back Left Min: 0.64, Back Right Min: 0.54
[rosout][INFO] 2025-04-03 15:17:29,054: Back Left Min: 0.64, Back Right Min: 0.54
[rosout][INFO] 2025-04-03 15:17:29,151: Back Left Min: 0.64, Back Right Min: 0.54
[rosout][INFO] 2025-04-03 15:17:29,254: Back Left Min: 0.64, Back Right Min: 0.54
[rosout][INFO] 2025-04-03 15:17:29,351: Back Left Min: 0.64, Back Right Min: 0.54
[rosout][INFO] 2025-04-03 15:17:29,454: Back Left Min: 0.64, Back Right Min: 0.54
[rosout][INFO] 2025-04-03 15:17:29,551: Back Left Min: 0.64, Back Right Min: 0.54
[rosout][INFO] 2025-04-03 15:17:29,654: Back Left Min: 0.64, Back Right Min: 0.54
[rosout][INFO] 2025-04-03 15:17:29,751: Back Left Min: 0.64, Back Right Min: 0.54
[rosout][INFO] 2025-04-03 15:17:29,854: Back Left Min: 0.64, Back Right Min: 0.54
[rosout][INFO] 2025-04-03 15:17:29,951: Back Left Min: 0.64, Back Right Min: 0.54
[rosout][INFO] 2025-04-03 15:17:30,055: Back Left Min: 0.64, Back Right Min: 0.54
[rosout][INFO] 2025-04-03 15:17:30,151: Back Left Min: 0.64, Back Right Min: 0.54
[rosout][INFO] 2025-04-03 15:17:30,255: Back Left Min: 0.64, Back Right Min: 0.54
[rosout][INFO] 2025-04-03 15:17:30,351: Back Left Min: 0.64, Back Right Min: 0.54
[rosout][INFO] 2025-04-03 15:17:30,455: Back Left Min: 0.64, Back Right Min: 0.54
[rosout][INFO] 2025-04-03 15:17:30,552: Back Left Min: 0.64, Back Right Min: 0.54
[rosout][INFO] 2025-04-03 15:17:30,655: Back Left Min: 0.64, Back Right Min: 0.54
[rosout][INFO] 2025-04-03 15:17:30,752: Back Left Min: 0.64, Back Right Min: 0.54
[rosout][INFO] 2025-04-03 15:17:30,855: Back Left Min: 0.64, Back Right Min: 0.54
[rosout][INFO] 2025-04-03 15:17:30,952: Back Left Min: 0.64, Back Right Min: 0.54
[rosout][INFO] 2025-04-03 15:17:31,055: Back Left Min: 0.64, Back Right Min: 0.54
[rosout][INFO] 2025-04-03 15:17:31,152: Back Left Min: 0.64, Back Right Min: 0.54
[rosout][INFO] 2025-04-03 15:17:31,255: Back Left Min: 0.64, Back Right Min: 0.54
[rosout][INFO] 2025-04-03 15:17:31,352: Back Left Min: 0.64, Back Right Min: 0.54
[rosout][INFO] 2025-04-03 15:17:31,455: Back Left Min: 0.64, Back Right Min: 0.54
[rosout][INFO] 2025-04-03 15:17:31,552: Back Left Min: 0.64, Back Right Min: 0.54
[rosout][INFO] 2025-04-03 15:17:31,655: Back Left Min: 0.64, Back Right Min: 0.54
[rosout][INFO] 2025-04-03 15:17:31,752: Back Left Min: 0.64, Back Right Min: 0.54
[rosout][INFO] 2025-04-03 15:17:31,855: Back Left Min: 0.64, Back Right Min: 0.54
[rosout][INFO] 2025-04-03 15:17:31,952: Back Left Min: 0.64, Back Right Min: 0.54
[rosout][INFO] 2025-04-03 15:17:32,055: Back Left Min: 0.64, Back Right Min: 0.54
[rosout][INFO] 2025-04-03 15:17:32,152: Back Left Min: 0.64, Back Right Min: 0.54
[rosout][INFO] 2025-04-03 15:17:32,255: Back Left Min: 0.64, Back Right Min: 0.54
[rosout][INFO] 2025-04-03 15:17:32,352: Back Left Min: 0.64, Back Right Min: 0.54
[rosout][INFO] 2025-04-03 15:17:32,455: Back Left Min: 0.64, Back Right Min: 0.54
[rosout][INFO] 2025-04-03 15:17:32,552: Back Left Min: 0.64, Back Right Min: 0.54
[rosout][INFO] 2025-04-03 15:17:32,656: Back Left Min: 0.64, Back Right Min: 0.54
[rosout][INFO] 2025-04-03 15:17:32,752: Back Left Min: 0.64, Back Right Min: 0.54
[rosout][INFO] 2025-04-03 15:17:32,856: Back Left Min: 0.64, Back Right Min: 0.54
[rosout][INFO] 2025-04-03 15:17:32,953: Back Left Min: 0.64, Back Right Min: 0.54
[rosout][INFO] 2025-04-03 15:17:33,056: Back Left Min: 0.64, Back Right Min: 0.54
[rosout][INFO] 2025-04-03 15:17:33,153: Back Left Min: 0.64, Back Right Min: 0.54
[rosout][INFO] 2025-04-03 15:17:33,256: Back Left Min: 0.64, Back Right Min: 0.54
[rosout][INFO] 2025-04-03 15:17:33,353: Back Left Min: 0.64, Back Right Min: 0.54
[rosout][INFO] 2025-04-03 15:17:33,456: Back Left Min: 0.64, Back Right Min: 0.54
[rosout][INFO] 2025-04-03 15:17:33,553: Back Left Min: 0.64, Back Right Min: 0.54
[rosout][INFO] 2025-04-03 15:17:33,656: Back Left Min: 0.64, Back Right Min: 0.54
[rosout][INFO] 2025-04-03 15:17:33,753: Back Left Min: 0.64, Back Right Min: 0.54
[rosout][INFO] 2025-04-03 15:17:33,856: Back Left Min: 0.64, Back Right Min: 0.54
[rosout][INFO] 2025-04-03 15:17:33,953: Back Left Min: 0.64, Back Right Min: 0.54
[rosout][INFO] 2025-04-03 15:17:34,056: Back Left Min: 0.64, Back Right Min: 0.54
[rosout][INFO] 2025-04-03 15:17:34,153: Back Left Min: 0.64, Back Right Min: 0.54
[rosout][INFO] 2025-04-03 15:17:34,256: Back Left Min: 0.64, Back Right Min: 0.54
[rosout][INFO] 2025-04-03 15:17:34,353: Back Left Min: 0.64, Back Right Min: 0.54
[rosout][INFO] 2025-04-03 15:17:34,456: Back Left Min: 0.64, Back Right Min: 0.54
[rosout][INFO] 2025-04-03 15:17:34,553: Back Left Min: 0.64, Back Right Min: 0.54
[rosout][INFO] 2025-04-03 15:17:34,656: Back Left Min: 0.64, Back Right Min: 0.54
[rosout][INFO] 2025-04-03 15:17:34,753: Back Left Min: 0.64, Back Right Min: 0.54
[rosout][INFO] 2025-04-03 15:17:34,856: Back Left Min: 0.64, Back Right Min: 0.54
[rosout][INFO] 2025-04-03 15:17:34,953: Back Left Min: 0.64, Back Right Min: 0.54
[rosout][INFO] 2025-04-03 15:17:35,057: Back Left Min: 0.64, Back Right Min: 0.54
[rosout][INFO] 2025-04-03 15:17:35,153: Back Left Min: 0.64, Back Right Min: 0.54
[rosout][INFO] 2025-04-03 15:17:35,257: Back Left Min: 0.64, Back Right Min: 0.54
[rosout][INFO] 2025-04-03 15:17:35,354: Back Left Min: 0.64, Back Right Min: 0.54
[rosout][INFO] 2025-04-03 15:17:35,457: Back Left Min: 0.64, Back Right Min: 0.54
[rosout][INFO] 2025-04-03 15:17:35,554: Back Left Min: 0.64, Back Right Min: 0.54
[rosout][INFO] 2025-04-03 15:17:35,657: Back Left Min: 0.64, Back Right Min: 0.54
[rosout][INFO] 2025-04-03 15:17:35,754: Back Left Min: 0.64, Back Right Min: 0.54
[rosout][INFO] 2025-04-03 15:17:35,857: Back Left Min: 0.64, Back Right Min: 0.54
[rosout][INFO] 2025-04-03 15:17:35,954: Back Left Min: 0.64, Back Right Min: 0.54
[rosout][INFO] 2025-04-03 15:17:36,057: Back Left Min: 0.64, Back Right Min: 0.54
[rosout][INFO] 2025-04-03 15:17:36,154: Back Left Min: 0.64, Back Right Min: 0.54
[rosout][INFO] 2025-04-03 15:17:36,257: Back Left Min: 0.64, Back Right Min: 0.54
[rosout][INFO] 2025-04-03 15:17:36,354: Back Left Min: 0.64, Back Right Min: 0.54
[rosout][INFO] 2025-04-03 15:17:36,457: Back Left Min: 0.64, Back Right Min: 0.54
[rosout][INFO] 2025-04-03 15:17:36,554: Back Left Min: 0.64, Back Right Min: 0.54
[rosout][INFO] 2025-04-03 15:17:36,657: Back Left Min: 0.64, Back Right Min: 0.54
[rosout][INFO] 2025-04-03 15:17:36,754: Back Left Min: 0.64, Back Right Min: 0.54
[rosout][INFO] 2025-04-03 15:17:36,857: Back Left Min: 0.64, Back Right Min: 0.54
[rosout][INFO] 2025-04-03 15:17:36,954: Back Left Min: 0.64, Back Right Min: 0.54
[rosout][INFO] 2025-04-03 15:17:37,057: Back Left Min: 0.64, Back Right Min: 0.54
[rosout][INFO] 2025-04-03 15:17:37,154: Back Left Min: 0.64, Back Right Min: 0.54
[rosout][INFO] 2025-04-03 15:17:37,257: Back Left Min: 0.64, Back Right Min: 0.54
[rosout][INFO] 2025-04-03 15:17:37,354: Back Left Min: 0.64, Back Right Min: 0.54
[rosout][INFO] 2025-04-03 15:17:37,458: Back Left Min: 0.64, Back Right Min: 0.54
[rosout][INFO] 2025-04-03 15:17:37,554: Back Left Min: 0.64, Back Right Min: 0.54
[rosout][INFO] 2025-04-03 15:17:37,658: Back Left Min: 0.64, Back Right Min: 0.54
[rosout][INFO] 2025-04-03 15:17:37,755: Back Left Min: 0.64, Back Right Min: 0.54
[rosout][INFO] 2025-04-03 15:17:37,858: Back Left Min: 0.64, Back Right Min: 0.54
[rosout][INFO] 2025-04-03 15:17:37,955: Back Left Min: 0.64, Back Right Min: 0.54
[rosout][INFO] 2025-04-03 15:17:38,058: Back Left Min: 0.64, Back Right Min: 0.54
[rosout][INFO] 2025-04-03 15:17:38,155: Back Left Min: 0.64, Back Right Min: 0.54
[rosout][INFO] 2025-04-03 15:17:38,258: Back Left Min: 0.64, Back Right Min: 0.54
[rosout][INFO] 2025-04-03 15:17:38,355: Back Left Min: 0.64, Back Right Min: 0.54
[rosout][INFO] 2025-04-03 15:17:38,458: Back Left Min: 0.64, Back Right Min: 0.54
[rosout][INFO] 2025-04-03 15:17:38,555: Back Left Min: 0.64, Back Right Min: 0.54
[rosout][INFO] 2025-04-03 15:17:38,658: Back Left Min: 0.64, Back Right Min: 0.54
[rosout][INFO] 2025-04-03 15:17:38,755: Back Left Min: 0.64, Back Right Min: 0.54
[rosout][INFO] 2025-04-03 15:17:38,858: Back Left Min: 0.64, Back Right Min: 0.54
[rosout][INFO] 2025-04-03 15:17:38,955: Back Left Min: 0.64, Back Right Min: 0.54
[rosout][INFO] 2025-04-03 15:17:39,058: Back Left Min: 0.64, Back Right Min: 0.54
[rosout][INFO] 2025-04-03 15:17:39,155: Back Left Min: 0.64, Back Right Min: 0.54
[rosout][INFO] 2025-04-03 15:17:39,258: Back Left Min: 0.64, Back Right Min: 0.54
[rosout][INFO] 2025-04-03 15:17:39,355: Back Left Min: 0.64, Back Right Min: 0.54
[rosout][INFO] 2025-04-03 15:17:39,458: Back Left Min: 0.64, Back Right Min: 0.54
[rosout][INFO] 2025-04-03 15:17:39,555: Back Left Min: 0.64, Back Right Min: 0.54
[rosout][INFO] 2025-04-03 15:17:39,658: Back Left Min: 0.64, Back Right Min: 0.54
[rosout][INFO] 2025-04-03 15:17:39,755: Back Left Min: 0.64, Back Right Min: 0.54
[rosout][INFO] 2025-04-03 15:17:39,859: Back Left Min: 0.64, Back Right Min: 0.54
[rosout][INFO] 2025-04-03 15:17:39,955: Back Left Min: 0.64, Back Right Min: 0.54
[rosout][INFO] 2025-04-03 15:17:40,059: Back Left Min: 0.64, Back Right Min: 0.54
[rosout][INFO] 2025-04-03 15:17:40,155: Back Left Min: 0.64, Back Right Min: 0.54
[rosout][INFO] 2025-04-03 15:17:40,259: Back Left Min: 0.64, Back Right Min: 0.54
[rosout][INFO] 2025-04-03 15:17:40,356: Back Left Min: 0.64, Back Right Min: 0.54
[rosout][INFO] 2025-04-03 15:17:40,459: Back Left Min: 0.64, Back Right Min: 0.54
[rosout][INFO] 2025-04-03 15:17:40,556: Back Left Min: 0.64, Back Right Min: 0.54
[rosout][INFO] 2025-04-03 15:17:40,659: Back Left Min: 0.64, Back Right Min: 0.54
[rosout][INFO] 2025-04-03 15:17:40,756: Back Left Min: 0.64, Back Right Min: 0.54
[rosout][INFO] 2025-04-03 15:17:40,859: Back Left Min: 0.64, Back Right Min: 0.54
[rosout][INFO] 2025-04-03 15:17:40,956: Back Left Min: 0.64, Back Right Min: 0.54
[rosout][INFO] 2025-04-03 15:17:41,059: Back Left Min: 0.64, Back Right Min: 0.54
[rosout][INFO] 2025-04-03 15:17:41,156: Back Left Min: 0.64, Back Right Min: 0.54
[rosout][INFO] 2025-04-03 15:17:41,259: Back Left Min: 0.64, Back Right Min: 0.54
[rosout][INFO] 2025-04-03 15:17:41,356: Back Left Min: 0.64, Back Right Min: 0.54
[rosout][INFO] 2025-04-03 15:17:41,459: Back Left Min: 0.64, Back Right Min: 0.54
[rosout][INFO] 2025-04-03 15:17:41,556: Back Left Min: 0.64, Back Right Min: 0.54
[rosout][INFO] 2025-04-03 15:17:41,659: Back Left Min: 0.64, Back Right Min: 0.54
[rosout][INFO] 2025-04-03 15:17:41,756: Back Left Min: 0.64, Back Right Min: 0.54
[rosout][INFO] 2025-04-03 15:17:41,859: Back Left Min: 0.64, Back Right Min: 0.54
[rosout][INFO] 2025-04-03 15:17:41,956: Back Left Min: 0.64, Back Right Min: 0.54
[rosout][INFO] 2025-04-03 15:17:42,059: Back Left Min: 0.64, Back Right Min: 0.54
[rosout][INFO] 2025-04-03 15:17:42,156: Back Left Min: 0.64, Back Right Min: 0.54
[rosout][INFO] 2025-04-03 15:17:42,260: Back Left Min: 0.64, Back Right Min: 0.54
[rosout][INFO] 2025-04-03 15:17:42,356: Back Left Min: 0.64, Back Right Min: 0.54
[rosout][INFO] 2025-04-03 15:17:42,460: Back Left Min: 0.64, Back Right Min: 0.54
[rosout][INFO] 2025-04-03 15:17:42,557: Back Left Min: 0.64, Back Right Min: 0.54
[rosout][INFO] 2025-04-03 15:17:42,660: Back Left Min: 0.64, Back Right Min: 0.54
[rosout][INFO] 2025-04-03 15:17:42,757: Back Left Min: 0.64, Back Right Min: 0.54
[rosout][INFO] 2025-04-03 15:17:42,860: Back Left Min: 0.64, Back Right Min: 0.54
[rosout][INFO] 2025-04-03 15:17:42,957: Back Left Min: 0.64, Back Right Min: 0.54
[rosout][INFO] 2025-04-03 15:17:43,060: Back Left Min: 0.64, Back Right Min: 0.54
[rosout][INFO] 2025-04-03 15:17:43,157: Back Left Min: 0.64, Back Right Min: 0.54
[rosout][INFO] 2025-04-03 15:17:43,260: Back Left Min: 0.64, Back Right Min: 0.54
[rosout][INFO] 2025-04-03 15:17:43,357: Back Left Min: 0.64, Back Right Min: 0.54
[rosout][INFO] 2025-04-03 15:17:43,460: Back Left Min: 0.64, Back Right Min: 0.54
[rosout][INFO] 2025-04-03 15:17:43,557: Back Left Min: 0.64, Back Right Min: 0.54
[rosout][INFO] 2025-04-03 15:17:43,660: Back Left Min: 0.64, Back Right Min: 0.54
[rosout][INFO] 2025-04-03 15:17:43,757: Back Left Min: 0.64, Back Right Min: 0.54
[rosout][INFO] 2025-04-03 15:17:43,860: Back Left Min: 0.64, Back Right Min: 0.54
[rosout][INFO] 2025-04-03 15:17:43,957: Back Left Min: 0.64, Back Right Min: 0.54
[rosout][INFO] 2025-04-03 15:17:44,060: Back Left Min: 0.64, Back Right Min: 0.54
[rosout][INFO] 2025-04-03 15:17:44,157: Back Left Min: 0.64, Back Right Min: 0.54
[rosout][INFO] 2025-04-03 15:17:44,260: Back Left Min: 0.64, Back Right Min: 0.54
[rosout][INFO] 2025-04-03 15:17:44,357: Back Left Min: 0.64, Back Right Min: 0.54
[rosout][INFO] 2025-04-03 15:17:44,460: Back Left Min: 0.64, Back Right Min: 0.54
[rosout][INFO] 2025-04-03 15:17:44,557: Back Left Min: 0.64, Back Right Min: 0.54
[rosout][INFO] 2025-04-03 15:17:44,661: Back Left Min: 0.64, Back Right Min: 0.54
[rosout][INFO] 2025-04-03 15:17:44,757: Back Left Min: 0.64, Back Right Min: 0.54
[rosout][INFO] 2025-04-03 15:17:44,861: Back Left Min: 0.64, Back Right Min: 0.54
[rosout][INFO] 2025-04-03 15:17:44,957: Back Left Min: 0.64, Back Right Min: 0.54
[rosout][INFO] 2025-04-03 15:17:45,061: Back Left Min: 0.64, Back Right Min: 0.54
[rosout][INFO] 2025-04-03 15:17:45,158: Back Left Min: 0.64, Back Right Min: 0.54
[rosout][INFO] 2025-04-03 15:17:45,261: Back Left Min: 0.64, Back Right Min: 0.54
[rosout][INFO] 2025-04-03 15:17:45,358: Back Left Min: 0.64, Back Right Min: 0.54
[rosout][INFO] 2025-04-03 15:17:45,461: Back Left Min: 0.64, Back Right Min: 0.54
[rosout][INFO] 2025-04-03 15:17:45,558: Back Left Min: 0.64, Back Right Min: 0.54
[rosout][INFO] 2025-04-03 15:17:45,661: Back Left Min: 0.64, Back Right Min: 0.54
[rosout][INFO] 2025-04-03 15:17:45,758: Back Left Min: 0.64, Back Right Min: 0.54
[rosout][INFO] 2025-04-03 15:17:45,861: Back Left Min: 0.64, Back Right Min: 0.54
[rosout][INFO] 2025-04-03 15:17:45,958: Back Left Min: 0.64, Back Right Min: 0.54
[rosout][INFO] 2025-04-03 15:17:46,061: Back Left Min: 0.64, Back Right Min: 0.54
[rosout][INFO] 2025-04-03 15:17:46,158: Back Left Min: 0.64, Back Right Min: 0.54
[rosout][INFO] 2025-04-03 15:17:46,261: Back Left Min: 0.64, Back Right Min: 0.54
[rosout][INFO] 2025-04-03 15:17:46,358: Back Left Min: 0.64, Back Right Min: 0.54
[rosout][INFO] 2025-04-03 15:17:46,461: Back Left Min: 0.64, Back Right Min: 0.54
[rosout][INFO] 2025-04-03 15:17:46,558: Back Left Min: 0.64, Back Right Min: 0.54
[rosout][INFO] 2025-04-03 15:17:46,661: Back Left Min: 0.64, Back Right Min: 0.54
[rosout][INFO] 2025-04-03 15:17:46,758: Back Left Min: 0.64, Back Right Min: 0.54
[rosout][INFO] 2025-04-03 15:17:46,861: Back Left Min: 0.64, Back Right Min: 0.54
[rosout][INFO] 2025-04-03 15:17:46,958: Back Left Min: 0.64, Back Right Min: 0.54
[rosout][INFO] 2025-04-03 15:17:47,062: Back Left Min: 0.64, Back Right Min: 0.54
[rosout][INFO] 2025-04-03 15:17:47,158: Back Left Min: 0.64, Back Right Min: 0.54
[rosout][INFO] 2025-04-03 15:17:47,262: Back Left Min: 0.64, Back Right Min: 0.54
[rosout][INFO] 2025-04-03 15:17:47,358: Back Left Min: 0.64, Back Right Min: 0.54
[rosout][INFO] 2025-04-03 15:17:47,462: Back Left Min: 0.64, Back Right Min: 0.54
[rosout][INFO] 2025-04-03 15:17:47,559: Back Left Min: 0.64, Back Right Min: 0.54
[rosout][INFO] 2025-04-03 15:17:47,662: Back Left Min: 0.64, Back Right Min: 0.54
[rosout][INFO] 2025-04-03 15:17:47,759: Back Left Min: 0.64, Back Right Min: 0.54
[rosout][INFO] 2025-04-03 15:17:47,862: Back Left Min: 0.64, Back Right Min: 0.54
[rosout][INFO] 2025-04-03 15:17:47,959: Back Left Min: 0.64, Back Right Min: 0.54
[rosout][INFO] 2025-04-03 15:17:48,062: Back Left Min: 0.64, Back Right Min: 0.54
[rosout][INFO] 2025-04-03 15:17:48,159: Back Left Min: 0.64, Back Right Min: 0.54
[rosout][INFO] 2025-04-03 15:17:48,262: Back Left Min: 0.64, Back Right Min: 0.54
[rosout][INFO] 2025-04-03 15:17:48,359: Back Left Min: 0.64, Back Right Min: 0.54
[rosout][INFO] 2025-04-03 15:17:48,462: Back Left Min: 0.64, Back Right Min: 0.54
[rosout][INFO] 2025-04-03 15:17:48,559: Back Left Min: 0.64, Back Right Min: 0.54
[rosout][INFO] 2025-04-03 15:17:48,662: Back Left Min: 0.64, Back Right Min: 0.54
[rosout][INFO] 2025-04-03 15:17:48,759: Back Left Min: 0.64, Back Right Min: 0.54
[rosout][INFO] 2025-04-03 15:17:48,862: Back Left Min: 0.64, Back Right Min: 0.54
[rosout][INFO] 2025-04-03 15:17:48,959: Back Left Min: 0.64, Back Right Min: 0.54
[rosout][INFO] 2025-04-03 15:17:49,062: Back Left Min: 0.64, Back Right Min: 0.54
[rosout][INFO] 2025-04-03 15:17:49,159: Back Left Min: 0.64, Back Right Min: 0.54
[rosout][INFO] 2025-04-03 15:17:49,262: Back Left Min: 0.64, Back Right Min: 0.54
[rosout][INFO] 2025-04-03 15:17:49,359: Back Left Min: 0.64, Back Right Min: 0.54
[rosout][INFO] 2025-04-03 15:17:49,462: Back Left Min: 0.64, Back Right Min: 0.54
[rosout][INFO] 2025-04-03 15:17:49,559: Back Left Min: 0.64, Back Right Min: 0.54
[rosout][INFO] 2025-04-03 15:17:49,663: Back Left Min: 0.64, Back Right Min: 0.54
[rosout][INFO] 2025-04-03 15:17:49,759: Back Left Min: 0.64, Back Right Min: 0.54
[rosout][INFO] 2025-04-03 15:17:49,863: Back Left Min: 0.64, Back Right Min: 0.54
[rosout][INFO] 2025-04-03 15:17:49,959: Back Left Min: 0.64, Back Right Min: 0.54
[rosout][INFO] 2025-04-03 15:17:50,063: Back Left Min: 0.64, Back Right Min: 0.54
[rosout][INFO] 2025-04-03 15:17:50,159: Back Left Min: 0.64, Back Right Min: 0.54
[rosout][INFO] 2025-04-03 15:17:50,263: Back Left Min: 0.64, Back Right Min: 0.54
[rosout][INFO] 2025-04-03 15:17:50,360: Back Left Min: 0.64, Back Right Min: 0.54
[rosout][INFO] 2025-04-03 15:17:50,463: Back Left Min: 0.64, Back Right Min: 0.54
[rosout][INFO] 2025-04-03 15:17:50,560: Back Left Min: 0.64, Back Right Min: 0.54
[rosout][INFO] 2025-04-03 15:17:50,663: Back Left Min: 0.64, Back Right Min: 0.54
[rosout][INFO] 2025-04-03 15:17:50,760: Back Left Min: 0.64, Back Right Min: 0.54
[rosout][INFO] 2025-04-03 15:17:50,863: Back Left Min: 0.64, Back Right Min: 0.54
[rosout][INFO] 2025-04-03 15:17:50,960: Back Left Min: 0.64, Back Right Min: 0.54
[rosout][INFO] 2025-04-03 15:17:51,063: Back Left Min: 0.64, Back Right Min: 0.54
[rosout][INFO] 2025-04-03 15:17:51,160: Back Left Min: 0.64, Back Right Min: 0.54
[rosout][INFO] 2025-04-03 15:17:51,263: Back Left Min: 0.64, Back Right Min: 0.54
[rosout][INFO] 2025-04-03 15:17:51,360: Back Left Min: 0.64, Back Right Min: 0.54
[rosout][INFO] 2025-04-03 15:17:51,463: Back Left Min: 0.64, Back Right Min: 0.54
[rosout][INFO] 2025-04-03 15:17:51,560: Back Left Min: 0.64, Back Right Min: 0.54
[rosout][INFO] 2025-04-03 15:17:51,663: Back Left Min: 0.64, Back Right Min: 0.54
[rosout][INFO] 2025-04-03 15:17:51,760: Back Left Min: 0.64, Back Right Min: 0.54
[rosout][INFO] 2025-04-03 15:17:51,863: Back Left Min: 0.64, Back Right Min: 0.54
[rosout][INFO] 2025-04-03 15:17:51,960: Back Left Min: 0.64, Back Right Min: 0.54
[rosout][INFO] 2025-04-03 15:17:52,063: Back Left Min: 0.64, Back Right Min: 0.54
[rosout][INFO] 2025-04-03 15:17:52,160: Back Left Min: 0.64, Back Right Min: 0.54
[rosout][INFO] 2025-04-03 15:17:52,264: Back Left Min: 0.64, Back Right Min: 0.54
[rosout][INFO] 2025-04-03 15:17:52,361: Back Left Min: 0.64, Back Right Min: 0.54
[rosout][INFO] 2025-04-03 15:17:52,464: Back Left Min: 0.64, Back Right Min: 0.54
[rosout][INFO] 2025-04-03 15:17:52,560: Back Left Min: 0.64, Back Right Min: 0.54
[rosout][INFO] 2025-04-03 15:17:52,664: Back Left Min: 0.64, Back Right Min: 0.54
[rosout][INFO] 2025-04-03 15:17:52,761: Back Left Min: 0.64, Back Right Min: 0.54
[rosout][INFO] 2025-04-03 15:17:52,864: Back Left Min: 0.64, Back Right Min: 0.54
[rosout][INFO] 2025-04-03 15:17:52,961: Back Left Min: 0.64, Back Right Min: 0.54
[rosout][INFO] 2025-04-03 15:17:53,064: Back Left Min: 0.64, Back Right Min: 0.54
[rosout][INFO] 2025-04-03 15:17:53,161: Back Left Min: 0.64, Back Right Min: 0.54
[rosout][INFO] 2025-04-03 15:17:53,264: Back Left Min: 0.64, Back Right Min: 0.54
[rosout][INFO] 2025-04-03 15:17:53,361: Back Left Min: 0.64, Back Right Min: 0.54
[rosout][INFO] 2025-04-03 15:17:53,464: Back Left Min: 0.64, Back Right Min: 0.54
[rosout][INFO] 2025-04-03 15:17:53,561: Back Left Min: 0.64, Back Right Min: 0.54
[rosout][INFO] 2025-04-03 15:17:53,664: Back Left Min: 0.64, Back Right Min: 0.54
[rosout][INFO] 2025-04-03 15:17:53,761: Back Left Min: 0.64, Back Right Min: 0.54
[rosout][INFO] 2025-04-03 15:17:53,864: Back Left Min: 0.64, Back Right Min: 0.54
[rosout][INFO] 2025-04-03 15:17:53,961: Back Left Min: 0.64, Back Right Min: 0.54
[rosout][INFO] 2025-04-03 15:17:54,064: Back Left Min: 0.64, Back Right Min: 0.54
[rosout][INFO] 2025-04-03 15:17:54,161: Back Left Min: 0.64, Back Right Min: 0.54
[rosout][INFO] 2025-04-03 15:17:54,264: Back Left Min: 0.64, Back Right Min: 0.54
[rosout][INFO] 2025-04-03 15:17:54,361: Back Left Min: 0.64, Back Right Min: 0.54
[rosout][INFO] 2025-04-03 15:17:54,464: Back Left Min: 0.64, Back Right Min: 0.54
[rosout][INFO] 2025-04-03 15:17:54,561: Back Left Min: 0.64, Back Right Min: 0.54
[rosout][INFO] 2025-04-03 15:17:54,664: Back Left Min: 0.64, Back Right Min: 0.54
[rosout][INFO] 2025-04-03 15:17:54,761: Back Left Min: 0.64, Back Right Min: 0.54
[rosout][INFO] 2025-04-03 15:17:54,865: Back Left Min: 0.64, Back Right Min: 0.54
[rosout][INFO] 2025-04-03 15:17:54,961: Back Left Min: 0.64, Back Right Min: 0.54
[rosout][INFO] 2025-04-03 15:17:55,065: Back Left Min: 0.64, Back Right Min: 0.54
[rosout][INFO] 2025-04-03 15:17:55,162: Back Left Min: 0.64, Back Right Min: 0.54
[rosout][INFO] 2025-04-03 15:17:55,265: Back Left Min: 0.64, Back Right Min: 0.54
[rosout][INFO] 2025-04-03 15:17:55,362: Back Left Min: 0.64, Back Right Min: 0.54
[rosout][INFO] 2025-04-03 15:17:55,465: Back Left Min: 0.64, Back Right Min: 0.54
[rosout][INFO] 2025-04-03 15:17:55,562: Back Left Min: 0.64, Back Right Min: 0.54
[rosout][INFO] 2025-04-03 15:17:55,665: Back Left Min: 0.64, Back Right Min: 0.54
[rosout][INFO] 2025-04-03 15:17:55,762: Back Left Min: 0.64, Back Right Min: 0.54
[rosout][INFO] 2025-04-03 15:17:55,865: Back Left Min: 0.64, Back Right Min: 0.54
[rosout][INFO] 2025-04-03 15:17:55,962: Back Left Min: 0.64, Back Right Min: 0.54
[rosout][INFO] 2025-04-03 15:17:56,065: Back Left Min: 0.64, Back Right Min: 0.54
[rosout][INFO] 2025-04-03 15:17:56,162: Back Left Min: 0.64, Back Right Min: 0.54
[rosout][INFO] 2025-04-03 15:17:56,265: Back Left Min: 0.64, Back Right Min: 0.54
[rosout][INFO] 2025-04-03 15:17:56,362: Back Left Min: 0.64, Back Right Min: 0.54
[rosout][INFO] 2025-04-03 15:17:56,465: Back Left Min: 0.64, Back Right Min: 0.54
[rosout][INFO] 2025-04-03 15:17:56,562: Back Left Min: 0.64, Back Right Min: 0.54
[rosout][INFO] 2025-04-03 15:17:56,665: Back Left Min: 0.64, Back Right Min: 0.54
[rosout][INFO] 2025-04-03 15:17:56,762: Back Left Min: 0.64, Back Right Min: 0.54
[rosout][INFO] 2025-04-03 15:17:56,865: Back Left Min: 0.64, Back Right Min: 0.54
[rosout][INFO] 2025-04-03 15:17:56,962: Back Left Min: 0.64, Back Right Min: 0.54
[rosout][INFO] 2025-04-03 15:17:57,065: Back Left Min: 0.64, Back Right Min: 0.54
[rosout][INFO] 2025-04-03 15:17:57,162: Back Left Min: 0.64, Back Right Min: 0.54
[rosout][INFO] 2025-04-03 15:17:57,266: Back Left Min: 0.64, Back Right Min: 0.54
[rosout][INFO] 2025-04-03 15:17:57,362: Back Left Min: 0.64, Back Right Min: 0.54
[rosout][INFO] 2025-04-03 15:17:57,466: Back Left Min: 0.64, Back Right Min: 0.54
[rosout][INFO] 2025-04-03 15:17:57,563: Back Left Min: 0.64, Back Right Min: 0.54
[rosout][INFO] 2025-04-03 15:17:57,666: Back Left Min: 0.64, Back Right Min: 0.54
[rosout][INFO] 2025-04-03 15:17:57,763: Back Left Min: 0.64, Back Right Min: 0.54
[rosout][INFO] 2025-04-03 15:17:57,866: Back Left Min: 0.64, Back Right Min: 0.54
[rosout][INFO] 2025-04-03 15:17:57,963: Back Left Min: 0.64, Back Right Min: 0.54
[rosout][INFO] 2025-04-03 15:17:58,066: Back Left Min: 0.64, Back Right Min: 0.54
[rosout][INFO] 2025-04-03 15:17:58,163: Back Left Min: 0.64, Back Right Min: 0.54
[rosout][INFO] 2025-04-03 15:17:58,266: Back Left Min: 0.64, Back Right Min: 0.54
[rosout][INFO] 2025-04-03 15:17:58,363: Back Left Min: 0.64, Back Right Min: 0.54
[rosout][INFO] 2025-04-03 15:17:58,466: Back Left Min: 0.64, Back Right Min: 0.54
[rosout][INFO] 2025-04-03 15:17:58,563: Back Left Min: 0.64, Back Right Min: 0.54
[rosout][INFO] 2025-04-03 15:17:58,666: Back Left Min: 0.64, Back Right Min: 0.54
[rosout][INFO] 2025-04-03 15:17:58,763: Back Left Min: 0.64, Back Right Min: 0.54
[rosout][INFO] 2025-04-03 15:17:58,866: Back Left Min: 0.64, Back Right Min: 0.54
[rosout][INFO] 2025-04-03 15:17:58,963: Back Left Min: 0.64, Back Right Min: 0.54
[rosout][INFO] 2025-04-03 15:17:59,066: Back Left Min: 0.64, Back Right Min: 0.54
[rosout][INFO] 2025-04-03 15:17:59,163: Back Left Min: 0.64, Back Right Min: 0.54
[rosout][INFO] 2025-04-03 15:17:59,266: Back Left Min: 0.64, Back Right Min: 0.54
[rosout][INFO] 2025-04-03 15:17:59,363: Back Left Min: 0.64, Back Right Min: 0.54
[rosout][INFO] 2025-04-03 15:17:59,466: Back Left Min: 0.64, Back Right Min: 0.54
[rosout][INFO] 2025-04-03 15:17:59,563: Back Left Min: 0.64, Back Right Min: 0.54
[rosout][INFO] 2025-04-03 15:17:59,667: Back Left Min: 0.64, Back Right Min: 0.54
[rosout][INFO] 2025-04-03 15:17:59,763: Back Left Min: 0.64, Back Right Min: 0.54
[rosout][INFO] 2025-04-03 15:17:59,867: Back Left Min: 0.64, Back Right Min: 0.54
[rosout][INFO] 2025-04-03 15:17:59,964: Back Left Min: 0.64, Back Right Min: 0.54
[rosout][INFO] 2025-04-03 15:18:00,067: Back Left Min: 0.64, Back Right Min: 0.54
[rosout][INFO] 2025-04-03 15:18:00,164: Back Left Min: 0.64, Back Right Min: 0.54
[rosout][INFO] 2025-04-03 15:18:00,267: Back Left Min: 0.64, Back Right Min: 0.54
[rosout][INFO] 2025-04-03 15:18:00,364: Back Left Min: 0.64, Back Right Min: 0.54
[rosout][INFO] 2025-04-03 15:18:00,467: Back Left Min: 0.64, Back Right Min: 0.54
[rosout][INFO] 2025-04-03 15:18:00,564: Back Left Min: 0.64, Back Right Min: 0.54
[rosout][INFO] 2025-04-03 15:18:00,667: Back Left Min: 0.64, Back Right Min: 0.54
[rosout][INFO] 2025-04-03 15:18:00,764: Back Left Min: 0.64, Back Right Min: 0.54
[rosout][INFO] 2025-04-03 15:18:00,867: Back Left Min: 0.64, Back Right Min: 0.54
[rosout][INFO] 2025-04-03 15:18:00,964: Back Left Min: 0.64, Back Right Min: 0.54
[rosout][INFO] 2025-04-03 15:18:01,067: Back Left Min: 0.64, Back Right Min: 0.54
[rosout][INFO] 2025-04-03 15:18:01,164: Back Left Min: 0.64, Back Right Min: 0.54
[rosout][INFO] 2025-04-03 15:18:01,267: Back Left Min: 0.64, Back Right Min: 0.54
[rosout][INFO] 2025-04-03 15:18:01,364: Back Left Min: 0.64, Back Right Min: 0.54
[rosout][INFO] 2025-04-03 15:18:01,467: Back Left Min: 0.64, Back Right Min: 0.54
[rosout][INFO] 2025-04-03 15:18:01,564: Back Left Min: 0.64, Back Right Min: 0.54
[rosout][INFO] 2025-04-03 15:18:01,667: Back Left Min: 0.64, Back Right Min: 0.54
[rosout][INFO] 2025-04-03 15:18:01,764: Back Left Min: 0.64, Back Right Min: 0.54
[rosout][INFO] 2025-04-03 15:18:01,867: Back Left Min: 0.64, Back Right Min: 0.54
[rosout][INFO] 2025-04-03 15:18:01,964: Back Left Min: 0.64, Back Right Min: 0.54
[rosout][INFO] 2025-04-03 15:18:02,068: Back Left Min: 0.64, Back Right Min: 0.54
[rosout][INFO] 2025-04-03 15:18:02,164: Back Left Min: 0.64, Back Right Min: 0.54
[rosout][INFO] 2025-04-03 15:18:02,268: Back Left Min: 0.64, Back Right Min: 0.54
[rosout][INFO] 2025-04-03 15:18:02,365: Back Left Min: 0.64, Back Right Min: 0.54
[rosout][INFO] 2025-04-03 15:18:02,468: Back Left Min: 0.64, Back Right Min: 0.54
[rosout][INFO] 2025-04-03 15:18:02,565: Back Left Min: 0.64, Back Right Min: 0.54
[rosout][INFO] 2025-04-03 15:18:02,668: Back Left Min: 0.64, Back Right Min: 0.54
[rosout][INFO] 2025-04-03 15:18:02,765: Back Left Min: 0.64, Back Right Min: 0.54
[rosout][INFO] 2025-04-03 15:18:02,868: Back Left Min: 0.64, Back Right Min: 0.54
[rosout][INFO] 2025-04-03 15:18:02,965: Back Left Min: 0.64, Back Right Min: 0.54
[rosout][INFO] 2025-04-03 15:18:03,068: Back Left Min: 0.64, Back Right Min: 0.54
[rosout][INFO] 2025-04-03 15:18:03,165: Back Left Min: 0.64, Back Right Min: 0.54
[rosout][INFO] 2025-04-03 15:18:03,268: Back Left Min: 0.64, Back Right Min: 0.54
[rosout][INFO] 2025-04-03 15:18:03,365: Back Left Min: 0.64, Back Right Min: 0.54
[rosout][INFO] 2025-04-03 15:18:03,468: Back Left Min: 0.64, Back Right Min: 0.54
[rosout][INFO] 2025-04-03 15:18:03,565: Back Left Min: 0.64, Back Right Min: 0.54
[rosout][INFO] 2025-04-03 15:18:03,668: Back Left Min: 0.64, Back Right Min: 0.54
[rosout][INFO] 2025-04-03 15:18:03,765: Back Left Min: 0.64, Back Right Min: 0.54
[rosout][INFO] 2025-04-03 15:18:03,868: Back Left Min: 0.64, Back Right Min: 0.54
[rosout][INFO] 2025-04-03 15:18:03,965: Back Left Min: 0.64, Back Right Min: 0.54
[rosout][INFO] 2025-04-03 15:18:04,068: Back Left Min: 0.64, Back Right Min: 0.54
[rosout][INFO] 2025-04-03 15:18:04,165: Back Left Min: 0.64, Back Right Min: 0.54
[rosout][INFO] 2025-04-03 15:18:04,268: Back Left Min: 0.64, Back Right Min: 0.54
[rosout][INFO] 2025-04-03 15:18:04,365: Back Left Min: 0.64, Back Right Min: 0.54
[rosout][INFO] 2025-04-03 15:18:04,469: Back Left Min: 0.64, Back Right Min: 0.54
[rosout][INFO] 2025-04-03 15:18:04,565: Back Left Min: 0.64, Back Right Min: 0.54
[rosout][INFO] 2025-04-03 15:18:04,669: Back Left Min: 0.64, Back Right Min: 0.54
[rosout][INFO] 2025-04-03 15:18:04,766: Back Left Min: 0.64, Back Right Min: 0.54
[rosout][INFO] 2025-04-03 15:18:04,869: Back Left Min: 0.64, Back Right Min: 0.54
[rosout][INFO] 2025-04-03 15:18:04,966: Back Left Min: 0.64, Back Right Min: 0.54
[rosout][INFO] 2025-04-03 15:18:05,069: Back Left Min: 0.64, Back Right Min: 0.54
[rosout][INFO] 2025-04-03 15:18:05,166: Back Left Min: 0.64, Back Right Min: 0.54
[rosout][INFO] 2025-04-03 15:18:05,269: Back Left Min: 0.64, Back Right Min: 0.54
[rosout][INFO] 2025-04-03 15:18:05,366: Back Left Min: 0.64, Back Right Min: 0.54
[rosout][INFO] 2025-04-03 15:18:05,469: Back Left Min: 0.64, Back Right Min: 0.54
[rosout][INFO] 2025-04-03 15:18:05,566: Back Left Min: 0.64, Back Right Min: 0.54
[rosout][INFO] 2025-04-03 15:18:05,669: Back Left Min: 0.64, Back Right Min: 0.54
[rosout][INFO] 2025-04-03 15:18:05,766: Back Left Min: 0.64, Back Right Min: 0.54
[rosout][INFO] 2025-04-03 15:18:05,869: Back Left Min: 0.64, Back Right Min: 0.54
[rosout][INFO] 2025-04-03 15:18:05,966: Back Left Min: 0.64, Back Right Min: 0.54
[rosout][INFO] 2025-04-03 15:18:06,069: Back Left Min: 0.64, Back Right Min: 0.54
[rosout][INFO] 2025-04-03 15:18:06,166: Back Left Min: 0.64, Back Right Min: 0.54
[rosout][INFO] 2025-04-03 15:18:06,269: Back Left Min: 0.64, Back Right Min: 0.54
[rosout][INFO] 2025-04-03 15:18:06,366: Back Left Min: 0.64, Back Right Min: 0.54
[rosout][INFO] 2025-04-03 15:18:06,469: Back Left Min: 0.64, Back Right Min: 0.54
[rosout][INFO] 2025-04-03 15:18:06,566: Back Left Min: 0.64, Back Right Min: 0.54
[rosout][INFO] 2025-04-03 15:18:06,669: Back Left Min: 0.64, Back Right Min: 0.54
[rosout][INFO] 2025-04-03 15:18:06,766: Back Left Min: 0.64, Back Right Min: 0.54
[rosout][INFO] 2025-04-03 15:18:06,870: Back Left Min: 0.64, Back Right Min: 0.54
[rosout][INFO] 2025-04-03 15:18:06,966: Back Left Min: 0.64, Back Right Min: 0.54
[rosout][INFO] 2025-04-03 15:18:07,070: Back Left Min: 0.64, Back Right Min: 0.54
[rosout][INFO] 2025-04-03 15:18:07,167: Back Left Min: 0.64, Back Right Min: 0.54
[rosout][INFO] 2025-04-03 15:18:07,270: Back Left Min: 0.64, Back Right Min: 0.54
[rosout][INFO] 2025-04-03 15:18:07,367: Back Left Min: 0.64, Back Right Min: 0.54
[rosout][INFO] 2025-04-03 15:18:07,470: Back Left Min: 0.64, Back Right Min: 0.54
[rosout][INFO] 2025-04-03 15:18:07,567: Back Left Min: 0.64, Back Right Min: 0.54
[rosout][INFO] 2025-04-03 15:18:07,670: Back Left Min: 0.64, Back Right Min: 0.54
[rosout][INFO] 2025-04-03 15:18:07,767: Back Left Min: 0.64, Back Right Min: 0.54
[rosout][INFO] 2025-04-03 15:18:07,870: Back Left Min: 0.64, Back Right Min: 0.54
[rosout][INFO] 2025-04-03 15:18:07,967: Back Left Min: 0.64, Back Right Min: 0.54
[rosout][INFO] 2025-04-03 15:18:08,070: Back Left Min: 0.64, Back Right Min: 0.54
[rosout][INFO] 2025-04-03 15:18:08,167: Back Left Min: 0.64, Back Right Min: 0.54
[rosout][INFO] 2025-04-03 15:18:08,270: Back Left Min: 0.64, Back Right Min: 0.54
[rosout][INFO] 2025-04-03 15:18:08,367: Back Left Min: 0.64, Back Right Min: 0.54
[rosout][INFO] 2025-04-03 15:18:08,470: Back Left Min: 0.64, Back Right Min: 0.54
[rosout][INFO] 2025-04-03 15:18:08,567: Back Left Min: 0.64, Back Right Min: 0.54
[rosout][INFO] 2025-04-03 15:18:08,670: Back Left Min: 0.64, Back Right Min: 0.54
[rosout][INFO] 2025-04-03 15:18:08,767: Back Left Min: 0.64, Back Right Min: 0.54
[rosout][INFO] 2025-04-03 15:18:08,870: Back Left Min: 0.64, Back Right Min: 0.54
[rosout][INFO] 2025-04-03 15:18:08,967: Back Left Min: 0.64, Back Right Min: 0.54
[rosout][INFO] 2025-04-03 15:18:09,070: Back Left Min: 0.64, Back Right Min: 0.54
[rosout][INFO] 2025-04-03 15:18:09,167: Back Left Min: 0.64, Back Right Min: 0.54
[rosout][INFO] 2025-04-03 15:18:09,271: Back Left Min: 0.64, Back Right Min: 0.54
[rosout][INFO] 2025-04-03 15:18:09,367: Back Left Min: 0.64, Back Right Min: 0.54
[rosout][INFO] 2025-04-03 15:18:09,471: Back Left Min: 0.64, Back Right Min: 0.54
[rosout][INFO] 2025-04-03 15:18:09,567: Back Left Min: 0.64, Back Right Min: 0.54
[rosout][INFO] 2025-04-03 15:18:09,671: Back Left Min: 0.64, Back Right Min: 0.54
[rosout][INFO] 2025-04-03 15:18:09,768: Back Left Min: 0.64, Back Right Min: 0.54
[rosout][INFO] 2025-04-03 15:18:09,871: Back Left Min: 0.64, Back Right Min: 0.54
[rosout][INFO] 2025-04-03 15:18:09,968: Back Left Min: 0.64, Back Right Min: 0.54
[rosout][INFO] 2025-04-03 15:18:10,071: Back Left Min: 0.64, Back Right Min: 0.54
[rosout][INFO] 2025-04-03 15:18:10,168: Back Left Min: 0.64, Back Right Min: 0.54
[rosout][INFO] 2025-04-03 15:18:10,271: Back Left Min: 0.64, Back Right Min: 0.54
[rosout][INFO] 2025-04-03 15:18:10,368: Back Left Min: 0.64, Back Right Min: 0.54
[rosout][INFO] 2025-04-03 15:18:10,471: Back Left Min: 0.64, Back Right Min: 0.54
[rosout][INFO] 2025-04-03 15:18:10,568: Back Left Min: 0.64, Back Right Min: 0.54
[rosout][INFO] 2025-04-03 15:18:10,671: Back Left Min: 0.64, Back Right Min: 0.54
[rosout][INFO] 2025-04-03 15:18:10,768: Back Left Min: 0.64, Back Right Min: 0.54
[rosout][INFO] 2025-04-03 15:18:10,871: Back Left Min: 0.64, Back Right Min: 0.54
[rosout][INFO] 2025-04-03 15:18:10,968: Back Left Min: 0.64, Back Right Min: 0.54
[rosout][INFO] 2025-04-03 15:18:11,071: Back Left Min: 0.64, Back Right Min: 0.54
[rosout][INFO] 2025-04-03 15:18:11,168: Back Left Min: 0.64, Back Right Min: 0.54
[rosout][INFO] 2025-04-03 15:18:11,271: Back Left Min: 0.64, Back Right Min: 0.54
[rosout][INFO] 2025-04-03 15:18:11,368: Back Left Min: 0.64, Back Right Min: 0.54
[rosout][INFO] 2025-04-03 15:18:11,471: Back Left Min: 0.64, Back Right Min: 0.54
[rosout][INFO] 2025-04-03 15:18:11,568: Back Left Min: 0.64, Back Right Min: 0.54
[rosout][INFO] 2025-04-03 15:18:11,671: Back Left Min: 0.64, Back Right Min: 0.54
[rosout][INFO] 2025-04-03 15:18:11,768: Back Left Min: 0.64, Back Right Min: 0.54
[rosout][INFO] 2025-04-03 15:18:11,872: Back Left Min: 0.64, Back Right Min: 0.54
[rosout][INFO] 2025-04-03 15:18:11,968: Back Left Min: 0.64, Back Right Min: 0.54
[rosout][INFO] 2025-04-03 15:18:12,072: Back Left Min: 0.64, Back Right Min: 0.54
[rosout][INFO] 2025-04-03 15:18:12,169: Back Left Min: 0.64, Back Right Min: 0.54
[rosout][INFO] 2025-04-03 15:18:12,272: Back Left Min: 0.64, Back Right Min: 0.54
[rosout][INFO] 2025-04-03 15:18:12,369: Back Left Min: 0.64, Back Right Min: 0.54
[rosout][INFO] 2025-04-03 15:18:12,472: Back Left Min: 0.64, Back Right Min: 0.54
[rosout][INFO] 2025-04-03 15:18:12,569: Back Left Min: 0.64, Back Right Min: 0.54
[rosout][INFO] 2025-04-03 15:18:12,672: Back Left Min: 0.64, Back Right Min: 0.54
[rosout][INFO] 2025-04-03 15:18:12,769: Back Left Min: 0.64, Back Right Min: 0.54
[rosout][INFO] 2025-04-03 15:18:12,872: Back Left Min: 0.64, Back Right Min: 0.54
[rosout][INFO] 2025-04-03 15:18:12,969: Back Left Min: 0.64, Back Right Min: 0.54
[rosout][INFO] 2025-04-03 15:18:13,072: Back Left Min: 0.64, Back Right Min: 0.54
[rosout][INFO] 2025-04-03 15:18:13,169: Back Left Min: 0.64, Back Right Min: 0.54
[rosout][INFO] 2025-04-03 15:18:13,272: Back Left Min: 0.64, Back Right Min: 0.54
[rosout][INFO] 2025-04-03 15:18:13,369: Back Left Min: 0.64, Back Right Min: 0.54
[rosout][INFO] 2025-04-03 15:18:13,472: Back Left Min: 0.64, Back Right Min: 0.54
[rosout][INFO] 2025-04-03 15:18:13,569: Back Left Min: 0.64, Back Right Min: 0.54
[rosout][INFO] 2025-04-03 15:18:13,672: Back Left Min: 0.64, Back Right Min: 0.54
[rosout][INFO] 2025-04-03 15:18:13,769: Back Left Min: 0.64, Back Right Min: 0.54
[rosout][INFO] 2025-04-03 15:18:13,872: Back Left Min: 0.64, Back Right Min: 0.54
[rosout][INFO] 2025-04-03 15:18:13,969: Back Left Min: 0.64, Back Right Min: 0.54
[rosout][INFO] 2025-04-03 15:18:14,072: Back Left Min: 0.64, Back Right Min: 0.54
[rosout][INFO] 2025-04-03 15:18:14,169: Back Left Min: 0.64, Back Right Min: 0.54
[rosout][INFO] 2025-04-03 15:18:14,273: Back Left Min: 0.64, Back Right Min: 0.54
[rosout][INFO] 2025-04-03 15:18:14,369: Back Left Min: 0.64, Back Right Min: 0.54
[rosout][INFO] 2025-04-03 15:18:14,473: Back Left Min: 0.64, Back Right Min: 0.54
[rosout][INFO] 2025-04-03 15:18:14,570: Back Left Min: 0.64, Back Right Min: 0.54
[rosout][INFO] 2025-04-03 15:18:14,673: Back Left Min: 0.64, Back Right Min: 0.54
[rosout][INFO] 2025-04-03 15:18:14,770: Back Left Min: 0.64, Back Right Min: 0.54
[rosout][INFO] 2025-04-03 15:18:14,873: Back Left Min: 0.64, Back Right Min: 0.54
[rosout][INFO] 2025-04-03 15:18:14,970: Back Left Min: 0.64, Back Right Min: 0.54
[rosout][INFO] 2025-04-03 15:18:15,073: Back Left Min: 0.64, Back Right Min: 0.54
[rosout][INFO] 2025-04-03 15:18:15,170: Back Left Min: 0.64, Back Right Min: 0.54
[rosout][INFO] 2025-04-03 15:18:15,273: Back Left Min: 0.64, Back Right Min: 0.54
[rosout][INFO] 2025-04-03 15:18:15,370: Back Left Min: 0.64, Back Right Min: 0.54
[rosout][INFO] 2025-04-03 15:18:15,473: Back Left Min: 0.64, Back Right Min: 0.54
[rosout][INFO] 2025-04-03 15:18:15,570: Back Left Min: 0.64, Back Right Min: 0.54
[rosout][INFO] 2025-04-03 15:18:15,673: Back Left Min: 0.64, Back Right Min: 0.54
[rosout][INFO] 2025-04-03 15:18:15,770: Back Left Min: 0.64, Back Right Min: 0.54
[rosout][INFO] 2025-04-03 15:18:15,874: Back Left Min: 0.64, Back Right Min: 0.54
[rosout][INFO] 2025-04-03 15:18:15,970: Back Left Min: 0.64, Back Right Min: 0.54
[rosout][INFO] 2025-04-03 15:18:16,073: Back Left Min: 0.64, Back Right Min: 0.54
[rosout][INFO] 2025-04-03 15:18:16,170: Back Left Min: 0.64, Back Right Min: 0.54
[rosout][INFO] 2025-04-03 15:18:16,273: Back Left Min: 0.64, Back Right Min: 0.54
[rosout][INFO] 2025-04-03 15:18:16,370: Back Left Min: 0.64, Back Right Min: 0.54
[rosout][INFO] 2025-04-03 15:18:16,473: Back Left Min: 0.64, Back Right Min: 0.54
[rosout][INFO] 2025-04-03 15:18:16,570: Back Left Min: 0.64, Back Right Min: 0.54
[rosout][INFO] 2025-04-03 15:18:16,674: Back Left Min: 0.64, Back Right Min: 0.54
[rosout][INFO] 2025-04-03 15:18:16,770: Back Left Min: 0.64, Back Right Min: 0.54
[rosout][INFO] 2025-04-03 15:18:16,874: Back Left Min: 0.64, Back Right Min: 0.54
[rosout][INFO] 2025-04-03 15:18:16,970: Back Left Min: 0.64, Back Right Min: 0.54
[rosout][INFO] 2025-04-03 15:18:17,074: Back Left Min: 0.64, Back Right Min: 0.54
[rosout][INFO] 2025-04-03 15:18:17,170: Back Left Min: 0.64, Back Right Min: 0.54
[rosout][INFO] 2025-04-03 15:18:17,274: Back Left Min: 0.64, Back Right Min: 0.54
[rosout][INFO] 2025-04-03 15:18:17,371: Back Left Min: 0.64, Back Right Min: 0.54
[rosout][INFO] 2025-04-03 15:18:17,474: Back Left Min: 0.64, Back Right Min: 0.54
[rosout][INFO] 2025-04-03 15:18:17,571: Back Left Min: 0.64, Back Right Min: 0.54
[rosout][INFO] 2025-04-03 15:18:17,674: Back Left Min: 0.64, Back Right Min: 0.54
[rosout][INFO] 2025-04-03 15:18:17,771: Back Left Min: 0.64, Back Right Min: 0.54
[rosout][INFO] 2025-04-03 15:18:17,874: Back Left Min: 0.64, Back Right Min: 0.54
[rosout][INFO] 2025-04-03 15:18:17,971: Back Left Min: 0.64, Back Right Min: 0.54
[rosout][INFO] 2025-04-03 15:18:18,074: Back Left Min: 0.64, Back Right Min: 0.54
[rosout][INFO] 2025-04-03 15:18:18,171: Back Left Min: 0.64, Back Right Min: 0.54
[rosout][INFO] 2025-04-03 15:18:18,274: Back Left Min: 0.64, Back Right Min: 0.54
[rosout][INFO] 2025-04-03 15:18:18,371: Back Left Min: 0.64, Back Right Min: 0.54
[rosout][INFO] 2025-04-03 15:18:18,474: Back Left Min: 0.64, Back Right Min: 0.54
[rosout][INFO] 2025-04-03 15:18:18,571: Back Left Min: 0.64, Back Right Min: 0.54
[rosout][INFO] 2025-04-03 15:18:18,674: Back Left Min: 0.64, Back Right Min: 0.54
[rosout][INFO] 2025-04-03 15:18:18,771: Back Left Min: 0.64, Back Right Min: 0.54
[rosout][INFO] 2025-04-03 15:18:18,874: Back Left Min: 0.64, Back Right Min: 0.54
[rosout][INFO] 2025-04-03 15:18:18,971: Back Left Min: 0.64, Back Right Min: 0.54
[rosout][INFO] 2025-04-03 15:18:19,074: Back Left Min: 0.64, Back Right Min: 0.54
[rosout][INFO] 2025-04-03 15:18:19,171: Back Left Min: 0.64, Back Right Min: 0.54
[rosout][INFO] 2025-04-03 15:18:19,274: Back Left Min: 0.64, Back Right Min: 0.54
[rosout][INFO] 2025-04-03 15:18:19,371: Back Left Min: 0.64, Back Right Min: 0.54
[rosout][INFO] 2025-04-03 15:18:19,475: Back Left Min: 0.64, Back Right Min: 0.54
[rosout][INFO] 2025-04-03 15:18:19,571: Back Left Min: 0.64, Back Right Min: 0.54
[rosout][INFO] 2025-04-03 15:18:19,675: Back Left Min: 0.64, Back Right Min: 0.54
[rosout][INFO] 2025-04-03 15:18:19,772: Back Left Min: 0.64, Back Right Min: 0.54
[rosout][INFO] 2025-04-03 15:18:19,875: Back Left Min: 0.64, Back Right Min: 0.54
[rosout][INFO] 2025-04-03 15:18:19,972: Back Left Min: 0.64, Back Right Min: 0.54
[rosout][INFO] 2025-04-03 15:18:20,075: Back Left Min: 0.64, Back Right Min: 0.54
[rosout][INFO] 2025-04-03 15:18:20,172: Back Left Min: 0.64, Back Right Min: 0.54
[rosout][INFO] 2025-04-03 15:18:20,275: Back Left Min: 0.64, Back Right Min: 0.54
[rosout][INFO] 2025-04-03 15:18:20,372: Back Left Min: 0.64, Back Right Min: 0.54
[rosout][INFO] 2025-04-03 15:18:20,475: Back Left Min: 0.64, Back Right Min: 0.54
[rosout][INFO] 2025-04-03 15:18:20,572: Back Left Min: 0.64, Back Right Min: 0.54
[rosout][INFO] 2025-04-03 15:18:20,675: Back Left Min: 0.64, Back Right Min: 0.54
[rosout][INFO] 2025-04-03 15:18:20,772: Back Left Min: 0.64, Back Right Min: 0.54
[rosout][INFO] 2025-04-03 15:18:20,875: Back Left Min: 0.64, Back Right Min: 0.54
[rosout][INFO] 2025-04-03 15:18:20,972: Back Left Min: 0.64, Back Right Min: 0.54
[rosout][INFO] 2025-04-03 15:18:21,075: Back Left Min: 0.64, Back Right Min: 0.54
[rosout][INFO] 2025-04-03 15:18:21,172: Back Left Min: 0.64, Back Right Min: 0.54
[rosout][INFO] 2025-04-03 15:18:21,275: Back Left Min: 0.64, Back Right Min: 0.54
[rosout][INFO] 2025-04-03 15:18:21,372: Back Left Min: 0.64, Back Right Min: 0.54
[rosout][INFO] 2025-04-03 15:18:21,475: Back Left Min: 0.64, Back Right Min: 0.54
[rosout][INFO] 2025-04-03 15:18:21,572: Back Left Min: 0.64, Back Right Min: 0.54
[rosout][INFO] 2025-04-03 15:18:21,675: Back Left Min: 0.64, Back Right Min: 0.54
[rosout][INFO] 2025-04-03 15:18:21,772: Back Left Min: 0.64, Back Right Min: 0.54
[rosout][INFO] 2025-04-03 15:18:21,876: Back Left Min: 0.64, Back Right Min: 0.54
[rosout][INFO] 2025-04-03 15:18:21,972: Back Left Min: 0.64, Back Right Min: 0.54
[rosout][INFO] 2025-04-03 15:18:22,076: Back Left Min: 0.64, Back Right Min: 0.54
[rosout][INFO] 2025-04-03 15:18:22,173: Back Left Min: 0.64, Back Right Min: 0.54
[rosout][INFO] 2025-04-03 15:18:22,276: Back Left Min: 0.64, Back Right Min: 0.54
[rosout][INFO] 2025-04-03 15:18:22,373: Back Left Min: 0.64, Back Right Min: 0.54
[rosout][INFO] 2025-04-03 15:18:22,476: Back Left Min: 0.64, Back Right Min: 0.54
[rosout][INFO] 2025-04-03 15:18:22,573: Back Left Min: 0.64, Back Right Min: 0.54
[rosout][INFO] 2025-04-03 15:18:22,676: Back Left Min: 0.64, Back Right Min: 0.54
[rosout][INFO] 2025-04-03 15:18:22,773: Back Left Min: 0.64, Back Right Min: 0.54
[rosout][INFO] 2025-04-03 15:18:22,876: Back Left Min: 0.64, Back Right Min: 0.54
[rosout][INFO] 2025-04-03 15:18:22,973: Back Left Min: 0.64, Back Right Min: 0.54
[rosout][INFO] 2025-04-03 15:18:23,076: Back Left Min: 0.64, Back Right Min: 0.54
[rosout][INFO] 2025-04-03 15:18:23,173: Back Left Min: 0.64, Back Right Min: 0.54
[rosout][INFO] 2025-04-03 15:18:23,276: Back Left Min: 0.64, Back Right Min: 0.54
[rosout][INFO] 2025-04-03 15:18:23,373: Back Left Min: 0.64, Back Right Min: 0.54
[rosout][INFO] 2025-04-03 15:18:23,477: Back Left Min: 0.64, Back Right Min: 0.54
[rosout][INFO] 2025-04-03 15:18:23,573: Back Left Min: 0.64, Back Right Min: 0.54
[rosout][INFO] 2025-04-03 15:18:23,676: Back Left Min: 0.64, Back Right Min: 0.54
[rosout][INFO] 2025-04-03 15:18:23,773: Back Left Min: 0.64, Back Right Min: 0.54
[rosout][INFO] 2025-04-03 15:18:23,876: Back Left Min: 0.64, Back Right Min: 0.54
[rosout][INFO] 2025-04-03 15:18:23,973: Back Left Min: 0.64, Back Right Min: 0.54
[rosout][INFO] 2025-04-03 15:18:24,077: Back Left Min: 0.64, Back Right Min: 0.54
[rosout][INFO] 2025-04-03 15:18:24,173: Back Left Min: 0.64, Back Right Min: 0.54
[rosout][INFO] 2025-04-03 15:18:24,277: Back Left Min: 0.64, Back Right Min: 0.54
[rosout][INFO] 2025-04-03 15:18:24,373: Back Left Min: 0.64, Back Right Min: 0.54
[rosout][INFO] 2025-04-03 15:18:24,477: Back Left Min: 0.64, Back Right Min: 0.54
[rosout][INFO] 2025-04-03 15:18:24,574: Back Left Min: 0.64, Back Right Min: 0.54
[rosout][INFO] 2025-04-03 15:18:24,677: Back Left Min: 0.64, Back Right Min: 0.54
[rosout][INFO] 2025-04-03 15:18:24,774: Back Left Min: 0.64, Back Right Min: 0.54
[rosout][INFO] 2025-04-03 15:18:24,877: Back Left Min: 0.64, Back Right Min: 0.54
[rosout][INFO] 2025-04-03 15:18:24,974: Back Left Min: 0.64, Back Right Min: 0.54
[rosout][INFO] 2025-04-03 15:18:25,077: Back Left Min: 0.64, Back Right Min: 0.54
[rosout][INFO] 2025-04-03 15:18:25,174: Back Left Min: 0.64, Back Right Min: 0.54
[rosout][INFO] 2025-04-03 15:18:25,277: Back Left Min: 0.64, Back Right Min: 0.54
[rosout][INFO] 2025-04-03 15:18:25,374: Back Left Min: 0.64, Back Right Min: 0.54
[rosout][INFO] 2025-04-03 15:18:25,477: Back Left Min: 0.64, Back Right Min: 0.54
[rosout][INFO] 2025-04-03 15:18:25,574: Back Left Min: 0.64, Back Right Min: 0.54
[rosout][INFO] 2025-04-03 15:18:25,677: Back Left Min: 0.64, Back Right Min: 0.54
[rosout][INFO] 2025-04-03 15:18:25,774: Back Left Min: 0.64, Back Right Min: 0.54
[rosout][INFO] 2025-04-03 15:18:25,878: Back Left Min: 0.64, Back Right Min: 0.54
[rosout][INFO] 2025-04-03 15:18:25,974: Back Left Min: 0.64, Back Right Min: 0.54
[rosout][INFO] 2025-04-03 15:18:26,077: Back Left Min: 0.64, Back Right Min: 0.54
[rosout][INFO] 2025-04-03 15:18:26,174: Back Left Min: 0.64, Back Right Min: 0.54
[rosout][INFO] 2025-04-03 15:18:26,277: Back Left Min: 0.64, Back Right Min: 0.54
[rosout][INFO] 2025-04-03 15:18:26,374: Back Left Min: 0.64, Back Right Min: 0.54
[rosout][INFO] 2025-04-03 15:18:26,478: Back Left Min: 0.64, Back Right Min: 0.54
[rosout][INFO] 2025-04-03 15:18:26,574: Back Left Min: 0.64, Back Right Min: 0.54
[rosout][INFO] 2025-04-03 15:18:26,678: Back Left Min: 0.64, Back Right Min: 0.54
[rosout][INFO] 2025-04-03 15:18:26,774: Back Left Min: 0.64, Back Right Min: 0.54
[rosout][INFO] 2025-04-03 15:18:26,878: Back Left Min: 0.64, Back Right Min: 0.54
[rosout][INFO] 2025-04-03 15:18:26,975: Back Left Min: 0.64, Back Right Min: 0.54
[rosout][INFO] 2025-04-03 15:18:27,078: Back Left Min: 0.64, Back Right Min: 0.54
[rosout][INFO] 2025-04-03 15:18:27,175: Back Left Min: 0.64, Back Right Min: 0.54
[rosout][INFO] 2025-04-03 15:18:27,278: Back Left Min: 0.64, Back Right Min: 0.54
[rosout][INFO] 2025-04-03 15:18:27,375: Back Left Min: 0.64, Back Right Min: 0.54
[rosout][INFO] 2025-04-03 15:18:27,478: Back Left Min: 0.64, Back Right Min: 0.54
[rosout][INFO] 2025-04-03 15:18:27,575: Back Left Min: 0.64, Back Right Min: 0.54
[rosout][INFO] 2025-04-03 15:18:27,678: Back Left Min: 0.64, Back Right Min: 0.54
[rosout][INFO] 2025-04-03 15:18:27,775: Back Left Min: 0.64, Back Right Min: 0.54
[rosout][INFO] 2025-04-03 15:18:27,878: Back Left Min: 0.64, Back Right Min: 0.54
[rosout][INFO] 2025-04-03 15:18:27,975: Back Left Min: 0.64, Back Right Min: 0.54
[rosout][INFO] 2025-04-03 15:18:28,078: Back Left Min: 0.64, Back Right Min: 0.54
[rosout][INFO] 2025-04-03 15:18:28,175: Back Left Min: 0.64, Back Right Min: 0.54
[rosout][INFO] 2025-04-03 15:18:28,278: Back Left Min: 0.64, Back Right Min: 0.54
[rosout][INFO] 2025-04-03 15:18:28,375: Back Left Min: 0.64, Back Right Min: 0.54
[rosout][INFO] 2025-04-03 15:18:28,478: Back Left Min: 0.64, Back Right Min: 0.54
[rosout][INFO] 2025-04-03 15:18:28,575: Back Left Min: 0.64, Back Right Min: 0.54
[rosout][INFO] 2025-04-03 15:18:28,678: Back Left Min: 0.64, Back Right Min: 0.54
[rosout][INFO] 2025-04-03 15:18:28,775: Back Left Min: 0.64, Back Right Min: 0.54
[rosout][INFO] 2025-04-03 15:18:28,878: Back Left Min: 0.64, Back Right Min: 0.54
[rosout][INFO] 2025-04-03 15:18:28,975: Back Left Min: 0.64, Back Right Min: 0.54
[rosout][INFO] 2025-04-03 15:18:29,079: Back Left Min: 0.64, Back Right Min: 0.54
[rosout][INFO] 2025-04-03 15:18:29,175: Back Left Min: 0.64, Back Right Min: 0.54
[rosout][INFO] 2025-04-03 15:18:29,279: Back Left Min: 0.64, Back Right Min: 0.54
[rosout][INFO] 2025-04-03 15:18:29,376: Back Left Min: 0.64, Back Right Min: 0.54
[rosout][INFO] 2025-04-03 15:18:29,479: Back Left Min: 0.64, Back Right Min: 0.54
[rosout][INFO] 2025-04-03 15:18:29,576: Back Left Min: 0.64, Back Right Min: 0.54
[rosout][INFO] 2025-04-03 15:18:29,679: Back Left Min: 0.64, Back Right Min: 0.54
[rosout][INFO] 2025-04-03 15:18:29,776: Back Left Min: 0.64, Back Right Min: 0.54
[rosout][INFO] 2025-04-03 15:18:29,879: Back Left Min: 0.64, Back Right Min: 0.54
[rosout][INFO] 2025-04-03 15:18:29,976: Back Left Min: 0.64, Back Right Min: 0.54
[rosout][INFO] 2025-04-03 15:18:30,079: Back Left Min: 0.64, Back Right Min: 0.54
[rosout][INFO] 2025-04-03 15:18:30,176: Back Left Min: 0.64, Back Right Min: 0.54
[rosout][INFO] 2025-04-03 15:18:30,279: Back Left Min: 0.64, Back Right Min: 0.54
[rosout][INFO] 2025-04-03 15:18:30,376: Back Left Min: 0.64, Back Right Min: 0.54
[rosout][INFO] 2025-04-03 15:18:30,479: Back Left Min: 0.64, Back Right Min: 0.54
[rosout][INFO] 2025-04-03 15:18:30,576: Back Left Min: 0.64, Back Right Min: 0.54
[rosout][INFO] 2025-04-03 15:18:30,679: Back Left Min: 0.64, Back Right Min: 0.54
[rosout][INFO] 2025-04-03 15:18:30,776: Back Left Min: 0.64, Back Right Min: 0.54
[rosout][INFO] 2025-04-03 15:18:30,879: Back Left Min: 0.64, Back Right Min: 0.54
[rosout][INFO] 2025-04-03 15:18:30,976: Back Left Min: 0.64, Back Right Min: 0.54
[rosout][INFO] 2025-04-03 15:18:31,079: Back Left Min: 0.64, Back Right Min: 0.54
[rosout][INFO] 2025-04-03 15:18:31,176: Back Left Min: 0.64, Back Right Min: 0.54
[rosout][INFO] 2025-04-03 15:18:31,279: Back Left Min: 0.64, Back Right Min: 0.54
[rosout][INFO] 2025-04-03 15:18:31,376: Back Left Min: 0.64, Back Right Min: 0.54
[rosout][INFO] 2025-04-03 15:18:31,480: Back Left Min: 0.64, Back Right Min: 0.54
[rosout][INFO] 2025-04-03 15:18:31,576: Back Left Min: 0.64, Back Right Min: 0.54
[rosout][INFO] 2025-04-03 15:18:31,680: Back Left Min: 0.64, Back Right Min: 0.54
[rosout][INFO] 2025-04-03 15:18:31,777: Back Left Min: 0.64, Back Right Min: 0.54
[rosout][INFO] 2025-04-03 15:18:31,880: Back Left Min: 0.64, Back Right Min: 0.54
[rosout][INFO] 2025-04-03 15:18:31,977: Back Left Min: 0.64, Back Right Min: 0.54
[rosout][INFO] 2025-04-03 15:18:32,080: Back Left Min: 0.64, Back Right Min: 0.54
[rosout][INFO] 2025-04-03 15:18:32,177: Back Left Min: 0.64, Back Right Min: 0.54
[rosout][INFO] 2025-04-03 15:18:32,280: Back Left Min: 0.64, Back Right Min: 0.54
[rosout][INFO] 2025-04-03 15:18:32,377: Back Left Min: 0.64, Back Right Min: 0.54
[rosout][INFO] 2025-04-03 15:18:32,480: Back Left Min: 0.64, Back Right Min: 0.54
[rosout][INFO] 2025-04-03 15:18:32,577: Back Left Min: 0.64, Back Right Min: 0.54
[rosout][INFO] 2025-04-03 15:18:32,680: Back Left Min: 0.64, Back Right Min: 0.54
[rosout][INFO] 2025-04-03 15:18:32,777: Back Left Min: 0.64, Back Right Min: 0.54
[rosout][INFO] 2025-04-03 15:18:32,880: Back Left Min: 0.64, Back Right Min: 0.54
[rosout][INFO] 2025-04-03 15:18:32,977: Back Left Min: 0.64, Back Right Min: 0.54
[rosout][INFO] 2025-04-03 15:18:33,080: Back Left Min: 0.64, Back Right Min: 0.54
[rosout][INFO] 2025-04-03 15:18:33,177: Back Left Min: 0.64, Back Right Min: 0.54
[rosout][INFO] 2025-04-03 15:18:33,280: Back Left Min: 0.64, Back Right Min: 0.54
[rosout][INFO] 2025-04-03 15:18:33,377: Back Left Min: 0.64, Back Right Min: 0.54
[rosout][INFO] 2025-04-03 15:18:33,480: Back Left Min: 0.64, Back Right Min: 0.54
[rosout][INFO] 2025-04-03 15:18:33,577: Back Left Min: 0.64, Back Right Min: 0.54
[rosout][INFO] 2025-04-03 15:18:33,680: Back Left Min: 0.64, Back Right Min: 0.54
[rosout][INFO] 2025-04-03 15:18:33,777: Back Left Min: 0.64, Back Right Min: 0.54
[rosout][INFO] 2025-04-03 15:18:33,881: Back Left Min: 0.64, Back Right Min: 0.54
[rosout][INFO] 2025-04-03 15:18:33,977: Back Left Min: 0.64, Back Right Min: 0.54
[rosout][INFO] 2025-04-03 15:18:34,081: Back Left Min: 0.64, Back Right Min: 0.54
[rosout][INFO] 2025-04-03 15:18:34,178: Back Left Min: 0.64, Back Right Min: 0.54
[rosout][INFO] 2025-04-03 15:18:34,281: Back Left Min: 0.64, Back Right Min: 0.54
[rosout][INFO] 2025-04-03 15:18:34,378: Back Left Min: 0.64, Back Right Min: 0.54
[rosout][INFO] 2025-04-03 15:18:34,481: Back Left Min: 0.64, Back Right Min: 0.54
[rosout][INFO] 2025-04-03 15:18:34,578: Back Left Min: 0.64, Back Right Min: 0.54
[rosout][INFO] 2025-04-03 15:18:34,681: Back Left Min: 0.64, Back Right Min: 0.54
[rosout][INFO] 2025-04-03 15:18:34,778: Back Left Min: 0.64, Back Right Min: 0.54
[rosout][INFO] 2025-04-03 15:18:34,881: Back Left Min: 0.64, Back Right Min: 0.54
[rosout][INFO] 2025-04-03 15:18:34,978: Back Left Min: 0.64, Back Right Min: 0.54
[rosout][INFO] 2025-04-03 15:18:35,081: Back Left Min: 0.64, Back Right Min: 0.54
[rosout][INFO] 2025-04-03 15:18:35,178: Back Left Min: 0.64, Back Right Min: 0.54
[rosout][INFO] 2025-04-03 15:18:35,281: Back Left Min: 0.64, Back Right Min: 0.54
[rosout][INFO] 2025-04-03 15:18:35,378: Back Left Min: 0.64, Back Right Min: 0.54
[rosout][INFO] 2025-04-03 15:18:35,481: Back Left Min: 0.64, Back Right Min: 0.54
[rosout][INFO] 2025-04-03 15:18:35,578: Back Left Min: 0.64, Back Right Min: 0.54
[rosout][INFO] 2025-04-03 15:18:35,681: Back Left Min: 0.64, Back Right Min: 0.54
[rosout][INFO] 2025-04-03 15:18:35,778: Back Left Min: 0.64, Back Right Min: 0.54
[rosout][INFO] 2025-04-03 15:18:35,881: Back Left Min: 0.64, Back Right Min: 0.54
[rosout][INFO] 2025-04-03 15:18:35,978: Back Left Min: 0.64, Back Right Min: 0.54
[rosout][INFO] 2025-04-03 15:18:36,081: Back Left Min: 0.64, Back Right Min: 0.54
[rosout][INFO] 2025-04-03 15:18:36,178: Back Left Min: 0.64, Back Right Min: 0.54
[rosout][INFO] 2025-04-03 15:18:36,281: Back Left Min: 0.64, Back Right Min: 0.54
[rosout][INFO] 2025-04-03 15:18:36,378: Back Left Min: 0.64, Back Right Min: 0.54
[rosout][INFO] 2025-04-03 15:18:36,482: Back Left Min: 0.64, Back Right Min: 0.54
[rosout][INFO] 2025-04-03 15:18:36,578: Back Left Min: 0.64, Back Right Min: 0.54
[rosout][INFO] 2025-04-03 15:18:36,682: Back Left Min: 0.64, Back Right Min: 0.54
[rosout][INFO] 2025-04-03 15:18:36,779: Back Left Min: 0.64, Back Right Min: 0.54
[rosout][INFO] 2025-04-03 15:18:36,882: Back Left Min: 0.64, Back Right Min: 0.54
[rosout][INFO] 2025-04-03 15:18:36,979: Back Left Min: 0.64, Back Right Min: 0.54
[rosout][INFO] 2025-04-03 15:18:37,082: Back Left Min: 0.64, Back Right Min: 0.54
[rosout][INFO] 2025-04-03 15:18:37,179: Back Left Min: 0.64, Back Right Min: 0.54
[rosout][INFO] 2025-04-03 15:18:37,282: Back Left Min: 0.64, Back Right Min: 0.54
[rosout][INFO] 2025-04-03 15:18:37,379: Back Left Min: 0.64, Back Right Min: 0.54
[rosout][INFO] 2025-04-03 15:18:37,482: Back Left Min: 0.64, Back Right Min: 0.54
[rosout][INFO] 2025-04-03 15:18:37,579: Back Left Min: 0.64, Back Right Min: 0.54
[rosout][INFO] 2025-04-03 15:18:37,682: Back Left Min: 0.64, Back Right Min: 0.54
[rosout][INFO] 2025-04-03 15:18:37,779: Back Left Min: 0.64, Back Right Min: 0.54
[rosout][INFO] 2025-04-03 15:18:37,882: Back Left Min: 0.64, Back Right Min: 0.54
[rosout][INFO] 2025-04-03 15:18:37,979: Back Left Min: 0.64, Back Right Min: 0.54
[rosout][INFO] 2025-04-03 15:18:38,082: Back Left Min: 0.64, Back Right Min: 0.54
[rosout][INFO] 2025-04-03 15:18:38,179: Back Left Min: 0.64, Back Right Min: 0.54
[rosout][INFO] 2025-04-03 15:18:38,282: Back Left Min: 0.64, Back Right Min: 0.54
[rosout][INFO] 2025-04-03 15:18:38,379: Back Left Min: 0.64, Back Right Min: 0.54
[rosout][INFO] 2025-04-03 15:18:38,482: Back Left Min: 0.64, Back Right Min: 0.54
[rosout][INFO] 2025-04-03 15:18:38,579: Back Left Min: 0.64, Back Right Min: 0.54
[rosout][INFO] 2025-04-03 15:18:38,682: Back Left Min: 0.64, Back Right Min: 0.54
[rosout][INFO] 2025-04-03 15:18:38,779: Back Left Min: 0.64, Back Right Min: 0.54
[rosout][INFO] 2025-04-03 15:18:38,883: Back Left Min: 0.64, Back Right Min: 0.54
[rosout][INFO] 2025-04-03 15:18:38,979: Back Left Min: 0.64, Back Right Min: 0.54
[rosout][INFO] 2025-04-03 15:18:39,083: Back Left Min: 0.64, Back Right Min: 0.54
[rosout][INFO] 2025-04-03 15:18:39,179: Back Left Min: 0.64, Back Right Min: 0.54
[rosout][INFO] 2025-04-03 15:18:39,283: Back Left Min: 0.64, Back Right Min: 0.54
[rosout][INFO] 2025-04-03 15:18:39,380: Back Left Min: 0.64, Back Right Min: 0.54
[rosout][INFO] 2025-04-03 15:18:39,483: Back Left Min: 0.64, Back Right Min: 0.54
[rosout][INFO] 2025-04-03 15:18:39,580: Back Left Min: 0.64, Back Right Min: 0.54
[rosout][INFO] 2025-04-03 15:18:39,683: Back Left Min: 0.64, Back Right Min: 0.54
[rosout][INFO] 2025-04-03 15:18:39,780: Back Left Min: 0.64, Back Right Min: 0.54
[rosout][INFO] 2025-04-03 15:18:39,883: Back Left Min: 0.64, Back Right Min: 0.54
[rosout][INFO] 2025-04-03 15:18:39,980: Back Left Min: 0.64, Back Right Min: 0.54
[rosout][INFO] 2025-04-03 15:18:40,083: Back Left Min: 0.64, Back Right Min: 0.54
[rosout][INFO] 2025-04-03 15:18:40,180: Back Left Min: 0.64, Back Right Min: 0.54
[rosout][INFO] 2025-04-03 15:18:40,283: Back Left Min: 0.64, Back Right Min: 0.54
[rosout][INFO] 2025-04-03 15:18:40,380: Back Left Min: 0.64, Back Right Min: 0.54
[rosout][INFO] 2025-04-03 15:18:40,483: Back Left Min: 0.64, Back Right Min: 0.54
[rosout][INFO] 2025-04-03 15:18:40,580: Back Left Min: 0.64, Back Right Min: 0.54
[rosout][INFO] 2025-04-03 15:18:40,683: Back Left Min: 0.64, Back Right Min: 0.54
[rosout][INFO] 2025-04-03 15:18:40,780: Back Left Min: 0.64, Back Right Min: 0.54
[rosout][INFO] 2025-04-03 15:18:40,883: Back Left Min: 0.64, Back Right Min: 0.54
[rosout][INFO] 2025-04-03 15:18:40,980: Back Left Min: 0.64, Back Right Min: 0.54
[rosout][INFO] 2025-04-03 15:18:41,083: Back Left Min: 0.64, Back Right Min: 0.54
[rosout][INFO] 2025-04-03 15:18:41,180: Back Left Min: 0.64, Back Right Min: 0.54
[rosout][INFO] 2025-04-03 15:18:41,284: Back Left Min: 0.64, Back Right Min: 0.54
[rosout][INFO] 2025-04-03 15:18:41,380: Back Left Min: 0.64, Back Right Min: 0.54
[rosout][INFO] 2025-04-03 15:18:41,484: Back Left Min: 0.64, Back Right Min: 0.54
[rosout][INFO] 2025-04-03 15:18:41,580: Back Left Min: 0.64, Back Right Min: 0.54
[rosout][INFO] 2025-04-03 15:18:41,684: Back Left Min: 0.64, Back Right Min: 0.54
[rosout][INFO] 2025-04-03 15:18:41,781: Back Left Min: 0.64, Back Right Min: 0.54
[rosout][INFO] 2025-04-03 15:18:41,884: Back Left Min: 0.64, Back Right Min: 0.54
[rosout][INFO] 2025-04-03 15:18:41,981: Back Left Min: 0.64, Back Right Min: 0.54
[rosout][INFO] 2025-04-03 15:18:42,084: Back Left Min: 0.64, Back Right Min: 0.54
[rosout][INFO] 2025-04-03 15:18:42,181: Back Left Min: 0.64, Back Right Min: 0.54
[rosout][INFO] 2025-04-03 15:18:42,284: Back Left Min: 0.64, Back Right Min: 0.54
[rosout][INFO] 2025-04-03 15:18:42,381: Back Left Min: 0.64, Back Right Min: 0.54
[rosout][INFO] 2025-04-03 15:18:42,484: Back Left Min: 0.64, Back Right Min: 0.54
[rosout][INFO] 2025-04-03 15:18:42,581: Back Left Min: 0.64, Back Right Min: 0.54
[rosout][INFO] 2025-04-03 15:18:42,684: Back Left Min: 0.64, Back Right Min: 0.54
[rosout][INFO] 2025-04-03 15:18:42,781: Back Left Min: 0.64, Back Right Min: 0.54
[rosout][INFO] 2025-04-03 15:18:42,884: Back Left Min: 0.64, Back Right Min: 0.54
[rosout][INFO] 2025-04-03 15:18:42,981: Back Left Min: 0.64, Back Right Min: 0.54
[rosout][INFO] 2025-04-03 15:18:43,084: Back Left Min: 0.64, Back Right Min: 0.54
[rosout][INFO] 2025-04-03 15:18:43,181: Back Left Min: 0.64, Back Right Min: 0.54
[rosout][INFO] 2025-04-03 15:18:43,284: Back Left Min: 0.64, Back Right Min: 0.54
[rosout][INFO] 2025-04-03 15:18:43,381: Back Left Min: 0.64, Back Right Min: 0.54
[rosout][INFO] 2025-04-03 15:18:43,484: Back Left Min: 0.64, Back Right Min: 0.54
[rosout][INFO] 2025-04-03 15:18:43,581: Back Left Min: 0.64, Back Right Min: 0.54
[rosout][INFO] 2025-04-03 15:18:43,685: Back Left Min: 0.64, Back Right Min: 0.54
[rosout][INFO] 2025-04-03 15:18:43,781: Back Left Min: 0.64, Back Right Min: 0.54
[rosout][INFO] 2025-04-03 15:18:43,885: Back Left Min: 0.64, Back Right Min: 0.54
[rosout][INFO] 2025-04-03 15:18:43,981: Back Left Min: 0.64, Back Right Min: 0.54
[rosout][INFO] 2025-04-03 15:18:44,085: Back Left Min: 0.64, Back Right Min: 0.54
[rosout][INFO] 2025-04-03 15:18:44,182: Back Left Min: 0.64, Back Right Min: 0.54
[rosout][INFO] 2025-04-03 15:18:44,285: Back Left Min: 0.64, Back Right Min: 0.54
[rosout][INFO] 2025-04-03 15:18:44,382: Back Left Min: 0.64, Back Right Min: 0.54
[rosout][INFO] 2025-04-03 15:18:44,485: Back Left Min: 0.64, Back Right Min: 0.54
[rosout][INFO] 2025-04-03 15:18:44,582: Back Left Min: 0.64, Back Right Min: 0.54
[rosout][INFO] 2025-04-03 15:18:44,685: Back Left Min: 0.64, Back Right Min: 0.54
[rosout][INFO] 2025-04-03 15:18:44,782: Back Left Min: 0.64, Back Right Min: 0.54
[rosout][INFO] 2025-04-03 15:18:44,885: Back Left Min: 0.64, Back Right Min: 0.54
[rosout][INFO] 2025-04-03 15:18:44,982: Back Left Min: 0.64, Back Right Min: 0.54
[rosout][INFO] 2025-04-03 15:18:45,085: Back Left Min: 0.64, Back Right Min: 0.54
[rosout][INFO] 2025-04-03 15:18:45,182: Back Left Min: 0.64, Back Right Min: 0.54
[rosout][INFO] 2025-04-03 15:18:45,285: Back Left Min: 0.64, Back Right Min: 0.54
[rosout][INFO] 2025-04-03 15:18:45,382: Back Left Min: 0.64, Back Right Min: 0.54
[rosout][INFO] 2025-04-03 15:18:45,485: Back Left Min: 0.64, Back Right Min: 0.54
[rosout][INFO] 2025-04-03 15:18:45,582: Back Left Min: 0.64, Back Right Min: 0.54
[rosout][INFO] 2025-04-03 15:18:45,685: Back Left Min: 0.64, Back Right Min: 0.54
[rosout][INFO] 2025-04-03 15:18:45,782: Back Left Min: 0.64, Back Right Min: 0.54
[rosout][INFO] 2025-04-03 15:18:45,885: Back Left Min: 0.64, Back Right Min: 0.54
[rosout][INFO] 2025-04-03 15:18:45,982: Back Left Min: 0.64, Back Right Min: 0.54
[rosout][INFO] 2025-04-03 15:18:46,085: Back Left Min: 0.64, Back Right Min: 0.54
[rosout][INFO] 2025-04-03 15:18:46,182: Back Left Min: 0.64, Back Right Min: 0.54
[rosout][INFO] 2025-04-03 15:18:46,286: Back Left Min: 0.64, Back Right Min: 0.54
[rosout][INFO] 2025-04-03 15:18:46,383: Back Left Min: 0.64, Back Right Min: 0.54
[rosout][INFO] 2025-04-03 15:18:46,486: Back Left Min: 0.64, Back Right Min: 0.54
[rosout][INFO] 2025-04-03 15:18:46,583: Back Left Min: 0.64, Back Right Min: 0.54
[rosout][INFO] 2025-04-03 15:18:46,686: Back Left Min: 0.64, Back Right Min: 0.54
[rosout][INFO] 2025-04-03 15:18:46,783: Back Left Min: 0.64, Back Right Min: 0.54
[rosout][INFO] 2025-04-03 15:18:46,886: Back Left Min: 0.64, Back Right Min: 0.54
[rosout][INFO] 2025-04-03 15:18:46,983: Back Left Min: 0.64, Back Right Min: 0.54
[rosout][INFO] 2025-04-03 15:18:47,086: Back Left Min: 0.64, Back Right Min: 0.54
[rosout][INFO] 2025-04-03 15:18:47,183: Back Left Min: 0.64, Back Right Min: 0.54
[rosout][INFO] 2025-04-03 15:18:47,286: Back Left Min: 0.64, Back Right Min: 0.54
[rosout][INFO] 2025-04-03 15:18:47,383: Back Left Min: 0.64, Back Right Min: 0.54
[rosout][INFO] 2025-04-03 15:18:47,486: Back Left Min: 0.64, Back Right Min: 0.54
[rosout][INFO] 2025-04-03 15:18:47,583: Back Left Min: 0.64, Back Right Min: 0.54
[rosout][INFO] 2025-04-03 15:18:47,686: Back Left Min: 0.64, Back Right Min: 0.54
[rosout][INFO] 2025-04-03 15:18:47,783: Back Left Min: 0.64, Back Right Min: 0.54
[rosout][INFO] 2025-04-03 15:18:47,886: Back Left Min: 0.64, Back Right Min: 0.54
[rosout][INFO] 2025-04-03 15:18:47,983: Back Left Min: 0.64, Back Right Min: 0.54
[rosout][INFO] 2025-04-03 15:18:48,086: Back Left Min: 0.64, Back Right Min: 0.54
[rosout][INFO] 2025-04-03 15:18:48,183: Back Left Min: 0.64, Back Right Min: 0.54
[rosout][INFO] 2025-04-03 15:18:48,286: Back Left Min: 0.64, Back Right Min: 0.54
[rosout][INFO] 2025-04-03 15:18:48,383: Back Left Min: 0.64, Back Right Min: 0.54
[rosout][INFO] 2025-04-03 15:18:48,486: Back Left Min: 0.64, Back Right Min: 0.54
[rosout][INFO] 2025-04-03 15:18:48,583: Back Left Min: 0.64, Back Right Min: 0.54
[rosout][INFO] 2025-04-03 15:18:48,687: Back Left Min: 0.64, Back Right Min: 0.54
[rosout][INFO] 2025-04-03 15:18:48,783: Back Left Min: 0.64, Back Right Min: 0.54
[rosout][INFO] 2025-04-03 15:18:48,887: Back Left Min: 0.64, Back Right Min: 0.54
[rosout][INFO] 2025-04-03 15:18:48,984: Back Left Min: 0.64, Back Right Min: 0.54
[rosout][INFO] 2025-04-03 15:18:49,087: Back Left Min: 0.64, Back Right Min: 0.54
[rosout][INFO] 2025-04-03 15:18:49,184: Back Left Min: 0.64, Back Right Min: 0.54
[rosout][INFO] 2025-04-03 15:18:49,287: Back Left Min: 0.64, Back Right Min: 0.54
[rosout][INFO] 2025-04-03 15:18:49,384: Back Left Min: 0.64, Back Right Min: 0.54
[rosout][INFO] 2025-04-03 15:18:49,487: Back Left Min: 0.64, Back Right Min: 0.54
[rosout][INFO] 2025-04-03 15:18:49,584: Back Left Min: 0.64, Back Right Min: 0.54
[rosout][INFO] 2025-04-03 15:18:49,687: Back Left Min: 0.64, Back Right Min: 0.54
[rosout][INFO] 2025-04-03 15:18:49,784: Back Left Min: 0.64, Back Right Min: 0.54
[rosout][INFO] 2025-04-03 15:18:49,887: Back Left Min: 0.64, Back Right Min: 0.54
[rosout][INFO] 2025-04-03 15:18:49,984: Back Left Min: 0.64, Back Right Min: 0.54
[rosout][INFO] 2025-04-03 15:18:50,087: Back Left Min: 0.64, Back Right Min: 0.54
[rosout][INFO] 2025-04-03 15:18:50,184: Back Left Min: 0.64, Back Right Min: 0.54
[rosout][INFO] 2025-04-03 15:18:50,287: Back Left Min: 0.64, Back Right Min: 0.54
[rosout][INFO] 2025-04-03 15:18:50,384: Back Left Min: 0.64, Back Right Min: 0.54
[rosout][INFO] 2025-04-03 15:18:50,487: Back Left Min: 0.64, Back Right Min: 0.54
[rosout][INFO] 2025-04-03 15:18:50,584: Back Left Min: 0.64, Back Right Min: 0.54
[rosout][INFO] 2025-04-03 15:18:50,687: Back Left Min: 0.64, Back Right Min: 0.54
[rosout][INFO] 2025-04-03 15:18:50,784: Back Left Min: 0.64, Back Right Min: 0.54
[rosout][INFO] 2025-04-03 15:18:50,888: Back Left Min: 0.64, Back Right Min: 0.54
[rosout][INFO] 2025-04-03 15:18:50,984: Back Left Min: 0.64, Back Right Min: 0.54
[rosout][INFO] 2025-04-03 15:18:51,088: Back Left Min: 0.64, Back Right Min: 0.54
[rosout][INFO] 2025-04-03 15:18:51,184: Back Left Min: 0.64, Back Right Min: 0.54
[rosout][INFO] 2025-04-03 15:18:51,288: Back Left Min: 0.64, Back Right Min: 0.54
[rosout][INFO] 2025-04-03 15:18:51,384: Back Left Min: 0.64, Back Right Min: 0.54
[rosout][INFO] 2025-04-03 15:18:51,488: Back Left Min: 0.64, Back Right Min: 0.54
[rosout][INFO] 2025-04-03 15:18:51,585: Back Left Min: 0.64, Back Right Min: 0.54
[rosout][INFO] 2025-04-03 15:18:51,688: Back Left Min: 0.64, Back Right Min: 0.54
[rosout][INFO] 2025-04-03 15:18:51,785: Back Left Min: 0.64, Back Right Min: 0.54
[rosout][INFO] 2025-04-03 15:18:51,888: Back Left Min: 0.64, Back Right Min: 0.54
[rosout][INFO] 2025-04-03 15:18:51,985: Back Left Min: 0.64, Back Right Min: 0.54
[rosout][INFO] 2025-04-03 15:18:52,088: Back Left Min: 0.64, Back Right Min: 0.54
[rosout][INFO] 2025-04-03 15:18:52,185: Back Left Min: 0.64, Back Right Min: 0.54
[rosout][INFO] 2025-04-03 15:18:52,288: Back Left Min: 0.64, Back Right Min: 0.54
[rosout][INFO] 2025-04-03 15:18:52,385: Back Left Min: 0.64, Back Right Min: 0.54
[rosout][INFO] 2025-04-03 15:18:52,488: Back Left Min: 0.64, Back Right Min: 0.54
[rosout][INFO] 2025-04-03 15:18:52,585: Back Left Min: 0.64, Back Right Min: 0.54
[rosout][INFO] 2025-04-03 15:18:52,688: Back Left Min: 0.64, Back Right Min: 0.54
[rosout][INFO] 2025-04-03 15:18:52,785: Back Left Min: 0.64, Back Right Min: 0.54
[rosout][INFO] 2025-04-03 15:18:52,888: Back Left Min: 0.64, Back Right Min: 0.54
[rosout][INFO] 2025-04-03 15:18:52,985: Back Left Min: 0.64, Back Right Min: 0.54
[rosout][INFO] 2025-04-03 15:18:53,088: Back Left Min: 0.64, Back Right Min: 0.54
[rosout][INFO] 2025-04-03 15:18:53,185: Back Left Min: 0.64, Back Right Min: 0.54
[rosout][INFO] 2025-04-03 15:18:53,288: Back Left Min: 0.64, Back Right Min: 0.54
[rosout][INFO] 2025-04-03 15:18:53,385: Back Left Min: 0.64, Back Right Min: 0.54
[rosout][INFO] 2025-04-03 15:18:53,488: Back Left Min: 0.64, Back Right Min: 0.54
[rosout][INFO] 2025-04-03 15:18:53,585: Back Left Min: 0.64, Back Right Min: 0.54
[rosout][INFO] 2025-04-03 15:18:53,689: Back Left Min: 0.64, Back Right Min: 0.54
[rosout][INFO] 2025-04-03 15:18:53,785: Back Left Min: 0.64, Back Right Min: 0.54
[rosout][INFO] 2025-04-03 15:18:53,889: Back Left Min: 0.64, Back Right Min: 0.54
[rosout][INFO] 2025-04-03 15:18:53,986: Back Left Min: 0.64, Back Right Min: 0.54
[rosout][INFO] 2025-04-03 15:18:54,089: Back Left Min: 0.64, Back Right Min: 0.54
[rosout][INFO] 2025-04-03 15:18:54,186: Back Left Min: 0.64, Back Right Min: 0.54
[rosout][INFO] 2025-04-03 15:18:54,289: Back Left Min: 0.64, Back Right Min: 0.54
[rosout][INFO] 2025-04-03 15:18:54,386: Back Left Min: 0.64, Back Right Min: 0.54
[rosout][INFO] 2025-04-03 15:18:54,489: Back Left Min: 0.64, Back Right Min: 0.54
[rosout][INFO] 2025-04-03 15:18:54,586: Back Left Min: 0.64, Back Right Min: 0.54
[rosout][INFO] 2025-04-03 15:18:54,689: Back Left Min: 0.64, Back Right Min: 0.54
[rosout][INFO] 2025-04-03 15:18:54,786: Back Left Min: 0.64, Back Right Min: 0.54
[rosout][INFO] 2025-04-03 15:18:54,889: Back Left Min: 0.64, Back Right Min: 0.54
[rosout][INFO] 2025-04-03 15:18:54,986: Back Left Min: 0.64, Back Right Min: 0.54
[rosout][INFO] 2025-04-03 15:18:55,089: Back Left Min: 0.64, Back Right Min: 0.54
[rosout][INFO] 2025-04-03 15:18:55,186: Back Left Min: 0.64, Back Right Min: 0.54
[rosout][INFO] 2025-04-03 15:18:55,289: Back Left Min: 0.64, Back Right Min: 0.54
[rosout][INFO] 2025-04-03 15:18:55,386: Back Left Min: 0.64, Back Right Min: 0.54
[rosout][INFO] 2025-04-03 15:18:55,489: Back Left Min: 0.64, Back Right Min: 0.54
[rosout][INFO] 2025-04-03 15:18:55,586: Back Left Min: 0.64, Back Right Min: 0.54
[rosout][INFO] 2025-04-03 15:18:55,689: Back Left Min: 0.64, Back Right Min: 0.54
[rosout][INFO] 2025-04-03 15:18:55,786: Back Left Min: 0.64, Back Right Min: 0.54
[rosout][INFO] 2025-04-03 15:18:55,889: Back Left Min: 0.64, Back Right Min: 0.54
[rosout][INFO] 2025-04-03 15:18:55,986: Back Left Min: 0.64, Back Right Min: 0.54
[rosout][INFO] 2025-04-03 15:18:56,090: Back Left Min: 0.64, Back Right Min: 0.54
[rosout][INFO] 2025-04-03 15:18:56,186: Back Left Min: 0.64, Back Right Min: 0.54
[rosout][INFO] 2025-04-03 15:18:56,290: Back Left Min: 0.64, Back Right Min: 0.54
[rosout][INFO] 2025-04-03 15:18:56,386: Back Left Min: 0.64, Back Right Min: 0.54
[rosout][INFO] 2025-04-03 15:18:56,490: Back Left Min: 0.64, Back Right Min: 0.54
[rosout][INFO] 2025-04-03 15:18:56,587: Back Left Min: 0.64, Back Right Min: 0.54
[rosout][INFO] 2025-04-03 15:18:56,690: Back Left Min: 0.64, Back Right Min: 0.54
[rosout][INFO] 2025-04-03 15:18:56,787: Back Left Min: 0.64, Back Right Min: 0.54
[rosout][INFO] 2025-04-03 15:18:56,890: Back Left Min: 0.64, Back Right Min: 0.54
[rosout][INFO] 2025-04-03 15:18:56,987: Back Left Min: 0.64, Back Right Min: 0.54
[rosout][INFO] 2025-04-03 15:18:57,090: Back Left Min: 0.64, Back Right Min: 0.54
[rosout][INFO] 2025-04-03 15:18:57,187: Back Left Min: 0.64, Back Right Min: 0.54
[rosout][INFO] 2025-04-03 15:18:57,290: Back Left Min: 0.64, Back Right Min: 0.54
[rosout][INFO] 2025-04-03 15:18:57,387: Back Left Min: 0.64, Back Right Min: 0.54
[rosout][INFO] 2025-04-03 15:18:57,490: Back Left Min: 0.64, Back Right Min: 0.54
[rosout][INFO] 2025-04-03 15:18:57,587: Back Left Min: 0.64, Back Right Min: 0.54
[rosout][INFO] 2025-04-03 15:18:57,690: Back Left Min: 0.64, Back Right Min: 0.54
[rosout][INFO] 2025-04-03 15:18:57,787: Back Left Min: 0.64, Back Right Min: 0.54
[rosout][INFO] 2025-04-03 15:18:57,890: Back Left Min: 0.64, Back Right Min: 0.54
[rosout][INFO] 2025-04-03 15:18:57,987: Back Left Min: 0.64, Back Right Min: 0.54
[rosout][INFO] 2025-04-03 15:18:58,090: Back Left Min: 0.64, Back Right Min: 0.54
[rosout][INFO] 2025-04-03 15:18:58,187: Back Left Min: 0.64, Back Right Min: 0.54
[rosout][INFO] 2025-04-03 15:18:58,290: Back Left Min: 0.64, Back Right Min: 0.54
[rosout][INFO] 2025-04-03 15:18:58,387: Back Left Min: 0.64, Back Right Min: 0.54
[rosout][INFO] 2025-04-03 15:18:58,491: Back Left Min: 0.64, Back Right Min: 0.54
[rosout][INFO] 2025-04-03 15:18:58,587: Back Left Min: 0.64, Back Right Min: 0.54
[rosout][INFO] 2025-04-03 15:18:58,691: Back Left Min: 0.64, Back Right Min: 0.54
[rosout][INFO] 2025-04-03 15:18:58,787: Back Left Min: 0.64, Back Right Min: 0.54
[rosout][INFO] 2025-04-03 15:18:58,891: Back Left Min: 0.64, Back Right Min: 0.54
[rosout][INFO] 2025-04-03 15:18:58,988: Back Left Min: 0.64, Back Right Min: 0.54
[rosout][INFO] 2025-04-03 15:18:59,091: Back Left Min: 0.64, Back Right Min: 0.54
[rosout][INFO] 2025-04-03 15:18:59,188: Back Left Min: 0.64, Back Right Min: 0.54
[rosout][INFO] 2025-04-03 15:18:59,291: Back Left Min: 0.64, Back Right Min: 0.54
[rosout][INFO] 2025-04-03 15:18:59,388: Back Left Min: 0.64, Back Right Min: 0.54
[rosout][INFO] 2025-04-03 15:18:59,491: Back Left Min: 0.64, Back Right Min: 0.54
[rosout][INFO] 2025-04-03 15:18:59,588: Back Left Min: 0.64, Back Right Min: 0.54
[rosout][INFO] 2025-04-03 15:18:59,691: Back Left Min: 0.64, Back Right Min: 0.54
[rosout][INFO] 2025-04-03 15:18:59,788: Back Left Min: 0.64, Back Right Min: 0.54
[rosout][INFO] 2025-04-03 15:18:59,891: Back Left Min: 0.64, Back Right Min: 0.54
[rosout][INFO] 2025-04-03 15:18:59,988: Back Left Min: 0.64, Back Right Min: 0.54
[rosout][INFO] 2025-04-03 15:19:00,091: Back Left Min: 0.64, Back Right Min: 0.54
[rosout][INFO] 2025-04-03 15:19:00,188: Back Left Min: 0.64, Back Right Min: 0.54
[rosout][INFO] 2025-04-03 15:19:00,291: Back Left Min: 0.64, Back Right Min: 0.54
[rosout][INFO] 2025-04-03 15:19:00,388: Back Left Min: 0.64, Back Right Min: 0.54
[rosout][INFO] 2025-04-03 15:19:00,491: Back Left Min: 0.64, Back Right Min: 0.54
[rosout][INFO] 2025-04-03 15:19:00,588: Back Left Min: 0.64, Back Right Min: 0.54
[rosout][INFO] 2025-04-03 15:19:00,691: Back Left Min: 0.64, Back Right Min: 0.54
[rosout][INFO] 2025-04-03 15:19:00,788: Back Left Min: 0.64, Back Right Min: 0.54
[rosout][INFO] 2025-04-03 15:19:00,892: Back Left Min: 0.64, Back Right Min: 0.54
[rosout][INFO] 2025-04-03 15:19:00,988: Back Left Min: 0.64, Back Right Min: 0.54
[rosout][INFO] 2025-04-03 15:19:01,092: Back Left Min: 0.64, Back Right Min: 0.54
[rosout][INFO] 2025-04-03 15:19:01,188: Back Left Min: 0.64, Back Right Min: 0.54
[rosout][INFO] 2025-04-03 15:19:01,292: Back Left Min: 0.64, Back Right Min: 0.54
[rosout][INFO] 2025-04-03 15:19:01,389: Back Left Min: 0.64, Back Right Min: 0.54
[rosout][INFO] 2025-04-03 15:19:01,492: Back Left Min: 0.64, Back Right Min: 0.54
[rosout][INFO] 2025-04-03 15:19:01,589: Back Left Min: 0.64, Back Right Min: 0.54
[rosout][INFO] 2025-04-03 15:19:01,692: Back Left Min: 0.64, Back Right Min: 0.54
[rosout][INFO] 2025-04-03 15:19:01,789: Back Left Min: 0.64, Back Right Min: 0.54
[rosout][INFO] 2025-04-03 15:19:01,892: Back Left Min: 0.64, Back Right Min: 0.54
[rosout][INFO] 2025-04-03 15:19:01,989: Back Left Min: 0.64, Back Right Min: 0.54
[rosout][INFO] 2025-04-03 15:19:02,093: Back Left Min: 0.64, Back Right Min: 0.54
[rosout][INFO] 2025-04-03 15:19:02,189: Back Left Min: 0.64, Back Right Min: 0.54
[rosout][INFO] 2025-04-03 15:19:02,293: Back Left Min: 0.64, Back Right Min: 0.54
[rosout][INFO] 2025-04-03 15:19:02,389: Back Left Min: 0.64, Back Right Min: 0.54
[rosout][INFO] 2025-04-03 15:19:02,493: Back Left Min: 0.64, Back Right Min: 0.54
[rosout][INFO] 2025-04-03 15:19:02,589: Back Left Min: 0.64, Back Right Min: 0.54
[rosout][INFO] 2025-04-03 15:19:02,693: Back Left Min: 0.64, Back Right Min: 0.54
[rosout][INFO] 2025-04-03 15:19:02,789: Back Left Min: 0.64, Back Right Min: 0.54
[rosout][INFO] 2025-04-03 15:19:02,893: Back Left Min: 0.64, Back Right Min: 0.54
[rosout][INFO] 2025-04-03 15:19:02,989: Back Left Min: 0.64, Back Right Min: 0.54
[rosout][INFO] 2025-04-03 15:19:03,093: Back Left Min: 0.64, Back Right Min: 0.54
[rosout][INFO] 2025-04-03 15:19:03,189: Back Left Min: 0.64, Back Right Min: 0.54
[rosout][INFO] 2025-04-03 15:19:03,293: Back Left Min: 0.64, Back Right Min: 0.54
[rosout][INFO] 2025-04-03 15:19:03,389: Back Left Min: 0.64, Back Right Min: 0.54
[rosout][INFO] 2025-04-03 15:19:03,493: Back Left Min: 0.64, Back Right Min: 0.54
[rosout][INFO] 2025-04-03 15:19:03,589: Back Left Min: 0.64, Back Right Min: 0.54
[rosout][INFO] 2025-04-03 15:19:03,693: Back Left Min: 0.64, Back Right Min: 0.54
[rosout][INFO] 2025-04-03 15:19:03,790: Back Left Min: 0.64, Back Right Min: 0.54
[rosout][INFO] 2025-04-03 15:19:03,893: Back Left Min: 0.64, Back Right Min: 0.54
[rosout][INFO] 2025-04-03 15:19:03,990: Back Left Min: 0.64, Back Right Min: 0.54
[rosout][INFO] 2025-04-03 15:19:04,093: Back Left Min: 0.64, Back Right Min: 0.54
[rosout][INFO] 2025-04-03 15:19:04,190: Back Left Min: 0.64, Back Right Min: 0.54
[rosout][INFO] 2025-04-03 15:19:04,293: Back Left Min: 0.64, Back Right Min: 0.54
[rosout][INFO] 2025-04-03 15:19:04,390: Back Left Min: 0.64, Back Right Min: 0.54
[rosout][INFO] 2025-04-03 15:19:04,493: Back Left Min: 0.64, Back Right Min: 0.54
[rosout][INFO] 2025-04-03 15:19:04,590: Back Left Min: 0.64, Back Right Min: 0.54
[rosout][INFO] 2025-04-03 15:19:04,693: Back Left Min: 0.64, Back Right Min: 0.54
[rosout][INFO] 2025-04-03 15:19:04,790: Back Left Min: 0.64, Back Right Min: 0.54
[rosout][INFO] 2025-04-03 15:19:04,893: Back Left Min: 0.64, Back Right Min: 0.54
[rosout][INFO] 2025-04-03 15:19:04,990: Back Left Min: 0.64, Back Right Min: 0.54
[rosout][INFO] 2025-04-03 15:19:05,093: Back Left Min: 0.64, Back Right Min: 0.54
[rosout][INFO] 2025-04-03 15:19:05,190: Back Left Min: 0.64, Back Right Min: 0.54
[rosout][INFO] 2025-04-03 15:19:05,293: Back Left Min: 0.64, Back Right Min: 0.54
[rosout][INFO] 2025-04-03 15:19:05,390: Back Left Min: 0.64, Back Right Min: 0.54
[rosout][INFO] 2025-04-03 15:19:05,494: Back Left Min: 0.64, Back Right Min: 0.54
[rosout][INFO] 2025-04-03 15:19:05,590: Back Left Min: 0.64, Back Right Min: 0.54
[rosout][INFO] 2025-04-03 15:19:05,694: Back Left Min: 0.64, Back Right Min: 0.54
[rosout][INFO] 2025-04-03 15:19:05,790: Back Left Min: 0.64, Back Right Min: 0.54
[rosout][INFO] 2025-04-03 15:19:05,894: Back Left Min: 0.64, Back Right Min: 0.54
[rosout][INFO] 2025-04-03 15:19:05,990: Back Left Min: 0.64, Back Right Min: 0.54
[rosout][INFO] 2025-04-03 15:19:06,094: Back Left Min: 0.64, Back Right Min: 0.54
[rosout][INFO] 2025-04-03 15:19:06,191: Back Left Min: 0.64, Back Right Min: 0.54
[rosout][INFO] 2025-04-03 15:19:06,294: Back Left Min: 0.64, Back Right Min: 0.54
[rosout][INFO] 2025-04-03 15:19:06,391: Back Left Min: 0.64, Back Right Min: 0.54
[rosout][INFO] 2025-04-03 15:19:06,494: Back Left Min: 0.64, Back Right Min: 0.54
[rosout][INFO] 2025-04-03 15:19:06,591: Back Left Min: 0.64, Back Right Min: 0.54
[rosout][INFO] 2025-04-03 15:19:06,694: Back Left Min: 0.64, Back Right Min: 0.54
[rosout][INFO] 2025-04-03 15:19:06,791: Back Left Min: 0.64, Back Right Min: 0.54
[rosout][INFO] 2025-04-03 15:19:06,894: Back Left Min: 0.64, Back Right Min: 0.54
[rosout][INFO] 2025-04-03 15:19:06,991: Back Left Min: 0.64, Back Right Min: 0.54
[rosout][INFO] 2025-04-03 15:19:07,094: Back Left Min: 0.64, Back Right Min: 0.54
[rosout][INFO] 2025-04-03 15:19:07,191: Back Left Min: 0.64, Back Right Min: 0.54
[rosout][INFO] 2025-04-03 15:19:07,294: Back Left Min: 0.64, Back Right Min: 0.54
[rosout][INFO] 2025-04-03 15:19:07,391: Back Left Min: 0.64, Back Right Min: 0.54
[rosout][INFO] 2025-04-03 15:19:07,495: Back Left Min: 0.64, Back Right Min: 0.54
[rosout][INFO] 2025-04-03 15:19:07,591: Back Left Min: 0.64, Back Right Min: 0.54
[rosout][INFO] 2025-04-03 15:19:07,695: Back Left Min: 0.64, Back Right Min: 0.54
[rosout][INFO] 2025-04-03 15:19:07,791: Back Left Min: 0.64, Back Right Min: 0.54
[rosout][INFO] 2025-04-03 15:19:07,895: Back Left Min: 0.64, Back Right Min: 0.54
[rosout][INFO] 2025-04-03 15:19:07,991: Back Left Min: 0.64, Back Right Min: 0.54
[rosout][INFO] 2025-04-03 15:19:08,095: Back Left Min: 0.64, Back Right Min: 0.54
[rosout][INFO] 2025-04-03 15:19:08,191: Back Left Min: 0.64, Back Right Min: 0.54
[rosout][INFO] 2025-04-03 15:19:08,295: Back Left Min: 0.64, Back Right Min: 0.54
[rosout][INFO] 2025-04-03 15:19:08,391: Back Left Min: 0.64, Back Right Min: 0.54
[rosout][INFO] 2025-04-03 15:19:08,495: Back Left Min: 0.64, Back Right Min: 0.54
[rosout][INFO] 2025-04-03 15:19:08,591: Back Left Min: 0.64, Back Right Min: 0.54
[rosout][INFO] 2025-04-03 15:19:08,695: Back Left Min: 0.64, Back Right Min: 0.54
[rosout][INFO] 2025-04-03 15:19:08,792: Back Left Min: 0.64, Back Right Min: 0.54
[rosout][INFO] 2025-04-03 15:19:08,895: Back Left Min: 0.64, Back Right Min: 0.54
[rosout][INFO] 2025-04-03 15:19:08,992: Back Left Min: 0.64, Back Right Min: 0.54
[rosout][INFO] 2025-04-03 15:19:09,095: Back Left Min: 0.64, Back Right Min: 0.54
[rosout][INFO] 2025-04-03 15:19:09,192: Back Left Min: 0.64, Back Right Min: 0.54
[rosout][INFO] 2025-04-03 15:19:09,295: Back Left Min: 0.64, Back Right Min: 0.54
[rosout][INFO] 2025-04-03 15:19:09,392: Back Left Min: 0.64, Back Right Min: 0.54
[rosout][INFO] 2025-04-03 15:19:09,495: Back Left Min: 0.64, Back Right Min: 0.54
[rosout][INFO] 2025-04-03 15:19:09,592: Back Left Min: 0.64, Back Right Min: 0.54
[rosout][INFO] 2025-04-03 15:19:09,695: Back Left Min: 0.64, Back Right Min: 0.54
[rosout][INFO] 2025-04-03 15:19:09,792: Back Left Min: 0.64, Back Right Min: 0.54
[rosout][INFO] 2025-04-03 15:19:09,895: Back Left Min: 0.64, Back Right Min: 0.54
[rosout][INFO] 2025-04-03 15:19:09,992: Back Left Min: 0.64, Back Right Min: 0.54
[rosout][INFO] 2025-04-03 15:19:10,095: Back Left Min: 0.64, Back Right Min: 0.54
[rosout][INFO] 2025-04-03 15:19:10,193: Back Left Min: 0.64, Back Right Min: 0.54
[rosout][INFO] 2025-04-03 15:19:10,295: Back Left Min: 0.64, Back Right Min: 0.54
[rosout][INFO] 2025-04-03 15:19:10,393: Back Left Min: 0.64, Back Right Min: 0.54
[rosout][INFO] 2025-04-03 15:19:10,495: Back Left Min: 0.64, Back Right Min: 0.54
[rosout][INFO] 2025-04-03 15:19:10,592: Back Left Min: 0.64, Back Right Min: 0.54
[rosout][INFO] 2025-04-03 15:19:10,696: Back Left Min: 0.64, Back Right Min: 0.54
[rosout][INFO] 2025-04-03 15:19:10,793: Back Left Min: 0.64, Back Right Min: 0.54
[rosout][INFO] 2025-04-03 15:19:10,896: Back Left Min: 0.64, Back Right Min: 0.54
[rosout][INFO] 2025-04-03 15:19:10,993: Back Left Min: 0.64, Back Right Min: 0.54
[rosout][INFO] 2025-04-03 15:19:11,096: Back Left Min: 0.64, Back Right Min: 0.54
[rosout][INFO] 2025-04-03 15:19:11,193: Back Left Min: 0.64, Back Right Min: 0.54
[rosout][INFO] 2025-04-03 15:19:11,296: Back Left Min: 0.64, Back Right Min: 0.54
[rosout][INFO] 2025-04-03 15:19:11,393: Back Left Min: 0.64, Back Right Min: 0.54
[rosout][INFO] 2025-04-03 15:19:11,496: Back Left Min: 0.64, Back Right Min: 0.54
[rosout][INFO] 2025-04-03 15:19:11,593: Back Left Min: 0.64, Back Right Min: 0.54
[rosout][INFO] 2025-04-03 15:19:11,696: Back Left Min: 0.64, Back Right Min: 0.54
[rosout][INFO] 2025-04-03 15:19:11,793: Back Left Min: 0.64, Back Right Min: 0.54
[rosout][INFO] 2025-04-03 15:19:11,896: Back Left Min: 0.64, Back Right Min: 0.54
[rosout][INFO] 2025-04-03 15:19:11,993: Back Left Min: 0.64, Back Right Min: 0.54
[rosout][INFO] 2025-04-03 15:19:12,096: Back Left Min: 0.64, Back Right Min: 0.54
[rosout][INFO] 2025-04-03 15:19:12,193: Back Left Min: 0.64, Back Right Min: 0.54
[rosout][INFO] 2025-04-03 15:19:12,296: Back Left Min: 0.64, Back Right Min: 0.54
[rosout][INFO] 2025-04-03 15:19:12,393: Back Left Min: 0.64, Back Right Min: 0.54
[rosout][INFO] 2025-04-03 15:19:12,496: Back Left Min: 0.64, Back Right Min: 0.54
[rosout][INFO] 2025-04-03 15:19:12,593: Back Left Min: 0.64, Back Right Min: 0.54
[rosout][INFO] 2025-04-03 15:19:12,696: Back Left Min: 0.64, Back Right Min: 0.54
[rosout][INFO] 2025-04-03 15:19:12,793: Back Left Min: 0.64, Back Right Min: 0.54
[rosout][INFO] 2025-04-03 15:19:12,896: Back Left Min: 0.64, Back Right Min: 0.54
[rosout][INFO] 2025-04-03 15:19:12,993: Back Left Min: 0.64, Back Right Min: 0.54
[rosout][INFO] 2025-04-03 15:19:13,097: Back Left Min: 0.64, Back Right Min: 0.54
[rosout][INFO] 2025-04-03 15:19:13,194: Back Left Min: 0.64, Back Right Min: 0.54
[rosout][INFO] 2025-04-03 15:19:13,296: Back Left Min: 0.64, Back Right Min: 0.54
[rosout][INFO] 2025-04-03 15:19:13,394: Back Left Min: 0.64, Back Right Min: 0.54
[rosout][INFO] 2025-04-03 15:19:13,497: Back Left Min: 0.64, Back Right Min: 0.54
[rosout][INFO] 2025-04-03 15:19:13,594: Back Left Min: 0.64, Back Right Min: 0.54
[rosout][INFO] 2025-04-03 15:19:13,697: Back Left Min: 0.64, Back Right Min: 0.54
[rosout][INFO] 2025-04-03 15:19:13,794: Back Left Min: 0.64, Back Right Min: 0.54
[rosout][INFO] 2025-04-03 15:19:13,897: Back Left Min: 0.64, Back Right Min: 0.54
[rosout][INFO] 2025-04-03 15:19:13,994: Back Left Min: 0.64, Back Right Min: 0.54
[rosout][INFO] 2025-04-03 15:19:14,097: Back Left Min: 0.64, Back Right Min: 0.54
[rosout][INFO] 2025-04-03 15:19:14,194: Back Left Min: 0.64, Back Right Min: 0.54
[rosout][INFO] 2025-04-03 15:19:14,297: Back Left Min: 0.64, Back Right Min: 0.54
[rosout][INFO] 2025-04-03 15:19:14,394: Back Left Min: 0.64, Back Right Min: 0.54
[rosout][INFO] 2025-04-03 15:19:14,497: Back Left Min: 0.64, Back Right Min: 0.54
[rosout][INFO] 2025-04-03 15:19:14,594: Back Left Min: 0.64, Back Right Min: 0.54
[rosout][INFO] 2025-04-03 15:19:14,697: Back Left Min: 0.64, Back Right Min: 0.54
[rosout][INFO] 2025-04-03 15:19:14,794: Back Left Min: 0.64, Back Right Min: 0.54
[rosout][INFO] 2025-04-03 15:19:14,897: Back Left Min: 0.64, Back Right Min: 0.54
[rosout][INFO] 2025-04-03 15:19:14,994: Back Left Min: 0.64, Back Right Min: 0.54
[rosout][INFO] 2025-04-03 15:19:15,097: Back Left Min: 0.64, Back Right Min: 0.54
[rosout][INFO] 2025-04-03 15:19:15,195: Back Left Min: 0.64, Back Right Min: 0.54
[rosout][INFO] 2025-04-03 15:19:15,297: Back Left Min: 0.64, Back Right Min: 0.54
[rosout][INFO] 2025-04-03 15:19:15,395: Back Left Min: 0.64, Back Right Min: 0.54
[rosout][INFO] 2025-04-03 15:19:15,498: Back Left Min: 0.64, Back Right Min: 0.54
[rosout][INFO] 2025-04-03 15:19:15,595: Back Left Min: 0.64, Back Right Min: 0.54
[rosout][INFO] 2025-04-03 15:19:15,698: Back Left Min: 0.64, Back Right Min: 0.54
[rosout][INFO] 2025-04-03 15:19:15,795: Back Left Min: 0.64, Back Right Min: 0.54
[rosout][INFO] 2025-04-03 15:19:15,898: Back Left Min: 0.64, Back Right Min: 0.54
[rosout][INFO] 2025-04-03 15:19:15,995: Back Left Min: 0.64, Back Right Min: 0.54
[rosout][INFO] 2025-04-03 15:19:16,098: Back Left Min: 0.64, Back Right Min: 0.54
[rosout][INFO] 2025-04-03 15:19:16,195: Back Left Min: 0.64, Back Right Min: 0.54
[rosout][INFO] 2025-04-03 15:19:16,298: Back Left Min: 0.64, Back Right Min: 0.54
[rosout][INFO] 2025-04-03 15:19:16,395: Back Left Min: 0.64, Back Right Min: 0.54
[rosout][INFO] 2025-04-03 15:19:16,498: Back Left Min: 0.64, Back Right Min: 0.54
[rosout][INFO] 2025-04-03 15:19:16,595: Back Left Min: 0.64, Back Right Min: 0.54
[rosout][INFO] 2025-04-03 15:19:16,698: Back Left Min: 0.64, Back Right Min: 0.54
[rosout][INFO] 2025-04-03 15:19:16,795: Back Left Min: 0.64, Back Right Min: 0.54
[rosout][INFO] 2025-04-03 15:19:16,898: Back Left Min: 0.64, Back Right Min: 0.54
[rosout][INFO] 2025-04-03 15:19:16,995: Back Left Min: 0.64, Back Right Min: 0.54
[rosout][INFO] 2025-04-03 15:19:17,098: Back Left Min: 0.64, Back Right Min: 0.54
[rosout][INFO] 2025-04-03 15:19:17,195: Back Left Min: 0.64, Back Right Min: 0.54
[rosout][INFO] 2025-04-03 15:19:17,298: Back Left Min: 0.64, Back Right Min: 0.54
[rosout][INFO] 2025-04-03 15:19:17,395: Back Left Min: 0.64, Back Right Min: 0.54
[rosout][INFO] 2025-04-03 15:19:17,498: Back Left Min: 0.64, Back Right Min: 0.54
[rosout][INFO] 2025-04-03 15:19:17,595: Back Left Min: 0.64, Back Right Min: 0.54
[rosout][INFO] 2025-04-03 15:19:17,698: Back Left Min: 0.64, Back Right Min: 0.54
[rosout][INFO] 2025-04-03 15:19:17,795: Back Left Min: 0.64, Back Right Min: 0.54
[rosout][INFO] 2025-04-03 15:19:17,898: Back Left Min: 0.64, Back Right Min: 0.54
[rosout][INFO] 2025-04-03 15:19:17,995: Back Left Min: 0.64, Back Right Min: 0.54
[rosout][INFO] 2025-04-03 15:19:18,098: Back Left Min: 0.64, Back Right Min: 0.54
[rosout][INFO] 2025-04-03 15:19:18,195: Back Left Min: 0.64, Back Right Min: 0.54
[rosout][INFO] 2025-04-03 15:19:18,299: Back Left Min: 0.64, Back Right Min: 0.54
[rosout][INFO] 2025-04-03 15:19:18,395: Back Left Min: 0.64, Back Right Min: 0.54
[rosout][INFO] 2025-04-03 15:19:18,499: Back Left Min: 0.64, Back Right Min: 0.54
[rosout][INFO] 2025-04-03 15:19:18,596: Back Left Min: 0.64, Back Right Min: 0.54
[rosout][INFO] 2025-04-03 15:19:18,699: Back Left Min: 0.64, Back Right Min: 0.54
[rosout][INFO] 2025-04-03 15:19:18,796: Back Left Min: 0.64, Back Right Min: 0.54
[rosout][INFO] 2025-04-03 15:19:18,899: Back Left Min: 0.64, Back Right Min: 0.54
[rosout][INFO] 2025-04-03 15:19:18,996: Back Left Min: 0.64, Back Right Min: 0.54
[rosout][INFO] 2025-04-03 15:19:19,099: Back Left Min: 0.64, Back Right Min: 0.54
[rosout][INFO] 2025-04-03 15:19:19,196: Back Left Min: 0.64, Back Right Min: 0.54
[rosout][INFO] 2025-04-03 15:19:19,299: Back Left Min: 0.64, Back Right Min: 0.54
[rosout][INFO] 2025-04-03 15:19:19,396: Back Left Min: 0.64, Back Right Min: 0.54
[rosout][INFO] 2025-04-03 15:19:19,499: Back Left Min: 0.64, Back Right Min: 0.54
[rosout][INFO] 2025-04-03 15:19:19,596: Back Left Min: 0.64, Back Right Min: 0.54
[rosout][INFO] 2025-04-03 15:19:19,699: Back Left Min: 0.64, Back Right Min: 0.54
[rosout][INFO] 2025-04-03 15:19:19,796: Back Left Min: 0.64, Back Right Min: 0.54
[rosout][INFO] 2025-04-03 15:19:19,899: Back Left Min: 0.64, Back Right Min: 0.54
[rosout][INFO] 2025-04-03 15:19:19,996: Back Left Min: 0.64, Back Right Min: 0.54
[rosout][INFO] 2025-04-03 15:19:20,099: Back Left Min: 0.64, Back Right Min: 0.54
[rosout][INFO] 2025-04-03 15:19:20,196: Back Left Min: 0.64, Back Right Min: 0.54
[rosout][INFO] 2025-04-03 15:19:20,299: Back Left Min: 0.64, Back Right Min: 0.54
[rosout][INFO] 2025-04-03 15:19:20,396: Back Left Min: 0.64, Back Right Min: 0.54
[rosout][INFO] 2025-04-03 15:19:20,500: Back Left Min: 0.64, Back Right Min: 0.54
[rosout][INFO] 2025-04-03 15:19:20,596: Back Left Min: 0.64, Back Right Min: 0.54
[rosout][INFO] 2025-04-03 15:19:20,700: Back Left Min: 0.64, Back Right Min: 0.54
[rosout][INFO] 2025-04-03 15:19:20,796: Back Left Min: 0.64, Back Right Min: 0.54
[rosout][INFO] 2025-04-03 15:19:20,900: Back Left Min: 0.64, Back Right Min: 0.54
[rosout][INFO] 2025-04-03 15:19:20,997: Back Left Min: 0.64, Back Right Min: 0.54
[rosout][INFO] 2025-04-03 15:19:21,100: Back Left Min: 0.64, Back Right Min: 0.54
[rosout][INFO] 2025-04-03 15:19:21,197: Back Left Min: 0.64, Back Right Min: 0.54
[rosout][INFO] 2025-04-03 15:19:21,300: Back Left Min: 0.64, Back Right Min: 0.54
[rosout][INFO] 2025-04-03 15:19:21,397: Back Left Min: 0.64, Back Right Min: 0.54
[rosout][INFO] 2025-04-03 15:19:21,500: Back Left Min: 0.64, Back Right Min: 0.54
[rosout][INFO] 2025-04-03 15:19:21,597: Back Left Min: 0.64, Back Right Min: 0.54
[rosout][INFO] 2025-04-03 15:19:21,700: Back Left Min: 0.64, Back Right Min: 0.54
[rosout][INFO] 2025-04-03 15:19:21,797: Back Left Min: 0.64, Back Right Min: 0.54
[rosout][INFO] 2025-04-03 15:19:21,900: Back Left Min: 0.64, Back Right Min: 0.54
[rosout][INFO] 2025-04-03 15:19:21,997: Back Left Min: 0.64, Back Right Min: 0.54
[rosout][INFO] 2025-04-03 15:19:22,100: Back Left Min: 0.64, Back Right Min: 0.54
[rosout][INFO] 2025-04-03 15:19:22,197: Back Left Min: 0.64, Back Right Min: 0.54
[rosout][INFO] 2025-04-03 15:19:22,300: Back Left Min: 0.64, Back Right Min: 0.54
[rosout][INFO] 2025-04-03 15:19:22,397: Back Left Min: 0.64, Back Right Min: 0.54
[rosout][INFO] 2025-04-03 15:19:22,500: Back Left Min: 0.64, Back Right Min: 0.54
[rosout][INFO] 2025-04-03 15:19:22,597: Back Left Min: 0.64, Back Right Min: 0.54
[rosout][INFO] 2025-04-03 15:19:22,700: Back Left Min: 0.64, Back Right Min: 0.54
[rosout][INFO] 2025-04-03 15:19:22,797: Back Left Min: 0.64, Back Right Min: 0.54
[rosout][INFO] 2025-04-03 15:19:22,900: Back Left Min: 0.64, Back Right Min: 0.54
[rosout][INFO] 2025-04-03 15:19:22,997: Back Left Min: 0.64, Back Right Min: 0.54
[rosout][INFO] 2025-04-03 15:19:23,101: Back Left Min: 0.64, Back Right Min: 0.54
[rosout][INFO] 2025-04-03 15:19:23,197: Back Left Min: 0.64, Back Right Min: 0.54
[rosout][INFO] 2025-04-03 15:19:23,301: Back Left Min: 0.64, Back Right Min: 0.54
[rosout][INFO] 2025-04-03 15:19:23,398: Back Left Min: 0.64, Back Right Min: 0.54
[rosout][INFO] 2025-04-03 15:19:23,501: Back Left Min: 0.64, Back Right Min: 0.54
[rosout][INFO] 2025-04-03 15:19:23,598: Back Left Min: 0.64, Back Right Min: 0.54
[rosout][INFO] 2025-04-03 15:19:23,701: Back Left Min: 0.64, Back Right Min: 0.54
[rosout][INFO] 2025-04-03 15:19:23,798: Back Left Min: 0.64, Back Right Min: 0.54
[rosout][INFO] 2025-04-03 15:19:23,901: Back Left Min: 0.64, Back Right Min: 0.54
[rosout][INFO] 2025-04-03 15:19:23,998: Back Left Min: 0.64, Back Right Min: 0.54
[rosout][INFO] 2025-04-03 15:19:24,101: Back Left Min: 0.64, Back Right Min: 0.54
[rosout][INFO] 2025-04-03 15:19:24,198: Back Left Min: 0.64, Back Right Min: 0.54
[rosout][INFO] 2025-04-03 15:19:24,301: Back Left Min: 0.64, Back Right Min: 0.54
[rosout][INFO] 2025-04-03 15:19:24,398: Back Left Min: 0.64, Back Right Min: 0.54
[rosout][INFO] 2025-04-03 15:19:24,501: Back Left Min: 0.64, Back Right Min: 0.54
[rosout][INFO] 2025-04-03 15:19:24,598: Back Left Min: 0.64, Back Right Min: 0.54
[rosout][INFO] 2025-04-03 15:19:24,701: Back Left Min: 0.64, Back Right Min: 0.54
[rosout][INFO] 2025-04-03 15:19:24,798: Back Left Min: 0.64, Back Right Min: 0.54
[rosout][INFO] 2025-04-03 15:19:24,901: Back Left Min: 0.64, Back Right Min: 0.54
[rosout][INFO] 2025-04-03 15:19:24,998: Back Left Min: 0.64, Back Right Min: 0.54
[rosout][INFO] 2025-04-03 15:19:25,101: Back Left Min: 0.64, Back Right Min: 0.54
[rosout][INFO] 2025-04-03 15:19:25,198: Back Left Min: 0.64, Back Right Min: 0.54
[rosout][INFO] 2025-04-03 15:19:25,301: Back Left Min: 0.64, Back Right Min: 0.54
[rosout][INFO] 2025-04-03 15:19:25,398: Back Left Min: 0.64, Back Right Min: 0.54
[rosout][INFO] 2025-04-03 15:19:25,501: Back Left Min: 0.64, Back Right Min: 0.54
[rosout][INFO] 2025-04-03 15:19:25,598: Back Left Min: 0.64, Back Right Min: 0.54
[rosout][INFO] 2025-04-03 15:19:25,702: Back Left Min: 0.64, Back Right Min: 0.54
[rosout][INFO] 2025-04-03 15:19:25,799: Back Left Min: 0.64, Back Right Min: 0.54
[rosout][INFO] 2025-04-03 15:19:25,902: Back Left Min: 0.64, Back Right Min: 0.54
[rosout][INFO] 2025-04-03 15:19:25,999: Back Left Min: 0.64, Back Right Min: 0.54
[rosout][INFO] 2025-04-03 15:19:26,102: Back Left Min: 0.64, Back Right Min: 0.54
[rosout][INFO] 2025-04-03 15:19:26,199: Back Left Min: 0.64, Back Right Min: 0.54
[rosout][INFO] 2025-04-03 15:19:26,302: Back Left Min: 0.64, Back Right Min: 0.54
[rosout][INFO] 2025-04-03 15:19:26,399: Back Left Min: 0.64, Back Right Min: 0.54
[rosout][INFO] 2025-04-03 15:19:26,502: Back Left Min: 0.64, Back Right Min: 0.54
[rosout][INFO] 2025-04-03 15:19:26,599: Back Left Min: 0.64, Back Right Min: 0.54
[rosout][INFO] 2025-04-03 15:19:26,702: Back Left Min: 0.64, Back Right Min: 0.54
[rosout][INFO] 2025-04-03 15:19:26,799: Back Left Min: 0.64, Back Right Min: 0.54
[rosout][INFO] 2025-04-03 15:19:26,902: Back Left Min: 0.64, Back Right Min: 0.54
[rosout][INFO] 2025-04-03 15:19:26,999: Back Left Min: 0.64, Back Right Min: 0.54
[rosout][INFO] 2025-04-03 15:19:27,102: Back Left Min: 0.64, Back Right Min: 0.54
[rosout][INFO] 2025-04-03 15:19:27,199: Back Left Min: 0.64, Back Right Min: 0.54
[rosout][INFO] 2025-04-03 15:19:27,302: Back Left Min: 0.64, Back Right Min: 0.54
[rosout][INFO] 2025-04-03 15:19:27,399: Back Left Min: 0.64, Back Right Min: 0.54
[rosout][INFO] 2025-04-03 15:19:27,502: Back Left Min: 0.64, Back Right Min: 0.54
[rosout][INFO] 2025-04-03 15:19:27,599: Back Left Min: 0.64, Back Right Min: 0.54
[rosout][INFO] 2025-04-03 15:19:27,702: Back Left Min: 0.64, Back Right Min: 0.54
[rosout][INFO] 2025-04-03 15:19:27,799: Back Left Min: 0.64, Back Right Min: 0.54
[rosout][INFO] 2025-04-03 15:19:27,903: Back Left Min: 0.64, Back Right Min: 0.54
[rosout][INFO] 2025-04-03 15:19:27,999: Back Left Min: 0.64, Back Right Min: 0.54
[rosout][INFO] 2025-04-03 15:19:28,103: Back Left Min: 0.64, Back Right Min: 0.54
[rosout][INFO] 2025-04-03 15:19:28,199: Back Left Min: 0.64, Back Right Min: 0.54
[rosout][INFO] 2025-04-03 15:19:28,303: Back Left Min: 0.64, Back Right Min: 0.54
[rosout][INFO] 2025-04-03 15:19:28,400: Back Left Min: 0.64, Back Right Min: 0.54
[rosout][INFO] 2025-04-03 15:19:28,503: Back Left Min: 0.64, Back Right Min: 0.54
[rosout][INFO] 2025-04-03 15:19:28,600: Back Left Min: 0.64, Back Right Min: 0.54
[rosout][INFO] 2025-04-03 15:19:28,703: Back Left Min: 0.64, Back Right Min: 0.54
[rosout][INFO] 2025-04-03 15:19:28,800: Back Left Min: 0.64, Back Right Min: 0.54
[rosout][INFO] 2025-04-03 15:19:28,903: Back Left Min: 0.64, Back Right Min: 0.54
[rosout][INFO] 2025-04-03 15:19:29,000: Back Left Min: 0.64, Back Right Min: 0.54
[rosout][INFO] 2025-04-03 15:19:29,103: Back Left Min: 0.64, Back Right Min: 0.54
[rosout][INFO] 2025-04-03 15:19:29,200: Back Left Min: 0.64, Back Right Min: 0.54
[rosout][INFO] 2025-04-03 15:19:29,303: Back Left Min: 0.64, Back Right Min: 0.54
[rosout][INFO] 2025-04-03 15:19:29,400: Back Left Min: 0.64, Back Right Min: 0.54
[rosout][INFO] 2025-04-03 15:19:29,503: Back Left Min: 0.64, Back Right Min: 0.54
[rosout][INFO] 2025-04-03 15:19:29,600: Back Left Min: 0.64, Back Right Min: 0.54
[rosout][INFO] 2025-04-03 15:19:29,703: Back Left Min: 0.64, Back Right Min: 0.54
[rosout][INFO] 2025-04-03 15:19:29,800: Back Left Min: 0.64, Back Right Min: 0.54
[rosout][INFO] 2025-04-03 15:19:29,903: Back Left Min: 0.64, Back Right Min: 0.54
[rosout][INFO] 2025-04-03 15:19:30,000: Back Left Min: 0.64, Back Right Min: 0.54
[rosout][INFO] 2025-04-03 15:19:30,103: Back Left Min: 0.64, Back Right Min: 0.54
[rosout][INFO] 2025-04-03 15:19:30,200: Back Left Min: 0.64, Back Right Min: 0.54
[rosout][INFO] 2025-04-03 15:19:30,303: Back Left Min: 0.64, Back Right Min: 0.54
[rosout][INFO] 2025-04-03 15:19:30,400: Back Left Min: 0.64, Back Right Min: 0.54
[rosout][INFO] 2025-04-03 15:19:30,504: Back Left Min: 0.64, Back Right Min: 0.54
[rosout][INFO] 2025-04-03 15:19:30,600: Back Left Min: 0.64, Back Right Min: 0.54
[rosout][INFO] 2025-04-03 15:19:30,704: Back Left Min: 0.64, Back Right Min: 0.54
[rosout][INFO] 2025-04-03 15:19:30,801: Back Left Min: 0.64, Back Right Min: 0.54
[rosout][INFO] 2025-04-03 15:19:30,904: Back Left Min: 0.64, Back Right Min: 0.54
[rosout][INFO] 2025-04-03 15:19:31,001: Back Left Min: 0.64, Back Right Min: 0.54
[rosout][INFO] 2025-04-03 15:19:31,104: Back Left Min: 0.64, Back Right Min: 0.54
[rosout][INFO] 2025-04-03 15:19:31,201: Back Left Min: 0.64, Back Right Min: 0.54
[rosout][INFO] 2025-04-03 15:19:31,304: Back Left Min: 0.64, Back Right Min: 0.54
[rosout][INFO] 2025-04-03 15:19:31,401: Back Left Min: 0.64, Back Right Min: 0.54
[rosout][INFO] 2025-04-03 15:19:31,504: Back Left Min: 0.64, Back Right Min: 0.54
[rosout][INFO] 2025-04-03 15:19:31,601: Back Left Min: 0.64, Back Right Min: 0.54
[rosout][INFO] 2025-04-03 15:19:31,704: Back Left Min: 0.64, Back Right Min: 0.54
[rosout][INFO] 2025-04-03 15:19:31,801: Back Left Min: 0.64, Back Right Min: 0.54
[rosout][INFO] 2025-04-03 15:19:31,904: Back Left Min: 0.64, Back Right Min: 0.54
[rosout][INFO] 2025-04-03 15:19:32,001: Back Left Min: 0.64, Back Right Min: 0.54
[rosout][INFO] 2025-04-03 15:19:32,104: Back Left Min: 0.64, Back Right Min: 0.54
[rosout][INFO] 2025-04-03 15:19:32,201: Back Left Min: 0.64, Back Right Min: 0.54
[rosout][INFO] 2025-04-03 15:19:32,304: Back Left Min: 0.64, Back Right Min: 0.54
[rosout][INFO] 2025-04-03 15:19:32,401: Back Left Min: 0.64, Back Right Min: 0.54
[rosout][INFO] 2025-04-03 15:19:32,504: Back Left Min: 0.64, Back Right Min: 0.54
[rosout][INFO] 2025-04-03 15:19:32,601: Back Left Min: 0.64, Back Right Min: 0.54
[rosout][INFO] 2025-04-03 15:19:32,704: Back Left Min: 0.64, Back Right Min: 0.54
[rosout][INFO] 2025-04-03 15:19:32,801: Back Left Min: 0.64, Back Right Min: 0.54
[rosout][INFO] 2025-04-03 15:19:32,905: Back Left Min: 0.64, Back Right Min: 0.54
[rosout][INFO] 2025-04-03 15:19:33,001: Back Left Min: 0.64, Back Right Min: 0.54
[rosout][INFO] 2025-04-03 15:19:33,105: Back Left Min: 0.64, Back Right Min: 0.54
[rosout][INFO] 2025-04-03 15:19:33,201: Back Left Min: 0.64, Back Right Min: 0.54
[rosout][INFO] 2025-04-03 15:19:33,305: Back Left Min: 0.64, Back Right Min: 0.54
[rosout][INFO] 2025-04-03 15:19:33,402: Back Left Min: 0.64, Back Right Min: 0.54
[rosout][INFO] 2025-04-03 15:19:33,505: Back Left Min: 0.64, Back Right Min: 0.54
[rosout][INFO] 2025-04-03 15:19:33,602: Back Left Min: 0.64, Back Right Min: 0.54
[rosout][INFO] 2025-04-03 15:19:33,705: Back Left Min: 0.64, Back Right Min: 0.54
[rosout][INFO] 2025-04-03 15:19:33,802: Back Left Min: 0.64, Back Right Min: 0.54
[rosout][INFO] 2025-04-03 15:19:33,905: Back Left Min: 0.64, Back Right Min: 0.54
[rosout][INFO] 2025-04-03 15:19:34,002: Back Left Min: 0.64, Back Right Min: 0.54
[rosout][INFO] 2025-04-03 15:19:34,106: Back Left Min: 0.64, Back Right Min: 0.54
[rosout][INFO] 2025-04-03 15:19:34,202: Back Left Min: 0.64, Back Right Min: 0.54
[rosout][INFO] 2025-04-03 15:19:34,306: Back Left Min: 0.64, Back Right Min: 0.54
[rosout][INFO] 2025-04-03 15:19:34,402: Back Left Min: 0.64, Back Right Min: 0.54
[rosout][INFO] 2025-04-03 15:19:34,506: Back Left Min: 0.64, Back Right Min: 0.54
[rosout][INFO] 2025-04-03 15:19:34,602: Back Left Min: 0.64, Back Right Min: 0.54
[rosout][INFO] 2025-04-03 15:19:34,706: Back Left Min: 0.64, Back Right Min: 0.54
[rosout][INFO] 2025-04-03 15:19:34,802: Back Left Min: 0.64, Back Right Min: 0.54
[rosout][INFO] 2025-04-03 15:19:34,905: Back Left Min: 0.64, Back Right Min: 0.54
[rosout][INFO] 2025-04-03 15:19:35,002: Back Left Min: 0.64, Back Right Min: 0.54
[rosout][INFO] 2025-04-03 15:19:35,105: Back Left Min: 0.64, Back Right Min: 0.54
[rosout][INFO] 2025-04-03 15:19:35,202: Back Left Min: 0.64, Back Right Min: 0.54
[rosout][INFO] 2025-04-03 15:19:35,306: Back Left Min: 0.64, Back Right Min: 0.54
[rosout][INFO] 2025-04-03 15:19:35,402: Back Left Min: 0.64, Back Right Min: 0.54
[rosout][INFO] 2025-04-03 15:19:35,506: Back Left Min: 0.64, Back Right Min: 0.54
[rosout][INFO] 2025-04-03 15:19:35,602: Back Left Min: 0.64, Back Right Min: 0.54
[rosout][INFO] 2025-04-03 15:19:35,706: Back Left Min: 0.64, Back Right Min: 0.54
[rosout][INFO] 2025-04-03 15:19:35,803: Back Left Min: 0.64, Back Right Min: 0.54
[rosout][INFO] 2025-04-03 15:19:35,906: Back Left Min: 0.64, Back Right Min: 0.54
[rosout][INFO] 2025-04-03 15:19:36,003: Back Left Min: 0.64, Back Right Min: 0.54
[rosout][INFO] 2025-04-03 15:19:36,106: Back Left Min: 0.64, Back Right Min: 0.54
[rosout][INFO] 2025-04-03 15:19:36,203: Back Left Min: 0.64, Back Right Min: 0.54
[rosout][INFO] 2025-04-03 15:19:36,306: Back Left Min: 0.64, Back Right Min: 0.54
[rosout][INFO] 2025-04-03 15:19:36,403: Back Left Min: 0.64, Back Right Min: 0.54
[rosout][INFO] 2025-04-03 15:19:36,506: Back Left Min: 0.64, Back Right Min: 0.54
[rosout][INFO] 2025-04-03 15:19:36,603: Back Left Min: 0.64, Back Right Min: 0.54
[rosout][INFO] 2025-04-03 15:19:36,706: Back Left Min: 0.64, Back Right Min: 0.54
[rosout][INFO] 2025-04-03 15:19:36,803: Back Left Min: 0.64, Back Right Min: 0.54
[rosout][INFO] 2025-04-03 15:19:36,906: Back Left Min: 0.64, Back Right Min: 0.54
[rosout][INFO] 2025-04-03 15:19:37,003: Back Left Min: 0.64, Back Right Min: 0.54
[rosout][INFO] 2025-04-03 15:19:37,106: Back Left Min: 0.64, Back Right Min: 0.54
[rosout][INFO] 2025-04-03 15:19:37,203: Back Left Min: 0.64, Back Right Min: 0.54
[rosout][INFO] 2025-04-03 15:19:37,306: Back Left Min: 0.64, Back Right Min: 0.54
[rosout][INFO] 2025-04-03 15:19:37,403: Back Left Min: 0.64, Back Right Min: 0.54
[rosout][INFO] 2025-04-03 15:19:37,506: Back Left Min: 0.64, Back Right Min: 0.54
[rosout][INFO] 2025-04-03 15:19:37,603: Back Left Min: 0.64, Back Right Min: 0.54
[rosout][INFO] 2025-04-03 15:19:37,706: Back Left Min: 0.64, Back Right Min: 0.54
[rosout][INFO] 2025-04-03 15:19:37,803: Back Left Min: 0.64, Back Right Min: 0.54
[rosout][INFO] 2025-04-03 15:19:37,907: Back Left Min: 0.64, Back Right Min: 0.54
[rosout][INFO] 2025-04-03 15:19:38,003: Back Left Min: 0.64, Back Right Min: 0.54
[rosout][INFO] 2025-04-03 15:19:38,107: Back Left Min: 0.64, Back Right Min: 0.54
[rosout][INFO] 2025-04-03 15:19:38,203: Back Left Min: 0.64, Back Right Min: 0.54
[rosout][INFO] 2025-04-03 15:19:38,307: Back Left Min: 0.64, Back Right Min: 0.54
[rosout][INFO] 2025-04-03 15:19:38,404: Back Left Min: 0.64, Back Right Min: 0.54
[rosout][INFO] 2025-04-03 15:19:38,507: Back Left Min: 0.64, Back Right Min: 0.54
[rosout][INFO] 2025-04-03 15:19:38,604: Back Left Min: 0.64, Back Right Min: 0.54
[rosout][INFO] 2025-04-03 15:19:38,707: Back Left Min: 0.64, Back Right Min: 0.54
[rosout][INFO] 2025-04-03 15:19:38,804: Back Left Min: 0.64, Back Right Min: 0.54
[rosout][INFO] 2025-04-03 15:19:38,907: Back Left Min: 0.64, Back Right Min: 0.54
[rosout][INFO] 2025-04-03 15:19:39,004: Back Left Min: 0.64, Back Right Min: 0.54
[rosout][INFO] 2025-04-03 15:19:39,107: Back Left Min: 0.64, Back Right Min: 0.54
[rosout][INFO] 2025-04-03 15:19:39,204: Back Left Min: 0.64, Back Right Min: 0.54
[rosout][INFO] 2025-04-03 15:19:39,307: Back Left Min: 0.64, Back Right Min: 0.54
[rosout][INFO] 2025-04-03 15:19:39,404: Back Left Min: 0.64, Back Right Min: 0.54
[rosout][INFO] 2025-04-03 15:19:39,507: Back Left Min: 0.64, Back Right Min: 0.54
[rosout][INFO] 2025-04-03 15:19:39,604: Back Left Min: 0.64, Back Right Min: 0.54
[rosout][INFO] 2025-04-03 15:19:39,707: Back Left Min: 0.64, Back Right Min: 0.54
[rosout][INFO] 2025-04-03 15:19:39,804: Back Left Min: 0.64, Back Right Min: 0.54
[rosout][INFO] 2025-04-03 15:19:39,907: Back Left Min: 0.64, Back Right Min: 0.54
[rosout][INFO] 2025-04-03 15:19:40,004: Back Left Min: 0.64, Back Right Min: 0.54
[rosout][INFO] 2025-04-03 15:19:40,107: Back Left Min: 0.64, Back Right Min: 0.54
[rosout][INFO] 2025-04-03 15:19:40,204: Back Left Min: 0.64, Back Right Min: 0.54
[rosout][INFO] 2025-04-03 15:19:40,308: Back Left Min: 0.64, Back Right Min: 0.54
[rosout][INFO] 2025-04-03 15:19:40,404: Back Left Min: 0.64, Back Right Min: 0.54
[rosout][INFO] 2025-04-03 15:19:40,508: Back Left Min: 0.64, Back Right Min: 0.54
[rosout][INFO] 2025-04-03 15:19:40,605: Back Left Min: 0.64, Back Right Min: 0.54
[rosout][INFO] 2025-04-03 15:19:40,708: Back Left Min: 0.64, Back Right Min: 0.54
[rosout][INFO] 2025-04-03 15:19:40,805: Back Left Min: 0.64, Back Right Min: 0.54
[rosout][INFO] 2025-04-03 15:19:40,908: Back Left Min: 0.64, Back Right Min: 0.54
[rosout][INFO] 2025-04-03 15:19:41,005: Back Left Min: 0.64, Back Right Min: 0.54
[rosout][INFO] 2025-04-03 15:19:41,108: Back Left Min: 0.64, Back Right Min: 0.54
[rosout][INFO] 2025-04-03 15:19:41,205: Back Left Min: 0.64, Back Right Min: 0.54
[rosout][INFO] 2025-04-03 15:19:41,308: Back Left Min: 0.64, Back Right Min: 0.54
[rosout][INFO] 2025-04-03 15:19:41,405: Back Left Min: 0.64, Back Right Min: 0.54
[rosout][INFO] 2025-04-03 15:19:41,508: Back Left Min: 0.64, Back Right Min: 0.54
[rosout][INFO] 2025-04-03 15:19:41,605: Back Left Min: 0.64, Back Right Min: 0.54
[rosout][INFO] 2025-04-03 15:19:41,708: Back Left Min: 0.64, Back Right Min: 0.54
[rosout][INFO] 2025-04-03 15:19:41,805: Back Left Min: 0.64, Back Right Min: 0.54
[rosout][INFO] 2025-04-03 15:19:41,908: Back Left Min: 0.64, Back Right Min: 0.54
[rosout][INFO] 2025-04-03 15:19:42,005: Back Left Min: 0.64, Back Right Min: 0.54
[rosout][INFO] 2025-04-03 15:19:42,108: Back Left Min: 0.64, Back Right Min: 0.54
[rosout][INFO] 2025-04-03 15:19:42,205: Back Left Min: 0.64, Back Right Min: 0.54
[rosout][INFO] 2025-04-03 15:19:42,308: Back Left Min: 0.64, Back Right Min: 0.54
[rosout][INFO] 2025-04-03 15:19:42,405: Back Left Min: 0.64, Back Right Min: 0.54
[rosout][INFO] 2025-04-03 15:19:42,508: Back Left Min: 0.64, Back Right Min: 0.54
[rosout][INFO] 2025-04-03 15:19:42,605: Back Left Min: 0.64, Back Right Min: 0.54
[rosout][INFO] 2025-04-03 15:19:42,709: Back Left Min: 0.64, Back Right Min: 0.54
[rosout][INFO] 2025-04-03 15:19:42,805: Back Left Min: 0.64, Back Right Min: 0.54
[rosout][INFO] 2025-04-03 15:19:42,909: Back Left Min: 0.64, Back Right Min: 0.54
[rosout][INFO] 2025-04-03 15:19:43,005: Back Left Min: 0.64, Back Right Min: 0.54
[rosout][INFO] 2025-04-03 15:19:43,109: Back Left Min: 0.64, Back Right Min: 0.54
[rosout][INFO] 2025-04-03 15:19:43,206: Back Left Min: 0.64, Back Right Min: 0.54
[rosout][INFO] 2025-04-03 15:19:43,309: Back Left Min: 0.64, Back Right Min: 0.54
[rosout][INFO] 2025-04-03 15:19:43,406: Back Left Min: 0.64, Back Right Min: 0.54
[rosout][INFO] 2025-04-03 15:19:43,509: Back Left Min: 0.64, Back Right Min: 0.54
[rosout][INFO] 2025-04-03 15:19:43,606: Back Left Min: 0.64, Back Right Min: 0.54
[rosout][INFO] 2025-04-03 15:19:43,709: Back Left Min: 0.64, Back Right Min: 0.54
[rosout][INFO] 2025-04-03 15:19:43,806: Back Left Min: 0.64, Back Right Min: 0.54
[rosout][INFO] 2025-04-03 15:19:43,909: Back Left Min: 0.64, Back Right Min: 0.54
[rosout][INFO] 2025-04-03 15:19:44,006: Back Left Min: 0.64, Back Right Min: 0.54
[rosout][INFO] 2025-04-03 15:19:44,109: Back Left Min: 0.64, Back Right Min: 0.54
[rosout][INFO] 2025-04-03 15:19:44,206: Back Left Min: 0.64, Back Right Min: 0.54
[rosout][INFO] 2025-04-03 15:19:44,309: Back Left Min: 0.64, Back Right Min: 0.54
[rosout][INFO] 2025-04-03 15:19:44,406: Back Left Min: 0.64, Back Right Min: 0.54
[rosout][INFO] 2025-04-03 15:19:44,509: Back Left Min: 0.64, Back Right Min: 0.54
[rosout][INFO] 2025-04-03 15:19:44,606: Back Left Min: 0.64, Back Right Min: 0.54
[rosout][INFO] 2025-04-03 15:19:44,709: Back Left Min: 0.64, Back Right Min: 0.54
[rosout][INFO] 2025-04-03 15:19:44,806: Back Left Min: 0.64, Back Right Min: 0.54
[rosout][INFO] 2025-04-03 15:19:44,909: Back Left Min: 0.64, Back Right Min: 0.54
[rosout][INFO] 2025-04-03 15:19:45,006: Back Left Min: 0.64, Back Right Min: 0.54
[rosout][INFO] 2025-04-03 15:19:45,109: Back Left Min: 0.64, Back Right Min: 0.54
[rosout][INFO] 2025-04-03 15:19:45,206: Back Left Min: 0.64, Back Right Min: 0.54
[rosout][INFO] 2025-04-03 15:19:45,310: Back Left Min: 0.64, Back Right Min: 0.54
[rosout][INFO] 2025-04-03 15:19:45,406: Back Left Min: 0.64, Back Right Min: 0.54
[rosout][INFO] 2025-04-03 15:19:45,510: Back Left Min: 0.64, Back Right Min: 0.54
[rosout][INFO] 2025-04-03 15:19:45,607: Back Left Min: 0.64, Back Right Min: 0.54
[rosout][INFO] 2025-04-03 15:19:45,710: Back Left Min: 0.64, Back Right Min: 0.54
[rosout][INFO] 2025-04-03 15:19:45,807: Back Left Min: 0.64, Back Right Min: 0.54
[rosout][INFO] 2025-04-03 15:19:45,910: Back Left Min: 0.64, Back Right Min: 0.54
[rosout][INFO] 2025-04-03 15:19:46,007: Back Left Min: 0.64, Back Right Min: 0.54
[rosout][INFO] 2025-04-03 15:19:46,110: Back Left Min: 0.64, Back Right Min: 0.54
[rosout][INFO] 2025-04-03 15:19:46,207: Back Left Min: 0.64, Back Right Min: 0.54
[rosout][INFO] 2025-04-03 15:19:46,310: Back Left Min: 0.64, Back Right Min: 0.54
[rosout][INFO] 2025-04-03 15:19:46,407: Back Left Min: 0.64, Back Right Min: 0.54
[rosout][INFO] 2025-04-03 15:19:46,510: Back Left Min: 0.64, Back Right Min: 0.54
[rosout][INFO] 2025-04-03 15:19:46,607: Back Left Min: 0.64, Back Right Min: 0.54
[rosout][INFO] 2025-04-03 15:19:46,710: Back Left Min: 0.64, Back Right Min: 0.54
[rosout][INFO] 2025-04-03 15:19:46,807: Back Left Min: 0.64, Back Right Min: 0.54
[rosout][INFO] 2025-04-03 15:19:46,910: Back Left Min: 0.64, Back Right Min: 0.54
[rosout][INFO] 2025-04-03 15:19:47,007: Back Left Min: 0.64, Back Right Min: 0.54
[rosout][INFO] 2025-04-03 15:19:47,110: Back Left Min: 0.64, Back Right Min: 0.54
[rosout][INFO] 2025-04-03 15:19:47,207: Back Left Min: 0.64, Back Right Min: 0.54
[rosout][INFO] 2025-04-03 15:19:47,310: Back Left Min: 0.64, Back Right Min: 0.54
[rosout][INFO] 2025-04-03 15:19:47,407: Back Left Min: 0.64, Back Right Min: 0.54
[rosout][INFO] 2025-04-03 15:19:47,510: Back Left Min: 0.64, Back Right Min: 0.54
[rosout][INFO] 2025-04-03 15:19:47,607: Back Left Min: 0.64, Back Right Min: 0.54
[rosout][INFO] 2025-04-03 15:19:47,710: Back Left Min: 0.64, Back Right Min: 0.54
[rosout][INFO] 2025-04-03 15:19:47,807: Back Left Min: 0.64, Back Right Min: 0.54
[rosout][INFO] 2025-04-03 15:19:47,911: Back Left Min: 0.64, Back Right Min: 0.54
[rosout][INFO] 2025-04-03 15:19:48,007: Back Left Min: 0.64, Back Right Min: 0.54
[rosout][INFO] 2025-04-03 15:19:48,111: Back Left Min: 0.64, Back Right Min: 0.54
[rosout][INFO] 2025-04-03 15:19:48,208: Back Left Min: 0.64, Back Right Min: 0.54
[rosout][INFO] 2025-04-03 15:19:48,311: Back Left Min: 0.64, Back Right Min: 0.54
[rosout][INFO] 2025-04-03 15:19:48,408: Back Left Min: 0.64, Back Right Min: 0.54
[rosout][INFO] 2025-04-03 15:19:48,511: Back Left Min: 0.64, Back Right Min: 0.54
[rosout][INFO] 2025-04-03 15:19:48,608: Back Left Min: 0.64, Back Right Min: 0.54
[rosout][INFO] 2025-04-03 15:19:48,711: Back Left Min: 0.64, Back Right Min: 0.54
[rosout][INFO] 2025-04-03 15:19:48,808: Back Left Min: 0.64, Back Right Min: 0.54
[rosout][INFO] 2025-04-03 15:19:48,911: Back Left Min: 0.64, Back Right Min: 0.54
[rosout][INFO] 2025-04-03 15:19:49,008: Back Left Min: 0.64, Back Right Min: 0.54
[rosout][INFO] 2025-04-03 15:19:49,111: Back Left Min: 0.64, Back Right Min: 0.54
[rosout][INFO] 2025-04-03 15:19:49,208: Back Left Min: 0.64, Back Right Min: 0.54
[rosout][INFO] 2025-04-03 15:19:49,311: Back Left Min: 0.64, Back Right Min: 0.54
[rosout][INFO] 2025-04-03 15:19:49,409: Back Left Min: 0.64, Back Right Min: 0.54
[rosout][INFO] 2025-04-03 15:19:49,511: Back Left Min: 0.64, Back Right Min: 0.54
[rosout][INFO] 2025-04-03 15:19:49,608: Back Left Min: 0.64, Back Right Min: 0.54
[rosout][INFO] 2025-04-03 15:19:49,711: Back Left Min: 0.64, Back Right Min: 0.54
[rosout][INFO] 2025-04-03 15:19:49,808: Back Left Min: 0.64, Back Right Min: 0.54
[rosout][INFO] 2025-04-03 15:19:49,911: Back Left Min: 0.64, Back Right Min: 0.54
[rosout][INFO] 2025-04-03 15:19:50,008: Back Left Min: 0.64, Back Right Min: 0.54
[rosout][INFO] 2025-04-03 15:19:50,111: Back Left Min: 0.64, Back Right Min: 0.54
[rosout][INFO] 2025-04-03 15:19:50,208: Back Left Min: 0.64, Back Right Min: 0.54
[rosout][INFO] 2025-04-03 15:19:50,312: Back Left Min: 0.64, Back Right Min: 0.54
[rosout][INFO] 2025-04-03 15:19:50,408: Back Left Min: 0.64, Back Right Min: 0.54
[rosout][INFO] 2025-04-03 15:19:50,512: Back Left Min: 0.64, Back Right Min: 0.54
[rosout][INFO] 2025-04-03 15:19:50,609: Back Left Min: 0.64, Back Right Min: 0.54
[rosout][INFO] 2025-04-03 15:19:50,712: Back Left Min: 0.64, Back Right Min: 0.54
[rosout][INFO] 2025-04-03 15:19:50,809: Back Left Min: 0.64, Back Right Min: 0.54
[rosout][INFO] 2025-04-03 15:19:50,912: Back Left Min: 0.64, Back Right Min: 0.54
[rosout][INFO] 2025-04-03 15:19:51,009: Back Left Min: 0.64, Back Right Min: 0.54
[rosout][INFO] 2025-04-03 15:19:51,112: Back Left Min: 0.64, Back Right Min: 0.54
[rosout][INFO] 2025-04-03 15:19:51,209: Back Left Min: 0.64, Back Right Min: 0.54
[rosout][INFO] 2025-04-03 15:19:51,312: Back Left Min: 0.64, Back Right Min: 0.54
[rosout][INFO] 2025-04-03 15:19:51,409: Back Left Min: 0.64, Back Right Min: 0.54
[rosout][INFO] 2025-04-03 15:19:51,512: Back Left Min: 0.64, Back Right Min: 0.54
[rosout][INFO] 2025-04-03 15:19:51,609: Back Left Min: 0.64, Back Right Min: 0.54
[rosout][INFO] 2025-04-03 15:19:51,712: Back Left Min: 0.64, Back Right Min: 0.54
[rosout][INFO] 2025-04-03 15:19:51,809: Back Left Min: 0.64, Back Right Min: 0.54
[rosout][INFO] 2025-04-03 15:19:51,912: Back Left Min: 0.64, Back Right Min: 0.54
[rosout][INFO] 2025-04-03 15:19:52,009: Back Left Min: 0.64, Back Right Min: 0.54
[rosout][INFO] 2025-04-03 15:19:52,112: Back Left Min: 0.64, Back Right Min: 0.54
[rosout][INFO] 2025-04-03 15:19:52,209: Back Left Min: 0.64, Back Right Min: 0.54
[rosout][INFO] 2025-04-03 15:19:52,312: Back Left Min: 0.64, Back Right Min: 0.54
[rosout][INFO] 2025-04-03 15:19:52,409: Back Left Min: 0.64, Back Right Min: 0.54
[rosout][INFO] 2025-04-03 15:19:52,513: Back Left Min: 0.64, Back Right Min: 0.54
[rosout][INFO] 2025-04-03 15:19:52,609: Back Left Min: 0.64, Back Right Min: 0.54
[rosout][INFO] 2025-04-03 15:19:52,713: Back Left Min: 0.64, Back Right Min: 0.54
[rosout][INFO] 2025-04-03 15:19:52,809: Back Left Min: 0.64, Back Right Min: 0.54
[rosout][INFO] 2025-04-03 15:19:52,913: Back Left Min: 0.64, Back Right Min: 0.54
[rosout][INFO] 2025-04-03 15:19:53,010: Back Left Min: 0.64, Back Right Min: 0.54
[rosout][INFO] 2025-04-03 15:19:53,113: Back Left Min: 0.64, Back Right Min: 0.54
[rosout][INFO] 2025-04-03 15:19:53,210: Back Left Min: 0.64, Back Right Min: 0.54
[rosout][INFO] 2025-04-03 15:19:53,313: Back Left Min: 0.64, Back Right Min: 0.54
[rosout][INFO] 2025-04-03 15:19:53,410: Back Left Min: 0.64, Back Right Min: 0.54
[rosout][INFO] 2025-04-03 15:19:53,513: Back Left Min: 0.64, Back Right Min: 0.54
[rosout][INFO] 2025-04-03 15:19:53,610: Back Left Min: 0.64, Back Right Min: 0.54
[rosout][INFO] 2025-04-03 15:19:53,713: Back Left Min: 0.64, Back Right Min: 0.54
[rosout][INFO] 2025-04-03 15:19:53,810: Back Left Min: 0.64, Back Right Min: 0.54
[rosout][INFO] 2025-04-03 15:19:53,913: Back Left Min: 0.64, Back Right Min: 0.54
[rosout][INFO] 2025-04-03 15:19:54,010: Back Left Min: 0.64, Back Right Min: 0.54
[rosout][INFO] 2025-04-03 15:19:54,113: Back Left Min: 0.64, Back Right Min: 0.54
[rosout][INFO] 2025-04-03 15:19:54,210: Back Left Min: 0.64, Back Right Min: 0.54
[rosout][INFO] 2025-04-03 15:19:54,314: Back Left Min: 0.64, Back Right Min: 0.54
[rosout][INFO] 2025-04-03 15:19:54,410: Back Left Min: 0.64, Back Right Min: 0.54
[rosout][INFO] 2025-04-03 15:19:54,514: Back Left Min: 0.64, Back Right Min: 0.54
[rosout][INFO] 2025-04-03 15:19:54,610: Back Left Min: 0.64, Back Right Min: 0.54
[rosout][INFO] 2025-04-03 15:19:54,714: Back Left Min: 0.64, Back Right Min: 0.54
[rosout][INFO] 2025-04-03 15:19:54,810: Back Left Min: 0.64, Back Right Min: 0.54
[rosout][INFO] 2025-04-03 15:19:54,914: Back Left Min: 0.64, Back Right Min: 0.54
[rosout][INFO] 2025-04-03 15:19:55,010: Back Left Min: 0.64, Back Right Min: 0.54
[rosout][INFO] 2025-04-03 15:19:55,114: Back Left Min: 0.64, Back Right Min: 0.54
[rosout][INFO] 2025-04-03 15:19:55,210: Back Left Min: 0.64, Back Right Min: 0.54
[rosout][INFO] 2025-04-03 15:19:55,314: Back Left Min: 0.64, Back Right Min: 0.54
[rosout][INFO] 2025-04-03 15:19:55,411: Back Left Min: 0.64, Back Right Min: 0.54
[rosout][INFO] 2025-04-03 15:19:55,514: Back Left Min: 0.64, Back Right Min: 0.54
[rosout][INFO] 2025-04-03 15:19:55,611: Back Left Min: 0.64, Back Right Min: 0.54
[rosout][INFO] 2025-04-03 15:19:55,714: Back Left Min: 0.64, Back Right Min: 0.54
[rosout][INFO] 2025-04-03 15:19:55,811: Back Left Min: 0.64, Back Right Min: 0.54
[rosout][INFO] 2025-04-03 15:19:55,914: Back Left Min: 0.64, Back Right Min: 0.54
[rosout][INFO] 2025-04-03 15:19:56,011: Back Left Min: 0.64, Back Right Min: 0.54
[rosout][INFO] 2025-04-03 15:19:56,114: Back Left Min: 0.64, Back Right Min: 0.54
[rosout][INFO] 2025-04-03 15:19:56,211: Back Left Min: 0.64, Back Right Min: 0.54
[rosout][INFO] 2025-04-03 15:19:56,314: Back Left Min: 0.64, Back Right Min: 0.54
[rosout][INFO] 2025-04-03 15:19:56,411: Back Left Min: 0.64, Back Right Min: 0.54
[rosout][INFO] 2025-04-03 15:19:56,514: Back Left Min: 0.64, Back Right Min: 0.54
[rosout][INFO] 2025-04-03 15:19:56,611: Back Left Min: 0.64, Back Right Min: 0.54
[rosout][INFO] 2025-04-03 15:19:56,714: Back Left Min: 0.64, Back Right Min: 0.54
[rosout][INFO] 2025-04-03 15:19:56,811: Back Left Min: 0.64, Back Right Min: 0.54
[rosout][INFO] 2025-04-03 15:19:56,914: Back Left Min: 0.64, Back Right Min: 0.54
[rosout][INFO] 2025-04-03 15:19:57,011: Back Left Min: 0.64, Back Right Min: 0.54
[rosout][INFO] 2025-04-03 15:19:57,114: Back Left Min: 0.64, Back Right Min: 0.54
[rosout][INFO] 2025-04-03 15:19:57,211: Back Left Min: 0.64, Back Right Min: 0.54
[rosout][INFO] 2025-04-03 15:19:57,314: Back Left Min: 0.64, Back Right Min: 0.54
[rosout][INFO] 2025-04-03 15:19:57,411: Back Left Min: 0.64, Back Right Min: 0.54
[rosout][INFO] 2025-04-03 15:19:57,515: Back Left Min: 0.64, Back Right Min: 0.54
[rosout][INFO] 2025-04-03 15:19:57,611: Back Left Min: 0.64, Back Right Min: 0.54
[rosout][INFO] 2025-04-03 15:19:57,715: Back Left Min: 0.64, Back Right Min: 0.54
[rosout][INFO] 2025-04-03 15:19:57,811: Back Left Min: 0.64, Back Right Min: 0.54
[rosout][INFO] 2025-04-03 15:19:57,915: Back Left Min: 0.64, Back Right Min: 0.54
[rosout][INFO] 2025-04-03 15:19:58,012: Back Left Min: 0.64, Back Right Min: 0.54
[rosout][INFO] 2025-04-03 15:19:58,115: Back Left Min: 0.64, Back Right Min: 0.54
[rosout][INFO] 2025-04-03 15:19:58,212: Back Left Min: 0.64, Back Right Min: 0.54
[rosout][INFO] 2025-04-03 15:19:58,315: Back Left Min: 0.64, Back Right Min: 0.54
[rosout][INFO] 2025-04-03 15:19:58,412: Back Left Min: 0.64, Back Right Min: 0.54
[rosout][INFO] 2025-04-03 15:19:58,515: Back Left Min: 0.64, Back Right Min: 0.54
[rosout][INFO] 2025-04-03 15:19:58,612: Back Left Min: 0.64, Back Right Min: 0.54
[rosout][INFO] 2025-04-03 15:19:58,715: Back Left Min: 0.64, Back Right Min: 0.54
[rosout][INFO] 2025-04-03 15:19:58,812: Back Left Min: 0.64, Back Right Min: 0.54
[rosout][INFO] 2025-04-03 15:19:58,915: Back Left Min: 0.64, Back Right Min: 0.54
[rosout][INFO] 2025-04-03 15:19:59,012: Back Left Min: 0.64, Back Right Min: 0.54
[rosout][INFO] 2025-04-03 15:19:59,115: Back Left Min: 0.64, Back Right Min: 0.54
[rosout][INFO] 2025-04-03 15:19:59,212: Back Left Min: 0.64, Back Right Min: 0.54
[rosout][INFO] 2025-04-03 15:19:59,315: Back Left Min: 0.64, Back Right Min: 0.54
[rosout][INFO] 2025-04-03 15:19:59,412: Back Left Min: 0.64, Back Right Min: 0.54
[rosout][INFO] 2025-04-03 15:19:59,515: Back Left Min: 0.64, Back Right Min: 0.54
[rosout][INFO] 2025-04-03 15:19:59,612: Back Left Min: 0.64, Back Right Min: 0.54
[rosout][INFO] 2025-04-03 15:19:59,715: Back Left Min: 0.64, Back Right Min: 0.54
[rosout][INFO] 2025-04-03 15:19:59,812: Back Left Min: 0.64, Back Right Min: 0.54
[rosout][INFO] 2025-04-03 15:19:59,915: Back Left Min: 0.64, Back Right Min: 0.54
[rosout][INFO] 2025-04-03 15:20:00,012: Back Left Min: 0.64, Back Right Min: 0.54
[rosout][INFO] 2025-04-03 15:20:00,115: Back Left Min: 0.64, Back Right Min: 0.54
[rosout][INFO] 2025-04-03 15:20:00,212: Back Left Min: 0.64, Back Right Min: 0.54
[rosout][INFO] 2025-04-03 15:20:00,316: Back Left Min: 0.64, Back Right Min: 0.54
[rosout][INFO] 2025-04-03 15:20:00,413: Back Left Min: 0.64, Back Right Min: 0.54
[rosout][INFO] 2025-04-03 15:20:00,516: Back Left Min: 0.64, Back Right Min: 0.54
[rosout][INFO] 2025-04-03 15:20:00,613: Back Left Min: 0.64, Back Right Min: 0.54
[rosout][INFO] 2025-04-03 15:20:00,716: Back Left Min: 0.64, Back Right Min: 0.54
[rosout][INFO] 2025-04-03 15:20:00,813: Back Left Min: 0.64, Back Right Min: 0.54
[rosout][INFO] 2025-04-03 15:20:00,916: Back Left Min: 0.64, Back Right Min: 0.54
[rosout][INFO] 2025-04-03 15:20:01,013: Back Left Min: 0.64, Back Right Min: 0.54
[rosout][INFO] 2025-04-03 15:20:01,116: Back Left Min: 0.64, Back Right Min: 0.54
[rosout][INFO] 2025-04-03 15:20:01,213: Back Left Min: 0.64, Back Right Min: 0.54
[rosout][INFO] 2025-04-03 15:20:01,316: Back Left Min: 0.64, Back Right Min: 0.54
[rosout][INFO] 2025-04-03 15:20:01,414: Back Left Min: 0.64, Back Right Min: 0.54
[rosout][INFO] 2025-04-03 15:20:01,516: Back Left Min: 0.64, Back Right Min: 0.54
[rosout][INFO] 2025-04-03 15:20:01,614: Back Left Min: 0.64, Back Right Min: 0.54
[rosout][INFO] 2025-04-03 15:20:01,716: Back Left Min: 0.64, Back Right Min: 0.54
[rosout][INFO] 2025-04-03 15:20:01,814: Back Left Min: 0.64, Back Right Min: 0.54
[rosout][INFO] 2025-04-03 15:20:01,916: Back Left Min: 0.64, Back Right Min: 0.54
[rosout][INFO] 2025-04-03 15:20:02,014: Back Left Min: 0.64, Back Right Min: 0.54
[rosout][INFO] 2025-04-03 15:20:02,116: Back Left Min: 0.64, Back Right Min: 0.54
[rosout][INFO] 2025-04-03 15:20:02,214: Back Left Min: 0.64, Back Right Min: 0.54
[rosout][INFO] 2025-04-03 15:20:02,316: Back Left Min: 0.64, Back Right Min: 0.54
[rosout][INFO] 2025-04-03 15:20:02,414: Back Left Min: 0.64, Back Right Min: 0.54
[rosout][INFO] 2025-04-03 15:20:02,516: Back Left Min: 0.64, Back Right Min: 0.54
[rosout][INFO] 2025-04-03 15:20:02,614: Back Left Min: 0.64, Back Right Min: 0.54
[rosout][INFO] 2025-04-03 15:20:02,717: Back Left Min: 0.64, Back Right Min: 0.54
[rosout][INFO] 2025-04-03 15:20:02,814: Back Left Min: 0.64, Back Right Min: 0.54
[rosout][INFO] 2025-04-03 15:20:02,917: Back Left Min: 0.64, Back Right Min: 0.54
[rosout][INFO] 2025-04-03 15:20:03,014: Back Left Min: 0.64, Back Right Min: 0.54
[rosout][INFO] 2025-04-03 15:20:03,117: Back Left Min: 0.64, Back Right Min: 0.54
[rosout][INFO] 2025-04-03 15:20:03,214: Back Left Min: 0.64, Back Right Min: 0.54
[rosout][INFO] 2025-04-03 15:20:03,317: Back Left Min: 0.64, Back Right Min: 0.54
[rosout][INFO] 2025-04-03 15:20:03,414: Back Left Min: 0.64, Back Right Min: 0.54
[rosout][INFO] 2025-04-03 15:20:03,517: Back Left Min: 0.64, Back Right Min: 0.54
[rosout][INFO] 2025-04-03 15:20:03,614: Back Left Min: 0.64, Back Right Min: 0.54
[rosout][INFO] 2025-04-03 15:20:03,717: Back Left Min: 0.64, Back Right Min: 0.54
[rosout][INFO] 2025-04-03 15:20:03,814: Back Left Min: 0.64, Back Right Min: 0.54
[rosout][INFO] 2025-04-03 15:20:03,917: Back Left Min: 0.64, Back Right Min: 0.54
[rosout][INFO] 2025-04-03 15:20:04,014: Back Left Min: 0.64, Back Right Min: 0.54
[rosout][INFO] 2025-04-03 15:20:04,117: Back Left Min: 0.64, Back Right Min: 0.54
[rosout][INFO] 2025-04-03 15:20:04,214: Back Left Min: 0.64, Back Right Min: 0.54
[rosout][INFO] 2025-04-03 15:20:04,317: Back Left Min: 0.64, Back Right Min: 0.54
[rosout][INFO] 2025-04-03 15:20:04,414: Back Left Min: 0.64, Back Right Min: 0.54
[rosout][INFO] 2025-04-03 15:20:04,517: Back Left Min: 0.64, Back Right Min: 0.54
[rosout][INFO] 2025-04-03 15:20:04,614: Back Left Min: 0.64, Back Right Min: 0.54
[rosout][INFO] 2025-04-03 15:20:04,717: Back Left Min: 0.64, Back Right Min: 0.54
[rosout][INFO] 2025-04-03 15:20:04,814: Back Left Min: 0.64, Back Right Min: 0.54
[rosout][INFO] 2025-04-03 15:20:04,917: Back Left Min: 0.64, Back Right Min: 0.54
[rosout][INFO] 2025-04-03 15:20:05,014: Back Left Min: 0.64, Back Right Min: 0.54
[rosout][INFO] 2025-04-03 15:20:05,118: Back Left Min: 0.64, Back Right Min: 0.54
[rosout][INFO] 2025-04-03 15:20:05,215: Back Left Min: 0.64, Back Right Min: 0.54
[rosout][INFO] 2025-04-03 15:20:05,318: Back Left Min: 0.64, Back Right Min: 0.54
[rosout][INFO] 2025-04-03 15:20:05,415: Back Left Min: 0.64, Back Right Min: 0.54
[rosout][INFO] 2025-04-03 15:20:05,518: Back Left Min: 0.64, Back Right Min: 0.54
[rosout][INFO] 2025-04-03 15:20:05,615: Back Left Min: 0.64, Back Right Min: 0.54
[rosout][INFO] 2025-04-03 15:20:05,718: Back Left Min: 0.64, Back Right Min: 0.54
[rosout][INFO] 2025-04-03 15:20:05,815: Back Left Min: 0.64, Back Right Min: 0.54
[rosout][INFO] 2025-04-03 15:20:05,918: Back Left Min: 0.64, Back Right Min: 0.54
[rosout][INFO] 2025-04-03 15:20:06,015: Back Left Min: 0.64, Back Right Min: 0.54
[rosout][INFO] 2025-04-03 15:20:06,118: Back Left Min: 0.64, Back Right Min: 0.54
[rosout][INFO] 2025-04-03 15:20:06,215: Back Left Min: 0.64, Back Right Min: 0.54
[rosout][INFO] 2025-04-03 15:20:06,318: Back Left Min: 0.64, Back Right Min: 0.54
[rosout][INFO] 2025-04-03 15:20:06,415: Back Left Min: 0.64, Back Right Min: 0.54
[rosout][INFO] 2025-04-03 15:20:06,518: Back Left Min: 0.64, Back Right Min: 0.54
[rosout][INFO] 2025-04-03 15:20:06,615: Back Left Min: 0.64, Back Right Min: 0.54
[rosout][INFO] 2025-04-03 15:20:06,718: Back Left Min: 0.64, Back Right Min: 0.54
[rosout][INFO] 2025-04-03 15:20:06,815: Back Left Min: 0.64, Back Right Min: 0.54
[rosout][INFO] 2025-04-03 15:20:06,918: Back Left Min: 0.64, Back Right Min: 0.54
[rosout][INFO] 2025-04-03 15:20:07,015: Back Left Min: 0.64, Back Right Min: 0.54
[rosout][INFO] 2025-04-03 15:20:07,118: Back Left Min: 0.64, Back Right Min: 0.54
[rosout][INFO] 2025-04-03 15:20:07,215: Back Left Min: 0.64, Back Right Min: 0.54
[rosout][INFO] 2025-04-03 15:20:07,318: Back Left Min: 0.64, Back Right Min: 0.54
[rosout][INFO] 2025-04-03 15:20:07,415: Back Left Min: 0.64, Back Right Min: 0.54
[rosout][INFO] 2025-04-03 15:20:07,519: Back Left Min: 0.64, Back Right Min: 0.54
[rosout][INFO] 2025-04-03 15:20:07,615: Back Left Min: 0.64, Back Right Min: 0.54
[rosout][INFO] 2025-04-03 15:20:07,719: Back Left Min: 0.64, Back Right Min: 0.54
[rosout][INFO] 2025-04-03 15:20:07,816: Back Left Min: 0.64, Back Right Min: 0.54
[rosout][INFO] 2025-04-03 15:20:07,919: Back Left Min: 0.64, Back Right Min: 0.54
[rosout][INFO] 2025-04-03 15:20:08,016: Back Left Min: 0.64, Back Right Min: 0.54
[rosout][INFO] 2025-04-03 15:20:08,119: Back Left Min: 0.64, Back Right Min: 0.54
[rosout][INFO] 2025-04-03 15:20:08,216: Back Left Min: 0.64, Back Right Min: 0.54
[rosout][INFO] 2025-04-03 15:20:08,319: Back Left Min: 0.64, Back Right Min: 0.54
[rosout][INFO] 2025-04-03 15:20:08,416: Back Left Min: 0.64, Back Right Min: 0.54
[rosout][INFO] 2025-04-03 15:20:08,519: Back Left Min: 0.64, Back Right Min: 0.54
[rosout][INFO] 2025-04-03 15:20:08,616: Back Left Min: 0.64, Back Right Min: 0.54
[rosout][INFO] 2025-04-03 15:20:08,719: Back Left Min: 0.64, Back Right Min: 0.54
[rosout][INFO] 2025-04-03 15:20:08,816: Back Left Min: 0.64, Back Right Min: 0.54
[rosout][INFO] 2025-04-03 15:20:08,919: Back Left Min: 0.64, Back Right Min: 0.54
[rosout][INFO] 2025-04-03 15:20:09,016: Back Left Min: 0.64, Back Right Min: 0.54
[rosout][INFO] 2025-04-03 15:20:09,119: Back Left Min: 0.64, Back Right Min: 0.54
[rosout][INFO] 2025-04-03 15:20:09,216: Back Left Min: 0.64, Back Right Min: 0.54
[rosout][INFO] 2025-04-03 15:20:09,319: Back Left Min: 0.64, Back Right Min: 0.54
[rosout][INFO] 2025-04-03 15:20:09,416: Back Left Min: 0.64, Back Right Min: 0.54
[rosout][INFO] 2025-04-03 15:20:09,519: Back Left Min: 0.64, Back Right Min: 0.54
[rosout][INFO] 2025-04-03 15:20:09,616: Back Left Min: 0.64, Back Right Min: 0.54
[rosout][INFO] 2025-04-03 15:20:09,719: Back Left Min: 0.64, Back Right Min: 0.54
[rosout][INFO] 2025-04-03 15:20:09,816: Back Left Min: 0.64, Back Right Min: 0.54
[rosout][INFO] 2025-04-03 15:20:09,920: Back Left Min: 0.64, Back Right Min: 0.54
[rosout][INFO] 2025-04-03 15:20:10,016: Back Left Min: 0.64, Back Right Min: 0.54
[rosout][INFO] 2025-04-03 15:20:10,120: Back Left Min: 0.64, Back Right Min: 0.54
[rosout][INFO] 2025-04-03 15:20:10,217: Back Left Min: 0.64, Back Right Min: 0.54
[rosout][INFO] 2025-04-03 15:20:10,320: Back Left Min: 0.64, Back Right Min: 0.54
[rosout][INFO] 2025-04-03 15:20:10,417: Back Left Min: 0.64, Back Right Min: 0.54
[rosout][INFO] 2025-04-03 15:20:10,520: Back Left Min: 0.64, Back Right Min: 0.54
[rosout][INFO] 2025-04-03 15:20:10,617: Back Left Min: 0.64, Back Right Min: 0.54
[rosout][INFO] 2025-04-03 15:20:10,720: Back Left Min: 0.64, Back Right Min: 0.54
[rosout][INFO] 2025-04-03 15:20:10,817: Back Left Min: 0.64, Back Right Min: 0.54
[rosout][INFO] 2025-04-03 15:20:10,920: Back Left Min: 0.64, Back Right Min: 0.54
[rosout][INFO] 2025-04-03 15:20:11,017: Back Left Min: 0.64, Back Right Min: 0.54
[rosout][INFO] 2025-04-03 15:20:11,120: Back Left Min: 0.64, Back Right Min: 0.54
[rosout][INFO] 2025-04-03 15:20:11,217: Back Left Min: 0.64, Back Right Min: 0.54
[rosout][INFO] 2025-04-03 15:20:11,320: Back Left Min: 0.64, Back Right Min: 0.54
[rosout][INFO] 2025-04-03 15:20:11,417: Back Left Min: 0.64, Back Right Min: 0.54
[rosout][INFO] 2025-04-03 15:20:11,520: Back Left Min: 0.64, Back Right Min: 0.54
[rosout][INFO] 2025-04-03 15:20:11,617: Back Left Min: 0.64, Back Right Min: 0.54
[rosout][INFO] 2025-04-03 15:20:11,720: Back Left Min: 0.64, Back Right Min: 0.54
[rosout][INFO] 2025-04-03 15:20:11,817: Back Left Min: 0.64, Back Right Min: 0.54
[rosout][INFO] 2025-04-03 15:20:11,920: Back Left Min: 0.64, Back Right Min: 0.54
[rosout][INFO] 2025-04-03 15:20:12,017: Back Left Min: 0.64, Back Right Min: 0.54
[rosout][INFO] 2025-04-03 15:20:12,120: Back Left Min: 0.64, Back Right Min: 0.54
[rosout][INFO] 2025-04-03 15:20:12,217: Back Left Min: 0.64, Back Right Min: 0.54
[rosout][INFO] 2025-04-03 15:20:12,321: Back Left Min: 0.64, Back Right Min: 0.54
[rosout][INFO] 2025-04-03 15:20:12,417: Back Left Min: 0.64, Back Right Min: 0.54
[rosout][INFO] 2025-04-03 15:20:12,521: Back Left Min: 0.64, Back Right Min: 0.54
[rosout][INFO] 2025-04-03 15:20:12,618: Back Left Min: 0.64, Back Right Min: 0.54
[rosout][INFO] 2025-04-03 15:20:12,721: Back Left Min: 0.64, Back Right Min: 0.54
[rosout][INFO] 2025-04-03 15:20:12,818: Back Left Min: 0.64, Back Right Min: 0.54
[rosout][INFO] 2025-04-03 15:20:12,921: Back Left Min: 0.64, Back Right Min: 0.54
[rosout][INFO] 2025-04-03 15:20:13,018: Back Left Min: 0.64, Back Right Min: 0.54
[rosout][INFO] 2025-04-03 15:20:13,121: Back Left Min: 0.64, Back Right Min: 0.54
[rosout][INFO] 2025-04-03 15:20:13,218: Back Left Min: 0.64, Back Right Min: 0.54
[rosout][INFO] 2025-04-03 15:20:13,321: Back Left Min: 0.64, Back Right Min: 0.54
[rosout][INFO] 2025-04-03 15:20:13,418: Back Left Min: 0.64, Back Right Min: 0.54
[rosout][INFO] 2025-04-03 15:20:13,521: Back Left Min: 0.64, Back Right Min: 0.54
[rosout][INFO] 2025-04-03 15:20:13,618: Back Left Min: 0.64, Back Right Min: 0.54
[rosout][INFO] 2025-04-03 15:20:13,721: Back Left Min: 0.64, Back Right Min: 0.54
[rosout][INFO] 2025-04-03 15:20:13,818: Back Left Min: 0.64, Back Right Min: 0.54
[rosout][INFO] 2025-04-03 15:20:13,921: Back Left Min: 0.64, Back Right Min: 0.54
[rosout][INFO] 2025-04-03 15:20:14,018: Back Left Min: 0.64, Back Right Min: 0.54
[rosout][INFO] 2025-04-03 15:20:14,121: Back Left Min: 0.64, Back Right Min: 0.54
[rosout][INFO] 2025-04-03 15:20:14,218: Back Left Min: 0.64, Back Right Min: 0.54
[rosout][INFO] 2025-04-03 15:20:14,321: Back Left Min: 0.64, Back Right Min: 0.54
[rosout][INFO] 2025-04-03 15:20:14,418: Back Left Min: 0.64, Back Right Min: 0.54
[rosout][INFO] 2025-04-03 15:20:14,521: Back Left Min: 0.64, Back Right Min: 0.54
[rosout][INFO] 2025-04-03 15:20:14,618: Back Left Min: 0.64, Back Right Min: 0.54
[rosout][INFO] 2025-04-03 15:20:14,722: Back Left Min: 0.64, Back Right Min: 0.54
[rosout][INFO] 2025-04-03 15:20:14,818: Back Left Min: 0.64, Back Right Min: 0.54
[rosout][INFO] 2025-04-03 15:20:14,922: Back Left Min: 0.64, Back Right Min: 0.54
[rosout][INFO] 2025-04-03 15:20:15,018: Back Left Min: 0.64, Back Right Min: 0.54
[rosout][INFO] 2025-04-03 15:20:15,122: Back Left Min: 0.64, Back Right Min: 0.54
[rosout][INFO] 2025-04-03 15:20:15,219: Back Left Min: 0.64, Back Right Min: 0.54
[rosout][INFO] 2025-04-03 15:20:15,322: Back Left Min: 0.64, Back Right Min: 0.54
[rosout][INFO] 2025-04-03 15:20:15,419: Back Left Min: 0.64, Back Right Min: 0.54
[rosout][INFO] 2025-04-03 15:20:15,522: Back Left Min: 0.64, Back Right Min: 0.54
[rosout][INFO] 2025-04-03 15:20:15,619: Back Left Min: 0.64, Back Right Min: 0.54
[rosout][INFO] 2025-04-03 15:20:15,722: Back Left Min: 0.64, Back Right Min: 0.54
[rosout][INFO] 2025-04-03 15:20:15,819: Back Left Min: 0.64, Back Right Min: 0.54
[rosout][INFO] 2025-04-03 15:20:15,922: Back Left Min: 0.64, Back Right Min: 0.54
[rosout][INFO] 2025-04-03 15:20:16,019: Back Left Min: 0.64, Back Right Min: 0.54
[rosout][INFO] 2025-04-03 15:20:16,122: Back Left Min: 0.64, Back Right Min: 0.54
[rosout][INFO] 2025-04-03 15:20:16,219: Back Left Min: 0.64, Back Right Min: 0.54
[rosout][INFO] 2025-04-03 15:20:16,322: Back Left Min: 0.64, Back Right Min: 0.54
[rosout][INFO] 2025-04-03 15:20:16,419: Back Left Min: 0.64, Back Right Min: 0.54
[rosout][INFO] 2025-04-03 15:20:16,522: Back Left Min: 0.64, Back Right Min: 0.54
[rosout][INFO] 2025-04-03 15:20:16,619: Back Left Min: 0.64, Back Right Min: 0.54
[rosout][INFO] 2025-04-03 15:20:16,722: Back Left Min: 0.64, Back Right Min: 0.54
[rosout][INFO] 2025-04-03 15:20:16,819: Back Left Min: 0.64, Back Right Min: 0.54
[rosout][INFO] 2025-04-03 15:20:16,922: Back Left Min: 0.64, Back Right Min: 0.54
[rosout][INFO] 2025-04-03 15:20:17,019: Back Left Min: 0.64, Back Right Min: 0.54
[rosout][INFO] 2025-04-03 15:20:17,123: Back Left Min: 0.64, Back Right Min: 0.54
[rosout][INFO] 2025-04-03 15:20:17,219: Back Left Min: 0.64, Back Right Min: 0.54
[rosout][INFO] 2025-04-03 15:20:17,323: Back Left Min: 0.64, Back Right Min: 0.54
[rosout][INFO] 2025-04-03 15:20:17,419: Back Left Min: 0.64, Back Right Min: 0.54
[rosout][INFO] 2025-04-03 15:20:17,523: Back Left Min: 0.64, Back Right Min: 0.54
[rosout][INFO] 2025-04-03 15:20:17,620: Back Left Min: 0.64, Back Right Min: 0.54
[rosout][INFO] 2025-04-03 15:20:17,723: Back Left Min: 0.64, Back Right Min: 0.54
[rosout][INFO] 2025-04-03 15:20:17,820: Back Left Min: 0.64, Back Right Min: 0.54
[rosout][INFO] 2025-04-03 15:20:17,923: Back Left Min: 0.64, Back Right Min: 0.54
[rosout][INFO] 2025-04-03 15:20:18,020: Back Left Min: 0.64, Back Right Min: 0.54
[rosout][INFO] 2025-04-03 15:20:18,123: Back Left Min: 0.64, Back Right Min: 0.54
[rosout][INFO] 2025-04-03 15:20:18,220: Back Left Min: 0.64, Back Right Min: 0.54
[rosout][INFO] 2025-04-03 15:20:18,323: Back Left Min: 0.64, Back Right Min: 0.54
[rosout][INFO] 2025-04-03 15:20:18,420: Back Left Min: 0.64, Back Right Min: 0.54
[rosout][INFO] 2025-04-03 15:20:18,523: Back Left Min: 0.64, Back Right Min: 0.54
[rosout][INFO] 2025-04-03 15:20:18,620: Back Left Min: 0.64, Back Right Min: 0.54
[rosout][INFO] 2025-04-03 15:20:18,723: Back Left Min: 0.64, Back Right Min: 0.54
[rosout][INFO] 2025-04-03 15:20:18,820: Back Left Min: 0.64, Back Right Min: 0.54
[rosout][INFO] 2025-04-03 15:20:18,923: Back Left Min: 0.64, Back Right Min: 0.54
[rosout][INFO] 2025-04-03 15:20:19,020: Back Left Min: 0.64, Back Right Min: 0.54
[rosout][INFO] 2025-04-03 15:20:19,123: Back Left Min: 0.64, Back Right Min: 0.54
[rosout][INFO] 2025-04-03 15:20:19,220: Back Left Min: 0.64, Back Right Min: 0.54
[rosout][INFO] 2025-04-03 15:20:19,323: Back Left Min: 0.64, Back Right Min: 0.54
[rosout][INFO] 2025-04-03 15:20:19,420: Back Left Min: 0.64, Back Right Min: 0.54
[rosout][INFO] 2025-04-03 15:20:19,523: Back Left Min: 0.64, Back Right Min: 0.54
[rosout][INFO] 2025-04-03 15:20:19,620: Back Left Min: 0.64, Back Right Min: 0.54
[rosout][INFO] 2025-04-03 15:20:19,724: Back Left Min: 0.64, Back Right Min: 0.54
[rosout][INFO] 2025-04-03 15:20:19,820: Back Left Min: 0.64, Back Right Min: 0.54
[rosout][INFO] 2025-04-03 15:20:19,924: Back Left Min: 0.64, Back Right Min: 0.54
[rosout][INFO] 2025-04-03 15:20:20,020: Back Left Min: 0.64, Back Right Min: 0.54
[rosout][INFO] 2025-04-03 15:20:20,124: Back Left Min: 0.64, Back Right Min: 0.54
[rosout][INFO] 2025-04-03 15:20:20,221: Back Left Min: 0.64, Back Right Min: 0.54
[rosout][INFO] 2025-04-03 15:20:20,324: Back Left Min: 0.64, Back Right Min: 0.54
[rosout][INFO] 2025-04-03 15:20:20,421: Back Left Min: 0.64, Back Right Min: 0.54
[rosout][INFO] 2025-04-03 15:20:20,524: Back Left Min: 0.64, Back Right Min: 0.54
[rosout][INFO] 2025-04-03 15:20:20,621: Back Left Min: 0.64, Back Right Min: 0.54
[rosout][INFO] 2025-04-03 15:20:20,724: Back Left Min: 0.64, Back Right Min: 0.54
[rosout][INFO] 2025-04-03 15:20:20,821: Back Left Min: 0.64, Back Right Min: 0.54
[rosout][INFO] 2025-04-03 15:20:20,924: Back Left Min: 0.64, Back Right Min: 0.54
[rosout][INFO] 2025-04-03 15:20:21,021: Back Left Min: 0.64, Back Right Min: 0.54
[rosout][INFO] 2025-04-03 15:20:21,124: Back Left Min: 0.64, Back Right Min: 0.54
[rosout][INFO] 2025-04-03 15:20:21,221: Back Left Min: 0.64, Back Right Min: 0.54
[rosout][INFO] 2025-04-03 15:20:21,324: Back Left Min: 0.64, Back Right Min: 0.54
[rosout][INFO] 2025-04-03 15:20:21,421: Back Left Min: 0.64, Back Right Min: 0.54
[rosout][INFO] 2025-04-03 15:20:21,524: Back Left Min: 0.64, Back Right Min: 0.54
[rosout][INFO] 2025-04-03 15:20:21,621: Back Left Min: 0.64, Back Right Min: 0.54
[rosout][INFO] 2025-04-03 15:20:21,724: Back Left Min: 0.64, Back Right Min: 0.54
[rosout][INFO] 2025-04-03 15:20:21,821: Back Left Min: 0.64, Back Right Min: 0.54
[rosout][INFO] 2025-04-03 15:20:21,924: Back Left Min: 0.64, Back Right Min: 0.54
[rosout][INFO] 2025-04-03 15:20:22,021: Back Left Min: 0.64, Back Right Min: 0.54
[rosout][INFO] 2025-04-03 15:20:22,125: Back Left Min: 0.64, Back Right Min: 0.54
[rosout][INFO] 2025-04-03 15:20:22,221: Back Left Min: 0.64, Back Right Min: 0.54
[rosout][INFO] 2025-04-03 15:20:22,325: Back Left Min: 0.64, Back Right Min: 0.54
[rosout][INFO] 2025-04-03 15:20:22,421: Back Left Min: 0.64, Back Right Min: 0.54
[rosout][INFO] 2025-04-03 15:20:22,525: Back Left Min: 0.64, Back Right Min: 0.54
[rosout][INFO] 2025-04-03 15:20:22,622: Back Left Min: 0.64, Back Right Min: 0.54
[rosout][INFO] 2025-04-03 15:20:22,725: Back Left Min: 0.64, Back Right Min: 0.54
[rosout][INFO] 2025-04-03 15:20:22,822: Back Left Min: 0.64, Back Right Min: 0.54
[rosout][INFO] 2025-04-03 15:20:22,925: Back Left Min: 0.64, Back Right Min: 0.54
[rosout][INFO] 2025-04-03 15:20:23,022: Back Left Min: 0.64, Back Right Min: 0.54
[rosout][INFO] 2025-04-03 15:20:23,125: Back Left Min: 0.64, Back Right Min: 0.54
[rosout][INFO] 2025-04-03 15:20:23,222: Back Left Min: 0.64, Back Right Min: 0.54
[rosout][INFO] 2025-04-03 15:20:23,325: Back Left Min: 0.64, Back Right Min: 0.54
[rosout][INFO] 2025-04-03 15:20:23,422: Back Left Min: 0.64, Back Right Min: 0.54
[rosout][INFO] 2025-04-03 15:20:23,525: Back Left Min: 0.64, Back Right Min: 0.54
[rosout][INFO] 2025-04-03 15:20:23,622: Back Left Min: 0.64, Back Right Min: 0.54
[rosout][INFO] 2025-04-03 15:20:23,725: Back Left Min: 0.64, Back Right Min: 0.54
[rosout][INFO] 2025-04-03 15:20:23,822: Back Left Min: 0.64, Back Right Min: 0.54
[rosout][INFO] 2025-04-03 15:20:23,925: Back Left Min: 0.64, Back Right Min: 0.54
[rosout][INFO] 2025-04-03 15:20:24,022: Back Left Min: 0.64, Back Right Min: 0.54
[rosout][INFO] 2025-04-03 15:20:24,125: Back Left Min: 0.64, Back Right Min: 0.54
[rosout][INFO] 2025-04-03 15:20:24,222: Back Left Min: 0.64, Back Right Min: 0.54
[rosout][INFO] 2025-04-03 15:20:24,325: Back Left Min: 0.64, Back Right Min: 0.54
[rosout][INFO] 2025-04-03 15:20:24,422: Back Left Min: 0.64, Back Right Min: 0.54
[rosout][INFO] 2025-04-03 15:20:24,525: Back Left Min: 0.64, Back Right Min: 0.54
[rosout][INFO] 2025-04-03 15:20:24,622: Back Left Min: 0.64, Back Right Min: 0.54
[rosout][INFO] 2025-04-03 15:20:24,725: Back Left Min: 0.64, Back Right Min: 0.54
[rosout][INFO] 2025-04-03 15:20:24,822: Back Left Min: 0.64, Back Right Min: 0.54
[rosout][INFO] 2025-04-03 15:20:24,926: Back Left Min: 0.64, Back Right Min: 0.54
[rosout][INFO] 2025-04-03 15:20:25,022: Back Left Min: 0.64, Back Right Min: 0.54
[rosout][INFO] 2025-04-03 15:20:25,126: Back Left Min: 0.64, Back Right Min: 0.54
[rosout][INFO] 2025-04-03 15:20:25,223: Back Left Min: 0.64, Back Right Min: 0.54
[rosout][INFO] 2025-04-03 15:20:25,326: Back Left Min: 0.64, Back Right Min: 0.54
[rosout][INFO] 2025-04-03 15:20:25,423: Back Left Min: 0.64, Back Right Min: 0.54
[rosout][INFO] 2025-04-03 15:20:25,526: Back Left Min: 0.64, Back Right Min: 0.54
[rosout][INFO] 2025-04-03 15:20:25,623: Back Left Min: 0.64, Back Right Min: 0.54
[rosout][INFO] 2025-04-03 15:20:25,726: Back Left Min: 0.64, Back Right Min: 0.54
[rosout][INFO] 2025-04-03 15:20:25,823: Back Left Min: 0.64, Back Right Min: 0.54
[rosout][INFO] 2025-04-03 15:20:25,926: Back Left Min: 0.64, Back Right Min: 0.54
[rosout][INFO] 2025-04-03 15:20:26,023: Back Left Min: 0.64, Back Right Min: 0.54
[rosout][INFO] 2025-04-03 15:20:26,126: Back Left Min: 0.64, Back Right Min: 0.54
[rosout][INFO] 2025-04-03 15:20:26,223: Back Left Min: 0.64, Back Right Min: 0.54
[rosout][INFO] 2025-04-03 15:20:26,326: Back Left Min: 0.64, Back Right Min: 0.54
[rosout][INFO] 2025-04-03 15:20:26,423: Back Left Min: 0.64, Back Right Min: 0.54
[rosout][INFO] 2025-04-03 15:20:26,526: Back Left Min: 0.64, Back Right Min: 0.54
[rosout][INFO] 2025-04-03 15:20:26,623: Back Left Min: 0.64, Back Right Min: 0.54
[rosout][INFO] 2025-04-03 15:20:26,726: Back Left Min: 0.64, Back Right Min: 0.54
[rosout][INFO] 2025-04-03 15:20:26,823: Back Left Min: 0.64, Back Right Min: 0.54
[rosout][INFO] 2025-04-03 15:20:26,926: Back Left Min: 0.64, Back Right Min: 0.54
[rosout][INFO] 2025-04-03 15:20:27,023: Back Left Min: 0.64, Back Right Min: 0.54
[rosout][INFO] 2025-04-03 15:20:27,127: Back Left Min: 0.64, Back Right Min: 0.54
[rosout][INFO] 2025-04-03 15:20:27,223: Back Left Min: 0.64, Back Right Min: 0.54
[rosout][INFO] 2025-04-03 15:20:27,327: Back Left Min: 0.64, Back Right Min: 0.54
[rosout][INFO] 2025-04-03 15:20:27,423: Back Left Min: 0.64, Back Right Min: 0.54
[rosout][INFO] 2025-04-03 15:20:27,527: Back Left Min: 0.64, Back Right Min: 0.54
[rosout][INFO] 2025-04-03 15:20:27,624: Back Left Min: 0.64, Back Right Min: 0.54
[rosout][INFO] 2025-04-03 15:20:27,727: Back Left Min: 0.64, Back Right Min: 0.54
[rosout][INFO] 2025-04-03 15:20:27,824: Back Left Min: 0.64, Back Right Min: 0.54
[rosout][INFO] 2025-04-03 15:20:27,927: Back Left Min: 0.64, Back Right Min: 0.54
[rosout][INFO] 2025-04-03 15:20:28,024: Back Left Min: 0.64, Back Right Min: 0.54
[rosout][INFO] 2025-04-03 15:20:28,127: Back Left Min: 0.64, Back Right Min: 0.54
[rosout][INFO] 2025-04-03 15:20:28,224: Back Left Min: 0.64, Back Right Min: 0.54
[rosout][INFO] 2025-04-03 15:20:28,327: Back Left Min: 0.64, Back Right Min: 0.54
[rosout][INFO] 2025-04-03 15:20:28,424: Back Left Min: 0.64, Back Right Min: 0.54
[rosout][INFO] 2025-04-03 15:20:28,527: Back Left Min: 0.64, Back Right Min: 0.54
[rosout][INFO] 2025-04-03 15:20:28,624: Back Left Min: 0.64, Back Right Min: 0.54
[rosout][INFO] 2025-04-03 15:20:28,727: Back Left Min: 0.64, Back Right Min: 0.54
[rosout][INFO] 2025-04-03 15:20:28,824: Back Left Min: 0.64, Back Right Min: 0.54
[rosout][INFO] 2025-04-03 15:20:28,927: Back Left Min: 0.64, Back Right Min: 0.54
[rosout][INFO] 2025-04-03 15:20:29,024: Back Left Min: 0.64, Back Right Min: 0.54
[rosout][INFO] 2025-04-03 15:20:29,127: Back Left Min: 0.64, Back Right Min: 0.54
[rosout][INFO] 2025-04-03 15:20:29,224: Back Left Min: 0.64, Back Right Min: 0.54
[rosout][INFO] 2025-04-03 15:20:29,327: Back Left Min: 0.64, Back Right Min: 0.54
[rosout][INFO] 2025-04-03 15:20:29,424: Back Left Min: 0.64, Back Right Min: 0.54
[rosout][INFO] 2025-04-03 15:20:29,527: Back Left Min: 0.64, Back Right Min: 0.54
[rosout][INFO] 2025-04-03 15:20:29,624: Back Left Min: 0.64, Back Right Min: 0.54
[rosout][INFO] 2025-04-03 15:20:29,728: Back Left Min: 0.64, Back Right Min: 0.54
[rosout][INFO] 2025-04-03 15:20:29,825: Back Left Min: 0.64, Back Right Min: 0.54
[rosout][INFO] 2025-04-03 15:20:29,928: Back Left Min: 0.64, Back Right Min: 0.54
[rosout][INFO] 2025-04-03 15:20:30,024: Back Left Min: 0.64, Back Right Min: 0.54
[rosout][INFO] 2025-04-03 15:20:30,128: Back Left Min: 0.64, Back Right Min: 0.54
[rosout][INFO] 2025-04-03 15:20:30,225: Back Left Min: 0.64, Back Right Min: 0.54
[rosout][INFO] 2025-04-03 15:20:30,328: Back Left Min: 0.64, Back Right Min: 0.54
[rosout][INFO] 2025-04-03 15:20:30,425: Back Left Min: 0.64, Back Right Min: 0.54
[rosout][INFO] 2025-04-03 15:20:30,528: Back Left Min: 0.64, Back Right Min: 0.54
[rosout][INFO] 2025-04-03 15:20:30,625: Back Left Min: 0.64, Back Right Min: 0.54
[rosout][INFO] 2025-04-03 15:20:30,728: Back Left Min: 0.64, Back Right Min: 0.54
[rosout][INFO] 2025-04-03 15:20:30,825: Back Left Min: 0.64, Back Right Min: 0.54
[rosout][INFO] 2025-04-03 15:20:30,928: Back Left Min: 0.64, Back Right Min: 0.54
[rosout][INFO] 2025-04-03 15:20:31,025: Back Left Min: 0.64, Back Right Min: 0.54
[rosout][INFO] 2025-04-03 15:20:31,128: Back Left Min: 0.64, Back Right Min: 0.54
[rosout][INFO] 2025-04-03 15:20:31,225: Back Left Min: 0.64, Back Right Min: 0.54
[rosout][INFO] 2025-04-03 15:20:31,328: Back Left Min: 0.64, Back Right Min: 0.54
[rosout][INFO] 2025-04-03 15:20:31,425: Back Left Min: 0.64, Back Right Min: 0.54
[rosout][INFO] 2025-04-03 15:20:31,528: Back Left Min: 0.64, Back Right Min: 0.54
[rosout][INFO] 2025-04-03 15:20:31,625: Back Left Min: 0.64, Back Right Min: 0.54
[rosout][INFO] 2025-04-03 15:20:31,728: Back Left Min: 0.64, Back Right Min: 0.54
[rosout][INFO] 2025-04-03 15:20:31,825: Back Left Min: 0.64, Back Right Min: 0.54
[rosout][INFO] 2025-04-03 15:20:31,928: Back Left Min: 0.64, Back Right Min: 0.54
[rosout][INFO] 2025-04-03 15:20:32,025: Back Left Min: 0.64, Back Right Min: 0.54
[rosout][INFO] 2025-04-03 15:20:32,129: Back Left Min: 0.64, Back Right Min: 0.54
[rosout][INFO] 2025-04-03 15:20:32,225: Back Left Min: 0.64, Back Right Min: 0.54
[rosout][INFO] 2025-04-03 15:20:32,329: Back Left Min: 0.64, Back Right Min: 0.54
[rosout][INFO] 2025-04-03 15:20:32,426: Back Left Min: 0.64, Back Right Min: 0.54
[rosout][INFO] 2025-04-03 15:20:32,529: Back Left Min: 0.64, Back Right Min: 0.54
[rosout][INFO] 2025-04-03 15:20:32,626: Back Left Min: 0.64, Back Right Min: 0.54
[rosout][INFO] 2025-04-03 15:20:32,729: Back Left Min: 0.64, Back Right Min: 0.54
[rosout][INFO] 2025-04-03 15:20:32,826: Back Left Min: 0.64, Back Right Min: 0.54
[rosout][INFO] 2025-04-03 15:20:32,929: Back Left Min: 0.64, Back Right Min: 0.54
[rosout][INFO] 2025-04-03 15:20:33,026: Back Left Min: 0.64, Back Right Min: 0.54
[rosout][INFO] 2025-04-03 15:20:33,129: Back Left Min: 0.64, Back Right Min: 0.54
[rosout][INFO] 2025-04-03 15:20:33,226: Back Left Min: 0.64, Back Right Min: 0.54
[rosout][INFO] 2025-04-03 15:20:33,329: Back Left Min: 0.64, Back Right Min: 0.54
[rosout][INFO] 2025-04-03 15:20:33,426: Back Left Min: 0.64, Back Right Min: 0.54
[rosout][INFO] 2025-04-03 15:20:33,529: Back Left Min: 0.64, Back Right Min: 0.54
[rosout][INFO] 2025-04-03 15:20:33,626: Back Left Min: 0.64, Back Right Min: 0.54
[rosout][INFO] 2025-04-03 15:20:33,729: Back Left Min: 0.64, Back Right Min: 0.54
[rosout][INFO] 2025-04-03 15:20:33,826: Back Left Min: 0.64, Back Right Min: 0.54
[rosout][INFO] 2025-04-03 15:20:33,929: Back Left Min: 0.64, Back Right Min: 0.54
[rosout][INFO] 2025-04-03 15:20:34,026: Back Left Min: 0.64, Back Right Min: 0.54
[rosout][INFO] 2025-04-03 15:20:34,129: Back Left Min: 0.64, Back Right Min: 0.54
[rosout][INFO] 2025-04-03 15:20:34,226: Back Left Min: 0.64, Back Right Min: 0.54
[rosout][INFO] 2025-04-03 15:20:34,329: Back Left Min: 0.64, Back Right Min: 0.54
[rosout][INFO] 2025-04-03 15:20:34,426: Back Left Min: 0.64, Back Right Min: 0.54
[rosout][INFO] 2025-04-03 15:20:34,529: Back Left Min: 0.64, Back Right Min: 0.54
[rosout][INFO] 2025-04-03 15:20:34,626: Back Left Min: 0.64, Back Right Min: 0.54
[rosout][INFO] 2025-04-03 15:20:34,730: Back Left Min: 0.64, Back Right Min: 0.54
[rosout][INFO] 2025-04-03 15:20:34,826: Back Left Min: 0.64, Back Right Min: 0.54
[rosout][INFO] 2025-04-03 15:20:34,930: Back Left Min: 0.64, Back Right Min: 0.54
[rosout][INFO] 2025-04-03 15:20:35,027: Back Left Min: 0.64, Back Right Min: 0.54
[rosout][INFO] 2025-04-03 15:20:35,130: Back Left Min: 0.64, Back Right Min: 0.54
[rosout][INFO] 2025-04-03 15:20:35,227: Back Left Min: 0.64, Back Right Min: 0.54
[rosout][INFO] 2025-04-03 15:20:35,330: Back Left Min: 0.64, Back Right Min: 0.54
[rosout][INFO] 2025-04-03 15:20:35,427: Back Left Min: 0.64, Back Right Min: 0.54
[rosout][INFO] 2025-04-03 15:20:35,530: Back Left Min: 0.64, Back Right Min: 0.54
[rosout][INFO] 2025-04-03 15:20:35,627: Back Left Min: 0.64, Back Right Min: 0.54
[rosout][INFO] 2025-04-03 15:20:35,730: Back Left Min: 0.64, Back Right Min: 0.54
[rosout][INFO] 2025-04-03 15:20:35,827: Back Left Min: 0.64, Back Right Min: 0.54
[rosout][INFO] 2025-04-03 15:20:35,930: Back Left Min: 0.64, Back Right Min: 0.54
[rosout][INFO] 2025-04-03 15:20:36,027: Back Left Min: 0.64, Back Right Min: 0.54
[rosout][INFO] 2025-04-03 15:20:36,130: Back Left Min: 0.64, Back Right Min: 0.54
[rosout][INFO] 2025-04-03 15:20:36,227: Back Left Min: 0.64, Back Right Min: 0.54
[rosout][INFO] 2025-04-03 15:20:36,330: Back Left Min: 0.64, Back Right Min: 0.54
[rosout][INFO] 2025-04-03 15:20:36,427: Back Left Min: 0.64, Back Right Min: 0.54
[rosout][INFO] 2025-04-03 15:20:36,530: Back Left Min: 0.64, Back Right Min: 0.54
[rosout][INFO] 2025-04-03 15:20:36,627: Back Left Min: 0.64, Back Right Min: 0.54
[rosout][INFO] 2025-04-03 15:20:36,730: Back Left Min: 0.64, Back Right Min: 0.54
[rosout][INFO] 2025-04-03 15:20:36,827: Back Left Min: 0.64, Back Right Min: 0.54
[rosout][INFO] 2025-04-03 15:20:36,931: Back Left Min: 0.64, Back Right Min: 0.54
[rosout][INFO] 2025-04-03 15:20:37,027: Back Left Min: 0.64, Back Right Min: 0.54
[rosout][INFO] 2025-04-03 15:20:37,131: Back Left Min: 0.64, Back Right Min: 0.54
[rosout][INFO] 2025-04-03 15:20:37,227: Back Left Min: 0.64, Back Right Min: 0.54
[rosout][INFO] 2025-04-03 15:20:37,331: Back Left Min: 0.64, Back Right Min: 0.54
[rosout][INFO] 2025-04-03 15:20:37,428: Back Left Min: 0.64, Back Right Min: 0.54
[rosout][INFO] 2025-04-03 15:20:37,531: Back Left Min: 0.64, Back Right Min: 0.54
[rosout][INFO] 2025-04-03 15:20:37,628: Back Left Min: 0.64, Back Right Min: 0.54
[rosout][INFO] 2025-04-03 15:20:37,731: Back Left Min: 0.64, Back Right Min: 0.54
[rosout][INFO] 2025-04-03 15:20:37,828: Back Left Min: 0.64, Back Right Min: 0.54
[rosout][INFO] 2025-04-03 15:20:37,931: Back Left Min: 0.64, Back Right Min: 0.54
[rosout][INFO] 2025-04-03 15:20:38,028: Back Left Min: 0.64, Back Right Min: 0.54
[rosout][INFO] 2025-04-03 15:20:38,131: Back Left Min: 0.64, Back Right Min: 0.54
[rosout][INFO] 2025-04-03 15:20:38,228: Back Left Min: 0.64, Back Right Min: 0.54
[rosout][INFO] 2025-04-03 15:20:38,331: Back Left Min: 0.64, Back Right Min: 0.54
[rosout][INFO] 2025-04-03 15:20:38,428: Back Left Min: 0.64, Back Right Min: 0.54
[rosout][INFO] 2025-04-03 15:20:38,531: Back Left Min: 0.64, Back Right Min: 0.54
[rosout][INFO] 2025-04-03 15:20:38,628: Back Left Min: 0.64, Back Right Min: 0.54
[rosout][INFO] 2025-04-03 15:20:38,731: Back Left Min: 0.64, Back Right Min: 0.54
[rosout][INFO] 2025-04-03 15:20:38,828: Back Left Min: 0.64, Back Right Min: 0.54
[rosout][INFO] 2025-04-03 15:20:38,931: Back Left Min: 0.64, Back Right Min: 0.54
[rosout][INFO] 2025-04-03 15:20:39,028: Back Left Min: 0.64, Back Right Min: 0.54
[rosout][INFO] 2025-04-03 15:20:39,131: Back Left Min: 0.64, Back Right Min: 0.54
[rosout][INFO] 2025-04-03 15:20:39,228: Back Left Min: 0.64, Back Right Min: 0.54
[rosout][INFO] 2025-04-03 15:20:39,331: Back Left Min: 0.64, Back Right Min: 0.54
[rosout][INFO] 2025-04-03 15:20:39,428: Back Left Min: 0.64, Back Right Min: 0.54
[rosout][INFO] 2025-04-03 15:20:39,531: Back Left Min: 0.64, Back Right Min: 0.54
[rosout][INFO] 2025-04-03 15:20:39,628: Back Left Min: 0.64, Back Right Min: 0.54
[rosout][INFO] 2025-04-03 15:20:39,732: Back Left Min: 0.64, Back Right Min: 0.54
[rosout][INFO] 2025-04-03 15:20:39,828: Back Left Min: 0.64, Back Right Min: 0.54
[rosout][INFO] 2025-04-03 15:20:39,932: Back Left Min: 0.64, Back Right Min: 0.54
[rosout][INFO] 2025-04-03 15:20:40,029: Back Left Min: 0.64, Back Right Min: 0.54
[rosout][INFO] 2025-04-03 15:20:40,132: Back Left Min: 0.64, Back Right Min: 0.54
[rosout][INFO] 2025-04-03 15:20:40,229: Back Left Min: 0.64, Back Right Min: 0.54
[rosout][INFO] 2025-04-03 15:20:40,332: Back Left Min: 0.64, Back Right Min: 0.54
[rosout][INFO] 2025-04-03 15:20:40,429: Back Left Min: 0.64, Back Right Min: 0.54
[rosout][INFO] 2025-04-03 15:20:40,532: Back Left Min: 0.64, Back Right Min: 0.54
[rosout][INFO] 2025-04-03 15:20:40,629: Back Left Min: 0.64, Back Right Min: 0.54
[rosout][INFO] 2025-04-03 15:20:40,732: Back Left Min: 0.64, Back Right Min: 0.54
[rosout][INFO] 2025-04-03 15:20:40,829: Back Left Min: 0.64, Back Right Min: 0.54
[rosout][INFO] 2025-04-03 15:20:40,932: Back Left Min: 0.64, Back Right Min: 0.54
[rosout][INFO] 2025-04-03 15:20:41,029: Back Left Min: 0.64, Back Right Min: 0.54
[rosout][INFO] 2025-04-03 15:20:41,132: Back Left Min: 0.64, Back Right Min: 0.54
[rosout][INFO] 2025-04-03 15:20:41,229: Back Left Min: 0.64, Back Right Min: 0.54
[rosout][INFO] 2025-04-03 15:20:41,332: Back Left Min: 0.64, Back Right Min: 0.54
[rosout][INFO] 2025-04-03 15:20:41,429: Back Left Min: 0.64, Back Right Min: 0.54
[rosout][INFO] 2025-04-03 15:20:41,532: Back Left Min: 0.64, Back Right Min: 0.54
[rosout][INFO] 2025-04-03 15:20:41,629: Back Left Min: 0.64, Back Right Min: 0.54
[rosout][INFO] 2025-04-03 15:20:41,732: Back Left Min: 0.64, Back Right Min: 0.54
[rosout][INFO] 2025-04-03 15:20:41,829: Back Left Min: 0.64, Back Right Min: 0.54
[rosout][INFO] 2025-04-03 15:20:41,933: Back Left Min: 0.64, Back Right Min: 0.54
[rosout][INFO] 2025-04-03 15:20:42,029: Back Left Min: 0.64, Back Right Min: 0.54
[rosout][INFO] 2025-04-03 15:20:42,133: Back Left Min: 0.64, Back Right Min: 0.54
[rosout][INFO] 2025-04-03 15:20:42,229: Back Left Min: 0.64, Back Right Min: 0.54
[rosout][INFO] 2025-04-03 15:20:42,333: Back Left Min: 0.64, Back Right Min: 0.54
[rosout][INFO] 2025-04-03 15:20:42,430: Back Left Min: 0.64, Back Right Min: 0.54
[rosout][INFO] 2025-04-03 15:20:42,533: Back Left Min: 0.64, Back Right Min: 0.54
[rosout][INFO] 2025-04-03 15:20:42,630: Back Left Min: 0.64, Back Right Min: 0.54
[rosout][INFO] 2025-04-03 15:20:42,733: Back Left Min: 0.64, Back Right Min: 0.54
[rosout][INFO] 2025-04-03 15:20:42,830: Back Left Min: 0.64, Back Right Min: 0.54
[rosout][INFO] 2025-04-03 15:20:42,933: Back Left Min: 0.64, Back Right Min: 0.54
[rosout][INFO] 2025-04-03 15:20:43,030: Back Left Min: 0.64, Back Right Min: 0.54
[rosout][INFO] 2025-04-03 15:20:43,133: Back Left Min: 0.64, Back Right Min: 0.54
[rosout][INFO] 2025-04-03 15:20:43,230: Back Left Min: 0.64, Back Right Min: 0.54
[rosout][INFO] 2025-04-03 15:20:43,333: Back Left Min: 0.64, Back Right Min: 0.54
[rosout][INFO] 2025-04-03 15:20:43,430: Back Left Min: 0.64, Back Right Min: 0.54
[rosout][INFO] 2025-04-03 15:20:43,533: Back Left Min: 0.64, Back Right Min: 0.54
[rosout][INFO] 2025-04-03 15:20:43,630: Back Left Min: 0.64, Back Right Min: 0.54
[rosout][INFO] 2025-04-03 15:20:43,733: Back Left Min: 0.64, Back Right Min: 0.54
[rosout][INFO] 2025-04-03 15:20:43,830: Back Left Min: 0.64, Back Right Min: 0.54
[rosout][INFO] 2025-04-03 15:20:43,933: Back Left Min: 0.64, Back Right Min: 0.54
[rosout][INFO] 2025-04-03 15:20:44,030: Back Left Min: 0.64, Back Right Min: 0.54
[rosout][INFO] 2025-04-03 15:20:44,133: Back Left Min: 0.64, Back Right Min: 0.54
[rosout][INFO] 2025-04-03 15:20:44,230: Back Left Min: 0.64, Back Right Min: 0.54
[rosout][INFO] 2025-04-03 15:20:44,333: Back Left Min: 0.64, Back Right Min: 0.54
[rosout][INFO] 2025-04-03 15:20:44,430: Back Left Min: 0.64, Back Right Min: 0.54
[rosout][INFO] 2025-04-03 15:20:44,533: Back Left Min: 0.64, Back Right Min: 0.54
[rosout][INFO] 2025-04-03 15:20:44,630: Back Left Min: 0.64, Back Right Min: 0.54
[rosout][INFO] 2025-04-03 15:20:44,734: Back Left Min: 0.64, Back Right Min: 0.54
[rosout][INFO] 2025-04-03 15:20:44,831: Back Left Min: 0.64, Back Right Min: 0.54
[rosout][INFO] 2025-04-03 15:20:44,934: Back Left Min: 0.64, Back Right Min: 0.54
[rosout][INFO] 2025-04-03 15:20:45,031: Back Left Min: 0.64, Back Right Min: 0.54
[rosout][INFO] 2025-04-03 15:20:45,134: Back Left Min: 0.64, Back Right Min: 0.54
[rosout][INFO] 2025-04-03 15:20:45,231: Back Left Min: 0.64, Back Right Min: 0.54
[rosout][INFO] 2025-04-03 15:20:45,334: Back Left Min: 0.64, Back Right Min: 0.54
[rosout][INFO] 2025-04-03 15:20:45,431: Back Left Min: 0.64, Back Right Min: 0.54
[rosout][INFO] 2025-04-03 15:20:45,534: Back Left Min: 0.64, Back Right Min: 0.54
[rosout][INFO] 2025-04-03 15:20:45,631: Back Left Min: 0.64, Back Right Min: 0.54
[rosout][INFO] 2025-04-03 15:20:45,734: Back Left Min: 0.64, Back Right Min: 0.54
[rosout][INFO] 2025-04-03 15:20:45,831: Back Left Min: 0.64, Back Right Min: 0.54
[rosout][INFO] 2025-04-03 15:20:45,934: Back Left Min: 0.64, Back Right Min: 0.54
[rosout][INFO] 2025-04-03 15:20:46,031: Back Left Min: 0.64, Back Right Min: 0.54
[rosout][INFO] 2025-04-03 15:20:46,134: Back Left Min: 0.64, Back Right Min: 0.54
[rosout][INFO] 2025-04-03 15:20:46,231: Back Left Min: 0.64, Back Right Min: 0.54
[rosout][INFO] 2025-04-03 15:20:46,334: Back Left Min: 0.64, Back Right Min: 0.54
[rosout][INFO] 2025-04-03 15:20:46,431: Back Left Min: 0.64, Back Right Min: 0.54
[rosout][INFO] 2025-04-03 15:20:46,534: Back Left Min: 0.64, Back Right Min: 0.54
[rosout][INFO] 2025-04-03 15:20:46,631: Back Left Min: 0.64, Back Right Min: 0.54
[rosout][INFO] 2025-04-03 15:20:46,734: Back Left Min: 0.64, Back Right Min: 0.54
[rosout][INFO] 2025-04-03 15:20:46,831: Back Left Min: 0.64, Back Right Min: 0.54
[rosout][INFO] 2025-04-03 15:20:46,935: Back Left Min: 0.64, Back Right Min: 0.54
[rosout][INFO] 2025-04-03 15:20:47,031: Back Left Min: 0.64, Back Right Min: 0.54
[rosout][INFO] 2025-04-03 15:20:47,135: Back Left Min: 0.64, Back Right Min: 0.54
[rosout][INFO] 2025-04-03 15:20:47,231: Back Left Min: 0.64, Back Right Min: 0.54
[rosout][INFO] 2025-04-03 15:20:47,335: Back Left Min: 0.64, Back Right Min: 0.54
[rosout][INFO] 2025-04-03 15:20:47,432: Back Left Min: 0.64, Back Right Min: 0.54
[rosout][INFO] 2025-04-03 15:20:47,535: Back Left Min: 0.64, Back Right Min: 0.54
[rosout][INFO] 2025-04-03 15:20:47,632: Back Left Min: 0.64, Back Right Min: 0.54
[rosout][INFO] 2025-04-03 15:20:47,735: Back Left Min: 0.64, Back Right Min: 0.54
[rosout][INFO] 2025-04-03 15:20:47,832: Back Left Min: 0.64, Back Right Min: 0.54
[rosout][INFO] 2025-04-03 15:20:47,935: Back Left Min: 0.64, Back Right Min: 0.54
[rosout][INFO] 2025-04-03 15:20:48,032: Back Left Min: 0.64, Back Right Min: 0.54
[rosout][INFO] 2025-04-03 15:20:48,135: Back Left Min: 0.64, Back Right Min: 0.54
[rosout][INFO] 2025-04-03 15:20:48,232: Back Left Min: 0.64, Back Right Min: 0.54
[rosout][INFO] 2025-04-03 15:20:48,335: Back Left Min: 0.64, Back Right Min: 0.54
[rosout][INFO] 2025-04-03 15:20:48,432: Back Left Min: 0.64, Back Right Min: 0.54
[rosout][INFO] 2025-04-03 15:20:48,535: Back Left Min: 0.64, Back Right Min: 0.54
[rosout][INFO] 2025-04-03 15:20:48,632: Back Left Min: 0.64, Back Right Min: 0.54
[rosout][INFO] 2025-04-03 15:20:48,735: Back Left Min: 0.64, Back Right Min: 0.54
[rosout][INFO] 2025-04-03 15:20:48,832: Back Left Min: 0.64, Back Right Min: 0.54
[rosout][INFO] 2025-04-03 15:20:48,935: Back Left Min: 0.64, Back Right Min: 0.54
[rosout][INFO] 2025-04-03 15:20:49,032: Back Left Min: 0.64, Back Right Min: 0.54
[rosout][INFO] 2025-04-03 15:20:49,135: Back Left Min: 0.64, Back Right Min: 0.54
[rosout][INFO] 2025-04-03 15:20:49,232: Back Left Min: 0.64, Back Right Min: 0.54
[rosout][INFO] 2025-04-03 15:20:49,336: Back Left Min: 0.64, Back Right Min: 0.54
[rosout][INFO] 2025-04-03 15:20:49,432: Back Left Min: 0.64, Back Right Min: 0.54
[rosout][INFO] 2025-04-03 15:20:49,536: Back Left Min: 0.64, Back Right Min: 0.54
[rosout][INFO] 2025-04-03 15:20:49,632: Back Left Min: 0.64, Back Right Min: 0.54
[rosout][INFO] 2025-04-03 15:20:49,736: Back Left Min: 0.64, Back Right Min: 0.54
[rosout][INFO] 2025-04-03 15:20:49,833: Back Left Min: 0.64, Back Right Min: 0.54
[rosout][INFO] 2025-04-03 15:20:49,936: Back Left Min: 0.64, Back Right Min: 0.54
[rosout][INFO] 2025-04-03 15:20:50,033: Back Left Min: 0.64, Back Right Min: 0.54
[rosout][INFO] 2025-04-03 15:20:50,136: Back Left Min: 0.64, Back Right Min: 0.54
[rosout][INFO] 2025-04-03 15:20:50,233: Back Left Min: 0.64, Back Right Min: 0.54
[rosout][INFO] 2025-04-03 15:20:50,336: Back Left Min: 0.64, Back Right Min: 0.54
[rosout][INFO] 2025-04-03 15:20:50,433: Back Left Min: 0.64, Back Right Min: 0.54
[rosout][INFO] 2025-04-03 15:20:50,536: Back Left Min: 0.64, Back Right Min: 0.54
[rosout][INFO] 2025-04-03 15:20:50,633: Back Left Min: 0.64, Back Right Min: 0.54
[rosout][INFO] 2025-04-03 15:20:50,736: Back Left Min: 0.64, Back Right Min: 0.54
[rosout][INFO] 2025-04-03 15:20:50,833: Back Left Min: 0.64, Back Right Min: 0.54
[rosout][INFO] 2025-04-03 15:20:50,936: Back Left Min: 0.64, Back Right Min: 0.54
[rosout][INFO] 2025-04-03 15:20:51,033: Back Left Min: 0.64, Back Right Min: 0.54
[rosout][INFO] 2025-04-03 15:20:51,136: Back Left Min: 0.64, Back Right Min: 0.54
[rosout][INFO] 2025-04-03 15:20:51,233: Back Left Min: 0.64, Back Right Min: 0.54
[rosout][INFO] 2025-04-03 15:20:51,336: Back Left Min: 0.64, Back Right Min: 0.54
[rosout][INFO] 2025-04-03 15:20:51,433: Back Left Min: 0.64, Back Right Min: 0.54
[rosout][INFO] 2025-04-03 15:20:51,536: Back Left Min: 0.64, Back Right Min: 0.54
[rosout][INFO] 2025-04-03 15:20:51,633: Back Left Min: 0.64, Back Right Min: 0.54
[rosout][INFO] 2025-04-03 15:20:51,737: Back Left Min: 0.64, Back Right Min: 0.54
[rosout][INFO] 2025-04-03 15:20:51,833: Back Left Min: 0.64, Back Right Min: 0.54
[rosout][INFO] 2025-04-03 15:20:51,937: Back Left Min: 0.64, Back Right Min: 0.54
[rosout][INFO] 2025-04-03 15:20:52,033: Back Left Min: 0.64, Back Right Min: 0.54
[rosout][INFO] 2025-04-03 15:20:52,137: Back Left Min: 0.64, Back Right Min: 0.54
[rosout][INFO] 2025-04-03 15:20:52,234: Back Left Min: 0.64, Back Right Min: 0.54
[rosout][INFO] 2025-04-03 15:20:52,337: Back Left Min: 0.64, Back Right Min: 0.54
[rosout][INFO] 2025-04-03 15:20:52,434: Back Left Min: 0.64, Back Right Min: 0.54
[rosout][INFO] 2025-04-03 15:20:52,537: Back Left Min: 0.64, Back Right Min: 0.54
[rosout][INFO] 2025-04-03 15:20:52,634: Back Left Min: 0.64, Back Right Min: 0.54
[rosout][INFO] 2025-04-03 15:20:52,737: Back Left Min: 0.64, Back Right Min: 0.54
[rosout][INFO] 2025-04-03 15:20:52,834: Back Left Min: 0.64, Back Right Min: 0.54
[rosout][INFO] 2025-04-03 15:20:52,937: Back Left Min: 0.64, Back Right Min: 0.54
[rosout][INFO] 2025-04-03 15:20:53,034: Back Left Min: 0.64, Back Right Min: 0.54
[rosout][INFO] 2025-04-03 15:20:53,137: Back Left Min: 0.64, Back Right Min: 0.54
[rosout][INFO] 2025-04-03 15:20:53,234: Back Left Min: 0.64, Back Right Min: 0.54
[rosout][INFO] 2025-04-03 15:20:53,337: Back Left Min: 0.64, Back Right Min: 0.54
[rosout][INFO] 2025-04-03 15:20:53,434: Back Left Min: 0.64, Back Right Min: 0.54
[rosout][INFO] 2025-04-03 15:20:53,537: Back Left Min: 0.64, Back Right Min: 0.54
[rosout][INFO] 2025-04-03 15:20:53,634: Back Left Min: 0.64, Back Right Min: 0.54
[rosout][INFO] 2025-04-03 15:20:53,737: Back Left Min: 0.64, Back Right Min: 0.54
[rosout][INFO] 2025-04-03 15:20:53,834: Back Left Min: 0.64, Back Right Min: 0.54
[rosout][INFO] 2025-04-03 15:20:53,937: Back Left Min: 0.64, Back Right Min: 0.54
[rosout][INFO] 2025-04-03 15:20:54,034: Back Left Min: 0.64, Back Right Min: 0.54
[rosout][INFO] 2025-04-03 15:20:54,137: Back Left Min: 0.64, Back Right Min: 0.54
[rosout][INFO] 2025-04-03 15:20:54,234: Back Left Min: 0.64, Back Right Min: 0.54
[rosout][INFO] 2025-04-03 15:20:54,337: Back Left Min: 0.64, Back Right Min: 0.54
[rosout][INFO] 2025-04-03 15:20:54,434: Back Left Min: 0.64, Back Right Min: 0.54
[rosout][INFO] 2025-04-03 15:20:54,538: Back Left Min: 0.64, Back Right Min: 0.54
[rosout][INFO] 2025-04-03 15:20:54,635: Back Left Min: 0.64, Back Right Min: 0.54
[rosout][INFO] 2025-04-03 15:20:54,738: Back Left Min: 0.64, Back Right Min: 0.54
[rosout][INFO] 2025-04-03 15:20:54,835: Back Left Min: 0.64, Back Right Min: 0.54
[rosout][INFO] 2025-04-03 15:20:54,938: Back Left Min: 0.64, Back Right Min: 0.54
[rosout][INFO] 2025-04-03 15:20:55,035: Back Left Min: 0.64, Back Right Min: 0.54
[rosout][INFO] 2025-04-03 15:20:55,138: Back Left Min: 0.64, Back Right Min: 0.54
[rosout][INFO] 2025-04-03 15:20:55,235: Back Left Min: 0.64, Back Right Min: 0.54
[rosout][INFO] 2025-04-03 15:20:55,338: Back Left Min: 0.64, Back Right Min: 0.54
[rosout][INFO] 2025-04-03 15:20:55,435: Back Left Min: 0.64, Back Right Min: 0.54
[rosout][INFO] 2025-04-03 15:20:55,538: Back Left Min: 0.64, Back Right Min: 0.54
[rosout][INFO] 2025-04-03 15:20:55,635: Back Left Min: 0.64, Back Right Min: 0.54
[rosout][INFO] 2025-04-03 15:20:55,738: Back Left Min: 0.64, Back Right Min: 0.54
[rosout][INFO] 2025-04-03 15:20:55,835: Back Left Min: 0.64, Back Right Min: 0.54
[rosout][INFO] 2025-04-03 15:20:55,938: Back Left Min: 0.64, Back Right Min: 0.54
[rosout][INFO] 2025-04-03 15:20:56,035: Back Left Min: 0.64, Back Right Min: 0.54
[rosout][INFO] 2025-04-03 15:20:56,138: Back Left Min: 0.64, Back Right Min: 0.54
[rosout][INFO] 2025-04-03 15:20:56,235: Back Left Min: 0.64, Back Right Min: 0.54
[rosout][INFO] 2025-04-03 15:20:56,338: Back Left Min: 0.64, Back Right Min: 0.54
[rosout][INFO] 2025-04-03 15:20:56,435: Back Left Min: 0.64, Back Right Min: 0.54
[rosout][INFO] 2025-04-03 15:20:56,538: Back Left Min: 0.64, Back Right Min: 0.54
[rosout][INFO] 2025-04-03 15:20:56,635: Back Left Min: 0.64, Back Right Min: 0.54
[rosout][INFO] 2025-04-03 15:20:56,738: Back Left Min: 0.64, Back Right Min: 0.54
[rosout][INFO] 2025-04-03 15:20:56,835: Back Left Min: 0.64, Back Right Min: 0.54
[rosout][INFO] 2025-04-03 15:20:56,939: Back Left Min: 0.64, Back Right Min: 0.54
[rosout][INFO] 2025-04-03 15:20:57,036: Back Left Min: 0.64, Back Right Min: 0.54
[rosout][INFO] 2025-04-03 15:20:57,139: Back Left Min: 0.64, Back Right Min: 0.54
[rosout][INFO] 2025-04-03 15:20:57,236: Back Left Min: 0.64, Back Right Min: 0.54
[rosout][INFO] 2025-04-03 15:20:57,339: Back Left Min: 0.64, Back Right Min: 0.54
[rosout][INFO] 2025-04-03 15:20:57,436: Back Left Min: 0.64, Back Right Min: 0.54
[rosout][INFO] 2025-04-03 15:20:57,539: Back Left Min: 0.64, Back Right Min: 0.54
[rosout][INFO] 2025-04-03 15:20:57,636: Back Left Min: 0.64, Back Right Min: 0.54
[rosout][INFO] 2025-04-03 15:20:57,739: Back Left Min: 0.64, Back Right Min: 0.54
[rosout][INFO] 2025-04-03 15:20:57,836: Back Left Min: 0.64, Back Right Min: 0.54
[rosout][INFO] 2025-04-03 15:20:57,939: Back Left Min: 0.64, Back Right Min: 0.54
[rosout][INFO] 2025-04-03 15:20:58,036: Back Left Min: 0.64, Back Right Min: 0.54
[rosout][INFO] 2025-04-03 15:20:58,139: Back Left Min: 0.64, Back Right Min: 0.54
[rosout][INFO] 2025-04-03 15:20:58,236: Back Left Min: 0.64, Back Right Min: 0.54
[rosout][INFO] 2025-04-03 15:20:58,339: Back Left Min: 0.64, Back Right Min: 0.54
[rosout][INFO] 2025-04-03 15:20:58,436: Back Left Min: 0.64, Back Right Min: 0.54
[rosout][INFO] 2025-04-03 15:20:58,539: Back Left Min: 0.64, Back Right Min: 0.54
[rosout][INFO] 2025-04-03 15:20:58,636: Back Left Min: 0.64, Back Right Min: 0.54
[rosout][INFO] 2025-04-03 15:20:58,739: Back Left Min: 0.64, Back Right Min: 0.54
[rosout][INFO] 2025-04-03 15:20:58,836: Back Left Min: 0.64, Back Right Min: 0.54
[rosout][INFO] 2025-04-03 15:20:58,939: Back Left Min: 0.64, Back Right Min: 0.54
[rosout][INFO] 2025-04-03 15:20:59,036: Back Left Min: 0.64, Back Right Min: 0.54
[rosout][INFO] 2025-04-03 15:20:59,140: Back Left Min: 0.64, Back Right Min: 0.54
[rosout][INFO] 2025-04-03 15:20:59,236: Back Left Min: 0.64, Back Right Min: 0.54
[rosout][INFO] 2025-04-03 15:20:59,340: Back Left Min: 0.64, Back Right Min: 0.54
[rosout][INFO] 2025-04-03 15:20:59,437: Back Left Min: 0.64, Back Right Min: 0.54
[rosout][INFO] 2025-04-03 15:20:59,540: Back Left Min: 0.64, Back Right Min: 0.54
[rosout][INFO] 2025-04-03 15:20:59,637: Back Left Min: 0.64, Back Right Min: 0.54
[rosout][INFO] 2025-04-03 15:20:59,740: Back Left Min: 0.64, Back Right Min: 0.54
[rosout][INFO] 2025-04-03 15:20:59,837: Back Left Min: 0.64, Back Right Min: 0.54
[rosout][INFO] 2025-04-03 15:20:59,940: Back Left Min: 0.64, Back Right Min: 0.54
[rosout][INFO] 2025-04-03 15:21:00,037: Back Left Min: 0.64, Back Right Min: 0.54
[rosout][INFO] 2025-04-03 15:21:00,140: Back Left Min: 0.64, Back Right Min: 0.54
[rosout][INFO] 2025-04-03 15:21:00,237: Back Left Min: 0.64, Back Right Min: 0.54
[rosout][INFO] 2025-04-03 15:21:00,340: Back Left Min: 0.64, Back Right Min: 0.54
[rosout][INFO] 2025-04-03 15:21:00,437: Back Left Min: 0.64, Back Right Min: 0.54
[rosout][INFO] 2025-04-03 15:21:00,540: Back Left Min: 0.64, Back Right Min: 0.54
[rosout][INFO] 2025-04-03 15:21:00,637: Back Left Min: 0.64, Back Right Min: 0.54
[rosout][INFO] 2025-04-03 15:21:00,740: Back Left Min: 0.64, Back Right Min: 0.54
[rosout][INFO] 2025-04-03 15:21:00,837: Back Left Min: 0.64, Back Right Min: 0.54
[rosout][INFO] 2025-04-03 15:21:00,940: Back Left Min: 0.64, Back Right Min: 0.54
[rosout][INFO] 2025-04-03 15:21:01,037: Back Left Min: 0.64, Back Right Min: 0.54
[rosout][INFO] 2025-04-03 15:21:01,140: Back Left Min: 0.64, Back Right Min: 0.54
[rosout][INFO] 2025-04-03 15:21:01,237: Back Left Min: 0.64, Back Right Min: 0.54
[rosout][INFO] 2025-04-03 15:21:01,340: Back Left Min: 0.64, Back Right Min: 0.54
[rosout][INFO] 2025-04-03 15:21:01,437: Back Left Min: 0.64, Back Right Min: 0.54
[rosout][INFO] 2025-04-03 15:21:01,541: Back Left Min: 0.64, Back Right Min: 0.54
[rosout][INFO] 2025-04-03 15:21:01,637: Back Left Min: 0.64, Back Right Min: 0.54
[rosout][INFO] 2025-04-03 15:21:01,741: Back Left Min: 0.64, Back Right Min: 0.54
[rosout][INFO] 2025-04-03 15:21:01,838: Back Left Min: 0.64, Back Right Min: 0.54
[rosout][INFO] 2025-04-03 15:21:01,941: Back Left Min: 0.64, Back Right Min: 0.54
[rosout][INFO] 2025-04-03 15:21:02,038: Back Left Min: 0.64, Back Right Min: 0.54
[rosout][INFO] 2025-04-03 15:21:02,141: Back Left Min: 0.64, Back Right Min: 0.54
[rosout][INFO] 2025-04-03 15:21:02,238: Back Left Min: 0.64, Back Right Min: 0.54
[rosout][INFO] 2025-04-03 15:21:02,341: Back Left Min: 0.64, Back Right Min: 0.54
[rosout][INFO] 2025-04-03 15:21:02,438: Back Left Min: 0.64, Back Right Min: 0.54
[rosout][INFO] 2025-04-03 15:21:02,541: Back Left Min: 0.64, Back Right Min: 0.54
[rosout][INFO] 2025-04-03 15:21:02,638: Back Left Min: 0.64, Back Right Min: 0.54
[rosout][INFO] 2025-04-03 15:21:02,741: Back Left Min: 0.64, Back Right Min: 0.54
[rosout][INFO] 2025-04-03 15:21:02,838: Back Left Min: 0.64, Back Right Min: 0.54
[rosout][INFO] 2025-04-03 15:21:02,941: Back Left Min: 0.64, Back Right Min: 0.54
[rosout][INFO] 2025-04-03 15:21:03,038: Back Left Min: 0.64, Back Right Min: 0.54
[rosout][INFO] 2025-04-03 15:21:03,141: Back Left Min: 0.64, Back Right Min: 0.54
[rosout][INFO] 2025-04-03 15:21:03,238: Back Left Min: 0.64, Back Right Min: 0.54
[rosout][INFO] 2025-04-03 15:21:03,341: Back Left Min: 0.64, Back Right Min: 0.54
[rosout][INFO] 2025-04-03 15:21:03,438: Back Left Min: 0.64, Back Right Min: 0.54
[rosout][INFO] 2025-04-03 15:21:03,541: Back Left Min: 0.64, Back Right Min: 0.54
[rosout][INFO] 2025-04-03 15:21:03,638: Back Left Min: 0.64, Back Right Min: 0.54
[rosout][INFO] 2025-04-03 15:21:03,741: Back Left Min: 0.64, Back Right Min: 0.54
[rosout][INFO] 2025-04-03 15:21:03,838: Back Left Min: 0.64, Back Right Min: 0.54
[rosout][INFO] 2025-04-03 15:21:03,941: Back Left Min: 0.64, Back Right Min: 0.54
[rosout][INFO] 2025-04-03 15:21:04,038: Back Left Min: 0.64, Back Right Min: 0.54
[rosout][INFO] 2025-04-03 15:21:04,142: Back Left Min: 0.64, Back Right Min: 0.54
[rosout][INFO] 2025-04-03 15:21:04,238: Back Left Min: 0.64, Back Right Min: 0.54
[rosout][INFO] 2025-04-03 15:21:04,342: Back Left Min: 0.64, Back Right Min: 0.54
[rosout][INFO] 2025-04-03 15:21:04,438: Back Left Min: 0.64, Back Right Min: 0.54
[rosout][INFO] 2025-04-03 15:21:04,542: Back Left Min: 0.64, Back Right Min: 0.54
[rosout][INFO] 2025-04-03 15:21:04,639: Back Left Min: 0.64, Back Right Min: 0.54
[rosout][INFO] 2025-04-03 15:21:04,742: Back Left Min: 0.64, Back Right Min: 0.54
[rosout][INFO] 2025-04-03 15:21:04,839: Back Left Min: 0.64, Back Right Min: 0.54
[rosout][INFO] 2025-04-03 15:21:04,942: Back Left Min: 0.64, Back Right Min: 0.54
[rosout][INFO] 2025-04-03 15:21:05,039: Back Left Min: 0.64, Back Right Min: 0.54
[rosout][INFO] 2025-04-03 15:21:05,142: Back Left Min: 0.64, Back Right Min: 0.54
[rosout][INFO] 2025-04-03 15:21:05,239: Back Left Min: 0.64, Back Right Min: 0.54
[rosout][INFO] 2025-04-03 15:21:05,342: Back Left Min: 0.64, Back Right Min: 0.54
[rosout][INFO] 2025-04-03 15:21:05,439: Back Left Min: 0.64, Back Right Min: 0.54
[rosout][INFO] 2025-04-03 15:21:05,542: Back Left Min: 0.64, Back Right Min: 0.54
[rosout][INFO] 2025-04-03 15:21:05,639: Back Left Min: 0.64, Back Right Min: 0.54
[rosout][INFO] 2025-04-03 15:21:05,742: Back Left Min: 0.64, Back Right Min: 0.54
[rosout][INFO] 2025-04-03 15:21:05,839: Back Left Min: 0.64, Back Right Min: 0.54
[rosout][INFO] 2025-04-03 15:21:05,942: Back Left Min: 0.64, Back Right Min: 0.54
[rosout][INFO] 2025-04-03 15:21:06,039: Back Left Min: 0.64, Back Right Min: 0.54
[rosout][INFO] 2025-04-03 15:21:06,142: Back Left Min: 0.64, Back Right Min: 0.54
[rosout][INFO] 2025-04-03 15:21:06,239: Back Left Min: 0.64, Back Right Min: 0.54
[rosout][INFO] 2025-04-03 15:21:06,342: Back Left Min: 0.64, Back Right Min: 0.54
[rosout][INFO] 2025-04-03 15:21:06,439: Back Left Min: 0.64, Back Right Min: 0.54
[rosout][INFO] 2025-04-03 15:21:06,543: Back Left Min: 0.64, Back Right Min: 0.54
[rosout][INFO] 2025-04-03 15:21:06,639: Back Left Min: 0.64, Back Right Min: 0.54
[rosout][INFO] 2025-04-03 15:21:06,743: Back Left Min: 0.64, Back Right Min: 0.54
[rosout][INFO] 2025-04-03 15:21:06,840: Back Left Min: 0.64, Back Right Min: 0.54
[rosout][INFO] 2025-04-03 15:21:06,943: Back Left Min: 0.64, Back Right Min: 0.54
[rosout][INFO] 2025-04-03 15:21:07,040: Back Left Min: 0.64, Back Right Min: 0.54
[rosout][INFO] 2025-04-03 15:21:07,143: Back Left Min: 0.64, Back Right Min: 0.54
[rosout][INFO] 2025-04-03 15:21:07,240: Back Left Min: 0.64, Back Right Min: 0.54
[rosout][INFO] 2025-04-03 15:21:07,343: Back Left Min: 0.64, Back Right Min: 0.54
[rosout][INFO] 2025-04-03 15:21:07,440: Back Left Min: 0.64, Back Right Min: 0.54
[rosout][INFO] 2025-04-03 15:21:07,543: Back Left Min: 0.64, Back Right Min: 0.54
[rosout][INFO] 2025-04-03 15:21:07,640: Back Left Min: 0.64, Back Right Min: 0.54
[rosout][INFO] 2025-04-03 15:21:07,743: Back Left Min: 0.64, Back Right Min: 0.54
[rosout][INFO] 2025-04-03 15:21:07,840: Back Left Min: 0.64, Back Right Min: 0.54
[rosout][INFO] 2025-04-03 15:21:07,943: Back Left Min: 0.64, Back Right Min: 0.54
[rosout][INFO] 2025-04-03 15:21:08,040: Back Left Min: 0.64, Back Right Min: 0.54
[rosout][INFO] 2025-04-03 15:21:08,143: Back Left Min: 0.64, Back Right Min: 0.54
[rosout][INFO] 2025-04-03 15:21:08,240: Back Left Min: 0.64, Back Right Min: 0.54
[rosout][INFO] 2025-04-03 15:21:08,343: Back Left Min: 0.64, Back Right Min: 0.54
[rosout][INFO] 2025-04-03 15:21:08,440: Back Left Min: 0.64, Back Right Min: 0.54
[rosout][INFO] 2025-04-03 15:21:08,543: Back Left Min: 0.64, Back Right Min: 0.54
[rosout][INFO] 2025-04-03 15:21:08,640: Back Left Min: 0.64, Back Right Min: 0.54
[rosout][INFO] 2025-04-03 15:21:08,743: Back Left Min: 0.64, Back Right Min: 0.54
[rosout][INFO] 2025-04-03 15:21:08,840: Back Left Min: 0.64, Back Right Min: 0.54
[rosout][INFO] 2025-04-03 15:21:08,943: Back Left Min: 0.64, Back Right Min: 0.54
[rosout][INFO] 2025-04-03 15:21:09,040: Back Left Min: 0.64, Back Right Min: 0.54
[rosout][INFO] 2025-04-03 15:21:09,144: Back Left Min: 0.64, Back Right Min: 0.54
[rosout][INFO] 2025-04-03 15:21:09,240: Back Left Min: 0.64, Back Right Min: 0.54
[rosout][INFO] 2025-04-03 15:21:09,344: Back Left Min: 0.64, Back Right Min: 0.54
[rosout][INFO] 2025-04-03 15:21:09,441: Back Left Min: 0.64, Back Right Min: 0.54
[rosout][INFO] 2025-04-03 15:21:09,544: Back Left Min: 0.64, Back Right Min: 0.54
[rosout][INFO] 2025-04-03 15:21:09,641: Back Left Min: 0.64, Back Right Min: 0.54
[rosout][INFO] 2025-04-03 15:21:09,744: Back Left Min: 0.64, Back Right Min: 0.54
[rosout][INFO] 2025-04-03 15:21:09,841: Back Left Min: 0.64, Back Right Min: 0.54
[rosout][INFO] 2025-04-03 15:21:09,944: Back Left Min: 0.64, Back Right Min: 0.54
[rosout][INFO] 2025-04-03 15:21:10,041: Back Left Min: 0.64, Back Right Min: 0.54
[rosout][INFO] 2025-04-03 15:21:10,144: Back Left Min: 0.64, Back Right Min: 0.54
[rosout][INFO] 2025-04-03 15:21:10,241: Back Left Min: 0.64, Back Right Min: 0.54
[rosout][INFO] 2025-04-03 15:21:10,344: Back Left Min: 0.64, Back Right Min: 0.54
[rosout][INFO] 2025-04-03 15:21:10,441: Back Left Min: 0.64, Back Right Min: 0.54
[rosout][INFO] 2025-04-03 15:21:10,544: Back Left Min: 0.64, Back Right Min: 0.54
[rosout][INFO] 2025-04-03 15:21:10,641: Back Left Min: 0.64, Back Right Min: 0.54
[rosout][INFO] 2025-04-03 15:21:10,744: Back Left Min: 0.64, Back Right Min: 0.54
[rosout][INFO] 2025-04-03 15:21:10,841: Back Left Min: 0.64, Back Right Min: 0.54
[rosout][INFO] 2025-04-03 15:21:10,944: Back Left Min: 0.64, Back Right Min: 0.54
[rosout][INFO] 2025-04-03 15:21:11,041: Back Left Min: 0.64, Back Right Min: 0.54
[rosout][INFO] 2025-04-03 15:21:11,144: Back Left Min: 0.64, Back Right Min: 0.54
[rosout][INFO] 2025-04-03 15:21:11,241: Back Left Min: 0.64, Back Right Min: 0.54
[rosout][INFO] 2025-04-03 15:21:11,345: Back Left Min: 0.64, Back Right Min: 0.54
[rosout][INFO] 2025-04-03 15:21:11,441: Back Left Min: 0.64, Back Right Min: 0.54
[rosout][INFO] 2025-04-03 15:21:11,545: Back Left Min: 0.64, Back Right Min: 0.54
[rosout][INFO] 2025-04-03 15:21:11,641: Back Left Min: 0.64, Back Right Min: 0.54
[rosout][INFO] 2025-04-03 15:21:11,745: Back Left Min: 0.64, Back Right Min: 0.54
[rosout][INFO] 2025-04-03 15:21:11,841: Back Left Min: 0.64, Back Right Min: 0.54
[rosout][INFO] 2025-04-03 15:21:11,945: Back Left Min: 0.64, Back Right Min: 0.54
[rosout][INFO] 2025-04-03 15:21:12,042: Back Left Min: 0.64, Back Right Min: 0.54
[rosout][INFO] 2025-04-03 15:21:12,145: Back Left Min: 0.64, Back Right Min: 0.54
[rosout][INFO] 2025-04-03 15:21:12,242: Back Left Min: 0.64, Back Right Min: 0.54
[rosout][INFO] 2025-04-03 15:21:12,345: Back Left Min: 0.64, Back Right Min: 0.54
[rosout][INFO] 2025-04-03 15:21:12,442: Back Left Min: 0.64, Back Right Min: 0.54
[rosout][INFO] 2025-04-03 15:21:12,545: Back Left Min: 0.64, Back Right Min: 0.54
[rosout][INFO] 2025-04-03 15:21:12,642: Back Left Min: 0.64, Back Right Min: 0.54
[rosout][INFO] 2025-04-03 15:21:12,745: Back Left Min: 0.64, Back Right Min: 0.54
[rosout][INFO] 2025-04-03 15:21:12,842: Back Left Min: 0.64, Back Right Min: 0.54
[rosout][INFO] 2025-04-03 15:21:12,945: Back Left Min: 0.64, Back Right Min: 0.54
[rosout][INFO] 2025-04-03 15:21:13,042: Back Left Min: 0.64, Back Right Min: 0.54
[rosout][INFO] 2025-04-03 15:21:13,145: Back Left Min: 0.64, Back Right Min: 0.54
[rosout][INFO] 2025-04-03 15:21:13,242: Back Left Min: 0.64, Back Right Min: 0.54
[rosout][INFO] 2025-04-03 15:21:13,345: Back Left Min: 0.64, Back Right Min: 0.54
[rosout][INFO] 2025-04-03 15:21:13,442: Back Left Min: 0.64, Back Right Min: 0.54
[rosout][INFO] 2025-04-03 15:21:13,545: Back Left Min: 0.64, Back Right Min: 0.54
[rosout][INFO] 2025-04-03 15:21:13,642: Back Left Min: 0.64, Back Right Min: 0.54
[rosout][INFO] 2025-04-03 15:21:13,746: Back Left Min: 0.64, Back Right Min: 0.54
[rosout][INFO] 2025-04-03 15:21:13,842: Back Left Min: 0.64, Back Right Min: 0.54
[rosout][INFO] 2025-04-03 15:21:13,946: Back Left Min: 0.64, Back Right Min: 0.54
[rosout][INFO] 2025-04-03 15:21:14,042: Back Left Min: 0.64, Back Right Min: 0.54
[rosout][INFO] 2025-04-03 15:21:14,146: Back Left Min: 0.64, Back Right Min: 0.54
[rosout][INFO] 2025-04-03 15:21:14,243: Back Left Min: 0.64, Back Right Min: 0.54
[rosout][INFO] 2025-04-03 15:21:14,346: Back Left Min: 0.64, Back Right Min: 0.54
[rosout][INFO] 2025-04-03 15:21:14,443: Back Left Min: 0.64, Back Right Min: 0.54
[rosout][INFO] 2025-04-03 15:21:14,546: Back Left Min: 0.64, Back Right Min: 0.54
[rosout][INFO] 2025-04-03 15:21:14,643: Back Left Min: 0.64, Back Right Min: 0.54
[rosout][INFO] 2025-04-03 15:21:14,746: Back Left Min: 0.64, Back Right Min: 0.54
[rosout][INFO] 2025-04-03 15:21:14,843: Back Left Min: 0.64, Back Right Min: 0.54
[rosout][INFO] 2025-04-03 15:21:14,946: Back Left Min: 0.64, Back Right Min: 0.54
[rosout][INFO] 2025-04-03 15:21:15,043: Back Left Min: 0.64, Back Right Min: 0.54
[rosout][INFO] 2025-04-03 15:21:15,146: Back Left Min: 0.64, Back Right Min: 0.54
[rosout][INFO] 2025-04-03 15:21:15,243: Back Left Min: 0.64, Back Right Min: 0.54
[rosout][INFO] 2025-04-03 15:21:15,346: Back Left Min: 0.64, Back Right Min: 0.54
[rosout][INFO] 2025-04-03 15:21:15,443: Back Left Min: 0.64, Back Right Min: 0.54
[rosout][INFO] 2025-04-03 15:21:15,546: Back Left Min: 0.64, Back Right Min: 0.54
[rosout][INFO] 2025-04-03 15:21:15,643: Back Left Min: 0.64, Back Right Min: 0.54
[rosout][INFO] 2025-04-03 15:21:15,746: Back Left Min: 0.64, Back Right Min: 0.54
[rosout][INFO] 2025-04-03 15:21:15,843: Back Left Min: 0.64, Back Right Min: 0.54
[rosout][INFO] 2025-04-03 15:21:15,946: Back Left Min: 0.64, Back Right Min: 0.54
[rosout][INFO] 2025-04-03 15:21:16,043: Back Left Min: 0.64, Back Right Min: 0.54
[rosout][INFO] 2025-04-03 15:21:16,146: Back Left Min: 0.64, Back Right Min: 0.54
[rosout][INFO] 2025-04-03 15:21:16,243: Back Left Min: 0.64, Back Right Min: 0.54
[rosout][INFO] 2025-04-03 15:21:16,346: Back Left Min: 0.64, Back Right Min: 0.54
[rosout][INFO] 2025-04-03 15:21:16,443: Back Left Min: 0.64, Back Right Min: 0.54
[rosout][INFO] 2025-04-03 15:21:16,547: Back Left Min: 0.64, Back Right Min: 0.54
[rosout][INFO] 2025-04-03 15:21:16,643: Back Left Min: 0.64, Back Right Min: 0.54
[rosout][INFO] 2025-04-03 15:21:16,747: Back Left Min: 0.64, Back Right Min: 0.54
[rosout][INFO] 2025-04-03 15:21:16,844: Back Left Min: 0.64, Back Right Min: 0.54
[rosout][INFO] 2025-04-03 15:21:16,947: Back Left Min: 0.64, Back Right Min: 0.54
[rosout][INFO] 2025-04-03 15:21:17,044: Back Left Min: 0.64, Back Right Min: 0.54
[rosout][INFO] 2025-04-03 15:21:17,147: Back Left Min: 0.64, Back Right Min: 0.54
[rosout][INFO] 2025-04-03 15:21:17,244: Back Left Min: 0.64, Back Right Min: 0.54
[rosout][INFO] 2025-04-03 15:21:17,347: Back Left Min: 0.64, Back Right Min: 0.54
[rosout][INFO] 2025-04-03 15:21:17,444: Back Left Min: 0.64, Back Right Min: 0.54
[rosout][INFO] 2025-04-03 15:21:17,547: Back Left Min: 0.64, Back Right Min: 0.54
[rosout][INFO] 2025-04-03 15:21:17,644: Back Left Min: 0.64, Back Right Min: 0.54
[rosout][INFO] 2025-04-03 15:21:17,747: Back Left Min: 0.64, Back Right Min: 0.54
[rosout][INFO] 2025-04-03 15:21:17,844: Back Left Min: 0.64, Back Right Min: 0.54
[rosout][INFO] 2025-04-03 15:21:17,947: Back Left Min: 0.64, Back Right Min: 0.54
[rosout][INFO] 2025-04-03 15:21:18,044: Back Left Min: 0.64, Back Right Min: 0.54
[rosout][INFO] 2025-04-03 15:21:18,147: Back Left Min: 0.64, Back Right Min: 0.54
[rosout][INFO] 2025-04-03 15:21:18,244: Back Left Min: 0.64, Back Right Min: 0.54
[rosout][INFO] 2025-04-03 15:21:18,347: Back Left Min: 0.64, Back Right Min: 0.54
[rosout][INFO] 2025-04-03 15:21:18,444: Back Left Min: 0.64, Back Right Min: 0.54
[rosout][INFO] 2025-04-03 15:21:18,547: Back Left Min: 0.64, Back Right Min: 0.54
[rosout][INFO] 2025-04-03 15:21:18,644: Back Left Min: 0.64, Back Right Min: 0.54
[rosout][INFO] 2025-04-03 15:21:18,747: Back Left Min: 0.64, Back Right Min: 0.54
[rosout][INFO] 2025-04-03 15:21:18,844: Back Left Min: 0.64, Back Right Min: 0.54
[rosout][INFO] 2025-04-03 15:21:18,948: Back Left Min: 0.64, Back Right Min: 0.54
[rosout][INFO] 2025-04-03 15:21:19,044: Back Left Min: 0.64, Back Right Min: 0.54
[rosout][INFO] 2025-04-03 15:21:19,148: Back Left Min: 0.64, Back Right Min: 0.54
[rosout][INFO] 2025-04-03 15:21:19,245: Back Left Min: 0.64, Back Right Min: 0.54
[rosout][INFO] 2025-04-03 15:21:19,348: Back Left Min: 0.64, Back Right Min: 0.54
[rosout][INFO] 2025-04-03 15:21:19,445: Back Left Min: 0.64, Back Right Min: 0.54
[rosout][INFO] 2025-04-03 15:21:19,548: Back Left Min: 0.64, Back Right Min: 0.54
[rosout][INFO] 2025-04-03 15:21:19,645: Back Left Min: 0.64, Back Right Min: 0.54
[rosout][INFO] 2025-04-03 15:21:19,748: Back Left Min: 0.64, Back Right Min: 0.54
[rosout][INFO] 2025-04-03 15:21:19,845: Back Left Min: 0.64, Back Right Min: 0.54
[rosout][INFO] 2025-04-03 15:21:19,948: Back Left Min: 0.64, Back Right Min: 0.54
[rosout][INFO] 2025-04-03 15:21:20,045: Back Left Min: 0.64, Back Right Min: 0.54
[rosout][INFO] 2025-04-03 15:21:20,148: Back Left Min: 0.64, Back Right Min: 0.54
[rosout][INFO] 2025-04-03 15:21:20,245: Back Left Min: 0.64, Back Right Min: 0.54
[rosout][INFO] 2025-04-03 15:21:20,348: Back Left Min: 0.64, Back Right Min: 0.54
[rosout][INFO] 2025-04-03 15:21:20,445: Back Left Min: 0.64, Back Right Min: 0.54
[rosout][INFO] 2025-04-03 15:21:20,548: Back Left Min: 0.64, Back Right Min: 0.54
[rosout][INFO] 2025-04-03 15:21:20,645: Back Left Min: 0.64, Back Right Min: 0.54
[rosout][INFO] 2025-04-03 15:21:20,748: Back Left Min: 0.64, Back Right Min: 0.54
[rosout][INFO] 2025-04-03 15:21:20,845: Back Left Min: 0.64, Back Right Min: 0.54
[rosout][INFO] 2025-04-03 15:21:20,948: Back Left Min: 0.64, Back Right Min: 0.54
[rosout][INFO] 2025-04-03 15:21:21,045: Back Left Min: 0.64, Back Right Min: 0.54
[rosout][INFO] 2025-04-03 15:21:21,148: Back Left Min: 0.64, Back Right Min: 0.54
[rosout][INFO] 2025-04-03 15:21:21,245: Back Left Min: 0.64, Back Right Min: 0.54
[rosout][INFO] 2025-04-03 15:21:21,349: Back Left Min: 0.64, Back Right Min: 0.54
[rosout][INFO] 2025-04-03 15:21:21,445: Back Left Min: 0.64, Back Right Min: 0.54
[rosout][INFO] 2025-04-03 15:21:21,549: Back Left Min: 0.64, Back Right Min: 0.54
[rosout][INFO] 2025-04-03 15:21:21,646: Back Left Min: 0.64, Back Right Min: 0.54
[rosout][INFO] 2025-04-03 15:21:21,749: Back Left Min: 0.64, Back Right Min: 0.54
[rosout][INFO] 2025-04-03 15:21:21,846: Back Left Min: 0.64, Back Right Min: 0.54
[rosout][INFO] 2025-04-03 15:21:21,949: Back Left Min: 0.64, Back Right Min: 0.54
[rosout][INFO] 2025-04-03 15:21:22,046: Back Left Min: 0.64, Back Right Min: 0.54
[rosout][INFO] 2025-04-03 15:21:22,149: Back Left Min: 0.64, Back Right Min: 0.54
[rosout][INFO] 2025-04-03 15:21:22,246: Back Left Min: 0.64, Back Right Min: 0.54
[rosout][INFO] 2025-04-03 15:21:22,349: Back Left Min: 0.64, Back Right Min: 0.54
[rosout][INFO] 2025-04-03 15:21:22,446: Back Left Min: 0.64, Back Right Min: 0.54
[rosout][INFO] 2025-04-03 15:21:22,549: Back Left Min: 0.64, Back Right Min: 0.54
[rosout][INFO] 2025-04-03 15:21:22,646: Back Left Min: 0.64, Back Right Min: 0.54
[rosout][INFO] 2025-04-03 15:21:22,749: Back Left Min: 0.64, Back Right Min: 0.54
[rosout][INFO] 2025-04-03 15:21:22,846: Back Left Min: 0.64, Back Right Min: 0.54
[rosout][INFO] 2025-04-03 15:21:22,949: Back Left Min: 0.64, Back Right Min: 0.54
[rosout][INFO] 2025-04-03 15:21:23,046: Back Left Min: 0.64, Back Right Min: 0.54
[rosout][INFO] 2025-04-03 15:21:23,149: Back Left Min: 0.64, Back Right Min: 0.54
[rosout][INFO] 2025-04-03 15:21:23,246: Back Left Min: 0.64, Back Right Min: 0.54
[rosout][INFO] 2025-04-03 15:21:23,349: Back Left Min: 0.64, Back Right Min: 0.54
[rosout][INFO] 2025-04-03 15:21:23,446: Back Left Min: 0.64, Back Right Min: 0.54
[rosout][INFO] 2025-04-03 15:21:23,549: Back Left Min: 0.64, Back Right Min: 0.54
[rosout][INFO] 2025-04-03 15:21:23,646: Back Left Min: 0.64, Back Right Min: 0.54
[rosout][INFO] 2025-04-03 15:21:23,750: Back Left Min: 0.64, Back Right Min: 0.54
[rosout][INFO] 2025-04-03 15:21:23,846: Back Left Min: 0.64, Back Right Min: 0.54
[rosout][INFO] 2025-04-03 15:21:23,950: Back Left Min: 0.64, Back Right Min: 0.54
[rosout][INFO] 2025-04-03 15:21:24,046: Back Left Min: 0.64, Back Right Min: 0.54
[rosout][INFO] 2025-04-03 15:21:24,150: Back Left Min: 0.64, Back Right Min: 0.54
[rosout][INFO] 2025-04-03 15:21:24,247: Back Left Min: 0.64, Back Right Min: 0.54
[rosout][INFO] 2025-04-03 15:21:24,350: Back Left Min: 0.64, Back Right Min: 0.54
[rosout][INFO] 2025-04-03 15:21:24,447: Back Left Min: 0.64, Back Right Min: 0.54
[rosout][INFO] 2025-04-03 15:21:24,550: Back Left Min: 0.64, Back Right Min: 0.54
[rosout][INFO] 2025-04-03 15:21:24,647: Back Left Min: 0.64, Back Right Min: 0.54
[rosout][INFO] 2025-04-03 15:21:24,750: Back Left Min: 0.64, Back Right Min: 0.54
[rosout][INFO] 2025-04-03 15:21:24,847: Back Left Min: 0.64, Back Right Min: 0.54
[rosout][INFO] 2025-04-03 15:21:24,950: Back Left Min: 0.64, Back Right Min: 0.54
[rosout][INFO] 2025-04-03 15:21:25,047: Back Left Min: 0.64, Back Right Min: 0.54
[rosout][INFO] 2025-04-03 15:21:25,150: Back Left Min: 0.64, Back Right Min: 0.54
[rosout][INFO] 2025-04-03 15:21:25,247: Back Left Min: 0.64, Back Right Min: 0.54
[rosout][INFO] 2025-04-03 15:21:25,350: Back Left Min: 0.64, Back Right Min: 0.54
[rosout][INFO] 2025-04-03 15:21:25,447: Back Left Min: 0.64, Back Right Min: 0.54
[rosout][INFO] 2025-04-03 15:21:25,550: Back Left Min: 0.64, Back Right Min: 0.54
[rosout][INFO] 2025-04-03 15:21:25,647: Back Left Min: 0.64, Back Right Min: 0.54
[rosout][INFO] 2025-04-03 15:21:25,750: Back Left Min: 0.64, Back Right Min: 0.54
[rosout][INFO] 2025-04-03 15:21:25,847: Back Left Min: 0.64, Back Right Min: 0.54
[rosout][INFO] 2025-04-03 15:21:25,950: Back Left Min: 0.64, Back Right Min: 0.54
[rosout][INFO] 2025-04-03 15:21:26,047: Back Left Min: 0.64, Back Right Min: 0.54
[rosout][INFO] 2025-04-03 15:21:26,150: Back Left Min: 0.64, Back Right Min: 0.54
[rosout][INFO] 2025-04-03 15:21:26,247: Back Left Min: 0.64, Back Right Min: 0.54
[rosout][INFO] 2025-04-03 15:21:26,351: Back Left Min: 0.64, Back Right Min: 0.54
[rosout][INFO] 2025-04-03 15:21:26,447: Back Left Min: 0.64, Back Right Min: 0.54
[rosout][INFO] 2025-04-03 15:21:26,551: Back Left Min: 0.64, Back Right Min: 0.54
[rosout][INFO] 2025-04-03 15:21:26,647: Back Left Min: 0.64, Back Right Min: 0.54
[rosout][INFO] 2025-04-03 15:21:26,751: Back Left Min: 0.64, Back Right Min: 0.54
[rosout][INFO] 2025-04-03 15:21:26,848: Back Left Min: 0.64, Back Right Min: 0.54
[rosout][INFO] 2025-04-03 15:21:26,951: Back Left Min: 0.64, Back Right Min: 0.54
[rosout][INFO] 2025-04-03 15:21:27,048: Back Left Min: 0.64, Back Right Min: 0.54
[rosout][INFO] 2025-04-03 15:21:27,151: Back Left Min: 0.64, Back Right Min: 0.54
[rosout][INFO] 2025-04-03 15:21:27,248: Back Left Min: 0.64, Back Right Min: 0.54
[rosout][INFO] 2025-04-03 15:21:27,351: Back Left Min: 0.64, Back Right Min: 0.54
[rosout][INFO] 2025-04-03 15:21:27,448: Back Left Min: 0.64, Back Right Min: 0.54
[rosout][INFO] 2025-04-03 15:21:27,551: Back Left Min: 0.64, Back Right Min: 0.54
[rosout][INFO] 2025-04-03 15:21:27,648: Back Left Min: 0.64, Back Right Min: 0.54
[rosout][INFO] 2025-04-03 15:21:27,751: Back Left Min: 0.64, Back Right Min: 0.54
[rosout][INFO] 2025-04-03 15:21:27,848: Back Left Min: 0.64, Back Right Min: 0.54
[rosout][INFO] 2025-04-03 15:21:27,951: Back Left Min: 0.64, Back Right Min: 0.54
[rosout][INFO] 2025-04-03 15:21:28,048: Back Left Min: 0.64, Back Right Min: 0.54
[rosout][INFO] 2025-04-03 15:21:28,151: Back Left Min: 0.64, Back Right Min: 0.54
[rosout][INFO] 2025-04-03 15:21:28,248: Back Left Min: 0.64, Back Right Min: 0.54
[rosout][INFO] 2025-04-03 15:21:28,351: Back Left Min: 0.64, Back Right Min: 0.54
[rosout][INFO] 2025-04-03 15:21:28,448: Back Left Min: 0.64, Back Right Min: 0.54
[rosout][INFO] 2025-04-03 15:21:28,551: Back Left Min: 0.64, Back Right Min: 0.54
[rosout][INFO] 2025-04-03 15:21:28,649: Back Left Min: 0.64, Back Right Min: 0.54
[rosout][INFO] 2025-04-03 15:21:28,751: Back Left Min: 0.64, Back Right Min: 0.54
[rosout][INFO] 2025-04-03 15:21:28,849: Back Left Min: 0.64, Back Right Min: 0.54
[rosout][INFO] 2025-04-03 15:21:28,952: Back Left Min: 0.64, Back Right Min: 0.54
[rosout][INFO] 2025-04-03 15:21:29,049: Back Left Min: 0.64, Back Right Min: 0.54
[rosout][INFO] 2025-04-03 15:21:29,152: Back Left Min: 0.64, Back Right Min: 0.54
[rosout][INFO] 2025-04-03 15:21:29,249: Back Left Min: 0.64, Back Right Min: 0.54
[rosout][INFO] 2025-04-03 15:21:29,352: Back Left Min: 0.64, Back Right Min: 0.54
[rosout][INFO] 2025-04-03 15:21:29,449: Back Left Min: 0.64, Back Right Min: 0.54
[rosout][INFO] 2025-04-03 15:21:29,552: Back Left Min: 0.64, Back Right Min: 0.54
[rosout][INFO] 2025-04-03 15:21:29,649: Back Left Min: 0.64, Back Right Min: 0.54
[rosout][INFO] 2025-04-03 15:21:29,752: Back Left Min: 0.64, Back Right Min: 0.54
[rosout][INFO] 2025-04-03 15:21:29,849: Back Left Min: 0.64, Back Right Min: 0.54
[rosout][INFO] 2025-04-03 15:21:29,952: Back Left Min: 0.64, Back Right Min: 0.54
[rosout][INFO] 2025-04-03 15:21:30,049: Back Left Min: 0.64, Back Right Min: 0.54
[rosout][INFO] 2025-04-03 15:21:30,152: Back Left Min: 0.64, Back Right Min: 0.54
[rosout][INFO] 2025-04-03 15:21:30,249: Back Left Min: 0.64, Back Right Min: 0.54
[rosout][INFO] 2025-04-03 15:21:30,352: Back Left Min: 0.64, Back Right Min: 0.54
[rosout][INFO] 2025-04-03 15:21:30,449: Back Left Min: 0.64, Back Right Min: 0.54
[rosout][INFO] 2025-04-03 15:21:30,552: Back Left Min: 0.64, Back Right Min: 0.54
[rosout][INFO] 2025-04-03 15:21:30,649: Back Left Min: 0.64, Back Right Min: 0.54
[rosout][INFO] 2025-04-03 15:21:30,752: Back Left Min: 0.64, Back Right Min: 0.54
[rosout][INFO] 2025-04-03 15:21:30,849: Back Left Min: 0.64, Back Right Min: 0.54
[rosout][INFO] 2025-04-03 15:21:30,953: Back Left Min: 0.64, Back Right Min: 0.54
[rosout][INFO] 2025-04-03 15:21:31,049: Back Left Min: 0.64, Back Right Min: 0.54
[rosout][INFO] 2025-04-03 15:21:31,153: Back Left Min: 0.64, Back Right Min: 0.54
[rosout][INFO] 2025-04-03 15:21:31,249: Back Left Min: 0.64, Back Right Min: 0.54
[rosout][INFO] 2025-04-03 15:21:31,353: Back Left Min: 0.64, Back Right Min: 0.54
[rosout][INFO] 2025-04-03 15:21:31,450: Back Left Min: 0.64, Back Right Min: 0.54
[rosout][INFO] 2025-04-03 15:21:31,553: Back Left Min: 0.64, Back Right Min: 0.54
[rosout][INFO] 2025-04-03 15:21:31,650: Back Left Min: 0.64, Back Right Min: 0.54
[rosout][INFO] 2025-04-03 15:21:31,753: Back Left Min: 0.64, Back Right Min: 0.54
[rosout][INFO] 2025-04-03 15:21:31,850: Back Left Min: 0.64, Back Right Min: 0.54
[rosout][INFO] 2025-04-03 15:21:31,953: Back Left Min: 0.64, Back Right Min: 0.54
[rosout][INFO] 2025-04-03 15:21:32,050: Back Left Min: 0.64, Back Right Min: 0.54
[rosout][INFO] 2025-04-03 15:21:32,153: Back Left Min: 0.64, Back Right Min: 0.54
[rosout][INFO] 2025-04-03 15:21:32,250: Back Left Min: 0.64, Back Right Min: 0.54
[rosout][INFO] 2025-04-03 15:21:32,353: Back Left Min: 0.64, Back Right Min: 0.54
[rosout][INFO] 2025-04-03 15:21:32,450: Back Left Min: 0.64, Back Right Min: 0.54
[rosout][INFO] 2025-04-03 15:21:32,553: Back Left Min: 0.64, Back Right Min: 0.54
[rosout][INFO] 2025-04-03 15:21:32,650: Back Left Min: 0.64, Back Right Min: 0.54
[rosout][INFO] 2025-04-03 15:21:32,753: Back Left Min: 0.64, Back Right Min: 0.54
[rosout][INFO] 2025-04-03 15:21:32,850: Back Left Min: 0.64, Back Right Min: 0.54
[rosout][INFO] 2025-04-03 15:21:32,953: Back Left Min: 0.64, Back Right Min: 0.54
[rosout][INFO] 2025-04-03 15:21:33,050: Back Left Min: 0.64, Back Right Min: 0.54
[rosout][INFO] 2025-04-03 15:21:33,153: Back Left Min: 0.64, Back Right Min: 0.54
[rosout][INFO] 2025-04-03 15:21:33,250: Back Left Min: 0.64, Back Right Min: 0.54
[rosout][INFO] 2025-04-03 15:21:33,353: Back Left Min: 0.64, Back Right Min: 0.54
[rosout][INFO] 2025-04-03 15:21:33,450: Back Left Min: 0.64, Back Right Min: 0.54
[rosout][INFO] 2025-04-03 15:21:33,553: Back Left Min: 0.64, Back Right Min: 0.54
[rosout][INFO] 2025-04-03 15:21:33,650: Back Left Min: 0.64, Back Right Min: 0.54
[rosout][INFO] 2025-04-03 15:21:33,754: Back Left Min: 0.64, Back Right Min: 0.54
[rosout][INFO] 2025-04-03 15:21:33,850: Back Left Min: 0.64, Back Right Min: 0.54
[rosout][INFO] 2025-04-03 15:21:33,954: Back Left Min: 0.64, Back Right Min: 0.54
[rosout][INFO] 2025-04-03 15:21:34,051: Back Left Min: 0.64, Back Right Min: 0.54
[rosout][INFO] 2025-04-03 15:21:34,154: Back Left Min: 0.64, Back Right Min: 0.54
[rosout][INFO] 2025-04-03 15:21:34,251: Back Left Min: 0.64, Back Right Min: 0.54
[rosout][INFO] 2025-04-03 15:21:34,354: Back Left Min: 0.64, Back Right Min: 0.54
[rosout][INFO] 2025-04-03 15:21:34,451: Back Left Min: 0.64, Back Right Min: 0.54
[rosout][INFO] 2025-04-03 15:21:34,554: Back Left Min: 0.64, Back Right Min: 0.54
[rosout][INFO] 2025-04-03 15:21:34,651: Back Left Min: 0.64, Back Right Min: 0.54
[rosout][INFO] 2025-04-03 15:21:34,754: Back Left Min: 0.64, Back Right Min: 0.54
[rosout][INFO] 2025-04-03 15:21:34,851: Back Left Min: 0.64, Back Right Min: 0.54
[rosout][INFO] 2025-04-03 15:21:34,954: Back Left Min: 0.64, Back Right Min: 0.54
[rosout][INFO] 2025-04-03 15:21:35,051: Back Left Min: 0.64, Back Right Min: 0.54
[rosout][INFO] 2025-04-03 15:21:35,154: Back Left Min: 0.64, Back Right Min: 0.54
[rosout][INFO] 2025-04-03 15:21:35,251: Back Left Min: 0.64, Back Right Min: 0.54
[rosout][INFO] 2025-04-03 15:21:35,354: Back Left Min: 0.64, Back Right Min: 0.54
[rosout][INFO] 2025-04-03 15:21:35,451: Back Left Min: 0.64, Back Right Min: 0.54
[rosout][INFO] 2025-04-03 15:21:35,554: Back Left Min: 0.64, Back Right Min: 0.54
[rosout][INFO] 2025-04-03 15:21:35,651: Back Left Min: 0.64, Back Right Min: 0.54
[rosout][INFO] 2025-04-03 15:21:35,754: Back Left Min: 0.64, Back Right Min: 0.54
[rosout][INFO] 2025-04-03 15:21:35,851: Back Left Min: 0.64, Back Right Min: 0.54
[rosout][INFO] 2025-04-03 15:21:35,954: Back Left Min: 0.64, Back Right Min: 0.54
[rosout][INFO] 2025-04-03 15:21:36,051: Back Left Min: 0.64, Back Right Min: 0.54
[rosout][INFO] 2025-04-03 15:21:36,155: Back Left Min: 0.64, Back Right Min: 0.54
[rosout][INFO] 2025-04-03 15:21:36,251: Back Left Min: 0.64, Back Right Min: 0.54
[rosout][INFO] 2025-04-03 15:21:36,355: Back Left Min: 0.64, Back Right Min: 0.54
[rosout][INFO] 2025-04-03 15:21:36,451: Back Left Min: 0.64, Back Right Min: 0.54
[rosout][INFO] 2025-04-03 15:21:36,555: Back Left Min: 0.64, Back Right Min: 0.54
[rosout][INFO] 2025-04-03 15:21:36,652: Back Left Min: 0.64, Back Right Min: 0.54
[rosout][INFO] 2025-04-03 15:21:36,755: Back Left Min: 0.64, Back Right Min: 0.54
[rosout][INFO] 2025-04-03 15:21:36,852: Back Left Min: 0.64, Back Right Min: 0.54
[rosout][INFO] 2025-04-03 15:21:36,955: Back Left Min: 0.64, Back Right Min: 0.54
[rosout][INFO] 2025-04-03 15:21:37,052: Back Left Min: 0.64, Back Right Min: 0.54
[rosout][INFO] 2025-04-03 15:21:37,155: Back Left Min: 0.64, Back Right Min: 0.54
[rosout][INFO] 2025-04-03 15:21:37,252: Back Left Min: 0.64, Back Right Min: 0.54
[rosout][INFO] 2025-04-03 15:21:37,355: Back Left Min: 0.64, Back Right Min: 0.54
[rosout][INFO] 2025-04-03 15:21:37,452: Back Left Min: 0.64, Back Right Min: 0.54
[rosout][INFO] 2025-04-03 15:21:37,555: Back Left Min: 0.64, Back Right Min: 0.54
[rosout][INFO] 2025-04-03 15:21:37,652: Back Left Min: 0.64, Back Right Min: 0.54
[rosout][INFO] 2025-04-03 15:21:37,755: Back Left Min: 0.64, Back Right Min: 0.54
[rosout][INFO] 2025-04-03 15:21:37,852: Back Left Min: 0.64, Back Right Min: 0.54
[rosout][INFO] 2025-04-03 15:21:37,955: Back Left Min: 0.64, Back Right Min: 0.54
[rosout][INFO] 2025-04-03 15:21:38,052: Back Left Min: 0.64, Back Right Min: 0.54
[rosout][INFO] 2025-04-03 15:21:38,155: Back Left Min: 0.64, Back Right Min: 0.54
[rosout][INFO] 2025-04-03 15:21:38,252: Back Left Min: 0.64, Back Right Min: 0.54
[rosout][INFO] 2025-04-03 15:21:38,355: Back Left Min: 0.64, Back Right Min: 0.54
[rosout][INFO] 2025-04-03 15:21:38,452: Back Left Min: 0.64, Back Right Min: 0.54
[rosout][INFO] 2025-04-03 15:21:38,556: Back Left Min: 0.64, Back Right Min: 0.54
[rosout][INFO] 2025-04-03 15:21:38,652: Back Left Min: 0.64, Back Right Min: 0.54
[rosout][INFO] 2025-04-03 15:21:38,756: Back Left Min: 0.64, Back Right Min: 0.54
[rosout][INFO] 2025-04-03 15:21:38,853: Back Left Min: 0.64, Back Right Min: 0.54
[rosout][INFO] 2025-04-03 15:21:38,956: Back Left Min: 0.64, Back Right Min: 0.54
[rosout][INFO] 2025-04-03 15:21:39,053: Back Left Min: 0.64, Back Right Min: 0.54
[rosout][INFO] 2025-04-03 15:21:39,156: Back Left Min: 0.64, Back Right Min: 0.54
[rosout][INFO] 2025-04-03 15:21:39,253: Back Left Min: 0.64, Back Right Min: 0.54
[rosout][INFO] 2025-04-03 15:21:39,356: Back Left Min: 0.64, Back Right Min: 0.54
[rosout][INFO] 2025-04-03 15:21:39,453: Back Left Min: 0.64, Back Right Min: 0.54
[rosout][INFO] 2025-04-03 15:21:39,556: Back Left Min: 0.64, Back Right Min: 0.54
[rosout][INFO] 2025-04-03 15:21:39,653: Back Left Min: 0.64, Back Right Min: 0.54
[rosout][INFO] 2025-04-03 15:21:39,756: Back Left Min: 0.64, Back Right Min: 0.54
[rosout][INFO] 2025-04-03 15:21:39,853: Back Left Min: 0.64, Back Right Min: 0.54
[rosout][INFO] 2025-04-03 15:21:39,956: Back Left Min: 0.64, Back Right Min: 0.54
[rosout][INFO] 2025-04-03 15:21:40,053: Back Left Min: 0.64, Back Right Min: 0.54
[rosout][INFO] 2025-04-03 15:21:40,156: Back Left Min: 0.64, Back Right Min: 0.54
[rosout][INFO] 2025-04-03 15:21:40,253: Back Left Min: 0.64, Back Right Min: 0.54
[rosout][INFO] 2025-04-03 15:21:40,356: Back Left Min: 0.64, Back Right Min: 0.54
[rosout][INFO] 2025-04-03 15:21:40,453: Back Left Min: 0.64, Back Right Min: 0.54
[rosout][INFO] 2025-04-03 15:21:40,556: Back Left Min: 0.64, Back Right Min: 0.54
[rosout][INFO] 2025-04-03 15:21:40,653: Back Left Min: 0.64, Back Right Min: 0.54
[rosout][INFO] 2025-04-03 15:21:40,756: Back Left Min: 0.64, Back Right Min: 0.54
[rosout][INFO] 2025-04-03 15:21:40,853: Back Left Min: 0.64, Back Right Min: 0.54
[rosout][INFO] 2025-04-03 15:21:40,957: Back Left Min: 0.64, Back Right Min: 0.54
[rosout][INFO] 2025-04-03 15:21:41,053: Back Left Min: 0.64, Back Right Min: 0.54
[rosout][INFO] 2025-04-03 15:21:41,157: Back Left Min: 0.64, Back Right Min: 0.54
[rosout][INFO] 2025-04-03 15:21:41,253: Back Left Min: 0.64, Back Right Min: 0.54
[rosout][INFO] 2025-04-03 15:21:41,357: Back Left Min: 0.64, Back Right Min: 0.54
[rosout][INFO] 2025-04-03 15:21:41,454: Back Left Min: 0.64, Back Right Min: 0.54
[rosout][INFO] 2025-04-03 15:21:41,557: Back Left Min: 0.64, Back Right Min: 0.54
[rosout][INFO] 2025-04-03 15:21:41,654: Back Left Min: 0.64, Back Right Min: 0.54
[rosout][INFO] 2025-04-03 15:21:41,757: Back Left Min: 0.64, Back Right Min: 0.54
[rosout][INFO] 2025-04-03 15:21:41,854: Back Left Min: 0.64, Back Right Min: 0.54
[rosout][INFO] 2025-04-03 15:21:41,957: Back Left Min: 0.64, Back Right Min: 0.54
[rosout][INFO] 2025-04-03 15:21:42,054: Back Left Min: 0.64, Back Right Min: 0.54
[rosout][INFO] 2025-04-03 15:21:42,157: Back Left Min: 0.64, Back Right Min: 0.54
[rosout][INFO] 2025-04-03 15:21:42,254: Back Left Min: 0.64, Back Right Min: 0.54
[rosout][INFO] 2025-04-03 15:21:42,357: Back Left Min: 0.64, Back Right Min: 0.54
[rosout][INFO] 2025-04-03 15:21:42,454: Back Left Min: 0.64, Back Right Min: 0.54
[rosout][INFO] 2025-04-03 15:21:42,557: Back Left Min: 0.64, Back Right Min: 0.54
[rosout][INFO] 2025-04-03 15:21:42,654: Back Left Min: 0.64, Back Right Min: 0.54
[rosout][INFO] 2025-04-03 15:21:42,757: Back Left Min: 0.64, Back Right Min: 0.54
[rosout][INFO] 2025-04-03 15:21:42,854: Back Left Min: 0.64, Back Right Min: 0.54
[rosout][INFO] 2025-04-03 15:21:42,957: Back Left Min: 0.64, Back Right Min: 0.54
[rosout][INFO] 2025-04-03 15:21:43,054: Back Left Min: 0.64, Back Right Min: 0.54
[rosout][INFO] 2025-04-03 15:21:43,157: Back Left Min: 0.64, Back Right Min: 0.54
[rosout][INFO] 2025-04-03 15:21:43,254: Back Left Min: 0.64, Back Right Min: 0.54
[rosout][INFO] 2025-04-03 15:21:43,358: Back Left Min: 0.64, Back Right Min: 0.54
[rosout][INFO] 2025-04-03 15:21:43,454: Back Left Min: 0.64, Back Right Min: 0.54
[rosout][INFO] 2025-04-03 15:21:43,558: Back Left Min: 0.64, Back Right Min: 0.54
[rosout][INFO] 2025-04-03 15:21:43,654: Back Left Min: 0.64, Back Right Min: 0.54
[rosout][INFO] 2025-04-03 15:21:43,758: Back Left Min: 0.64, Back Right Min: 0.54
[rosout][INFO] 2025-04-03 15:21:43,855: Back Left Min: 0.64, Back Right Min: 0.54
[rosout][INFO] 2025-04-03 15:21:43,958: Back Left Min: 0.64, Back Right Min: 0.54
[rosout][INFO] 2025-04-03 15:21:44,055: Back Left Min: 0.64, Back Right Min: 0.54
[rosout][INFO] 2025-04-03 15:21:44,158: Back Left Min: 0.64, Back Right Min: 0.54
[rosout][INFO] 2025-04-03 15:21:44,255: Back Left Min: 0.64, Back Right Min: 0.54
[rosout][INFO] 2025-04-03 15:21:44,358: Back Left Min: 0.64, Back Right Min: 0.54
[rosout][INFO] 2025-04-03 15:21:44,455: Back Left Min: 0.64, Back Right Min: 0.54
[rosout][INFO] 2025-04-03 15:21:44,558: Back Left Min: 0.64, Back Right Min: 0.54
[rosout][INFO] 2025-04-03 15:21:44,655: Back Left Min: 0.64, Back Right Min: 0.54
[rosout][INFO] 2025-04-03 15:21:44,758: Back Left Min: 0.64, Back Right Min: 0.54
[rosout][INFO] 2025-04-03 15:21:44,855: Back Left Min: 0.64, Back Right Min: 0.54
[rosout][INFO] 2025-04-03 15:21:44,958: Back Left Min: 0.64, Back Right Min: 0.54
[rosout][INFO] 2025-04-03 15:21:45,055: Back Left Min: 0.64, Back Right Min: 0.54
[rosout][INFO] 2025-04-03 15:21:45,158: Back Left Min: 0.64, Back Right Min: 0.54
[rosout][INFO] 2025-04-03 15:21:45,255: Back Left Min: 0.64, Back Right Min: 0.54
[rosout][INFO] 2025-04-03 15:21:45,358: Back Left Min: 0.64, Back Right Min: 0.54
[rosout][INFO] 2025-04-03 15:21:45,455: Back Left Min: 0.64, Back Right Min: 0.54
[rosout][INFO] 2025-04-03 15:21:45,558: Back Left Min: 0.64, Back Right Min: 0.54
[rosout][INFO] 2025-04-03 15:21:45,655: Back Left Min: 0.64, Back Right Min: 0.54
[rosout][INFO] 2025-04-03 15:21:45,758: Back Left Min: 0.64, Back Right Min: 0.54
[rosout][INFO] 2025-04-03 15:21:45,855: Back Left Min: 0.64, Back Right Min: 0.54
[rosout][INFO] 2025-04-03 15:21:45,958: Back Left Min: 0.64, Back Right Min: 0.54
[rosout][INFO] 2025-04-03 15:21:46,055: Back Left Min: 0.64, Back Right Min: 0.54
[rosout][INFO] 2025-04-03 15:21:46,159: Back Left Min: 0.64, Back Right Min: 0.54
[rosout][INFO] 2025-04-03 15:21:46,256: Back Left Min: 0.64, Back Right Min: 0.54
[rosout][INFO] 2025-04-03 15:21:46,359: Back Left Min: 0.64, Back Right Min: 0.54
[rosout][INFO] 2025-04-03 15:21:46,456: Back Left Min: 0.64, Back Right Min: 0.54
[rosout][INFO] 2025-04-03 15:21:46,559: Back Left Min: 0.64, Back Right Min: 0.54
[rosout][INFO] 2025-04-03 15:21:46,656: Back Left Min: 0.64, Back Right Min: 0.54
[rosout][INFO] 2025-04-03 15:21:46,759: Back Left Min: 0.64, Back Right Min: 0.54
[rosout][INFO] 2025-04-03 15:21:46,856: Back Left Min: 0.64, Back Right Min: 0.54
[rosout][INFO] 2025-04-03 15:21:46,959: Back Left Min: 0.64, Back Right Min: 0.54
[rosout][INFO] 2025-04-03 15:21:47,056: Back Left Min: 0.64, Back Right Min: 0.54
[rosout][INFO] 2025-04-03 15:21:47,159: Back Left Min: 0.64, Back Right Min: 0.54
[rosout][INFO] 2025-04-03 15:21:47,256: Back Left Min: 0.64, Back Right Min: 0.54
[rosout][INFO] 2025-04-03 15:21:47,359: Back Left Min: 0.64, Back Right Min: 0.54
[rosout][INFO] 2025-04-03 15:21:47,456: Back Left Min: 0.64, Back Right Min: 0.54
[rosout][INFO] 2025-04-03 15:21:47,559: Back Left Min: 0.64, Back Right Min: 0.54
[rosout][INFO] 2025-04-03 15:21:47,656: Back Left Min: 0.64, Back Right Min: 0.54
[rosout][INFO] 2025-04-03 15:21:47,759: Back Left Min: 0.64, Back Right Min: 0.54
[rosout][INFO] 2025-04-03 15:21:47,856: Back Left Min: 0.64, Back Right Min: 0.54
[rosout][INFO] 2025-04-03 15:21:47,959: Back Left Min: 0.64, Back Right Min: 0.54
[rosout][INFO] 2025-04-03 15:21:48,056: Back Left Min: 0.64, Back Right Min: 0.54
[rosout][INFO] 2025-04-03 15:21:48,159: Back Left Min: 0.64, Back Right Min: 0.54
[rosout][INFO] 2025-04-03 15:21:48,256: Back Left Min: 0.64, Back Right Min: 0.54
[rosout][INFO] 2025-04-03 15:21:48,360: Back Left Min: 0.64, Back Right Min: 0.54
[rosout][INFO] 2025-04-03 15:21:48,456: Back Left Min: 0.64, Back Right Min: 0.54
[rosout][INFO] 2025-04-03 15:21:48,560: Back Left Min: 0.64, Back Right Min: 0.54
[rosout][INFO] 2025-04-03 15:21:48,656: Back Left Min: 0.64, Back Right Min: 0.54
[rosout][INFO] 2025-04-03 15:21:48,760: Back Left Min: 0.64, Back Right Min: 0.54
[rosout][INFO] 2025-04-03 15:21:48,856: Back Left Min: 0.64, Back Right Min: 0.54
[rosout][INFO] 2025-04-03 15:21:48,960: Back Left Min: 0.64, Back Right Min: 0.54
[rosout][INFO] 2025-04-03 15:21:49,057: Back Left Min: 0.64, Back Right Min: 0.54
[rosout][INFO] 2025-04-03 15:21:49,160: Back Left Min: 0.64, Back Right Min: 0.54
[rosout][INFO] 2025-04-03 15:21:49,257: Back Left Min: 0.64, Back Right Min: 0.54
[rosout][INFO] 2025-04-03 15:21:49,360: Back Left Min: 0.64, Back Right Min: 0.54
[rosout][INFO] 2025-04-03 15:21:49,457: Back Left Min: 0.64, Back Right Min: 0.54
[rosout][INFO] 2025-04-03 15:21:49,560: Back Left Min: 0.64, Back Right Min: 0.54
[rosout][INFO] 2025-04-03 15:21:49,657: Back Left Min: 0.64, Back Right Min: 0.54
[rosout][INFO] 2025-04-03 15:21:49,760: Back Left Min: 0.64, Back Right Min: 0.54
[rosout][INFO] 2025-04-03 15:21:49,857: Back Left Min: 0.64, Back Right Min: 0.54
[rosout][INFO] 2025-04-03 15:21:49,960: Back Left Min: 0.64, Back Right Min: 0.54
[rosout][INFO] 2025-04-03 15:21:50,057: Back Left Min: 0.64, Back Right Min: 0.54
[rosout][INFO] 2025-04-03 15:21:50,160: Back Left Min: 0.64, Back Right Min: 0.54
[rosout][INFO] 2025-04-03 15:21:50,257: Back Left Min: 0.64, Back Right Min: 0.54
[rosout][INFO] 2025-04-03 15:21:50,360: Back Left Min: 0.64, Back Right Min: 0.54
[rosout][INFO] 2025-04-03 15:21:50,457: Back Left Min: 0.64, Back Right Min: 0.54
[rosout][INFO] 2025-04-03 15:21:50,560: Back Left Min: 0.64, Back Right Min: 0.54
[rosout][INFO] 2025-04-03 15:21:50,657: Back Left Min: 0.64, Back Right Min: 0.54
[rosout][INFO] 2025-04-03 15:21:50,760: Back Left Min: 0.64, Back Right Min: 0.54
[rosout][INFO] 2025-04-03 15:21:50,857: Back Left Min: 0.64, Back Right Min: 0.54
[rosout][INFO] 2025-04-03 15:21:50,961: Back Left Min: 0.64, Back Right Min: 0.54
[rosout][INFO] 2025-04-03 15:21:51,057: Back Left Min: 0.64, Back Right Min: 0.54
[rosout][INFO] 2025-04-03 15:21:51,161: Back Left Min: 0.64, Back Right Min: 0.54
[rosout][INFO] 2025-04-03 15:21:51,258: Back Left Min: 0.64, Back Right Min: 0.54
[rosout][INFO] 2025-04-03 15:21:51,361: Back Left Min: 0.64, Back Right Min: 0.54
[rosout][INFO] 2025-04-03 15:21:51,458: Back Left Min: 0.64, Back Right Min: 0.54
[rosout][INFO] 2025-04-03 15:21:51,561: Back Left Min: 0.64, Back Right Min: 0.54
[rosout][INFO] 2025-04-03 15:21:51,658: Back Left Min: 0.64, Back Right Min: 0.54
[rosout][INFO] 2025-04-03 15:21:51,761: Back Left Min: 0.64, Back Right Min: 0.54
[rosout][INFO] 2025-04-03 15:21:51,858: Back Left Min: 0.64, Back Right Min: 0.54
[rosout][INFO] 2025-04-03 15:21:51,961: Back Left Min: 0.64, Back Right Min: 0.54
[rosout][INFO] 2025-04-03 15:21:52,058: Back Left Min: 0.64, Back Right Min: 0.54
[rosout][INFO] 2025-04-03 15:21:52,161: Back Left Min: 0.64, Back Right Min: 0.54
[rosout][INFO] 2025-04-03 15:21:52,258: Back Left Min: 0.64, Back Right Min: 0.54
[rosout][INFO] 2025-04-03 15:21:52,361: Back Left Min: 0.64, Back Right Min: 0.54
[rosout][INFO] 2025-04-03 15:21:52,458: Back Left Min: 0.64, Back Right Min: 0.54
[rosout][INFO] 2025-04-03 15:21:52,561: Back Left Min: 0.64, Back Right Min: 0.54
[rosout][INFO] 2025-04-03 15:21:52,658: Back Left Min: 0.64, Back Right Min: 0.54
[rosout][INFO] 2025-04-03 15:21:52,761: Back Left Min: 0.64, Back Right Min: 0.54
[rosout][INFO] 2025-04-03 15:21:52,858: Back Left Min: 0.64, Back Right Min: 0.54
[rosout][INFO] 2025-04-03 15:21:52,961: Back Left Min: 0.64, Back Right Min: 0.54
[rosout][INFO] 2025-04-03 15:21:53,058: Back Left Min: 0.64, Back Right Min: 0.54
[rosout][INFO] 2025-04-03 15:21:53,161: Back Left Min: 0.64, Back Right Min: 0.54
[rosout][INFO] 2025-04-03 15:21:53,258: Back Left Min: 0.64, Back Right Min: 0.54
[rosout][INFO] 2025-04-03 15:21:53,361: Back Left Min: 0.64, Back Right Min: 0.54
[rosout][INFO] 2025-04-03 15:21:53,458: Back Left Min: 0.64, Back Right Min: 0.54
[rosout][INFO] 2025-04-03 15:21:53,562: Back Left Min: 0.64, Back Right Min: 0.54
[rosout][INFO] 2025-04-03 15:21:53,658: Back Left Min: 0.64, Back Right Min: 0.54
[rosout][INFO] 2025-04-03 15:21:53,762: Back Left Min: 0.64, Back Right Min: 0.54
[rosout][INFO] 2025-04-03 15:21:53,859: Back Left Min: 0.64, Back Right Min: 0.54
[rosout][INFO] 2025-04-03 15:21:53,962: Back Left Min: 0.64, Back Right Min: 0.54
[rosout][INFO] 2025-04-03 15:21:54,059: Back Left Min: 0.64, Back Right Min: 0.54
[rosout][INFO] 2025-04-03 15:21:54,162: Back Left Min: 0.64, Back Right Min: 0.54
[rosout][INFO] 2025-04-03 15:21:54,259: Back Left Min: 0.64, Back Right Min: 0.54
[rosout][INFO] 2025-04-03 15:21:54,362: Back Left Min: 0.64, Back Right Min: 0.54
[rosout][INFO] 2025-04-03 15:21:54,459: Back Left Min: 0.64, Back Right Min: 0.54
[rosout][INFO] 2025-04-03 15:21:54,562: Back Left Min: 0.64, Back Right Min: 0.54
[rosout][INFO] 2025-04-03 15:21:54,659: Back Left Min: 0.64, Back Right Min: 0.54
[rosout][INFO] 2025-04-03 15:21:54,762: Back Left Min: 0.64, Back Right Min: 0.54
[rosout][INFO] 2025-04-03 15:21:54,859: Back Left Min: 0.64, Back Right Min: 0.54
[rosout][INFO] 2025-04-03 15:21:54,962: Back Left Min: 0.64, Back Right Min: 0.54
[rosout][INFO] 2025-04-03 15:21:55,059: Back Left Min: 0.64, Back Right Min: 0.54
[rosout][INFO] 2025-04-03 15:21:55,162: Back Left Min: 0.64, Back Right Min: 0.54
[rosout][INFO] 2025-04-03 15:21:55,259: Back Left Min: 0.64, Back Right Min: 0.54
[rosout][INFO] 2025-04-03 15:21:55,362: Back Left Min: 0.64, Back Right Min: 0.54
[rosout][INFO] 2025-04-03 15:21:55,459: Back Left Min: 0.64, Back Right Min: 0.54
[rosout][INFO] 2025-04-03 15:21:55,562: Back Left Min: 0.64, Back Right Min: 0.54
[rosout][INFO] 2025-04-03 15:21:55,659: Back Left Min: 0.64, Back Right Min: 0.54
[rosout][INFO] 2025-04-03 15:21:55,763: Back Left Min: 0.64, Back Right Min: 0.54
[rosout][INFO] 2025-04-03 15:21:55,859: Back Left Min: 0.64, Back Right Min: 0.54
[rosout][INFO] 2025-04-03 15:21:55,963: Back Left Min: 0.64, Back Right Min: 0.54
[rosout][INFO] 2025-04-03 15:21:56,060: Back Left Min: 0.64, Back Right Min: 0.54
[rosout][INFO] 2025-04-03 15:21:56,163: Back Left Min: 0.64, Back Right Min: 0.54
[rosout][INFO] 2025-04-03 15:21:56,260: Back Left Min: 0.64, Back Right Min: 0.54
[rosout][INFO] 2025-04-03 15:21:56,363: Back Left Min: 0.64, Back Right Min: 0.54
[rosout][INFO] 2025-04-03 15:21:56,460: Back Left Min: 0.64, Back Right Min: 0.54
[rosout][INFO] 2025-04-03 15:21:56,563: Back Left Min: 0.64, Back Right Min: 0.54
[rosout][INFO] 2025-04-03 15:21:56,660: Back Left Min: 0.64, Back Right Min: 0.54
[rosout][INFO] 2025-04-03 15:21:56,763: Back Left Min: 0.64, Back Right Min: 0.54
[rosout][INFO] 2025-04-03 15:21:56,860: Back Left Min: 0.64, Back Right Min: 0.54
[rosout][INFO] 2025-04-03 15:21:56,963: Back Left Min: 0.64, Back Right Min: 0.54
[rosout][INFO] 2025-04-03 15:21:57,060: Back Left Min: 0.64, Back Right Min: 0.54
[rosout][INFO] 2025-04-03 15:21:57,163: Back Left Min: 0.64, Back Right Min: 0.54
[rosout][INFO] 2025-04-03 15:21:57,260: Back Left Min: 0.64, Back Right Min: 0.54
[rosout][INFO] 2025-04-03 15:21:57,363: Back Left Min: 0.64, Back Right Min: 0.54
[rosout][INFO] 2025-04-03 15:21:57,460: Back Left Min: 0.64, Back Right Min: 0.54
[rosout][INFO] 2025-04-03 15:21:57,563: Back Left Min: 0.64, Back Right Min: 0.54
[rosout][INFO] 2025-04-03 15:21:57,660: Back Left Min: 0.64, Back Right Min: 0.54
[rosout][INFO] 2025-04-03 15:21:57,763: Back Left Min: 0.64, Back Right Min: 0.54
[rosout][INFO] 2025-04-03 15:21:57,860: Back Left Min: 0.64, Back Right Min: 0.54
[rosout][INFO] 2025-04-03 15:21:57,963: Back Left Min: 0.64, Back Right Min: 0.54
[rosout][INFO] 2025-04-03 15:21:58,060: Back Left Min: 0.64, Back Right Min: 0.54
[rosout][INFO] 2025-04-03 15:21:58,163: Back Left Min: 0.64, Back Right Min: 0.54
[rosout][INFO] 2025-04-03 15:21:58,260: Back Left Min: 0.64, Back Right Min: 0.54
[rosout][INFO] 2025-04-03 15:21:58,364: Back Left Min: 0.64, Back Right Min: 0.54
[rosout][INFO] 2025-04-03 15:21:58,460: Back Left Min: 0.64, Back Right Min: 0.54
[rosout][INFO] 2025-04-03 15:21:58,564: Back Left Min: 0.64, Back Right Min: 0.54
[rosout][INFO] 2025-04-03 15:21:58,661: Back Left Min: 0.64, Back Right Min: 0.54
[rosout][INFO] 2025-04-03 15:21:58,764: Back Left Min: 0.64, Back Right Min: 0.54
[rosout][INFO] 2025-04-03 15:21:58,861: Back Left Min: 0.64, Back Right Min: 0.54
[rosout][INFO] 2025-04-03 15:21:58,964: Back Left Min: 0.64, Back Right Min: 0.54
[rosout][INFO] 2025-04-03 15:21:59,061: Back Left Min: 0.64, Back Right Min: 0.54
[rosout][INFO] 2025-04-03 15:21:59,164: Back Left Min: 0.64, Back Right Min: 0.54
[rosout][INFO] 2025-04-03 15:21:59,261: Back Left Min: 0.64, Back Right Min: 0.54
[rosout][INFO] 2025-04-03 15:21:59,364: Back Left Min: 0.64, Back Right Min: 0.54
[rosout][INFO] 2025-04-03 15:21:59,461: Back Left Min: 0.64, Back Right Min: 0.54
[rosout][INFO] 2025-04-03 15:21:59,564: Back Left Min: 0.64, Back Right Min: 0.54
[rosout][INFO] 2025-04-03 15:21:59,661: Back Left Min: 0.64, Back Right Min: 0.54
[rosout][INFO] 2025-04-03 15:21:59,764: Back Left Min: 0.64, Back Right Min: 0.54
[rosout][INFO] 2025-04-03 15:21:59,861: Back Left Min: 0.64, Back Right Min: 0.54
[rosout][INFO] 2025-04-03 15:21:59,964: Back Left Min: 0.64, Back Right Min: 0.54
[rosout][INFO] 2025-04-03 15:22:00,061: Back Left Min: 0.64, Back Right Min: 0.54
[rosout][INFO] 2025-04-03 15:22:00,164: Back Left Min: 0.64, Back Right Min: 0.54
[rosout][INFO] 2025-04-03 15:22:00,261: Back Left Min: 0.64, Back Right Min: 0.54
[rosout][INFO] 2025-04-03 15:22:00,364: Back Left Min: 0.64, Back Right Min: 0.54
[rosout][INFO] 2025-04-03 15:22:00,461: Back Left Min: 0.64, Back Right Min: 0.54
[rosout][INFO] 2025-04-03 15:22:00,564: Back Left Min: 0.64, Back Right Min: 0.54
[rosout][INFO] 2025-04-03 15:22:00,661: Back Left Min: 0.64, Back Right Min: 0.54
[rosout][INFO] 2025-04-03 15:22:00,765: Back Left Min: 0.64, Back Right Min: 0.54
[rosout][INFO] 2025-04-03 15:22:00,861: Back Left Min: 0.64, Back Right Min: 0.54
[rosout][INFO] 2025-04-03 15:22:00,965: Back Left Min: 0.64, Back Right Min: 0.54
[rosout][INFO] 2025-04-03 15:22:01,061: Back Left Min: 0.64, Back Right Min: 0.54
[rosout][INFO] 2025-04-03 15:22:01,165: Back Left Min: 0.64, Back Right Min: 0.54
[rosout][INFO] 2025-04-03 15:22:01,262: Back Left Min: 0.64, Back Right Min: 0.54
[rosout][INFO] 2025-04-03 15:22:01,365: Back Left Min: 0.64, Back Right Min: 0.54
[rosout][INFO] 2025-04-03 15:22:01,462: Back Left Min: 0.64, Back Right Min: 0.54
[rosout][INFO] 2025-04-03 15:22:01,565: Back Left Min: 0.64, Back Right Min: 0.54
[rosout][INFO] 2025-04-03 15:22:01,662: Back Left Min: 0.64, Back Right Min: 0.54
[rosout][INFO] 2025-04-03 15:22:01,765: Back Left Min: 0.64, Back Right Min: 0.54
[rosout][INFO] 2025-04-03 15:22:01,862: Back Left Min: 0.64, Back Right Min: 0.54
[rosout][INFO] 2025-04-03 15:22:01,965: Back Left Min: 0.64, Back Right Min: 0.54
[rosout][INFO] 2025-04-03 15:22:02,062: Back Left Min: 0.64, Back Right Min: 0.54
[rosout][INFO] 2025-04-03 15:22:02,165: Back Left Min: 0.64, Back Right Min: 0.54
[rosout][INFO] 2025-04-03 15:22:02,262: Back Left Min: 0.64, Back Right Min: 0.54
[rosout][INFO] 2025-04-03 15:22:02,365: Back Left Min: 0.64, Back Right Min: 0.54
[rosout][INFO] 2025-04-03 15:22:02,462: Back Left Min: 0.64, Back Right Min: 0.54
[rosout][INFO] 2025-04-03 15:22:02,565: Back Left Min: 0.64, Back Right Min: 0.54
[rosout][INFO] 2025-04-03 15:22:02,662: Back Left Min: 0.64, Back Right Min: 0.54
[rosout][INFO] 2025-04-03 15:22:02,765: Back Left Min: 0.64, Back Right Min: 0.54
[rosout][INFO] 2025-04-03 15:22:02,862: Back Left Min: 0.64, Back Right Min: 0.54
[rosout][INFO] 2025-04-03 15:22:02,965: Back Left Min: 0.64, Back Right Min: 0.54
[rosout][INFO] 2025-04-03 15:22:03,062: Back Left Min: 0.64, Back Right Min: 0.54
[rosout][INFO] 2025-04-03 15:22:03,166: Back Left Min: 0.64, Back Right Min: 0.54
[rosout][INFO] 2025-04-03 15:22:03,262: Back Left Min: 0.64, Back Right Min: 0.54
[rosout][INFO] 2025-04-03 15:22:03,366: Back Left Min: 0.64, Back Right Min: 0.54
[rosout][INFO] 2025-04-03 15:22:03,463: Back Left Min: 0.64, Back Right Min: 0.54
[rosout][INFO] 2025-04-03 15:22:03,566: Back Left Min: 0.64, Back Right Min: 0.54
[rosout][INFO] 2025-04-03 15:22:03,663: Back Left Min: 0.64, Back Right Min: 0.54
[rosout][INFO] 2025-04-03 15:22:03,766: Back Left Min: 0.64, Back Right Min: 0.54
[rosout][INFO] 2025-04-03 15:22:03,863: Back Left Min: 0.64, Back Right Min: 0.54
[rosout][INFO] 2025-04-03 15:22:03,966: Back Left Min: 0.64, Back Right Min: 0.54
[rosout][INFO] 2025-04-03 15:22:04,063: Back Left Min: 0.64, Back Right Min: 0.54
[rosout][INFO] 2025-04-03 15:22:04,166: Back Left Min: 0.64, Back Right Min: 0.54
[rosout][INFO] 2025-04-03 15:22:04,263: Back Left Min: 0.64, Back Right Min: 0.54
[rosout][INFO] 2025-04-03 15:22:04,366: Back Left Min: 0.64, Back Right Min: 0.54
[rosout][INFO] 2025-04-03 15:22:04,463: Back Left Min: 0.64, Back Right Min: 0.54
[rosout][INFO] 2025-04-03 15:22:04,566: Back Left Min: 0.64, Back Right Min: 0.54
[rosout][INFO] 2025-04-03 15:22:04,663: Back Left Min: 0.64, Back Right Min: 0.54
[rosout][INFO] 2025-04-03 15:22:04,766: Back Left Min: 0.64, Back Right Min: 0.54
[rosout][INFO] 2025-04-03 15:22:04,863: Back Left Min: 0.64, Back Right Min: 0.54
[rosout][INFO] 2025-04-03 15:22:04,966: Back Left Min: 0.64, Back Right Min: 0.54
[rosout][INFO] 2025-04-03 15:22:05,063: Back Left Min: 0.64, Back Right Min: 0.54
[rosout][INFO] 2025-04-03 15:22:05,166: Back Left Min: 0.64, Back Right Min: 0.54
[rosout][INFO] 2025-04-03 15:22:05,263: Back Left Min: 0.64, Back Right Min: 0.54
[rosout][INFO] 2025-04-03 15:22:05,366: Back Left Min: 0.64, Back Right Min: 0.54
[rosout][INFO] 2025-04-03 15:22:05,463: Back Left Min: 0.64, Back Right Min: 0.54
[rosout][INFO] 2025-04-03 15:22:05,567: Back Left Min: 0.64, Back Right Min: 0.54
[rosout][INFO] 2025-04-03 15:22:05,663: Back Left Min: 0.64, Back Right Min: 0.54
[rosout][INFO] 2025-04-03 15:22:05,767: Back Left Min: 0.64, Back Right Min: 0.54
[rosout][INFO] 2025-04-03 15:22:05,864: Back Left Min: 0.64, Back Right Min: 0.54
[rosout][INFO] 2025-04-03 15:22:05,967: Back Left Min: 0.64, Back Right Min: 0.54
[rosout][INFO] 2025-04-03 15:22:06,064: Back Left Min: 0.64, Back Right Min: 0.54
[rosout][INFO] 2025-04-03 15:22:06,167: Back Left Min: 0.64, Back Right Min: 0.54
[rosout][INFO] 2025-04-03 15:22:06,264: Back Left Min: 0.64, Back Right Min: 0.54
[rosout][INFO] 2025-04-03 15:22:06,367: Back Left Min: 0.64, Back Right Min: 0.54
[rosout][INFO] 2025-04-03 15:22:06,464: Back Left Min: 0.64, Back Right Min: 0.54
[rosout][INFO] 2025-04-03 15:22:06,567: Back Left Min: 0.64, Back Right Min: 0.54
[rosout][INFO] 2025-04-03 15:22:06,664: Back Left Min: 0.64, Back Right Min: 0.54
[rosout][INFO] 2025-04-03 15:22:06,767: Back Left Min: 0.64, Back Right Min: 0.54
[rosout][INFO] 2025-04-03 15:22:06,864: Back Left Min: 0.64, Back Right Min: 0.54
[rosout][INFO] 2025-04-03 15:22:06,967: Back Left Min: 0.64, Back Right Min: 0.54
[rosout][INFO] 2025-04-03 15:22:07,064: Back Left Min: 0.64, Back Right Min: 0.54
[rosout][INFO] 2025-04-03 15:22:07,167: Back Left Min: 0.64, Back Right Min: 0.54
[rosout][INFO] 2025-04-03 15:22:07,264: Back Left Min: 0.64, Back Right Min: 0.54
[rosout][INFO] 2025-04-03 15:22:07,367: Back Left Min: 0.64, Back Right Min: 0.54
[rosout][INFO] 2025-04-03 15:22:07,464: Back Left Min: 0.64, Back Right Min: 0.54
[rosout][INFO] 2025-04-03 15:22:07,567: Back Left Min: 0.64, Back Right Min: 0.54
[rosout][INFO] 2025-04-03 15:22:07,664: Back Left Min: 0.64, Back Right Min: 0.54
[rosout][INFO] 2025-04-03 15:22:07,767: Back Left Min: 0.64, Back Right Min: 0.54
[rosout][INFO] 2025-04-03 15:22:07,864: Back Left Min: 0.64, Back Right Min: 0.54
[rosout][INFO] 2025-04-03 15:22:07,967: Back Left Min: 0.64, Back Right Min: 0.54
[rosout][INFO] 2025-04-03 15:22:08,064: Back Left Min: 0.64, Back Right Min: 0.54
[rosout][INFO] 2025-04-03 15:22:08,168: Back Left Min: 0.64, Back Right Min: 0.54
[rosout][INFO] 2025-04-03 15:22:08,264: Back Left Min: 0.64, Back Right Min: 0.54
[rosout][INFO] 2025-04-03 15:22:08,368: Back Left Min: 0.64, Back Right Min: 0.54
[rosout][INFO] 2025-04-03 15:22:08,465: Back Left Min: 0.64, Back Right Min: 0.54
[rosout][INFO] 2025-04-03 15:22:08,568: Back Left Min: 0.64, Back Right Min: 0.54
[rosout][INFO] 2025-04-03 15:22:08,665: Back Left Min: 0.64, Back Right Min: 0.54
[rosout][INFO] 2025-04-03 15:22:08,768: Back Left Min: 0.64, Back Right Min: 0.54
[rosout][INFO] 2025-04-03 15:22:08,865: Back Left Min: 0.64, Back Right Min: 0.54
[rosout][INFO] 2025-04-03 15:22:08,968: Back Left Min: 0.64, Back Right Min: 0.54
[rosout][INFO] 2025-04-03 15:22:09,065: Back Left Min: 0.64, Back Right Min: 0.54
[rosout][INFO] 2025-04-03 15:22:09,168: Back Left Min: 0.64, Back Right Min: 0.54
[rosout][INFO] 2025-04-03 15:22:09,265: Back Left Min: 0.64, Back Right Min: 0.54
[rosout][INFO] 2025-04-03 15:22:09,368: Back Left Min: 0.64, Back Right Min: 0.54
[rosout][INFO] 2025-04-03 15:22:09,465: Back Left Min: 0.64, Back Right Min: 0.54
[rosout][INFO] 2025-04-03 15:22:09,568: Back Left Min: 0.64, Back Right Min: 0.54
[rosout][INFO] 2025-04-03 15:22:09,665: Back Left Min: 0.64, Back Right Min: 0.54
[rosout][INFO] 2025-04-03 15:22:09,768: Back Left Min: 0.64, Back Right Min: 0.54
[rosout][INFO] 2025-04-03 15:22:09,865: Back Left Min: 0.64, Back Right Min: 0.54
[rosout][INFO] 2025-04-03 15:22:09,968: Back Left Min: 0.64, Back Right Min: 0.54
[rosout][INFO] 2025-04-03 15:22:10,065: Back Left Min: 0.64, Back Right Min: 0.54
[rosout][INFO] 2025-04-03 15:22:10,168: Back Left Min: 0.64, Back Right Min: 0.54
[rosout][INFO] 2025-04-03 15:22:10,265: Back Left Min: 0.64, Back Right Min: 0.54
[rosout][INFO] 2025-04-03 15:22:10,368: Back Left Min: 0.64, Back Right Min: 0.54
[rosout][INFO] 2025-04-03 15:22:10,465: Back Left Min: 0.64, Back Right Min: 0.54
[rosout][INFO] 2025-04-03 15:22:10,568: Back Left Min: 0.64, Back Right Min: 0.54
[rosout][INFO] 2025-04-03 15:22:10,665: Back Left Min: 0.64, Back Right Min: 0.54
[rosout][INFO] 2025-04-03 15:22:10,769: Back Left Min: 0.64, Back Right Min: 0.54
[rosout][INFO] 2025-04-03 15:22:10,865: Back Left Min: 0.64, Back Right Min: 0.54
[rosout][INFO] 2025-04-03 15:22:10,969: Back Left Min: 0.64, Back Right Min: 0.54
[rosout][INFO] 2025-04-03 15:22:11,066: Back Left Min: 0.64, Back Right Min: 0.54
[rosout][INFO] 2025-04-03 15:22:11,169: Back Left Min: 0.64, Back Right Min: 0.54
[rosout][INFO] 2025-04-03 15:22:11,266: Back Left Min: 0.64, Back Right Min: 0.54
[rosout][INFO] 2025-04-03 15:22:11,369: Back Left Min: 0.64, Back Right Min: 0.54
[rosout][INFO] 2025-04-03 15:22:11,466: Back Left Min: 0.64, Back Right Min: 0.54
[rosout][INFO] 2025-04-03 15:22:11,569: Back Left Min: 0.64, Back Right Min: 0.54
[rosout][INFO] 2025-04-03 15:22:11,666: Back Left Min: 0.64, Back Right Min: 0.54
[rosout][INFO] 2025-04-03 15:22:11,769: Back Left Min: 0.64, Back Right Min: 0.54
[rosout][INFO] 2025-04-03 15:22:11,866: Back Left Min: 0.64, Back Right Min: 0.54
[rosout][INFO] 2025-04-03 15:22:11,969: Back Left Min: 0.64, Back Right Min: 0.54
[rosout][INFO] 2025-04-03 15:22:12,066: Back Left Min: 0.64, Back Right Min: 0.54
[rosout][INFO] 2025-04-03 15:22:12,169: Back Left Min: 0.64, Back Right Min: 0.54
[rosout][INFO] 2025-04-03 15:22:12,266: Back Left Min: 0.64, Back Right Min: 0.54
[rosout][INFO] 2025-04-03 15:22:12,369: Back Left Min: 0.64, Back Right Min: 0.54
[rosout][INFO] 2025-04-03 15:22:12,466: Back Left Min: 0.64, Back Right Min: 0.54
[rosout][INFO] 2025-04-03 15:22:12,569: Back Left Min: 0.64, Back Right Min: 0.54
[rosout][INFO] 2025-04-03 15:22:12,666: Back Left Min: 0.64, Back Right Min: 0.54
[rosout][INFO] 2025-04-03 15:22:12,769: Back Left Min: 0.64, Back Right Min: 0.54
[rosout][INFO] 2025-04-03 15:22:12,866: Back Left Min: 0.64, Back Right Min: 0.54
[rosout][INFO] 2025-04-03 15:22:12,969: Back Left Min: 0.64, Back Right Min: 0.54
[rosout][INFO] 2025-04-03 15:22:13,066: Back Left Min: 0.64, Back Right Min: 0.54
[rosout][INFO] 2025-04-03 15:22:13,170: Back Left Min: 0.64, Back Right Min: 0.54
[rosout][INFO] 2025-04-03 15:22:13,266: Back Left Min: 0.64, Back Right Min: 0.54
[rosout][INFO] 2025-04-03 15:22:13,370: Back Left Min: 0.64, Back Right Min: 0.54
[rosout][INFO] 2025-04-03 15:22:13,467: Back Left Min: 0.64, Back Right Min: 0.54
[rosout][INFO] 2025-04-03 15:22:13,570: Back Left Min: 0.64, Back Right Min: 0.54
[rosout][INFO] 2025-04-03 15:22:13,667: Back Left Min: 0.64, Back Right Min: 0.54
[rosout][INFO] 2025-04-03 15:22:13,770: Back Left Min: 0.64, Back Right Min: 0.54
[rosout][INFO] 2025-04-03 15:22:13,867: Back Left Min: 0.64, Back Right Min: 0.54
[rosout][INFO] 2025-04-03 15:22:13,970: Back Left Min: 0.64, Back Right Min: 0.54
[rosout][INFO] 2025-04-03 15:22:14,067: Back Left Min: 0.64, Back Right Min: 0.54
[rosout][INFO] 2025-04-03 15:22:14,170: Back Left Min: 0.64, Back Right Min: 0.54
[rosout][INFO] 2025-04-03 15:22:14,267: Back Left Min: 0.64, Back Right Min: 0.54
[rosout][INFO] 2025-04-03 15:22:14,370: Back Left Min: 0.64, Back Right Min: 0.54
[rosout][INFO] 2025-04-03 15:22:14,467: Back Left Min: 0.64, Back Right Min: 0.54
[rosout][INFO] 2025-04-03 15:22:14,570: Back Left Min: 0.64, Back Right Min: 0.54
[rosout][INFO] 2025-04-03 15:22:14,667: Back Left Min: 0.64, Back Right Min: 0.54
[rosout][INFO] 2025-04-03 15:22:14,770: Back Left Min: 0.64, Back Right Min: 0.54
[rosout][INFO] 2025-04-03 15:22:14,867: Back Left Min: 0.64, Back Right Min: 0.54
[rosout][INFO] 2025-04-03 15:22:14,970: Back Left Min: 0.64, Back Right Min: 0.54
[rosout][INFO] 2025-04-03 15:22:15,067: Back Left Min: 0.64, Back Right Min: 0.54
[rosout][INFO] 2025-04-03 15:22:15,170: Back Left Min: 0.64, Back Right Min: 0.54
[rosout][INFO] 2025-04-03 15:22:15,267: Back Left Min: 0.64, Back Right Min: 0.54
[rosout][INFO] 2025-04-03 15:22:15,370: Back Left Min: 0.64, Back Right Min: 0.54
[rosout][INFO] 2025-04-03 15:22:15,467: Back Left Min: 0.64, Back Right Min: 0.54
[rosout][INFO] 2025-04-03 15:22:15,571: Back Left Min: 0.64, Back Right Min: 0.54
[rosout][INFO] 2025-04-03 15:22:15,667: Back Left Min: 0.64, Back Right Min: 0.54
[rosout][INFO] 2025-04-03 15:22:15,771: Back Left Min: 0.64, Back Right Min: 0.54
[rosout][INFO] 2025-04-03 15:22:15,868: Back Left Min: 0.64, Back Right Min: 0.54
[rosout][INFO] 2025-04-03 15:22:15,971: Back Left Min: 0.64, Back Right Min: 0.54
[rosout][INFO] 2025-04-03 15:22:16,068: Back Left Min: 0.64, Back Right Min: 0.54
[rosout][INFO] 2025-04-03 15:22:16,171: Back Left Min: 0.64, Back Right Min: 0.54
[rosout][INFO] 2025-04-03 15:22:16,268: Back Left Min: 0.64, Back Right Min: 0.54
[rosout][INFO] 2025-04-03 15:22:16,371: Back Left Min: 0.64, Back Right Min: 0.54
[rosout][INFO] 2025-04-03 15:22:16,468: Back Left Min: 0.64, Back Right Min: 0.54
[rosout][INFO] 2025-04-03 15:22:16,571: Back Left Min: 0.64, Back Right Min: 0.54
[rosout][INFO] 2025-04-03 15:22:16,668: Back Left Min: 0.64, Back Right Min: 0.54
[rosout][INFO] 2025-04-03 15:22:16,771: Back Left Min: 0.64, Back Right Min: 0.54
[rosout][INFO] 2025-04-03 15:22:16,868: Back Left Min: 0.64, Back Right Min: 0.54
[rosout][INFO] 2025-04-03 15:22:16,971: Back Left Min: 0.64, Back Right Min: 0.54
[rosout][INFO] 2025-04-03 15:22:17,068: Back Left Min: 0.64, Back Right Min: 0.54
[rosout][INFO] 2025-04-03 15:22:17,171: Back Left Min: 0.64, Back Right Min: 0.54
[rosout][INFO] 2025-04-03 15:22:17,268: Back Left Min: 0.64, Back Right Min: 0.54
[rosout][INFO] 2025-04-03 15:22:17,371: Back Left Min: 0.64, Back Right Min: 0.54
[rosout][INFO] 2025-04-03 15:22:17,468: Back Left Min: 0.64, Back Right Min: 0.54
[rosout][INFO] 2025-04-03 15:22:17,571: Back Left Min: 0.64, Back Right Min: 0.54
[rosout][INFO] 2025-04-03 15:22:17,668: Back Left Min: 0.64, Back Right Min: 0.54
[rosout][INFO] 2025-04-03 15:22:17,771: Back Left Min: 0.64, Back Right Min: 0.54
[rosout][INFO] 2025-04-03 15:22:17,868: Back Left Min: 0.64, Back Right Min: 0.54
[rosout][INFO] 2025-04-03 15:22:17,972: Back Left Min: 0.64, Back Right Min: 0.54
[rosout][INFO] 2025-04-03 15:22:18,068: Back Left Min: 0.64, Back Right Min: 0.54
[rosout][INFO] 2025-04-03 15:22:18,172: Back Left Min: 0.64, Back Right Min: 0.54
[rosout][INFO] 2025-04-03 15:22:18,269: Back Left Min: 0.64, Back Right Min: 0.54
[rosout][INFO] 2025-04-03 15:22:18,372: Back Left Min: 0.64, Back Right Min: 0.54
[rosout][INFO] 2025-04-03 15:22:18,469: Back Left Min: 0.64, Back Right Min: 0.54
[rosout][INFO] 2025-04-03 15:22:18,572: Back Left Min: 0.64, Back Right Min: 0.54
[rosout][INFO] 2025-04-03 15:22:18,669: Back Left Min: 0.64, Back Right Min: 0.54
[rosout][INFO] 2025-04-03 15:22:18,772: Back Left Min: 0.64, Back Right Min: 0.54
[rosout][INFO] 2025-04-03 15:22:18,869: Back Left Min: 0.64, Back Right Min: 0.54
[rosout][INFO] 2025-04-03 15:22:18,972: Back Left Min: 0.64, Back Right Min: 0.54
[rosout][INFO] 2025-04-03 15:22:19,069: Back Left Min: 0.64, Back Right Min: 0.54
[rosout][INFO] 2025-04-03 15:22:19,172: Back Left Min: 0.64, Back Right Min: 0.54
[rosout][INFO] 2025-04-03 15:22:19,269: Back Left Min: 0.64, Back Right Min: 0.54
[rosout][INFO] 2025-04-03 15:22:19,372: Back Left Min: 0.64, Back Right Min: 0.54
[rosout][INFO] 2025-04-03 15:22:19,469: Back Left Min: 0.64, Back Right Min: 0.54
[rosout][INFO] 2025-04-03 15:22:19,572: Back Left Min: 0.64, Back Right Min: 0.54
[rosout][INFO] 2025-04-03 15:22:19,669: Back Left Min: 0.64, Back Right Min: 0.54
[rosout][INFO] 2025-04-03 15:22:19,772: Back Left Min: 0.64, Back Right Min: 0.54
[rosout][INFO] 2025-04-03 15:22:19,869: Back Left Min: 0.64, Back Right Min: 0.54
[rosout][INFO] 2025-04-03 15:22:19,972: Back Left Min: 0.64, Back Right Min: 0.54
[rosout][INFO] 2025-04-03 15:22:20,069: Back Left Min: 0.64, Back Right Min: 0.54
[rosout][INFO] 2025-04-03 15:22:20,172: Back Left Min: 0.64, Back Right Min: 0.54
[rosout][INFO] 2025-04-03 15:22:20,269: Back Left Min: 0.64, Back Right Min: 0.54
[rosout][INFO] 2025-04-03 15:22:20,373: Back Left Min: 0.64, Back Right Min: 0.54
[rosout][INFO] 2025-04-03 15:22:20,469: Back Left Min: 0.64, Back Right Min: 0.54
[rosout][INFO] 2025-04-03 15:22:20,573: Back Left Min: 0.64, Back Right Min: 0.54
[rosout][INFO] 2025-04-03 15:22:20,669: Back Left Min: 0.64, Back Right Min: 0.54
[rosout][INFO] 2025-04-03 15:22:20,773: Back Left Min: 0.64, Back Right Min: 0.54
[rosout][INFO] 2025-04-03 15:22:20,870: Back Left Min: 0.64, Back Right Min: 0.54
[rosout][INFO] 2025-04-03 15:22:20,973: Back Left Min: 0.64, Back Right Min: 0.54
[rosout][INFO] 2025-04-03 15:22:21,070: Back Left Min: 0.64, Back Right Min: 0.54
[rosout][INFO] 2025-04-03 15:22:21,173: Back Left Min: 0.64, Back Right Min: 0.54
[rosout][INFO] 2025-04-03 15:22:21,270: Back Left Min: 0.64, Back Right Min: 0.54
[rosout][INFO] 2025-04-03 15:22:21,373: Back Left Min: 0.64, Back Right Min: 0.54
[rosout][INFO] 2025-04-03 15:22:21,470: Back Left Min: 0.64, Back Right Min: 0.54
[rosout][INFO] 2025-04-03 15:22:21,573: Back Left Min: 0.64, Back Right Min: 0.54
[rosout][INFO] 2025-04-03 15:22:21,670: Back Left Min: 0.64, Back Right Min: 0.54
[rosout][INFO] 2025-04-03 15:22:21,773: Back Left Min: 0.64, Back Right Min: 0.54
[rosout][INFO] 2025-04-03 15:22:21,870: Back Left Min: 0.64, Back Right Min: 0.54
[rosout][INFO] 2025-04-03 15:22:21,973: Back Left Min: 0.64, Back Right Min: 0.54
[rosout][INFO] 2025-04-03 15:22:22,070: Back Left Min: 0.64, Back Right Min: 0.54
[rosout][INFO] 2025-04-03 15:22:22,173: Back Left Min: 0.64, Back Right Min: 0.54
[rosout][INFO] 2025-04-03 15:22:22,270: Back Left Min: 0.64, Back Right Min: 0.54
[rosout][INFO] 2025-04-03 15:22:22,373: Back Left Min: 0.64, Back Right Min: 0.54
[rosout][INFO] 2025-04-03 15:22:22,470: Back Left Min: 0.64, Back Right Min: 0.54
[rosout][INFO] 2025-04-03 15:22:22,573: Back Left Min: 0.64, Back Right Min: 0.54
[rosout][INFO] 2025-04-03 15:22:22,670: Back Left Min: 0.64, Back Right Min: 0.54
[rosout][INFO] 2025-04-03 15:22:22,773: Back Left Min: 0.64, Back Right Min: 0.54
[rosout][INFO] 2025-04-03 15:22:22,870: Back Left Min: 0.64, Back Right Min: 0.54
[rosout][INFO] 2025-04-03 15:22:22,974: Back Left Min: 0.64, Back Right Min: 0.54
[rosout][INFO] 2025-04-03 15:22:23,070: Back Left Min: 0.64, Back Right Min: 0.54
[rosout][INFO] 2025-04-03 15:22:23,174: Back Left Min: 0.64, Back Right Min: 0.54
[rosout][INFO] 2025-04-03 15:22:23,270: Back Left Min: 0.64, Back Right Min: 0.54
[rosout][INFO] 2025-04-03 15:22:23,374: Back Left Min: 0.64, Back Right Min: 0.54
[rosout][INFO] 2025-04-03 15:22:23,471: Back Left Min: 0.64, Back Right Min: 0.54
[rosout][INFO] 2025-04-03 15:22:23,574: Back Left Min: 0.64, Back Right Min: 0.54
[rosout][INFO] 2025-04-03 15:22:23,671: Back Left Min: 0.64, Back Right Min: 0.54
[rosout][INFO] 2025-04-03 15:22:23,774: Back Left Min: 0.64, Back Right Min: 0.54
[rosout][INFO] 2025-04-03 15:22:23,871: Back Left Min: 0.64, Back Right Min: 0.54
[rosout][INFO] 2025-04-03 15:22:23,974: Back Left Min: 0.64, Back Right Min: 0.54
[rosout][INFO] 2025-04-03 15:22:24,071: Back Left Min: 0.64, Back Right Min: 0.54
[rosout][INFO] 2025-04-03 15:22:24,174: Back Left Min: 0.64, Back Right Min: 0.54
[rosout][INFO] 2025-04-03 15:22:24,271: Back Left Min: 0.64, Back Right Min: 0.54
[rosout][INFO] 2025-04-03 15:22:24,374: Back Left Min: 0.64, Back Right Min: 0.54
[rosout][INFO] 2025-04-03 15:22:24,471: Back Left Min: 0.64, Back Right Min: 0.54
[rosout][INFO] 2025-04-03 15:22:24,574: Back Left Min: 0.64, Back Right Min: 0.54
[rosout][INFO] 2025-04-03 15:22:24,671: Back Left Min: 0.64, Back Right Min: 0.54
[rosout][INFO] 2025-04-03 15:22:24,774: Back Left Min: 0.64, Back Right Min: 0.54
[rosout][INFO] 2025-04-03 15:22:24,871: Back Left Min: 0.64, Back Right Min: 0.54
[rosout][INFO] 2025-04-03 15:22:24,974: Back Left Min: 0.64, Back Right Min: 0.54
[rosout][INFO] 2025-04-03 15:22:25,071: Back Left Min: 0.64, Back Right Min: 0.54
[rosout][INFO] 2025-04-03 15:22:25,174: Back Left Min: 0.64, Back Right Min: 0.54
[rosout][INFO] 2025-04-03 15:22:25,271: Back Left Min: 0.64, Back Right Min: 0.54
[rosout][INFO] 2025-04-03 15:22:25,375: Back Left Min: 0.64, Back Right Min: 0.54
[rosout][INFO] 2025-04-03 15:22:25,471: Back Left Min: 0.64, Back Right Min: 0.54
[rosout][INFO] 2025-04-03 15:22:25,575: Back Left Min: 0.64, Back Right Min: 0.54
[rosout][INFO] 2025-04-03 15:22:25,671: Back Left Min: 0.64, Back Right Min: 0.54
[rosout][INFO] 2025-04-03 15:22:25,775: Back Left Min: 0.64, Back Right Min: 0.54
[rosout][INFO] 2025-04-03 15:22:25,872: Back Left Min: 0.64, Back Right Min: 0.54
[rosout][INFO] 2025-04-03 15:22:25,975: Back Left Min: 0.64, Back Right Min: 0.54
[rosout][INFO] 2025-04-03 15:22:26,072: Back Left Min: 0.64, Back Right Min: 0.54
[rosout][INFO] 2025-04-03 15:22:26,175: Back Left Min: 0.64, Back Right Min: 0.54
[rosout][INFO] 2025-04-03 15:22:26,272: Back Left Min: 0.64, Back Right Min: 0.54
[rosout][INFO] 2025-04-03 15:22:26,375: Back Left Min: 0.64, Back Right Min: 0.54
[rosout][INFO] 2025-04-03 15:22:26,472: Back Left Min: 0.64, Back Right Min: 0.54
[rosout][INFO] 2025-04-03 15:22:26,575: Back Left Min: 0.64, Back Right Min: 0.54
[rosout][INFO] 2025-04-03 15:22:26,672: Back Left Min: 0.64, Back Right Min: 0.54
[rosout][INFO] 2025-04-03 15:22:26,775: Back Left Min: 0.64, Back Right Min: 0.54
[rosout][INFO] 2025-04-03 15:22:26,872: Back Left Min: 0.64, Back Right Min: 0.54
[rosout][INFO] 2025-04-03 15:22:26,975: Back Left Min: 0.64, Back Right Min: 0.54
[rosout][INFO] 2025-04-03 15:22:27,072: Back Left Min: 0.64, Back Right Min: 0.54
[rosout][INFO] 2025-04-03 15:22:27,175: Back Left Min: 0.64, Back Right Min: 0.54
[rosout][INFO] 2025-04-03 15:22:27,272: Back Left Min: 0.64, Back Right Min: 0.54
[rosout][INFO] 2025-04-03 15:22:27,375: Back Left Min: 0.64, Back Right Min: 0.54
[rosout][INFO] 2025-04-03 15:22:27,472: Back Left Min: 0.64, Back Right Min: 0.54
[rosout][INFO] 2025-04-03 15:22:27,575: Back Left Min: 0.64, Back Right Min: 0.54
[rosout][INFO] 2025-04-03 15:22:27,672: Back Left Min: 0.64, Back Right Min: 0.54
[rosout][INFO] 2025-04-03 15:22:27,775: Back Left Min: 0.64, Back Right Min: 0.54
[rosout][INFO] 2025-04-03 15:22:27,872: Back Left Min: 0.64, Back Right Min: 0.54
[rosout][INFO] 2025-04-03 15:22:27,976: Back Left Min: 0.64, Back Right Min: 0.54
[rosout][INFO] 2025-04-03 15:22:28,072: Back Left Min: 0.64, Back Right Min: 0.54
[rosout][INFO] 2025-04-03 15:22:28,176: Back Left Min: 0.64, Back Right Min: 0.54
[rosout][INFO] 2025-04-03 15:22:28,273: Back Left Min: 0.64, Back Right Min: 0.54
[rosout][INFO] 2025-04-03 15:22:28,376: Back Left Min: 0.64, Back Right Min: 0.54
[rosout][INFO] 2025-04-03 15:22:28,473: Back Left Min: 0.64, Back Right Min: 0.54
[rosout][INFO] 2025-04-03 15:22:28,576: Back Left Min: 0.64, Back Right Min: 0.54
[rosout][INFO] 2025-04-03 15:22:28,673: Back Left Min: 0.64, Back Right Min: 0.54
[rosout][INFO] 2025-04-03 15:22:28,776: Back Left Min: 0.64, Back Right Min: 0.54
[rosout][INFO] 2025-04-03 15:22:28,873: Back Left Min: 0.64, Back Right Min: 0.54
[rosout][INFO] 2025-04-03 15:22:28,976: Back Left Min: 0.64, Back Right Min: 0.54
[rosout][INFO] 2025-04-03 15:22:29,073: Back Left Min: 0.64, Back Right Min: 0.54
[rosout][INFO] 2025-04-03 15:22:29,176: Back Left Min: 0.64, Back Right Min: 0.54
[rosout][INFO] 2025-04-03 15:22:29,273: Back Left Min: 0.64, Back Right Min: 0.54
[rosout][INFO] 2025-04-03 15:22:29,376: Back Left Min: 0.64, Back Right Min: 0.54
[rosout][INFO] 2025-04-03 15:22:29,473: Back Left Min: 0.64, Back Right Min: 0.54
[rosout][INFO] 2025-04-03 15:22:29,576: Back Left Min: 0.64, Back Right Min: 0.54
[rosout][INFO] 2025-04-03 15:22:29,673: Back Left Min: 0.64, Back Right Min: 0.54
[rosout][INFO] 2025-04-03 15:22:29,776: Back Left Min: 0.64, Back Right Min: 0.54
[rosout][INFO] 2025-04-03 15:22:29,873: Back Left Min: 0.64, Back Right Min: 0.54
[rosout][INFO] 2025-04-03 15:22:29,976: Back Left Min: 0.64, Back Right Min: 0.54
[rosout][INFO] 2025-04-03 15:22:30,073: Back Left Min: 0.64, Back Right Min: 0.54
[rosout][INFO] 2025-04-03 15:22:30,177: Back Left Min: 0.64, Back Right Min: 0.54
[rosout][INFO] 2025-04-03 15:22:30,273: Back Left Min: 0.64, Back Right Min: 0.54
[rosout][INFO] 2025-04-03 15:22:30,377: Back Left Min: 0.64, Back Right Min: 0.54
[rosout][INFO] 2025-04-03 15:22:30,474: Back Left Min: 0.64, Back Right Min: 0.54
[rosout][INFO] 2025-04-03 15:22:30,577: Back Left Min: 0.64, Back Right Min: 0.54
[rosout][INFO] 2025-04-03 15:22:30,674: Back Left Min: 0.64, Back Right Min: 0.54
[rosout][INFO] 2025-04-03 15:22:30,777: Back Left Min: 0.64, Back Right Min: 0.54
[rosout][INFO] 2025-04-03 15:22:30,874: Back Left Min: 0.64, Back Right Min: 0.54
[rosout][INFO] 2025-04-03 15:22:30,977: Back Left Min: 0.64, Back Right Min: 0.54
[rosout][INFO] 2025-04-03 15:22:31,074: Back Left Min: 0.64, Back Right Min: 0.54
[rosout][INFO] 2025-04-03 15:22:31,177: Back Left Min: 0.64, Back Right Min: 0.54
[rosout][INFO] 2025-04-03 15:22:31,274: Back Left Min: 0.64, Back Right Min: 0.54
[rosout][INFO] 2025-04-03 15:22:31,377: Back Left Min: 0.64, Back Right Min: 0.54
[rosout][INFO] 2025-04-03 15:22:31,474: Back Left Min: 0.64, Back Right Min: 0.54
[rosout][INFO] 2025-04-03 15:22:31,577: Back Left Min: 0.64, Back Right Min: 0.54
[rosout][INFO] 2025-04-03 15:22:31,674: Back Left Min: 0.64, Back Right Min: 0.54
[rosout][INFO] 2025-04-03 15:22:31,777: Back Left Min: 0.64, Back Right Min: 0.54
[rosout][INFO] 2025-04-03 15:22:31,874: Back Left Min: 0.64, Back Right Min: 0.54
[rosout][INFO] 2025-04-03 15:22:31,977: Back Left Min: 0.64, Back Right Min: 0.54
[rosout][INFO] 2025-04-03 15:22:32,074: Back Left Min: 0.64, Back Right Min: 0.54
[rosout][INFO] 2025-04-03 15:22:32,177: Back Left Min: 0.64, Back Right Min: 0.54
[rosout][INFO] 2025-04-03 15:22:32,274: Back Left Min: 0.64, Back Right Min: 0.54
[rosout][INFO] 2025-04-03 15:22:32,377: Back Left Min: 0.64, Back Right Min: 0.54
[rosout][INFO] 2025-04-03 15:22:32,474: Back Left Min: 0.64, Back Right Min: 0.54
[rosout][INFO] 2025-04-03 15:22:32,577: Back Left Min: 0.64, Back Right Min: 0.54
[rosout][INFO] 2025-04-03 15:22:32,674: Back Left Min: 0.64, Back Right Min: 0.54
[rosout][INFO] 2025-04-03 15:22:32,778: Back Left Min: 0.64, Back Right Min: 0.54
[rosout][INFO] 2025-04-03 15:22:32,874: Back Left Min: 0.64, Back Right Min: 0.54
[rosout][INFO] 2025-04-03 15:22:32,978: Back Left Min: 0.64, Back Right Min: 0.54
[rosout][INFO] 2025-04-03 15:22:33,075: Back Left Min: 0.64, Back Right Min: 0.54
[rosout][INFO] 2025-04-03 15:22:33,178: Back Left Min: 0.64, Back Right Min: 0.54
[rosout][INFO] 2025-04-03 15:22:33,275: Back Left Min: 0.64, Back Right Min: 0.54
[rosout][INFO] 2025-04-03 15:22:33,378: Back Left Min: 0.64, Back Right Min: 0.54
[rosout][INFO] 2025-04-03 15:22:33,475: Back Left Min: 0.64, Back Right Min: 0.54
[rosout][INFO] 2025-04-03 15:22:33,578: Back Left Min: 0.64, Back Right Min: 0.54
[rosout][INFO] 2025-04-03 15:22:33,675: Back Left Min: 0.64, Back Right Min: 0.54
[rosout][INFO] 2025-04-03 15:22:33,778: Back Left Min: 0.64, Back Right Min: 0.54
[rosout][INFO] 2025-04-03 15:22:33,875: Back Left Min: 0.64, Back Right Min: 0.54
[rosout][INFO] 2025-04-03 15:22:33,978: Back Left Min: 0.64, Back Right Min: 0.54
[rosout][INFO] 2025-04-03 15:22:34,075: Back Left Min: 0.64, Back Right Min: 0.54
[rosout][INFO] 2025-04-03 15:22:34,178: Back Left Min: 0.64, Back Right Min: 0.54
[rosout][INFO] 2025-04-03 15:22:34,275: Back Left Min: 0.64, Back Right Min: 0.54
[rosout][INFO] 2025-04-03 15:22:34,378: Back Left Min: 0.64, Back Right Min: 0.54
[rosout][INFO] 2025-04-03 15:22:34,475: Back Left Min: 0.64, Back Right Min: 0.54
[rosout][INFO] 2025-04-03 15:22:34,578: Back Left Min: 0.64, Back Right Min: 0.54
[rosout][INFO] 2025-04-03 15:22:34,675: Back Left Min: 0.64, Back Right Min: 0.54
[rosout][INFO] 2025-04-03 15:22:34,778: Back Left Min: 0.64, Back Right Min: 0.54
[rosout][INFO] 2025-04-03 15:22:34,875: Back Left Min: 0.64, Back Right Min: 0.54
[rosout][INFO] 2025-04-03 15:22:34,978: Back Left Min: 0.64, Back Right Min: 0.54
[rosout][INFO] 2025-04-03 15:22:35,075: Back Left Min: 0.64, Back Right Min: 0.54
[rosout][INFO] 2025-04-03 15:22:35,179: Back Left Min: 0.64, Back Right Min: 0.54
[rosout][INFO] 2025-04-03 15:22:35,275: Back Left Min: 0.64, Back Right Min: 0.54
[rosout][INFO] 2025-04-03 15:22:35,379: Back Left Min: 0.64, Back Right Min: 0.54
[rosout][INFO] 2025-04-03 15:22:35,476: Back Left Min: 0.64, Back Right Min: 0.54
[rosout][INFO] 2025-04-03 15:22:35,579: Back Left Min: 0.64, Back Right Min: 0.54
[rosout][INFO] 2025-04-03 15:22:35,676: Back Left Min: 0.64, Back Right Min: 0.54
[rosout][INFO] 2025-04-03 15:22:35,779: Back Left Min: 0.64, Back Right Min: 0.54
[rosout][INFO] 2025-04-03 15:22:35,876: Back Left Min: 0.64, Back Right Min: 0.54
[rosout][INFO] 2025-04-03 15:22:35,979: Back Left Min: 0.64, Back Right Min: 0.54
[rosout][INFO] 2025-04-03 15:22:36,076: Back Left Min: 0.64, Back Right Min: 0.54
[rosout][INFO] 2025-04-03 15:22:36,179: Back Left Min: 0.64, Back Right Min: 0.54
[rosout][INFO] 2025-04-03 15:22:36,276: Back Left Min: 0.64, Back Right Min: 0.54
[rosout][INFO] 2025-04-03 15:22:36,379: Back Left Min: 0.64, Back Right Min: 0.54
[rosout][INFO] 2025-04-03 15:22:36,476: Back Left Min: 0.64, Back Right Min: 0.54
[rosout][INFO] 2025-04-03 15:22:36,579: Back Left Min: 0.64, Back Right Min: 0.54
[rosout][INFO] 2025-04-03 15:22:36,676: Back Left Min: 0.64, Back Right Min: 0.54
[rosout][INFO] 2025-04-03 15:22:36,779: Back Left Min: 0.64, Back Right Min: 0.54
[rosout][INFO] 2025-04-03 15:22:36,876: Back Left Min: 0.64, Back Right Min: 0.54
[rosout][INFO] 2025-04-03 15:22:36,979: Back Left Min: 0.64, Back Right Min: 0.54
[rosout][INFO] 2025-04-03 15:22:37,076: Back Left Min: 0.64, Back Right Min: 0.54
[rosout][INFO] 2025-04-03 15:22:37,179: Back Left Min: 0.64, Back Right Min: 0.54
[rosout][INFO] 2025-04-03 15:22:37,276: Back Left Min: 0.64, Back Right Min: 0.54
[rosout][INFO] 2025-04-03 15:22:37,379: Back Left Min: 0.64, Back Right Min: 0.54
[rosout][INFO] 2025-04-03 15:22:37,476: Back Left Min: 0.64, Back Right Min: 0.54
[rosout][INFO] 2025-04-03 15:22:37,580: Back Left Min: 0.64, Back Right Min: 0.54
[rosout][INFO] 2025-04-03 15:22:37,676: Back Left Min: 0.64, Back Right Min: 0.54
[rosout][INFO] 2025-04-03 15:22:37,780: Back Left Min: 0.64, Back Right Min: 0.54
[rosout][INFO] 2025-04-03 15:22:37,876: Back Left Min: 0.64, Back Right Min: 0.54
[rosout][INFO] 2025-04-03 15:22:37,980: Back Left Min: 0.64, Back Right Min: 0.54
[rosout][INFO] 2025-04-03 15:22:38,076: Back Left Min: 0.64, Back Right Min: 0.54
[rosout][INFO] 2025-04-03 15:22:38,180: Back Left Min: 0.64, Back Right Min: 0.54
[rosout][INFO] 2025-04-03 15:22:38,277: Back Left Min: 0.64, Back Right Min: 0.54
[rosout][INFO] 2025-04-03 15:22:38,380: Back Left Min: 0.64, Back Right Min: 0.54
[rosout][INFO] 2025-04-03 15:22:38,477: Back Left Min: 0.64, Back Right Min: 0.54
[rosout][INFO] 2025-04-03 15:22:38,580: Back Left Min: 0.64, Back Right Min: 0.54
[rosout][INFO] 2025-04-03 15:22:38,677: Back Left Min: 0.64, Back Right Min: 0.54
[rosout][INFO] 2025-04-03 15:22:38,780: Back Left Min: 0.64, Back Right Min: 0.54
[rosout][INFO] 2025-04-03 15:22:38,877: Back Left Min: 0.64, Back Right Min: 0.54
[rosout][INFO] 2025-04-03 15:22:38,980: Back Left Min: 0.64, Back Right Min: 0.54
[rosout][INFO] 2025-04-03 15:22:39,077: Back Left Min: 0.64, Back Right Min: 0.54
[rosout][INFO] 2025-04-03 15:22:39,180: Back Left Min: 0.64, Back Right Min: 0.54
[rosout][INFO] 2025-04-03 15:22:39,277: Back Left Min: 0.64, Back Right Min: 0.54
[rosout][INFO] 2025-04-03 15:22:39,380: Back Left Min: 0.64, Back Right Min: 0.54
[rosout][INFO] 2025-04-03 15:22:39,477: Back Left Min: 0.64, Back Right Min: 0.54
[rosout][INFO] 2025-04-03 15:22:39,580: Back Left Min: 0.64, Back Right Min: 0.54
[rosout][INFO] 2025-04-03 15:22:39,677: Back Left Min: 0.64, Back Right Min: 0.54
[rosout][INFO] 2025-04-03 15:22:39,780: Back Left Min: 0.64, Back Right Min: 0.54
[rosout][INFO] 2025-04-03 15:22:39,877: Back Left Min: 0.64, Back Right Min: 0.54
[rosout][INFO] 2025-04-03 15:22:39,980: Back Left Min: 0.64, Back Right Min: 0.54
[rosout][INFO] 2025-04-03 15:22:40,077: Back Left Min: 0.64, Back Right Min: 0.54
[rosout][INFO] 2025-04-03 15:22:40,181: Back Left Min: 0.64, Back Right Min: 0.54
[rosout][INFO] 2025-04-03 15:22:40,278: Back Left Min: 0.64, Back Right Min: 0.54
[rosout][INFO] 2025-04-03 15:22:40,381: Back Left Min: 0.64, Back Right Min: 0.54
[rosout][INFO] 2025-04-03 15:22:40,477: Back Left Min: 0.64, Back Right Min: 0.54
[rosout][INFO] 2025-04-03 15:22:40,581: Back Left Min: 0.64, Back Right Min: 0.54
[rosout][INFO] 2025-04-03 15:22:40,678: Back Left Min: 0.64, Back Right Min: 0.54
[rosout][INFO] 2025-04-03 15:22:40,781: Back Left Min: 0.64, Back Right Min: 0.54
[rosout][INFO] 2025-04-03 15:22:40,878: Back Left Min: 0.64, Back Right Min: 0.54
[rosout][INFO] 2025-04-03 15:22:40,981: Back Left Min: 0.64, Back Right Min: 0.54
[rosout][INFO] 2025-04-03 15:22:41,078: Back Left Min: 0.64, Back Right Min: 0.54
[rosout][INFO] 2025-04-03 15:22:41,181: Back Left Min: 0.64, Back Right Min: 0.54
[rosout][INFO] 2025-04-03 15:22:41,278: Back Left Min: 0.64, Back Right Min: 0.54
[rosout][INFO] 2025-04-03 15:22:41,381: Back Left Min: 0.64, Back Right Min: 0.54
[rosout][INFO] 2025-04-03 15:22:41,478: Back Left Min: 0.64, Back Right Min: 0.54
[rosout][INFO] 2025-04-03 15:22:41,581: Back Left Min: 0.64, Back Right Min: 0.54
[rosout][INFO] 2025-04-03 15:22:41,678: Back Left Min: 0.64, Back Right Min: 0.54
[rosout][INFO] 2025-04-03 15:22:41,781: Back Left Min: 0.64, Back Right Min: 0.54
[rosout][INFO] 2025-04-03 15:22:41,878: Back Left Min: 0.64, Back Right Min: 0.54
[rosout][INFO] 2025-04-03 15:22:41,981: Back Left Min: 0.64, Back Right Min: 0.54
[rosout][INFO] 2025-04-03 15:22:42,078: Back Left Min: 0.64, Back Right Min: 0.54
[rosout][INFO] 2025-04-03 15:22:42,181: Back Left Min: 0.64, Back Right Min: 0.54
[rosout][INFO] 2025-04-03 15:22:42,278: Back Left Min: 0.64, Back Right Min: 0.54
[rosout][INFO] 2025-04-03 15:22:42,382: Back Left Min: 0.64, Back Right Min: 0.54
[rosout][INFO] 2025-04-03 15:22:42,478: Back Left Min: 0.64, Back Right Min: 0.54
[rosout][INFO] 2025-04-03 15:22:42,582: Back Left Min: 0.64, Back Right Min: 0.54
[rosout][INFO] 2025-04-03 15:22:42,679: Back Left Min: 0.64, Back Right Min: 0.54
[rosout][INFO] 2025-04-03 15:22:42,782: Back Left Min: 0.64, Back Right Min: 0.54
[rosout][INFO] 2025-04-03 15:22:42,879: Back Left Min: 0.64, Back Right Min: 0.54
[rosout][INFO] 2025-04-03 15:22:42,982: Back Left Min: 0.64, Back Right Min: 0.54
[rosout][INFO] 2025-04-03 15:22:43,079: Back Left Min: 0.64, Back Right Min: 0.54
[rosout][INFO] 2025-04-03 15:22:43,182: Back Left Min: 0.64, Back Right Min: 0.54
[rosout][INFO] 2025-04-03 15:22:43,279: Back Left Min: 0.64, Back Right Min: 0.54
[rosout][INFO] 2025-04-03 15:22:43,382: Back Left Min: 0.64, Back Right Min: 0.54
[rosout][INFO] 2025-04-03 15:22:43,479: Back Left Min: 0.64, Back Right Min: 0.54
[rosout][INFO] 2025-04-03 15:22:43,582: Back Left Min: 0.64, Back Right Min: 0.54
[rosout][INFO] 2025-04-03 15:22:43,679: Back Left Min: 0.64, Back Right Min: 0.54
[rosout][INFO] 2025-04-03 15:22:43,782: Back Left Min: 0.64, Back Right Min: 0.54
[rosout][INFO] 2025-04-03 15:22:43,879: Back Left Min: 0.64, Back Right Min: 0.54
[rosout][INFO] 2025-04-03 15:22:43,982: Back Left Min: 0.64, Back Right Min: 0.54
[rosout][INFO] 2025-04-03 15:22:44,079: Back Left Min: 0.64, Back Right Min: 0.54
[rosout][INFO] 2025-04-03 15:22:44,182: Back Left Min: 0.64, Back Right Min: 0.54
[rosout][INFO] 2025-04-03 15:22:44,279: Back Left Min: 0.64, Back Right Min: 0.54
[rosout][INFO] 2025-04-03 15:22:44,382: Back Left Min: 0.64, Back Right Min: 0.54
[rosout][INFO] 2025-04-03 15:22:44,479: Back Left Min: 0.64, Back Right Min: 0.54
[rosout][INFO] 2025-04-03 15:22:44,582: Back Left Min: 0.64, Back Right Min: 0.54
[rosout][INFO] 2025-04-03 15:22:44,679: Back Left Min: 0.64, Back Right Min: 0.54
[rosout][INFO] 2025-04-03 15:22:44,782: Back Left Min: 0.64, Back Right Min: 0.54
[rosout][INFO] 2025-04-03 15:22:44,879: Back Left Min: 0.64, Back Right Min: 0.54
[rosout][INFO] 2025-04-03 15:22:44,982: Back Left Min: 0.64, Back Right Min: 0.54
[rosout][INFO] 2025-04-03 15:22:45,079: Back Left Min: 0.64, Back Right Min: 0.54
[rosout][INFO] 2025-04-03 15:22:45,183: Back Left Min: 0.64, Back Right Min: 0.54
[rosout][INFO] 2025-04-03 15:22:45,279: Back Left Min: 0.64, Back Right Min: 0.54
[rosout][INFO] 2025-04-03 15:22:45,383: Back Left Min: 0.64, Back Right Min: 0.54
[rosout][INFO] 2025-04-03 15:22:45,480: Back Left Min: 0.64, Back Right Min: 0.54
[rosout][INFO] 2025-04-03 15:22:45,583: Back Left Min: 0.64, Back Right Min: 0.54
[rosout][INFO] 2025-04-03 15:22:45,680: Back Left Min: 0.64, Back Right Min: 0.54
[rosout][INFO] 2025-04-03 15:22:45,783: Back Left Min: 0.64, Back Right Min: 0.54
[rosout][INFO] 2025-04-03 15:22:45,880: Back Left Min: 0.64, Back Right Min: 0.54
[rosout][INFO] 2025-04-03 15:22:45,983: Back Left Min: 0.64, Back Right Min: 0.54
[rosout][INFO] 2025-04-03 15:22:46,080: Back Left Min: 0.64, Back Right Min: 0.54
[rosout][INFO] 2025-04-03 15:22:46,183: Back Left Min: 0.64, Back Right Min: 0.54
[rosout][INFO] 2025-04-03 15:22:46,280: Back Left Min: 0.64, Back Right Min: 0.54
[rosout][INFO] 2025-04-03 15:22:46,383: Back Left Min: 0.64, Back Right Min: 0.54
[rosout][INFO] 2025-04-03 15:22:46,480: Back Left Min: 0.64, Back Right Min: 0.54
[rosout][INFO] 2025-04-03 15:22:46,583: Back Left Min: 0.64, Back Right Min: 0.54
[rosout][INFO] 2025-04-03 15:22:46,680: Back Left Min: 0.64, Back Right Min: 0.54
[rosout][INFO] 2025-04-03 15:22:46,783: Back Left Min: 0.64, Back Right Min: 0.54
[rosout][INFO] 2025-04-03 15:22:46,880: Back Left Min: 0.64, Back Right Min: 0.54
[rosout][INFO] 2025-04-03 15:22:46,983: Back Left Min: 0.64, Back Right Min: 0.54
[rosout][INFO] 2025-04-03 15:22:47,080: Back Left Min: 0.64, Back Right Min: 0.54
[rosout][INFO] 2025-04-03 15:22:47,183: Back Left Min: 0.64, Back Right Min: 0.54
[rosout][INFO] 2025-04-03 15:22:47,280: Back Left Min: 0.64, Back Right Min: 0.54
[rosout][INFO] 2025-04-03 15:22:47,383: Back Left Min: 0.64, Back Right Min: 0.54
[rosout][INFO] 2025-04-03 15:22:47,480: Back Left Min: 0.64, Back Right Min: 0.54
[rosout][INFO] 2025-04-03 15:22:47,583: Back Left Min: 0.64, Back Right Min: 0.54
[rosout][INFO] 2025-04-03 15:22:47,680: Back Left Min: 0.64, Back Right Min: 0.54
[rosout][INFO] 2025-04-03 15:22:47,784: Back Left Min: 0.64, Back Right Min: 0.54
[rosout][INFO] 2025-04-03 15:22:47,881: Back Left Min: 0.64, Back Right Min: 0.54
[rosout][INFO] 2025-04-03 15:22:47,984: Back Left Min: 0.64, Back Right Min: 0.54
[rosout][INFO] 2025-04-03 15:22:48,081: Back Left Min: 0.64, Back Right Min: 0.54
[rosout][INFO] 2025-04-03 15:22:48,184: Back Left Min: 0.64, Back Right Min: 0.54
[rosout][INFO] 2025-04-03 15:22:48,281: Back Left Min: 0.64, Back Right Min: 0.54
[rosout][INFO] 2025-04-03 15:22:48,384: Back Left Min: 0.64, Back Right Min: 0.54
[rosout][INFO] 2025-04-03 15:22:48,481: Back Left Min: 0.64, Back Right Min: 0.54
[rosout][INFO] 2025-04-03 15:22:48,584: Back Left Min: 0.64, Back Right Min: 0.54
[rosout][INFO] 2025-04-03 15:22:48,681: Back Left Min: 0.64, Back Right Min: 0.54
[rosout][INFO] 2025-04-03 15:22:48,784: Back Left Min: 0.64, Back Right Min: 0.54
[rosout][INFO] 2025-04-03 15:22:48,881: Back Left Min: 0.64, Back Right Min: 0.54
[rosout][INFO] 2025-04-03 15:22:48,984: Back Left Min: 0.64, Back Right Min: 0.54
[rosout][INFO] 2025-04-03 15:22:49,081: Back Left Min: 0.64, Back Right Min: 0.54
[rosout][INFO] 2025-04-03 15:22:49,184: Back Left Min: 0.64, Back Right Min: 0.54
[rosout][INFO] 2025-04-03 15:22:49,281: Back Left Min: 0.64, Back Right Min: 0.54
[rosout][INFO] 2025-04-03 15:22:49,384: Back Left Min: 0.64, Back Right Min: 0.54
[rosout][INFO] 2025-04-03 15:22:49,481: Back Left Min: 0.64, Back Right Min: 0.54
[rosout][INFO] 2025-04-03 15:22:49,584: Back Left Min: 0.64, Back Right Min: 0.54
[rosout][INFO] 2025-04-03 15:22:49,681: Back Left Min: 0.64, Back Right Min: 0.54
[rosout][INFO] 2025-04-03 15:22:49,784: Back Left Min: 0.64, Back Right Min: 0.54
[rosout][INFO] 2025-04-03 15:22:49,881: Back Left Min: 0.64, Back Right Min: 0.54
[rosout][INFO] 2025-04-03 15:22:49,984: Back Left Min: 0.64, Back Right Min: 0.54
[rosout][INFO] 2025-04-03 15:22:50,081: Back Left Min: 0.64, Back Right Min: 0.54
[rosout][INFO] 2025-04-03 15:22:50,185: Back Left Min: 0.64, Back Right Min: 0.54
[rosout][INFO] 2025-04-03 15:22:50,281: Back Left Min: 0.64, Back Right Min: 0.54
[rosout][INFO] 2025-04-03 15:22:50,385: Back Left Min: 0.64, Back Right Min: 0.54
[rosout][INFO] 2025-04-03 15:22:50,482: Back Left Min: 0.64, Back Right Min: 0.54
[rosout][INFO] 2025-04-03 15:22:50,585: Back Left Min: 0.64, Back Right Min: 0.54
[rosout][INFO] 2025-04-03 15:22:50,682: Back Left Min: 0.64, Back Right Min: 0.54
[rosout][INFO] 2025-04-03 15:22:50,785: Back Left Min: 0.64, Back Right Min: 0.54
[rosout][INFO] 2025-04-03 15:22:50,882: Back Left Min: 0.64, Back Right Min: 0.54
[rosout][INFO] 2025-04-03 15:22:50,985: Back Left Min: 0.64, Back Right Min: 0.54
[rosout][INFO] 2025-04-03 15:22:51,082: Back Left Min: 0.64, Back Right Min: 0.54
[rosout][INFO] 2025-04-03 15:22:51,185: Back Left Min: 0.64, Back Right Min: 0.54
[rosout][INFO] 2025-04-03 15:22:51,282: Back Left Min: 0.64, Back Right Min: 0.54
[rosout][INFO] 2025-04-03 15:22:51,385: Back Left Min: 0.64, Back Right Min: 0.54
[rosout][INFO] 2025-04-03 15:22:51,482: Back Left Min: 0.64, Back Right Min: 0.54
[rosout][INFO] 2025-04-03 15:22:51,585: Back Left Min: 0.64, Back Right Min: 0.54
[rosout][INFO] 2025-04-03 15:22:51,682: Back Left Min: 0.64, Back Right Min: 0.54
[rosout][INFO] 2025-04-03 15:22:51,785: Back Left Min: 0.64, Back Right Min: 0.54
[rosout][INFO] 2025-04-03 15:22:51,882: Back Left Min: 0.64, Back Right Min: 0.54
[rosout][INFO] 2025-04-03 15:22:51,985: Back Left Min: 0.64, Back Right Min: 0.54
[rosout][INFO] 2025-04-03 15:22:52,082: Back Left Min: 0.64, Back Right Min: 0.54
[rosout][INFO] 2025-04-03 15:22:52,185: Back Left Min: 0.64, Back Right Min: 0.54
[rosout][INFO] 2025-04-03 15:22:52,282: Back Left Min: 0.64, Back Right Min: 0.54
[rosout][INFO] 2025-04-03 15:22:52,385: Back Left Min: 0.64, Back Right Min: 0.54
[rosout][INFO] 2025-04-03 15:22:52,482: Back Left Min: 0.64, Back Right Min: 0.54
[rosout][INFO] 2025-04-03 15:22:52,586: Back Left Min: 0.64, Back Right Min: 0.54
[rosout][INFO] 2025-04-03 15:22:52,682: Back Left Min: 0.64, Back Right Min: 0.54
[rosout][INFO] 2025-04-03 15:22:52,786: Back Left Min: 0.64, Back Right Min: 0.54
[rosout][INFO] 2025-04-03 15:22:52,883: Back Left Min: 0.64, Back Right Min: 0.54
[rosout][INFO] 2025-04-03 15:22:52,986: Back Left Min: 0.64, Back Right Min: 0.54
[rosout][INFO] 2025-04-03 15:22:53,083: Back Left Min: 0.64, Back Right Min: 0.54
[rosout][INFO] 2025-04-03 15:22:53,186: Back Left Min: 0.64, Back Right Min: 0.54
[rosout][INFO] 2025-04-03 15:22:53,283: Back Left Min: 0.64, Back Right Min: 0.54
[rosout][INFO] 2025-04-03 15:22:53,386: Back Left Min: 0.64, Back Right Min: 0.54
[rosout][INFO] 2025-04-03 15:22:53,483: Back Left Min: 0.64, Back Right Min: 0.54
[rosout][INFO] 2025-04-03 15:22:53,586: Back Left Min: 0.64, Back Right Min: 0.54
[rosout][INFO] 2025-04-03 15:22:53,683: Back Left Min: 0.64, Back Right Min: 0.54
[rosout][INFO] 2025-04-03 15:22:53,786: Back Left Min: 0.64, Back Right Min: 0.54
[rosout][INFO] 2025-04-03 15:22:53,883: Back Left Min: 0.64, Back Right Min: 0.54
[rosout][INFO] 2025-04-03 15:22:53,986: Back Left Min: 0.64, Back Right Min: 0.54
[rosout][INFO] 2025-04-03 15:22:54,083: Back Left Min: 0.64, Back Right Min: 0.54
[rosout][INFO] 2025-04-03 15:22:54,186: Back Left Min: 0.64, Back Right Min: 0.54
[rosout][INFO] 2025-04-03 15:22:54,283: Back Left Min: 0.64, Back Right Min: 0.54
[rosout][INFO] 2025-04-03 15:22:54,386: Back Left Min: 0.64, Back Right Min: 0.54
[rosout][INFO] 2025-04-03 15:22:54,483: Back Left Min: 0.64, Back Right Min: 0.54
[rosout][INFO] 2025-04-03 15:22:54,586: Back Left Min: 0.64, Back Right Min: 0.54
[rosout][INFO] 2025-04-03 15:22:54,683: Back Left Min: 0.64, Back Right Min: 0.54
[rosout][INFO] 2025-04-03 15:22:54,787: Back Left Min: 0.64, Back Right Min: 0.54
[rosout][INFO] 2025-04-03 15:22:54,883: Back Left Min: 0.64, Back Right Min: 0.54
[rosout][INFO] 2025-04-03 15:22:54,987: Back Left Min: 0.64, Back Right Min: 0.54
[rosout][INFO] 2025-04-03 15:22:55,083: Back Left Min: 0.64, Back Right Min: 0.54
[rosout][INFO] 2025-04-03 15:22:55,187: Back Left Min: 0.64, Back Right Min: 0.54
[rosout][INFO] 2025-04-03 15:22:55,284: Back Left Min: 0.64, Back Right Min: 0.54
[rosout][INFO] 2025-04-03 15:22:55,387: Back Left Min: 0.64, Back Right Min: 0.54
[rosout][INFO] 2025-04-03 15:22:55,484: Back Left Min: 0.64, Back Right Min: 0.54
[rosout][INFO] 2025-04-03 15:22:55,587: Back Left Min: 0.64, Back Right Min: 0.54
[rosout][INFO] 2025-04-03 15:22:55,684: Back Left Min: 0.64, Back Right Min: 0.54
[rosout][INFO] 2025-04-03 15:22:55,787: Back Left Min: 0.64, Back Right Min: 0.54
[rosout][INFO] 2025-04-03 15:22:55,884: Back Left Min: 0.64, Back Right Min: 0.54
[rosout][INFO] 2025-04-03 15:22:55,987: Back Left Min: 0.64, Back Right Min: 0.54
[rosout][INFO] 2025-04-03 15:22:56,084: Back Left Min: 0.64, Back Right Min: 0.54
[rosout][INFO] 2025-04-03 15:22:56,187: Back Left Min: 0.64, Back Right Min: 0.54
[rosout][INFO] 2025-04-03 15:22:56,284: Back Left Min: 0.64, Back Right Min: 0.54
[rosout][INFO] 2025-04-03 15:22:56,387: Back Left Min: 0.64, Back Right Min: 0.54
[rosout][INFO] 2025-04-03 15:22:56,484: Back Left Min: 0.64, Back Right Min: 0.54
[rosout][INFO] 2025-04-03 15:22:56,587: Back Left Min: 0.64, Back Right Min: 0.54
[rosout][INFO] 2025-04-03 15:22:56,684: Back Left Min: 0.64, Back Right Min: 0.54
[rosout][INFO] 2025-04-03 15:22:56,787: Back Left Min: 0.64, Back Right Min: 0.54
[rosout][INFO] 2025-04-03 15:22:56,884: Back Left Min: 0.64, Back Right Min: 0.54
[rosout][INFO] 2025-04-03 15:22:56,987: Back Left Min: 0.64, Back Right Min: 0.54
[rosout][INFO] 2025-04-03 15:22:57,084: Back Left Min: 0.64, Back Right Min: 0.54
[rosout][INFO] 2025-04-03 15:22:57,187: Back Left Min: 0.64, Back Right Min: 0.54
[rosout][INFO] 2025-04-03 15:22:57,284: Back Left Min: 0.64, Back Right Min: 0.54
[rosout][INFO] 2025-04-03 15:22:57,388: Back Left Min: 0.64, Back Right Min: 0.54
[rosout][INFO] 2025-04-03 15:22:57,484: Back Left Min: 0.64, Back Right Min: 0.54
[rosout][INFO] 2025-04-03 15:22:57,588: Back Left Min: 0.64, Back Right Min: 0.54
[rosout][INFO] 2025-04-03 15:22:57,684: Back Left Min: 0.64, Back Right Min: 0.54
[rosout][INFO] 2025-04-03 15:22:57,788: Back Left Min: 0.64, Back Right Min: 0.54
[rosout][INFO] 2025-04-03 15:22:57,885: Back Left Min: 0.64, Back Right Min: 0.54
[rosout][INFO] 2025-04-03 15:22:57,988: Back Left Min: 0.64, Back Right Min: 0.54
[rosout][INFO] 2025-04-03 15:22:58,085: Back Left Min: 0.64, Back Right Min: 0.54
[rosout][INFO] 2025-04-03 15:22:58,188: Back Left Min: 0.64, Back Right Min: 0.54
[rosout][INFO] 2025-04-03 15:22:58,285: Back Left Min: 0.64, Back Right Min: 0.54
[rosout][INFO] 2025-04-03 15:22:58,388: Back Left Min: 0.64, Back Right Min: 0.54
[rosout][INFO] 2025-04-03 15:22:58,485: Back Left Min: 0.64, Back Right Min: 0.54
[rosout][INFO] 2025-04-03 15:22:58,588: Back Left Min: 0.64, Back Right Min: 0.54
[rosout][INFO] 2025-04-03 15:22:58,685: Back Left Min: 0.64, Back Right Min: 0.54
[rosout][INFO] 2025-04-03 15:22:58,788: Back Left Min: 0.64, Back Right Min: 0.54
[rosout][INFO] 2025-04-03 15:22:58,885: Back Left Min: 0.64, Back Right Min: 0.54
[rosout][INFO] 2025-04-03 15:22:58,988: Back Left Min: 0.64, Back Right Min: 0.54
[rosout][INFO] 2025-04-03 15:22:59,085: Back Left Min: 0.64, Back Right Min: 0.54
[rosout][INFO] 2025-04-03 15:22:59,188: Back Left Min: 0.64, Back Right Min: 0.54
[rosout][INFO] 2025-04-03 15:22:59,285: Back Left Min: 0.64, Back Right Min: 0.54
[rosout][INFO] 2025-04-03 15:22:59,388: Back Left Min: 0.64, Back Right Min: 0.54
[rosout][INFO] 2025-04-03 15:22:59,485: Back Left Min: 0.64, Back Right Min: 0.54
[rosout][INFO] 2025-04-03 15:22:59,588: Back Left Min: 0.64, Back Right Min: 0.54
[rosout][INFO] 2025-04-03 15:22:59,685: Back Left Min: 0.64, Back Right Min: 0.54
[rosout][INFO] 2025-04-03 15:22:59,788: Back Left Min: 0.64, Back Right Min: 0.54
[rosout][INFO] 2025-04-03 15:22:59,885: Back Left Min: 0.64, Back Right Min: 0.54
[rosout][INFO] 2025-04-03 15:22:59,988: Back Left Min: 0.64, Back Right Min: 0.54
[rosout][INFO] 2025-04-03 15:23:00,085: Back Left Min: 0.64, Back Right Min: 0.54
[rosout][INFO] 2025-04-03 15:23:00,189: Back Left Min: 0.64, Back Right Min: 0.54
[rosout][INFO] 2025-04-03 15:23:00,285: Back Left Min: 0.64, Back Right Min: 0.54
[rosout][INFO] 2025-04-03 15:23:00,389: Back Left Min: 0.64, Back Right Min: 0.54
[rosout][INFO] 2025-04-03 15:23:00,486: Back Left Min: 0.64, Back Right Min: 0.54
[rosout][INFO] 2025-04-03 15:23:00,589: Back Left Min: 0.64, Back Right Min: 0.54
[rosout][INFO] 2025-04-03 15:23:00,686: Back Left Min: 0.64, Back Right Min: 0.54
[rosout][INFO] 2025-04-03 15:23:00,789: Back Left Min: 0.64, Back Right Min: 0.54
[rosout][INFO] 2025-04-03 15:23:00,886: Back Left Min: 0.64, Back Right Min: 0.54
[rosout][INFO] 2025-04-03 15:23:00,989: Back Left Min: 0.64, Back Right Min: 0.54
[rosout][INFO] 2025-04-03 15:23:01,086: Back Left Min: 0.64, Back Right Min: 0.54
[rosout][INFO] 2025-04-03 15:23:01,189: Back Left Min: 0.64, Back Right Min: 0.54
[rosout][INFO] 2025-04-03 15:23:01,286: Back Left Min: 0.64, Back Right Min: 0.54
[rosout][INFO] 2025-04-03 15:23:01,389: Back Left Min: 0.64, Back Right Min: 0.54
[rosout][INFO] 2025-04-03 15:23:01,486: Back Left Min: 0.64, Back Right Min: 0.54
[rosout][INFO] 2025-04-03 15:23:01,589: Back Left Min: 0.64, Back Right Min: 0.54
[rosout][INFO] 2025-04-03 15:23:01,686: Back Left Min: 0.64, Back Right Min: 0.54
[rosout][INFO] 2025-04-03 15:23:01,789: Back Left Min: 0.64, Back Right Min: 0.54
[rosout][INFO] 2025-04-03 15:23:01,886: Back Left Min: 0.64, Back Right Min: 0.54
[rosout][INFO] 2025-04-03 15:23:01,989: Back Left Min: 0.64, Back Right Min: 0.54
[rosout][INFO] 2025-04-03 15:23:02,086: Back Left Min: 0.64, Back Right Min: 0.54
[rosout][INFO] 2025-04-03 15:23:02,189: Back Left Min: 0.64, Back Right Min: 0.54
[rosout][INFO] 2025-04-03 15:23:02,286: Back Left Min: 0.64, Back Right Min: 0.54
[rosout][INFO] 2025-04-03 15:23:02,390: Back Left Min: 0.64, Back Right Min: 0.54
[rosout][INFO] 2025-04-03 15:23:02,487: Back Left Min: 0.64, Back Right Min: 0.54
[rosout][INFO] 2025-04-03 15:23:02,590: Back Left Min: 0.64, Back Right Min: 0.54
[rosout][INFO] 2025-04-03 15:23:02,686: Back Left Min: 0.64, Back Right Min: 0.54
[rosout][INFO] 2025-04-03 15:23:02,790: Back Left Min: 0.64, Back Right Min: 0.54
[rosout][INFO] 2025-04-03 15:23:02,887: Back Left Min: 0.64, Back Right Min: 0.54
[rosout][INFO] 2025-04-03 15:23:02,990: Back Left Min: 0.64, Back Right Min: 0.54
[rosout][INFO] 2025-04-03 15:23:03,087: Back Left Min: 0.64, Back Right Min: 0.54
[rosout][INFO] 2025-04-03 15:23:03,190: Back Left Min: 0.64, Back Right Min: 0.54
[rosout][INFO] 2025-04-03 15:23:03,287: Back Left Min: 0.64, Back Right Min: 0.54
[rosout][INFO] 2025-04-03 15:23:03,390: Back Left Min: 0.64, Back Right Min: 0.54
[rosout][INFO] 2025-04-03 15:23:03,487: Back Left Min: 0.64, Back Right Min: 0.54
[rosout][INFO] 2025-04-03 15:23:03,590: Back Left Min: 0.64, Back Right Min: 0.54
[rosout][INFO] 2025-04-03 15:23:03,687: Back Left Min: 0.64, Back Right Min: 0.54
[rosout][INFO] 2025-04-03 15:23:03,790: Back Left Min: 0.64, Back Right Min: 0.54
[rosout][INFO] 2025-04-03 15:23:03,887: Back Left Min: 0.64, Back Right Min: 0.54
[rosout][INFO] 2025-04-03 15:23:03,990: Back Left Min: 0.64, Back Right Min: 0.54
[rosout][INFO] 2025-04-03 15:23:04,087: Back Left Min: 0.64, Back Right Min: 0.54
[rosout][INFO] 2025-04-03 15:23:04,190: Back Left Min: 0.64, Back Right Min: 0.54
[rosout][INFO] 2025-04-03 15:23:04,287: Back Left Min: 0.64, Back Right Min: 0.54
[rosout][INFO] 2025-04-03 15:23:04,390: Back Left Min: 0.64, Back Right Min: 0.54
[rosout][INFO] 2025-04-03 15:23:04,487: Back Left Min: 0.64, Back Right Min: 0.54
[rosout][INFO] 2025-04-03 15:23:04,590: Back Left Min: 0.64, Back Right Min: 0.54
[rosout][INFO] 2025-04-03 15:23:04,687: Back Left Min: 0.64, Back Right Min: 0.54
[rosout][INFO] 2025-04-03 15:23:04,791: Back Left Min: 0.64, Back Right Min: 0.54
[rosout][INFO] 2025-04-03 15:23:04,887: Back Left Min: 0.64, Back Right Min: 0.54
[rosout][INFO] 2025-04-03 15:23:04,991: Back Left Min: 0.64, Back Right Min: 0.54
[rosout][INFO] 2025-04-03 15:23:05,088: Back Left Min: 0.64, Back Right Min: 0.54
[rosout][INFO] 2025-04-03 15:23:05,191: Back Left Min: 0.64, Back Right Min: 0.54
[rosout][INFO] 2025-04-03 15:23:05,288: Back Left Min: 0.64, Back Right Min: 0.54
[rosout][INFO] 2025-04-03 15:23:05,391: Back Left Min: 0.64, Back Right Min: 0.54
[rosout][INFO] 2025-04-03 15:23:05,488: Back Left Min: 0.64, Back Right Min: 0.54
[rosout][INFO] 2025-04-03 15:23:05,591: Back Left Min: 0.64, Back Right Min: 0.54
[rosout][INFO] 2025-04-03 15:23:05,688: Back Left Min: 0.64, Back Right Min: 0.54
[rosout][INFO] 2025-04-03 15:23:05,791: Back Left Min: 0.64, Back Right Min: 0.54
[rosout][INFO] 2025-04-03 15:23:05,888: Back Left Min: 0.64, Back Right Min: 0.54
[rosout][INFO] 2025-04-03 15:23:05,991: Back Left Min: 0.64, Back Right Min: 0.54
[rosout][INFO] 2025-04-03 15:23:06,088: Back Left Min: 0.64, Back Right Min: 0.54
[rosout][INFO] 2025-04-03 15:23:06,191: Back Left Min: 0.64, Back Right Min: 0.54
[rosout][INFO] 2025-04-03 15:23:06,288: Back Left Min: 0.64, Back Right Min: 0.54
[rosout][INFO] 2025-04-03 15:23:06,391: Back Left Min: 0.64, Back Right Min: 0.54
[rosout][INFO] 2025-04-03 15:23:06,488: Back Left Min: 0.64, Back Right Min: 0.54
[rosout][INFO] 2025-04-03 15:23:06,591: Back Left Min: 0.64, Back Right Min: 0.54
[rosout][INFO] 2025-04-03 15:23:06,689: Back Left Min: 0.64, Back Right Min: 0.54
[rosout][INFO] 2025-04-03 15:23:06,791: Back Left Min: 0.64, Back Right Min: 0.54
[rosout][INFO] 2025-04-03 15:23:06,889: Back Left Min: 0.64, Back Right Min: 0.54
[rosout][INFO] 2025-04-03 15:23:06,991: Back Left Min: 0.64, Back Right Min: 0.54
[rosout][INFO] 2025-04-03 15:23:07,089: Back Left Min: 0.64, Back Right Min: 0.54
[rosout][INFO] 2025-04-03 15:23:07,191: Back Left Min: 0.64, Back Right Min: 0.54
[rosout][INFO] 2025-04-03 15:23:07,288: Back Left Min: 0.64, Back Right Min: 0.54
[rosout][INFO] 2025-04-03 15:23:07,392: Back Left Min: 0.64, Back Right Min: 0.54
[rosout][INFO] 2025-04-03 15:23:07,488: Back Left Min: 0.64, Back Right Min: 0.54
[rosout][INFO] 2025-04-03 15:23:07,592: Back Left Min: 0.64, Back Right Min: 0.54
[rosout][INFO] 2025-04-03 15:23:07,688: Back Left Min: 0.64, Back Right Min: 0.54
[rosout][INFO] 2025-04-03 15:23:07,792: Back Left Min: 0.64, Back Right Min: 0.54
[rosout][INFO] 2025-04-03 15:23:07,889: Back Left Min: 0.64, Back Right Min: 0.54
[rosout][INFO] 2025-04-03 15:23:07,992: Back Left Min: 0.64, Back Right Min: 0.54
[rosout][INFO] 2025-04-03 15:23:08,089: Back Left Min: 0.64, Back Right Min: 0.54
[rosout][INFO] 2025-04-03 15:23:08,192: Back Left Min: 0.64, Back Right Min: 0.54
[rosout][INFO] 2025-04-03 15:23:08,289: Back Left Min: 0.64, Back Right Min: 0.54
[rosout][INFO] 2025-04-03 15:23:08,392: Back Left Min: 0.64, Back Right Min: 0.54
[rosout][INFO] 2025-04-03 15:23:08,489: Back Left Min: 0.64, Back Right Min: 0.54
[rosout][INFO] 2025-04-03 15:23:08,592: Back Left Min: 0.64, Back Right Min: 0.54
[rosout][INFO] 2025-04-03 15:23:08,689: Back Left Min: 0.64, Back Right Min: 0.54
[rosout][INFO] 2025-04-03 15:23:08,792: Back Left Min: 0.64, Back Right Min: 0.54
[rosout][INFO] 2025-04-03 15:23:08,889: Back Left Min: 0.64, Back Right Min: 0.54
[rosout][INFO] 2025-04-03 15:23:08,992: Back Left Min: 0.64, Back Right Min: 0.54
[rosout][INFO] 2025-04-03 15:23:09,089: Back Left Min: 0.64, Back Right Min: 0.54
[rosout][INFO] 2025-04-03 15:23:09,193: Back Left Min: 0.64, Back Right Min: 0.54
[rosout][INFO] 2025-04-03 15:23:09,289: Back Left Min: 0.64, Back Right Min: 0.54
[rosout][INFO] 2025-04-03 15:23:09,393: Back Left Min: 0.64, Back Right Min: 0.54
[rosout][INFO] 2025-04-03 15:23:09,489: Back Left Min: 0.64, Back Right Min: 0.54
[rosout][INFO] 2025-04-03 15:23:09,593: Back Left Min: 0.64, Back Right Min: 0.54
[rosout][INFO] 2025-04-03 15:23:09,689: Back Left Min: 0.64, Back Right Min: 0.54
[rosout][INFO] 2025-04-03 15:23:09,792: Back Left Min: 0.64, Back Right Min: 0.54
[rosout][INFO] 2025-04-03 15:23:09,889: Back Left Min: 0.64, Back Right Min: 0.54
[rosout][INFO] 2025-04-03 15:23:09,993: Back Left Min: 0.64, Back Right Min: 0.54
[rosout][INFO] 2025-04-03 15:23:10,089: Back Left Min: 0.64, Back Right Min: 0.54
[rosout][INFO] 2025-04-03 15:23:10,193: Back Left Min: 0.64, Back Right Min: 0.54
[rosout][INFO] 2025-04-03 15:23:10,289: Back Left Min: 0.64, Back Right Min: 0.54
[rosout][INFO] 2025-04-03 15:23:10,393: Back Left Min: 0.64, Back Right Min: 0.54
[rosout][INFO] 2025-04-03 15:23:10,490: Back Left Min: 0.64, Back Right Min: 0.54
[rosout][INFO] 2025-04-03 15:23:10,593: Back Left Min: 0.64, Back Right Min: 0.54
[rosout][INFO] 2025-04-03 15:23:10,690: Back Left Min: 0.64, Back Right Min: 0.54
[rosout][INFO] 2025-04-03 15:23:10,793: Back Left Min: 0.64, Back Right Min: 0.54
[rosout][INFO] 2025-04-03 15:23:10,890: Back Left Min: 0.64, Back Right Min: 0.54
[rosout][INFO] 2025-04-03 15:23:10,993: Back Left Min: 0.64, Back Right Min: 0.54
[rosout][INFO] 2025-04-03 15:23:11,090: Back Left Min: 0.64, Back Right Min: 0.54
[rosout][INFO] 2025-04-03 15:23:11,193: Back Left Min: 0.64, Back Right Min: 0.54
[rosout][INFO] 2025-04-03 15:23:11,290: Back Left Min: 0.64, Back Right Min: 0.54
[rosout][INFO] 2025-04-03 15:23:11,393: Back Left Min: 0.64, Back Right Min: 0.54
[rosout][INFO] 2025-04-03 15:23:11,490: Back Left Min: 0.64, Back Right Min: 0.54
[rosout][INFO] 2025-04-03 15:23:11,593: Back Left Min: 0.64, Back Right Min: 0.54
[rosout][INFO] 2025-04-03 15:23:11,690: Back Left Min: 0.64, Back Right Min: 0.54
[rosout][INFO] 2025-04-03 15:23:11,793: Back Left Min: 0.64, Back Right Min: 0.54
[rosout][INFO] 2025-04-03 15:23:11,890: Back Left Min: 0.64, Back Right Min: 0.54
[rosout][INFO] 2025-04-03 15:23:11,993: Back Left Min: 0.64, Back Right Min: 0.54
[rosout][INFO] 2025-04-03 15:23:12,090: Back Left Min: 0.64, Back Right Min: 0.54
[rosout][INFO] 2025-04-03 15:23:12,193: Back Left Min: 0.64, Back Right Min: 0.54
[rosout][INFO] 2025-04-03 15:23:12,290: Back Left Min: 0.64, Back Right Min: 0.54
[rosout][INFO] 2025-04-03 15:23:12,394: Back Left Min: 0.64, Back Right Min: 0.54
[rosout][INFO] 2025-04-03 15:23:12,490: Back Left Min: 0.64, Back Right Min: 0.54
[rosout][INFO] 2025-04-03 15:23:12,594: Back Left Min: 0.64, Back Right Min: 0.54
[rosout][INFO] 2025-04-03 15:23:12,691: Back Left Min: 0.64, Back Right Min: 0.54
[rosout][INFO] 2025-04-03 15:23:12,794: Back Left Min: 0.64, Back Right Min: 0.54
[rosout][INFO] 2025-04-03 15:23:12,891: Back Left Min: 0.64, Back Right Min: 0.54
[rosout][INFO] 2025-04-03 15:23:12,994: Back Left Min: 0.64, Back Right Min: 0.54
[rosout][INFO] 2025-04-03 15:23:13,091: Back Left Min: 0.64, Back Right Min: 0.54
[rosout][INFO] 2025-04-03 15:23:13,194: Back Left Min: 0.64, Back Right Min: 0.54
[rosout][INFO] 2025-04-03 15:23:13,291: Back Left Min: 0.64, Back Right Min: 0.54
[rosout][INFO] 2025-04-03 15:23:13,394: Back Left Min: 0.64, Back Right Min: 0.54
[rosout][INFO] 2025-04-03 15:23:13,491: Back Left Min: 0.64, Back Right Min: 0.54
[rosout][INFO] 2025-04-03 15:23:13,594: Back Left Min: 0.64, Back Right Min: 0.54
[rosout][INFO] 2025-04-03 15:23:13,691: Back Left Min: 0.64, Back Right Min: 0.54
[rosout][INFO] 2025-04-03 15:23:13,794: Back Left Min: 0.64, Back Right Min: 0.54
[rosout][INFO] 2025-04-03 15:23:13,891: Back Left Min: 0.64, Back Right Min: 0.54
[rosout][INFO] 2025-04-03 15:23:13,994: Back Left Min: 0.64, Back Right Min: 0.54
[rosout][INFO] 2025-04-03 15:23:14,091: Back Left Min: 0.64, Back Right Min: 0.54
[rosout][INFO] 2025-04-03 15:23:14,194: Back Left Min: 0.64, Back Right Min: 0.54
[rosout][INFO] 2025-04-03 15:23:14,291: Back Left Min: 0.64, Back Right Min: 0.54
[rosout][INFO] 2025-04-03 15:23:14,394: Back Left Min: 0.64, Back Right Min: 0.54
[rosout][INFO] 2025-04-03 15:23:14,491: Back Left Min: 0.64, Back Right Min: 0.54
[rosout][INFO] 2025-04-03 15:23:14,594: Back Left Min: 0.64, Back Right Min: 0.54
[rosout][INFO] 2025-04-03 15:23:14,691: Back Left Min: 0.64, Back Right Min: 0.54
[rosout][INFO] 2025-04-03 15:23:14,794: Back Left Min: 0.64, Back Right Min: 0.54
[rosout][INFO] 2025-04-03 15:23:14,891: Back Left Min: 0.64, Back Right Min: 0.54
[rosout][INFO] 2025-04-03 15:23:14,995: Back Left Min: 0.64, Back Right Min: 0.54
[rosout][INFO] 2025-04-03 15:23:15,091: Back Left Min: 0.64, Back Right Min: 0.54
[rosout][INFO] 2025-04-03 15:23:15,195: Back Left Min: 0.64, Back Right Min: 0.54
[rosout][INFO] 2025-04-03 15:23:15,291: Back Left Min: 0.64, Back Right Min: 0.54
[rosout][INFO] 2025-04-03 15:23:15,395: Back Left Min: 0.64, Back Right Min: 0.54
[rosout][INFO] 2025-04-03 15:23:15,492: Back Left Min: 0.64, Back Right Min: 0.54
[rosout][INFO] 2025-04-03 15:23:15,595: Back Left Min: 0.64, Back Right Min: 0.54
[rosout][INFO] 2025-04-03 15:23:15,692: Back Left Min: 0.64, Back Right Min: 0.54
[rosout][INFO] 2025-04-03 15:23:15,795: Back Left Min: 0.64, Back Right Min: 0.54
[rosout][INFO] 2025-04-03 15:23:15,892: Back Left Min: 0.64, Back Right Min: 0.54
[rosout][INFO] 2025-04-03 15:23:15,995: Back Left Min: 0.64, Back Right Min: 0.54
[rosout][INFO] 2025-04-03 15:23:16,092: Back Left Min: 0.64, Back Right Min: 0.54
[rosout][INFO] 2025-04-03 15:23:16,195: Back Left Min: 0.64, Back Right Min: 0.54
[rosout][INFO] 2025-04-03 15:23:16,292: Back Left Min: 0.64, Back Right Min: 0.54
[rosout][INFO] 2025-04-03 15:23:16,395: Back Left Min: 0.64, Back Right Min: 0.54
[rosout][INFO] 2025-04-03 15:23:16,492: Back Left Min: 0.64, Back Right Min: 0.54
[rosout][INFO] 2025-04-03 15:23:16,595: Back Left Min: 0.64, Back Right Min: 0.54
[rosout][INFO] 2025-04-03 15:23:16,692: Back Left Min: 0.64, Back Right Min: 0.54
[rosout][INFO] 2025-04-03 15:23:16,795: Back Left Min: 0.64, Back Right Min: 0.54
[rosout][INFO] 2025-04-03 15:23:16,892: Back Left Min: 0.64, Back Right Min: 0.54
[rosout][INFO] 2025-04-03 15:23:16,995: Back Left Min: 0.64, Back Right Min: 0.54
[rosout][INFO] 2025-04-03 15:23:17,092: Back Left Min: 0.64, Back Right Min: 0.54
[rosout][INFO] 2025-04-03 15:23:17,195: Back Left Min: 0.64, Back Right Min: 0.54
[rosout][INFO] 2025-04-03 15:23:17,292: Back Left Min: 0.64, Back Right Min: 0.54
[rosout][INFO] 2025-04-03 15:23:17,395: Back Left Min: 0.64, Back Right Min: 0.54
[rosout][INFO] 2025-04-03 15:23:17,492: Back Left Min: 0.64, Back Right Min: 0.54
[rosout][INFO] 2025-04-03 15:23:17,596: Back Left Min: 0.64, Back Right Min: 0.54
[rosout][INFO] 2025-04-03 15:23:17,692: Back Left Min: 0.64, Back Right Min: 0.54
[rosout][INFO] 2025-04-03 15:23:17,796: Back Left Min: 0.64, Back Right Min: 0.54
[rosout][INFO] 2025-04-03 15:23:17,892: Back Left Min: 0.64, Back Right Min: 0.54
[rosout][INFO] 2025-04-03 15:23:17,996: Back Left Min: 0.64, Back Right Min: 0.54
[rosout][INFO] 2025-04-03 15:23:18,093: Back Left Min: 0.64, Back Right Min: 0.54
[rosout][INFO] 2025-04-03 15:23:18,196: Back Left Min: 0.64, Back Right Min: 0.54
[rosout][INFO] 2025-04-03 15:23:18,293: Back Left Min: 0.64, Back Right Min: 0.54
[rosout][INFO] 2025-04-03 15:23:18,396: Back Left Min: 0.64, Back Right Min: 0.54
[rosout][INFO] 2025-04-03 15:23:18,493: Back Left Min: 0.64, Back Right Min: 0.54
[rosout][INFO] 2025-04-03 15:23:18,596: Back Left Min: 0.64, Back Right Min: 0.54
[rosout][INFO] 2025-04-03 15:23:18,693: Back Left Min: 0.64, Back Right Min: 0.54
[rosout][INFO] 2025-04-03 15:23:18,796: Back Left Min: 0.64, Back Right Min: 0.54
[rosout][INFO] 2025-04-03 15:23:18,893: Back Left Min: 0.64, Back Right Min: 0.54
[rosout][INFO] 2025-04-03 15:23:18,996: Back Left Min: 0.64, Back Right Min: 0.54
[rosout][INFO] 2025-04-03 15:23:19,093: Back Left Min: 0.64, Back Right Min: 0.54
[rosout][INFO] 2025-04-03 15:23:19,196: Back Left Min: 0.64, Back Right Min: 0.54
[rosout][INFO] 2025-04-03 15:23:19,293: Back Left Min: 0.64, Back Right Min: 0.54
[rosout][INFO] 2025-04-03 15:23:19,396: Back Left Min: 0.64, Back Right Min: 0.54
[rosout][INFO] 2025-04-03 15:23:19,493: Back Left Min: 0.64, Back Right Min: 0.54
[rosout][INFO] 2025-04-03 15:23:19,596: Back Left Min: 0.64, Back Right Min: 0.54
[rosout][INFO] 2025-04-03 15:23:19,693: Back Left Min: 0.64, Back Right Min: 0.54
[rosout][INFO] 2025-04-03 15:23:19,796: Back Left Min: 0.64, Back Right Min: 0.54
[rosout][INFO] 2025-04-03 15:23:19,893: Back Left Min: 0.64, Back Right Min: 0.54
[rosout][INFO] 2025-04-03 15:23:19,997: Back Left Min: 0.64, Back Right Min: 0.54
[rosout][INFO] 2025-04-03 15:23:20,093: Back Left Min: 0.64, Back Right Min: 0.54
[rosout][INFO] 2025-04-03 15:23:20,197: Back Left Min: 0.64, Back Right Min: 0.54
[rosout][INFO] 2025-04-03 15:23:20,293: Back Left Min: 0.64, Back Right Min: 0.54
[rosout][INFO] 2025-04-03 15:23:20,397: Back Left Min: 0.64, Back Right Min: 0.54
[rosout][INFO] 2025-04-03 15:23:20,494: Back Left Min: 0.64, Back Right Min: 0.54
[rosout][INFO] 2025-04-03 15:23:20,597: Back Left Min: 0.64, Back Right Min: 0.54
[rosout][INFO] 2025-04-03 15:23:20,694: Back Left Min: 0.64, Back Right Min: 0.54
[rosout][INFO] 2025-04-03 15:23:20,797: Back Left Min: 0.64, Back Right Min: 0.54
[rosout][INFO] 2025-04-03 15:23:20,894: Back Left Min: 0.64, Back Right Min: 0.54
[rosout][INFO] 2025-04-03 15:23:20,997: Back Left Min: 0.64, Back Right Min: 0.54
[rosout][INFO] 2025-04-03 15:23:21,094: Back Left Min: 0.64, Back Right Min: 0.54
[rosout][INFO] 2025-04-03 15:23:21,197: Back Left Min: 0.64, Back Right Min: 0.54
[rosout][INFO] 2025-04-03 15:23:21,294: Back Left Min: 0.64, Back Right Min: 0.54
[rosout][INFO] 2025-04-03 15:23:21,397: Back Left Min: 0.64, Back Right Min: 0.54
[rosout][INFO] 2025-04-03 15:23:21,494: Back Left Min: 0.64, Back Right Min: 0.54
[rosout][INFO] 2025-04-03 15:23:21,597: Back Left Min: 0.64, Back Right Min: 0.54
[rosout][INFO] 2025-04-03 15:23:21,694: Back Left Min: 0.64, Back Right Min: 0.54
[rosout][INFO] 2025-04-03 15:23:21,798: Back Left Min: 0.64, Back Right Min: 0.54
[rosout][INFO] 2025-04-03 15:23:21,894: Back Left Min: 0.64, Back Right Min: 0.54
[rosout][INFO] 2025-04-03 15:23:21,997: Back Left Min: 0.64, Back Right Min: 0.54
[rosout][INFO] 2025-04-03 15:23:22,094: Back Left Min: 0.64, Back Right Min: 0.54
[rosout][INFO] 2025-04-03 15:23:22,198: Back Left Min: 0.64, Back Right Min: 0.54
[rosout][INFO] 2025-04-03 15:23:22,294: Back Left Min: 0.64, Back Right Min: 0.54
[rosout][INFO] 2025-04-03 15:23:22,398: Back Left Min: 0.64, Back Right Min: 0.54
[rosout][INFO] 2025-04-03 15:23:22,494: Back Left Min: 0.64, Back Right Min: 0.54
[rosout][INFO] 2025-04-03 15:23:22,598: Back Left Min: 0.64, Back Right Min: 0.54
[rosout][INFO] 2025-04-03 15:23:22,694: Back Left Min: 0.64, Back Right Min: 0.54
[rosout][INFO] 2025-04-03 15:23:22,798: Back Left Min: 0.64, Back Right Min: 0.54
[rosout][INFO] 2025-04-03 15:23:22,895: Back Left Min: 0.64, Back Right Min: 0.54
[rosout][INFO] 2025-04-03 15:23:22,998: Back Left Min: 0.64, Back Right Min: 0.54
[rosout][INFO] 2025-04-03 15:23:23,095: Back Left Min: 0.64, Back Right Min: 0.54
[rosout][INFO] 2025-04-03 15:23:23,198: Back Left Min: 0.64, Back Right Min: 0.54
[rosout][INFO] 2025-04-03 15:23:23,295: Back Left Min: 0.64, Back Right Min: 0.54
[rosout][INFO] 2025-04-03 15:23:23,398: Back Left Min: 0.64, Back Right Min: 0.54
[rosout][INFO] 2025-04-03 15:23:23,495: Back Left Min: 0.64, Back Right Min: 0.54
[rosout][INFO] 2025-04-03 15:23:23,598: Back Left Min: 0.64, Back Right Min: 0.54
[rosout][INFO] 2025-04-03 15:23:23,695: Back Left Min: 0.64, Back Right Min: 0.54
[rosout][INFO] 2025-04-03 15:23:23,798: Back Left Min: 0.64, Back Right Min: 0.54
[rosout][INFO] 2025-04-03 15:23:23,895: Back Left Min: 0.64, Back Right Min: 0.54
[rosout][INFO] 2025-04-03 15:23:23,998: Back Left Min: 0.64, Back Right Min: 0.54
[rosout][INFO] 2025-04-03 15:23:24,095: Back Left Min: 0.64, Back Right Min: 0.54
[rosout][INFO] 2025-04-03 15:23:24,198: Back Left Min: 0.64, Back Right Min: 0.54
[rosout][INFO] 2025-04-03 15:23:24,295: Back Left Min: 0.64, Back Right Min: 0.54
[rosout][INFO] 2025-04-03 15:23:24,398: Back Left Min: 0.64, Back Right Min: 0.54
[rosout][INFO] 2025-04-03 15:23:24,495: Back Left Min: 0.64, Back Right Min: 0.54
[rosout][INFO] 2025-04-03 15:23:24,598: Back Left Min: 0.64, Back Right Min: 0.54
[rosout][INFO] 2025-04-03 15:23:24,695: Back Left Min: 0.64, Back Right Min: 0.54
[rosout][INFO] 2025-04-03 15:23:24,798: Back Left Min: 0.64, Back Right Min: 0.54
[rosout][INFO] 2025-04-03 15:23:24,895: Back Left Min: 0.64, Back Right Min: 0.54
[rosout][INFO] 2025-04-03 15:23:24,999: Back Left Min: 0.64, Back Right Min: 0.54
[rosout][INFO] 2025-04-03 15:23:25,095: Back Left Min: 0.64, Back Right Min: 0.54
[rosout][INFO] 2025-04-03 15:23:25,199: Back Left Min: 0.64, Back Right Min: 0.54
[rosout][INFO] 2025-04-03 15:23:25,295: Back Left Min: 0.64, Back Right Min: 0.54
[rosout][INFO] 2025-04-03 15:23:25,399: Back Left Min: 0.64, Back Right Min: 0.54
[rosout][INFO] 2025-04-03 15:23:25,495: Back Left Min: 0.64, Back Right Min: 0.54
[rosout][INFO] 2025-04-03 15:23:25,599: Back Left Min: 0.64, Back Right Min: 0.54
[rosout][INFO] 2025-04-03 15:23:25,696: Back Left Min: 0.64, Back Right Min: 0.54
[rosout][INFO] 2025-04-03 15:23:25,799: Back Left Min: 0.64, Back Right Min: 0.54
[rosout][INFO] 2025-04-03 15:23:25,896: Back Left Min: 0.64, Back Right Min: 0.54
[rosout][INFO] 2025-04-03 15:23:25,999: Back Left Min: 0.64, Back Right Min: 0.54
[rosout][INFO] 2025-04-03 15:23:26,096: Back Left Min: 0.64, Back Right Min: 0.54
[rosout][INFO] 2025-04-03 15:23:26,199: Back Left Min: 0.64, Back Right Min: 0.54
[rosout][INFO] 2025-04-03 15:23:26,296: Back Left Min: 0.64, Back Right Min: 0.54
[rosout][INFO] 2025-04-03 15:23:26,399: Back Left Min: 0.64, Back Right Min: 0.54
[rosout][INFO] 2025-04-03 15:23:26,496: Back Left Min: 0.64, Back Right Min: 0.54
[rosout][INFO] 2025-04-03 15:23:26,600: Back Left Min: 0.64, Back Right Min: 0.54
[rosout][INFO] 2025-04-03 15:23:26,696: Back Left Min: 0.64, Back Right Min: 0.54
[rosout][INFO] 2025-04-03 15:23:26,800: Back Left Min: 0.64, Back Right Min: 0.54
[rosout][INFO] 2025-04-03 15:23:26,896: Back Left Min: 0.64, Back Right Min: 0.54
[rosout][INFO] 2025-04-03 15:23:27,000: Back Left Min: 0.64, Back Right Min: 0.54
[rosout][INFO] 2025-04-03 15:23:27,096: Back Left Min: 0.64, Back Right Min: 0.54
[rosout][INFO] 2025-04-03 15:23:27,200: Back Left Min: 0.64, Back Right Min: 0.54
[rosout][INFO] 2025-04-03 15:23:27,296: Back Left Min: 0.64, Back Right Min: 0.54
[rosout][INFO] 2025-04-03 15:23:27,400: Back Left Min: 0.64, Back Right Min: 0.54
[rosout][INFO] 2025-04-03 15:23:27,496: Back Left Min: 0.64, Back Right Min: 0.54
[rosout][INFO] 2025-04-03 15:23:27,600: Back Left Min: 0.64, Back Right Min: 0.54
[rosout][INFO] 2025-04-03 15:23:27,696: Back Left Min: 0.64, Back Right Min: 0.54
[rosout][INFO] 2025-04-03 15:23:27,800: Back Left Min: 0.64, Back Right Min: 0.54
[rosout][INFO] 2025-04-03 15:23:27,896: Back Left Min: 0.64, Back Right Min: 0.54
[rosout][INFO] 2025-04-03 15:23:28,000: Back Left Min: 0.64, Back Right Min: 0.54
[rosout][INFO] 2025-04-03 15:23:28,097: Back Left Min: 0.64, Back Right Min: 0.54
[rosout][INFO] 2025-04-03 15:23:28,200: Back Left Min: 0.64, Back Right Min: 0.54
[rosout][INFO] 2025-04-03 15:23:28,297: Back Left Min: 0.64, Back Right Min: 0.54
[rosout][INFO] 2025-04-03 15:23:28,400: Back Left Min: 0.64, Back Right Min: 0.54
[rosout][INFO] 2025-04-03 15:23:28,497: Back Left Min: 0.64, Back Right Min: 0.54
[rosout][INFO] 2025-04-03 15:23:28,600: Back Left Min: 0.64, Back Right Min: 0.54
[rosout][INFO] 2025-04-03 15:23:28,697: Back Left Min: 0.64, Back Right Min: 0.54
[rosout][INFO] 2025-04-03 15:23:28,800: Back Left Min: 0.64, Back Right Min: 0.54
[rosout][INFO] 2025-04-03 15:23:28,897: Back Left Min: 0.64, Back Right Min: 0.54
[rosout][INFO] 2025-04-03 15:23:29,000: Back Left Min: 0.64, Back Right Min: 0.54
[rosout][INFO] 2025-04-03 15:23:29,097: Back Left Min: 0.64, Back Right Min: 0.54
[rosout][INFO] 2025-04-03 15:23:29,200: Back Left Min: 0.64, Back Right Min: 0.54
[rosout][INFO] 2025-04-03 15:23:29,298: Back Left Min: 0.64, Back Right Min: 0.54
[rosout][INFO] 2025-04-03 15:23:29,400: Back Left Min: 0.64, Back Right Min: 0.54
[rosout][INFO] 2025-04-03 15:23:29,497: Back Left Min: 0.64, Back Right Min: 0.54
[rosout][INFO] 2025-04-03 15:23:29,600: Back Left Min: 0.64, Back Right Min: 0.54
[rosout][INFO] 2025-04-03 15:23:29,698: Back Left Min: 0.64, Back Right Min: 0.54
[rosout][INFO] 2025-04-03 15:23:29,800: Back Left Min: 0.64, Back Right Min: 0.54
[rosout][INFO] 2025-04-03 15:23:29,898: Back Left Min: 0.64, Back Right Min: 0.54
[rosout][INFO] 2025-04-03 15:23:30,000: Back Left Min: 0.64, Back Right Min: 0.54
[rosout][INFO] 2025-04-03 15:23:30,098: Back Left Min: 0.64, Back Right Min: 0.54
[rosout][INFO] 2025-04-03 15:23:30,200: Back Left Min: 0.64, Back Right Min: 0.54
[rosout][INFO] 2025-04-03 15:23:30,298: Back Left Min: 0.64, Back Right Min: 0.54
[rosout][INFO] 2025-04-03 15:23:30,401: Back Left Min: 0.64, Back Right Min: 0.54
[rosout][INFO] 2025-04-03 15:23:30,498: Back Left Min: 0.64, Back Right Min: 0.54
[rosout][INFO] 2025-04-03 15:23:30,601: Back Left Min: 0.64, Back Right Min: 0.54
[rosout][INFO] 2025-04-03 15:23:30,698: Back Left Min: 0.64, Back Right Min: 0.54
[rosout][INFO] 2025-04-03 15:23:30,801: Back Left Min: 0.64, Back Right Min: 0.54
[rosout][INFO] 2025-04-03 15:23:30,898: Back Left Min: 0.64, Back Right Min: 0.54
[rosout][INFO] 2025-04-03 15:23:31,001: Back Left Min: 0.64, Back Right Min: 0.54
[rosout][INFO] 2025-04-03 15:23:31,098: Back Left Min: 0.64, Back Right Min: 0.54
[rosout][INFO] 2025-04-03 15:23:31,201: Back Left Min: 0.64, Back Right Min: 0.54
[rosout][INFO] 2025-04-03 15:23:31,298: Back Left Min: 0.64, Back Right Min: 0.54
[rosout][INFO] 2025-04-03 15:23:31,401: Back Left Min: 0.64, Back Right Min: 0.54
[rosout][INFO] 2025-04-03 15:23:31,498: Back Left Min: 0.64, Back Right Min: 0.54
[rosout][INFO] 2025-04-03 15:23:31,601: Back Left Min: 0.64, Back Right Min: 0.54
[rosout][INFO] 2025-04-03 15:23:31,698: Back Left Min: 0.64, Back Right Min: 0.54
[rosout][INFO] 2025-04-03 15:23:31,801: Back Left Min: 0.64, Back Right Min: 0.54
[rosout][INFO] 2025-04-03 15:23:31,898: Back Left Min: 0.64, Back Right Min: 0.54
[rosout][INFO] 2025-04-03 15:23:32,002: Back Left Min: 0.64, Back Right Min: 0.54
[rosout][INFO] 2025-04-03 15:23:32,098: Back Left Min: 0.64, Back Right Min: 0.54
[rosout][INFO] 2025-04-03 15:23:32,201: Back Left Min: 0.64, Back Right Min: 0.54
[rosout][INFO] 2025-04-03 15:23:32,298: Back Left Min: 0.64, Back Right Min: 0.54
[rosout][INFO] 2025-04-03 15:23:32,402: Back Left Min: 0.64, Back Right Min: 0.54
[rosout][INFO] 2025-04-03 15:23:32,499: Back Left Min: 0.64, Back Right Min: 0.54
[rosout][INFO] 2025-04-03 15:23:32,602: Back Left Min: 0.64, Back Right Min: 0.54
[rosout][INFO] 2025-04-03 15:23:32,698: Back Left Min: 0.64, Back Right Min: 0.54
[rosout][INFO] 2025-04-03 15:23:32,802: Back Left Min: 0.64, Back Right Min: 0.54
[rosout][INFO] 2025-04-03 15:23:32,899: Back Left Min: 0.64, Back Right Min: 0.54
[rosout][INFO] 2025-04-03 15:23:33,002: Back Left Min: 0.64, Back Right Min: 0.54
[rosout][INFO] 2025-04-03 15:23:33,099: Back Left Min: 0.64, Back Right Min: 0.54
[rosout][INFO] 2025-04-03 15:23:33,202: Back Left Min: 0.64, Back Right Min: 0.54
[rosout][INFO] 2025-04-03 15:23:33,299: Back Left Min: 0.64, Back Right Min: 0.54
[rosout][INFO] 2025-04-03 15:23:33,402: Back Left Min: 0.64, Back Right Min: 0.54
[rosout][INFO] 2025-04-03 15:23:33,499: Back Left Min: 0.64, Back Right Min: 0.54
[rosout][INFO] 2025-04-03 15:23:33,602: Back Left Min: 0.64, Back Right Min: 0.54
[rosout][INFO] 2025-04-03 15:23:33,699: Back Left Min: 0.64, Back Right Min: 0.54
[rosout][INFO] 2025-04-03 15:23:33,802: Back Left Min: 0.64, Back Right Min: 0.54
[rosout][INFO] 2025-04-03 15:23:33,899: Back Left Min: 0.64, Back Right Min: 0.54
[rosout][INFO] 2025-04-03 15:23:34,002: Back Left Min: 0.64, Back Right Min: 0.54
[rosout][INFO] 2025-04-03 15:23:34,099: Back Left Min: 0.64, Back Right Min: 0.54
[rosout][INFO] 2025-04-03 15:23:34,202: Back Left Min: 0.64, Back Right Min: 0.54
[rosout][INFO] 2025-04-03 15:23:34,299: Back Left Min: 0.64, Back Right Min: 0.54
[rosout][INFO] 2025-04-03 15:23:34,402: Back Left Min: 0.64, Back Right Min: 0.54
[rosout][INFO] 2025-04-03 15:23:34,499: Back Left Min: 0.64, Back Right Min: 0.54
[rosout][INFO] 2025-04-03 15:23:34,602: Back Left Min: 0.64, Back Right Min: 0.54
[rosout][INFO] 2025-04-03 15:23:34,699: Back Left Min: 0.64, Back Right Min: 0.54
[rosout][INFO] 2025-04-03 15:23:34,802: Back Left Min: 0.64, Back Right Min: 0.54
[rosout][INFO] 2025-04-03 15:23:34,899: Back Left Min: 0.64, Back Right Min: 0.54
[rosout][INFO] 2025-04-03 15:23:35,002: Back Left Min: 0.64, Back Right Min: 0.54
[rosout][INFO] 2025-04-03 15:23:35,099: Back Left Min: 0.64, Back Right Min: 0.54
[rosout][INFO] 2025-04-03 15:23:35,203: Back Left Min: 0.64, Back Right Min: 0.54
[rosout][INFO] 2025-04-03 15:23:35,300: Back Left Min: 0.64, Back Right Min: 0.54
[rosout][INFO] 2025-04-03 15:23:35,403: Back Left Min: 0.64, Back Right Min: 0.54
[rosout][INFO] 2025-04-03 15:23:35,500: Back Left Min: 0.64, Back Right Min: 0.54
[rosout][INFO] 2025-04-03 15:23:35,603: Back Left Min: 0.64, Back Right Min: 0.54
[rosout][INFO] 2025-04-03 15:23:35,700: Back Left Min: 0.64, Back Right Min: 0.54
[rosout][INFO] 2025-04-03 15:23:35,803: Back Left Min: 0.64, Back Right Min: 0.54
[rosout][INFO] 2025-04-03 15:23:35,900: Back Left Min: 0.64, Back Right Min: 0.54
[rosout][INFO] 2025-04-03 15:23:36,003: Back Left Min: 0.64, Back Right Min: 0.54
[rosout][INFO] 2025-04-03 15:23:36,100: Back Left Min: 0.64, Back Right Min: 0.54
[rosout][INFO] 2025-04-03 15:23:36,203: Back Left Min: 0.64, Back Right Min: 0.54
[rosout][INFO] 2025-04-03 15:23:36,300: Back Left Min: 0.64, Back Right Min: 0.54
[rosout][INFO] 2025-04-03 15:23:36,403: Back Left Min: 0.64, Back Right Min: 0.54
[rosout][INFO] 2025-04-03 15:23:36,500: Back Left Min: 0.64, Back Right Min: 0.54
[rosout][INFO] 2025-04-03 15:23:36,603: Back Left Min: 0.64, Back Right Min: 0.54
[rosout][INFO] 2025-04-03 15:23:36,700: Back Left Min: 0.64, Back Right Min: 0.54
[rosout][INFO] 2025-04-03 15:23:36,803: Back Left Min: 0.64, Back Right Min: 0.54
[rosout][INFO] 2025-04-03 15:23:36,900: Back Left Min: 0.64, Back Right Min: 0.54
[rosout][INFO] 2025-04-03 15:23:37,003: Back Left Min: 0.64, Back Right Min: 0.54
[rosout][INFO] 2025-04-03 15:23:37,100: Back Left Min: 0.64, Back Right Min: 0.54
[rosout][INFO] 2025-04-03 15:23:37,203: Back Left Min: 0.64, Back Right Min: 0.54
[rosout][INFO] 2025-04-03 15:23:37,300: Back Left Min: 0.64, Back Right Min: 0.54
[rosout][INFO] 2025-04-03 15:23:37,403: Back Left Min: 0.64, Back Right Min: 0.54
[rosout][INFO] 2025-04-03 15:23:37,500: Back Left Min: 0.64, Back Right Min: 0.54
[rosout][INFO] 2025-04-03 15:23:37,604: Back Left Min: 0.64, Back Right Min: 0.54
[rosout][INFO] 2025-04-03 15:23:37,700: Back Left Min: 0.64, Back Right Min: 0.54
[rosout][INFO] 2025-04-03 15:23:37,804: Back Left Min: 0.64, Back Right Min: 0.54
[rosout][INFO] 2025-04-03 15:23:37,900: Back Left Min: 0.64, Back Right Min: 0.54
[rosout][INFO] 2025-04-03 15:23:38,004: Back Left Min: 0.64, Back Right Min: 0.54
[rosout][INFO] 2025-04-03 15:23:38,101: Back Left Min: 0.64, Back Right Min: 0.54
[rosout][INFO] 2025-04-03 15:23:38,204: Back Left Min: 0.64, Back Right Min: 0.54
[rosout][INFO] 2025-04-03 15:23:38,301: Back Left Min: 0.64, Back Right Min: 0.54
[rosout][INFO] 2025-04-03 15:23:38,404: Back Left Min: 0.64, Back Right Min: 0.54
[rosout][INFO] 2025-04-03 15:23:38,501: Back Left Min: 0.64, Back Right Min: 0.54
[rosout][INFO] 2025-04-03 15:23:38,604: Back Left Min: 0.64, Back Right Min: 0.54
[rosout][INFO] 2025-04-03 15:23:38,701: Back Left Min: 0.64, Back Right Min: 0.54
[rosout][INFO] 2025-04-03 15:23:38,804: Back Left Min: 0.64, Back Right Min: 0.54
[rosout][INFO] 2025-04-03 15:23:38,901: Back Left Min: 0.64, Back Right Min: 0.54
[rosout][INFO] 2025-04-03 15:23:39,004: Back Left Min: 0.64, Back Right Min: 0.54
[rosout][INFO] 2025-04-03 15:23:39,101: Back Left Min: 0.64, Back Right Min: 0.54
[rosout][INFO] 2025-04-03 15:23:39,204: Back Left Min: 0.64, Back Right Min: 0.54
[rosout][INFO] 2025-04-03 15:23:39,301: Back Left Min: 0.64, Back Right Min: 0.54
[rosout][INFO] 2025-04-03 15:23:39,404: Back Left Min: 0.64, Back Right Min: 0.54
[rosout][INFO] 2025-04-03 15:23:39,501: Back Left Min: 0.64, Back Right Min: 0.54
[rosout][INFO] 2025-04-03 15:23:39,604: Back Left Min: 0.64, Back Right Min: 0.54
[rosout][INFO] 2025-04-03 15:23:39,701: Back Left Min: 0.64, Back Right Min: 0.54
[rosout][INFO] 2025-04-03 15:23:39,804: Back Left Min: 0.64, Back Right Min: 0.54
[rosout][INFO] 2025-04-03 15:23:39,901: Back Left Min: 0.64, Back Right Min: 0.54
[rosout][INFO] 2025-04-03 15:23:40,004: Back Left Min: 0.64, Back Right Min: 0.54
[rosout][INFO] 2025-04-03 15:23:40,101: Back Left Min: 0.64, Back Right Min: 0.54
[rosout][INFO] 2025-04-03 15:23:40,205: Back Left Min: 0.64, Back Right Min: 0.54
[rosout][INFO] 2025-04-03 15:23:40,301: Back Left Min: 0.64, Back Right Min: 0.54
[rosout][INFO] 2025-04-03 15:23:40,405: Back Left Min: 0.64, Back Right Min: 0.54
[rosout][INFO] 2025-04-03 15:23:40,502: Back Left Min: 0.64, Back Right Min: 0.54
[rosout][INFO] 2025-04-03 15:23:40,605: Back Left Min: 0.64, Back Right Min: 0.54
[rosout][INFO] 2025-04-03 15:23:40,702: Back Left Min: 0.64, Back Right Min: 0.54
[rosout][INFO] 2025-04-03 15:23:40,805: Back Left Min: 0.64, Back Right Min: 0.54
[rosout][INFO] 2025-04-03 15:23:40,902: Back Left Min: 0.64, Back Right Min: 0.54
[rosout][INFO] 2025-04-03 15:23:41,005: Back Left Min: 0.64, Back Right Min: 0.54
[rosout][INFO] 2025-04-03 15:23:41,102: Back Left Min: 0.64, Back Right Min: 0.54
[rosout][INFO] 2025-04-03 15:23:41,205: Back Left Min: 0.64, Back Right Min: 0.54
[rosout][INFO] 2025-04-03 15:23:41,302: Back Left Min: 0.64, Back Right Min: 0.54
[rosout][INFO] 2025-04-03 15:23:41,405: Back Left Min: 0.64, Back Right Min: 0.54
[rosout][INFO] 2025-04-03 15:23:41,502: Back Left Min: 0.64, Back Right Min: 0.54
[rosout][INFO] 2025-04-03 15:23:41,605: Back Left Min: 0.64, Back Right Min: 0.54
[rosout][INFO] 2025-04-03 15:23:41,702: Back Left Min: 0.64, Back Right Min: 0.54
[rosout][INFO] 2025-04-03 15:23:41,805: Back Left Min: 0.64, Back Right Min: 0.54
[rosout][INFO] 2025-04-03 15:23:41,902: Back Left Min: 0.64, Back Right Min: 0.54
[rosout][INFO] 2025-04-03 15:23:42,005: Back Left Min: 0.64, Back Right Min: 0.54
[rosout][INFO] 2025-04-03 15:23:42,102: Back Left Min: 0.64, Back Right Min: 0.54
[rosout][INFO] 2025-04-03 15:23:42,205: Back Left Min: 0.64, Back Right Min: 0.54
[rosout][INFO] 2025-04-03 15:23:42,302: Back Left Min: 0.64, Back Right Min: 0.54
[rosout][INFO] 2025-04-03 15:23:42,405: Back Left Min: 0.64, Back Right Min: 0.54
[rosout][INFO] 2025-04-03 15:23:42,502: Back Left Min: 0.64, Back Right Min: 0.54
[rosout][INFO] 2025-04-03 15:23:42,606: Back Left Min: 0.64, Back Right Min: 0.54
[rosout][INFO] 2025-04-03 15:23:42,702: Back Left Min: 0.64, Back Right Min: 0.54
[rosout][INFO] 2025-04-03 15:23:42,806: Back Left Min: 0.64, Back Right Min: 0.54
[rosout][INFO] 2025-04-03 15:23:42,902: Back Left Min: 0.64, Back Right Min: 0.54
[rosout][INFO] 2025-04-03 15:23:43,006: Back Left Min: 0.64, Back Right Min: 0.54
[rosout][INFO] 2025-04-03 15:23:43,102: Back Left Min: 0.64, Back Right Min: 0.54
[rosout][INFO] 2025-04-03 15:23:43,206: Back Left Min: 0.64, Back Right Min: 0.54
[rosout][INFO] 2025-04-03 15:23:43,303: Back Left Min: 0.64, Back Right Min: 0.54
[rosout][INFO] 2025-04-03 15:23:43,406: Back Left Min: 0.64, Back Right Min: 0.54
[rosout][INFO] 2025-04-03 15:23:43,503: Back Left Min: 0.64, Back Right Min: 0.54
[rosout][INFO] 2025-04-03 15:23:43,606: Back Left Min: 0.64, Back Right Min: 0.54
[rosout][INFO] 2025-04-03 15:23:43,703: Back Left Min: 0.64, Back Right Min: 0.54
[rosout][INFO] 2025-04-03 15:23:43,806: Back Left Min: 0.64, Back Right Min: 0.54
[rosout][INFO] 2025-04-03 15:23:43,903: Back Left Min: 0.64, Back Right Min: 0.54
[rosout][INFO] 2025-04-03 15:23:44,006: Back Left Min: 0.64, Back Right Min: 0.54
[rosout][INFO] 2025-04-03 15:23:44,103: Back Left Min: 0.64, Back Right Min: 0.54
[rosout][INFO] 2025-04-03 15:23:44,206: Back Left Min: 0.64, Back Right Min: 0.54
[rosout][INFO] 2025-04-03 15:23:44,303: Back Left Min: 0.64, Back Right Min: 0.54
[rosout][INFO] 2025-04-03 15:23:44,406: Back Left Min: 0.64, Back Right Min: 0.54
[rosout][INFO] 2025-04-03 15:23:44,503: Back Left Min: 0.64, Back Right Min: 0.54
[rosout][INFO] 2025-04-03 15:23:44,606: Back Left Min: 0.64, Back Right Min: 0.54
[rosout][INFO] 2025-04-03 15:23:44,703: Back Left Min: 0.64, Back Right Min: 0.54
[rosout][INFO] 2025-04-03 15:23:44,806: Back Left Min: 0.64, Back Right Min: 0.54
[rosout][INFO] 2025-04-03 15:23:44,903: Back Left Min: 0.64, Back Right Min: 0.54
[rosout][INFO] 2025-04-03 15:23:45,006: Back Left Min: 0.64, Back Right Min: 0.54
[rosout][INFO] 2025-04-03 15:23:45,103: Back Left Min: 0.64, Back Right Min: 0.54
[rosout][INFO] 2025-04-03 15:23:45,207: Back Left Min: 0.64, Back Right Min: 0.54
[rosout][INFO] 2025-04-03 15:23:45,303: Back Left Min: 0.64, Back Right Min: 0.54
[rosout][INFO] 2025-04-03 15:23:45,407: Back Left Min: 0.64, Back Right Min: 0.54
[rosout][INFO] 2025-04-03 15:23:45,503: Back Left Min: 0.64, Back Right Min: 0.54
[rosout][INFO] 2025-04-03 15:23:45,607: Back Left Min: 0.64, Back Right Min: 0.54
[rosout][INFO] 2025-04-03 15:23:45,704: Back Left Min: 0.64, Back Right Min: 0.54
[rosout][INFO] 2025-04-03 15:23:45,807: Back Left Min: 0.64, Back Right Min: 0.54
[rosout][INFO] 2025-04-03 15:23:45,904: Back Left Min: 0.64, Back Right Min: 0.54
[rosout][INFO] 2025-04-03 15:23:46,007: Back Left Min: 0.64, Back Right Min: 0.54
[rosout][INFO] 2025-04-03 15:23:46,104: Back Left Min: 0.64, Back Right Min: 0.54
[rosout][INFO] 2025-04-03 15:23:46,207: Back Left Min: 0.64, Back Right Min: 0.54
[rosout][INFO] 2025-04-03 15:23:46,304: Back Left Min: 0.64, Back Right Min: 0.54
[rosout][INFO] 2025-04-03 15:23:46,407: Back Left Min: 0.64, Back Right Min: 0.54
[rosout][INFO] 2025-04-03 15:23:46,504: Back Left Min: 0.64, Back Right Min: 0.54
[rosout][INFO] 2025-04-03 15:23:46,607: Back Left Min: 0.64, Back Right Min: 0.54
[rosout][INFO] 2025-04-03 15:23:46,704: Back Left Min: 0.64, Back Right Min: 0.54
[rosout][INFO] 2025-04-03 15:23:46,807: Back Left Min: 0.64, Back Right Min: 0.54
[rosout][INFO] 2025-04-03 15:23:46,904: Back Left Min: 0.64, Back Right Min: 0.54
[rosout][INFO] 2025-04-03 15:23:47,007: Back Left Min: 0.64, Back Right Min: 0.54
[rosout][INFO] 2025-04-03 15:23:47,104: Back Left Min: 0.64, Back Right Min: 0.54
[rosout][INFO] 2025-04-03 15:23:47,207: Back Left Min: 0.64, Back Right Min: 0.54
[rosout][INFO] 2025-04-03 15:23:47,304: Back Left Min: 0.64, Back Right Min: 0.54
[rosout][INFO] 2025-04-03 15:23:47,407: Back Left Min: 0.64, Back Right Min: 0.54
[rosout][INFO] 2025-04-03 15:23:47,504: Back Left Min: 0.64, Back Right Min: 0.54
[rosout][INFO] 2025-04-03 15:23:47,607: Back Left Min: 0.64, Back Right Min: 0.54
[rosout][INFO] 2025-04-03 15:23:47,704: Back Left Min: 0.64, Back Right Min: 0.54
[rosout][INFO] 2025-04-03 15:23:47,808: Back Left Min: 0.64, Back Right Min: 0.54
[rosout][INFO] 2025-04-03 15:23:47,904: Back Left Min: 0.64, Back Right Min: 0.54
[rosout][INFO] 2025-04-03 15:23:48,008: Back Left Min: 0.64, Back Right Min: 0.54
[rosout][INFO] 2025-04-03 15:23:48,105: Back Left Min: 0.64, Back Right Min: 0.54
[rosout][INFO] 2025-04-03 15:23:48,208: Back Left Min: 0.64, Back Right Min: 0.54
[rosout][INFO] 2025-04-03 15:23:48,305: Back Left Min: 0.64, Back Right Min: 0.54
[rosout][INFO] 2025-04-03 15:23:48,408: Back Left Min: 0.64, Back Right Min: 0.54
[rosout][INFO] 2025-04-03 15:23:48,505: Back Left Min: 0.64, Back Right Min: 0.54
[rosout][INFO] 2025-04-03 15:23:48,608: Back Left Min: 0.64, Back Right Min: 0.54
[rosout][INFO] 2025-04-03 15:23:48,705: Back Left Min: 0.64, Back Right Min: 0.54
[rosout][INFO] 2025-04-03 15:23:48,808: Back Left Min: 0.64, Back Right Min: 0.54
[rosout][INFO] 2025-04-03 15:23:48,905: Back Left Min: 0.64, Back Right Min: 0.54
[rosout][INFO] 2025-04-03 15:23:49,008: Back Left Min: 0.64, Back Right Min: 0.54
[rosout][INFO] 2025-04-03 15:23:49,105: Back Left Min: 0.64, Back Right Min: 0.54
[rosout][INFO] 2025-04-03 15:23:49,208: Back Left Min: 0.64, Back Right Min: 0.54
[rosout][INFO] 2025-04-03 15:23:49,305: Back Left Min: 0.64, Back Right Min: 0.54
[rosout][INFO] 2025-04-03 15:23:49,408: Back Left Min: 0.64, Back Right Min: 0.54
[rosout][INFO] 2025-04-03 15:23:49,505: Back Left Min: 0.64, Back Right Min: 0.54
[rosout][INFO] 2025-04-03 15:23:49,608: Back Left Min: 0.64, Back Right Min: 0.54
[rosout][INFO] 2025-04-03 15:23:49,705: Back Left Min: 0.64, Back Right Min: 0.54
[rosout][INFO] 2025-04-03 15:23:49,808: Back Left Min: 0.64, Back Right Min: 0.54
[rosout][INFO] 2025-04-03 15:23:49,905: Back Left Min: 0.64, Back Right Min: 0.54
[rosout][INFO] 2025-04-03 15:23:50,008: Back Left Min: 0.64, Back Right Min: 0.54
[rosout][INFO] 2025-04-03 15:23:50,105: Back Left Min: 0.64, Back Right Min: 0.54
[rosout][INFO] 2025-04-03 15:23:50,209: Back Left Min: 0.64, Back Right Min: 0.54
[rosout][INFO] 2025-04-03 15:23:50,305: Back Left Min: 0.64, Back Right Min: 0.54
[rosout][INFO] 2025-04-03 15:23:50,409: Back Left Min: 0.64, Back Right Min: 0.54
[rosout][INFO] 2025-04-03 15:23:50,506: Back Left Min: 0.64, Back Right Min: 0.54
[rosout][INFO] 2025-04-03 15:23:50,609: Back Left Min: 0.64, Back Right Min: 0.54
[rosout][INFO] 2025-04-03 15:23:50,706: Back Left Min: 0.64, Back Right Min: 0.54
[rosout][INFO] 2025-04-03 15:23:50,809: Back Left Min: 0.64, Back Right Min: 0.54
[rosout][INFO] 2025-04-03 15:23:50,906: Back Left Min: 0.64, Back Right Min: 0.54
[rosout][INFO] 2025-04-03 15:23:51,009: Back Left Min: 0.64, Back Right Min: 0.54
[rosout][INFO] 2025-04-03 15:23:51,106: Back Left Min: 0.64, Back Right Min: 0.54
[rosout][INFO] 2025-04-03 15:23:51,209: Back Left Min: 0.64, Back Right Min: 0.54
[rosout][INFO] 2025-04-03 15:23:51,306: Back Left Min: 0.64, Back Right Min: 0.54
[rosout][INFO] 2025-04-03 15:23:51,409: Back Left Min: 0.64, Back Right Min: 0.54
[rosout][INFO] 2025-04-03 15:23:51,506: Back Left Min: 0.64, Back Right Min: 0.54
[rosout][INFO] 2025-04-03 15:23:51,609: Back Left Min: 0.64, Back Right Min: 0.54
[rosout][INFO] 2025-04-03 15:23:51,706: Back Left Min: 0.64, Back Right Min: 0.54
[rosout][INFO] 2025-04-03 15:23:51,809: Back Left Min: 0.64, Back Right Min: 0.54
[rosout][INFO] 2025-04-03 15:23:51,906: Back Left Min: 0.64, Back Right Min: 0.54
[rosout][INFO] 2025-04-03 15:23:52,009: Back Left Min: 0.64, Back Right Min: 0.54
[rosout][INFO] 2025-04-03 15:23:52,106: Back Left Min: 0.64, Back Right Min: 0.54
[rosout][INFO] 2025-04-03 15:23:52,209: Back Left Min: 0.64, Back Right Min: 0.54
[rosout][INFO] 2025-04-03 15:23:52,306: Back Left Min: 0.64, Back Right Min: 0.54
[rosout][INFO] 2025-04-03 15:23:52,409: Back Left Min: 0.64, Back Right Min: 0.54
[rosout][INFO] 2025-04-03 15:23:52,506: Back Left Min: 0.64, Back Right Min: 0.54
[rosout][INFO] 2025-04-03 15:23:52,610: Back Left Min: 0.64, Back Right Min: 0.54
[rosout][INFO] 2025-04-03 15:23:52,706: Back Left Min: 0.64, Back Right Min: 0.54
[rosout][INFO] 2025-04-03 15:23:52,810: Back Left Min: 0.64, Back Right Min: 0.54
[rosout][INFO] 2025-04-03 15:23:52,906: Back Left Min: 0.64, Back Right Min: 0.54
[rosout][INFO] 2025-04-03 15:23:53,010: Back Left Min: 0.64, Back Right Min: 0.54
[rosout][INFO] 2025-04-03 15:23:53,106: Back Left Min: 0.64, Back Right Min: 0.54
[rosout][INFO] 2025-04-03 15:23:53,210: Back Left Min: 0.64, Back Right Min: 0.54
[rosout][INFO] 2025-04-03 15:23:53,307: Back Left Min: 0.64, Back Right Min: 0.54
[rosout][INFO] 2025-04-03 15:23:53,410: Back Left Min: 0.64, Back Right Min: 0.54
[rosout][INFO] 2025-04-03 15:23:53,507: Back Left Min: 0.64, Back Right Min: 0.54
[rosout][INFO] 2025-04-03 15:23:53,610: Back Left Min: 0.64, Back Right Min: 0.54
[rosout][INFO] 2025-04-03 15:23:53,707: Back Left Min: 0.64, Back Right Min: 0.54
[rosout][INFO] 2025-04-03 15:23:53,810: Back Left Min: 0.64, Back Right Min: 0.54
[rosout][INFO] 2025-04-03 15:23:53,907: Back Left Min: 0.64, Back Right Min: 0.54
[rosout][INFO] 2025-04-03 15:23:54,010: Back Left Min: 0.64, Back Right Min: 0.54
[rosout][INFO] 2025-04-03 15:23:54,107: Back Left Min: 0.64, Back Right Min: 0.54
[rosout][INFO] 2025-04-03 15:23:54,210: Back Left Min: 0.64, Back Right Min: 0.54
[rosout][INFO] 2025-04-03 15:23:54,307: Back Left Min: 0.64, Back Right Min: 0.54
[rosout][INFO] 2025-04-03 15:23:54,410: Back Left Min: 0.64, Back Right Min: 0.54
[rosout][INFO] 2025-04-03 15:23:54,507: Back Left Min: 0.64, Back Right Min: 0.54
[rosout][INFO] 2025-04-03 15:23:54,610: Back Left Min: 0.64, Back Right Min: 0.54
[rosout][INFO] 2025-04-03 15:23:54,707: Back Left Min: 0.64, Back Right Min: 0.54
[rosout][INFO] 2025-04-03 15:23:54,810: Back Left Min: 0.64, Back Right Min: 0.54
[rosout][INFO] 2025-04-03 15:23:54,907: Back Left Min: 0.64, Back Right Min: 0.54
[rosout][INFO] 2025-04-03 15:23:55,011: Back Left Min: 0.64, Back Right Min: 0.54
[rosout][INFO] 2025-04-03 15:23:55,107: Back Left Min: 0.64, Back Right Min: 0.54
[rosout][INFO] 2025-04-03 15:23:55,211: Back Left Min: 0.64, Back Right Min: 0.54
[rosout][INFO] 2025-04-03 15:23:55,308: Back Left Min: 0.64, Back Right Min: 0.54
[rosout][INFO] 2025-04-03 15:23:55,411: Back Left Min: 0.64, Back Right Min: 0.54
[rosout][INFO] 2025-04-03 15:23:55,508: Back Left Min: 0.64, Back Right Min: 0.54
[rosout][INFO] 2025-04-03 15:23:55,611: Back Left Min: 0.64, Back Right Min: 0.54
[rosout][INFO] 2025-04-03 15:23:55,708: Back Left Min: 0.64, Back Right Min: 0.54
[rosout][INFO] 2025-04-03 15:23:55,811: Back Left Min: 0.64, Back Right Min: 0.54
[rosout][INFO] 2025-04-03 15:23:55,908: Back Left Min: 0.64, Back Right Min: 0.54
[rosout][INFO] 2025-04-03 15:23:56,011: Back Left Min: 0.64, Back Right Min: 0.54
[rosout][INFO] 2025-04-03 15:23:56,108: Back Left Min: 0.64, Back Right Min: 0.54
[rosout][INFO] 2025-04-03 15:23:56,211: Back Left Min: 0.64, Back Right Min: 0.54
[rosout][INFO] 2025-04-03 15:23:56,308: Back Left Min: 0.64, Back Right Min: 0.54
[rosout][INFO] 2025-04-03 15:23:56,411: Back Left Min: 0.64, Back Right Min: 0.54
[rosout][INFO] 2025-04-03 15:23:56,508: Back Left Min: 0.64, Back Right Min: 0.54
[rosout][INFO] 2025-04-03 15:23:56,611: Back Left Min: 0.64, Back Right Min: 0.54
[rosout][INFO] 2025-04-03 15:23:56,708: Back Left Min: 0.64, Back Right Min: 0.54
[rosout][INFO] 2025-04-03 15:23:56,811: Back Left Min: 0.64, Back Right Min: 0.54
[rosout][INFO] 2025-04-03 15:23:56,908: Back Left Min: 0.64, Back Right Min: 0.54
[rosout][INFO] 2025-04-03 15:23:57,011: Back Left Min: 0.64, Back Right Min: 0.54
[rosout][INFO] 2025-04-03 15:23:57,108: Back Left Min: 0.64, Back Right Min: 0.54
[rosout][INFO] 2025-04-03 15:23:57,211: Back Left Min: 0.64, Back Right Min: 0.54
[rosout][INFO] 2025-04-03 15:23:57,308: Back Left Min: 0.64, Back Right Min: 0.54
[rosout][INFO] 2025-04-03 15:23:57,411: Back Left Min: 0.64, Back Right Min: 0.54
[rosout][INFO] 2025-04-03 15:23:57,508: Back Left Min: 0.64, Back Right Min: 0.54
[rosout][INFO] 2025-04-03 15:23:57,611: Back Left Min: 0.64, Back Right Min: 0.54
[rosout][INFO] 2025-04-03 15:23:57,708: Back Left Min: 0.64, Back Right Min: 0.54
[rosout][INFO] 2025-04-03 15:23:57,812: Back Left Min: 0.64, Back Right Min: 0.54
[rosout][INFO] 2025-04-03 15:23:57,908: Back Left Min: 0.64, Back Right Min: 0.54
[rosout][INFO] 2025-04-03 15:23:58,012: Back Left Min: 0.64, Back Right Min: 0.54
[rosout][INFO] 2025-04-03 15:23:58,109: Back Left Min: 0.64, Back Right Min: 0.54
[rosout][INFO] 2025-04-03 15:23:58,212: Back Left Min: 0.64, Back Right Min: 0.54
[rosout][INFO] 2025-04-03 15:23:58,309: Back Left Min: 0.64, Back Right Min: 0.54
[rosout][INFO] 2025-04-03 15:23:58,412: Back Left Min: 0.64, Back Right Min: 0.54
[rosout][INFO] 2025-04-03 15:23:58,509: Back Left Min: 0.64, Back Right Min: 0.54
[rosout][INFO] 2025-04-03 15:23:58,612: Back Left Min: 0.64, Back Right Min: 0.54
[rosout][INFO] 2025-04-03 15:23:58,709: Back Left Min: 0.64, Back Right Min: 0.54
[rosout][INFO] 2025-04-03 15:23:58,812: Back Left Min: 0.64, Back Right Min: 0.54
[rosout][INFO] 2025-04-03 15:23:58,909: Back Left Min: 0.64, Back Right Min: 0.54
[rosout][INFO] 2025-04-03 15:23:59,012: Back Left Min: 0.64, Back Right Min: 0.54
[rosout][INFO] 2025-04-03 15:23:59,109: Back Left Min: 0.64, Back Right Min: 0.54
[rosout][INFO] 2025-04-03 15:23:59,212: Back Left Min: 0.64, Back Right Min: 0.54
[rosout][INFO] 2025-04-03 15:23:59,309: Back Left Min: 0.64, Back Right Min: 0.54
[rosout][INFO] 2025-04-03 15:23:59,412: Back Left Min: 0.64, Back Right Min: 0.54
[rosout][INFO] 2025-04-03 15:23:59,509: Back Left Min: 0.64, Back Right Min: 0.54
[rosout][INFO] 2025-04-03 15:23:59,612: Back Left Min: 0.64, Back Right Min: 0.54
[rosout][INFO] 2025-04-03 15:23:59,709: Back Left Min: 0.64, Back Right Min: 0.54
[rosout][INFO] 2025-04-03 15:23:59,812: Back Left Min: 0.64, Back Right Min: 0.54
[rosout][INFO] 2025-04-03 15:23:59,909: Back Left Min: 0.64, Back Right Min: 0.54
[rosout][INFO] 2025-04-03 15:24:00,012: Back Left Min: 0.64, Back Right Min: 0.54
[rosout][INFO] 2025-04-03 15:24:00,109: Back Left Min: 0.64, Back Right Min: 0.54
[rosout][INFO] 2025-04-03 15:24:00,212: Back Left Min: 0.64, Back Right Min: 0.54
[rosout][INFO] 2025-04-03 15:24:00,309: Back Left Min: 0.64, Back Right Min: 0.54
[rosout][INFO] 2025-04-03 15:24:00,413: Back Left Min: 0.64, Back Right Min: 0.54
[rosout][INFO] 2025-04-03 15:24:00,509: Back Left Min: 0.64, Back Right Min: 0.54
[rosout][INFO] 2025-04-03 15:24:00,613: Back Left Min: 0.64, Back Right Min: 0.54
[rosout][INFO] 2025-04-03 15:24:00,710: Back Left Min: 0.64, Back Right Min: 0.54
[rosout][INFO] 2025-04-03 15:24:00,813: Back Left Min: 0.64, Back Right Min: 0.54
[rosout][INFO] 2025-04-03 15:24:00,910: Back Left Min: 0.64, Back Right Min: 0.54
[rosout][INFO] 2025-04-03 15:24:01,013: Back Left Min: 0.64, Back Right Min: 0.54
[rosout][INFO] 2025-04-03 15:24:01,110: Back Left Min: 0.64, Back Right Min: 0.54
[rosout][INFO] 2025-04-03 15:24:01,213: Back Left Min: 0.64, Back Right Min: 0.54
[rosout][INFO] 2025-04-03 15:24:01,310: Back Left Min: 0.64, Back Right Min: 0.54
[rosout][INFO] 2025-04-03 15:24:01,413: Back Left Min: 0.64, Back Right Min: 0.54
[rosout][INFO] 2025-04-03 15:24:01,510: Back Left Min: 0.64, Back Right Min: 0.54
[rosout][INFO] 2025-04-03 15:24:01,613: Back Left Min: 0.64, Back Right Min: 0.54
[rosout][INFO] 2025-04-03 15:24:01,710: Back Left Min: 0.64, Back Right Min: 0.54
[rosout][INFO] 2025-04-03 15:24:01,813: Back Left Min: 0.64, Back Right Min: 0.54
[rosout][INFO] 2025-04-03 15:24:01,910: Back Left Min: 0.64, Back Right Min: 0.54
[rosout][INFO] 2025-04-03 15:24:02,013: Back Left Min: 0.64, Back Right Min: 0.54
[rosout][INFO] 2025-04-03 15:24:02,110: Back Left Min: 0.64, Back Right Min: 0.54
[rosout][INFO] 2025-04-03 15:24:02,213: Back Left Min: 0.64, Back Right Min: 0.54
[rosout][INFO] 2025-04-03 15:24:02,310: Back Left Min: 0.64, Back Right Min: 0.54
[rosout][INFO] 2025-04-03 15:24:02,413: Back Left Min: 0.64, Back Right Min: 0.54
[rosout][INFO] 2025-04-03 15:24:02,510: Back Left Min: 0.64, Back Right Min: 0.54
[rosout][INFO] 2025-04-03 15:24:02,613: Back Left Min: 0.64, Back Right Min: 0.54
[rosout][INFO] 2025-04-03 15:24:02,710: Back Left Min: 0.64, Back Right Min: 0.54
[rosout][INFO] 2025-04-03 15:24:02,813: Back Left Min: 0.64, Back Right Min: 0.54
[rosout][INFO] 2025-04-03 15:24:02,910: Back Left Min: 0.64, Back Right Min: 0.54
[rosout][INFO] 2025-04-03 15:24:03,014: Back Left Min: 0.64, Back Right Min: 0.54
[rosout][INFO] 2025-04-03 15:24:03,110: Back Left Min: 0.64, Back Right Min: 0.54
[rosout][INFO] 2025-04-03 15:24:03,214: Back Left Min: 0.64, Back Right Min: 0.54
[rosout][INFO] 2025-04-03 15:24:03,311: Back Left Min: 0.64, Back Right Min: 0.54
[rosout][INFO] 2025-04-03 15:24:03,414: Back Left Min: 0.64, Back Right Min: 0.54
[rosout][INFO] 2025-04-03 15:24:03,511: Back Left Min: 0.64, Back Right Min: 0.54
[rosout][INFO] 2025-04-03 15:24:03,614: Back Left Min: 0.64, Back Right Min: 0.54
[rosout][INFO] 2025-04-03 15:24:03,711: Back Left Min: 0.64, Back Right Min: 0.54
[rosout][INFO] 2025-04-03 15:24:03,814: Back Left Min: 0.64, Back Right Min: 0.54
[rosout][INFO] 2025-04-03 15:24:03,911: Back Left Min: 0.64, Back Right Min: 0.54
[rosout][INFO] 2025-04-03 15:24:04,014: Back Left Min: 0.64, Back Right Min: 0.54
[rosout][INFO] 2025-04-03 15:24:04,111: Back Left Min: 0.64, Back Right Min: 0.54
[rosout][INFO] 2025-04-03 15:24:04,214: Back Left Min: 0.64, Back Right Min: 0.54
[rosout][INFO] 2025-04-03 15:24:04,311: Back Left Min: 0.64, Back Right Min: 0.54
[rosout][INFO] 2025-04-03 15:24:04,414: Back Left Min: 0.64, Back Right Min: 0.54
[rosout][INFO] 2025-04-03 15:24:04,511: Back Left Min: 0.64, Back Right Min: 0.54
[rosout][INFO] 2025-04-03 15:24:04,614: Back Left Min: 0.64, Back Right Min: 0.54
[rosout][INFO] 2025-04-03 15:24:04,711: Back Left Min: 0.64, Back Right Min: 0.54
[rosout][INFO] 2025-04-03 15:24:04,814: Back Left Min: 0.64, Back Right Min: 0.54
[rosout][INFO] 2025-04-03 15:24:04,911: Back Left Min: 0.64, Back Right Min: 0.54
[rosout][INFO] 2025-04-03 15:24:05,014: Back Left Min: 0.64, Back Right Min: 0.54
[rosout][INFO] 2025-04-03 15:24:05,111: Back Left Min: 0.64, Back Right Min: 0.54
[rosout][INFO] 2025-04-03 15:24:05,215: Back Left Min: 0.64, Back Right Min: 0.54
[rosout][INFO] 2025-04-03 15:24:05,311: Back Left Min: 0.64, Back Right Min: 0.54
[rosout][INFO] 2025-04-03 15:24:05,415: Back Left Min: 0.64, Back Right Min: 0.54
[rosout][INFO] 2025-04-03 15:24:05,511: Back Left Min: 0.64, Back Right Min: 0.54
[rosout][INFO] 2025-04-03 15:24:05,615: Back Left Min: 0.64, Back Right Min: 0.54
[rosout][INFO] 2025-04-03 15:24:05,712: Back Left Min: 0.64, Back Right Min: 0.54
[rosout][INFO] 2025-04-03 15:24:05,815: Back Left Min: 0.64, Back Right Min: 0.54
[rosout][INFO] 2025-04-03 15:24:05,912: Back Left Min: 0.64, Back Right Min: 0.54
[rosout][INFO] 2025-04-03 15:24:06,015: Back Left Min: 0.64, Back Right Min: 0.54
[rosout][INFO] 2025-04-03 15:24:06,112: Back Left Min: 0.64, Back Right Min: 0.54
[rosout][INFO] 2025-04-03 15:24:06,215: Back Left Min: 0.64, Back Right Min: 0.54
[rosout][INFO] 2025-04-03 15:24:06,312: Back Left Min: 0.64, Back Right Min: 0.54
[rosout][INFO] 2025-04-03 15:24:06,415: Back Left Min: 0.64, Back Right Min: 0.54
[rosout][INFO] 2025-04-03 15:24:06,512: Back Left Min: 0.64, Back Right Min: 0.54
[rosout][INFO] 2025-04-03 15:24:06,615: Back Left Min: 0.64, Back Right Min: 0.54
[rosout][INFO] 2025-04-03 15:24:06,712: Back Left Min: 0.64, Back Right Min: 0.54
[rosout][INFO] 2025-04-03 15:24:06,815: Back Left Min: 0.64, Back Right Min: 0.54
[rosout][INFO] 2025-04-03 15:24:06,912: Back Left Min: 0.64, Back Right Min: 0.54
[rosout][INFO] 2025-04-03 15:24:07,015: Back Left Min: 0.64, Back Right Min: 0.54
[rosout][INFO] 2025-04-03 15:24:07,112: Back Left Min: 0.64, Back Right Min: 0.54
[rosout][INFO] 2025-04-03 15:24:07,215: Back Left Min: 0.64, Back Right Min: 0.54
[rosout][INFO] 2025-04-03 15:24:07,312: Back Left Min: 0.64, Back Right Min: 0.54
[rosout][INFO] 2025-04-03 15:24:07,415: Back Left Min: 0.64, Back Right Min: 0.54
[rosout][INFO] 2025-04-03 15:24:07,512: Back Left Min: 0.64, Back Right Min: 0.54
[rosout][INFO] 2025-04-03 15:24:07,615: Back Left Min: 0.64, Back Right Min: 0.54
[rosout][INFO] 2025-04-03 15:24:07,712: Back Left Min: 0.64, Back Right Min: 0.54
[rosout][INFO] 2025-04-03 15:24:07,815: Back Left Min: 0.64, Back Right Min: 0.54
[rosout][INFO] 2025-04-03 15:24:07,912: Back Left Min: 0.64, Back Right Min: 0.54
[rosout][INFO] 2025-04-03 15:24:08,016: Back Left Min: 0.64, Back Right Min: 0.54
[rosout][INFO] 2025-04-03 15:24:08,113: Back Left Min: 0.64, Back Right Min: 0.54
[rosout][INFO] 2025-04-03 15:24:08,216: Back Left Min: 0.64, Back Right Min: 0.54
[rosout][INFO] 2025-04-03 15:24:08,313: Back Left Min: 0.64, Back Right Min: 0.54
[rosout][INFO] 2025-04-03 15:24:08,416: Back Left Min: 0.64, Back Right Min: 0.54
[rosout][INFO] 2025-04-03 15:24:08,513: Back Left Min: 0.64, Back Right Min: 0.54
[rosout][INFO] 2025-04-03 15:24:08,616: Back Left Min: 0.64, Back Right Min: 0.54
[rosout][INFO] 2025-04-03 15:24:08,713: Back Left Min: 0.64, Back Right Min: 0.54
[rosout][INFO] 2025-04-03 15:24:08,816: Back Left Min: 0.64, Back Right Min: 0.54
[rosout][INFO] 2025-04-03 15:24:08,913: Back Left Min: 0.64, Back Right Min: 0.54
[rosout][INFO] 2025-04-03 15:24:09,016: Back Left Min: 0.64, Back Right Min: 0.54
[rosout][INFO] 2025-04-03 15:24:09,113: Back Left Min: 0.64, Back Right Min: 0.54
[rosout][INFO] 2025-04-03 15:24:09,216: Back Left Min: 0.64, Back Right Min: 0.54
[rosout][INFO] 2025-04-03 15:24:09,313: Back Left Min: 0.64, Back Right Min: 0.54
[rosout][INFO] 2025-04-03 15:24:09,416: Back Left Min: 0.64, Back Right Min: 0.54
[rosout][INFO] 2025-04-03 15:24:09,513: Back Left Min: 0.64, Back Right Min: 0.54
[rosout][INFO] 2025-04-03 15:24:09,616: Back Left Min: 0.64, Back Right Min: 0.54
[rosout][INFO] 2025-04-03 15:24:09,713: Back Left Min: 0.64, Back Right Min: 0.54
[rosout][INFO] 2025-04-03 15:24:09,816: Back Left Min: 0.64, Back Right Min: 0.54
[rosout][INFO] 2025-04-03 15:24:09,913: Back Left Min: 0.64, Back Right Min: 0.54
[rosout][INFO] 2025-04-03 15:24:10,016: Back Left Min: 0.64, Back Right Min: 0.54
[rosout][INFO] 2025-04-03 15:24:10,113: Back Left Min: 0.64, Back Right Min: 0.54
[rosout][INFO] 2025-04-03 15:24:10,216: Back Left Min: 0.64, Back Right Min: 0.54
[rosout][INFO] 2025-04-03 15:24:10,313: Back Left Min: 0.64, Back Right Min: 0.54
[rosout][INFO] 2025-04-03 15:24:10,416: Back Left Min: 0.64, Back Right Min: 0.54
[rosout][INFO] 2025-04-03 15:24:10,513: Back Left Min: 0.64, Back Right Min: 0.54
[rosout][INFO] 2025-04-03 15:24:10,617: Back Left Min: 0.64, Back Right Min: 0.54
[rosout][INFO] 2025-04-03 15:24:10,714: Back Left Min: 0.64, Back Right Min: 0.54
[rosout][INFO] 2025-04-03 15:24:10,817: Back Left Min: 0.64, Back Right Min: 0.54
[rosout][INFO] 2025-04-03 15:24:10,914: Back Left Min: 0.64, Back Right Min: 0.54
[rosout][INFO] 2025-04-03 15:24:11,017: Back Left Min: 0.64, Back Right Min: 0.54
[rosout][INFO] 2025-04-03 15:24:11,114: Back Left Min: 0.64, Back Right Min: 0.54
[rosout][INFO] 2025-04-03 15:24:11,217: Back Left Min: 0.64, Back Right Min: 0.54
[rosout][INFO] 2025-04-03 15:24:11,314: Back Left Min: 0.64, Back Right Min: 0.54
[rosout][INFO] 2025-04-03 15:24:11,417: Back Left Min: 0.64, Back Right Min: 0.54
[rosout][INFO] 2025-04-03 15:24:11,514: Back Left Min: 0.64, Back Right Min: 0.54
[rosout][INFO] 2025-04-03 15:24:11,617: Back Left Min: 0.64, Back Right Min: 0.54
[rosout][INFO] 2025-04-03 15:24:11,714: Back Left Min: 0.64, Back Right Min: 0.54
[rosout][INFO] 2025-04-03 15:24:11,817: Back Left Min: 0.64, Back Right Min: 0.54
[rosout][INFO] 2025-04-03 15:24:11,914: Back Left Min: 0.64, Back Right Min: 0.54
[rosout][INFO] 2025-04-03 15:24:12,017: Back Left Min: 0.64, Back Right Min: 0.54
[rosout][INFO] 2025-04-03 15:24:12,114: Back Left Min: 0.64, Back Right Min: 0.54
[rosout][INFO] 2025-04-03 15:24:12,217: Back Left Min: 0.64, Back Right Min: 0.54
[rosout][INFO] 2025-04-03 15:24:12,314: Back Left Min: 0.64, Back Right Min: 0.54
[rosout][INFO] 2025-04-03 15:24:12,417: Back Left Min: 0.64, Back Right Min: 0.54
[rosout][INFO] 2025-04-03 15:24:12,514: Back Left Min: 0.64, Back Right Min: 0.54
[rosout][INFO] 2025-04-03 15:24:12,618: Back Left Min: 0.64, Back Right Min: 0.54
[rosout][INFO] 2025-04-03 15:24:12,714: Back Left Min: 0.64, Back Right Min: 0.54
[rosout][INFO] 2025-04-03 15:24:12,818: Back Left Min: 0.64, Back Right Min: 0.54
[rosout][INFO] 2025-04-03 15:24:12,914: Back Left Min: 0.64, Back Right Min: 0.54
[rosout][INFO] 2025-04-03 15:24:13,018: Back Left Min: 0.64, Back Right Min: 0.54
[rosout][INFO] 2025-04-03 15:24:13,115: Back Left Min: 0.64, Back Right Min: 0.54
[rosout][INFO] 2025-04-03 15:24:13,218: Back Left Min: 0.64, Back Right Min: 0.54
[rosout][INFO] 2025-04-03 15:24:13,315: Back Left Min: 0.64, Back Right Min: 0.54
[rosout][INFO] 2025-04-03 15:24:13,418: Back Left Min: 0.64, Back Right Min: 0.54
[rosout][INFO] 2025-04-03 15:24:13,515: Back Left Min: 0.64, Back Right Min: 0.54
[rosout][INFO] 2025-04-03 15:24:13,618: Back Left Min: 0.64, Back Right Min: 0.54
[rosout][INFO] 2025-04-03 15:24:13,715: Back Left Min: 0.64, Back Right Min: 0.54
[rosout][INFO] 2025-04-03 15:24:13,818: Back Left Min: 0.64, Back Right Min: 0.54
[rosout][INFO] 2025-04-03 15:24:13,915: Back Left Min: 0.64, Back Right Min: 0.54
[rosout][INFO] 2025-04-03 15:24:14,018: Back Left Min: 0.64, Back Right Min: 0.54
[rosout][INFO] 2025-04-03 15:24:14,115: Back Left Min: 0.64, Back Right Min: 0.54
[rosout][INFO] 2025-04-03 15:24:14,218: Back Left Min: 0.64, Back Right Min: 0.54
[rosout][INFO] 2025-04-03 15:24:14,315: Back Left Min: 0.64, Back Right Min: 0.54
[rosout][INFO] 2025-04-03 15:24:14,419: Back Left Min: 0.64, Back Right Min: 0.54
[rosout][INFO] 2025-04-03 15:24:14,515: Back Left Min: 0.64, Back Right Min: 0.54
[rosout][INFO] 2025-04-03 15:24:14,619: Back Left Min: 0.64, Back Right Min: 0.54
[rosout][INFO] 2025-04-03 15:24:14,715: Back Left Min: 0.64, Back Right Min: 0.54
[rosout][INFO] 2025-04-03 15:24:14,819: Back Left Min: 0.64, Back Right Min: 0.54
[rosout][INFO] 2025-04-03 15:24:14,915: Back Left Min: 0.64, Back Right Min: 0.54
[rosout][INFO] 2025-04-03 15:24:15,019: Back Left Min: 0.64, Back Right Min: 0.54
[rosout][INFO] 2025-04-03 15:24:15,115: Back Left Min: 0.64, Back Right Min: 0.54
[rosout][INFO] 2025-04-03 15:24:15,219: Back Left Min: 0.64, Back Right Min: 0.54
[rosout][INFO] 2025-04-03 15:24:15,315: Back Left Min: 0.64, Back Right Min: 0.54
[rosout][INFO] 2025-04-03 15:24:15,419: Back Left Min: 0.64, Back Right Min: 0.54
[rosout][INFO] 2025-04-03 15:24:15,515: Back Left Min: 0.64, Back Right Min: 0.54
[rosout][INFO] 2025-04-03 15:24:15,619: Back Left Min: 0.64, Back Right Min: 0.54
[rosout][INFO] 2025-04-03 15:24:15,715: Back Left Min: 0.64, Back Right Min: 0.54
[rosout][INFO] 2025-04-03 15:24:15,819: Back Left Min: 0.64, Back Right Min: 0.54
[rosout][INFO] 2025-04-03 15:24:15,916: Back Left Min: 0.64, Back Right Min: 0.54
[rosout][INFO] 2025-04-03 15:24:16,019: Back Left Min: 0.64, Back Right Min: 0.54
[rosout][INFO] 2025-04-03 15:24:16,116: Back Left Min: 0.64, Back Right Min: 0.54
[rosout][INFO] 2025-04-03 15:24:16,219: Back Left Min: 0.64, Back Right Min: 0.54
[rosout][INFO] 2025-04-03 15:24:16,316: Back Left Min: 0.64, Back Right Min: 0.54
[rosout][INFO] 2025-04-03 15:24:16,419: Back Left Min: 0.64, Back Right Min: 0.54
[rosout][INFO] 2025-04-03 15:24:16,516: Back Left Min: 0.64, Back Right Min: 0.54
[rosout][INFO] 2025-04-03 15:24:16,619: Back Left Min: 0.64, Back Right Min: 0.54
[rosout][INFO] 2025-04-03 15:24:16,716: Back Left Min: 0.64, Back Right Min: 0.54
[rosout][INFO] 2025-04-03 15:24:16,819: Back Left Min: 0.64, Back Right Min: 0.54
[rosout][INFO] 2025-04-03 15:24:16,916: Back Left Min: 0.64, Back Right Min: 0.54
[rosout][INFO] 2025-04-03 15:24:17,019: Back Left Min: 0.64, Back Right Min: 0.54
[rosout][INFO] 2025-04-03 15:24:17,116: Back Left Min: 0.64, Back Right Min: 0.54
[rosout][INFO] 2025-04-03 15:24:17,219: Back Left Min: 0.64, Back Right Min: 0.54
[rosout][INFO] 2025-04-03 15:24:17,316: Back Left Min: 0.64, Back Right Min: 0.54
[rosout][INFO] 2025-04-03 15:24:17,419: Back Left Min: 0.64, Back Right Min: 0.54
[rosout][INFO] 2025-04-03 15:24:17,516: Back Left Min: 0.64, Back Right Min: 0.54
[rosout][INFO] 2025-04-03 15:24:17,619: Back Left Min: 0.64, Back Right Min: 0.54
[rosout][INFO] 2025-04-03 15:24:17,716: Back Left Min: 0.64, Back Right Min: 0.54
[rosout][INFO] 2025-04-03 15:24:17,819: Back Left Min: 0.64, Back Right Min: 0.54
[rosout][INFO] 2025-04-03 15:24:17,916: Back Left Min: 0.64, Back Right Min: 0.54
[rosout][INFO] 2025-04-03 15:24:18,020: Back Left Min: 0.64, Back Right Min: 0.54
[rosout][INFO] 2025-04-03 15:24:18,116: Back Left Min: 0.64, Back Right Min: 0.54
[rosout][INFO] 2025-04-03 15:24:18,220: Back Left Min: 0.64, Back Right Min: 0.54
[rosout][INFO] 2025-04-03 15:24:18,317: Back Left Min: 0.64, Back Right Min: 0.54
[rosout][INFO] 2025-04-03 15:24:18,420: Back Left Min: 0.64, Back Right Min: 0.54
[rosout][INFO] 2025-04-03 15:24:18,517: Back Left Min: 0.64, Back Right Min: 0.54
[rosout][INFO] 2025-04-03 15:24:18,620: Back Left Min: 0.64, Back Right Min: 0.54
[rosout][INFO] 2025-04-03 15:24:18,717: Back Left Min: 0.64, Back Right Min: 0.54
[rosout][INFO] 2025-04-03 15:24:18,820: Back Left Min: 0.64, Back Right Min: 0.54
[rosout][INFO] 2025-04-03 15:24:18,917: Back Left Min: 0.64, Back Right Min: 0.54
[rosout][INFO] 2025-04-03 15:24:19,020: Back Left Min: 0.64, Back Right Min: 0.54
[rosout][INFO] 2025-04-03 15:24:19,117: Back Left Min: 0.64, Back Right Min: 0.54
[rosout][INFO] 2025-04-03 15:24:19,220: Back Left Min: 0.64, Back Right Min: 0.54
[rosout][INFO] 2025-04-03 15:24:19,317: Back Left Min: 0.64, Back Right Min: 0.54
[rosout][INFO] 2025-04-03 15:24:19,420: Back Left Min: 0.64, Back Right Min: 0.54
[rosout][INFO] 2025-04-03 15:24:19,517: Back Left Min: 0.64, Back Right Min: 0.54
[rosout][INFO] 2025-04-03 15:24:19,620: Back Left Min: 0.64, Back Right Min: 0.54
[rosout][INFO] 2025-04-03 15:24:19,717: Back Left Min: 0.64, Back Right Min: 0.54
[rosout][INFO] 2025-04-03 15:24:19,820: Back Left Min: 0.64, Back Right Min: 0.54
[rosout][INFO] 2025-04-03 15:24:19,917: Back Left Min: 0.64, Back Right Min: 0.54
[rosout][INFO] 2025-04-03 15:24:20,020: Back Left Min: 0.64, Back Right Min: 0.54
[rosout][INFO] 2025-04-03 15:24:20,117: Back Left Min: 0.64, Back Right Min: 0.54
[rosout][INFO] 2025-04-03 15:24:20,220: Back Left Min: 0.64, Back Right Min: 0.54
[rosout][INFO] 2025-04-03 15:24:20,317: Back Left Min: 0.64, Back Right Min: 0.54
[rosout][INFO] 2025-04-03 15:24:20,420: Back Left Min: 0.64, Back Right Min: 0.54
[rosout][INFO] 2025-04-03 15:24:20,517: Back Left Min: 0.64, Back Right Min: 0.54
[rosout][INFO] 2025-04-03 15:24:20,621: Back Left Min: 0.64, Back Right Min: 0.54
[rosout][INFO] 2025-04-03 15:24:20,717: Back Left Min: 0.64, Back Right Min: 0.54
[rosout][INFO] 2025-04-03 15:24:20,821: Back Left Min: 0.64, Back Right Min: 0.54
[rosout][INFO] 2025-04-03 15:24:20,918: Back Left Min: 0.64, Back Right Min: 0.54
[rosout][INFO] 2025-04-03 15:24:21,021: Back Left Min: 0.64, Back Right Min: 0.54
[rosout][INFO] 2025-04-03 15:24:21,118: Back Left Min: 0.64, Back Right Min: 0.54
[rosout][INFO] 2025-04-03 15:24:21,221: Back Left Min: 0.64, Back Right Min: 0.54
[rosout][INFO] 2025-04-03 15:24:21,318: Back Left Min: 0.64, Back Right Min: 0.54
[rosout][INFO] 2025-04-03 15:24:21,421: Back Left Min: 0.64, Back Right Min: 0.54
[rosout][INFO] 2025-04-03 15:24:21,518: Back Left Min: 0.64, Back Right Min: 0.54
[rosout][INFO] 2025-04-03 15:24:21,621: Back Left Min: 0.64, Back Right Min: 0.54
[rosout][INFO] 2025-04-03 15:24:21,718: Back Left Min: 0.64, Back Right Min: 0.54
[rosout][INFO] 2025-04-03 15:24:21,821: Back Left Min: 0.64, Back Right Min: 0.54
[rosout][INFO] 2025-04-03 15:24:21,918: Back Left Min: 0.64, Back Right Min: 0.54
[rosout][INFO] 2025-04-03 15:24:22,021: Back Left Min: 0.64, Back Right Min: 0.54
[rosout][INFO] 2025-04-03 15:24:22,118: Back Left Min: 0.64, Back Right Min: 0.54
[rosout][INFO] 2025-04-03 15:24:22,221: Back Left Min: 0.64, Back Right Min: 0.54
[rosout][INFO] 2025-04-03 15:24:22,318: Back Left Min: 0.64, Back Right Min: 0.54
[rosout][INFO] 2025-04-03 15:24:22,421: Back Left Min: 0.64, Back Right Min: 0.54
[rosout][INFO] 2025-04-03 15:24:22,518: Back Left Min: 0.64, Back Right Min: 0.54
[rosout][INFO] 2025-04-03 15:24:22,621: Back Left Min: 0.64, Back Right Min: 0.54
[rosout][INFO] 2025-04-03 15:24:22,718: Back Left Min: 0.64, Back Right Min: 0.54
[rosout][INFO] 2025-04-03 15:24:22,821: Back Left Min: 0.64, Back Right Min: 0.54
[rosout][INFO] 2025-04-03 15:24:22,918: Back Left Min: 0.64, Back Right Min: 0.54
[rosout][INFO] 2025-04-03 15:24:23,022: Back Left Min: 0.64, Back Right Min: 0.54
[rosout][INFO] 2025-04-03 15:24:23,118: Back Left Min: 0.64, Back Right Min: 0.54
[rosout][INFO] 2025-04-03 15:24:23,222: Back Left Min: 0.64, Back Right Min: 0.54
[rosout][INFO] 2025-04-03 15:24:23,318: Back Left Min: 0.64, Back Right Min: 0.54
[rosout][INFO] 2025-04-03 15:24:23,422: Back Left Min: 0.64, Back Right Min: 0.54
[rosout][INFO] 2025-04-03 15:24:23,519: Back Left Min: 0.64, Back Right Min: 0.54
[rosout][INFO] 2025-04-03 15:24:23,622: Back Left Min: 0.64, Back Right Min: 0.54
[rosout][INFO] 2025-04-03 15:24:23,719: Back Left Min: 0.64, Back Right Min: 0.54
[rosout][INFO] 2025-04-03 15:24:23,822: Back Left Min: 0.64, Back Right Min: 0.54
[rosout][INFO] 2025-04-03 15:24:23,919: Back Left Min: 0.64, Back Right Min: 0.54
[rosout][INFO] 2025-04-03 15:24:24,022: Back Left Min: 0.64, Back Right Min: 0.54
[rosout][INFO] 2025-04-03 15:24:24,119: Back Left Min: 0.64, Back Right Min: 0.54
[rosout][INFO] 2025-04-03 15:24:24,222: Back Left Min: 0.64, Back Right Min: 0.54
[rosout][INFO] 2025-04-03 15:24:24,319: Back Left Min: 0.64, Back Right Min: 0.54
[rosout][INFO] 2025-04-03 15:24:24,422: Back Left Min: 0.64, Back Right Min: 0.54
[rosout][INFO] 2025-04-03 15:24:24,519: Back Left Min: 0.64, Back Right Min: 0.54
[rosout][INFO] 2025-04-03 15:24:24,622: Back Left Min: 0.64, Back Right Min: 0.54
[rosout][INFO] 2025-04-03 15:24:24,719: Back Left Min: 0.64, Back Right Min: 0.54
[rosout][INFO] 2025-04-03 15:24:24,822: Back Left Min: 0.64, Back Right Min: 0.54
[rosout][INFO] 2025-04-03 15:24:24,919: Back Left Min: 0.64, Back Right Min: 0.54
[rosout][INFO] 2025-04-03 15:24:25,022: Back Left Min: 0.64, Back Right Min: 0.54
[rosout][INFO] 2025-04-03 15:24:25,119: Back Left Min: 0.64, Back Right Min: 0.54
[rosout][INFO] 2025-04-03 15:24:25,222: Back Left Min: 0.64, Back Right Min: 0.54
[rosout][INFO] 2025-04-03 15:24:25,319: Back Left Min: 0.64, Back Right Min: 0.54
[rosout][INFO] 2025-04-03 15:24:25,422: Back Left Min: 0.64, Back Right Min: 0.54
[rosout][INFO] 2025-04-03 15:24:25,519: Back Left Min: 0.64, Back Right Min: 0.54
[rosout][INFO] 2025-04-03 15:24:25,623: Back Left Min: 0.64, Back Right Min: 0.54
[rosout][INFO] 2025-04-03 15:24:25,719: Back Left Min: 0.64, Back Right Min: 0.54
[rosout][INFO] 2025-04-03 15:24:25,823: Back Left Min: 0.64, Back Right Min: 0.54
[rosout][INFO] 2025-04-03 15:24:25,919: Back Left Min: 0.64, Back Right Min: 0.54
[rosout][INFO] 2025-04-03 15:24:26,023: Back Left Min: 0.64, Back Right Min: 0.54
[rosout][INFO] 2025-04-03 15:24:26,120: Back Left Min: 0.64, Back Right Min: 0.54
[rosout][INFO] 2025-04-03 15:24:26,223: Back Left Min: 0.64, Back Right Min: 0.54
[rosout][INFO] 2025-04-03 15:24:26,320: Back Left Min: 0.64, Back Right Min: 0.54
[rosout][INFO] 2025-04-03 15:24:26,423: Back Left Min: 0.64, Back Right Min: 0.54
[rosout][INFO] 2025-04-03 15:24:26,520: Back Left Min: 0.64, Back Right Min: 0.54
[rosout][INFO] 2025-04-03 15:24:26,623: Back Left Min: 0.64, Back Right Min: 0.54
[rosout][INFO] 2025-04-03 15:24:26,720: Back Left Min: 0.64, Back Right Min: 0.54
[rosout][INFO] 2025-04-03 15:24:26,823: Back Left Min: 0.64, Back Right Min: 0.54
[rosout][INFO] 2025-04-03 15:24:26,920: Back Left Min: 0.64, Back Right Min: 0.54
[rosout][INFO] 2025-04-03 15:24:27,023: Back Left Min: 0.64, Back Right Min: 0.54
[rosout][INFO] 2025-04-03 15:24:27,120: Back Left Min: 0.64, Back Right Min: 0.54
[rosout][INFO] 2025-04-03 15:24:27,223: Back Left Min: 0.64, Back Right Min: 0.54
[rosout][INFO] 2025-04-03 15:24:27,320: Back Left Min: 0.64, Back Right Min: 0.54
[rosout][INFO] 2025-04-03 15:24:27,423: Back Left Min: 0.64, Back Right Min: 0.54
[rosout][INFO] 2025-04-03 15:24:27,520: Back Left Min: 0.64, Back Right Min: 0.54
[rosout][INFO] 2025-04-03 15:24:27,623: Back Left Min: 0.64, Back Right Min: 0.54
[rosout][INFO] 2025-04-03 15:24:27,720: Back Left Min: 0.64, Back Right Min: 0.54
[rosout][INFO] 2025-04-03 15:24:27,823: Back Left Min: 0.64, Back Right Min: 0.54
[rosout][INFO] 2025-04-03 15:24:27,920: Back Left Min: 0.64, Back Right Min: 0.54
[rosout][INFO] 2025-04-03 15:24:28,023: Back Left Min: 0.64, Back Right Min: 0.54
[rosout][INFO] 2025-04-03 15:24:28,120: Back Left Min: 0.64, Back Right Min: 0.54
[rosout][INFO] 2025-04-03 15:24:28,224: Back Left Min: 0.64, Back Right Min: 0.54
[rosout][INFO] 2025-04-03 15:24:28,320: Back Left Min: 0.64, Back Right Min: 0.54
[rosout][INFO] 2025-04-03 15:24:28,424: Back Left Min: 0.64, Back Right Min: 0.54
[rosout][INFO] 2025-04-03 15:24:28,521: Back Left Min: 0.64, Back Right Min: 0.54
[rosout][INFO] 2025-04-03 15:24:28,624: Back Left Min: 0.64, Back Right Min: 0.54
[rosout][INFO] 2025-04-03 15:24:28,721: Back Left Min: 0.64, Back Right Min: 0.54
[rosout][INFO] 2025-04-03 15:24:28,824: Back Left Min: 0.64, Back Right Min: 0.54
[rosout][INFO] 2025-04-03 15:24:28,921: Back Left Min: 0.64, Back Right Min: 0.54
[rosout][INFO] 2025-04-03 15:24:29,024: Back Left Min: 0.64, Back Right Min: 0.54
[rosout][INFO] 2025-04-03 15:24:29,121: Back Left Min: 0.64, Back Right Min: 0.54
[rosout][INFO] 2025-04-03 15:24:29,224: Back Left Min: 0.64, Back Right Min: 0.54
[rosout][INFO] 2025-04-03 15:24:29,321: Back Left Min: 0.64, Back Right Min: 0.54
[rosout][INFO] 2025-04-03 15:24:29,424: Back Left Min: 0.64, Back Right Min: 0.54
[rosout][INFO] 2025-04-03 15:24:29,521: Back Left Min: 0.64, Back Right Min: 0.54
[rosout][INFO] 2025-04-03 15:24:29,624: Back Left Min: 0.64, Back Right Min: 0.54
[rosout][INFO] 2025-04-03 15:24:29,721: Back Left Min: 0.64, Back Right Min: 0.54
[rosout][INFO] 2025-04-03 15:24:29,824: Back Left Min: 0.64, Back Right Min: 0.54
[rosout][INFO] 2025-04-03 15:24:29,921: Back Left Min: 0.64, Back Right Min: 0.54
[rosout][INFO] 2025-04-03 15:24:30,024: Back Left Min: 0.64, Back Right Min: 0.54
[rosout][INFO] 2025-04-03 15:24:30,121: Back Left Min: 0.64, Back Right Min: 0.54
[rosout][INFO] 2025-04-03 15:24:30,224: Back Left Min: 0.64, Back Right Min: 0.54
[rosout][INFO] 2025-04-03 15:24:30,321: Back Left Min: 0.64, Back Right Min: 0.54
[rosout][INFO] 2025-04-03 15:24:30,425: Back Left Min: 0.64, Back Right Min: 0.54
[rosout][INFO] 2025-04-03 15:24:30,521: Back Left Min: 0.64, Back Right Min: 0.54
[rosout][INFO] 2025-04-03 15:24:30,625: Back Left Min: 0.64, Back Right Min: 0.54
[rosout][INFO] 2025-04-03 15:24:30,721: Back Left Min: 0.64, Back Right Min: 0.54
[rosout][INFO] 2025-04-03 15:24:30,825: Back Left Min: 0.64, Back Right Min: 0.54
[rosout][INFO] 2025-04-03 15:24:30,922: Back Left Min: 0.64, Back Right Min: 0.54
[rosout][INFO] 2025-04-03 15:24:31,025: Back Left Min: 0.64, Back Right Min: 0.54
[rosout][INFO] 2025-04-03 15:24:31,122: Back Left Min: 0.64, Back Right Min: 0.54
[rosout][INFO] 2025-04-03 15:24:31,225: Back Left Min: 0.64, Back Right Min: 0.54
[rosout][INFO] 2025-04-03 15:24:31,322: Back Left Min: 0.64, Back Right Min: 0.54
[rosout][INFO] 2025-04-03 15:24:31,425: Back Left Min: 0.64, Back Right Min: 0.54
[rosout][INFO] 2025-04-03 15:24:31,522: Back Left Min: 0.64, Back Right Min: 0.54
[rosout][INFO] 2025-04-03 15:24:31,625: Back Left Min: 0.64, Back Right Min: 0.54
[rosout][INFO] 2025-04-03 15:24:31,722: Back Left Min: 0.64, Back Right Min: 0.54
[rosout][INFO] 2025-04-03 15:24:31,825: Back Left Min: 0.64, Back Right Min: 0.54
[rosout][INFO] 2025-04-03 15:24:31,922: Back Left Min: 0.64, Back Right Min: 0.54
[rosout][INFO] 2025-04-03 15:24:32,025: Back Left Min: 0.64, Back Right Min: 0.54
[rosout][INFO] 2025-04-03 15:24:32,122: Back Left Min: 0.64, Back Right Min: 0.54
[rosout][INFO] 2025-04-03 15:24:32,225: Back Left Min: 0.64, Back Right Min: 0.54
[rosout][INFO] 2025-04-03 15:24:32,322: Back Left Min: 0.64, Back Right Min: 0.54
[rosout][INFO] 2025-04-03 15:24:32,425: Back Left Min: 0.64, Back Right Min: 0.54
[rosout][INFO] 2025-04-03 15:24:32,522: Back Left Min: 0.64, Back Right Min: 0.54
[rosout][INFO] 2025-04-03 15:24:32,625: Back Left Min: 0.64, Back Right Min: 0.54
[rosout][INFO] 2025-04-03 15:24:32,722: Back Left Min: 0.64, Back Right Min: 0.54
[rosout][INFO] 2025-04-03 15:24:32,825: Back Left Min: 0.64, Back Right Min: 0.54
[rosout][INFO] 2025-04-03 15:24:32,922: Back Left Min: 0.64, Back Right Min: 0.54
[rosout][INFO] 2025-04-03 15:24:33,026: Back Left Min: 0.64, Back Right Min: 0.54
[rosout][INFO] 2025-04-03 15:24:33,122: Back Left Min: 0.64, Back Right Min: 0.54
[rosout][INFO] 2025-04-03 15:24:33,226: Back Left Min: 0.64, Back Right Min: 0.54
[rosout][INFO] 2025-04-03 15:24:33,322: Back Left Min: 0.64, Back Right Min: 0.54
[rosout][INFO] 2025-04-03 15:24:33,426: Back Left Min: 0.64, Back Right Min: 0.54
[rosout][INFO] 2025-04-03 15:24:33,523: Back Left Min: 0.64, Back Right Min: 0.54
[rosout][INFO] 2025-04-03 15:24:33,626: Back Left Min: 0.64, Back Right Min: 0.54
[rosout][INFO] 2025-04-03 15:24:33,723: Back Left Min: 0.64, Back Right Min: 0.54
[rosout][INFO] 2025-04-03 15:24:33,826: Back Left Min: 0.64, Back Right Min: 0.54
[rosout][INFO] 2025-04-03 15:24:33,923: Back Left Min: 0.64, Back Right Min: 0.54
[rosout][INFO] 2025-04-03 15:24:34,026: Back Left Min: 0.64, Back Right Min: 0.54
[rosout][INFO] 2025-04-03 15:24:34,123: Back Left Min: 0.64, Back Right Min: 0.54
[rosout][INFO] 2025-04-03 15:24:34,226: Back Left Min: 0.64, Back Right Min: 0.54
[rosout][INFO] 2025-04-03 15:24:34,323: Back Left Min: 0.64, Back Right Min: 0.54
[rosout][INFO] 2025-04-03 15:24:34,426: Back Left Min: 0.64, Back Right Min: 0.54
[rosout][INFO] 2025-04-03 15:24:34,523: Back Left Min: 0.64, Back Right Min: 0.54
[rosout][INFO] 2025-04-03 15:24:34,626: Back Left Min: 0.64, Back Right Min: 0.54
[rosout][INFO] 2025-04-03 15:24:34,723: Back Left Min: 0.64, Back Right Min: 0.54
[rosout][INFO] 2025-04-03 15:24:34,826: Back Left Min: 0.64, Back Right Min: 0.54
[rosout][INFO] 2025-04-03 15:24:34,923: Back Left Min: 0.64, Back Right Min: 0.54
[rosout][INFO] 2025-04-03 15:24:35,026: Back Left Min: 0.64, Back Right Min: 0.54
[rosout][INFO] 2025-04-03 15:24:35,123: Back Left Min: 0.64, Back Right Min: 0.54
[rosout][INFO] 2025-04-03 15:24:35,226: Back Left Min: 0.64, Back Right Min: 0.54
[rosout][INFO] 2025-04-03 15:24:35,323: Back Left Min: 0.64, Back Right Min: 0.54
[rosout][INFO] 2025-04-03 15:24:35,426: Back Left Min: 0.64, Back Right Min: 0.54
[rosout][INFO] 2025-04-03 15:24:35,523: Back Left Min: 0.64, Back Right Min: 0.54
[rosout][INFO] 2025-04-03 15:24:35,626: Back Left Min: 0.64, Back Right Min: 0.54
[rosout][INFO] 2025-04-03 15:24:35,723: Back Left Min: 0.64, Back Right Min: 0.54
[rosout][INFO] 2025-04-03 15:24:35,827: Back Left Min: 0.64, Back Right Min: 0.54
[rosout][INFO] 2025-04-03 15:24:35,923: Back Left Min: 0.64, Back Right Min: 0.54
[rosout][INFO] 2025-04-03 15:24:36,027: Back Left Min: 0.64, Back Right Min: 0.54
[rosout][INFO] 2025-04-03 15:24:36,124: Back Left Min: 0.64, Back Right Min: 0.54
[rosout][INFO] 2025-04-03 15:24:36,227: Back Left Min: 0.64, Back Right Min: 0.54
[rosout][INFO] 2025-04-03 15:24:36,324: Back Left Min: 0.64, Back Right Min: 0.54
[rosout][INFO] 2025-04-03 15:24:36,427: Back Left Min: 0.64, Back Right Min: 0.54
[rosout][INFO] 2025-04-03 15:24:36,524: Back Left Min: 0.64, Back Right Min: 0.54
[rosout][INFO] 2025-04-03 15:24:36,627: Back Left Min: 0.64, Back Right Min: 0.54
[rosout][INFO] 2025-04-03 15:24:36,724: Back Left Min: 0.64, Back Right Min: 0.54
[rosout][INFO] 2025-04-03 15:24:36,827: Back Left Min: 0.64, Back Right Min: 0.54
[rosout][INFO] 2025-04-03 15:24:36,924: Back Left Min: 0.64, Back Right Min: 0.54
[rosout][INFO] 2025-04-03 15:24:37,027: Back Left Min: 0.64, Back Right Min: 0.54
[rosout][INFO] 2025-04-03 15:24:37,124: Back Left Min: 0.64, Back Right Min: 0.54
[rosout][INFO] 2025-04-03 15:24:37,227: Back Left Min: 0.64, Back Right Min: 0.54
[rosout][INFO] 2025-04-03 15:24:37,324: Back Left Min: 0.64, Back Right Min: 0.54
[rosout][INFO] 2025-04-03 15:24:37,427: Back Left Min: 0.64, Back Right Min: 0.54
[rosout][INFO] 2025-04-03 15:24:37,524: Back Left Min: 0.64, Back Right Min: 0.54
[rosout][INFO] 2025-04-03 15:24:37,627: Back Left Min: 0.64, Back Right Min: 0.54
[rosout][INFO] 2025-04-03 15:24:37,724: Back Left Min: 0.64, Back Right Min: 0.54
[rosout][INFO] 2025-04-03 15:24:37,827: Back Left Min: 0.64, Back Right Min: 0.54
[rosout][INFO] 2025-04-03 15:24:37,924: Back Left Min: 0.64, Back Right Min: 0.54
[rosout][INFO] 2025-04-03 15:24:38,027: Back Left Min: 0.64, Back Right Min: 0.54
[rosout][INFO] 2025-04-03 15:24:38,124: Back Left Min: 0.64, Back Right Min: 0.54
[rosout][INFO] 2025-04-03 15:24:38,228: Back Left Min: 0.64, Back Right Min: 0.54
[rosout][INFO] 2025-04-03 15:24:38,324: Back Left Min: 0.64, Back Right Min: 0.54
[rosout][INFO] 2025-04-03 15:24:38,428: Back Left Min: 0.64, Back Right Min: 0.54
[rosout][INFO] 2025-04-03 15:24:38,525: Back Left Min: 0.64, Back Right Min: 0.54
[rosout][INFO] 2025-04-03 15:24:38,628: Back Left Min: 0.64, Back Right Min: 0.54
[rosout][INFO] 2025-04-03 15:24:38,725: Back Left Min: 0.64, Back Right Min: 0.54
[rosout][INFO] 2025-04-03 15:24:38,828: Back Left Min: 0.64, Back Right Min: 0.54
[rosout][INFO] 2025-04-03 15:24:38,925: Back Left Min: 0.64, Back Right Min: 0.54
[rosout][INFO] 2025-04-03 15:24:39,028: Back Left Min: 0.64, Back Right Min: 0.54
[rosout][INFO] 2025-04-03 15:24:39,125: Back Left Min: 0.64, Back Right Min: 0.54
[rosout][INFO] 2025-04-03 15:24:39,228: Back Left Min: 0.64, Back Right Min: 0.54
[rosout][INFO] 2025-04-03 15:24:39,325: Back Left Min: 0.64, Back Right Min: 0.54
[rosout][INFO] 2025-04-03 15:24:39,428: Back Left Min: 0.64, Back Right Min: 0.54
[rosout][INFO] 2025-04-03 15:24:39,525: Back Left Min: 0.64, Back Right Min: 0.54
[rosout][INFO] 2025-04-03 15:24:39,628: Back Left Min: 0.64, Back Right Min: 0.54
[rosout][INFO] 2025-04-03 15:24:39,725: Back Left Min: 0.64, Back Right Min: 0.54
[rosout][INFO] 2025-04-03 15:24:39,828: Back Left Min: 0.64, Back Right Min: 0.54
[rosout][INFO] 2025-04-03 15:24:39,925: Back Left Min: 0.64, Back Right Min: 0.54
[rosout][INFO] 2025-04-03 15:24:40,028: Back Left Min: 0.64, Back Right Min: 0.54
[rosout][INFO] 2025-04-03 15:24:40,125: Back Left Min: 0.64, Back Right Min: 0.54
[rosout][INFO] 2025-04-03 15:24:40,228: Back Left Min: 0.64, Back Right Min: 0.54
[rosout][INFO] 2025-04-03 15:24:40,325: Back Left Min: 0.64, Back Right Min: 0.54
[rosout][INFO] 2025-04-03 15:24:40,429: Back Left Min: 0.64, Back Right Min: 0.54
[rosout][INFO] 2025-04-03 15:24:40,525: Back Left Min: 0.64, Back Right Min: 0.54
[rosout][INFO] 2025-04-03 15:24:40,629: Back Left Min: 0.64, Back Right Min: 0.54
[rosout][INFO] 2025-04-03 15:24:40,725: Back Left Min: 0.64, Back Right Min: 0.54
[rosout][INFO] 2025-04-03 15:24:40,829: Back Left Min: 0.64, Back Right Min: 0.54
[rosout][INFO] 2025-04-03 15:24:40,926: Back Left Min: 0.64, Back Right Min: 0.54
[rosout][INFO] 2025-04-03 15:24:41,029: Back Left Min: 0.64, Back Right Min: 0.54
[rosout][INFO] 2025-04-03 15:24:41,126: Back Left Min: 0.64, Back Right Min: 0.54
[rosout][INFO] 2025-04-03 15:24:41,229: Back Left Min: 0.64, Back Right Min: 0.54
[rosout][INFO] 2025-04-03 15:24:41,326: Back Left Min: 0.64, Back Right Min: 0.54
[rosout][INFO] 2025-04-03 15:24:41,429: Back Left Min: 0.64, Back Right Min: 0.54
[rosout][INFO] 2025-04-03 15:24:41,526: Back Left Min: 0.64, Back Right Min: 0.54
[rosout][INFO] 2025-04-03 15:24:41,629: Back Left Min: 0.64, Back Right Min: 0.54
[rosout][INFO] 2025-04-03 15:24:41,726: Back Left Min: 0.64, Back Right Min: 0.54
[rosout][INFO] 2025-04-03 15:24:41,829: Back Left Min: 0.64, Back Right Min: 0.54
[rosout][INFO] 2025-04-03 15:24:41,926: Back Left Min: 0.64, Back Right Min: 0.54
[rosout][INFO] 2025-04-03 15:24:42,029: Back Left Min: 0.64, Back Right Min: 0.54
[rosout][INFO] 2025-04-03 15:24:42,126: Back Left Min: 0.64, Back Right Min: 0.54
[rosout][INFO] 2025-04-03 15:24:42,229: Back Left Min: 0.64, Back Right Min: 0.54
[rosout][INFO] 2025-04-03 15:24:42,326: Back Left Min: 0.64, Back Right Min: 0.54
[rosout][INFO] 2025-04-03 15:24:42,429: Back Left Min: 0.64, Back Right Min: 0.54
[rosout][INFO] 2025-04-03 15:24:42,526: Back Left Min: 0.64, Back Right Min: 0.54
[rosout][INFO] 2025-04-03 15:24:42,629: Back Left Min: 0.64, Back Right Min: 0.54
[rosout][INFO] 2025-04-03 15:24:42,726: Back Left Min: 0.64, Back Right Min: 0.54
[rosout][INFO] 2025-04-03 15:24:42,829: Back Left Min: 0.64, Back Right Min: 0.54
[rosout][INFO] 2025-04-03 15:24:42,926: Back Left Min: 0.64, Back Right Min: 0.54
[rosout][INFO] 2025-04-03 15:24:43,029: Back Left Min: 0.64, Back Right Min: 0.54
[rosout][INFO] 2025-04-03 15:24:43,126: Back Left Min: 0.64, Back Right Min: 0.54
[rosout][INFO] 2025-04-03 15:24:43,230: Back Left Min: 0.64, Back Right Min: 0.54
[rosout][INFO] 2025-04-03 15:24:43,326: Back Left Min: 0.64, Back Right Min: 0.54
[rosout][INFO] 2025-04-03 15:24:43,430: Back Left Min: 0.64, Back Right Min: 0.54
[rosout][INFO] 2025-04-03 15:24:43,527: Back Left Min: 0.64, Back Right Min: 0.54
[rosout][INFO] 2025-04-03 15:24:43,630: Back Left Min: 0.64, Back Right Min: 0.54
[rosout][INFO] 2025-04-03 15:24:43,727: Back Left Min: 0.64, Back Right Min: 0.54
[rosout][INFO] 2025-04-03 15:24:43,830: Back Left Min: 0.64, Back Right Min: 0.54
[rosout][INFO] 2025-04-03 15:24:43,927: Back Left Min: 0.64, Back Right Min: 0.54
[rosout][INFO] 2025-04-03 15:24:44,030: Back Left Min: 0.64, Back Right Min: 0.54
[rosout][INFO] 2025-04-03 15:24:44,127: Back Left Min: 0.64, Back Right Min: 0.54
[rosout][INFO] 2025-04-03 15:24:44,230: Back Left Min: 0.64, Back Right Min: 0.54
[rosout][INFO] 2025-04-03 15:24:44,327: Back Left Min: 0.64, Back Right Min: 0.54
[rosout][INFO] 2025-04-03 15:24:44,430: Back Left Min: 0.64, Back Right Min: 0.54
[rosout][INFO] 2025-04-03 15:24:44,527: Back Left Min: 0.64, Back Right Min: 0.54
[rosout][INFO] 2025-04-03 15:24:44,630: Back Left Min: 0.64, Back Right Min: 0.54
[rosout][INFO] 2025-04-03 15:24:44,727: Back Left Min: 0.64, Back Right Min: 0.54
[rosout][INFO] 2025-04-03 15:24:44,830: Back Left Min: 0.64, Back Right Min: 0.54
[rosout][INFO] 2025-04-03 15:24:44,927: Back Left Min: 0.64, Back Right Min: 0.54
[rosout][INFO] 2025-04-03 15:24:45,030: Back Left Min: 0.64, Back Right Min: 0.54
[rosout][INFO] 2025-04-03 15:24:45,127: Back Left Min: 0.64, Back Right Min: 0.54
[rosout][INFO] 2025-04-03 15:24:45,230: Back Left Min: 0.64, Back Right Min: 0.54
[rosout][INFO] 2025-04-03 15:24:45,327: Back Left Min: 0.64, Back Right Min: 0.54
[rosout][INFO] 2025-04-03 15:24:45,430: Back Left Min: 0.64, Back Right Min: 0.54
[rosout][INFO] 2025-04-03 15:24:45,527: Back Left Min: 0.64, Back Right Min: 0.54
[rosout][INFO] 2025-04-03 15:24:45,630: Back Left Min: 0.64, Back Right Min: 0.54
[rosout][INFO] 2025-04-03 15:24:45,727: Back Left Min: 0.64, Back Right Min: 0.54
[rosout][INFO] 2025-04-03 15:24:45,831: Back Left Min: 0.64, Back Right Min: 0.54
[rosout][INFO] 2025-04-03 15:24:45,927: Back Left Min: 0.64, Back Right Min: 0.54
[rosout][INFO] 2025-04-03 15:24:46,031: Back Left Min: 0.64, Back Right Min: 0.54
[rosout][INFO] 2025-04-03 15:24:46,127: Back Left Min: 0.64, Back Right Min: 0.54
[rosout][INFO] 2025-04-03 15:24:46,231: Back Left Min: 0.64, Back Right Min: 0.54
[rosout][INFO] 2025-04-03 15:24:46,328: Back Left Min: 0.64, Back Right Min: 0.54
[rosout][INFO] 2025-04-03 15:24:46,431: Back Left Min: 0.64, Back Right Min: 0.54
[rosout][INFO] 2025-04-03 15:24:46,528: Back Left Min: 0.64, Back Right Min: 0.54
[rosout][INFO] 2025-04-03 15:24:46,631: Back Left Min: 0.64, Back Right Min: 0.54
[rosout][INFO] 2025-04-03 15:24:46,728: Back Left Min: 0.64, Back Right Min: 0.54
[rosout][INFO] 2025-04-03 15:24:46,831: Back Left Min: 0.64, Back Right Min: 0.54
[rosout][INFO] 2025-04-03 15:24:46,928: Back Left Min: 0.64, Back Right Min: 0.54
[rosout][INFO] 2025-04-03 15:24:47,031: Back Left Min: 0.64, Back Right Min: 0.54
[rosout][INFO] 2025-04-03 15:24:47,128: Back Left Min: 0.64, Back Right Min: 0.54
[rosout][INFO] 2025-04-03 15:24:47,232: Back Left Min: 0.64, Back Right Min: 0.54
[rosout][INFO] 2025-04-03 15:24:47,328: Back Left Min: 0.64, Back Right Min: 0.54
[rosout][INFO] 2025-04-03 15:24:47,431: Back Left Min: 0.64, Back Right Min: 0.54
[rosout][INFO] 2025-04-03 15:24:47,528: Back Left Min: 0.64, Back Right Min: 0.54
[rosout][INFO] 2025-04-03 15:24:47,631: Back Left Min: 0.64, Back Right Min: 0.54
[rosout][INFO] 2025-04-03 15:24:47,728: Back Left Min: 0.64, Back Right Min: 0.54
[rosout][INFO] 2025-04-03 15:24:47,831: Back Left Min: 0.64, Back Right Min: 0.54
[rosout][INFO] 2025-04-03 15:24:47,928: Back Left Min: 0.64, Back Right Min: 0.54
[rosout][INFO] 2025-04-03 15:24:48,031: Back Left Min: 0.64, Back Right Min: 0.54
[rosout][INFO] 2025-04-03 15:24:48,128: Back Left Min: 0.64, Back Right Min: 0.54
[rosout][INFO] 2025-04-03 15:24:48,232: Back Left Min: 0.64, Back Right Min: 0.54
[rosout][INFO] 2025-04-03 15:24:48,328: Back Left Min: 0.64, Back Right Min: 0.54
[rosout][INFO] 2025-04-03 15:24:48,432: Back Left Min: 0.64, Back Right Min: 0.54
[rosout][INFO] 2025-04-03 15:24:48,529: Back Left Min: 0.64, Back Right Min: 0.54
[rosout][INFO] 2025-04-03 15:24:48,632: Back Left Min: 0.64, Back Right Min: 0.54
[rosout][INFO] 2025-04-03 15:24:48,729: Back Left Min: 0.64, Back Right Min: 0.54
[rosout][INFO] 2025-04-03 15:24:48,832: Back Left Min: 0.64, Back Right Min: 0.54
[rosout][INFO] 2025-04-03 15:24:48,929: Back Left Min: 0.64, Back Right Min: 0.54
[rosout][INFO] 2025-04-03 15:24:49,032: Back Left Min: 0.64, Back Right Min: 0.54
[rosout][INFO] 2025-04-03 15:24:49,129: Back Left Min: 0.64, Back Right Min: 0.54
[rosout][INFO] 2025-04-03 15:24:49,232: Back Left Min: 0.64, Back Right Min: 0.54
[rosout][INFO] 2025-04-03 15:24:49,329: Back Left Min: 0.64, Back Right Min: 0.54
[rosout][INFO] 2025-04-03 15:24:49,432: Back Left Min: 0.64, Back Right Min: 0.54
[rosout][INFO] 2025-04-03 15:24:49,529: Back Left Min: 0.64, Back Right Min: 0.54
[rosout][INFO] 2025-04-03 15:24:49,632: Back Left Min: 0.64, Back Right Min: 0.54
[rosout][INFO] 2025-04-03 15:24:49,729: Back Left Min: 0.64, Back Right Min: 0.54
[rosout][INFO] 2025-04-03 15:24:49,832: Back Left Min: 0.64, Back Right Min: 0.54
[rosout][INFO] 2025-04-03 15:24:49,929: Back Left Min: 0.64, Back Right Min: 0.54
[rosout][INFO] 2025-04-03 15:24:50,032: Back Left Min: 0.64, Back Right Min: 0.54
[rosout][INFO] 2025-04-03 15:24:50,129: Back Left Min: 0.64, Back Right Min: 0.54
[rosout][INFO] 2025-04-03 15:24:50,232: Back Left Min: 0.64, Back Right Min: 0.54
[rosout][INFO] 2025-04-03 15:24:50,329: Back Left Min: 0.64, Back Right Min: 0.54
[rosout][INFO] 2025-04-03 15:24:50,432: Back Left Min: 0.64, Back Right Min: 0.54
[rosout][INFO] 2025-04-03 15:24:50,529: Back Left Min: 0.64, Back Right Min: 0.54
[rosout][INFO] 2025-04-03 15:24:50,632: Back Left Min: 0.64, Back Right Min: 0.54
[rosout][INFO] 2025-04-03 15:24:50,729: Back Left Min: 0.64, Back Right Min: 0.54
[rosout][INFO] 2025-04-03 15:24:50,833: Back Left Min: 0.64, Back Right Min: 0.54
[rosout][INFO] 2025-04-03 15:24:50,929: Back Left Min: 0.64, Back Right Min: 0.54
[rosout][INFO] 2025-04-03 15:24:51,033: Back Left Min: 0.64, Back Right Min: 0.54
[rosout][INFO] 2025-04-03 15:24:51,130: Back Left Min: 0.64, Back Right Min: 0.54
[rosout][INFO] 2025-04-03 15:24:51,233: Back Left Min: 0.64, Back Right Min: 0.54
[rosout][INFO] 2025-04-03 15:24:51,330: Back Left Min: 0.64, Back Right Min: 0.54
[rosout][INFO] 2025-04-03 15:24:51,433: Back Left Min: 0.64, Back Right Min: 0.54
[rosout][INFO] 2025-04-03 15:24:51,530: Back Left Min: 0.64, Back Right Min: 0.54
[rosout][INFO] 2025-04-03 15:24:51,633: Back Left Min: 0.64, Back Right Min: 0.54
[rosout][INFO] 2025-04-03 15:24:51,730: Back Left Min: 0.64, Back Right Min: 0.54
[rosout][INFO] 2025-04-03 15:24:51,833: Back Left Min: 0.64, Back Right Min: 0.54
[rosout][INFO] 2025-04-03 15:24:51,930: Back Left Min: 0.64, Back Right Min: 0.54
[rosout][INFO] 2025-04-03 15:24:52,033: Back Left Min: 0.64, Back Right Min: 0.54
[rosout][INFO] 2025-04-03 15:24:52,130: Back Left Min: 0.64, Back Right Min: 0.54
[rosout][INFO] 2025-04-03 15:24:52,233: Back Left Min: 0.64, Back Right Min: 0.54
[rosout][INFO] 2025-04-03 15:24:52,330: Back Left Min: 0.64, Back Right Min: 0.54
[rosout][INFO] 2025-04-03 15:24:52,433: Back Left Min: 0.64, Back Right Min: 0.54
[rosout][INFO] 2025-04-03 15:24:52,530: Back Left Min: 0.64, Back Right Min: 0.54
[rosout][INFO] 2025-04-03 15:24:52,633: Back Left Min: 0.64, Back Right Min: 0.54
[rosout][INFO] 2025-04-03 15:24:52,730: Back Left Min: 0.64, Back Right Min: 0.54
[rosout][INFO] 2025-04-03 15:24:52,833: Back Left Min: 0.64, Back Right Min: 0.54
[rosout][INFO] 2025-04-03 15:24:52,930: Back Left Min: 0.64, Back Right Min: 0.54
[rosout][INFO] 2025-04-03 15:24:53,033: Back Left Min: 0.64, Back Right Min: 0.54
[rosout][INFO] 2025-04-03 15:24:53,130: Back Left Min: 0.64, Back Right Min: 0.54
[rosout][INFO] 2025-04-03 15:24:53,234: Back Left Min: 0.64, Back Right Min: 0.54
[rosout][INFO] 2025-04-03 15:24:53,331: Back Left Min: 0.64, Back Right Min: 0.54
[rosout][INFO] 2025-04-03 15:24:53,434: Back Left Min: 0.64, Back Right Min: 0.54
[rosout][INFO] 2025-04-03 15:24:53,531: Back Left Min: 0.64, Back Right Min: 0.54
[rosout][INFO] 2025-04-03 15:24:53,634: Back Left Min: 0.64, Back Right Min: 0.54
[rosout][INFO] 2025-04-03 15:24:53,731: Back Left Min: 0.64, Back Right Min: 0.54
[rosout][INFO] 2025-04-03 15:24:53,834: Back Left Min: 0.64, Back Right Min: 0.54
[rosout][INFO] 2025-04-03 15:24:53,931: Back Left Min: 0.64, Back Right Min: 0.54
[rosout][INFO] 2025-04-03 15:24:54,034: Back Left Min: 0.64, Back Right Min: 0.54
[rosout][INFO] 2025-04-03 15:24:54,131: Back Left Min: 0.64, Back Right Min: 0.54
[rosout][INFO] 2025-04-03 15:24:54,234: Back Left Min: 0.64, Back Right Min: 0.54
[rosout][INFO] 2025-04-03 15:24:54,331: Back Left Min: 0.64, Back Right Min: 0.54
[rosout][INFO] 2025-04-03 15:24:54,434: Back Left Min: 0.64, Back Right Min: 0.54
[rosout][INFO] 2025-04-03 15:24:54,531: Back Left Min: 0.64, Back Right Min: 0.54
[rosout][INFO] 2025-04-03 15:24:54,634: Back Left Min: 0.64, Back Right Min: 0.54
[rosout][INFO] 2025-04-03 15:24:54,731: Back Left Min: 0.64, Back Right Min: 0.54
[rosout][INFO] 2025-04-03 15:24:54,834: Back Left Min: 0.64, Back Right Min: 0.54
[rosout][INFO] 2025-04-03 15:24:54,931: Back Left Min: 0.64, Back Right Min: 0.54
[rosout][INFO] 2025-04-03 15:24:55,034: Back Left Min: 0.64, Back Right Min: 0.54
[rosout][INFO] 2025-04-03 15:24:55,131: Back Left Min: 0.64, Back Right Min: 0.54
[rosout][INFO] 2025-04-03 15:24:55,234: Back Left Min: 0.64, Back Right Min: 0.54
[rosout][INFO] 2025-04-03 15:24:55,331: Back Left Min: 0.64, Back Right Min: 0.54
[rosout][INFO] 2025-04-03 15:24:55,434: Back Left Min: 0.64, Back Right Min: 0.54
[rosout][INFO] 2025-04-03 15:24:55,531: Back Left Min: 0.64, Back Right Min: 0.54
[rosout][INFO] 2025-04-03 15:24:55,635: Back Left Min: 0.64, Back Right Min: 0.54
[rosout][INFO] 2025-04-03 15:24:55,731: Back Left Min: 0.64, Back Right Min: 0.54
[rosout][INFO] 2025-04-03 15:24:55,835: Back Left Min: 0.64, Back Right Min: 0.54
[rosout][INFO] 2025-04-03 15:24:55,931: Back Left Min: 0.64, Back Right Min: 0.54
[rosout][INFO] 2025-04-03 15:24:56,035: Back Left Min: 0.64, Back Right Min: 0.54
[rosout][INFO] 2025-04-03 15:24:56,131: Back Left Min: 0.64, Back Right Min: 0.54
[rosout][INFO] 2025-04-03 15:24:56,235: Back Left Min: 0.64, Back Right Min: 0.54
[rosout][INFO] 2025-04-03 15:24:56,332: Back Left Min: 0.64, Back Right Min: 0.54
[rosout][INFO] 2025-04-03 15:24:56,435: Back Left Min: 0.64, Back Right Min: 0.54
[rosout][INFO] 2025-04-03 15:24:56,532: Back Left Min: 0.64, Back Right Min: 0.54
[rosout][INFO] 2025-04-03 15:24:56,635: Back Left Min: 0.64, Back Right Min: 0.54
[rosout][INFO] 2025-04-03 15:24:56,732: Back Left Min: 0.64, Back Right Min: 0.54
[rosout][INFO] 2025-04-03 15:24:56,835: Back Left Min: 0.64, Back Right Min: 0.54
[rosout][INFO] 2025-04-03 15:24:56,932: Back Left Min: 0.64, Back Right Min: 0.54
[rosout][INFO] 2025-04-03 15:24:57,035: Back Left Min: 0.64, Back Right Min: 0.54
[rosout][INFO] 2025-04-03 15:24:57,132: Back Left Min: 0.64, Back Right Min: 0.54
[rosout][INFO] 2025-04-03 15:24:57,235: Back Left Min: 0.64, Back Right Min: 0.54
[rosout][INFO] 2025-04-03 15:24:57,332: Back Left Min: 0.64, Back Right Min: 0.54
[rosout][INFO] 2025-04-03 15:24:57,435: Back Left Min: 0.64, Back Right Min: 0.54
[rosout][INFO] 2025-04-03 15:24:57,532: Back Left Min: 0.64, Back Right Min: 0.54
[rosout][INFO] 2025-04-03 15:24:57,635: Back Left Min: 0.64, Back Right Min: 0.54
[rosout][INFO] 2025-04-03 15:24:57,732: Back Left Min: 0.64, Back Right Min: 0.54
[rosout][INFO] 2025-04-03 15:24:57,835: Back Left Min: 0.64, Back Right Min: 0.54
[rosout][INFO] 2025-04-03 15:24:57,932: Back Left Min: 0.64, Back Right Min: 0.54
[rosout][INFO] 2025-04-03 15:24:58,035: Back Left Min: 0.64, Back Right Min: 0.54
[rosout][INFO] 2025-04-03 15:24:58,132: Back Left Min: 0.64, Back Right Min: 0.54
[rosout][INFO] 2025-04-03 15:24:58,235: Back Left Min: 0.64, Back Right Min: 0.54
[rosout][INFO] 2025-04-03 15:24:58,332: Back Left Min: 0.64, Back Right Min: 0.54
[rosout][INFO] 2025-04-03 15:24:58,436: Back Left Min: 0.64, Back Right Min: 0.54
[rosout][INFO] 2025-04-03 15:24:58,532: Back Left Min: 0.64, Back Right Min: 0.54
[rosout][INFO] 2025-04-03 15:24:58,636: Back Left Min: 0.64, Back Right Min: 0.54
[rosout][INFO] 2025-04-03 15:24:58,732: Back Left Min: 0.64, Back Right Min: 0.54
[rosout][INFO] 2025-04-03 15:24:58,836: Back Left Min: 0.64, Back Right Min: 0.54
[rosout][INFO] 2025-04-03 15:24:58,933: Back Left Min: 0.64, Back Right Min: 0.54
[rosout][INFO] 2025-04-03 15:24:59,036: Back Left Min: 0.64, Back Right Min: 0.54
[rosout][INFO] 2025-04-03 15:24:59,133: Back Left Min: 0.64, Back Right Min: 0.54
[rosout][INFO] 2025-04-03 15:24:59,236: Back Left Min: 0.64, Back Right Min: 0.54
[rosout][INFO] 2025-04-03 15:24:59,333: Back Left Min: 0.64, Back Right Min: 0.54
[rosout][INFO] 2025-04-03 15:24:59,436: Back Left Min: 0.64, Back Right Min: 0.54
[rosout][INFO] 2025-04-03 15:24:59,533: Back Left Min: 0.64, Back Right Min: 0.54
[rosout][INFO] 2025-04-03 15:24:59,636: Back Left Min: 0.64, Back Right Min: 0.54
[rosout][INFO] 2025-04-03 15:24:59,733: Back Left Min: 0.64, Back Right Min: 0.54
[rosout][INFO] 2025-04-03 15:24:59,836: Back Left Min: 0.64, Back Right Min: 0.54
[rosout][INFO] 2025-04-03 15:24:59,933: Back Left Min: 0.64, Back Right Min: 0.54
[rosout][INFO] 2025-04-03 15:25:00,036: Back Left Min: 0.64, Back Right Min: 0.54
[rosout][INFO] 2025-04-03 15:25:00,133: Back Left Min: 0.64, Back Right Min: 0.54
[rosout][INFO] 2025-04-03 15:25:00,236: Back Left Min: 0.64, Back Right Min: 0.54
[rosout][INFO] 2025-04-03 15:25:00,333: Back Left Min: 0.64, Back Right Min: 0.54
[rosout][INFO] 2025-04-03 15:25:00,436: Back Left Min: 0.64, Back Right Min: 0.54
[rosout][INFO] 2025-04-03 15:25:00,533: Back Left Min: 0.64, Back Right Min: 0.54
[rosout][INFO] 2025-04-03 15:25:00,637: Back Left Min: 0.64, Back Right Min: 0.54
[rosout][INFO] 2025-04-03 15:25:00,733: Back Left Min: 0.64, Back Right Min: 0.54
[rosout][INFO] 2025-04-03 15:25:00,837: Back Left Min: 0.64, Back Right Min: 0.54
[rosout][INFO] 2025-04-03 15:25:00,933: Back Left Min: 0.64, Back Right Min: 0.54
[rosout][INFO] 2025-04-03 15:25:01,037: Back Left Min: 0.64, Back Right Min: 0.54
[rosout][INFO] 2025-04-03 15:25:01,133: Back Left Min: 0.64, Back Right Min: 0.54
[rosout][INFO] 2025-04-03 15:25:01,237: Back Left Min: 0.64, Back Right Min: 0.54
[rosout][INFO] 2025-04-03 15:25:01,334: Back Left Min: 0.64, Back Right Min: 0.54
[rosout][INFO] 2025-04-03 15:25:01,437: Back Left Min: 0.64, Back Right Min: 0.54
[rosout][INFO] 2025-04-03 15:25:01,534: Back Left Min: 0.64, Back Right Min: 0.54
[rosout][INFO] 2025-04-03 15:25:01,637: Back Left Min: 0.64, Back Right Min: 0.54
[rosout][INFO] 2025-04-03 15:25:01,734: Back Left Min: 0.64, Back Right Min: 0.54
[rosout][INFO] 2025-04-03 15:25:01,837: Back Left Min: 0.64, Back Right Min: 0.54
[rosout][INFO] 2025-04-03 15:25:01,934: Back Left Min: 0.64, Back Right Min: 0.54
[rosout][INFO] 2025-04-03 15:25:02,037: Back Left Min: 0.64, Back Right Min: 0.54
[rosout][INFO] 2025-04-03 15:25:02,134: Back Left Min: 0.64, Back Right Min: 0.54
[rosout][INFO] 2025-04-03 15:25:02,237: Back Left Min: 0.64, Back Right Min: 0.54
[rosout][INFO] 2025-04-03 15:25:02,334: Back Left Min: 0.64, Back Right Min: 0.54
[rosout][INFO] 2025-04-03 15:25:02,437: Back Left Min: 0.64, Back Right Min: 0.54
[rosout][INFO] 2025-04-03 15:25:02,534: Back Left Min: 0.64, Back Right Min: 0.54
[rosout][INFO] 2025-04-03 15:25:02,637: Back Left Min: 0.64, Back Right Min: 0.54
[rosout][INFO] 2025-04-03 15:25:02,734: Back Left Min: 0.64, Back Right Min: 0.54
[rosout][INFO] 2025-04-03 15:25:02,837: Back Left Min: 0.64, Back Right Min: 0.54
[rosout][INFO] 2025-04-03 15:25:02,934: Back Left Min: 0.64, Back Right Min: 0.54
[rosout][INFO] 2025-04-03 15:25:03,037: Back Left Min: 0.64, Back Right Min: 0.54
[rosout][INFO] 2025-04-03 15:25:03,134: Back Left Min: 0.64, Back Right Min: 0.54
[rosout][INFO] 2025-04-03 15:25:03,237: Back Left Min: 0.64, Back Right Min: 0.54
[rosout][INFO] 2025-04-03 15:25:03,334: Back Left Min: 0.64, Back Right Min: 0.54
[rosout][INFO] 2025-04-03 15:25:03,438: Back Left Min: 0.64, Back Right Min: 0.54
[rosout][INFO] 2025-04-03 15:25:03,534: Back Left Min: 0.64, Back Right Min: 0.54
[rosout][INFO] 2025-04-03 15:25:03,638: Back Left Min: 0.64, Back Right Min: 0.54
[rosout][INFO] 2025-04-03 15:25:03,735: Back Left Min: 0.64, Back Right Min: 0.54
[rosout][INFO] 2025-04-03 15:25:03,838: Back Left Min: 0.64, Back Right Min: 0.54
[rosout][INFO] 2025-04-03 15:25:03,935: Back Left Min: 0.64, Back Right Min: 0.54
[rosout][INFO] 2025-04-03 15:25:04,038: Back Left Min: 0.64, Back Right Min: 0.54
[rosout][INFO] 2025-04-03 15:25:04,135: Back Left Min: 0.64, Back Right Min: 0.54
[rosout][INFO] 2025-04-03 15:25:04,238: Back Left Min: 0.64, Back Right Min: 0.54
[rosout][INFO] 2025-04-03 15:25:04,335: Back Left Min: 0.64, Back Right Min: 0.54
[rosout][INFO] 2025-04-03 15:25:04,438: Back Left Min: 0.64, Back Right Min: 0.54
[rosout][INFO] 2025-04-03 15:25:04,535: Back Left Min: 0.64, Back Right Min: 0.54
[rosout][INFO] 2025-04-03 15:25:04,638: Back Left Min: 0.64, Back Right Min: 0.54
[rosout][INFO] 2025-04-03 15:25:04,735: Back Left Min: 0.64, Back Right Min: 0.54
[rosout][INFO] 2025-04-03 15:25:04,838: Back Left Min: 0.64, Back Right Min: 0.54
[rosout][INFO] 2025-04-03 15:25:04,935: Back Left Min: 0.64, Back Right Min: 0.54
[rosout][INFO] 2025-04-03 15:25:05,038: Back Left Min: 0.64, Back Right Min: 0.54
[rosout][INFO] 2025-04-03 15:25:05,135: Back Left Min: 0.64, Back Right Min: 0.54
[rosout][INFO] 2025-04-03 15:25:05,238: Back Left Min: 0.64, Back Right Min: 0.54
[rosout][INFO] 2025-04-03 15:25:05,335: Back Left Min: 0.64, Back Right Min: 0.54
[rosout][INFO] 2025-04-03 15:25:05,438: Back Left Min: 0.64, Back Right Min: 0.54
[rosout][INFO] 2025-04-03 15:25:05,535: Back Left Min: 0.64, Back Right Min: 0.54
[rosout][INFO] 2025-04-03 15:25:05,638: Back Left Min: 0.64, Back Right Min: 0.54
[rosout][INFO] 2025-04-03 15:25:05,735: Back Left Min: 0.64, Back Right Min: 0.54
[rosout][INFO] 2025-04-03 15:25:05,839: Back Left Min: 0.64, Back Right Min: 0.54
[rosout][INFO] 2025-04-03 15:25:05,935: Back Left Min: 0.64, Back Right Min: 0.54
[rosout][INFO] 2025-04-03 15:25:06,039: Back Left Min: 0.64, Back Right Min: 0.54
[rosout][INFO] 2025-04-03 15:25:06,135: Back Left Min: 0.64, Back Right Min: 0.54
[rosout][INFO] 2025-04-03 15:25:06,239: Back Left Min: 0.64, Back Right Min: 0.54
[rosout][INFO] 2025-04-03 15:25:06,336: Back Left Min: 0.64, Back Right Min: 0.54
[rosout][INFO] 2025-04-03 15:25:06,439: Back Left Min: 0.64, Back Right Min: 0.54
[rosout][INFO] 2025-04-03 15:25:06,536: Back Left Min: 0.64, Back Right Min: 0.54
[rosout][INFO] 2025-04-03 15:25:06,639: Back Left Min: 0.64, Back Right Min: 0.54
[rosout][INFO] 2025-04-03 15:25:06,736: Back Left Min: 0.64, Back Right Min: 0.54
[rosout][INFO] 2025-04-03 15:25:06,839: Back Left Min: 0.64, Back Right Min: 0.54
[rosout][INFO] 2025-04-03 15:25:06,936: Back Left Min: 0.64, Back Right Min: 0.54
[rosout][INFO] 2025-04-03 15:25:07,039: Back Left Min: 0.64, Back Right Min: 0.54
[rosout][INFO] 2025-04-03 15:25:07,136: Back Left Min: 0.64, Back Right Min: 0.54
[rosout][INFO] 2025-04-03 15:25:07,239: Back Left Min: 0.64, Back Right Min: 0.54
[rosout][INFO] 2025-04-03 15:25:07,336: Back Left Min: 0.64, Back Right Min: 0.54
[rosout][INFO] 2025-04-03 15:25:07,439: Back Left Min: 0.64, Back Right Min: 0.54
[rosout][INFO] 2025-04-03 15:25:07,536: Back Left Min: 0.64, Back Right Min: 0.54
[rosout][INFO] 2025-04-03 15:25:07,639: Back Left Min: 0.64, Back Right Min: 0.54
[rosout][INFO] 2025-04-03 15:25:07,736: Back Left Min: 0.64, Back Right Min: 0.54
[rosout][INFO] 2025-04-03 15:25:07,839: Back Left Min: 0.64, Back Right Min: 0.54
[rosout][INFO] 2025-04-03 15:25:07,936: Back Left Min: 0.64, Back Right Min: 0.54
[rosout][INFO] 2025-04-03 15:25:08,039: Back Left Min: 0.64, Back Right Min: 0.54
[rosout][INFO] 2025-04-03 15:25:08,136: Back Left Min: 0.64, Back Right Min: 0.54
[rosout][INFO] 2025-04-03 15:25:08,239: Back Left Min: 0.64, Back Right Min: 0.54
[rosout][INFO] 2025-04-03 15:25:08,336: Back Left Min: 0.64, Back Right Min: 0.54
[rosout][INFO] 2025-04-03 15:25:08,440: Back Left Min: 0.64, Back Right Min: 0.54
[rosout][INFO] 2025-04-03 15:25:08,536: Back Left Min: 0.64, Back Right Min: 0.54
[rosout][INFO] 2025-04-03 15:25:08,640: Back Left Min: 0.64, Back Right Min: 0.54
[rosout][INFO] 2025-04-03 15:25:08,736: Back Left Min: 0.64, Back Right Min: 0.54
[rosout][INFO] 2025-04-03 15:25:08,840: Back Left Min: 0.64, Back Right Min: 0.54
[rosout][INFO] 2025-04-03 15:25:08,937: Back Left Min: 0.64, Back Right Min: 0.54
[rosout][INFO] 2025-04-03 15:25:09,040: Back Left Min: 0.64, Back Right Min: 0.54
[rosout][INFO] 2025-04-03 15:25:09,137: Back Left Min: 0.64, Back Right Min: 0.54
[rosout][INFO] 2025-04-03 15:25:09,240: Back Left Min: 0.64, Back Right Min: 0.54
[rosout][INFO] 2025-04-03 15:25:09,337: Back Left Min: 0.64, Back Right Min: 0.54
[rosout][INFO] 2025-04-03 15:25:09,440: Back Left Min: 0.64, Back Right Min: 0.54
[rosout][INFO] 2025-04-03 15:25:09,537: Back Left Min: 0.64, Back Right Min: 0.54
[rosout][INFO] 2025-04-03 15:25:09,640: Back Left Min: 0.64, Back Right Min: 0.54
[rosout][INFO] 2025-04-03 15:25:09,737: Back Left Min: 0.64, Back Right Min: 0.54
[rosout][INFO] 2025-04-03 15:25:09,840: Back Left Min: 0.64, Back Right Min: 0.54
[rosout][INFO] 2025-04-03 15:25:09,937: Back Left Min: 0.64, Back Right Min: 0.54
[rosout][INFO] 2025-04-03 15:25:10,040: Back Left Min: 0.64, Back Right Min: 0.54
[rosout][INFO] 2025-04-03 15:25:10,137: Back Left Min: 0.64, Back Right Min: 0.54
[rosout][INFO] 2025-04-03 15:25:10,240: Back Left Min: 0.64, Back Right Min: 0.54
[rosout][INFO] 2025-04-03 15:25:10,337: Back Left Min: 0.64, Back Right Min: 0.54
[rosout][INFO] 2025-04-03 15:25:10,440: Back Left Min: 0.64, Back Right Min: 0.54
[rosout][INFO] 2025-04-03 15:25:10,537: Back Left Min: 0.64, Back Right Min: 0.54
[rosout][INFO] 2025-04-03 15:25:10,640: Back Left Min: 0.64, Back Right Min: 0.54
[rosout][INFO] 2025-04-03 15:25:10,737: Back Left Min: 0.64, Back Right Min: 0.54
[rosout][INFO] 2025-04-03 15:25:10,840: Back Left Min: 0.64, Back Right Min: 0.54
[rosout][INFO] 2025-04-03 15:25:10,937: Back Left Min: 0.64, Back Right Min: 0.54
[rosout][INFO] 2025-04-03 15:25:11,041: Back Left Min: 0.64, Back Right Min: 0.54
[rosout][INFO] 2025-04-03 15:25:11,137: Back Left Min: 0.64, Back Right Min: 0.54
[rosout][INFO] 2025-04-03 15:25:11,241: Back Left Min: 0.64, Back Right Min: 0.54
[rosout][INFO] 2025-04-03 15:25:11,337: Back Left Min: 0.64, Back Right Min: 0.54
[rosout][INFO] 2025-04-03 15:25:11,441: Back Left Min: 0.64, Back Right Min: 0.54
[rosout][INFO] 2025-04-03 15:25:11,538: Back Left Min: 0.64, Back Right Min: 0.54
[rosout][INFO] 2025-04-03 15:25:11,641: Back Left Min: 0.64, Back Right Min: 0.54
[rosout][INFO] 2025-04-03 15:25:11,738: Back Left Min: 0.64, Back Right Min: 0.54
[rosout][INFO] 2025-04-03 15:25:11,841: Back Left Min: 0.64, Back Right Min: 0.54
[rosout][INFO] 2025-04-03 15:25:11,938: Back Left Min: 0.64, Back Right Min: 0.54
[rosout][INFO] 2025-04-03 15:25:12,041: Back Left Min: 0.64, Back Right Min: 0.54
[rosout][INFO] 2025-04-03 15:25:12,138: Back Left Min: 0.64, Back Right Min: 0.54
[rosout][INFO] 2025-04-03 15:25:12,241: Back Left Min: 0.64, Back Right Min: 0.54
[rosout][INFO] 2025-04-03 15:25:12,338: Back Left Min: 0.64, Back Right Min: 0.54
[rosout][INFO] 2025-04-03 15:25:12,441: Back Left Min: 0.64, Back Right Min: 0.54
[rosout][INFO] 2025-04-03 15:25:12,538: Back Left Min: 0.64, Back Right Min: 0.54
[rosout][INFO] 2025-04-03 15:25:12,641: Back Left Min: 0.64, Back Right Min: 0.54
[rosout][INFO] 2025-04-03 15:25:12,738: Back Left Min: 0.64, Back Right Min: 0.54
[rosout][INFO] 2025-04-03 15:25:12,841: Back Left Min: 0.64, Back Right Min: 0.54
[rosout][INFO] 2025-04-03 15:25:12,938: Back Left Min: 0.64, Back Right Min: 0.54
[rosout][INFO] 2025-04-03 15:25:13,041: Back Left Min: 0.64, Back Right Min: 0.54
[rosout][INFO] 2025-04-03 15:25:13,138: Back Left Min: 0.64, Back Right Min: 0.54
[rosout][INFO] 2025-04-03 15:25:13,241: Back Left Min: 0.64, Back Right Min: 0.54
[rosout][INFO] 2025-04-03 15:25:13,338: Back Left Min: 0.64, Back Right Min: 0.54
[rosout][INFO] 2025-04-03 15:25:13,442: Back Left Min: 0.64, Back Right Min: 0.54
[rosout][INFO] 2025-04-03 15:25:13,538: Back Left Min: 0.64, Back Right Min: 0.54
[rosout][INFO] 2025-04-03 15:25:13,642: Back Left Min: 0.64, Back Right Min: 0.54
[rosout][INFO] 2025-04-03 15:25:13,738: Back Left Min: 0.64, Back Right Min: 0.54
[rosout][INFO] 2025-04-03 15:25:13,842: Back Left Min: 0.64, Back Right Min: 0.54
[rosout][INFO] 2025-04-03 15:25:13,939: Back Left Min: 0.64, Back Right Min: 0.54
[rosout][INFO] 2025-04-03 15:25:14,042: Back Left Min: 0.64, Back Right Min: 0.54
[rosout][INFO] 2025-04-03 15:25:14,139: Back Left Min: 0.64, Back Right Min: 0.54
[rosout][INFO] 2025-04-03 15:25:14,242: Back Left Min: 0.64, Back Right Min: 0.54
[rosout][INFO] 2025-04-03 15:25:14,339: Back Left Min: 0.64, Back Right Min: 0.54
[rosout][INFO] 2025-04-03 15:25:14,442: Back Left Min: 0.64, Back Right Min: 0.54
[rosout][INFO] 2025-04-03 15:25:14,539: Back Left Min: 0.64, Back Right Min: 0.54
[rosout][INFO] 2025-04-03 15:25:14,642: Back Left Min: 0.64, Back Right Min: 0.54
[rosout][INFO] 2025-04-03 15:25:14,739: Back Left Min: 0.64, Back Right Min: 0.54
[rosout][INFO] 2025-04-03 15:25:14,842: Back Left Min: 0.64, Back Right Min: 0.54
[rosout][INFO] 2025-04-03 15:25:14,939: Back Left Min: 0.64, Back Right Min: 0.54
[rosout][INFO] 2025-04-03 15:25:15,042: Back Left Min: 0.64, Back Right Min: 0.54
[rosout][INFO] 2025-04-03 15:25:15,139: Back Left Min: 0.64, Back Right Min: 0.54
[rosout][INFO] 2025-04-03 15:25:15,242: Back Left Min: 0.64, Back Right Min: 0.54
[rosout][INFO] 2025-04-03 15:25:15,339: Back Left Min: 0.64, Back Right Min: 0.54
[rosout][INFO] 2025-04-03 15:25:15,442: Back Left Min: 0.64, Back Right Min: 0.54
[rosout][INFO] 2025-04-03 15:25:15,539: Back Left Min: 0.64, Back Right Min: 0.54
[rosout][INFO] 2025-04-03 15:25:15,642: Back Left Min: 0.64, Back Right Min: 0.54
[rosout][INFO] 2025-04-03 15:25:15,739: Back Left Min: 0.64, Back Right Min: 0.54
[rosout][INFO] 2025-04-03 15:25:15,842: Back Left Min: 0.64, Back Right Min: 0.54
[rosout][INFO] 2025-04-03 15:25:15,939: Back Left Min: 0.64, Back Right Min: 0.54
[rosout][INFO] 2025-04-03 15:25:16,043: Back Left Min: 0.64, Back Right Min: 0.54
[rosout][INFO] 2025-04-03 15:25:16,139: Back Left Min: 0.64, Back Right Min: 0.54
[rosout][INFO] 2025-04-03 15:25:16,243: Back Left Min: 0.64, Back Right Min: 0.54
[rosout][INFO] 2025-04-03 15:25:16,340: Back Left Min: 0.64, Back Right Min: 0.54
[rosout][INFO] 2025-04-03 15:25:16,443: Back Left Min: 0.64, Back Right Min: 0.54
[rosout][INFO] 2025-04-03 15:25:16,540: Back Left Min: 0.64, Back Right Min: 0.54
[rosout][INFO] 2025-04-03 15:25:16,643: Back Left Min: 0.64, Back Right Min: 0.54
[rosout][INFO] 2025-04-03 15:25:16,740: Back Left Min: 0.64, Back Right Min: 0.54
[rosout][INFO] 2025-04-03 15:25:16,843: Back Left Min: 0.64, Back Right Min: 0.54
[rosout][INFO] 2025-04-03 15:25:16,940: Back Left Min: 0.64, Back Right Min: 0.54
[rosout][INFO] 2025-04-03 15:25:17,043: Back Left Min: 0.64, Back Right Min: 0.54
[rosout][INFO] 2025-04-03 15:25:17,140: Back Left Min: 0.64, Back Right Min: 0.54
[rosout][INFO] 2025-04-03 15:25:17,243: Back Left Min: 0.64, Back Right Min: 0.54
[rosout][INFO] 2025-04-03 15:25:17,340: Back Left Min: 0.64, Back Right Min: 0.54
[rosout][INFO] 2025-04-03 15:25:17,443: Back Left Min: 0.64, Back Right Min: 0.54
[rosout][INFO] 2025-04-03 15:25:17,540: Back Left Min: 0.64, Back Right Min: 0.54
[rosout][INFO] 2025-04-03 15:25:17,643: Back Left Min: 0.64, Back Right Min: 0.54
[rosout][INFO] 2025-04-03 15:25:17,740: Back Left Min: 0.64, Back Right Min: 0.54
[rosout][INFO] 2025-04-03 15:25:17,843: Back Left Min: 0.64, Back Right Min: 0.54
[rosout][INFO] 2025-04-03 15:25:17,940: Back Left Min: 0.64, Back Right Min: 0.54
[rosout][INFO] 2025-04-03 15:25:18,043: Back Left Min: 0.64, Back Right Min: 0.54
[rosout][INFO] 2025-04-03 15:25:18,140: Back Left Min: 0.64, Back Right Min: 0.54
[rosout][INFO] 2025-04-03 15:25:18,243: Back Left Min: 0.64, Back Right Min: 0.54
[rosout][INFO] 2025-04-03 15:25:18,340: Back Left Min: 0.64, Back Right Min: 0.54
[rosout][INFO] 2025-04-03 15:25:18,444: Back Left Min: 0.64, Back Right Min: 0.54
[rosout][INFO] 2025-04-03 15:25:18,540: Back Left Min: 0.64, Back Right Min: 0.54
[rosout][INFO] 2025-04-03 15:25:18,644: Back Left Min: 0.64, Back Right Min: 0.54
[rosout][INFO] 2025-04-03 15:25:18,741: Back Left Min: 0.64, Back Right Min: 0.54
[rosout][INFO] 2025-04-03 15:25:18,844: Back Left Min: 0.64, Back Right Min: 0.54
[rosout][INFO] 2025-04-03 15:25:18,941: Back Left Min: 0.64, Back Right Min: 0.54
[rosout][INFO] 2025-04-03 15:25:19,044: Back Left Min: 0.64, Back Right Min: 0.54
[rosout][INFO] 2025-04-03 15:25:19,141: Back Left Min: 0.64, Back Right Min: 0.54
[rosout][INFO] 2025-04-03 15:25:19,244: Back Left Min: 0.64, Back Right Min: 0.54
[rosout][INFO] 2025-04-03 15:25:19,341: Back Left Min: 0.64, Back Right Min: 0.54
[rosout][INFO] 2025-04-03 15:25:19,444: Back Left Min: 0.64, Back Right Min: 0.54
[rosout][INFO] 2025-04-03 15:25:19,541: Back Left Min: 0.64, Back Right Min: 0.54
[rosout][INFO] 2025-04-03 15:25:19,644: Back Left Min: 0.64, Back Right Min: 0.54
[rosout][INFO] 2025-04-03 15:25:19,741: Back Left Min: 0.64, Back Right Min: 0.54
[rosout][INFO] 2025-04-03 15:25:19,844: Back Left Min: 0.64, Back Right Min: 0.54
[rosout][INFO] 2025-04-03 15:25:19,941: Back Left Min: 0.64, Back Right Min: 0.54
[rosout][INFO] 2025-04-03 15:25:20,044: Back Left Min: 0.64, Back Right Min: 0.54
[rosout][INFO] 2025-04-03 15:25:20,141: Back Left Min: 0.64, Back Right Min: 0.54
[rosout][INFO] 2025-04-03 15:25:20,244: Back Left Min: 0.64, Back Right Min: 0.54
[rosout][INFO] 2025-04-03 15:25:20,341: Back Left Min: 0.64, Back Right Min: 0.54
[rosout][INFO] 2025-04-03 15:25:20,444: Back Left Min: 0.64, Back Right Min: 0.54
[rosout][INFO] 2025-04-03 15:25:20,541: Back Left Min: 0.64, Back Right Min: 0.54
[rosout][INFO] 2025-04-03 15:25:20,644: Back Left Min: 0.64, Back Right Min: 0.54
[rosout][INFO] 2025-04-03 15:25:20,741: Back Left Min: 0.64, Back Right Min: 0.54
[rosout][INFO] 2025-04-03 15:25:20,844: Back Left Min: 0.64, Back Right Min: 0.54
[rosout][INFO] 2025-04-03 15:25:20,941: Back Left Min: 0.64, Back Right Min: 0.54
[rosout][INFO] 2025-04-03 15:25:21,045: Back Left Min: 0.64, Back Right Min: 0.54
[rosout][INFO] 2025-04-03 15:25:21,141: Back Left Min: 0.64, Back Right Min: 0.54
[rosout][INFO] 2025-04-03 15:25:21,245: Back Left Min: 0.64, Back Right Min: 0.54
[rosout][INFO] 2025-04-03 15:25:21,341: Back Left Min: 0.64, Back Right Min: 0.54
[rosout][INFO] 2025-04-03 15:25:21,445: Back Left Min: 0.64, Back Right Min: 0.54
[rosout][INFO] 2025-04-03 15:25:21,542: Back Left Min: 0.64, Back Right Min: 0.54
[rosout][INFO] 2025-04-03 15:25:21,645: Back Left Min: 0.64, Back Right Min: 0.54
[rosout][INFO] 2025-04-03 15:25:21,742: Back Left Min: 0.64, Back Right Min: 0.54
[rosout][INFO] 2025-04-03 15:25:21,845: Back Left Min: 0.64, Back Right Min: 0.54
[rosout][INFO] 2025-04-03 15:25:21,942: Back Left Min: 0.64, Back Right Min: 0.54
[rosout][INFO] 2025-04-03 15:25:22,045: Back Left Min: 0.64, Back Right Min: 0.54
[rosout][INFO] 2025-04-03 15:25:22,142: Back Left Min: 0.64, Back Right Min: 0.54
[rosout][INFO] 2025-04-03 15:25:22,245: Back Left Min: 0.64, Back Right Min: 0.54
[rosout][INFO] 2025-04-03 15:25:22,342: Back Left Min: 0.64, Back Right Min: 0.54
[rosout][INFO] 2025-04-03 15:25:22,445: Back Left Min: 0.64, Back Right Min: 0.54
[rosout][INFO] 2025-04-03 15:25:22,542: Back Left Min: 0.64, Back Right Min: 0.54
[rosout][INFO] 2025-04-03 15:25:22,645: Back Left Min: 0.64, Back Right Min: 0.54
[rosout][INFO] 2025-04-03 15:25:22,742: Back Left Min: 0.64, Back Right Min: 0.54
[rosout][INFO] 2025-04-03 15:25:22,845: Back Left Min: 0.64, Back Right Min: 0.54
[rosout][INFO] 2025-04-03 15:25:22,942: Back Left Min: 0.64, Back Right Min: 0.54
[rosout][INFO] 2025-04-03 15:25:23,045: Back Left Min: 0.64, Back Right Min: 0.54
[rosout][INFO] 2025-04-03 15:25:23,142: Back Left Min: 0.64, Back Right Min: 0.54
[rosout][INFO] 2025-04-03 15:25:23,245: Back Left Min: 0.64, Back Right Min: 0.54
[rosout][INFO] 2025-04-03 15:25:23,342: Back Left Min: 0.64, Back Right Min: 0.54
[rosout][INFO] 2025-04-03 15:25:23,446: Back Left Min: 0.64, Back Right Min: 0.54
[rosout][INFO] 2025-04-03 15:25:23,542: Back Left Min: 0.64, Back Right Min: 0.54
[rosout][INFO] 2025-04-03 15:25:23,646: Back Left Min: 0.64, Back Right Min: 0.54
[rosout][INFO] 2025-04-03 15:25:23,742: Back Left Min: 0.64, Back Right Min: 0.54
[rosout][INFO] 2025-04-03 15:25:23,846: Back Left Min: 0.64, Back Right Min: 0.54
[rosout][INFO] 2025-04-03 15:25:23,943: Back Left Min: 0.64, Back Right Min: 0.54
[rosout][INFO] 2025-04-03 15:25:24,046: Back Left Min: 0.64, Back Right Min: 0.54
[rosout][INFO] 2025-04-03 15:25:24,143: Back Left Min: 0.64, Back Right Min: 0.54
[rosout][INFO] 2025-04-03 15:25:24,246: Back Left Min: 0.64, Back Right Min: 0.54
[rosout][INFO] 2025-04-03 15:25:24,343: Back Left Min: 0.64, Back Right Min: 0.54
[rosout][INFO] 2025-04-03 15:25:24,446: Back Left Min: 0.64, Back Right Min: 0.54
[rosout][INFO] 2025-04-03 15:25:24,543: Back Left Min: 0.64, Back Right Min: 0.54
[rosout][INFO] 2025-04-03 15:25:24,646: Back Left Min: 0.64, Back Right Min: 0.54
[rosout][INFO] 2025-04-03 15:25:24,743: Back Left Min: 0.64, Back Right Min: 0.54
[rosout][INFO] 2025-04-03 15:25:24,846: Back Left Min: 0.64, Back Right Min: 0.54
[rosout][INFO] 2025-04-03 15:25:24,943: Back Left Min: 0.64, Back Right Min: 0.54
[rosout][INFO] 2025-04-03 15:25:25,046: Back Left Min: 0.64, Back Right Min: 0.54
[rosout][INFO] 2025-04-03 15:25:25,143: Back Left Min: 0.64, Back Right Min: 0.54
[rosout][INFO] 2025-04-03 15:25:25,246: Back Left Min: 0.64, Back Right Min: 0.54
[rosout][INFO] 2025-04-03 15:25:25,343: Back Left Min: 0.64, Back Right Min: 0.54
[rosout][INFO] 2025-04-03 15:25:25,446: Back Left Min: 0.64, Back Right Min: 0.54
[rosout][INFO] 2025-04-03 15:25:25,543: Back Left Min: 0.64, Back Right Min: 0.54
[rosout][INFO] 2025-04-03 15:25:25,646: Back Left Min: 0.64, Back Right Min: 0.54
[rosout][INFO] 2025-04-03 15:25:25,743: Back Left Min: 0.64, Back Right Min: 0.54
[rosout][INFO] 2025-04-03 15:25:25,846: Back Left Min: 0.64, Back Right Min: 0.54
[rosout][INFO] 2025-04-03 15:25:25,943: Back Left Min: 0.64, Back Right Min: 0.54
[rosout][INFO] 2025-04-03 15:25:26,047: Back Left Min: 0.64, Back Right Min: 0.54
[rosout][INFO] 2025-04-03 15:25:26,143: Back Left Min: 0.64, Back Right Min: 0.54
[rosout][INFO] 2025-04-03 15:25:26,247: Back Left Min: 0.64, Back Right Min: 0.54
[rosout][INFO] 2025-04-03 15:25:26,343: Back Left Min: 0.64, Back Right Min: 0.54
[rosout][INFO] 2025-04-03 15:25:26,447: Back Left Min: 0.64, Back Right Min: 0.54
[rosout][INFO] 2025-04-03 15:25:26,544: Back Left Min: 0.64, Back Right Min: 0.54
[rosout][INFO] 2025-04-03 15:25:26,647: Back Left Min: 0.64, Back Right Min: 0.54
[rosout][INFO] 2025-04-03 15:25:26,744: Back Left Min: 0.64, Back Right Min: 0.54
[rosout][INFO] 2025-04-03 15:25:26,847: Back Left Min: 0.64, Back Right Min: 0.54
[rosout][INFO] 2025-04-03 15:25:26,944: Back Left Min: 0.64, Back Right Min: 0.54
[rosout][INFO] 2025-04-03 15:25:27,047: Back Left Min: 0.64, Back Right Min: 0.54
[rosout][INFO] 2025-04-03 15:25:27,144: Back Left Min: 0.64, Back Right Min: 0.54
[rosout][INFO] 2025-04-03 15:25:27,247: Back Left Min: 0.64, Back Right Min: 0.54
[rosout][INFO] 2025-04-03 15:25:27,344: Back Left Min: 0.64, Back Right Min: 0.54
[rosout][INFO] 2025-04-03 15:25:27,447: Back Left Min: 0.64, Back Right Min: 0.54
[rosout][INFO] 2025-04-03 15:25:27,544: Back Left Min: 0.64, Back Right Min: 0.54
[rosout][INFO] 2025-04-03 15:25:27,647: Back Left Min: 0.64, Back Right Min: 0.54
[rosout][INFO] 2025-04-03 15:25:27,744: Back Left Min: 0.64, Back Right Min: 0.54
[rosout][INFO] 2025-04-03 15:25:27,847: Back Left Min: 0.64, Back Right Min: 0.54
[rosout][INFO] 2025-04-03 15:25:27,944: Back Left Min: 0.64, Back Right Min: 0.54
[rosout][INFO] 2025-04-03 15:25:28,047: Back Left Min: 0.64, Back Right Min: 0.54
[rosout][INFO] 2025-04-03 15:25:28,144: Back Left Min: 0.64, Back Right Min: 0.54
[rosout][INFO] 2025-04-03 15:25:28,247: Back Left Min: 0.64, Back Right Min: 0.54
[rosout][INFO] 2025-04-03 15:25:28,344: Back Left Min: 0.64, Back Right Min: 0.54
[rosout][INFO] 2025-04-03 15:25:28,447: Back Left Min: 0.64, Back Right Min: 0.54
[rosout][INFO] 2025-04-03 15:25:28,544: Back Left Min: 0.64, Back Right Min: 0.54
[rosout][INFO] 2025-04-03 15:25:28,648: Back Left Min: 0.64, Back Right Min: 0.54
[rosout][INFO] 2025-04-03 15:25:28,744: Back Left Min: 0.64, Back Right Min: 0.54
[rosout][INFO] 2025-04-03 15:25:28,848: Back Left Min: 0.64, Back Right Min: 0.54
[rosout][INFO] 2025-04-03 15:25:28,945: Back Left Min: 0.64, Back Right Min: 0.54
[rosout][INFO] 2025-04-03 15:25:29,048: Back Left Min: 0.64, Back Right Min: 0.54
[rosout][INFO] 2025-04-03 15:25:29,145: Back Left Min: 0.64, Back Right Min: 0.54
[rosout][INFO] 2025-04-03 15:25:29,248: Back Left Min: 0.64, Back Right Min: 0.54
[rosout][INFO] 2025-04-03 15:25:29,345: Back Left Min: 0.64, Back Right Min: 0.54
[rosout][INFO] 2025-04-03 15:25:29,448: Back Left Min: 0.64, Back Right Min: 0.54
[rosout][INFO] 2025-04-03 15:25:29,545: Back Left Min: 0.64, Back Right Min: 0.54
[rosout][INFO] 2025-04-03 15:25:29,648: Back Left Min: 0.64, Back Right Min: 0.54
[rosout][INFO] 2025-04-03 15:25:29,745: Back Left Min: 0.64, Back Right Min: 0.54
[rosout][INFO] 2025-04-03 15:25:29,848: Back Left Min: 0.64, Back Right Min: 0.54
[rosout][INFO] 2025-04-03 15:25:29,945: Back Left Min: 0.64, Back Right Min: 0.54
[rosout][INFO] 2025-04-03 15:25:30,048: Back Left Min: 0.64, Back Right Min: 0.54
[rosout][INFO] 2025-04-03 15:25:30,145: Back Left Min: 0.64, Back Right Min: 0.54
[rosout][INFO] 2025-04-03 15:25:30,248: Back Left Min: 0.64, Back Right Min: 0.54
[rosout][INFO] 2025-04-03 15:25:30,345: Back Left Min: 0.64, Back Right Min: 0.54
[rosout][INFO] 2025-04-03 15:25:30,448: Back Left Min: 0.64, Back Right Min: 0.54
[rosout][INFO] 2025-04-03 15:25:30,545: Back Left Min: 0.64, Back Right Min: 0.54
[rosout][INFO] 2025-04-03 15:25:30,648: Back Left Min: 0.64, Back Right Min: 0.54
[rosout][INFO] 2025-04-03 15:25:30,745: Back Left Min: 0.64, Back Right Min: 0.54
[rosout][INFO] 2025-04-03 15:25:30,848: Back Left Min: 0.64, Back Right Min: 0.54
[rosout][INFO] 2025-04-03 15:25:30,945: Back Left Min: 0.64, Back Right Min: 0.54
[rosout][INFO] 2025-04-03 15:25:31,049: Back Left Min: 0.64, Back Right Min: 0.54
[rosout][INFO] 2025-04-03 15:25:31,145: Back Left Min: 0.64, Back Right Min: 0.54
[rosout][INFO] 2025-04-03 15:25:31,249: Back Left Min: 0.64, Back Right Min: 0.54
[rosout][INFO] 2025-04-03 15:25:31,345: Back Left Min: 0.64, Back Right Min: 0.54
[rosout][INFO] 2025-04-03 15:25:31,449: Back Left Min: 0.64, Back Right Min: 0.54
[rosout][INFO] 2025-04-03 15:25:31,546: Back Left Min: 0.64, Back Right Min: 0.54
[rosout][INFO] 2025-04-03 15:25:31,649: Back Left Min: 0.64, Back Right Min: 0.54
[rosout][INFO] 2025-04-03 15:25:31,746: Back Left Min: 0.64, Back Right Min: 0.54
[rosout][INFO] 2025-04-03 15:25:31,849: Back Left Min: 0.64, Back Right Min: 0.54
[rosout][INFO] 2025-04-03 15:25:31,946: Back Left Min: 0.64, Back Right Min: 0.54
[rosout][INFO] 2025-04-03 15:25:32,049: Back Left Min: 0.64, Back Right Min: 0.54
[rosout][INFO] 2025-04-03 15:25:32,146: Back Left Min: 0.64, Back Right Min: 0.54
[rosout][INFO] 2025-04-03 15:25:32,249: Back Left Min: 0.64, Back Right Min: 0.54
[rosout][INFO] 2025-04-03 15:25:32,346: Back Left Min: 0.64, Back Right Min: 0.54
[rosout][INFO] 2025-04-03 15:25:32,449: Back Left Min: 0.64, Back Right Min: 0.54
[rosout][INFO] 2025-04-03 15:25:32,546: Back Left Min: 0.64, Back Right Min: 0.54
[rosout][INFO] 2025-04-03 15:25:32,649: Back Left Min: 0.64, Back Right Min: 0.54
[rosout][INFO] 2025-04-03 15:25:32,746: Back Left Min: 0.64, Back Right Min: 0.54
[rosout][INFO] 2025-04-03 15:25:32,849: Back Left Min: 0.64, Back Right Min: 0.54
[rosout][INFO] 2025-04-03 15:25:32,946: Back Left Min: 0.64, Back Right Min: 0.54
[rosout][INFO] 2025-04-03 15:25:33,049: Back Left Min: 0.64, Back Right Min: 0.54
[rosout][INFO] 2025-04-03 15:25:33,146: Back Left Min: 0.64, Back Right Min: 0.54
[rosout][INFO] 2025-04-03 15:25:33,249: Back Left Min: 0.64, Back Right Min: 0.54
[rosout][INFO] 2025-04-03 15:25:33,346: Back Left Min: 0.64, Back Right Min: 0.54
[rosout][INFO] 2025-04-03 15:25:33,450: Back Left Min: 0.64, Back Right Min: 0.54
[rosout][INFO] 2025-04-03 15:25:33,546: Back Left Min: 0.64, Back Right Min: 0.54
[rosout][INFO] 2025-04-03 15:25:33,650: Back Left Min: 0.64, Back Right Min: 0.54
[rosout][INFO] 2025-04-03 15:25:33,746: Back Left Min: 0.64, Back Right Min: 0.54
[rosout][INFO] 2025-04-03 15:25:33,850: Back Left Min: 0.64, Back Right Min: 0.54
[rosout][INFO] 2025-04-03 15:25:33,947: Back Left Min: 0.64, Back Right Min: 0.54
[rosout][INFO] 2025-04-03 15:25:34,050: Back Left Min: 0.64, Back Right Min: 0.54
[rosout][INFO] 2025-04-03 15:25:34,147: Back Left Min: 0.64, Back Right Min: 0.54
[rosout][INFO] 2025-04-03 15:25:34,250: Back Left Min: 0.64, Back Right Min: 0.54
[rosout][INFO] 2025-04-03 15:25:34,347: Back Left Min: 0.64, Back Right Min: 0.54
[rosout][INFO] 2025-04-03 15:25:34,450: Back Left Min: 0.64, Back Right Min: 0.54
[rosout][INFO] 2025-04-03 15:25:34,547: Back Left Min: 0.64, Back Right Min: 0.54
[rosout][INFO] 2025-04-03 15:25:34,650: Back Left Min: 0.64, Back Right Min: 0.54
[rosout][INFO] 2025-04-03 15:25:34,747: Back Left Min: 0.64, Back Right Min: 0.54
[rosout][INFO] 2025-04-03 15:25:34,850: Back Left Min: 0.64, Back Right Min: 0.54
[rosout][INFO] 2025-04-03 15:25:34,947: Back Left Min: 0.64, Back Right Min: 0.54
[rosout][INFO] 2025-04-03 15:25:35,050: Back Left Min: 0.64, Back Right Min: 0.54
[rosout][INFO] 2025-04-03 15:25:35,147: Back Left Min: 0.64, Back Right Min: 0.54
[rosout][INFO] 2025-04-03 15:25:35,250: Back Left Min: 0.64, Back Right Min: 0.54
[rosout][INFO] 2025-04-03 15:25:35,347: Back Left Min: 0.64, Back Right Min: 0.54
[rosout][INFO] 2025-04-03 15:25:35,450: Back Left Min: 0.64, Back Right Min: 0.54
[rosout][INFO] 2025-04-03 15:25:35,547: Back Left Min: 0.64, Back Right Min: 0.54
[rosout][INFO] 2025-04-03 15:25:35,650: Back Left Min: 0.64, Back Right Min: 0.54
[rosout][INFO] 2025-04-03 15:25:35,747: Back Left Min: 0.64, Back Right Min: 0.54
[rosout][INFO] 2025-04-03 15:25:35,850: Back Left Min: 0.64, Back Right Min: 0.54
[rosout][INFO] 2025-04-03 15:25:35,947: Back Left Min: 0.64, Back Right Min: 0.54
[rosout][INFO] 2025-04-03 15:25:36,050: Back Left Min: 0.64, Back Right Min: 0.54
[rosout][INFO] 2025-04-03 15:25:36,147: Back Left Min: 0.64, Back Right Min: 0.54
[rosout][INFO] 2025-04-03 15:25:36,251: Back Left Min: 0.64, Back Right Min: 0.54
[rosout][INFO] 2025-04-03 15:25:36,347: Back Left Min: 0.64, Back Right Min: 0.54
[rosout][INFO] 2025-04-03 15:25:36,451: Back Left Min: 0.64, Back Right Min: 0.54
[rosout][INFO] 2025-04-03 15:25:36,548: Back Left Min: 0.64, Back Right Min: 0.54
[rosout][INFO] 2025-04-03 15:25:36,651: Back Left Min: 0.64, Back Right Min: 0.54
[rosout][INFO] 2025-04-03 15:25:36,748: Back Left Min: 0.64, Back Right Min: 0.54
[rosout][INFO] 2025-04-03 15:25:36,851: Back Left Min: 0.64, Back Right Min: 0.54
[rosout][INFO] 2025-04-03 15:25:36,948: Back Left Min: 0.64, Back Right Min: 0.54
[rosout][INFO] 2025-04-03 15:25:37,051: Back Left Min: 0.64, Back Right Min: 0.54
[rosout][INFO] 2025-04-03 15:25:37,148: Back Left Min: 0.64, Back Right Min: 0.54
[rosout][INFO] 2025-04-03 15:25:37,251: Back Left Min: 0.64, Back Right Min: 0.54
[rosout][INFO] 2025-04-03 15:25:37,348: Back Left Min: 0.64, Back Right Min: 0.54
[rosout][INFO] 2025-04-03 15:25:37,451: Back Left Min: 0.64, Back Right Min: 0.54
[rosout][INFO] 2025-04-03 15:25:37,548: Back Left Min: 0.64, Back Right Min: 0.54
[rosout][INFO] 2025-04-03 15:25:37,651: Back Left Min: 0.64, Back Right Min: 0.54
[rosout][INFO] 2025-04-03 15:25:37,748: Back Left Min: 0.64, Back Right Min: 0.54
[rosout][INFO] 2025-04-03 15:25:37,851: Back Left Min: 0.64, Back Right Min: 0.54
[rosout][INFO] 2025-04-03 15:25:37,948: Back Left Min: 0.64, Back Right Min: 0.54
[rosout][INFO] 2025-04-03 15:25:38,051: Back Left Min: 0.64, Back Right Min: 0.54
[rosout][INFO] 2025-04-03 15:25:38,148: Back Left Min: 0.64, Back Right Min: 0.54
[rosout][INFO] 2025-04-03 15:25:38,251: Back Left Min: 0.64, Back Right Min: 0.54
[rosout][INFO] 2025-04-03 15:25:38,348: Back Left Min: 0.64, Back Right Min: 0.54
[rosout][INFO] 2025-04-03 15:25:38,451: Back Left Min: 0.64, Back Right Min: 0.54
[rosout][INFO] 2025-04-03 15:25:38,548: Back Left Min: 0.64, Back Right Min: 0.54
[rosout][INFO] 2025-04-03 15:25:38,651: Back Left Min: 0.64, Back Right Min: 0.54
[rosout][INFO] 2025-04-03 15:25:38,748: Back Left Min: 0.64, Back Right Min: 0.54
[rosout][INFO] 2025-04-03 15:25:38,852: Back Left Min: 0.64, Back Right Min: 0.54
[rosout][INFO] 2025-04-03 15:25:38,948: Back Left Min: 0.64, Back Right Min: 0.54
[rosout][INFO] 2025-04-03 15:25:39,052: Back Left Min: 0.64, Back Right Min: 0.54
[rosout][INFO] 2025-04-03 15:25:39,149: Back Left Min: 0.64, Back Right Min: 0.54
[rosout][INFO] 2025-04-03 15:25:39,252: Back Left Min: 0.64, Back Right Min: 0.54
[rosout][INFO] 2025-04-03 15:25:39,349: Back Left Min: 0.64, Back Right Min: 0.54
[rosout][INFO] 2025-04-03 15:25:39,452: Back Left Min: 0.64, Back Right Min: 0.54
[rosout][INFO] 2025-04-03 15:25:39,549: Back Left Min: 0.64, Back Right Min: 0.54
[rosout][INFO] 2025-04-03 15:25:39,652: Back Left Min: 0.64, Back Right Min: 0.54
[rosout][INFO] 2025-04-03 15:25:39,749: Back Left Min: 0.64, Back Right Min: 0.54
[rosout][INFO] 2025-04-03 15:25:39,852: Back Left Min: 0.64, Back Right Min: 0.54
[rosout][INFO] 2025-04-03 15:25:39,949: Back Left Min: 0.64, Back Right Min: 0.54
[rosout][INFO] 2025-04-03 15:25:40,052: Back Left Min: 0.64, Back Right Min: 0.54
[rosout][INFO] 2025-04-03 15:25:40,149: Back Left Min: 0.64, Back Right Min: 0.54
[rosout][INFO] 2025-04-03 15:25:40,252: Back Left Min: 0.64, Back Right Min: 0.54
[rosout][INFO] 2025-04-03 15:25:40,349: Back Left Min: 0.64, Back Right Min: 0.54
[rosout][INFO] 2025-04-03 15:25:40,452: Back Left Min: 0.64, Back Right Min: 0.54
[rosout][INFO] 2025-04-03 15:25:40,549: Back Left Min: 0.64, Back Right Min: 0.54
[rosout][INFO] 2025-04-03 15:25:40,652: Back Left Min: 0.64, Back Right Min: 0.54
[rosout][INFO] 2025-04-03 15:25:40,749: Back Left Min: 0.64, Back Right Min: 0.54
[rosout][INFO] 2025-04-03 15:25:40,852: Back Left Min: 0.64, Back Right Min: 0.54
[rosout][INFO] 2025-04-03 15:25:40,949: Back Left Min: 0.64, Back Right Min: 0.54
[rosout][INFO] 2025-04-03 15:25:41,053: Back Left Min: 0.64, Back Right Min: 0.54
[rosout][INFO] 2025-04-03 15:25:41,149: Back Left Min: 0.64, Back Right Min: 0.54
[rosout][INFO] 2025-04-03 15:25:41,253: Back Left Min: 0.64, Back Right Min: 0.54
[rosout][INFO] 2025-04-03 15:25:41,349: Back Left Min: 0.64, Back Right Min: 0.54
[rosout][INFO] 2025-04-03 15:25:41,453: Back Left Min: 0.64, Back Right Min: 0.54
[rosout][INFO] 2025-04-03 15:25:41,550: Back Left Min: 0.64, Back Right Min: 0.54
[rosout][INFO] 2025-04-03 15:25:41,653: Back Left Min: 0.64, Back Right Min: 0.54
[rosout][INFO] 2025-04-03 15:25:41,750: Back Left Min: 0.64, Back Right Min: 0.54
[rosout][INFO] 2025-04-03 15:25:41,853: Back Left Min: 0.64, Back Right Min: 0.54
[rosout][INFO] 2025-04-03 15:25:41,950: Back Left Min: 0.64, Back Right Min: 0.54
[rosout][INFO] 2025-04-03 15:25:42,053: Back Left Min: 0.64, Back Right Min: 0.54
[rosout][INFO] 2025-04-03 15:25:42,150: Back Left Min: 0.64, Back Right Min: 0.54
[rosout][INFO] 2025-04-03 15:25:42,253: Back Left Min: 0.64, Back Right Min: 0.54
[rosout][INFO] 2025-04-03 15:25:42,350: Back Left Min: 0.64, Back Right Min: 0.54
[rosout][INFO] 2025-04-03 15:25:42,453: Back Left Min: 0.64, Back Right Min: 0.54
[rosout][INFO] 2025-04-03 15:25:42,550: Back Left Min: 0.64, Back Right Min: 0.54
[rosout][INFO] 2025-04-03 15:25:42,653: Back Left Min: 0.64, Back Right Min: 0.54
[rosout][INFO] 2025-04-03 15:25:42,750: Back Left Min: 0.64, Back Right Min: 0.54
[rosout][INFO] 2025-04-03 15:25:42,853: Back Left Min: 0.64, Back Right Min: 0.54
[rosout][INFO] 2025-04-03 15:25:42,950: Back Left Min: 0.64, Back Right Min: 0.54
[rosout][INFO] 2025-04-03 15:25:43,053: Back Left Min: 0.64, Back Right Min: 0.54
[rosout][INFO] 2025-04-03 15:25:43,150: Back Left Min: 0.64, Back Right Min: 0.54
[rosout][INFO] 2025-04-03 15:25:43,253: Back Left Min: 0.64, Back Right Min: 0.54
[rosout][INFO] 2025-04-03 15:25:43,350: Back Left Min: 0.64, Back Right Min: 0.54
[rosout][INFO] 2025-04-03 15:25:43,453: Back Left Min: 0.64, Back Right Min: 0.54
[rosout][INFO] 2025-04-03 15:25:43,550: Back Left Min: 0.64, Back Right Min: 0.54
[rosout][INFO] 2025-04-03 15:25:43,654: Back Left Min: 0.64, Back Right Min: 0.54
[rosout][INFO] 2025-04-03 15:25:43,750: Back Left Min: 0.64, Back Right Min: 0.54
[rosout][INFO] 2025-04-03 15:25:43,854: Back Left Min: 0.64, Back Right Min: 0.54
[rosout][INFO] 2025-04-03 15:25:43,950: Back Left Min: 0.64, Back Right Min: 0.54
[rosout][INFO] 2025-04-03 15:25:44,054: Back Left Min: 0.64, Back Right Min: 0.54
[rosout][INFO] 2025-04-03 15:25:44,151: Back Left Min: 0.64, Back Right Min: 0.54
[rosout][INFO] 2025-04-03 15:25:44,254: Back Left Min: 0.64, Back Right Min: 0.54
[rosout][INFO] 2025-04-03 15:25:44,351: Back Left Min: 0.64, Back Right Min: 0.54
[rosout][INFO] 2025-04-03 15:25:44,454: Back Left Min: 0.64, Back Right Min: 0.54
[rosout][INFO] 2025-04-03 15:25:44,551: Back Left Min: 0.64, Back Right Min: 0.54
[rosout][INFO] 2025-04-03 15:25:44,654: Back Left Min: 0.64, Back Right Min: 0.54
[rosout][INFO] 2025-04-03 15:25:44,751: Back Left Min: 0.64, Back Right Min: 0.54
[rosout][INFO] 2025-04-03 15:25:44,854: Back Left Min: 0.64, Back Right Min: 0.54
[rosout][INFO] 2025-04-03 15:25:44,951: Back Left Min: 0.64, Back Right Min: 0.54
[rosout][INFO] 2025-04-03 15:25:45,054: Back Left Min: 0.64, Back Right Min: 0.54
[rosout][INFO] 2025-04-03 15:25:45,151: Back Left Min: 0.64, Back Right Min: 0.54
[rosout][INFO] 2025-04-03 15:25:45,254: Back Left Min: 0.64, Back Right Min: 0.54
[rosout][INFO] 2025-04-03 15:25:45,351: Back Left Min: 0.64, Back Right Min: 0.54
[rosout][INFO] 2025-04-03 15:25:45,454: Back Left Min: 0.64, Back Right Min: 0.54
[rosout][INFO] 2025-04-03 15:25:45,551: Back Left Min: 0.64, Back Right Min: 0.54
[rosout][INFO] 2025-04-03 15:25:45,654: Back Left Min: 0.64, Back Right Min: 0.54
[rosout][INFO] 2025-04-03 15:25:45,751: Back Left Min: 0.64, Back Right Min: 0.54
[rosout][INFO] 2025-04-03 15:25:45,854: Back Left Min: 0.64, Back Right Min: 0.54
[rosout][INFO] 2025-04-03 15:25:45,951: Back Left Min: 0.64, Back Right Min: 0.54
[rosout][INFO] 2025-04-03 15:25:46,055: Back Left Min: 0.64, Back Right Min: 0.54
[rosout][INFO] 2025-04-03 15:25:46,151: Back Left Min: 0.64, Back Right Min: 0.54
[rosout][INFO] 2025-04-03 15:25:46,255: Back Left Min: 0.64, Back Right Min: 0.54
[rosout][INFO] 2025-04-03 15:25:46,351: Back Left Min: 0.64, Back Right Min: 0.54
[rosout][INFO] 2025-04-03 15:25:46,455: Back Left Min: 0.64, Back Right Min: 0.54
[rosout][INFO] 2025-04-03 15:25:46,552: Back Left Min: 0.64, Back Right Min: 0.54
[rosout][INFO] 2025-04-03 15:25:46,655: Back Left Min: 0.64, Back Right Min: 0.54
[rosout][INFO] 2025-04-03 15:25:46,752: Back Left Min: 0.64, Back Right Min: 0.54
[rosout][INFO] 2025-04-03 15:25:46,855: Back Left Min: 0.64, Back Right Min: 0.54
[rosout][INFO] 2025-04-03 15:25:46,952: Back Left Min: 0.64, Back Right Min: 0.54
[rosout][INFO] 2025-04-03 15:25:47,055: Back Left Min: 0.64, Back Right Min: 0.54
[rosout][INFO] 2025-04-03 15:25:47,152: Back Left Min: 0.64, Back Right Min: 0.54
[rosout][INFO] 2025-04-03 15:25:47,255: Back Left Min: 0.64, Back Right Min: 0.54
[rosout][INFO] 2025-04-03 15:25:47,352: Back Left Min: 0.64, Back Right Min: 0.54
[rosout][INFO] 2025-04-03 15:25:47,455: Back Left Min: 0.64, Back Right Min: 0.54
[rosout][INFO] 2025-04-03 15:25:47,552: Back Left Min: 0.64, Back Right Min: 0.54
[rosout][INFO] 2025-04-03 15:25:47,655: Back Left Min: 0.64, Back Right Min: 0.54
[rosout][INFO] 2025-04-03 15:25:47,752: Back Left Min: 0.64, Back Right Min: 0.54
[rosout][INFO] 2025-04-03 15:25:47,855: Back Left Min: 0.64, Back Right Min: 0.54
[rosout][INFO] 2025-04-03 15:25:47,952: Back Left Min: 0.64, Back Right Min: 0.54
[rosout][INFO] 2025-04-03 15:25:48,055: Back Left Min: 0.64, Back Right Min: 0.54
[rosout][INFO] 2025-04-03 15:25:48,152: Back Left Min: 0.64, Back Right Min: 0.54
[rosout][INFO] 2025-04-03 15:25:48,255: Back Left Min: 0.64, Back Right Min: 0.54
[rosout][INFO] 2025-04-03 15:25:48,352: Back Left Min: 0.64, Back Right Min: 0.54
[rosout][INFO] 2025-04-03 15:25:48,456: Back Left Min: 0.64, Back Right Min: 0.54
[rosout][INFO] 2025-04-03 15:25:48,552: Back Left Min: 0.64, Back Right Min: 0.54
[rosout][INFO] 2025-04-03 15:25:48,656: Back Left Min: 0.64, Back Right Min: 0.54
[rosout][INFO] 2025-04-03 15:25:48,752: Back Left Min: 0.64, Back Right Min: 0.54
[rosout][INFO] 2025-04-03 15:25:48,856: Back Left Min: 0.64, Back Right Min: 0.54
[rosout][INFO] 2025-04-03 15:25:48,952: Back Left Min: 0.64, Back Right Min: 0.54
[rosout][INFO] 2025-04-03 15:25:49,056: Back Left Min: 0.64, Back Right Min: 0.54
[rosout][INFO] 2025-04-03 15:25:49,153: Back Left Min: 0.64, Back Right Min: 0.54
[rosout][INFO] 2025-04-03 15:25:49,256: Back Left Min: 0.64, Back Right Min: 0.54
[rosout][INFO] 2025-04-03 15:25:49,353: Back Left Min: 0.64, Back Right Min: 0.54
[rosout][INFO] 2025-04-03 15:25:49,456: Back Left Min: 0.64, Back Right Min: 0.54
[rosout][INFO] 2025-04-03 15:25:49,553: Back Left Min: 0.64, Back Right Min: 0.54
[rosout][INFO] 2025-04-03 15:25:49,656: Back Left Min: 0.64, Back Right Min: 0.54
[rosout][INFO] 2025-04-03 15:25:49,753: Back Left Min: 0.64, Back Right Min: 0.54
[rosout][INFO] 2025-04-03 15:25:49,856: Back Left Min: 0.64, Back Right Min: 0.54
[rosout][INFO] 2025-04-03 15:25:49,953: Back Left Min: 0.64, Back Right Min: 0.54
[rosout][INFO] 2025-04-03 15:25:50,056: Back Left Min: 0.64, Back Right Min: 0.54
[rosout][INFO] 2025-04-03 15:25:50,153: Back Left Min: 0.64, Back Right Min: 0.54
[rosout][INFO] 2025-04-03 15:25:50,256: Back Left Min: 0.64, Back Right Min: 0.54
[rosout][INFO] 2025-04-03 15:25:50,353: Back Left Min: 0.64, Back Right Min: 0.54
[rosout][INFO] 2025-04-03 15:25:50,456: Back Left Min: 0.64, Back Right Min: 0.54
[rosout][INFO] 2025-04-03 15:25:50,553: Back Left Min: 0.64, Back Right Min: 0.54
[rosout][INFO] 2025-04-03 15:25:50,656: Back Left Min: 0.64, Back Right Min: 0.54
[rosout][INFO] 2025-04-03 15:25:50,753: Back Left Min: 0.64, Back Right Min: 0.54
[rosout][INFO] 2025-04-03 15:25:50,856: Back Left Min: 0.64, Back Right Min: 0.54
[rosout][INFO] 2025-04-03 15:25:50,953: Back Left Min: 0.64, Back Right Min: 0.54
[rosout][INFO] 2025-04-03 15:25:51,057: Back Left Min: 0.64, Back Right Min: 0.54
[rosout][INFO] 2025-04-03 15:25:51,153: Back Left Min: 0.64, Back Right Min: 0.54
[rosout][INFO] 2025-04-03 15:25:51,257: Back Left Min: 0.64, Back Right Min: 0.54
[rosout][INFO] 2025-04-03 15:25:51,353: Back Left Min: 0.64, Back Right Min: 0.54
[rosout][INFO] 2025-04-03 15:25:51,457: Back Left Min: 0.64, Back Right Min: 0.54
[rosout][INFO] 2025-04-03 15:25:51,553: Back Left Min: 0.64, Back Right Min: 0.54
[rosout][INFO] 2025-04-03 15:25:51,657: Back Left Min: 0.64, Back Right Min: 0.54
[rosout][INFO] 2025-04-03 15:25:51,754: Back Left Min: 0.64, Back Right Min: 0.54
[rosout][INFO] 2025-04-03 15:25:51,857: Back Left Min: 0.64, Back Right Min: 0.54
[rosout][INFO] 2025-04-03 15:25:51,954: Back Left Min: 0.64, Back Right Min: 0.54
[rosout][INFO] 2025-04-03 15:25:52,057: Back Left Min: 0.64, Back Right Min: 0.54
[rosout][INFO] 2025-04-03 15:25:52,154: Back Left Min: 0.64, Back Right Min: 0.54
[rosout][INFO] 2025-04-03 15:25:52,257: Back Left Min: 0.64, Back Right Min: 0.54
[rosout][INFO] 2025-04-03 15:25:52,354: Back Left Min: 0.64, Back Right Min: 0.54
[rosout][INFO] 2025-04-03 15:25:52,457: Back Left Min: 0.64, Back Right Min: 0.54
[rosout][INFO] 2025-04-03 15:25:52,554: Back Left Min: 0.64, Back Right Min: 0.54
[rosout][INFO] 2025-04-03 15:25:52,657: Back Left Min: 0.64, Back Right Min: 0.54
[rosout][INFO] 2025-04-03 15:25:52,754: Back Left Min: 0.64, Back Right Min: 0.54
[rosout][INFO] 2025-04-03 15:25:52,857: Back Left Min: 0.64, Back Right Min: 0.54
[rosout][INFO] 2025-04-03 15:25:52,954: Back Left Min: 0.64, Back Right Min: 0.54
[rosout][INFO] 2025-04-03 15:25:53,057: Back Left Min: 0.64, Back Right Min: 0.54
[rosout][INFO] 2025-04-03 15:25:53,154: Back Left Min: 0.64, Back Right Min: 0.54
[rosout][INFO] 2025-04-03 15:25:53,257: Back Left Min: 0.64, Back Right Min: 0.54
[rosout][INFO] 2025-04-03 15:25:53,354: Back Left Min: 0.64, Back Right Min: 0.54
[rosout][INFO] 2025-04-03 15:25:53,457: Back Left Min: 0.64, Back Right Min: 0.54
[rosout][INFO] 2025-04-03 15:25:53,554: Back Left Min: 0.64, Back Right Min: 0.54
[rosout][INFO] 2025-04-03 15:25:53,658: Back Left Min: 0.64, Back Right Min: 0.54
[rosout][INFO] 2025-04-03 15:25:53,754: Back Left Min: 0.64, Back Right Min: 0.54
[rosout][INFO] 2025-04-03 15:25:53,858: Back Left Min: 0.64, Back Right Min: 0.54
[rosout][INFO] 2025-04-03 15:25:53,955: Back Left Min: 0.64, Back Right Min: 0.54
[rosout][INFO] 2025-04-03 15:25:54,058: Back Left Min: 0.64, Back Right Min: 0.54
[rosout][INFO] 2025-04-03 15:25:54,155: Back Left Min: 0.64, Back Right Min: 0.54
[rosout][INFO] 2025-04-03 15:25:54,258: Back Left Min: 0.64, Back Right Min: 0.54
[rosout][INFO] 2025-04-03 15:25:54,355: Back Left Min: 0.64, Back Right Min: 0.54
[rosout][INFO] 2025-04-03 15:25:54,458: Back Left Min: 0.64, Back Right Min: 0.54
[rosout][INFO] 2025-04-03 15:25:54,555: Back Left Min: 0.64, Back Right Min: 0.54
[rosout][INFO] 2025-04-03 15:25:54,658: Back Left Min: 0.64, Back Right Min: 0.54
[rosout][INFO] 2025-04-03 15:25:54,755: Back Left Min: 0.64, Back Right Min: 0.54
[rosout][INFO] 2025-04-03 15:25:54,858: Back Left Min: 0.64, Back Right Min: 0.54
[rosout][INFO] 2025-04-03 15:25:54,955: Back Left Min: 0.64, Back Right Min: 0.54
[rosout][INFO] 2025-04-03 15:25:55,058: Back Left Min: 0.64, Back Right Min: 0.54
[rosout][INFO] 2025-04-03 15:25:55,155: Back Left Min: 0.64, Back Right Min: 0.54
[rosout][INFO] 2025-04-03 15:25:55,258: Back Left Min: 0.64, Back Right Min: 0.54
[rosout][INFO] 2025-04-03 15:25:55,355: Back Left Min: 0.64, Back Right Min: 0.54
[rosout][INFO] 2025-04-03 15:25:55,458: Back Left Min: 0.64, Back Right Min: 0.54
[rosout][INFO] 2025-04-03 15:25:55,555: Back Left Min: 0.64, Back Right Min: 0.54
[rosout][INFO] 2025-04-03 15:25:55,658: Back Left Min: 0.64, Back Right Min: 0.54
[rosout][INFO] 2025-04-03 15:25:55,755: Back Left Min: 0.64, Back Right Min: 0.54
[rosout][INFO] 2025-04-03 15:25:55,858: Back Left Min: 0.64, Back Right Min: 0.54
[rosout][INFO] 2025-04-03 15:25:55,955: Back Left Min: 0.64, Back Right Min: 0.54
[rosout][INFO] 2025-04-03 15:25:56,059: Back Left Min: 0.64, Back Right Min: 0.54
[rosout][INFO] 2025-04-03 15:25:56,155: Back Left Min: 0.64, Back Right Min: 0.54
[rosout][INFO] 2025-04-03 15:25:56,259: Back Left Min: 0.64, Back Right Min: 0.54
[rosout][INFO] 2025-04-03 15:25:56,355: Back Left Min: 0.64, Back Right Min: 0.54
[rosout][INFO] 2025-04-03 15:25:56,459: Back Left Min: 0.64, Back Right Min: 0.54
[rosout][INFO] 2025-04-03 15:25:56,556: Back Left Min: 0.64, Back Right Min: 0.54
[rosout][INFO] 2025-04-03 15:25:56,659: Back Left Min: 0.64, Back Right Min: 0.54
[rosout][INFO] 2025-04-03 15:25:56,756: Back Left Min: 0.64, Back Right Min: 0.54
[rosout][INFO] 2025-04-03 15:25:56,859: Back Left Min: 0.64, Back Right Min: 0.54
[rosout][INFO] 2025-04-03 15:25:56,956: Back Left Min: 0.64, Back Right Min: 0.54
[rosout][INFO] 2025-04-03 15:25:57,059: Back Left Min: 0.64, Back Right Min: 0.54
[rosout][INFO] 2025-04-03 15:25:57,156: Back Left Min: 0.64, Back Right Min: 0.54
[rosout][INFO] 2025-04-03 15:25:57,259: Back Left Min: 0.64, Back Right Min: 0.54
[rosout][INFO] 2025-04-03 15:25:57,356: Back Left Min: 0.64, Back Right Min: 0.54
[rosout][INFO] 2025-04-03 15:25:57,459: Back Left Min: 0.64, Back Right Min: 0.54
[rosout][INFO] 2025-04-03 15:25:57,556: Back Left Min: 0.64, Back Right Min: 0.54
[rosout][INFO] 2025-04-03 15:25:57,659: Back Left Min: 0.64, Back Right Min: 0.54
[rosout][INFO] 2025-04-03 15:25:57,756: Back Left Min: 0.64, Back Right Min: 0.54
[rosout][INFO] 2025-04-03 15:25:57,859: Back Left Min: 0.64, Back Right Min: 0.54
[rosout][INFO] 2025-04-03 15:25:57,956: Back Left Min: 0.64, Back Right Min: 0.54
[rosout][INFO] 2025-04-03 15:25:58,059: Back Left Min: 0.64, Back Right Min: 0.54
[rosout][INFO] 2025-04-03 15:25:58,156: Back Left Min: 0.64, Back Right Min: 0.54
[rosout][INFO] 2025-04-03 15:25:58,259: Back Left Min: 0.64, Back Right Min: 0.54
[rosout][INFO] 2025-04-03 15:25:58,356: Back Left Min: 0.64, Back Right Min: 0.54
[rosout][INFO] 2025-04-03 15:25:58,460: Back Left Min: 0.64, Back Right Min: 0.54
[rosout][INFO] 2025-04-03 15:25:58,556: Back Left Min: 0.64, Back Right Min: 0.54
[rosout][INFO] 2025-04-03 15:25:58,660: Back Left Min: 0.64, Back Right Min: 0.54
[rosout][INFO] 2025-04-03 15:25:58,756: Back Left Min: 0.64, Back Right Min: 0.54
[rosout][INFO] 2025-04-03 15:25:58,860: Back Left Min: 0.64, Back Right Min: 0.54
[rosout][INFO] 2025-04-03 15:25:58,957: Back Left Min: 0.64, Back Right Min: 0.54
[rosout][INFO] 2025-04-03 15:25:59,060: Back Left Min: 0.64, Back Right Min: 0.54
[rosout][INFO] 2025-04-03 15:25:59,157: Back Left Min: 0.64, Back Right Min: 0.54
[rosout][INFO] 2025-04-03 15:25:59,260: Back Left Min: 0.64, Back Right Min: 0.54
[rosout][INFO] 2025-04-03 15:25:59,357: Back Left Min: 0.64, Back Right Min: 0.54
[rosout][INFO] 2025-04-03 15:25:59,460: Back Left Min: 0.64, Back Right Min: 0.54
[rosout][INFO] 2025-04-03 15:25:59,557: Back Left Min: 0.64, Back Right Min: 0.54
[rosout][INFO] 2025-04-03 15:25:59,660: Back Left Min: 0.64, Back Right Min: 0.54
[rosout][INFO] 2025-04-03 15:25:59,757: Back Left Min: 0.64, Back Right Min: 0.54
[rosout][INFO] 2025-04-03 15:25:59,860: Back Left Min: 0.64, Back Right Min: 0.54
[rosout][INFO] 2025-04-03 15:25:59,957: Back Left Min: 0.64, Back Right Min: 0.54
[rosout][INFO] 2025-04-03 15:26:00,060: Back Left Min: 0.64, Back Right Min: 0.54
[rosout][INFO] 2025-04-03 15:26:00,157: Back Left Min: 0.64, Back Right Min: 0.54
[rosout][INFO] 2025-04-03 15:26:00,260: Back Left Min: 0.64, Back Right Min: 0.54
[rosout][INFO] 2025-04-03 15:26:00,357: Back Left Min: 0.64, Back Right Min: 0.54
[rosout][INFO] 2025-04-03 15:26:00,460: Back Left Min: 0.64, Back Right Min: 0.54
[rosout][INFO] 2025-04-03 15:26:00,557: Back Left Min: 0.64, Back Right Min: 0.54
[rosout][INFO] 2025-04-03 15:26:00,660: Back Left Min: 0.64, Back Right Min: 0.54
[rosout][INFO] 2025-04-03 15:26:00,757: Back Left Min: 0.64, Back Right Min: 0.54
[rosout][INFO] 2025-04-03 15:26:00,860: Back Left Min: 0.64, Back Right Min: 0.54
[rosout][INFO] 2025-04-03 15:26:00,957: Back Left Min: 0.64, Back Right Min: 0.54
[rosout][INFO] 2025-04-03 15:26:01,061: Back Left Min: 0.64, Back Right Min: 0.54
[rosout][INFO] 2025-04-03 15:26:01,157: Back Left Min: 0.64, Back Right Min: 0.54
[rosout][INFO] 2025-04-03 15:26:01,261: Back Left Min: 0.64, Back Right Min: 0.54
[rosout][INFO] 2025-04-03 15:26:01,357: Back Left Min: 0.64, Back Right Min: 0.54
[rosout][INFO] 2025-04-03 15:26:01,461: Back Left Min: 0.64, Back Right Min: 0.54
[rosout][INFO] 2025-04-03 15:26:01,558: Back Left Min: 0.64, Back Right Min: 0.54
[rosout][INFO] 2025-04-03 15:26:01,661: Back Left Min: 0.64, Back Right Min: 0.54
[rosout][INFO] 2025-04-03 15:26:01,758: Back Left Min: 0.64, Back Right Min: 0.54
[rosout][INFO] 2025-04-03 15:26:01,861: Back Left Min: 0.64, Back Right Min: 0.54
[rosout][INFO] 2025-04-03 15:26:01,958: Back Left Min: 0.64, Back Right Min: 0.54
[rosout][INFO] 2025-04-03 15:26:02,061: Back Left Min: 0.64, Back Right Min: 0.54
[rosout][INFO] 2025-04-03 15:26:02,158: Back Left Min: 0.64, Back Right Min: 0.54
[rosout][INFO] 2025-04-03 15:26:02,261: Back Left Min: 0.64, Back Right Min: 0.54
[rosout][INFO] 2025-04-03 15:26:02,358: Back Left Min: 0.64, Back Right Min: 0.54
[rosout][INFO] 2025-04-03 15:26:02,461: Back Left Min: 0.64, Back Right Min: 0.54
[rosout][INFO] 2025-04-03 15:26:02,558: Back Left Min: 0.64, Back Right Min: 0.54
[rosout][INFO] 2025-04-03 15:26:02,661: Back Left Min: 0.64, Back Right Min: 0.54
[rosout][INFO] 2025-04-03 15:26:02,758: Back Left Min: 0.64, Back Right Min: 0.54
[rosout][INFO] 2025-04-03 15:26:02,861: Back Left Min: 0.64, Back Right Min: 0.54
[rosout][INFO] 2025-04-03 15:26:02,958: Back Left Min: 0.64, Back Right Min: 0.54
[rosout][INFO] 2025-04-03 15:26:03,061: Back Left Min: 0.64, Back Right Min: 0.54
[rosout][INFO] 2025-04-03 15:26:03,158: Back Left Min: 0.64, Back Right Min: 0.54
[rosout][INFO] 2025-04-03 15:26:03,261: Back Left Min: 0.64, Back Right Min: 0.54
[rosout][INFO] 2025-04-03 15:26:03,358: Back Left Min: 0.64, Back Right Min: 0.54
[rosout][INFO] 2025-04-03 15:26:03,461: Back Left Min: 0.64, Back Right Min: 0.54
[rosout][INFO] 2025-04-03 15:26:03,558: Back Left Min: 0.64, Back Right Min: 0.54
[rosout][INFO] 2025-04-03 15:26:03,661: Back Left Min: 0.64, Back Right Min: 0.54
[rosout][INFO] 2025-04-03 15:26:03,758: Back Left Min: 0.64, Back Right Min: 0.54
[rosout][INFO] 2025-04-03 15:26:03,862: Back Left Min: 0.64, Back Right Min: 0.54
[rosout][INFO] 2025-04-03 15:26:03,958: Back Left Min: 0.64, Back Right Min: 0.54
[rosout][INFO] 2025-04-03 15:26:04,062: Back Left Min: 0.64, Back Right Min: 0.54
[rosout][INFO] 2025-04-03 15:26:04,158: Back Left Min: 0.64, Back Right Min: 0.54
[rosout][INFO] 2025-04-03 15:26:04,262: Back Left Min: 0.64, Back Right Min: 0.54
[rosout][INFO] 2025-04-03 15:26:04,359: Back Left Min: 0.64, Back Right Min: 0.54
[rosout][INFO] 2025-04-03 15:26:04,462: Back Left Min: 0.64, Back Right Min: 0.54
[rosout][INFO] 2025-04-03 15:26:04,559: Back Left Min: 0.64, Back Right Min: 0.54
[rosout][INFO] 2025-04-03 15:26:04,662: Back Left Min: 0.64, Back Right Min: 0.54
[rosout][INFO] 2025-04-03 15:26:04,759: Back Left Min: 0.64, Back Right Min: 0.54
[rosout][INFO] 2025-04-03 15:26:04,862: Back Left Min: 0.64, Back Right Min: 0.54
[rosout][INFO] 2025-04-03 15:26:04,959: Back Left Min: 0.64, Back Right Min: 0.54
[rosout][INFO] 2025-04-03 15:26:05,062: Back Left Min: 0.64, Back Right Min: 0.54
[rosout][INFO] 2025-04-03 15:26:05,159: Back Left Min: 0.64, Back Right Min: 0.54
[rosout][INFO] 2025-04-03 15:26:05,262: Back Left Min: 0.64, Back Right Min: 0.54
[rosout][INFO] 2025-04-03 15:26:05,359: Back Left Min: 0.64, Back Right Min: 0.54
[rosout][INFO] 2025-04-03 15:26:05,462: Back Left Min: 0.64, Back Right Min: 0.54
[rosout][INFO] 2025-04-03 15:26:05,559: Back Left Min: 0.64, Back Right Min: 0.54
[rosout][INFO] 2025-04-03 15:26:05,662: Back Left Min: 0.64, Back Right Min: 0.54
[rosout][INFO] 2025-04-03 15:26:05,759: Back Left Min: 0.64, Back Right Min: 0.54
[rosout][INFO] 2025-04-03 15:26:05,862: Back Left Min: 0.64, Back Right Min: 0.54
[rosout][INFO] 2025-04-03 15:26:05,959: Back Left Min: 0.64, Back Right Min: 0.54
[rosout][INFO] 2025-04-03 15:26:06,062: Back Left Min: 0.64, Back Right Min: 0.54
[rosout][INFO] 2025-04-03 15:26:06,159: Back Left Min: 0.64, Back Right Min: 0.54
[rosout][INFO] 2025-04-03 15:26:06,263: Back Left Min: 0.64, Back Right Min: 0.54
[rosout][INFO] 2025-04-03 15:26:06,359: Back Left Min: 0.64, Back Right Min: 0.54
[rosout][INFO] 2025-04-03 15:26:06,463: Back Left Min: 0.64, Back Right Min: 0.54
[rosout][INFO] 2025-04-03 15:26:06,559: Back Left Min: 0.64, Back Right Min: 0.54
[rosout][INFO] 2025-04-03 15:26:06,663: Back Left Min: 0.64, Back Right Min: 0.54
[rosout][INFO] 2025-04-03 15:26:06,760: Back Left Min: 0.64, Back Right Min: 0.54
[rosout][INFO] 2025-04-03 15:26:06,863: Back Left Min: 0.64, Back Right Min: 0.54
[rosout][INFO] 2025-04-03 15:26:06,960: Back Left Min: 0.64, Back Right Min: 0.54
[rosout][INFO] 2025-04-03 15:26:07,063: Back Left Min: 0.64, Back Right Min: 0.54
[rosout][INFO] 2025-04-03 15:26:07,160: Back Left Min: 0.64, Back Right Min: 0.54
[rosout][INFO] 2025-04-03 15:26:07,263: Back Left Min: 0.64, Back Right Min: 0.54
[rosout][INFO] 2025-04-03 15:26:07,360: Back Left Min: 0.64, Back Right Min: 0.54
[rosout][INFO] 2025-04-03 15:26:07,463: Back Left Min: 0.64, Back Right Min: 0.54
[rosout][INFO] 2025-04-03 15:26:07,560: Back Left Min: 0.64, Back Right Min: 0.54
[rosout][INFO] 2025-04-03 15:26:07,663: Back Left Min: 0.64, Back Right Min: 0.54
[rosout][INFO] 2025-04-03 15:26:07,760: Back Left Min: 0.64, Back Right Min: 0.54
[rosout][INFO] 2025-04-03 15:26:07,863: Back Left Min: 0.64, Back Right Min: 0.54
[rosout][INFO] 2025-04-03 15:26:07,960: Back Left Min: 0.64, Back Right Min: 0.54
[rosout][INFO] 2025-04-03 15:26:08,063: Back Left Min: 0.64, Back Right Min: 0.54
[rosout][INFO] 2025-04-03 15:26:08,160: Back Left Min: 0.64, Back Right Min: 0.54
[rosout][INFO] 2025-04-03 15:26:08,263: Back Left Min: 0.64, Back Right Min: 0.54
[rosout][INFO] 2025-04-03 15:26:08,360: Back Left Min: 0.64, Back Right Min: 0.54
[rosout][INFO] 2025-04-03 15:26:08,463: Back Left Min: 0.64, Back Right Min: 0.54
[rosout][INFO] 2025-04-03 15:26:08,560: Back Left Min: 0.64, Back Right Min: 0.54
[rosout][INFO] 2025-04-03 15:26:08,663: Back Left Min: 0.64, Back Right Min: 0.54
[rosout][INFO] 2025-04-03 15:26:08,760: Back Left Min: 0.64, Back Right Min: 0.54
[rosout][INFO] 2025-04-03 15:26:08,864: Back Left Min: 0.64, Back Right Min: 0.54
[rosout][INFO] 2025-04-03 15:26:08,960: Back Left Min: 0.64, Back Right Min: 0.54
[rosout][INFO] 2025-04-03 15:26:09,064: Back Left Min: 0.64, Back Right Min: 0.54
[rosout][INFO] 2025-04-03 15:26:09,161: Back Left Min: 0.64, Back Right Min: 0.54
[rosout][INFO] 2025-04-03 15:26:09,264: Back Left Min: 0.64, Back Right Min: 0.54
[rosout][INFO] 2025-04-03 15:26:09,361: Back Left Min: 0.64, Back Right Min: 0.54
[rosout][INFO] 2025-04-03 15:26:09,464: Back Left Min: 0.64, Back Right Min: 0.54
[rosout][INFO] 2025-04-03 15:26:09,562: Back Left Min: 0.64, Back Right Min: 0.54
[rosout][INFO] 2025-04-03 15:26:09,664: Back Left Min: 0.64, Back Right Min: 0.54
[rosout][INFO] 2025-04-03 15:26:09,761: Back Left Min: 0.64, Back Right Min: 0.54
[rosout][INFO] 2025-04-03 15:26:09,864: Back Left Min: 0.64, Back Right Min: 0.54
[rosout][INFO] 2025-04-03 15:26:09,961: Back Left Min: 0.64, Back Right Min: 0.54
[rosout][INFO] 2025-04-03 15:26:10,064: Back Left Min: 0.64, Back Right Min: 0.54
[rosout][INFO] 2025-04-03 15:26:10,161: Back Left Min: 0.64, Back Right Min: 0.54
[rosout][INFO] 2025-04-03 15:26:10,264: Back Left Min: 0.64, Back Right Min: 0.54
[rosout][INFO] 2025-04-03 15:26:10,361: Back Left Min: 0.64, Back Right Min: 0.54
[rosout][INFO] 2025-04-03 15:26:10,464: Back Left Min: 0.64, Back Right Min: 0.54
[rosout][INFO] 2025-04-03 15:26:10,561: Back Left Min: 0.64, Back Right Min: 0.54
[rosout][INFO] 2025-04-03 15:26:10,664: Back Left Min: 0.64, Back Right Min: 0.54
[rosout][INFO] 2025-04-03 15:26:10,761: Back Left Min: 0.64, Back Right Min: 0.54
[rosout][INFO] 2025-04-03 15:26:10,864: Back Left Min: 0.64, Back Right Min: 0.54
[rosout][INFO] 2025-04-03 15:26:10,961: Back Left Min: 0.64, Back Right Min: 0.54
[rosout][INFO] 2025-04-03 15:26:11,064: Back Left Min: 0.64, Back Right Min: 0.54
[rosout][INFO] 2025-04-03 15:26:11,161: Back Left Min: 0.64, Back Right Min: 0.54
[rosout][INFO] 2025-04-03 15:26:11,264: Back Left Min: 0.64, Back Right Min: 0.54
[rosout][INFO] 2025-04-03 15:26:11,361: Back Left Min: 0.64, Back Right Min: 0.54
[rosout][INFO] 2025-04-03 15:26:11,465: Back Left Min: 0.64, Back Right Min: 0.54
[rosout][INFO] 2025-04-03 15:26:11,561: Back Left Min: 0.64, Back Right Min: 0.54
[rosout][INFO] 2025-04-03 15:26:11,665: Back Left Min: 0.64, Back Right Min: 0.54
[rosout][INFO] 2025-04-03 15:26:11,762: Back Left Min: 0.64, Back Right Min: 0.54
[rosout][INFO] 2025-04-03 15:26:11,865: Back Left Min: 0.64, Back Right Min: 0.54
[rosout][INFO] 2025-04-03 15:26:11,962: Back Left Min: 0.64, Back Right Min: 0.54
[rosout][INFO] 2025-04-03 15:26:12,065: Back Left Min: 0.64, Back Right Min: 0.54
[rosout][INFO] 2025-04-03 15:26:12,162: Back Left Min: 0.64, Back Right Min: 0.54
[rosout][INFO] 2025-04-03 15:26:12,265: Back Left Min: 0.64, Back Right Min: 0.54
[rosout][INFO] 2025-04-03 15:26:12,362: Back Left Min: 0.64, Back Right Min: 0.54
[rosout][INFO] 2025-04-03 15:26:12,465: Back Left Min: 0.64, Back Right Min: 0.54
[rosout][INFO] 2025-04-03 15:26:12,562: Back Left Min: 0.64, Back Right Min: 0.54
[rosout][INFO] 2025-04-03 15:26:12,665: Back Left Min: 0.64, Back Right Min: 0.54
[rosout][INFO] 2025-04-03 15:26:12,762: Back Left Min: 0.64, Back Right Min: 0.54
[rosout][INFO] 2025-04-03 15:26:12,865: Back Left Min: 0.64, Back Right Min: 0.54
[rosout][INFO] 2025-04-03 15:26:12,962: Back Left Min: 0.64, Back Right Min: 0.54
[rosout][INFO] 2025-04-03 15:26:13,065: Back Left Min: 0.64, Back Right Min: 0.54
[rosout][INFO] 2025-04-03 15:26:13,162: Back Left Min: 0.64, Back Right Min: 0.54
[rosout][INFO] 2025-04-03 15:26:13,265: Back Left Min: 0.64, Back Right Min: 0.54
[rosout][INFO] 2025-04-03 15:26:13,362: Back Left Min: 0.64, Back Right Min: 0.54
[rosout][INFO] 2025-04-03 15:26:13,465: Back Left Min: 0.64, Back Right Min: 0.54
[rosout][INFO] 2025-04-03 15:26:13,562: Back Left Min: 0.64, Back Right Min: 0.54
[rosout][INFO] 2025-04-03 15:26:13,666: Back Left Min: 0.64, Back Right Min: 0.54
[rosout][INFO] 2025-04-03 15:26:13,762: Back Left Min: 0.64, Back Right Min: 0.54
[rosout][INFO] 2025-04-03 15:26:13,866: Back Left Min: 0.64, Back Right Min: 0.54
[rosout][INFO] 2025-04-03 15:26:13,963: Back Left Min: 0.64, Back Right Min: 0.54
[rosout][INFO] 2025-04-03 15:26:14,066: Back Left Min: 0.64, Back Right Min: 0.54
[rosout][INFO] 2025-04-03 15:26:14,163: Back Left Min: 0.64, Back Right Min: 0.54
[rosout][INFO] 2025-04-03 15:26:14,266: Back Left Min: 0.64, Back Right Min: 0.54
[rosout][INFO] 2025-04-03 15:26:14,363: Back Left Min: 0.64, Back Right Min: 0.54
[rosout][INFO] 2025-04-03 15:26:14,466: Back Left Min: 0.64, Back Right Min: 0.54
[rosout][INFO] 2025-04-03 15:26:14,563: Back Left Min: 0.64, Back Right Min: 0.54
[rosout][INFO] 2025-04-03 15:26:14,666: Back Left Min: 0.64, Back Right Min: 0.54
[rosout][INFO] 2025-04-03 15:26:14,763: Back Left Min: 0.64, Back Right Min: 0.54
[rosout][INFO] 2025-04-03 15:26:14,866: Back Left Min: 0.64, Back Right Min: 0.54
[rosout][INFO] 2025-04-03 15:26:14,963: Back Left Min: 0.64, Back Right Min: 0.54
[rosout][INFO] 2025-04-03 15:26:15,066: Back Left Min: 0.64, Back Right Min: 0.54
[rosout][INFO] 2025-04-03 15:26:15,163: Back Left Min: 0.64, Back Right Min: 0.54
[rosout][INFO] 2025-04-03 15:26:15,266: Back Left Min: 0.64, Back Right Min: 0.54
[rosout][INFO] 2025-04-03 15:26:15,363: Back Left Min: 0.64, Back Right Min: 0.54
[rosout][INFO] 2025-04-03 15:26:15,466: Back Left Min: 0.64, Back Right Min: 0.54
[rosout][INFO] 2025-04-03 15:26:15,563: Back Left Min: 0.64, Back Right Min: 0.54
[rosout][INFO] 2025-04-03 15:26:15,666: Back Left Min: 0.64, Back Right Min: 0.54
[rosout][INFO] 2025-04-03 15:26:15,763: Back Left Min: 0.64, Back Right Min: 0.54
[rosout][INFO] 2025-04-03 15:26:15,866: Back Left Min: 0.64, Back Right Min: 0.54
[rosout][INFO] 2025-04-03 15:26:15,963: Back Left Min: 0.64, Back Right Min: 0.54
[rosout][INFO] 2025-04-03 15:26:16,066: Back Left Min: 0.64, Back Right Min: 0.54
[rosout][INFO] 2025-04-03 15:26:16,163: Back Left Min: 0.64, Back Right Min: 0.54
[rosout][INFO] 2025-04-03 15:26:16,267: Back Left Min: 0.64, Back Right Min: 0.54
[rosout][INFO] 2025-04-03 15:26:16,363: Back Left Min: 0.64, Back Right Min: 0.54
[rosout][INFO] 2025-04-03 15:26:16,467: Back Left Min: 0.64, Back Right Min: 0.54
[rosout][INFO] 2025-04-03 15:26:16,564: Back Left Min: 0.64, Back Right Min: 0.54
[rosout][INFO] 2025-04-03 15:26:16,667: Back Left Min: 0.64, Back Right Min: 0.54
[rosout][INFO] 2025-04-03 15:26:16,764: Back Left Min: 0.64, Back Right Min: 0.54
[rosout][INFO] 2025-04-03 15:26:16,867: Back Left Min: 0.64, Back Right Min: 0.54
[rosout][INFO] 2025-04-03 15:26:16,964: Back Left Min: 0.64, Back Right Min: 0.54
[rosout][INFO] 2025-04-03 15:26:17,067: Back Left Min: 0.64, Back Right Min: 0.54
[rosout][INFO] 2025-04-03 15:26:17,164: Back Left Min: 0.64, Back Right Min: 0.54
[rosout][INFO] 2025-04-03 15:26:17,267: Back Left Min: 0.64, Back Right Min: 0.54
[rosout][INFO] 2025-04-03 15:26:17,364: Back Left Min: 0.64, Back Right Min: 0.54
[rosout][INFO] 2025-04-03 15:26:17,467: Back Left Min: 0.64, Back Right Min: 0.54
[rosout][INFO] 2025-04-03 15:26:17,564: Back Left Min: 0.64, Back Right Min: 0.54
[rosout][INFO] 2025-04-03 15:26:17,667: Back Left Min: 0.64, Back Right Min: 0.54
[rosout][INFO] 2025-04-03 15:26:17,764: Back Left Min: 0.64, Back Right Min: 0.54
[rosout][INFO] 2025-04-03 15:26:17,867: Back Left Min: 0.64, Back Right Min: 0.54
[rosout][INFO] 2025-04-03 15:26:17,964: Back Left Min: 0.64, Back Right Min: 0.54
[rosout][INFO] 2025-04-03 15:26:18,067: Back Left Min: 0.64, Back Right Min: 0.54
[rosout][INFO] 2025-04-03 15:26:18,164: Back Left Min: 0.64, Back Right Min: 0.54
[rosout][INFO] 2025-04-03 15:26:18,267: Back Left Min: 0.64, Back Right Min: 0.54
[rosout][INFO] 2025-04-03 15:26:18,364: Back Left Min: 0.64, Back Right Min: 0.54
[rosout][INFO] 2025-04-03 15:26:18,467: Back Left Min: 0.64, Back Right Min: 0.54
[rosout][INFO] 2025-04-03 15:26:18,564: Back Left Min: 0.64, Back Right Min: 0.54
[rosout][INFO] 2025-04-03 15:26:18,668: Back Left Min: 0.64, Back Right Min: 0.54
[rosout][INFO] 2025-04-03 15:26:18,764: Back Left Min: 0.64, Back Right Min: 0.54
[rosout][INFO] 2025-04-03 15:26:18,867: Back Left Min: 0.64, Back Right Min: 0.54
[rosout][INFO] 2025-04-03 15:26:18,964: Back Left Min: 0.64, Back Right Min: 0.54
[rosout][INFO] 2025-04-03 15:26:19,068: Back Left Min: 0.64, Back Right Min: 0.54
[rosout][INFO] 2025-04-03 15:26:19,164: Back Left Min: 0.64, Back Right Min: 0.54
[rosout][INFO] 2025-04-03 15:26:19,268: Back Left Min: 0.64, Back Right Min: 0.54
[rosout][INFO] 2025-04-03 15:26:19,365: Back Left Min: 0.64, Back Right Min: 0.54
[rosout][INFO] 2025-04-03 15:26:19,468: Back Left Min: 0.64, Back Right Min: 0.54
[rosout][INFO] 2025-04-03 15:26:19,565: Back Left Min: 0.64, Back Right Min: 0.54
[rosout][INFO] 2025-04-03 15:26:19,668: Back Left Min: 0.64, Back Right Min: 0.54
[rosout][INFO] 2025-04-03 15:26:19,765: Back Left Min: 0.64, Back Right Min: 0.54
[rosout][INFO] 2025-04-03 15:26:19,868: Back Left Min: 0.64, Back Right Min: 0.54
[rosout][INFO] 2025-04-03 15:26:19,965: Back Left Min: 0.64, Back Right Min: 0.54
[rosout][INFO] 2025-04-03 15:26:20,068: Back Left Min: 0.64, Back Right Min: 0.54
[rosout][INFO] 2025-04-03 15:26:20,165: Back Left Min: 0.64, Back Right Min: 0.54
[rosout][INFO] 2025-04-03 15:26:20,268: Back Left Min: 0.64, Back Right Min: 0.54
[rosout][INFO] 2025-04-03 15:26:20,365: Back Left Min: 0.64, Back Right Min: 0.54
[rosout][INFO] 2025-04-03 15:26:20,468: Back Left Min: 0.64, Back Right Min: 0.54
[rosout][INFO] 2025-04-03 15:26:20,565: Back Left Min: 0.64, Back Right Min: 0.54
[rosout][INFO] 2025-04-03 15:26:20,668: Back Left Min: 0.64, Back Right Min: 0.54
[rosout][INFO] 2025-04-03 15:26:20,765: Back Left Min: 0.64, Back Right Min: 0.54
[rosout][INFO] 2025-04-03 15:26:20,868: Back Left Min: 0.64, Back Right Min: 0.54
[rosout][INFO] 2025-04-03 15:26:20,965: Back Left Min: 0.64, Back Right Min: 0.54
[rosout][INFO] 2025-04-03 15:26:21,068: Back Left Min: 0.64, Back Right Min: 0.54
[rosout][INFO] 2025-04-03 15:26:21,165: Back Left Min: 0.64, Back Right Min: 0.54
[rosout][INFO] 2025-04-03 15:26:21,268: Back Left Min: 0.64, Back Right Min: 0.54
[rosout][INFO] 2025-04-03 15:26:21,365: Back Left Min: 0.64, Back Right Min: 0.54
[rosout][INFO] 2025-04-03 15:26:21,469: Back Left Min: 0.64, Back Right Min: 0.54
[rosout][INFO] 2025-04-03 15:26:21,566: Back Left Min: 0.64, Back Right Min: 0.54
[rosout][INFO] 2025-04-03 15:26:21,669: Back Left Min: 0.64, Back Right Min: 0.54
[rosout][INFO] 2025-04-03 15:26:21,766: Back Left Min: 0.64, Back Right Min: 0.54
[rosout][INFO] 2025-04-03 15:26:21,869: Back Left Min: 0.64, Back Right Min: 0.54
[rosout][INFO] 2025-04-03 15:26:21,966: Back Left Min: 0.64, Back Right Min: 0.54
[rosout][INFO] 2025-04-03 15:26:22,069: Back Left Min: 0.64, Back Right Min: 0.54
[rosout][INFO] 2025-04-03 15:26:22,166: Back Left Min: 0.64, Back Right Min: 0.54
[rosout][INFO] 2025-04-03 15:26:22,269: Back Left Min: 0.64, Back Right Min: 0.54
[rosout][INFO] 2025-04-03 15:26:22,366: Back Left Min: 0.64, Back Right Min: 0.54
[rosout][INFO] 2025-04-03 15:26:22,469: Back Left Min: 0.64, Back Right Min: 0.54
[rosout][INFO] 2025-04-03 15:26:22,566: Back Left Min: 0.64, Back Right Min: 0.54
[rosout][INFO] 2025-04-03 15:26:22,670: Back Left Min: 0.64, Back Right Min: 0.54
[rosout][INFO] 2025-04-03 15:26:22,766: Back Left Min: 0.64, Back Right Min: 0.54
[rosout][INFO] 2025-04-03 15:26:22,869: Back Left Min: 0.64, Back Right Min: 0.54
[rosout][INFO] 2025-04-03 15:26:22,966: Back Left Min: 0.64, Back Right Min: 0.54
[rosout][INFO] 2025-04-03 15:26:23,069: Back Left Min: 0.64, Back Right Min: 0.54
[rosout][INFO] 2025-04-03 15:26:23,166: Back Left Min: 0.64, Back Right Min: 0.54
[rosout][INFO] 2025-04-03 15:26:23,269: Back Left Min: 0.64, Back Right Min: 0.54
[rosout][INFO] 2025-04-03 15:26:23,366: Back Left Min: 0.64, Back Right Min: 0.54
[rosout][INFO] 2025-04-03 15:26:23,469: Back Left Min: 0.64, Back Right Min: 0.54
[rosout][INFO] 2025-04-03 15:26:23,566: Back Left Min: 0.64, Back Right Min: 0.54
[rosout][INFO] 2025-04-03 15:26:23,669: Back Left Min: 0.64, Back Right Min: 0.54
[rosout][INFO] 2025-04-03 15:26:23,766: Back Left Min: 0.64, Back Right Min: 0.54
[rosout][INFO] 2025-04-03 15:26:23,870: Back Left Min: 0.64, Back Right Min: 0.54
[rosout][INFO] 2025-04-03 15:26:23,966: Back Left Min: 0.64, Back Right Min: 0.54
[rosout][INFO] 2025-04-03 15:26:24,070: Back Left Min: 0.64, Back Right Min: 0.54
[rosout][INFO] 2025-04-03 15:26:24,166: Back Left Min: 0.64, Back Right Min: 0.54
[rosout][INFO] 2025-04-03 15:26:24,270: Back Left Min: 0.64, Back Right Min: 0.54
[rosout][INFO] 2025-04-03 15:26:24,367: Back Left Min: 0.64, Back Right Min: 0.54
[rosout][INFO] 2025-04-03 15:26:24,470: Back Left Min: 0.64, Back Right Min: 0.54
[rosout][INFO] 2025-04-03 15:26:24,567: Back Left Min: 0.64, Back Right Min: 0.54
[rosout][INFO] 2025-04-03 15:26:24,670: Back Left Min: 0.64, Back Right Min: 0.54
[rosout][INFO] 2025-04-03 15:26:24,767: Back Left Min: 0.64, Back Right Min: 0.54
[rosout][INFO] 2025-04-03 15:26:24,870: Back Left Min: 0.64, Back Right Min: 0.54
[rosout][INFO] 2025-04-03 15:26:24,967: Back Left Min: 0.64, Back Right Min: 0.54
[rosout][INFO] 2025-04-03 15:26:25,070: Back Left Min: 0.64, Back Right Min: 0.54
[rosout][INFO] 2025-04-03 15:26:25,167: Back Left Min: 0.64, Back Right Min: 0.54
[rosout][INFO] 2025-04-03 15:26:25,270: Back Left Min: 0.64, Back Right Min: 0.54
[rosout][INFO] 2025-04-03 15:26:25,367: Back Left Min: 0.64, Back Right Min: 0.54
[rosout][INFO] 2025-04-03 15:26:25,470: Back Left Min: 0.64, Back Right Min: 0.54
[rosout][INFO] 2025-04-03 15:26:25,567: Back Left Min: 0.64, Back Right Min: 0.54
[rosout][INFO] 2025-04-03 15:26:25,670: Back Left Min: 0.64, Back Right Min: 0.54
[rosout][INFO] 2025-04-03 15:26:25,767: Back Left Min: 0.64, Back Right Min: 0.54
[rosout][INFO] 2025-04-03 15:26:25,870: Back Left Min: 0.64, Back Right Min: 0.54
[rosout][INFO] 2025-04-03 15:26:25,967: Back Left Min: 0.64, Back Right Min: 0.54
[rosout][INFO] 2025-04-03 15:26:26,070: Back Left Min: 0.64, Back Right Min: 0.54
[rosout][INFO] 2025-04-03 15:26:26,167: Back Left Min: 0.64, Back Right Min: 0.54
[rosout][INFO] 2025-04-03 15:26:26,271: Back Left Min: 0.64, Back Right Min: 0.54
[rosout][INFO] 2025-04-03 15:26:26,367: Back Left Min: 0.64, Back Right Min: 0.54
[rosout][INFO] 2025-04-03 15:26:26,471: Back Left Min: 0.64, Back Right Min: 0.54
[rosout][INFO] 2025-04-03 15:26:26,567: Back Left Min: 0.64, Back Right Min: 0.54
[rosout][INFO] 2025-04-03 15:26:26,671: Back Left Min: 0.64, Back Right Min: 0.54
[rosout][INFO] 2025-04-03 15:26:26,767: Back Left Min: 0.64, Back Right Min: 0.54
[rosout][INFO] 2025-04-03 15:26:26,871: Back Left Min: 0.64, Back Right Min: 0.54
[rosout][INFO] 2025-04-03 15:26:26,968: Back Left Min: 0.64, Back Right Min: 0.54
[rosout][INFO] 2025-04-03 15:26:27,071: Back Left Min: 0.64, Back Right Min: 0.54
[rosout][INFO] 2025-04-03 15:26:27,168: Back Left Min: 0.64, Back Right Min: 0.54
[rosout][INFO] 2025-04-03 15:26:27,271: Back Left Min: 0.64, Back Right Min: 0.54
[rosout][INFO] 2025-04-03 15:26:27,368: Back Left Min: 0.64, Back Right Min: 0.54
[rosout][INFO] 2025-04-03 15:26:27,471: Back Left Min: 0.64, Back Right Min: 0.54
[rosout][INFO] 2025-04-03 15:26:27,568: Back Left Min: 0.64, Back Right Min: 0.54
[rosout][INFO] 2025-04-03 15:26:27,671: Back Left Min: 0.64, Back Right Min: 0.54
[rosout][INFO] 2025-04-03 15:26:27,768: Back Left Min: 0.64, Back Right Min: 0.54
[rosout][INFO] 2025-04-03 15:26:27,871: Back Left Min: 0.64, Back Right Min: 0.54
[rosout][INFO] 2025-04-03 15:26:27,968: Back Left Min: 0.64, Back Right Min: 0.54
[rosout][INFO] 2025-04-03 15:26:28,071: Back Left Min: 0.64, Back Right Min: 0.54
[rosout][INFO] 2025-04-03 15:26:28,168: Back Left Min: 0.64, Back Right Min: 0.54
[rosout][INFO] 2025-04-03 15:26:28,271: Back Left Min: 0.64, Back Right Min: 0.54
[rosout][INFO] 2025-04-03 15:26:28,368: Back Left Min: 0.64, Back Right Min: 0.54
[rosout][INFO] 2025-04-03 15:26:28,471: Back Left Min: 0.64, Back Right Min: 0.54
[rosout][INFO] 2025-04-03 15:26:28,568: Back Left Min: 0.64, Back Right Min: 0.54
[rosout][INFO] 2025-04-03 15:26:28,671: Back Left Min: 0.64, Back Right Min: 0.54
[rosout][INFO] 2025-04-03 15:26:28,768: Back Left Min: 0.64, Back Right Min: 0.54
[rosout][INFO] 2025-04-03 15:26:28,872: Back Left Min: 0.64, Back Right Min: 0.54
[rosout][INFO] 2025-04-03 15:26:28,968: Back Left Min: 0.64, Back Right Min: 0.54
[rosout][INFO] 2025-04-03 15:26:29,072: Back Left Min: 0.64, Back Right Min: 0.54
[rosout][INFO] 2025-04-03 15:26:29,168: Back Left Min: 0.64, Back Right Min: 0.54
[rosout][INFO] 2025-04-03 15:26:29,272: Back Left Min: 0.64, Back Right Min: 0.54
[rosout][INFO] 2025-04-03 15:26:29,369: Back Left Min: 0.64, Back Right Min: 0.54
[rosout][INFO] 2025-04-03 15:26:29,472: Back Left Min: 0.64, Back Right Min: 0.54
[rosout][INFO] 2025-04-03 15:26:29,569: Back Left Min: 0.64, Back Right Min: 0.54
[rosout][INFO] 2025-04-03 15:26:29,672: Back Left Min: 0.64, Back Right Min: 0.54
[rosout][INFO] 2025-04-03 15:26:29,769: Back Left Min: 0.64, Back Right Min: 0.54
[rosout][INFO] 2025-04-03 15:26:29,872: Back Left Min: 0.64, Back Right Min: 0.54
[rosout][INFO] 2025-04-03 15:26:29,969: Back Left Min: 0.64, Back Right Min: 0.54
[rosout][INFO] 2025-04-03 15:26:30,072: Back Left Min: 0.64, Back Right Min: 0.54
[rosout][INFO] 2025-04-03 15:26:30,169: Back Left Min: 0.64, Back Right Min: 0.54
[rosout][INFO] 2025-04-03 15:26:30,272: Back Left Min: 0.64, Back Right Min: 0.54
[rosout][INFO] 2025-04-03 15:26:30,369: Back Left Min: 0.64, Back Right Min: 0.54
[rosout][INFO] 2025-04-03 15:26:30,472: Back Left Min: 0.64, Back Right Min: 0.54
[rosout][INFO] 2025-04-03 15:26:30,569: Back Left Min: 0.64, Back Right Min: 0.54
[rosout][INFO] 2025-04-03 15:26:30,672: Back Left Min: 0.64, Back Right Min: 0.54
[rosout][INFO] 2025-04-03 15:26:30,769: Back Left Min: 0.64, Back Right Min: 0.54
[rosout][INFO] 2025-04-03 15:26:30,872: Back Left Min: 0.64, Back Right Min: 0.54
[rosout][INFO] 2025-04-03 15:26:30,969: Back Left Min: 0.64, Back Right Min: 0.54
[rosout][INFO] 2025-04-03 15:26:31,072: Back Left Min: 0.64, Back Right Min: 0.54
[rosout][INFO] 2025-04-03 15:26:31,169: Back Left Min: 0.64, Back Right Min: 0.54
[rosout][INFO] 2025-04-03 15:26:31,272: Back Left Min: 0.64, Back Right Min: 0.54
[rosout][INFO] 2025-04-03 15:26:31,369: Back Left Min: 0.64, Back Right Min: 0.54
[rosout][INFO] 2025-04-03 15:26:31,472: Back Left Min: 0.64, Back Right Min: 0.54
[rosout][INFO] 2025-04-03 15:26:31,569: Back Left Min: 0.64, Back Right Min: 0.54
[rosout][INFO] 2025-04-03 15:26:31,673: Back Left Min: 0.64, Back Right Min: 0.54
[rosout][INFO] 2025-04-03 15:26:31,769: Back Left Min: 0.64, Back Right Min: 0.54
[rosout][INFO] 2025-04-03 15:26:31,873: Back Left Min: 0.64, Back Right Min: 0.54
[rosout][INFO] 2025-04-03 15:26:31,970: Back Left Min: 0.64, Back Right Min: 0.54
[rosout][INFO] 2025-04-03 15:26:32,073: Back Left Min: 0.64, Back Right Min: 0.54
[rosout][INFO] 2025-04-03 15:26:32,170: Back Left Min: 0.64, Back Right Min: 0.54
[rosout][INFO] 2025-04-03 15:26:32,273: Back Left Min: 0.64, Back Right Min: 0.54
[rosout][INFO] 2025-04-03 15:26:32,370: Back Left Min: 0.64, Back Right Min: 0.54
[rosout][INFO] 2025-04-03 15:26:32,473: Back Left Min: 0.64, Back Right Min: 0.54
[rosout][INFO] 2025-04-03 15:26:32,570: Back Left Min: 0.64, Back Right Min: 0.54
[rosout][INFO] 2025-04-03 15:26:32,673: Back Left Min: 0.64, Back Right Min: 0.54
[rosout][INFO] 2025-04-03 15:26:32,770: Back Left Min: 0.64, Back Right Min: 0.54
[rosout][INFO] 2025-04-03 15:26:32,873: Back Left Min: 0.64, Back Right Min: 0.54
[rosout][INFO] 2025-04-03 15:26:32,970: Back Left Min: 0.64, Back Right Min: 0.54
[rosout][INFO] 2025-04-03 15:26:33,073: Back Left Min: 0.64, Back Right Min: 0.54
[rosout][INFO] 2025-04-03 15:26:33,170: Back Left Min: 0.64, Back Right Min: 0.54
[rosout][INFO] 2025-04-03 15:26:33,273: Back Left Min: 0.64, Back Right Min: 0.54
[rosout][INFO] 2025-04-03 15:26:33,370: Back Left Min: 0.64, Back Right Min: 0.54
[rosout][INFO] 2025-04-03 15:26:33,473: Back Left Min: 0.64, Back Right Min: 0.54
[rosout][INFO] 2025-04-03 15:26:33,570: Back Left Min: 0.64, Back Right Min: 0.54
[rosout][INFO] 2025-04-03 15:26:33,673: Back Left Min: 0.64, Back Right Min: 0.54
[rosout][INFO] 2025-04-03 15:26:33,770: Back Left Min: 0.64, Back Right Min: 0.54
[rosout][INFO] 2025-04-03 15:26:33,873: Back Left Min: 0.64, Back Right Min: 0.54
[rosout][INFO] 2025-04-03 15:26:33,970: Back Left Min: 0.64, Back Right Min: 0.54
[rosout][INFO] 2025-04-03 15:26:34,074: Back Left Min: 0.64, Back Right Min: 0.54
[rosout][INFO] 2025-04-03 15:26:34,170: Back Left Min: 0.64, Back Right Min: 0.54
[rosout][INFO] 2025-04-03 15:26:34,274: Back Left Min: 0.64, Back Right Min: 0.54
[rosout][INFO] 2025-04-03 15:26:34,371: Back Left Min: 0.64, Back Right Min: 0.54
[rosout][INFO] 2025-04-03 15:26:34,474: Back Left Min: 0.64, Back Right Min: 0.54
[rosout][INFO] 2025-04-03 15:26:34,571: Back Left Min: 0.64, Back Right Min: 0.54
[rosout][INFO] 2025-04-03 15:26:34,674: Back Left Min: 0.64, Back Right Min: 0.54
[rosout][INFO] 2025-04-03 15:26:34,771: Back Left Min: 0.64, Back Right Min: 0.54
[rosout][INFO] 2025-04-03 15:26:34,874: Back Left Min: 0.64, Back Right Min: 0.54
[rosout][INFO] 2025-04-03 15:26:34,971: Back Left Min: 0.64, Back Right Min: 0.54
[rosout][INFO] 2025-04-03 15:26:35,074: Back Left Min: 0.64, Back Right Min: 0.54
[rosout][INFO] 2025-04-03 15:26:35,171: Back Left Min: 0.64, Back Right Min: 0.54
[rosout][INFO] 2025-04-03 15:26:35,274: Back Left Min: 0.64, Back Right Min: 0.54
[rosout][INFO] 2025-04-03 15:26:35,371: Back Left Min: 0.64, Back Right Min: 0.54
[rosout][INFO] 2025-04-03 15:26:35,474: Back Left Min: 0.64, Back Right Min: 0.54
[rosout][INFO] 2025-04-03 15:26:35,571: Back Left Min: 0.64, Back Right Min: 0.54
[rosout][INFO] 2025-04-03 15:26:35,674: Back Left Min: 0.64, Back Right Min: 0.54
[rosout][INFO] 2025-04-03 15:26:35,771: Back Left Min: 0.64, Back Right Min: 0.54
[rosout][INFO] 2025-04-03 15:26:35,874: Back Left Min: 0.64, Back Right Min: 0.54
[rosout][INFO] 2025-04-03 15:26:35,971: Back Left Min: 0.64, Back Right Min: 0.54
[rosout][INFO] 2025-04-03 15:26:36,074: Back Left Min: 0.64, Back Right Min: 0.54
[rosout][INFO] 2025-04-03 15:26:36,171: Back Left Min: 0.64, Back Right Min: 0.54
[rosout][INFO] 2025-04-03 15:26:36,274: Back Left Min: 0.64, Back Right Min: 0.54
[rosout][INFO] 2025-04-03 15:26:36,371: Back Left Min: 0.64, Back Right Min: 0.54
[rosout][INFO] 2025-04-03 15:26:36,475: Back Left Min: 0.64, Back Right Min: 0.54
[rosout][INFO] 2025-04-03 15:26:36,571: Back Left Min: 0.64, Back Right Min: 0.54
[rosout][INFO] 2025-04-03 15:26:36,675: Back Left Min: 0.64, Back Right Min: 0.54
[rosout][INFO] 2025-04-03 15:26:36,771: Back Left Min: 0.64, Back Right Min: 0.54
[rosout][INFO] 2025-04-03 15:26:36,875: Back Left Min: 0.64, Back Right Min: 0.54
[rosout][INFO] 2025-04-03 15:26:36,972: Back Left Min: 0.64, Back Right Min: 0.54
[rosout][INFO] 2025-04-03 15:26:37,075: Back Left Min: 0.64, Back Right Min: 0.54
[rosout][INFO] 2025-04-03 15:26:37,172: Back Left Min: 0.64, Back Right Min: 0.54
[rosout][INFO] 2025-04-03 15:26:37,275: Back Left Min: 0.64, Back Right Min: 0.54
[rosout][INFO] 2025-04-03 15:26:37,372: Back Left Min: 0.64, Back Right Min: 0.54
[rosout][INFO] 2025-04-03 15:26:37,475: Back Left Min: 0.64, Back Right Min: 0.54
[rosout][INFO] 2025-04-03 15:26:37,572: Back Left Min: 0.64, Back Right Min: 0.54
[rosout][INFO] 2025-04-03 15:26:37,675: Back Left Min: 0.64, Back Right Min: 0.54
[rosout][INFO] 2025-04-03 15:26:37,772: Back Left Min: 0.64, Back Right Min: 0.54
[rosout][INFO] 2025-04-03 15:26:37,875: Back Left Min: 0.64, Back Right Min: 0.54
[rosout][INFO] 2025-04-03 15:26:37,972: Back Left Min: 0.64, Back Right Min: 0.54
[rosout][INFO] 2025-04-03 15:26:38,075: Back Left Min: 0.64, Back Right Min: 0.54
[rosout][INFO] 2025-04-03 15:26:38,172: Back Left Min: 0.64, Back Right Min: 0.54
[rosout][INFO] 2025-04-03 15:26:38,275: Back Left Min: 0.64, Back Right Min: 0.54
[rosout][INFO] 2025-04-03 15:26:38,372: Back Left Min: 0.64, Back Right Min: 0.54
[rosout][INFO] 2025-04-03 15:26:38,475: Back Left Min: 0.64, Back Right Min: 0.54
[rosout][INFO] 2025-04-03 15:26:38,572: Back Left Min: 0.64, Back Right Min: 0.54
[rosout][INFO] 2025-04-03 15:26:38,675: Back Left Min: 0.64, Back Right Min: 0.54
[rosout][INFO] 2025-04-03 15:26:38,772: Back Left Min: 0.64, Back Right Min: 0.54
[rosout][INFO] 2025-04-03 15:26:38,875: Back Left Min: 0.64, Back Right Min: 0.54
[rosout][INFO] 2025-04-03 15:26:38,972: Back Left Min: 0.64, Back Right Min: 0.54
[rosout][INFO] 2025-04-03 15:26:39,076: Back Left Min: 0.64, Back Right Min: 0.54
[rosout][INFO] 2025-04-03 15:26:39,172: Back Left Min: 0.64, Back Right Min: 0.54
[rosout][INFO] 2025-04-03 15:26:39,276: Back Left Min: 0.64, Back Right Min: 0.54
[rosout][INFO] 2025-04-03 15:26:39,373: Back Left Min: 0.64, Back Right Min: 0.54
[rosout][INFO] 2025-04-03 15:26:39,476: Back Left Min: 0.64, Back Right Min: 0.54
[rosout][INFO] 2025-04-03 15:26:39,573: Back Left Min: 0.64, Back Right Min: 0.54
[rosout][INFO] 2025-04-03 15:26:39,676: Back Left Min: 0.64, Back Right Min: 0.54
[rosout][INFO] 2025-04-03 15:26:39,773: Back Left Min: 0.64, Back Right Min: 0.54
[rosout][INFO] 2025-04-03 15:26:39,876: Back Left Min: 0.64, Back Right Min: 0.54
[rosout][INFO] 2025-04-03 15:26:39,973: Back Left Min: 0.64, Back Right Min: 0.54
[rosout][INFO] 2025-04-03 15:26:40,076: Back Left Min: 0.64, Back Right Min: 0.54
[rosout][INFO] 2025-04-03 15:26:40,173: Back Left Min: 0.64, Back Right Min: 0.54
[rosout][INFO] 2025-04-03 15:26:40,276: Back Left Min: 0.64, Back Right Min: 0.54
[rosout][INFO] 2025-04-03 15:26:40,373: Back Left Min: 0.64, Back Right Min: 0.54
[rosout][INFO] 2025-04-03 15:26:40,476: Back Left Min: 0.64, Back Right Min: 0.54
[rosout][INFO] 2025-04-03 15:26:40,573: Back Left Min: 0.64, Back Right Min: 0.54
[rosout][INFO] 2025-04-03 15:26:40,676: Back Left Min: 0.64, Back Right Min: 0.54
[rosout][INFO] 2025-04-03 15:26:40,773: Back Left Min: 0.64, Back Right Min: 0.54
[rosout][INFO] 2025-04-03 15:26:40,876: Back Left Min: 0.64, Back Right Min: 0.54
[rosout][INFO] 2025-04-03 15:26:40,973: Back Left Min: 0.64, Back Right Min: 0.54
[rosout][INFO] 2025-04-03 15:26:41,076: Back Left Min: 0.64, Back Right Min: 0.54
[rosout][INFO] 2025-04-03 15:26:41,173: Back Left Min: 0.64, Back Right Min: 0.54
[rosout][INFO] 2025-04-03 15:26:41,276: Back Left Min: 0.64, Back Right Min: 0.54
[rosout][INFO] 2025-04-03 15:26:41,373: Back Left Min: 0.64, Back Right Min: 0.54
[rosout][INFO] 2025-04-03 15:26:41,477: Back Left Min: 0.64, Back Right Min: 0.54
[rosout][INFO] 2025-04-03 15:26:41,573: Back Left Min: 0.64, Back Right Min: 0.54
[rosout][INFO] 2025-04-03 15:26:41,676: Back Left Min: 0.64, Back Right Min: 0.54
[rosout][INFO] 2025-04-03 15:26:41,773: Back Left Min: 0.64, Back Right Min: 0.54
[rosout][INFO] 2025-04-03 15:26:41,877: Back Left Min: 0.64, Back Right Min: 0.54
[rosout][INFO] 2025-04-03 15:26:41,973: Back Left Min: 0.64, Back Right Min: 0.54
[rosout][INFO] 2025-04-03 15:26:42,077: Back Left Min: 0.64, Back Right Min: 0.54
[rosout][INFO] 2025-04-03 15:26:42,174: Back Left Min: 0.64, Back Right Min: 0.54
[rosout][INFO] 2025-04-03 15:26:42,277: Back Left Min: 0.64, Back Right Min: 0.54
[rosout][INFO] 2025-04-03 15:26:42,374: Back Left Min: 0.64, Back Right Min: 0.54
[rosout][INFO] 2025-04-03 15:26:42,477: Back Left Min: 0.64, Back Right Min: 0.54
[rosout][INFO] 2025-04-03 15:26:42,574: Back Left Min: 0.64, Back Right Min: 0.54
[rosout][INFO] 2025-04-03 15:26:42,677: Back Left Min: 0.64, Back Right Min: 0.54
[rosout][INFO] 2025-04-03 15:26:42,774: Back Left Min: 0.64, Back Right Min: 0.54
[rosout][INFO] 2025-04-03 15:26:42,877: Back Left Min: 0.64, Back Right Min: 0.54
[rosout][INFO] 2025-04-03 15:26:42,974: Back Left Min: 0.64, Back Right Min: 0.54
[rosout][INFO] 2025-04-03 15:26:43,077: Back Left Min: 0.64, Back Right Min: 0.54
[rosout][INFO] 2025-04-03 15:26:43,174: Back Left Min: 0.64, Back Right Min: 0.54
[rosout][INFO] 2025-04-03 15:26:43,277: Back Left Min: 0.64, Back Right Min: 0.54
[rosout][INFO] 2025-04-03 15:26:43,374: Back Left Min: 0.64, Back Right Min: 0.54
[rosout][INFO] 2025-04-03 15:26:43,477: Back Left Min: 0.64, Back Right Min: 0.54
[rosout][INFO] 2025-04-03 15:26:43,574: Back Left Min: 0.64, Back Right Min: 0.54
[rosout][INFO] 2025-04-03 15:26:43,677: Back Left Min: 0.64, Back Right Min: 0.54
[rosout][INFO] 2025-04-03 15:26:43,774: Back Left Min: 0.64, Back Right Min: 0.54
[rosout][INFO] 2025-04-03 15:26:43,878: Back Left Min: 0.64, Back Right Min: 0.54
[rosout][INFO] 2025-04-03 15:26:43,974: Back Left Min: 0.64, Back Right Min: 0.54
[rosout][INFO] 2025-04-03 15:26:44,078: Back Left Min: 0.64, Back Right Min: 0.54
[rosout][INFO] 2025-04-03 15:26:44,174: Back Left Min: 0.64, Back Right Min: 0.54
[rosout][INFO] 2025-04-03 15:26:44,278: Back Left Min: 0.64, Back Right Min: 0.54
[rosout][INFO] 2025-04-03 15:26:44,375: Back Left Min: 0.64, Back Right Min: 0.54
[rosout][INFO] 2025-04-03 15:26:44,478: Back Left Min: 0.64, Back Right Min: 0.54
[rosout][INFO] 2025-04-03 15:26:44,575: Back Left Min: 0.64, Back Right Min: 0.54
[rosout][INFO] 2025-04-03 15:26:44,678: Back Left Min: 0.64, Back Right Min: 0.54
[rosout][INFO] 2025-04-03 15:26:44,775: Back Left Min: 0.64, Back Right Min: 0.54
[rosout][INFO] 2025-04-03 15:26:44,878: Back Left Min: 0.64, Back Right Min: 0.54
[rosout][INFO] 2025-04-03 15:26:44,975: Back Left Min: 0.64, Back Right Min: 0.54
[rosout][INFO] 2025-04-03 15:26:45,078: Back Left Min: 0.64, Back Right Min: 0.54
[rosout][INFO] 2025-04-03 15:26:45,175: Back Left Min: 0.64, Back Right Min: 0.54
[rosout][INFO] 2025-04-03 15:26:45,278: Back Left Min: 0.64, Back Right Min: 0.54
[rosout][INFO] 2025-04-03 15:26:45,375: Back Left Min: 0.64, Back Right Min: 0.54
[rosout][INFO] 2025-04-03 15:26:45,478: Back Left Min: 0.64, Back Right Min: 0.54
[rosout][INFO] 2025-04-03 15:26:45,575: Back Left Min: 0.64, Back Right Min: 0.54
[rosout][INFO] 2025-04-03 15:26:45,678: Back Left Min: 0.64, Back Right Min: 0.54
[rosout][INFO] 2025-04-03 15:26:45,775: Back Left Min: 0.64, Back Right Min: 0.54
[rosout][INFO] 2025-04-03 15:26:45,878: Back Left Min: 0.64, Back Right Min: 0.54
[rosout][INFO] 2025-04-03 15:26:45,975: Back Left Min: 0.64, Back Right Min: 0.54
[rosout][INFO] 2025-04-03 15:26:46,078: Back Left Min: 0.64, Back Right Min: 0.54
[rosout][INFO] 2025-04-03 15:26:46,175: Back Left Min: 0.64, Back Right Min: 0.54
[rosout][INFO] 2025-04-03 15:26:46,278: Back Left Min: 0.64, Back Right Min: 0.54
[rosout][INFO] 2025-04-03 15:26:46,375: Back Left Min: 0.64, Back Right Min: 0.54
[rosout][INFO] 2025-04-03 15:26:46,478: Back Left Min: 0.64, Back Right Min: 0.54
[rosout][INFO] 2025-04-03 15:26:46,575: Back Left Min: 0.64, Back Right Min: 0.54
[rosout][INFO] 2025-04-03 15:26:46,679: Back Left Min: 0.64, Back Right Min: 0.54
[rosout][INFO] 2025-04-03 15:26:46,775: Back Left Min: 0.64, Back Right Min: 0.54
[rosout][INFO] 2025-04-03 15:26:46,879: Back Left Min: 0.64, Back Right Min: 0.54
[rosout][INFO] 2025-04-03 15:26:46,976: Back Left Min: 0.64, Back Right Min: 0.54
[rosout][INFO] 2025-04-03 15:26:47,079: Back Left Min: 0.64, Back Right Min: 0.54
[rosout][INFO] 2025-04-03 15:26:47,176: Back Left Min: 0.64, Back Right Min: 0.54
[rosout][INFO] 2025-04-03 15:26:47,279: Back Left Min: 0.64, Back Right Min: 0.54
[rosout][INFO] 2025-04-03 15:26:47,376: Back Left Min: 0.64, Back Right Min: 0.54
[rosout][INFO] 2025-04-03 15:26:47,479: Back Left Min: 0.64, Back Right Min: 0.54
[rosout][INFO] 2025-04-03 15:26:47,576: Back Left Min: 0.64, Back Right Min: 0.54
[rosout][INFO] 2025-04-03 15:26:47,679: Back Left Min: 0.64, Back Right Min: 0.54
[rosout][INFO] 2025-04-03 15:26:47,776: Back Left Min: 0.64, Back Right Min: 0.54
[rosout][INFO] 2025-04-03 15:26:47,879: Back Left Min: 0.64, Back Right Min: 0.54
[rosout][INFO] 2025-04-03 15:26:47,976: Back Left Min: 0.64, Back Right Min: 0.54
[rosout][INFO] 2025-04-03 15:26:48,079: Back Left Min: 0.64, Back Right Min: 0.54
[rosout][INFO] 2025-04-03 15:26:48,176: Back Left Min: 0.64, Back Right Min: 0.54
[rosout][INFO] 2025-04-03 15:26:48,279: Back Left Min: 0.64, Back Right Min: 0.54
[rosout][INFO] 2025-04-03 15:26:48,376: Back Left Min: 0.64, Back Right Min: 0.54
[rosout][INFO] 2025-04-03 15:26:48,479: Back Left Min: 0.64, Back Right Min: 0.54
[rosout][INFO] 2025-04-03 15:26:48,576: Back Left Min: 0.64, Back Right Min: 0.54
[rosout][INFO] 2025-04-03 15:26:48,679: Back Left Min: 0.64, Back Right Min: 0.54
[rosout][INFO] 2025-04-03 15:26:48,776: Back Left Min: 0.64, Back Right Min: 0.54
[rosout][INFO] 2025-04-03 15:26:48,879: Back Left Min: 0.64, Back Right Min: 0.54
[rosout][INFO] 2025-04-03 15:26:48,976: Back Left Min: 0.64, Back Right Min: 0.54
[rosout][INFO] 2025-04-03 15:26:49,080: Back Left Min: 0.64, Back Right Min: 0.54
[rosout][INFO] 2025-04-03 15:26:49,176: Back Left Min: 0.64, Back Right Min: 0.54
[rosout][INFO] 2025-04-03 15:26:49,280: Back Left Min: 0.64, Back Right Min: 0.54
[rosout][INFO] 2025-04-03 15:26:49,376: Back Left Min: 0.64, Back Right Min: 0.54
[rosout][INFO] 2025-04-03 15:26:49,480: Back Left Min: 0.64, Back Right Min: 0.54
[rosout][INFO] 2025-04-03 15:26:49,577: Back Left Min: 0.64, Back Right Min: 0.54
[rosout][INFO] 2025-04-03 15:26:49,680: Back Left Min: 0.64, Back Right Min: 0.54
[rosout][INFO] 2025-04-03 15:26:49,777: Back Left Min: 0.64, Back Right Min: 0.54
[rosout][INFO] 2025-04-03 15:26:49,880: Back Left Min: 0.64, Back Right Min: 0.54
[rosout][INFO] 2025-04-03 15:26:49,977: Back Left Min: 0.64, Back Right Min: 0.54
[rosout][INFO] 2025-04-03 15:26:50,080: Back Left Min: 0.64, Back Right Min: 0.54
[rosout][INFO] 2025-04-03 15:26:50,177: Back Left Min: 0.64, Back Right Min: 0.54
[rosout][INFO] 2025-04-03 15:26:50,280: Back Left Min: 0.64, Back Right Min: 0.54
[rosout][INFO] 2025-04-03 15:26:50,377: Back Left Min: 0.64, Back Right Min: 0.54
[rosout][INFO] 2025-04-03 15:26:50,480: Back Left Min: 0.64, Back Right Min: 0.54
[rosout][INFO] 2025-04-03 15:26:50,577: Back Left Min: 0.64, Back Right Min: 0.54
[rosout][INFO] 2025-04-03 15:26:50,680: Back Left Min: 0.64, Back Right Min: 0.54
[rosout][INFO] 2025-04-03 15:26:50,777: Back Left Min: 0.64, Back Right Min: 0.54
[rosout][INFO] 2025-04-03 15:26:50,880: Back Left Min: 0.64, Back Right Min: 0.54
[rosout][INFO] 2025-04-03 15:26:50,977: Back Left Min: 0.64, Back Right Min: 0.54
[rosout][INFO] 2025-04-03 15:26:51,080: Back Left Min: 0.64, Back Right Min: 0.54
[rosout][INFO] 2025-04-03 15:26:51,177: Back Left Min: 0.64, Back Right Min: 0.54
[rosout][INFO] 2025-04-03 15:26:51,280: Back Left Min: 0.64, Back Right Min: 0.54
[rosout][INFO] 2025-04-03 15:26:51,377: Back Left Min: 0.64, Back Right Min: 0.54
[rosout][INFO] 2025-04-03 15:26:51,481: Back Left Min: 0.64, Back Right Min: 0.54
[rosout][INFO] 2025-04-03 15:26:51,577: Back Left Min: 0.64, Back Right Min: 0.54
[rosout][INFO] 2025-04-03 15:26:51,681: Back Left Min: 0.64, Back Right Min: 0.54
[rosout][INFO] 2025-04-03 15:26:51,778: Back Left Min: 0.64, Back Right Min: 0.54
[rosout][INFO] 2025-04-03 15:26:51,881: Back Left Min: 0.64, Back Right Min: 0.54
[rosout][INFO] 2025-04-03 15:26:51,978: Back Left Min: 0.64, Back Right Min: 0.54
[rosout][INFO] 2025-04-03 15:26:52,081: Back Left Min: 0.64, Back Right Min: 0.54
[rosout][INFO] 2025-04-03 15:26:52,178: Back Left Min: 0.64, Back Right Min: 0.54
[rosout][INFO] 2025-04-03 15:26:52,281: Back Left Min: 0.64, Back Right Min: 0.54
[rosout][INFO] 2025-04-03 15:26:52,378: Back Left Min: 0.64, Back Right Min: 0.54
[rosout][INFO] 2025-04-03 15:26:52,481: Back Left Min: 0.64, Back Right Min: 0.54
[rosout][INFO] 2025-04-03 15:26:52,578: Back Left Min: 0.64, Back Right Min: 0.54
[rosout][INFO] 2025-04-03 15:26:52,681: Back Left Min: 0.64, Back Right Min: 0.54
[rosout][INFO] 2025-04-03 15:26:52,778: Back Left Min: 0.64, Back Right Min: 0.54
[rosout][INFO] 2025-04-03 15:26:52,881: Back Left Min: 0.64, Back Right Min: 0.54
[rosout][INFO] 2025-04-03 15:26:52,978: Back Left Min: 0.64, Back Right Min: 0.54
[rosout][INFO] 2025-04-03 15:26:53,081: Back Left Min: 0.64, Back Right Min: 0.54
[rosout][INFO] 2025-04-03 15:26:53,178: Back Left Min: 0.64, Back Right Min: 0.54
[rosout][INFO] 2025-04-03 15:26:53,281: Back Left Min: 0.64, Back Right Min: 0.54
[rosout][INFO] 2025-04-03 15:26:53,378: Back Left Min: 0.64, Back Right Min: 0.54
[rosout][INFO] 2025-04-03 15:26:53,481: Back Left Min: 0.64, Back Right Min: 0.54
[rosout][INFO] 2025-04-03 15:26:53,578: Back Left Min: 0.64, Back Right Min: 0.54
[rosout][INFO] 2025-04-03 15:26:53,681: Back Left Min: 0.64, Back Right Min: 0.54
[rosout][INFO] 2025-04-03 15:26:53,778: Back Left Min: 0.64, Back Right Min: 0.54
[rosout][INFO] 2025-04-03 15:26:53,881: Back Left Min: 0.64, Back Right Min: 0.54
[rosout][INFO] 2025-04-03 15:26:53,978: Back Left Min: 0.64, Back Right Min: 0.54
[rosout][INFO] 2025-04-03 15:26:54,082: Back Left Min: 0.64, Back Right Min: 0.54
[rosout][INFO] 2025-04-03 15:26:54,179: Back Left Min: 0.64, Back Right Min: 0.54
[rosout][INFO] 2025-04-03 15:26:54,282: Back Left Min: 0.64, Back Right Min: 0.54
[rosout][INFO] 2025-04-03 15:26:54,378: Back Left Min: 0.64, Back Right Min: 0.54
[rosout][INFO] 2025-04-03 15:26:54,482: Back Left Min: 0.64, Back Right Min: 0.54
[rosout][INFO] 2025-04-03 15:26:54,579: Back Left Min: 0.64, Back Right Min: 0.54
[rosout][INFO] 2025-04-03 15:26:54,682: Back Left Min: 0.64, Back Right Min: 0.54
[rosout][INFO] 2025-04-03 15:26:54,779: Back Left Min: 0.64, Back Right Min: 0.54
[rosout][INFO] 2025-04-03 15:26:54,882: Back Left Min: 0.64, Back Right Min: 0.54
[rosout][INFO] 2025-04-03 15:26:54,979: Back Left Min: 0.64, Back Right Min: 0.54
[rosout][INFO] 2025-04-03 15:26:55,082: Back Left Min: 0.64, Back Right Min: 0.54
[rosout][INFO] 2025-04-03 15:26:55,179: Back Left Min: 0.64, Back Right Min: 0.54
[rosout][INFO] 2025-04-03 15:26:55,282: Back Left Min: 0.64, Back Right Min: 0.54
[rosout][INFO] 2025-04-03 15:26:55,379: Back Left Min: 0.64, Back Right Min: 0.54
[rosout][INFO] 2025-04-03 15:26:55,482: Back Left Min: 0.64, Back Right Min: 0.54
[rosout][INFO] 2025-04-03 15:26:55,579: Back Left Min: 0.64, Back Right Min: 0.54
[rosout][INFO] 2025-04-03 15:26:55,682: Back Left Min: 0.64, Back Right Min: 0.54
[rosout][INFO] 2025-04-03 15:26:55,779: Back Left Min: 0.64, Back Right Min: 0.54
[rosout][INFO] 2025-04-03 15:26:55,882: Back Left Min: 0.64, Back Right Min: 0.54
[rosout][INFO] 2025-04-03 15:26:55,979: Back Left Min: 0.64, Back Right Min: 0.54
[rosout][INFO] 2025-04-03 15:26:56,082: Back Left Min: 0.64, Back Right Min: 0.54
[rosout][INFO] 2025-04-03 15:26:56,179: Back Left Min: 0.64, Back Right Min: 0.54
[rosout][INFO] 2025-04-03 15:26:56,282: Back Left Min: 0.64, Back Right Min: 0.54
[rosout][INFO] 2025-04-03 15:26:56,379: Back Left Min: 0.64, Back Right Min: 0.54
[rosout][INFO] 2025-04-03 15:26:56,483: Back Left Min: 0.64, Back Right Min: 0.54
[rosout][INFO] 2025-04-03 15:26:56,579: Back Left Min: 0.64, Back Right Min: 0.54
[rosout][INFO] 2025-04-03 15:26:56,683: Back Left Min: 0.64, Back Right Min: 0.54
[rosout][INFO] 2025-04-03 15:26:56,779: Back Left Min: 0.64, Back Right Min: 0.54
[rosout][INFO] 2025-04-03 15:26:56,883: Back Left Min: 0.64, Back Right Min: 0.54
[rosout][INFO] 2025-04-03 15:26:56,980: Back Left Min: 0.64, Back Right Min: 0.54
[rosout][INFO] 2025-04-03 15:26:57,083: Back Left Min: 0.64, Back Right Min: 0.54
[rosout][INFO] 2025-04-03 15:26:57,180: Back Left Min: 0.64, Back Right Min: 0.54
[rosout][INFO] 2025-04-03 15:26:57,283: Back Left Min: 0.64, Back Right Min: 0.54
[rosout][INFO] 2025-04-03 15:26:57,380: Back Left Min: 0.64, Back Right Min: 0.54
[rosout][INFO] 2025-04-03 15:26:57,483: Back Left Min: 0.64, Back Right Min: 0.54
[rosout][INFO] 2025-04-03 15:26:57,580: Back Left Min: 0.64, Back Right Min: 0.54
[rosout][INFO] 2025-04-03 15:26:57,683: Back Left Min: 0.64, Back Right Min: 0.54
[rosout][INFO] 2025-04-03 15:26:57,780: Back Left Min: 0.64, Back Right Min: 0.54
[rosout][INFO] 2025-04-03 15:26:57,883: Back Left Min: 0.64, Back Right Min: 0.54
[rosout][INFO] 2025-04-03 15:26:57,980: Back Left Min: 0.64, Back Right Min: 0.54
[rosout][INFO] 2025-04-03 15:26:58,083: Back Left Min: 0.64, Back Right Min: 0.54
[rosout][INFO] 2025-04-03 15:26:58,180: Back Left Min: 0.64, Back Right Min: 0.54
[rosout][INFO] 2025-04-03 15:26:58,283: Back Left Min: 0.64, Back Right Min: 0.54
[rosout][INFO] 2025-04-03 15:26:58,380: Back Left Min: 0.64, Back Right Min: 0.54
[rosout][INFO] 2025-04-03 15:26:58,483: Back Left Min: 0.64, Back Right Min: 0.54
[rosout][INFO] 2025-04-03 15:26:58,580: Back Left Min: 0.64, Back Right Min: 0.54
[rosout][INFO] 2025-04-03 15:26:58,683: Back Left Min: 0.64, Back Right Min: 0.54
[rosout][INFO] 2025-04-03 15:26:58,780: Back Left Min: 0.64, Back Right Min: 0.54
[rosout][INFO] 2025-04-03 15:26:58,883: Back Left Min: 0.64, Back Right Min: 0.54
[rosout][INFO] 2025-04-03 15:26:58,980: Back Left Min: 0.64, Back Right Min: 0.54
[rosout][INFO] 2025-04-03 15:26:59,083: Back Left Min: 0.64, Back Right Min: 0.54
[rosout][INFO] 2025-04-03 15:26:59,180: Back Left Min: 0.64, Back Right Min: 0.54
[rosout][INFO] 2025-04-03 15:26:59,284: Back Left Min: 0.64, Back Right Min: 0.54
[rosout][INFO] 2025-04-03 15:26:59,381: Back Left Min: 0.64, Back Right Min: 0.54
[rosout][INFO] 2025-04-03 15:26:59,484: Back Left Min: 0.64, Back Right Min: 0.54
[rosout][INFO] 2025-04-03 15:26:59,581: Back Left Min: 0.64, Back Right Min: 0.54
[rosout][INFO] 2025-04-03 15:26:59,684: Back Left Min: 0.64, Back Right Min: 0.54
[rosout][INFO] 2025-04-03 15:26:59,781: Back Left Min: 0.64, Back Right Min: 0.54
[rosout][INFO] 2025-04-03 15:26:59,884: Back Left Min: 0.64, Back Right Min: 0.54
[rosout][INFO] 2025-04-03 15:26:59,981: Back Left Min: 0.64, Back Right Min: 0.54
[rosout][INFO] 2025-04-03 15:27:00,084: Back Left Min: 0.64, Back Right Min: 0.54
[rosout][INFO] 2025-04-03 15:27:00,181: Back Left Min: 0.64, Back Right Min: 0.54
[rosout][INFO] 2025-04-03 15:27:00,284: Back Left Min: 0.64, Back Right Min: 0.54
[rosout][INFO] 2025-04-03 15:27:00,381: Back Left Min: 0.64, Back Right Min: 0.54
[rosout][INFO] 2025-04-03 15:27:00,484: Back Left Min: 0.64, Back Right Min: 0.54
[rosout][INFO] 2025-04-03 15:27:00,581: Back Left Min: 0.64, Back Right Min: 0.54
[rosout][INFO] 2025-04-03 15:27:00,684: Back Left Min: 0.64, Back Right Min: 0.54
[rosout][INFO] 2025-04-03 15:27:00,781: Back Left Min: 0.64, Back Right Min: 0.54
[rosout][INFO] 2025-04-03 15:27:00,884: Back Left Min: 0.64, Back Right Min: 0.54
[rosout][INFO] 2025-04-03 15:27:00,981: Back Left Min: 0.64, Back Right Min: 0.54
[rosout][INFO] 2025-04-03 15:27:01,084: Back Left Min: 0.64, Back Right Min: 0.54
[rosout][INFO] 2025-04-03 15:27:01,181: Back Left Min: 0.64, Back Right Min: 0.54
[rosout][INFO] 2025-04-03 15:27:01,284: Back Left Min: 0.64, Back Right Min: 0.54
[rosout][INFO] 2025-04-03 15:27:01,381: Back Left Min: 0.64, Back Right Min: 0.54
[rosout][INFO] 2025-04-03 15:27:01,484: Back Left Min: 0.64, Back Right Min: 0.54
[rosout][INFO] 2025-04-03 15:27:01,581: Back Left Min: 0.64, Back Right Min: 0.54
[rosout][INFO] 2025-04-03 15:27:01,684: Back Left Min: 0.64, Back Right Min: 0.54
[rosout][INFO] 2025-04-03 15:27:01,781: Back Left Min: 0.64, Back Right Min: 0.54
[rosout][INFO] 2025-04-03 15:27:01,885: Back Left Min: 0.64, Back Right Min: 0.54
[rosout][INFO] 2025-04-03 15:27:01,981: Back Left Min: 0.64, Back Right Min: 0.54
[rosout][INFO] 2025-04-03 15:27:02,085: Back Left Min: 0.64, Back Right Min: 0.54
[rosout][INFO] 2025-04-03 15:27:02,182: Back Left Min: 0.64, Back Right Min: 0.54
[rosout][INFO] 2025-04-03 15:27:02,285: Back Left Min: 0.64, Back Right Min: 0.54
[rosout][INFO] 2025-04-03 15:27:02,382: Back Left Min: 0.64, Back Right Min: 0.54
[rosout][INFO] 2025-04-03 15:27:02,485: Back Left Min: 0.64, Back Right Min: 0.54
[rosout][INFO] 2025-04-03 15:27:02,582: Back Left Min: 0.64, Back Right Min: 0.54
[rosout][INFO] 2025-04-03 15:27:02,685: Back Left Min: 0.64, Back Right Min: 0.54
[rosout][INFO] 2025-04-03 15:27:02,782: Back Left Min: 0.64, Back Right Min: 0.54
[rosout][INFO] 2025-04-03 15:27:02,885: Back Left Min: 0.64, Back Right Min: 0.54
[rosout][INFO] 2025-04-03 15:27:02,982: Back Left Min: 0.64, Back Right Min: 0.54
[rosout][INFO] 2025-04-03 15:27:03,085: Back Left Min: 0.64, Back Right Min: 0.54
[rosout][INFO] 2025-04-03 15:27:03,182: Back Left Min: 0.64, Back Right Min: 0.54
[rosout][INFO] 2025-04-03 15:27:03,285: Back Left Min: 0.64, Back Right Min: 0.54
[rosout][INFO] 2025-04-03 15:27:03,382: Back Left Min: 0.64, Back Right Min: 0.54
[rosout][INFO] 2025-04-03 15:27:03,485: Back Left Min: 0.64, Back Right Min: 0.54
[rosout][INFO] 2025-04-03 15:27:03,582: Back Left Min: 0.64, Back Right Min: 0.54
[rosout][INFO] 2025-04-03 15:27:03,685: Back Left Min: 0.64, Back Right Min: 0.54
[rosout][INFO] 2025-04-03 15:27:03,782: Back Left Min: 0.64, Back Right Min: 0.54
[rosout][INFO] 2025-04-03 15:27:03,885: Back Left Min: 0.64, Back Right Min: 0.54
[rosout][INFO] 2025-04-03 15:27:03,982: Back Left Min: 0.64, Back Right Min: 0.54
[rosout][INFO] 2025-04-03 15:27:04,085: Back Left Min: 0.64, Back Right Min: 0.54
[rosout][INFO] 2025-04-03 15:27:04,182: Back Left Min: 0.64, Back Right Min: 0.54
[rosout][INFO] 2025-04-03 15:27:04,286: Back Left Min: 0.64, Back Right Min: 0.54
[rosout][INFO] 2025-04-03 15:27:04,382: Back Left Min: 0.64, Back Right Min: 0.54
[rosout][INFO] 2025-04-03 15:27:04,486: Back Left Min: 0.64, Back Right Min: 0.54
[rosout][INFO] 2025-04-03 15:27:04,582: Back Left Min: 0.64, Back Right Min: 0.54
[rosout][INFO] 2025-04-03 15:27:04,686: Back Left Min: 0.64, Back Right Min: 0.54
[rosout][INFO] 2025-04-03 15:27:04,783: Back Left Min: 0.64, Back Right Min: 0.54
[rosout][INFO] 2025-04-03 15:27:04,886: Back Left Min: 0.64, Back Right Min: 0.54
[rosout][INFO] 2025-04-03 15:27:04,983: Back Left Min: 0.64, Back Right Min: 0.54
[rosout][INFO] 2025-04-03 15:27:05,086: Back Left Min: 0.64, Back Right Min: 0.54
[rosout][INFO] 2025-04-03 15:27:05,183: Back Left Min: 0.64, Back Right Min: 0.54
[rosout][INFO] 2025-04-03 15:27:05,286: Back Left Min: 0.64, Back Right Min: 0.54
[rosout][INFO] 2025-04-03 15:27:05,383: Back Left Min: 0.64, Back Right Min: 0.54
[rosout][INFO] 2025-04-03 15:27:05,486: Back Left Min: 0.64, Back Right Min: 0.54
[rosout][INFO] 2025-04-03 15:27:05,583: Back Left Min: 0.64, Back Right Min: 0.54
[rosout][INFO] 2025-04-03 15:27:05,686: Back Left Min: 0.64, Back Right Min: 0.54
[rosout][INFO] 2025-04-03 15:27:05,783: Back Left Min: 0.64, Back Right Min: 0.54
[rosout][INFO] 2025-04-03 15:27:05,886: Back Left Min: 0.64, Back Right Min: 0.54
[rosout][INFO] 2025-04-03 15:27:05,983: Back Left Min: 0.64, Back Right Min: 0.54
[rosout][INFO] 2025-04-03 15:27:06,086: Back Left Min: 0.64, Back Right Min: 0.54
[rosout][INFO] 2025-04-03 15:27:06,183: Back Left Min: 0.64, Back Right Min: 0.54
[rosout][INFO] 2025-04-03 15:27:06,286: Back Left Min: 0.64, Back Right Min: 0.54
[rosout][INFO] 2025-04-03 15:27:06,383: Back Left Min: 0.64, Back Right Min: 0.54
[rosout][INFO] 2025-04-03 15:27:06,486: Back Left Min: 0.64, Back Right Min: 0.54
[rosout][INFO] 2025-04-03 15:27:06,583: Back Left Min: 0.64, Back Right Min: 0.54
[rosout][INFO] 2025-04-03 15:27:06,686: Back Left Min: 0.64, Back Right Min: 0.54
[rosout][INFO] 2025-04-03 15:27:06,783: Back Left Min: 0.64, Back Right Min: 0.54
[rosout][INFO] 2025-04-03 15:27:06,887: Back Left Min: 0.64, Back Right Min: 0.54
[rosout][INFO] 2025-04-03 15:27:06,983: Back Left Min: 0.64, Back Right Min: 0.54
[rosout][INFO] 2025-04-03 15:27:07,087: Back Left Min: 0.64, Back Right Min: 0.54
[rosout][INFO] 2025-04-03 15:27:07,184: Back Left Min: 0.64, Back Right Min: 0.54
[rosout][INFO] 2025-04-03 15:27:07,287: Back Left Min: 0.64, Back Right Min: 0.54
[rosout][INFO] 2025-04-03 15:27:07,384: Back Left Min: 0.64, Back Right Min: 0.54
[rosout][INFO] 2025-04-03 15:27:07,487: Back Left Min: 0.64, Back Right Min: 0.54
[rosout][INFO] 2025-04-03 15:27:07,584: Back Left Min: 0.64, Back Right Min: 0.54
[rosout][INFO] 2025-04-03 15:27:07,687: Back Left Min: 0.64, Back Right Min: 0.54
[rosout][INFO] 2025-04-03 15:27:07,784: Back Left Min: 0.64, Back Right Min: 0.54
[rosout][INFO] 2025-04-03 15:27:07,887: Back Left Min: 0.64, Back Right Min: 0.54
[rosout][INFO] 2025-04-03 15:27:07,984: Back Left Min: 0.64, Back Right Min: 0.54
[rosout][INFO] 2025-04-03 15:27:08,087: Back Left Min: 0.64, Back Right Min: 0.54
[rosout][INFO] 2025-04-03 15:27:08,184: Back Left Min: 0.64, Back Right Min: 0.54
[rosout][INFO] 2025-04-03 15:27:08,287: Back Left Min: 0.64, Back Right Min: 0.54
[rosout][INFO] 2025-04-03 15:27:08,384: Back Left Min: 0.64, Back Right Min: 0.54
[rosout][INFO] 2025-04-03 15:27:08,487: Back Left Min: 0.64, Back Right Min: 0.54
[rosout][INFO] 2025-04-03 15:27:08,584: Back Left Min: 0.64, Back Right Min: 0.54
[rosout][INFO] 2025-04-03 15:27:08,687: Back Left Min: 0.64, Back Right Min: 0.54
[rosout][INFO] 2025-04-03 15:27:08,784: Back Left Min: 0.64, Back Right Min: 0.54
[rosout][INFO] 2025-04-03 15:27:08,887: Back Left Min: 0.64, Back Right Min: 0.54
[rosout][INFO] 2025-04-03 15:27:08,984: Back Left Min: 0.64, Back Right Min: 0.54
[rosout][INFO] 2025-04-03 15:27:09,088: Back Left Min: 0.64, Back Right Min: 0.54
[rosout][INFO] 2025-04-03 15:27:09,184: Back Left Min: 0.64, Back Right Min: 0.54
[rosout][INFO] 2025-04-03 15:27:09,288: Back Left Min: 0.64, Back Right Min: 0.54
[rosout][INFO] 2025-04-03 15:27:09,384: Back Left Min: 0.64, Back Right Min: 0.54
[rosout][INFO] 2025-04-03 15:27:09,488: Back Left Min: 0.64, Back Right Min: 0.54
[rosout][INFO] 2025-04-03 15:27:09,584: Back Left Min: 0.64, Back Right Min: 0.54
[rosout][INFO] 2025-04-03 15:27:09,688: Back Left Min: 0.64, Back Right Min: 0.54
[rosout][INFO] 2025-04-03 15:27:09,785: Back Left Min: 0.64, Back Right Min: 0.54
[rosout][INFO] 2025-04-03 15:27:09,888: Back Left Min: 0.64, Back Right Min: 0.54
[rosout][INFO] 2025-04-03 15:27:09,985: Back Left Min: 0.64, Back Right Min: 0.54
[rosout][INFO] 2025-04-03 15:27:10,088: Back Left Min: 0.64, Back Right Min: 0.54
[rosout][INFO] 2025-04-03 15:27:10,185: Back Left Min: 0.64, Back Right Min: 0.54
[rosout][INFO] 2025-04-03 15:27:10,288: Back Left Min: 0.64, Back Right Min: 0.54
[rosout][INFO] 2025-04-03 15:27:10,385: Back Left Min: 0.64, Back Right Min: 0.54
[rosout][INFO] 2025-04-03 15:27:10,488: Back Left Min: 0.64, Back Right Min: 0.54
[rosout][INFO] 2025-04-03 15:27:10,585: Back Left Min: 0.64, Back Right Min: 0.54
[rosout][INFO] 2025-04-03 15:27:10,688: Back Left Min: 0.64, Back Right Min: 0.54
[rosout][INFO] 2025-04-03 15:27:10,785: Back Left Min: 0.64, Back Right Min: 0.54
[rosout][INFO] 2025-04-03 15:27:10,888: Back Left Min: 0.64, Back Right Min: 0.54
[rosout][INFO] 2025-04-03 15:27:10,985: Back Left Min: 0.64, Back Right Min: 0.54
[rosout][INFO] 2025-04-03 15:27:11,088: Back Left Min: 0.64, Back Right Min: 0.54
[rosout][INFO] 2025-04-03 15:27:11,185: Back Left Min: 0.64, Back Right Min: 0.54
[rosout][INFO] 2025-04-03 15:27:11,288: Back Left Min: 0.64, Back Right Min: 0.54
[rosout][INFO] 2025-04-03 15:27:11,385: Back Left Min: 0.64, Back Right Min: 0.54
[rosout][INFO] 2025-04-03 15:27:11,488: Back Left Min: 0.64, Back Right Min: 0.54
[rosout][INFO] 2025-04-03 15:27:11,585: Back Left Min: 0.64, Back Right Min: 0.54
[rosout][INFO] 2025-04-03 15:27:11,688: Back Left Min: 0.64, Back Right Min: 0.54
[rosout][INFO] 2025-04-03 15:27:11,785: Back Left Min: 0.64, Back Right Min: 0.54
[rosout][INFO] 2025-04-03 15:27:11,889: Back Left Min: 0.64, Back Right Min: 0.54
[rosout][INFO] 2025-04-03 15:27:11,985: Back Left Min: 0.64, Back Right Min: 0.54
[rosout][INFO] 2025-04-03 15:27:12,089: Back Left Min: 0.64, Back Right Min: 0.54
[rosout][INFO] 2025-04-03 15:27:12,185: Back Left Min: 0.64, Back Right Min: 0.54
[rosout][INFO] 2025-04-03 15:27:12,289: Back Left Min: 0.64, Back Right Min: 0.54
[rosout][INFO] 2025-04-03 15:27:12,386: Back Left Min: 0.64, Back Right Min: 0.54
[rosout][INFO] 2025-04-03 15:27:12,489: Back Left Min: 0.64, Back Right Min: 0.54
[rosout][INFO] 2025-04-03 15:27:12,586: Back Left Min: 0.64, Back Right Min: 0.54
[rosout][INFO] 2025-04-03 15:27:12,689: Back Left Min: 0.64, Back Right Min: 0.54
[rosout][INFO] 2025-04-03 15:27:12,786: Back Left Min: 0.64, Back Right Min: 0.54
[rosout][INFO] 2025-04-03 15:27:12,889: Back Left Min: 0.64, Back Right Min: 0.54
[rosout][INFO] 2025-04-03 15:27:12,986: Back Left Min: 0.64, Back Right Min: 0.54
[rosout][INFO] 2025-04-03 15:27:13,089: Back Left Min: 0.64, Back Right Min: 0.54
[rosout][INFO] 2025-04-03 15:27:13,186: Back Left Min: 0.64, Back Right Min: 0.54
[rosout][INFO] 2025-04-03 15:27:13,289: Back Left Min: 0.64, Back Right Min: 0.54
[rosout][INFO] 2025-04-03 15:27:13,386: Back Left Min: 0.64, Back Right Min: 0.54
[rosout][INFO] 2025-04-03 15:27:13,489: Back Left Min: 0.64, Back Right Min: 0.54
[rosout][INFO] 2025-04-03 15:27:13,586: Back Left Min: 0.64, Back Right Min: 0.54
[rosout][INFO] 2025-04-03 15:27:13,689: Back Left Min: 0.64, Back Right Min: 0.54
[rosout][INFO] 2025-04-03 15:27:13,786: Back Left Min: 0.64, Back Right Min: 0.54
[rosout][INFO] 2025-04-03 15:27:13,889: Back Left Min: 0.64, Back Right Min: 0.54
[rosout][INFO] 2025-04-03 15:27:13,986: Back Left Min: 0.64, Back Right Min: 0.54
[rosout][INFO] 2025-04-03 15:27:14,089: Back Left Min: 0.64, Back Right Min: 0.54
[rosout][INFO] 2025-04-03 15:27:14,186: Back Left Min: 0.64, Back Right Min: 0.54
[rosout][INFO] 2025-04-03 15:27:14,290: Back Left Min: 0.64, Back Right Min: 0.54
[rosout][INFO] 2025-04-03 15:27:14,386: Back Left Min: 0.64, Back Right Min: 0.54
[rosout][INFO] 2025-04-03 15:27:14,490: Back Left Min: 0.64, Back Right Min: 0.54
[rosout][INFO] 2025-04-03 15:27:14,587: Back Left Min: 0.64, Back Right Min: 0.54
[rosout][INFO] 2025-04-03 15:27:14,690: Back Left Min: 0.64, Back Right Min: 0.54
[rosout][INFO] 2025-04-03 15:27:14,787: Back Left Min: 0.64, Back Right Min: 0.54
[rosout][INFO] 2025-04-03 15:27:14,890: Back Left Min: 0.64, Back Right Min: 0.54
[rosout][INFO] 2025-04-03 15:27:14,987: Back Left Min: 0.64, Back Right Min: 0.54
[rosout][INFO] 2025-04-03 15:27:15,090: Back Left Min: 0.64, Back Right Min: 0.54
[rosout][INFO] 2025-04-03 15:27:15,187: Back Left Min: 0.64, Back Right Min: 0.54
[rosout][INFO] 2025-04-03 15:27:15,290: Back Left Min: 0.64, Back Right Min: 0.54
[rosout][INFO] 2025-04-03 15:27:15,387: Back Left Min: 0.64, Back Right Min: 0.54
[rosout][INFO] 2025-04-03 15:27:15,490: Back Left Min: 0.64, Back Right Min: 0.54
[rosout][INFO] 2025-04-03 15:27:15,587: Back Left Min: 0.64, Back Right Min: 0.54
[rosout][INFO] 2025-04-03 15:27:15,690: Back Left Min: 0.64, Back Right Min: 0.54
[rosout][INFO] 2025-04-03 15:27:15,787: Back Left Min: 0.64, Back Right Min: 0.54
[rosout][INFO] 2025-04-03 15:27:15,890: Back Left Min: 0.64, Back Right Min: 0.54
[rosout][INFO] 2025-04-03 15:27:15,987: Back Left Min: 0.64, Back Right Min: 0.54
[rosout][INFO] 2025-04-03 15:27:16,090: Back Left Min: 0.64, Back Right Min: 0.54
[rosout][INFO] 2025-04-03 15:27:16,187: Back Left Min: 0.64, Back Right Min: 0.54
[rosout][INFO] 2025-04-03 15:27:16,290: Back Left Min: 0.64, Back Right Min: 0.54
[rosout][INFO] 2025-04-03 15:27:16,387: Back Left Min: 0.64, Back Right Min: 0.54
[rosout][INFO] 2025-04-03 15:27:16,490: Back Left Min: 0.64, Back Right Min: 0.54
[rosout][INFO] 2025-04-03 15:27:16,587: Back Left Min: 0.64, Back Right Min: 0.54
[rosout][INFO] 2025-04-03 15:27:16,690: Back Left Min: 0.64, Back Right Min: 0.54
[rosout][INFO] 2025-04-03 15:27:16,787: Back Left Min: 0.64, Back Right Min: 0.54
[rosout][INFO] 2025-04-03 15:27:16,891: Back Left Min: 0.64, Back Right Min: 0.54
[rosout][INFO] 2025-04-03 15:27:16,988: Back Left Min: 0.64, Back Right Min: 0.54
[rosout][INFO] 2025-04-03 15:27:17,091: Back Left Min: 0.64, Back Right Min: 0.54
[rosout][INFO] 2025-04-03 15:27:17,188: Back Left Min: 0.64, Back Right Min: 0.54
[rosout][INFO] 2025-04-03 15:27:17,291: Back Left Min: 0.64, Back Right Min: 0.54
[rosout][INFO] 2025-04-03 15:27:17,388: Back Left Min: 0.64, Back Right Min: 0.54
[rosout][INFO] 2025-04-03 15:27:17,491: Back Left Min: 0.64, Back Right Min: 0.54
[rosout][INFO] 2025-04-03 15:27:17,588: Back Left Min: 0.64, Back Right Min: 0.54
[rosout][INFO] 2025-04-03 15:27:17,691: Back Left Min: 0.64, Back Right Min: 0.54
[rosout][INFO] 2025-04-03 15:27:17,788: Back Left Min: 0.64, Back Right Min: 0.54
[rosout][INFO] 2025-04-03 15:27:17,891: Back Left Min: 0.64, Back Right Min: 0.54
[rosout][INFO] 2025-04-03 15:27:17,988: Back Left Min: 0.64, Back Right Min: 0.54
[rosout][INFO] 2025-04-03 15:27:18,091: Back Left Min: 0.64, Back Right Min: 0.54
[rosout][INFO] 2025-04-03 15:27:18,188: Back Left Min: 0.64, Back Right Min: 0.54
[rosout][INFO] 2025-04-03 15:27:18,291: Back Left Min: 0.64, Back Right Min: 0.54
[rosout][INFO] 2025-04-03 15:27:18,388: Back Left Min: 0.64, Back Right Min: 0.54
[rosout][INFO] 2025-04-03 15:27:18,491: Back Left Min: 0.64, Back Right Min: 0.54
[rosout][INFO] 2025-04-03 15:27:18,588: Back Left Min: 0.64, Back Right Min: 0.54
[rosout][INFO] 2025-04-03 15:27:18,691: Back Left Min: 0.64, Back Right Min: 0.54
[rosout][INFO] 2025-04-03 15:27:18,788: Back Left Min: 0.64, Back Right Min: 0.54
[rosout][INFO] 2025-04-03 15:27:18,891: Back Left Min: 0.64, Back Right Min: 0.54
[rosout][INFO] 2025-04-03 15:27:18,988: Back Left Min: 0.64, Back Right Min: 0.54
[rosout][INFO] 2025-04-03 15:27:19,092: Back Left Min: 0.64, Back Right Min: 0.54
[rosout][INFO] 2025-04-03 15:27:19,188: Back Left Min: 0.64, Back Right Min: 0.54
[rosout][INFO] 2025-04-03 15:27:19,292: Back Left Min: 0.64, Back Right Min: 0.54
[rosout][INFO] 2025-04-03 15:27:19,388: Back Left Min: 0.64, Back Right Min: 0.54
[rosout][INFO] 2025-04-03 15:27:19,492: Back Left Min: 0.64, Back Right Min: 0.54
[rosout][INFO] 2025-04-03 15:27:19,588: Back Left Min: 0.64, Back Right Min: 0.54
[rosout][INFO] 2025-04-03 15:27:19,692: Back Left Min: 0.64, Back Right Min: 0.54
[rosout][INFO] 2025-04-03 15:27:19,788: Back Left Min: 0.64, Back Right Min: 0.54
[rosout][INFO] 2025-04-03 15:27:19,892: Back Left Min: 0.64, Back Right Min: 0.54
[rosout][INFO] 2025-04-03 15:27:19,989: Back Left Min: 0.64, Back Right Min: 0.54
[rosout][INFO] 2025-04-03 15:27:20,092: Back Left Min: 0.64, Back Right Min: 0.54
[rosout][INFO] 2025-04-03 15:27:20,189: Back Left Min: 0.64, Back Right Min: 0.54
[rosout][INFO] 2025-04-03 15:27:20,292: Back Left Min: 0.64, Back Right Min: 0.54
[rosout][INFO] 2025-04-03 15:27:20,389: Back Left Min: 0.64, Back Right Min: 0.54
[rosout][INFO] 2025-04-03 15:27:20,492: Back Left Min: 0.64, Back Right Min: 0.54
[rosout][INFO] 2025-04-03 15:27:20,589: Back Left Min: 0.64, Back Right Min: 0.54
[rosout][INFO] 2025-04-03 15:27:20,692: Back Left Min: 0.64, Back Right Min: 0.54
[rosout][INFO] 2025-04-03 15:27:20,789: Back Left Min: 0.64, Back Right Min: 0.54
[rosout][INFO] 2025-04-03 15:27:20,892: Back Left Min: 0.64, Back Right Min: 0.54
[rosout][INFO] 2025-04-03 15:27:20,989: Back Left Min: 0.64, Back Right Min: 0.54
[rosout][INFO] 2025-04-03 15:27:21,092: Back Left Min: 0.64, Back Right Min: 0.54
[rosout][INFO] 2025-04-03 15:27:21,189: Back Left Min: 0.64, Back Right Min: 0.54
[rosout][INFO] 2025-04-03 15:27:21,292: Back Left Min: 0.64, Back Right Min: 0.54
[rosout][INFO] 2025-04-03 15:27:21,389: Back Left Min: 0.64, Back Right Min: 0.54
[rosout][INFO] 2025-04-03 15:27:21,492: Back Left Min: 0.64, Back Right Min: 0.54
[rosout][INFO] 2025-04-03 15:27:21,589: Back Left Min: 0.64, Back Right Min: 0.54
[rosout][INFO] 2025-04-03 15:27:21,692: Back Left Min: 0.64, Back Right Min: 0.54
[rosout][INFO] 2025-04-03 15:27:21,789: Back Left Min: 0.64, Back Right Min: 0.54
[rosout][INFO] 2025-04-03 15:27:21,893: Back Left Min: 0.64, Back Right Min: 0.54
[rosout][INFO] 2025-04-03 15:27:21,989: Back Left Min: 0.64, Back Right Min: 0.54
[rosout][INFO] 2025-04-03 15:27:22,093: Back Left Min: 0.64, Back Right Min: 0.54
[rosout][INFO] 2025-04-03 15:27:22,189: Back Left Min: 0.64, Back Right Min: 0.54
[rosout][INFO] 2025-04-03 15:27:22,293: Back Left Min: 0.64, Back Right Min: 0.54
[rosout][INFO] 2025-04-03 15:27:22,390: Back Left Min: 0.64, Back Right Min: 0.54
[rosout][INFO] 2025-04-03 15:27:22,493: Back Left Min: 0.64, Back Right Min: 0.54
[rosout][INFO] 2025-04-03 15:27:22,590: Back Left Min: 0.64, Back Right Min: 0.54
[rosout][INFO] 2025-04-03 15:27:22,693: Back Left Min: 0.64, Back Right Min: 0.54
[rosout][INFO] 2025-04-03 15:27:22,790: Back Left Min: 0.64, Back Right Min: 0.54
[rosout][INFO] 2025-04-03 15:27:22,893: Back Left Min: 0.64, Back Right Min: 0.54
[rosout][INFO] 2025-04-03 15:27:22,990: Back Left Min: 0.64, Back Right Min: 0.54
[rosout][INFO] 2025-04-03 15:27:23,093: Back Left Min: 0.64, Back Right Min: 0.54
[rosout][INFO] 2025-04-03 15:27:23,190: Back Left Min: 0.64, Back Right Min: 0.54
[rosout][INFO] 2025-04-03 15:27:23,293: Back Left Min: 0.64, Back Right Min: 0.54
[rosout][INFO] 2025-04-03 15:27:23,390: Back Left Min: 0.64, Back Right Min: 0.54
[rosout][INFO] 2025-04-03 15:27:23,493: Back Left Min: 0.64, Back Right Min: 0.54
[rosout][INFO] 2025-04-03 15:27:23,590: Back Left Min: 0.64, Back Right Min: 0.54
[rosout][INFO] 2025-04-03 15:27:23,693: Back Left Min: 0.64, Back Right Min: 0.54
[rosout][INFO] 2025-04-03 15:27:23,790: Back Left Min: 0.64, Back Right Min: 0.54
[rosout][INFO] 2025-04-03 15:27:23,893: Back Left Min: 0.64, Back Right Min: 0.54
[rosout][INFO] 2025-04-03 15:27:23,990: Back Left Min: 0.64, Back Right Min: 0.54
[rosout][INFO] 2025-04-03 15:27:24,094: Back Left Min: 0.64, Back Right Min: 0.54
[rosout][INFO] 2025-04-03 15:27:24,190: Back Left Min: 0.64, Back Right Min: 0.54
[rosout][INFO] 2025-04-03 15:27:24,294: Back Left Min: 0.64, Back Right Min: 0.54
[rosout][INFO] 2025-04-03 15:27:24,390: Back Left Min: 0.64, Back Right Min: 0.54
[rosout][INFO] 2025-04-03 15:27:24,494: Back Left Min: 0.64, Back Right Min: 0.54
[rosout][INFO] 2025-04-03 15:27:24,591: Back Left Min: 0.64, Back Right Min: 0.54
[rosout][INFO] 2025-04-03 15:27:24,694: Back Left Min: 0.64, Back Right Min: 0.54
[rosout][INFO] 2025-04-03 15:27:24,791: Back Left Min: 0.64, Back Right Min: 0.54
[rosout][INFO] 2025-04-03 15:27:24,894: Back Left Min: 0.64, Back Right Min: 0.54
[rosout][INFO] 2025-04-03 15:27:24,991: Back Left Min: 0.64, Back Right Min: 0.54
[rosout][INFO] 2025-04-03 15:27:25,094: Back Left Min: 0.64, Back Right Min: 0.54
[rosout][INFO] 2025-04-03 15:27:25,191: Back Left Min: 0.64, Back Right Min: 0.54
[rosout][INFO] 2025-04-03 15:27:25,294: Back Left Min: 0.64, Back Right Min: 0.54
[rosout][INFO] 2025-04-03 15:27:25,391: Back Left Min: 0.64, Back Right Min: 0.54
[rosout][INFO] 2025-04-03 15:27:25,494: Back Left Min: 0.64, Back Right Min: 0.54
[rosout][INFO] 2025-04-03 15:27:25,591: Back Left Min: 0.64, Back Right Min: 0.54
[rosout][INFO] 2025-04-03 15:27:25,694: Back Left Min: 0.64, Back Right Min: 0.54
[rosout][INFO] 2025-04-03 15:27:25,791: Back Left Min: 0.64, Back Right Min: 0.54
[rosout][INFO] 2025-04-03 15:27:25,894: Back Left Min: 0.64, Back Right Min: 0.54
[rosout][INFO] 2025-04-03 15:27:25,991: Back Left Min: 0.64, Back Right Min: 0.54
[rosout][INFO] 2025-04-03 15:27:26,094: Back Left Min: 0.64, Back Right Min: 0.54
[rosout][INFO] 2025-04-03 15:27:26,191: Back Left Min: 0.64, Back Right Min: 0.54
[rosout][INFO] 2025-04-03 15:27:26,294: Back Left Min: 0.64, Back Right Min: 0.54
[rosout][INFO] 2025-04-03 15:27:26,391: Back Left Min: 0.64, Back Right Min: 0.54
[rosout][INFO] 2025-04-03 15:27:26,494: Back Left Min: 0.64, Back Right Min: 0.54
[rosout][INFO] 2025-04-03 15:27:26,591: Back Left Min: 0.64, Back Right Min: 0.54
[rosout][INFO] 2025-04-03 15:27:26,694: Back Left Min: 0.64, Back Right Min: 0.54
[rosout][INFO] 2025-04-03 15:27:26,792: Back Left Min: 0.64, Back Right Min: 0.54
[rosout][INFO] 2025-04-03 15:27:26,895: Back Left Min: 0.64, Back Right Min: 0.54
[rosout][INFO] 2025-04-03 15:27:26,992: Back Left Min: 0.64, Back Right Min: 0.54
[rosout][INFO] 2025-04-03 15:27:27,095: Back Left Min: 0.64, Back Right Min: 0.54
[rosout][INFO] 2025-04-03 15:27:27,192: Back Left Min: 0.64, Back Right Min: 0.54
[rosout][INFO] 2025-04-03 15:27:27,295: Back Left Min: 0.64, Back Right Min: 0.54
[rosout][INFO] 2025-04-03 15:27:27,392: Back Left Min: 0.64, Back Right Min: 0.54
[rosout][INFO] 2025-04-03 15:27:27,495: Back Left Min: 0.64, Back Right Min: 0.54
[rosout][INFO] 2025-04-03 15:27:27,592: Back Left Min: 0.64, Back Right Min: 0.54
[rosout][INFO] 2025-04-03 15:27:27,695: Back Left Min: 0.64, Back Right Min: 0.54
[rosout][INFO] 2025-04-03 15:27:27,792: Back Left Min: 0.64, Back Right Min: 0.54
[rosout][INFO] 2025-04-03 15:27:27,895: Back Left Min: 0.64, Back Right Min: 0.54
[rosout][INFO] 2025-04-03 15:27:27,992: Back Left Min: 0.64, Back Right Min: 0.54
[rosout][INFO] 2025-04-03 15:27:28,095: Back Left Min: 0.64, Back Right Min: 0.54
[rosout][INFO] 2025-04-03 15:27:28,192: Back Left Min: 0.64, Back Right Min: 0.54
[rosout][INFO] 2025-04-03 15:27:28,295: Back Left Min: 0.64, Back Right Min: 0.54
[rosout][INFO] 2025-04-03 15:27:28,392: Back Left Min: 0.64, Back Right Min: 0.54
[rosout][INFO] 2025-04-03 15:27:28,495: Back Left Min: 0.64, Back Right Min: 0.54
[rosout][INFO] 2025-04-03 15:27:28,592: Back Left Min: 0.64, Back Right Min: 0.54
[rosout][INFO] 2025-04-03 15:27:28,695: Back Left Min: 0.64, Back Right Min: 0.54
[rosout][INFO] 2025-04-03 15:27:28,792: Back Left Min: 0.64, Back Right Min: 0.54
[rosout][INFO] 2025-04-03 15:27:28,895: Back Left Min: 0.64, Back Right Min: 0.54
[rosout][INFO] 2025-04-03 15:27:28,992: Back Left Min: 0.64, Back Right Min: 0.54
[rosout][INFO] 2025-04-03 15:27:29,095: Back Left Min: 0.64, Back Right Min: 0.54
[rosout][INFO] 2025-04-03 15:27:29,192: Back Left Min: 0.64, Back Right Min: 0.54
[rosout][INFO] 2025-04-03 15:27:29,296: Back Left Min: 0.64, Back Right Min: 0.54
[rosout][INFO] 2025-04-03 15:27:29,392: Back Left Min: 0.64, Back Right Min: 0.54
[rosout][INFO] 2025-04-03 15:27:29,496: Back Left Min: 0.64, Back Right Min: 0.54
[rosout][INFO] 2025-04-03 15:27:29,592: Back Left Min: 0.64, Back Right Min: 0.54
[rosout][INFO] 2025-04-03 15:27:29,696: Back Left Min: 0.64, Back Right Min: 0.54
[rosout][INFO] 2025-04-03 15:27:29,793: Back Left Min: 0.64, Back Right Min: 0.54
[rosout][INFO] 2025-04-03 15:27:29,896: Back Left Min: 0.64, Back Right Min: 0.54
[rosout][INFO] 2025-04-03 15:27:29,993: Back Left Min: 0.64, Back Right Min: 0.54
[rosout][INFO] 2025-04-03 15:27:30,096: Back Left Min: 0.64, Back Right Min: 0.54
[rosout][INFO] 2025-04-03 15:27:30,193: Back Left Min: 0.64, Back Right Min: 0.54
[rosout][INFO] 2025-04-03 15:27:30,296: Back Left Min: 0.64, Back Right Min: 0.54
[rosout][INFO] 2025-04-03 15:27:30,393: Back Left Min: 0.64, Back Right Min: 0.54
[rosout][INFO] 2025-04-03 15:27:30,496: Back Left Min: 0.64, Back Right Min: 0.54
[rosout][INFO] 2025-04-03 15:27:30,593: Back Left Min: 0.64, Back Right Min: 0.54
[rosout][INFO] 2025-04-03 15:27:30,696: Back Left Min: 0.64, Back Right Min: 0.54
[rosout][INFO] 2025-04-03 15:27:30,793: Back Left Min: 0.64, Back Right Min: 0.54
[rosout][INFO] 2025-04-03 15:27:30,896: Back Left Min: 0.64, Back Right Min: 0.54
[rosout][INFO] 2025-04-03 15:27:30,993: Back Left Min: 0.64, Back Right Min: 0.54
[rosout][INFO] 2025-04-03 15:27:31,096: Back Left Min: 0.64, Back Right Min: 0.54
[rosout][INFO] 2025-04-03 15:27:31,193: Back Left Min: 0.64, Back Right Min: 0.54
[rosout][INFO] 2025-04-03 15:27:31,296: Back Left Min: 0.64, Back Right Min: 0.54
[rosout][INFO] 2025-04-03 15:27:31,393: Back Left Min: 0.64, Back Right Min: 0.54
[rosout][INFO] 2025-04-03 15:27:31,496: Back Left Min: 0.64, Back Right Min: 0.54
[rosout][INFO] 2025-04-03 15:27:31,593: Back Left Min: 0.64, Back Right Min: 0.54
[rosout][INFO] 2025-04-03 15:27:31,696: Back Left Min: 0.64, Back Right Min: 0.54
[rosout][INFO] 2025-04-03 15:27:31,794: Back Left Min: 0.64, Back Right Min: 0.54
[rosout][INFO] 2025-04-03 15:27:31,897: Back Left Min: 0.64, Back Right Min: 0.54
[rosout][INFO] 2025-04-03 15:27:31,993: Back Left Min: 0.64, Back Right Min: 0.54
[rosout][INFO] 2025-04-03 15:27:32,097: Back Left Min: 0.64, Back Right Min: 0.54
[rosout][INFO] 2025-04-03 15:27:32,194: Back Left Min: 0.64, Back Right Min: 0.54
[rosout][INFO] 2025-04-03 15:27:32,297: Back Left Min: 0.64, Back Right Min: 0.54
[rosout][INFO] 2025-04-03 15:27:32,394: Back Left Min: 0.64, Back Right Min: 0.54
[rosout][INFO] 2025-04-03 15:27:32,497: Back Left Min: 0.64, Back Right Min: 0.54
[rosout][INFO] 2025-04-03 15:27:32,594: Back Left Min: 0.64, Back Right Min: 0.54
[rosout][INFO] 2025-04-03 15:27:32,697: Back Left Min: 0.64, Back Right Min: 0.54
[rosout][INFO] 2025-04-03 15:27:32,794: Back Left Min: 0.64, Back Right Min: 0.54
[rosout][INFO] 2025-04-03 15:27:32,897: Back Left Min: 0.64, Back Right Min: 0.54
[rosout][INFO] 2025-04-03 15:27:32,994: Back Left Min: 0.64, Back Right Min: 0.54
[rosout][INFO] 2025-04-03 15:27:33,097: Back Left Min: 0.64, Back Right Min: 0.54
[rosout][INFO] 2025-04-03 15:27:33,194: Back Left Min: 0.64, Back Right Min: 0.54
[rosout][INFO] 2025-04-03 15:27:33,297: Back Left Min: 0.64, Back Right Min: 0.54
[rosout][INFO] 2025-04-03 15:27:33,394: Back Left Min: 0.64, Back Right Min: 0.54
[rosout][INFO] 2025-04-03 15:27:33,497: Back Left Min: 0.64, Back Right Min: 0.54
[rosout][INFO] 2025-04-03 15:27:33,594: Back Left Min: 0.64, Back Right Min: 0.54
[rosout][INFO] 2025-04-03 15:27:33,697: Back Left Min: 0.64, Back Right Min: 0.54
[rosout][INFO] 2025-04-03 15:27:33,794: Back Left Min: 0.64, Back Right Min: 0.54
[rosout][INFO] 2025-04-03 15:27:33,897: Back Left Min: 0.64, Back Right Min: 0.54
[rosout][INFO] 2025-04-03 15:27:33,994: Back Left Min: 0.64, Back Right Min: 0.54
[rosout][INFO] 2025-04-03 15:27:34,097: Back Left Min: 0.64, Back Right Min: 0.54
[rosout][INFO] 2025-04-03 15:27:34,194: Back Left Min: 0.64, Back Right Min: 0.54
[rosout][INFO] 2025-04-03 15:27:34,298: Back Left Min: 0.64, Back Right Min: 0.54
[rosout][INFO] 2025-04-03 15:27:34,394: Back Left Min: 0.64, Back Right Min: 0.54
[rosout][INFO] 2025-04-03 15:27:34,498: Back Left Min: 0.64, Back Right Min: 0.54
[rosout][INFO] 2025-04-03 15:27:34,594: Back Left Min: 0.64, Back Right Min: 0.54
[rosout][INFO] 2025-04-03 15:27:34,698: Back Left Min: 0.64, Back Right Min: 0.54
[rosout][INFO] 2025-04-03 15:27:34,794: Back Left Min: 0.64, Back Right Min: 0.54
[rosout][INFO] 2025-04-03 15:27:34,898: Back Left Min: 0.64, Back Right Min: 0.54
[rosout][INFO] 2025-04-03 15:27:34,995: Back Left Min: 0.64, Back Right Min: 0.54
[rosout][INFO] 2025-04-03 15:27:35,098: Back Left Min: 0.64, Back Right Min: 0.54
[rosout][INFO] 2025-04-03 15:27:35,195: Back Left Min: 0.64, Back Right Min: 0.54
[rosout][INFO] 2025-04-03 15:27:35,298: Back Left Min: 0.64, Back Right Min: 0.54
[rosout][INFO] 2025-04-03 15:27:35,395: Back Left Min: 0.64, Back Right Min: 0.54
[rosout][INFO] 2025-04-03 15:27:35,498: Back Left Min: 0.64, Back Right Min: 0.54
[rosout][INFO] 2025-04-03 15:27:35,595: Back Left Min: 0.64, Back Right Min: 0.54
[rosout][INFO] 2025-04-03 15:27:35,698: Back Left Min: 0.64, Back Right Min: 0.54
[rosout][INFO] 2025-04-03 15:27:35,795: Back Left Min: 0.64, Back Right Min: 0.54
[rosout][INFO] 2025-04-03 15:27:35,898: Back Left Min: 0.64, Back Right Min: 0.54
[rosout][INFO] 2025-04-03 15:27:35,995: Back Left Min: 0.64, Back Right Min: 0.54
[rosout][INFO] 2025-04-03 15:27:36,098: Back Left Min: 0.64, Back Right Min: 0.54
[rosout][INFO] 2025-04-03 15:27:36,195: Back Left Min: 0.64, Back Right Min: 0.54
[rosout][INFO] 2025-04-03 15:27:36,298: Back Left Min: 0.64, Back Right Min: 0.54
[rosout][INFO] 2025-04-03 15:27:36,395: Back Left Min: 0.64, Back Right Min: 0.54
[rosout][INFO] 2025-04-03 15:27:36,498: Back Left Min: 0.64, Back Right Min: 0.54
[rosout][INFO] 2025-04-03 15:27:36,595: Back Left Min: 0.64, Back Right Min: 0.54
[rosout][INFO] 2025-04-03 15:27:36,698: Back Left Min: 0.64, Back Right Min: 0.54
[rosout][INFO] 2025-04-03 15:27:36,795: Back Left Min: 0.64, Back Right Min: 0.54
[rosout][INFO] 2025-04-03 15:27:36,898: Back Left Min: 0.64, Back Right Min: 0.54
[rosout][INFO] 2025-04-03 15:27:36,995: Back Left Min: 0.64, Back Right Min: 0.54
[rosout][INFO] 2025-04-03 15:27:37,099: Back Left Min: 0.64, Back Right Min: 0.54
[rosout][INFO] 2025-04-03 15:27:37,196: Back Left Min: 0.64, Back Right Min: 0.54
[rosout][INFO] 2025-04-03 15:27:37,299: Back Left Min: 0.64, Back Right Min: 0.54
[rosout][INFO] 2025-04-03 15:27:37,396: Back Left Min: 0.64, Back Right Min: 0.54
[rosout][INFO] 2025-04-03 15:27:37,499: Back Left Min: 0.64, Back Right Min: 0.54
[rosout][INFO] 2025-04-03 15:27:37,596: Back Left Min: 0.64, Back Right Min: 0.54
[rosout][INFO] 2025-04-03 15:27:37,699: Back Left Min: 0.64, Back Right Min: 0.54
[rosout][INFO] 2025-04-03 15:27:37,796: Back Left Min: 0.64, Back Right Min: 0.54
[rosout][INFO] 2025-04-03 15:27:37,899: Back Left Min: 0.64, Back Right Min: 0.54
[rosout][INFO] 2025-04-03 15:27:37,996: Back Left Min: 0.64, Back Right Min: 0.54
[rosout][INFO] 2025-04-03 15:27:38,099: Back Left Min: 0.64, Back Right Min: 0.54
[rosout][INFO] 2025-04-03 15:27:38,196: Back Left Min: 0.64, Back Right Min: 0.54
[rosout][INFO] 2025-04-03 15:27:38,299: Back Left Min: 0.64, Back Right Min: 0.54
[rosout][INFO] 2025-04-03 15:27:38,396: Back Left Min: 0.64, Back Right Min: 0.54
[rosout][INFO] 2025-04-03 15:27:38,499: Back Left Min: 0.64, Back Right Min: 0.54
[rosout][INFO] 2025-04-03 15:27:38,596: Back Left Min: 0.64, Back Right Min: 0.54
[rosout][INFO] 2025-04-03 15:27:38,699: Back Left Min: 0.64, Back Right Min: 0.54
[rosout][INFO] 2025-04-03 15:27:38,796: Back Left Min: 0.64, Back Right Min: 0.54
[rosout][INFO] 2025-04-03 15:27:38,899: Back Left Min: 0.64, Back Right Min: 0.54
[rosout][INFO] 2025-04-03 15:27:38,996: Back Left Min: 0.64, Back Right Min: 0.54
[rosout][INFO] 2025-04-03 15:27:39,099: Back Left Min: 0.64, Back Right Min: 0.54
[rosout][INFO] 2025-04-03 15:27:39,196: Back Left Min: 0.64, Back Right Min: 0.54
[rosout][INFO] 2025-04-03 15:27:39,299: Back Left Min: 0.64, Back Right Min: 0.54
[rosout][INFO] 2025-04-03 15:27:39,396: Back Left Min: 0.64, Back Right Min: 0.54
[rosout][INFO] 2025-04-03 15:27:39,500: Back Left Min: 0.64, Back Right Min: 0.54
[rosout][INFO] 2025-04-03 15:27:39,596: Back Left Min: 0.64, Back Right Min: 0.54
[rosout][INFO] 2025-04-03 15:27:39,700: Back Left Min: 0.64, Back Right Min: 0.54
[rosout][INFO] 2025-04-03 15:27:39,796: Back Left Min: 0.64, Back Right Min: 0.54
[rosout][INFO] 2025-04-03 15:27:39,900: Back Left Min: 0.64, Back Right Min: 0.54
[rosout][INFO] 2025-04-03 15:27:39,997: Back Left Min: 0.64, Back Right Min: 0.54
[rosout][INFO] 2025-04-03 15:27:40,100: Back Left Min: 0.64, Back Right Min: 0.54
[rosout][INFO] 2025-04-03 15:27:40,197: Back Left Min: 0.64, Back Right Min: 0.54
[rosout][INFO] 2025-04-03 15:27:40,300: Back Left Min: 0.64, Back Right Min: 0.54
[rosout][INFO] 2025-04-03 15:27:40,397: Back Left Min: 0.64, Back Right Min: 0.54
[rosout][INFO] 2025-04-03 15:27:40,500: Back Left Min: 0.64, Back Right Min: 0.54
[rosout][INFO] 2025-04-03 15:27:40,597: Back Left Min: 0.64, Back Right Min: 0.54
[rosout][INFO] 2025-04-03 15:27:40,700: Back Left Min: 0.64, Back Right Min: 0.54
[rosout][INFO] 2025-04-03 15:27:40,797: Back Left Min: 0.64, Back Right Min: 0.54
[rosout][INFO] 2025-04-03 15:27:40,900: Back Left Min: 0.64, Back Right Min: 0.54
[rosout][INFO] 2025-04-03 15:27:40,997: Back Left Min: 0.64, Back Right Min: 0.54
[rosout][INFO] 2025-04-03 15:27:41,100: Back Left Min: 0.64, Back Right Min: 0.54
[rosout][INFO] 2025-04-03 15:27:41,197: Back Left Min: 0.64, Back Right Min: 0.54
[rosout][INFO] 2025-04-03 15:27:41,300: Back Left Min: 0.64, Back Right Min: 0.54
[rosout][INFO] 2025-04-03 15:27:41,397: Back Left Min: 0.64, Back Right Min: 0.54
[rosout][INFO] 2025-04-03 15:27:41,500: Back Left Min: 0.64, Back Right Min: 0.54
[rosout][INFO] 2025-04-03 15:27:41,597: Back Left Min: 0.64, Back Right Min: 0.54
[rosout][INFO] 2025-04-03 15:27:41,700: Back Left Min: 0.64, Back Right Min: 0.54
[rosout][INFO] 2025-04-03 15:27:41,797: Back Left Min: 0.64, Back Right Min: 0.54
[rosout][INFO] 2025-04-03 15:27:41,900: Back Left Min: 0.64, Back Right Min: 0.54
[rosout][INFO] 2025-04-03 15:27:41,997: Back Left Min: 0.64, Back Right Min: 0.54
[rosout][INFO] 2025-04-03 15:27:42,101: Back Left Min: 0.64, Back Right Min: 0.54
[rosout][INFO] 2025-04-03 15:27:42,197: Back Left Min: 0.64, Back Right Min: 0.54
[rosout][INFO] 2025-04-03 15:27:42,301: Back Left Min: 0.64, Back Right Min: 0.54
[rosout][INFO] 2025-04-03 15:27:42,398: Back Left Min: 0.64, Back Right Min: 0.54
[rosout][INFO] 2025-04-03 15:27:42,501: Back Left Min: 0.64, Back Right Min: 0.54
[rosout][INFO] 2025-04-03 15:27:42,598: Back Left Min: 0.64, Back Right Min: 0.54
[rosout][INFO] 2025-04-03 15:27:42,701: Back Left Min: 0.64, Back Right Min: 0.54
[rosout][INFO] 2025-04-03 15:27:42,798: Back Left Min: 0.64, Back Right Min: 0.54
[rosout][INFO] 2025-04-03 15:27:42,901: Back Left Min: 0.64, Back Right Min: 0.54
[rosout][INFO] 2025-04-03 15:27:42,998: Back Left Min: 0.64, Back Right Min: 0.54
[rosout][INFO] 2025-04-03 15:27:43,101: Back Left Min: 0.64, Back Right Min: 0.54
[rosout][INFO] 2025-04-03 15:27:43,198: Back Left Min: 0.64, Back Right Min: 0.54
[rosout][INFO] 2025-04-03 15:27:43,301: Back Left Min: 0.64, Back Right Min: 0.54
[rosout][INFO] 2025-04-03 15:27:43,398: Back Left Min: 0.64, Back Right Min: 0.54
[rosout][INFO] 2025-04-03 15:27:43,501: Back Left Min: 0.64, Back Right Min: 0.54
[rosout][INFO] 2025-04-03 15:27:43,598: Back Left Min: 0.64, Back Right Min: 0.54
[rosout][INFO] 2025-04-03 15:27:43,701: Back Left Min: 0.64, Back Right Min: 0.54
[rosout][INFO] 2025-04-03 15:27:43,798: Back Left Min: 0.64, Back Right Min: 0.54
[rosout][INFO] 2025-04-03 15:27:43,901: Back Left Min: 0.64, Back Right Min: 0.54
[rosout][INFO] 2025-04-03 15:27:43,998: Back Left Min: 0.64, Back Right Min: 0.54
[rosout][INFO] 2025-04-03 15:27:44,101: Back Left Min: 0.64, Back Right Min: 0.54
[rosout][INFO] 2025-04-03 15:27:44,198: Back Left Min: 0.64, Back Right Min: 0.54
[rosout][INFO] 2025-04-03 15:27:44,301: Back Left Min: 0.64, Back Right Min: 0.54
[rosout][INFO] 2025-04-03 15:27:44,398: Back Left Min: 0.64, Back Right Min: 0.54
[rosout][INFO] 2025-04-03 15:27:44,502: Back Left Min: 0.64, Back Right Min: 0.54
[rosout][INFO] 2025-04-03 15:27:44,598: Back Left Min: 0.64, Back Right Min: 0.54
[rosout][INFO] 2025-04-03 15:27:44,702: Back Left Min: 0.64, Back Right Min: 0.54
[rosout][INFO] 2025-04-03 15:27:44,798: Back Left Min: 0.64, Back Right Min: 0.54
[rosout][INFO] 2025-04-03 15:27:44,902: Back Left Min: 0.64, Back Right Min: 0.54
[rosout][INFO] 2025-04-03 15:27:44,999: Back Left Min: 0.64, Back Right Min: 0.54
[rosout][INFO] 2025-04-03 15:27:45,103: Back Left Min: 0.64, Back Right Min: 0.54
[rosout][INFO] 2025-04-03 15:27:45,199: Back Left Min: 0.64, Back Right Min: 0.54
[rosout][INFO] 2025-04-03 15:27:45,302: Back Left Min: 0.64, Back Right Min: 0.54
[rosout][INFO] 2025-04-03 15:27:45,399: Back Left Min: 0.64, Back Right Min: 0.54
[rosout][INFO] 2025-04-03 15:27:45,502: Back Left Min: 0.64, Back Right Min: 0.54
[rosout][INFO] 2025-04-03 15:27:45,599: Back Left Min: 0.64, Back Right Min: 0.54
[rosout][INFO] 2025-04-03 15:27:45,702: Back Left Min: 0.64, Back Right Min: 0.54
[rosout][INFO] 2025-04-03 15:27:45,799: Back Left Min: 0.64, Back Right Min: 0.54
[rosout][INFO] 2025-04-03 15:27:45,902: Back Left Min: 0.64, Back Right Min: 0.54
[rosout][INFO] 2025-04-03 15:27:45,999: Back Left Min: 0.64, Back Right Min: 0.54
[rosout][INFO] 2025-04-03 15:27:46,103: Back Left Min: 0.64, Back Right Min: 0.54
[rosout][INFO] 2025-04-03 15:27:46,199: Back Left Min: 0.64, Back Right Min: 0.54
[rosout][INFO] 2025-04-03 15:27:46,303: Back Left Min: 0.64, Back Right Min: 0.54
[rosout][INFO] 2025-04-03 15:27:46,399: Back Left Min: 0.64, Back Right Min: 0.54
[rosout][INFO] 2025-04-03 15:27:46,503: Back Left Min: 0.64, Back Right Min: 0.54
[rosout][INFO] 2025-04-03 15:27:46,599: Back Left Min: 0.64, Back Right Min: 0.54
[rosout][INFO] 2025-04-03 15:27:46,703: Back Left Min: 0.64, Back Right Min: 0.54
[rosout][INFO] 2025-04-03 15:27:46,799: Back Left Min: 0.64, Back Right Min: 0.54
[rosout][INFO] 2025-04-03 15:27:46,903: Back Left Min: 0.64, Back Right Min: 0.54
[rosout][INFO] 2025-04-03 15:27:46,999: Back Left Min: 0.64, Back Right Min: 0.54
[rosout][INFO] 2025-04-03 15:27:47,103: Back Left Min: 0.64, Back Right Min: 0.54
[rosout][INFO] 2025-04-03 15:27:47,199: Back Left Min: 0.64, Back Right Min: 0.54
[rosout][INFO] 2025-04-03 15:27:47,303: Back Left Min: 0.64, Back Right Min: 0.54
[rosout][INFO] 2025-04-03 15:27:47,399: Back Left Min: 0.64, Back Right Min: 0.54
[rosout][INFO] 2025-04-03 15:27:47,503: Back Left Min: 0.64, Back Right Min: 0.54
[rosout][INFO] 2025-04-03 15:27:47,600: Back Left Min: 0.64, Back Right Min: 0.54
[rosout][INFO] 2025-04-03 15:27:47,703: Back Left Min: 0.64, Back Right Min: 0.54
[rosout][INFO] 2025-04-03 15:27:47,800: Back Left Min: 0.64, Back Right Min: 0.54
[rosout][INFO] 2025-04-03 15:27:47,903: Back Left Min: 0.64, Back Right Min: 0.54
[rosout][INFO] 2025-04-03 15:27:48,000: Back Left Min: 0.64, Back Right Min: 0.54
[rosout][INFO] 2025-04-03 15:27:48,103: Back Left Min: 0.64, Back Right Min: 0.54
[rosout][INFO] 2025-04-03 15:27:48,200: Back Left Min: 0.64, Back Right Min: 0.54
[rosout][INFO] 2025-04-03 15:27:48,303: Back Left Min: 0.64, Back Right Min: 0.54
[rosout][INFO] 2025-04-03 15:27:48,400: Back Left Min: 0.64, Back Right Min: 0.54
[rosout][INFO] 2025-04-03 15:27:48,504: Back Left Min: 0.64, Back Right Min: 0.54
[rosout][INFO] 2025-04-03 15:27:48,600: Back Left Min: 0.64, Back Right Min: 0.54
[rosout][INFO] 2025-04-03 15:27:48,703: Back Left Min: 0.64, Back Right Min: 0.54
[rosout][INFO] 2025-04-03 15:27:48,800: Back Left Min: 0.64, Back Right Min: 0.54
[rosout][INFO] 2025-04-03 15:27:48,903: Back Left Min: 0.64, Back Right Min: 0.54
[rosout][INFO] 2025-04-03 15:27:49,000: Back Left Min: 0.64, Back Right Min: 0.54
[rosout][INFO] 2025-04-03 15:27:49,103: Back Left Min: 0.64, Back Right Min: 0.54
[rosout][INFO] 2025-04-03 15:27:49,200: Back Left Min: 0.64, Back Right Min: 0.54
[rosout][INFO] 2025-04-03 15:27:49,303: Back Left Min: 0.64, Back Right Min: 0.54
[rosout][INFO] 2025-04-03 15:27:49,400: Back Left Min: 0.64, Back Right Min: 0.54
[rosout][INFO] 2025-04-03 15:27:49,503: Back Left Min: 0.64, Back Right Min: 0.54
[rosout][INFO] 2025-04-03 15:27:49,600: Back Left Min: 0.64, Back Right Min: 0.54
[rosout][INFO] 2025-04-03 15:27:49,704: Back Left Min: 0.64, Back Right Min: 0.54
[rosout][INFO] 2025-04-03 15:27:49,800: Back Left Min: 0.64, Back Right Min: 0.54
[rosout][INFO] 2025-04-03 15:27:49,904: Back Left Min: 0.64, Back Right Min: 0.54
[rosout][INFO] 2025-04-03 15:27:50,001: Back Left Min: 0.64, Back Right Min: 0.54
[rosout][INFO] 2025-04-03 15:27:50,104: Back Left Min: 0.64, Back Right Min: 0.54
[rosout][INFO] 2025-04-03 15:27:50,201: Back Left Min: 0.64, Back Right Min: 0.54
[rosout][INFO] 2025-04-03 15:27:50,304: Back Left Min: 0.64, Back Right Min: 0.54
[rosout][INFO] 2025-04-03 15:27:50,401: Back Left Min: 0.64, Back Right Min: 0.54
[rosout][INFO] 2025-04-03 15:27:50,504: Back Left Min: 0.64, Back Right Min: 0.54
[rosout][INFO] 2025-04-03 15:27:50,601: Back Left Min: 0.64, Back Right Min: 0.54
[rosout][INFO] 2025-04-03 15:27:50,704: Back Left Min: 0.64, Back Right Min: 0.54
[rosout][INFO] 2025-04-03 15:27:50,801: Back Left Min: 0.64, Back Right Min: 0.54
[rosout][INFO] 2025-04-03 15:27:50,904: Back Left Min: 0.64, Back Right Min: 0.54
[rosout][INFO] 2025-04-03 15:27:51,001: Back Left Min: 0.64, Back Right Min: 0.54
[rosout][INFO] 2025-04-03 15:27:51,104: Back Left Min: 0.64, Back Right Min: 0.54
[rosout][INFO] 2025-04-03 15:27:51,201: Back Left Min: 0.64, Back Right Min: 0.54
[rosout][INFO] 2025-04-03 15:27:51,305: Back Left Min: 0.64, Back Right Min: 0.54
[rosout][INFO] 2025-04-03 15:27:51,401: Back Left Min: 0.64, Back Right Min: 0.54
[rosout][INFO] 2025-04-03 15:27:51,504: Back Left Min: 0.64, Back Right Min: 0.54
[rosout][INFO] 2025-04-03 15:27:51,601: Back Left Min: 0.64, Back Right Min: 0.54
[rosout][INFO] 2025-04-03 15:27:51,705: Back Left Min: 0.64, Back Right Min: 0.54
[rosout][INFO] 2025-04-03 15:27:51,801: Back Left Min: 0.64, Back Right Min: 0.54
[rosout][INFO] 2025-04-03 15:27:51,905: Back Left Min: 0.64, Back Right Min: 0.54
[rosout][INFO] 2025-04-03 15:27:52,002: Back Left Min: 0.64, Back Right Min: 0.54
[rosout][INFO] 2025-04-03 15:27:52,105: Back Left Min: 0.64, Back Right Min: 0.54
[rosout][INFO] 2025-04-03 15:27:52,202: Back Left Min: 0.64, Back Right Min: 0.54
[rosout][INFO] 2025-04-03 15:27:52,305: Back Left Min: 0.64, Back Right Min: 0.54
[rosout][INFO] 2025-04-03 15:27:52,402: Back Left Min: 0.64, Back Right Min: 0.54
[rosout][INFO] 2025-04-03 15:27:52,505: Back Left Min: 0.64, Back Right Min: 0.54
[rosout][INFO] 2025-04-03 15:27:52,602: Back Left Min: 0.64, Back Right Min: 0.54
