[rospy.client][INFO] 2025-03-27 14:31:21,681: init_node, name[/sonar_processor_5310_1743060681669], pid[5310]
[xmlrpc][INFO] 2025-03-27 14:31:21,681: XML-RPC server binding to 127.0.0.1:0
[xmlrpc][INFO] 2025-03-27 14:31:21,681: Started XML-RPC server [http://localhost:42131/]
[rospy.impl.masterslave][INFO] 2025-03-27 14:31:21,681: _ready: http://localhost:42131/
[rospy.init][INFO] 2025-03-27 14:31:21,681: ROS Slave URI: [http://localhost:42131/]
[rospy.registration][INFO] 2025-03-27 14:31:21,682: Registering with master node http://localhost:11311
[xmlrpc][INFO] 2025-03-27 14:31:21,682: xml rpc node: starting XML-RPC server
[rospy.init][INFO] 2025-03-27 14:31:21,782: registered with master
[rospy.rosout][INFO] 2025-03-27 14:31:21,782: initializing /rosout core topic
[rospy.rosout][INFO] 2025-03-27 14:31:21,788: connected to core topic /rosout
[rospy.simtime][INFO] 2025-03-27 14:31:21,791: /use_sim_time is not set, will not subscribe to simulated time [/clock] topic
[rosout][INFO] 2025-03-27 14:31:21,804: Sonar processor initialized
[rospy.internal][INFO] 2025-03-27 14:31:21,849: topic[/RosAria/sonar] adding connection to [http://localhost:37299/], count 0
[rosout][ERROR] 2025-03-27 14:31:21,925: bad callback: <bound method SonarProcessor.sonar_callback of <__main__.SonarProcessor instance at 0x7f930e4461b8>>
Traceback (most recent call last):
  File "/opt/ros/kinetic/lib/python2.7/dist-packages/rospy/topics.py", line 750, in _invoke_callback
    cb(msg)
  File "sonar_get_min_dist.py", line 28, in sonar_callback
    self.back_left_min, self.back_right_min = self.process_sonar_data(data)
  File "sonar_get_min_dist.py", line 58, in process_sonar_data
    self.pub_dists(sonar_min_dist)
  File "sonar_get_min_dist.py", line 74, in pub_dists
    pub.publish(min_distances)
  File "/opt/ros/kinetic/lib/python2.7/dist-packages/rospy/topics.py", line 879, in publish
    data = args_kwds_to_message(self.data_class, args, kwds)
  File "/opt/ros/kinetic/lib/python2.7/dist-packages/rospy/msg.py", line 122, in args_kwds_to_message
    return data_class(*args)
  File "/opt/ros/kinetic/lib/python2.7/dist-packages/std_msgs/msg/_Float32MultiArray.py", line 74, in __init__
    super(Float32MultiArray, self).__init__(*args, **kwds)
  File "/opt/ros/kinetic/lib/python2.7/dist-packages/genpy/message.py", line 344, in __init__
    raise TypeError('Invalid number of arguments, args should be %s' % str(self.__slots__) + ' args are' + str(args))
TypeError: Invalid number of arguments, args should be ['layout', 'data'] args are([1.1676664285684515, 1.1967438977967044],)

[rospy.internal][INFO] 2025-03-27 14:31:21,992: topic[/rosout] adding connection to [/rosout], count 0
[rosout][ERROR] 2025-03-27 14:31:22,026: bad callback: <bound method SonarProcessor.sonar_callback of <__main__.SonarProcessor instance at 0x7f930e4461b8>>
Traceback (most recent call last):
  File "/opt/ros/kinetic/lib/python2.7/dist-packages/rospy/topics.py", line 750, in _invoke_callback
    cb(msg)
  File "sonar_get_min_dist.py", line 28, in sonar_callback
    self.back_left_min, self.back_right_min = self.process_sonar_data(data)
  File "sonar_get_min_dist.py", line 58, in process_sonar_data
    self.pub_dists(sonar_min_dist)
  File "sonar_get_min_dist.py", line 74, in pub_dists
    pub.publish(min_distances)
  File "/opt/ros/kinetic/lib/python2.7/dist-packages/rospy/topics.py", line 879, in publish
    data = args_kwds_to_message(self.data_class, args, kwds)
  File "/opt/ros/kinetic/lib/python2.7/dist-packages/rospy/msg.py", line 122, in args_kwds_to_message
    return data_class(*args)
  File "/opt/ros/kinetic/lib/python2.7/dist-packages/std_msgs/msg/_Float32MultiArray.py", line 74, in __init__
    super(Float32MultiArray, self).__init__(*args, **kwds)
  File "/opt/ros/kinetic/lib/python2.7/dist-packages/genpy/message.py", line 344, in __init__
    raise TypeError('Invalid number of arguments, args should be %s' % str(self.__slots__) + ' args are' + str(args))
TypeError: Invalid number of arguments, args should be ['layout', 'data'] args are([1.1676664285684515, 1.3309966646115],)

[rosout][ERROR] 2025-03-27 14:31:22,123: bad callback: <bound method SonarProcessor.sonar_callback of <__main__.SonarProcessor instance at 0x7f930e4461b8>>
Traceback (most recent call last):
  File "/opt/ros/kinetic/lib/python2.7/dist-packages/rospy/topics.py", line 750, in _invoke_callback
    cb(msg)
  File "sonar_get_min_dist.py", line 28, in sonar_callback
    self.back_left_min, self.back_right_min = self.process_sonar_data(data)
  File "sonar_get_min_dist.py", line 58, in process_sonar_data
    self.pub_dists(sonar_min_dist)
  File "sonar_get_min_dist.py", line 74, in pub_dists
    pub.publish(min_distances)
  File "/opt/ros/kinetic/lib/python2.7/dist-packages/rospy/topics.py", line 879, in publish
    data = args_kwds_to_message(self.data_class, args, kwds)
  File "/opt/ros/kinetic/lib/python2.7/dist-packages/rospy/msg.py", line 122, in args_kwds_to_message
    return data_class(*args)
  File "/opt/ros/kinetic/lib/python2.7/dist-packages/std_msgs/msg/_Float32MultiArray.py", line 74, in __init__
    super(Float32MultiArray, self).__init__(*args, **kwds)
  File "/opt/ros/kinetic/lib/python2.7/dist-packages/genpy/message.py", line 344, in __init__
    raise TypeError('Invalid number of arguments, args should be %s' % str(self.__slots__) + ' args are' + str(args))
TypeError: Invalid number of arguments, args should be ['layout', 'data'] args are([1.1676664285684515, 1.3309966646115],)

[rosout][ERROR] 2025-03-27 14:31:22,227: bad callback: <bound method SonarProcessor.sonar_callback of <__main__.SonarProcessor instance at 0x7f930e4461b8>>
Traceback (most recent call last):
  File "/opt/ros/kinetic/lib/python2.7/dist-packages/rospy/topics.py", line 750, in _invoke_callback
    cb(msg)
  File "sonar_get_min_dist.py", line 28, in sonar_callback
    self.back_left_min, self.back_right_min = self.process_sonar_data(data)
  File "sonar_get_min_dist.py", line 58, in process_sonar_data
    self.pub_dists(sonar_min_dist)
  File "sonar_get_min_dist.py", line 74, in pub_dists
    pub.publish(min_distances)
  File "/opt/ros/kinetic/lib/python2.7/dist-packages/rospy/topics.py", line 879, in publish
    data = args_kwds_to_message(self.data_class, args, kwds)
  File "/opt/ros/kinetic/lib/python2.7/dist-packages/rospy/msg.py", line 122, in args_kwds_to_message
    return data_class(*args)
  File "/opt/ros/kinetic/lib/python2.7/dist-packages/std_msgs/msg/_Float32MultiArray.py", line 74, in __init__
    super(Float32MultiArray, self).__init__(*args, **kwds)
  File "/opt/ros/kinetic/lib/python2.7/dist-packages/genpy/message.py", line 344, in __init__
    raise TypeError('Invalid number of arguments, args should be %s' % str(self.__slots__) + ' args are' + str(args))
TypeError: Invalid number of arguments, args should be ['layout', 'data'] args are([0.7261103908076019, 1.309254806939171],)

[rosout][ERROR] 2025-03-27 14:31:22,323: bad callback: <bound method SonarProcessor.sonar_callback of <__main__.SonarProcessor instance at 0x7f930e4461b8>>
Traceback (most recent call last):
  File "/opt/ros/kinetic/lib/python2.7/dist-packages/rospy/topics.py", line 750, in _invoke_callback
    cb(msg)
  File "sonar_get_min_dist.py", line 28, in sonar_callback
    self.back_left_min, self.back_right_min = self.process_sonar_data(data)
  File "sonar_get_min_dist.py", line 58, in process_sonar_data
    self.pub_dists(sonar_min_dist)
  File "sonar_get_min_dist.py", line 74, in pub_dists
    pub.publish(min_distances)
  File "/opt/ros/kinetic/lib/python2.7/dist-packages/rospy/topics.py", line 879, in publish
    data = args_kwds_to_message(self.data_class, args, kwds)
  File "/opt/ros/kinetic/lib/python2.7/dist-packages/rospy/msg.py", line 122, in args_kwds_to_message
    return data_class(*args)
  File "/opt/ros/kinetic/lib/python2.7/dist-packages/std_msgs/msg/_Float32MultiArray.py", line 74, in __init__
    super(Float32MultiArray, self).__init__(*args, **kwds)
  File "/opt/ros/kinetic/lib/python2.7/dist-packages/genpy/message.py", line 344, in __init__
    raise TypeError('Invalid number of arguments, args should be %s' % str(self.__slots__) + ' args are' + str(args))
TypeError: Invalid number of arguments, args should be ['layout', 'data'] args are([0.7261103908076019, 1.309254806939171],)

[rosout][ERROR] 2025-03-27 14:31:22,427: bad callback: <bound method SonarProcessor.sonar_callback of <__main__.SonarProcessor instance at 0x7f930e4461b8>>
Traceback (most recent call last):
  File "/opt/ros/kinetic/lib/python2.7/dist-packages/rospy/topics.py", line 750, in _invoke_callback
    cb(msg)
  File "sonar_get_min_dist.py", line 28, in sonar_callback
    self.back_left_min, self.back_right_min = self.process_sonar_data(data)
  File "sonar_get_min_dist.py", line 58, in process_sonar_data
    self.pub_dists(sonar_min_dist)
  File "sonar_get_min_dist.py", line 74, in pub_dists
    pub.publish(min_distances)
  File "/opt/ros/kinetic/lib/python2.7/dist-packages/rospy/topics.py", line 879, in publish
    data = args_kwds_to_message(self.data_class, args, kwds)
  File "/opt/ros/kinetic/lib/python2.7/dist-packages/rospy/msg.py", line 122, in args_kwds_to_message
    return data_class(*args)
  File "/opt/ros/kinetic/lib/python2.7/dist-packages/std_msgs/msg/_Float32MultiArray.py", line 74, in __init__
    super(Float32MultiArray, self).__init__(*args, **kwds)
  File "/opt/ros/kinetic/lib/python2.7/dist-packages/genpy/message.py", line 344, in __init__
    raise TypeError('Invalid number of arguments, args should be %s' % str(self.__slots__) + ' args are' + str(args))
TypeError: Invalid number of arguments, args should be ['layout', 'data'] args are([0.7261103908076019, 1.309254806939171],)

[rosout][ERROR] 2025-03-27 14:31:22,524: bad callback: <bound method SonarProcessor.sonar_callback of <__main__.SonarProcessor instance at 0x7f930e4461b8>>
Traceback (most recent call last):
  File "/opt/ros/kinetic/lib/python2.7/dist-packages/rospy/topics.py", line 750, in _invoke_callback
    cb(msg)
  File "sonar_get_min_dist.py", line 28, in sonar_callback
    self.back_left_min, self.back_right_min = self.process_sonar_data(data)
  File "sonar_get_min_dist.py", line 58, in process_sonar_data
    self.pub_dists(sonar_min_dist)
  File "sonar_get_min_dist.py", line 74, in pub_dists
    pub.publish(min_distances)
  File "/opt/ros/kinetic/lib/python2.7/dist-packages/rospy/topics.py", line 879, in publish
    data = args_kwds_to_message(self.data_class, args, kwds)
  File "/opt/ros/kinetic/lib/python2.7/dist-packages/rospy/msg.py", line 122, in args_kwds_to_message
    return data_class(*args)
  File "/opt/ros/kinetic/lib/python2.7/dist-packages/std_msgs/msg/_Float32MultiArray.py", line 74, in __init__
    super(Float32MultiArray, self).__init__(*args, **kwds)
  File "/opt/ros/kinetic/lib/python2.7/dist-packages/genpy/message.py", line 344, in __init__
    raise TypeError('Invalid number of arguments, args should be %s' % str(self.__slots__) + ' args are' + str(args))
TypeError: Invalid number of arguments, args should be ['layout', 'data'] args are([1.1676664285684515, 1.2983871894821404],)

[rosout][ERROR] 2025-03-27 14:31:22,627: bad callback: <bound method SonarProcessor.sonar_callback of <__main__.SonarProcessor instance at 0x7f930e4461b8>>
Traceback (most recent call last):
  File "/opt/ros/kinetic/lib/python2.7/dist-packages/rospy/topics.py", line 750, in _invoke_callback
    cb(msg)
  File "sonar_get_min_dist.py", line 28, in sonar_callback
    self.back_left_min, self.back_right_min = self.process_sonar_data(data)
  File "sonar_get_min_dist.py", line 58, in process_sonar_data
    self.pub_dists(sonar_min_dist)
  File "sonar_get_min_dist.py", line 74, in pub_dists
    pub.publish(min_distances)
  File "/opt/ros/kinetic/lib/python2.7/dist-packages/rospy/topics.py", line 879, in publish
    data = args_kwds_to_message(self.data_class, args, kwds)
  File "/opt/ros/kinetic/lib/python2.7/dist-packages/rospy/msg.py", line 122, in args_kwds_to_message
    return data_class(*args)
  File "/opt/ros/kinetic/lib/python2.7/dist-packages/std_msgs/msg/_Float32MultiArray.py", line 74, in __init__
    super(Float32MultiArray, self).__init__(*args, **kwds)
  File "/opt/ros/kinetic/lib/python2.7/dist-packages/genpy/message.py", line 344, in __init__
    raise TypeError('Invalid number of arguments, args should be %s' % str(self.__slots__) + ' args are' + str(args))
TypeError: Invalid number of arguments, args should be ['layout', 'data'] args are([1.1676664285684515, 1.2983871894821404],)

[rosout][ERROR] 2025-03-27 14:31:22,724: bad callback: <bound method SonarProcessor.sonar_callback of <__main__.SonarProcessor instance at 0x7f930e4461b8>>
Traceback (most recent call last):
  File "/opt/ros/kinetic/lib/python2.7/dist-packages/rospy/topics.py", line 750, in _invoke_callback
    cb(msg)
  File "sonar_get_min_dist.py", line 28, in sonar_callback
    self.back_left_min, self.back_right_min = self.process_sonar_data(data)
  File "sonar_get_min_dist.py", line 58, in process_sonar_data
    self.pub_dists(sonar_min_dist)
  File "sonar_get_min_dist.py", line 74, in pub_dists
    pub.publish(min_distances)
  File "/opt/ros/kinetic/lib/python2.7/dist-packages/rospy/topics.py", line 879, in publish
    data = args_kwds_to_message(self.data_class, args, kwds)
  File "/opt/ros/kinetic/lib/python2.7/dist-packages/rospy/msg.py", line 122, in args_kwds_to_message
    return data_class(*args)
  File "/opt/ros/kinetic/lib/python2.7/dist-packages/std_msgs/msg/_Float32MultiArray.py", line 74, in __init__
    super(Float32MultiArray, self).__init__(*args, **kwds)
  File "/opt/ros/kinetic/lib/python2.7/dist-packages/genpy/message.py", line 344, in __init__
    raise TypeError('Invalid number of arguments, args should be %s' % str(self.__slots__) + ' args are' + str(args))
TypeError: Invalid number of arguments, args should be ['layout', 'data'] args are([1.1676664285684515, 1.2983871894821404],)

[rosout][ERROR] 2025-03-27 14:31:22,827: bad callback: <bound method SonarProcessor.sonar_callback of <__main__.SonarProcessor instance at 0x7f930e4461b8>>
Traceback (most recent call last):
  File "/opt/ros/kinetic/lib/python2.7/dist-packages/rospy/topics.py", line 750, in _invoke_callback
    cb(msg)
  File "sonar_get_min_dist.py", line 28, in sonar_callback
    self.back_left_min, self.back_right_min = self.process_sonar_data(data)
  File "sonar_get_min_dist.py", line 58, in process_sonar_data
    self.pub_dists(sonar_min_dist)
  File "sonar_get_min_dist.py", line 74, in pub_dists
    pub.publish(min_distances)
  File "/opt/ros/kinetic/lib/python2.7/dist-packages/rospy/topics.py", line 879, in publish
    data = args_kwds_to_message(self.data_class, args, kwds)
  File "/opt/ros/kinetic/lib/python2.7/dist-packages/rospy/msg.py", line 122, in args_kwds_to_message
    return data_class(*args)
  File "/opt/ros/kinetic/lib/python2.7/dist-packages/std_msgs/msg/_Float32MultiArray.py", line 74, in __init__
    super(Float32MultiArray, self).__init__(*args, **kwds)
  File "/opt/ros/kinetic/lib/python2.7/dist-packages/genpy/message.py", line 344, in __init__
    raise TypeError('Invalid number of arguments, args should be %s' % str(self.__slots__) + ' args are' + str(args))
TypeError: Invalid number of arguments, args should be ['layout', 'data'] args are([1.1676664285684515, 1.3023388230983992],)

[rosout][ERROR] 2025-03-27 14:31:22,924: bad callback: <bound method SonarProcessor.sonar_callback of <__main__.SonarProcessor instance at 0x7f930e4461b8>>
Traceback (most recent call last):
  File "/opt/ros/kinetic/lib/python2.7/dist-packages/rospy/topics.py", line 750, in _invoke_callback
    cb(msg)
  File "sonar_get_min_dist.py", line 28, in sonar_callback
    self.back_left_min, self.back_right_min = self.process_sonar_data(data)
  File "sonar_get_min_dist.py", line 58, in process_sonar_data
    self.pub_dists(sonar_min_dist)
  File "sonar_get_min_dist.py", line 74, in pub_dists
    pub.publish(min_distances)
  File "/opt/ros/kinetic/lib/python2.7/dist-packages/rospy/topics.py", line 879, in publish
    data = args_kwds_to_message(self.data_class, args, kwds)
  File "/opt/ros/kinetic/lib/python2.7/dist-packages/rospy/msg.py", line 122, in args_kwds_to_message
    return data_class(*args)
  File "/opt/ros/kinetic/lib/python2.7/dist-packages/std_msgs/msg/_Float32MultiArray.py", line 74, in __init__
    super(Float32MultiArray, self).__init__(*args, **kwds)
  File "/opt/ros/kinetic/lib/python2.7/dist-packages/genpy/message.py", line 344, in __init__
    raise TypeError('Invalid number of arguments, args should be %s' % str(self.__slots__) + ' args are' + str(args))
TypeError: Invalid number of arguments, args should be ['layout', 'data'] args are([1.1676664285684515, 1.3023388230983992],)

[rosout][ERROR] 2025-03-27 14:31:23,027: bad callback: <bound method SonarProcessor.sonar_callback of <__main__.SonarProcessor instance at 0x7f930e4461b8>>
Traceback (most recent call last):
  File "/opt/ros/kinetic/lib/python2.7/dist-packages/rospy/topics.py", line 750, in _invoke_callback
    cb(msg)
  File "sonar_get_min_dist.py", line 28, in sonar_callback
    self.back_left_min, self.back_right_min = self.process_sonar_data(data)
  File "sonar_get_min_dist.py", line 58, in process_sonar_data
    self.pub_dists(sonar_min_dist)
  File "sonar_get_min_dist.py", line 74, in pub_dists
    pub.publish(min_distances)
  File "/opt/ros/kinetic/lib/python2.7/dist-packages/rospy/topics.py", line 879, in publish
    data = args_kwds_to_message(self.data_class, args, kwds)
  File "/opt/ros/kinetic/lib/python2.7/dist-packages/rospy/msg.py", line 122, in args_kwds_to_message
    return data_class(*args)
  File "/opt/ros/kinetic/lib/python2.7/dist-packages/std_msgs/msg/_Float32MultiArray.py", line 74, in __init__
    super(Float32MultiArray, self).__init__(*args, **kwds)
  File "/opt/ros/kinetic/lib/python2.7/dist-packages/genpy/message.py", line 344, in __init__
    raise TypeError('Invalid number of arguments, args should be %s' % str(self.__slots__) + ' args are' + str(args))
TypeError: Invalid number of arguments, args should be ['layout', 'data'] args are([1.1676664285684515, 1.3023388230983992],)

[rosout][ERROR] 2025-03-27 14:31:23,124: bad callback: <bound method SonarProcessor.sonar_callback of <__main__.SonarProcessor instance at 0x7f930e4461b8>>
Traceback (most recent call last):
  File "/opt/ros/kinetic/lib/python2.7/dist-packages/rospy/topics.py", line 750, in _invoke_callback
    cb(msg)
  File "sonar_get_min_dist.py", line 28, in sonar_callback
    self.back_left_min, self.back_right_min = self.process_sonar_data(data)
  File "sonar_get_min_dist.py", line 58, in process_sonar_data
    self.pub_dists(sonar_min_dist)
  File "sonar_get_min_dist.py", line 74, in pub_dists
    pub.publish(min_distances)
  File "/opt/ros/kinetic/lib/python2.7/dist-packages/rospy/topics.py", line 879, in publish
    data = args_kwds_to_message(self.data_class, args, kwds)
  File "/opt/ros/kinetic/lib/python2.7/dist-packages/rospy/msg.py", line 122, in args_kwds_to_message
    return data_class(*args)
  File "/opt/ros/kinetic/lib/python2.7/dist-packages/std_msgs/msg/_Float32MultiArray.py", line 74, in __init__
    super(Float32MultiArray, self).__init__(*args, **kwds)
  File "/opt/ros/kinetic/lib/python2.7/dist-packages/genpy/message.py", line 344, in __init__
    raise TypeError('Invalid number of arguments, args should be %s' % str(self.__slots__) + ' args are' + str(args))
TypeError: Invalid number of arguments, args should be ['layout', 'data'] args are([1.1676664285684515, 1.3023388230983992],)

[rosout][ERROR] 2025-03-27 14:31:23,227: bad callback: <bound method SonarProcessor.sonar_callback of <__main__.SonarProcessor instance at 0x7f930e4461b8>>
Traceback (most recent call last):
  File "/opt/ros/kinetic/lib/python2.7/dist-packages/rospy/topics.py", line 750, in _invoke_callback
    cb(msg)
  File "sonar_get_min_dist.py", line 28, in sonar_callback
    self.back_left_min, self.back_right_min = self.process_sonar_data(data)
  File "sonar_get_min_dist.py", line 58, in process_sonar_data
    self.pub_dists(sonar_min_dist)
  File "sonar_get_min_dist.py", line 74, in pub_dists
    pub.publish(min_distances)
  File "/opt/ros/kinetic/lib/python2.7/dist-packages/rospy/topics.py", line 879, in publish
    data = args_kwds_to_message(self.data_class, args, kwds)
  File "/opt/ros/kinetic/lib/python2.7/dist-packages/rospy/msg.py", line 122, in args_kwds_to_message
    return data_class(*args)
  File "/opt/ros/kinetic/lib/python2.7/dist-packages/std_msgs/msg/_Float32MultiArray.py", line 74, in __init__
    super(Float32MultiArray, self).__init__(*args, **kwds)
  File "/opt/ros/kinetic/lib/python2.7/dist-packages/genpy/message.py", line 344, in __init__
    raise TypeError('Invalid number of arguments, args should be %s' % str(self.__slots__) + ' args are' + str(args))
TypeError: Invalid number of arguments, args should be ['layout', 'data'] args are([1.1676664285684515, 1.3023388230983992],)

[rosout][ERROR] 2025-03-27 14:31:23,324: bad callback: <bound method SonarProcessor.sonar_callback of <__main__.SonarProcessor instance at 0x7f930e4461b8>>
Traceback (most recent call last):
  File "/opt/ros/kinetic/lib/python2.7/dist-packages/rospy/topics.py", line 750, in _invoke_callback
    cb(msg)
  File "sonar_get_min_dist.py", line 28, in sonar_callback
    self.back_left_min, self.back_right_min = self.process_sonar_data(data)
  File "sonar_get_min_dist.py", line 58, in process_sonar_data
    self.pub_dists(sonar_min_dist)
  File "sonar_get_min_dist.py", line 74, in pub_dists
    pub.publish(min_distances)
  File "/opt/ros/kinetic/lib/python2.7/dist-packages/rospy/topics.py", line 879, in publish
    data = args_kwds_to_message(self.data_class, args, kwds)
  File "/opt/ros/kinetic/lib/python2.7/dist-packages/rospy/msg.py", line 122, in args_kwds_to_message
    return data_class(*args)
  File "/opt/ros/kinetic/lib/python2.7/dist-packages/std_msgs/msg/_Float32MultiArray.py", line 74, in __init__
    super(Float32MultiArray, self).__init__(*args, **kwds)
  File "/opt/ros/kinetic/lib/python2.7/dist-packages/genpy/message.py", line 344, in __init__
    raise TypeError('Invalid number of arguments, args should be %s' % str(self.__slots__) + ' args are' + str(args))
TypeError: Invalid number of arguments, args should be ['layout', 'data'] args are([1.1676664285684515, 1.3023388230983992],)

[rosout][ERROR] 2025-03-27 14:31:23,427: bad callback: <bound method SonarProcessor.sonar_callback of <__main__.SonarProcessor instance at 0x7f930e4461b8>>
Traceback (most recent call last):
  File "/opt/ros/kinetic/lib/python2.7/dist-packages/rospy/topics.py", line 750, in _invoke_callback
    cb(msg)
  File "sonar_get_min_dist.py", line 28, in sonar_callback
    self.back_left_min, self.back_right_min = self.process_sonar_data(data)
  File "sonar_get_min_dist.py", line 58, in process_sonar_data
    self.pub_dists(sonar_min_dist)
  File "sonar_get_min_dist.py", line 74, in pub_dists
    pub.publish(min_distances)
  File "/opt/ros/kinetic/lib/python2.7/dist-packages/rospy/topics.py", line 879, in publish
    data = args_kwds_to_message(self.data_class, args, kwds)
  File "/opt/ros/kinetic/lib/python2.7/dist-packages/rospy/msg.py", line 122, in args_kwds_to_message
    return data_class(*args)
  File "/opt/ros/kinetic/lib/python2.7/dist-packages/std_msgs/msg/_Float32MultiArray.py", line 74, in __init__
    super(Float32MultiArray, self).__init__(*args, **kwds)
  File "/opt/ros/kinetic/lib/python2.7/dist-packages/genpy/message.py", line 344, in __init__
    raise TypeError('Invalid number of arguments, args should be %s' % str(self.__slots__) + ' args are' + str(args))
TypeError: Invalid number of arguments, args should be ['layout', 'data'] args are([1.1676664285684515, 1.3487916403427274],)

[rosout][ERROR] 2025-03-27 14:31:23,524: bad callback: <bound method SonarProcessor.sonar_callback of <__main__.SonarProcessor instance at 0x7f930e4461b8>>
Traceback (most recent call last):
  File "/opt/ros/kinetic/lib/python2.7/dist-packages/rospy/topics.py", line 750, in _invoke_callback
    cb(msg)
  File "sonar_get_min_dist.py", line 28, in sonar_callback
    self.back_left_min, self.back_right_min = self.process_sonar_data(data)
  File "sonar_get_min_dist.py", line 58, in process_sonar_data
    self.pub_dists(sonar_min_dist)
  File "sonar_get_min_dist.py", line 74, in pub_dists
    pub.publish(min_distances)
  File "/opt/ros/kinetic/lib/python2.7/dist-packages/rospy/topics.py", line 879, in publish
    data = args_kwds_to_message(self.data_class, args, kwds)
  File "/opt/ros/kinetic/lib/python2.7/dist-packages/rospy/msg.py", line 122, in args_kwds_to_message
    return data_class(*args)
  File "/opt/ros/kinetic/lib/python2.7/dist-packages/std_msgs/msg/_Float32MultiArray.py", line 74, in __init__
    super(Float32MultiArray, self).__init__(*args, **kwds)
  File "/opt/ros/kinetic/lib/python2.7/dist-packages/genpy/message.py", line 344, in __init__
    raise TypeError('Invalid number of arguments, args should be %s' % str(self.__slots__) + ' args are' + str(args))
TypeError: Invalid number of arguments, args should be ['layout', 'data'] args are([1.1676664285684515, 1.3487916403427274],)

[rosout][ERROR] 2025-03-27 14:31:23,627: bad callback: <bound method SonarProcessor.sonar_callback of <__main__.SonarProcessor instance at 0x7f930e4461b8>>
Traceback (most recent call last):
  File "/opt/ros/kinetic/lib/python2.7/dist-packages/rospy/topics.py", line 750, in _invoke_callback
    cb(msg)
  File "sonar_get_min_dist.py", line 28, in sonar_callback
    self.back_left_min, self.back_right_min = self.process_sonar_data(data)
  File "sonar_get_min_dist.py", line 58, in process_sonar_data
    self.pub_dists(sonar_min_dist)
  File "sonar_get_min_dist.py", line 74, in pub_dists
    pub.publish(min_distances)
  File "/opt/ros/kinetic/lib/python2.7/dist-packages/rospy/topics.py", line 879, in publish
    data = args_kwds_to_message(self.data_class, args, kwds)
  File "/opt/ros/kinetic/lib/python2.7/dist-packages/rospy/msg.py", line 122, in args_kwds_to_message
    return data_class(*args)
  File "/opt/ros/kinetic/lib/python2.7/dist-packages/std_msgs/msg/_Float32MultiArray.py", line 74, in __init__
    super(Float32MultiArray, self).__init__(*args, **kwds)
  File "/opt/ros/kinetic/lib/python2.7/dist-packages/genpy/message.py", line 344, in __init__
    raise TypeError('Invalid number of arguments, args should be %s' % str(self.__slots__) + ' args are' + str(args))
TypeError: Invalid number of arguments, args should be ['layout', 'data'] args are([1.1676664285684515, 1.2875218199799119],)

[rosout][ERROR] 2025-03-27 14:31:23,724: bad callback: <bound method SonarProcessor.sonar_callback of <__main__.SonarProcessor instance at 0x7f930e4461b8>>
Traceback (most recent call last):
  File "/opt/ros/kinetic/lib/python2.7/dist-packages/rospy/topics.py", line 750, in _invoke_callback
    cb(msg)
  File "sonar_get_min_dist.py", line 28, in sonar_callback
    self.back_left_min, self.back_right_min = self.process_sonar_data(data)
  File "sonar_get_min_dist.py", line 58, in process_sonar_data
    self.pub_dists(sonar_min_dist)
  File "sonar_get_min_dist.py", line 74, in pub_dists
    pub.publish(min_distances)
  File "/opt/ros/kinetic/lib/python2.7/dist-packages/rospy/topics.py", line 879, in publish
    data = args_kwds_to_message(self.data_class, args, kwds)
  File "/opt/ros/kinetic/lib/python2.7/dist-packages/rospy/msg.py", line 122, in args_kwds_to_message
    return data_class(*args)
  File "/opt/ros/kinetic/lib/python2.7/dist-packages/std_msgs/msg/_Float32MultiArray.py", line 74, in __init__
    super(Float32MultiArray, self).__init__(*args, **kwds)
  File "/opt/ros/kinetic/lib/python2.7/dist-packages/genpy/message.py", line 344, in __init__
    raise TypeError('Invalid number of arguments, args should be %s' % str(self.__slots__) + ' args are' + str(args))
TypeError: Invalid number of arguments, args should be ['layout', 'data'] args are([1.1676664285684515, 1.2875218199799119],)

[rosout][ERROR] 2025-03-27 14:31:23,827: bad callback: <bound method SonarProcessor.sonar_callback of <__main__.SonarProcessor instance at 0x7f930e4461b8>>
Traceback (most recent call last):
  File "/opt/ros/kinetic/lib/python2.7/dist-packages/rospy/topics.py", line 750, in _invoke_callback
    cb(msg)
  File "sonar_get_min_dist.py", line 28, in sonar_callback
    self.back_left_min, self.back_right_min = self.process_sonar_data(data)
  File "sonar_get_min_dist.py", line 58, in process_sonar_data
    self.pub_dists(sonar_min_dist)
  File "sonar_get_min_dist.py", line 74, in pub_dists
    pub.publish(min_distances)
  File "/opt/ros/kinetic/lib/python2.7/dist-packages/rospy/topics.py", line 879, in publish
    data = args_kwds_to_message(self.data_class, args, kwds)
  File "/opt/ros/kinetic/lib/python2.7/dist-packages/rospy/msg.py", line 122, in args_kwds_to_message
    return data_class(*args)
  File "/opt/ros/kinetic/lib/python2.7/dist-packages/std_msgs/msg/_Float32MultiArray.py", line 74, in __init__
    super(Float32MultiArray, self).__init__(*args, **kwds)
  File "/opt/ros/kinetic/lib/python2.7/dist-packages/genpy/message.py", line 344, in __init__
    raise TypeError('Invalid number of arguments, args should be %s' % str(self.__slots__) + ' args are' + str(args))
TypeError: Invalid number of arguments, args should be ['layout', 'data'] args are([1.1676664285684515, 1.2875218199799119],)

[rosout][ERROR] 2025-03-27 14:31:23,924: bad callback: <bound method SonarProcessor.sonar_callback of <__main__.SonarProcessor instance at 0x7f930e4461b8>>
Traceback (most recent call last):
  File "/opt/ros/kinetic/lib/python2.7/dist-packages/rospy/topics.py", line 750, in _invoke_callback
    cb(msg)
  File "sonar_get_min_dist.py", line 28, in sonar_callback
    self.back_left_min, self.back_right_min = self.process_sonar_data(data)
  File "sonar_get_min_dist.py", line 58, in process_sonar_data
    self.pub_dists(sonar_min_dist)
  File "sonar_get_min_dist.py", line 74, in pub_dists
    pub.publish(min_distances)
  File "/opt/ros/kinetic/lib/python2.7/dist-packages/rospy/topics.py", line 879, in publish
    data = args_kwds_to_message(self.data_class, args, kwds)
  File "/opt/ros/kinetic/lib/python2.7/dist-packages/rospy/msg.py", line 122, in args_kwds_to_message
    return data_class(*args)
  File "/opt/ros/kinetic/lib/python2.7/dist-packages/std_msgs/msg/_Float32MultiArray.py", line 74, in __init__
    super(Float32MultiArray, self).__init__(*args, **kwds)
  File "/opt/ros/kinetic/lib/python2.7/dist-packages/genpy/message.py", line 344, in __init__
    raise TypeError('Invalid number of arguments, args should be %s' % str(self.__slots__) + ' args are' + str(args))
TypeError: Invalid number of arguments, args should be ['layout', 'data'] args are([1.1676664285684515, 1.2766587558280738],)

[rosout][ERROR] 2025-03-27 14:31:24,027: bad callback: <bound method SonarProcessor.sonar_callback of <__main__.SonarProcessor instance at 0x7f930e4461b8>>
Traceback (most recent call last):
  File "/opt/ros/kinetic/lib/python2.7/dist-packages/rospy/topics.py", line 750, in _invoke_callback
    cb(msg)
  File "sonar_get_min_dist.py", line 28, in sonar_callback
    self.back_left_min, self.back_right_min = self.process_sonar_data(data)
  File "sonar_get_min_dist.py", line 58, in process_sonar_data
    self.pub_dists(sonar_min_dist)
  File "sonar_get_min_dist.py", line 74, in pub_dists
    pub.publish(min_distances)
  File "/opt/ros/kinetic/lib/python2.7/dist-packages/rospy/topics.py", line 879, in publish
    data = args_kwds_to_message(self.data_class, args, kwds)
  File "/opt/ros/kinetic/lib/python2.7/dist-packages/rospy/msg.py", line 122, in args_kwds_to_message
    return data_class(*args)
  File "/opt/ros/kinetic/lib/python2.7/dist-packages/std_msgs/msg/_Float32MultiArray.py", line 74, in __init__
    super(Float32MultiArray, self).__init__(*args, **kwds)
  File "/opt/ros/kinetic/lib/python2.7/dist-packages/genpy/message.py", line 344, in __init__
    raise TypeError('Invalid number of arguments, args should be %s' % str(self.__slots__) + ' args are' + str(args))
TypeError: Invalid number of arguments, args should be ['layout', 'data'] args are([1.1676664285684515, 1.2766587558280738],)

[rosout][ERROR] 2025-03-27 14:31:24,124: bad callback: <bound method SonarProcessor.sonar_callback of <__main__.SonarProcessor instance at 0x7f930e4461b8>>
Traceback (most recent call last):
  File "/opt/ros/kinetic/lib/python2.7/dist-packages/rospy/topics.py", line 750, in _invoke_callback
    cb(msg)
  File "sonar_get_min_dist.py", line 28, in sonar_callback
    self.back_left_min, self.back_right_min = self.process_sonar_data(data)
  File "sonar_get_min_dist.py", line 58, in process_sonar_data
    self.pub_dists(sonar_min_dist)
  File "sonar_get_min_dist.py", line 74, in pub_dists
    pub.publish(min_distances)
  File "/opt/ros/kinetic/lib/python2.7/dist-packages/rospy/topics.py", line 879, in publish
    data = args_kwds_to_message(self.data_class, args, kwds)
  File "/opt/ros/kinetic/lib/python2.7/dist-packages/rospy/msg.py", line 122, in args_kwds_to_message
    return data_class(*args)
  File "/opt/ros/kinetic/lib/python2.7/dist-packages/std_msgs/msg/_Float32MultiArray.py", line 74, in __init__
    super(Float32MultiArray, self).__init__(*args, **kwds)
  File "/opt/ros/kinetic/lib/python2.7/dist-packages/genpy/message.py", line 344, in __init__
    raise TypeError('Invalid number of arguments, args should be %s' % str(self.__slots__) + ' args are' + str(args))
TypeError: Invalid number of arguments, args should be ['layout', 'data'] args are([1.1676664285684515, 1.2766587558280738],)

[rosout][ERROR] 2025-03-27 14:31:24,227: bad callback: <bound method SonarProcessor.sonar_callback of <__main__.SonarProcessor instance at 0x7f930e4461b8>>
Traceback (most recent call last):
  File "/opt/ros/kinetic/lib/python2.7/dist-packages/rospy/topics.py", line 750, in _invoke_callback
    cb(msg)
  File "sonar_get_min_dist.py", line 28, in sonar_callback
    self.back_left_min, self.back_right_min = self.process_sonar_data(data)
  File "sonar_get_min_dist.py", line 58, in process_sonar_data
    self.pub_dists(sonar_min_dist)
  File "sonar_get_min_dist.py", line 74, in pub_dists
    pub.publish(min_distances)
  File "/opt/ros/kinetic/lib/python2.7/dist-packages/rospy/topics.py", line 879, in publish
    data = args_kwds_to_message(self.data_class, args, kwds)
  File "/opt/ros/kinetic/lib/python2.7/dist-packages/rospy/msg.py", line 122, in args_kwds_to_message
    return data_class(*args)
  File "/opt/ros/kinetic/lib/python2.7/dist-packages/std_msgs/msg/_Float32MultiArray.py", line 74, in __init__
    super(Float32MultiArray, self).__init__(*args, **kwds)
  File "/opt/ros/kinetic/lib/python2.7/dist-packages/genpy/message.py", line 344, in __init__
    raise TypeError('Invalid number of arguments, args should be %s' % str(self.__slots__) + ' args are' + str(args))
TypeError: Invalid number of arguments, args should be ['layout', 'data'] args are([1.1676664285684515, 1.2667852184360537],)

[rosout][ERROR] 2025-03-27 14:31:24,324: bad callback: <bound method SonarProcessor.sonar_callback of <__main__.SonarProcessor instance at 0x7f930e4461b8>>
Traceback (most recent call last):
  File "/opt/ros/kinetic/lib/python2.7/dist-packages/rospy/topics.py", line 750, in _invoke_callback
    cb(msg)
  File "sonar_get_min_dist.py", line 28, in sonar_callback
    self.back_left_min, self.back_right_min = self.process_sonar_data(data)
  File "sonar_get_min_dist.py", line 58, in process_sonar_data
    self.pub_dists(sonar_min_dist)
  File "sonar_get_min_dist.py", line 74, in pub_dists
    pub.publish(min_distances)
  File "/opt/ros/kinetic/lib/python2.7/dist-packages/rospy/topics.py", line 879, in publish
    data = args_kwds_to_message(self.data_class, args, kwds)
  File "/opt/ros/kinetic/lib/python2.7/dist-packages/rospy/msg.py", line 122, in args_kwds_to_message
    return data_class(*args)
  File "/opt/ros/kinetic/lib/python2.7/dist-packages/std_msgs/msg/_Float32MultiArray.py", line 74, in __init__
    super(Float32MultiArray, self).__init__(*args, **kwds)
  File "/opt/ros/kinetic/lib/python2.7/dist-packages/genpy/message.py", line 344, in __init__
    raise TypeError('Invalid number of arguments, args should be %s' % str(self.__slots__) + ' args are' + str(args))
TypeError: Invalid number of arguments, args should be ['layout', 'data'] args are([1.1676664285684515, 1.2667852184360537],)

[rosout][ERROR] 2025-03-27 14:31:24,427: bad callback: <bound method SonarProcessor.sonar_callback of <__main__.SonarProcessor instance at 0x7f930e4461b8>>
Traceback (most recent call last):
  File "/opt/ros/kinetic/lib/python2.7/dist-packages/rospy/topics.py", line 750, in _invoke_callback
    cb(msg)
  File "sonar_get_min_dist.py", line 28, in sonar_callback
    self.back_left_min, self.back_right_min = self.process_sonar_data(data)
  File "sonar_get_min_dist.py", line 58, in process_sonar_data
    self.pub_dists(sonar_min_dist)
  File "sonar_get_min_dist.py", line 74, in pub_dists
    pub.publish(min_distances)
  File "/opt/ros/kinetic/lib/python2.7/dist-packages/rospy/topics.py", line 879, in publish
    data = args_kwds_to_message(self.data_class, args, kwds)
  File "/opt/ros/kinetic/lib/python2.7/dist-packages/rospy/msg.py", line 122, in args_kwds_to_message
    return data_class(*args)
  File "/opt/ros/kinetic/lib/python2.7/dist-packages/std_msgs/msg/_Float32MultiArray.py", line 74, in __init__
    super(Float32MultiArray, self).__init__(*args, **kwds)
  File "/opt/ros/kinetic/lib/python2.7/dist-packages/genpy/message.py", line 344, in __init__
    raise TypeError('Invalid number of arguments, args should be %s' % str(self.__slots__) + ' args are' + str(args))
TypeError: Invalid number of arguments, args should be ['layout', 'data'] args are([1.1666996408767687, 1.2667852184360537],)

[rosout][ERROR] 2025-03-27 14:31:24,524: bad callback: <bound method SonarProcessor.sonar_callback of <__main__.SonarProcessor instance at 0x7f930e4461b8>>
Traceback (most recent call last):
  File "/opt/ros/kinetic/lib/python2.7/dist-packages/rospy/topics.py", line 750, in _invoke_callback
    cb(msg)
  File "sonar_get_min_dist.py", line 28, in sonar_callback
    self.back_left_min, self.back_right_min = self.process_sonar_data(data)
  File "sonar_get_min_dist.py", line 58, in process_sonar_data
    self.pub_dists(sonar_min_dist)
  File "sonar_get_min_dist.py", line 74, in pub_dists
    pub.publish(min_distances)
  File "/opt/ros/kinetic/lib/python2.7/dist-packages/rospy/topics.py", line 879, in publish
    data = args_kwds_to_message(self.data_class, args, kwds)
  File "/opt/ros/kinetic/lib/python2.7/dist-packages/rospy/msg.py", line 122, in args_kwds_to_message
    return data_class(*args)
  File "/opt/ros/kinetic/lib/python2.7/dist-packages/std_msgs/msg/_Float32MultiArray.py", line 74, in __init__
    super(Float32MultiArray, self).__init__(*args, **kwds)
  File "/opt/ros/kinetic/lib/python2.7/dist-packages/genpy/message.py", line 344, in __init__
    raise TypeError('Invalid number of arguments, args should be %s' % str(self.__slots__) + ' args are' + str(args))
TypeError: Invalid number of arguments, args should be ['layout', 'data'] args are([1.1666996408767687, 1.242110313843904],)

[rosout][ERROR] 2025-03-27 14:31:24,627: bad callback: <bound method SonarProcessor.sonar_callback of <__main__.SonarProcessor instance at 0x7f930e4461b8>>
Traceback (most recent call last):
  File "/opt/ros/kinetic/lib/python2.7/dist-packages/rospy/topics.py", line 750, in _invoke_callback
    cb(msg)
  File "sonar_get_min_dist.py", line 28, in sonar_callback
    self.back_left_min, self.back_right_min = self.process_sonar_data(data)
  File "sonar_get_min_dist.py", line 58, in process_sonar_data
    self.pub_dists(sonar_min_dist)
  File "sonar_get_min_dist.py", line 74, in pub_dists
    pub.publish(min_distances)
  File "/opt/ros/kinetic/lib/python2.7/dist-packages/rospy/topics.py", line 879, in publish
    data = args_kwds_to_message(self.data_class, args, kwds)
  File "/opt/ros/kinetic/lib/python2.7/dist-packages/rospy/msg.py", line 122, in args_kwds_to_message
    return data_class(*args)
  File "/opt/ros/kinetic/lib/python2.7/dist-packages/std_msgs/msg/_Float32MultiArray.py", line 74, in __init__
    super(Float32MultiArray, self).__init__(*args, **kwds)
  File "/opt/ros/kinetic/lib/python2.7/dist-packages/genpy/message.py", line 344, in __init__
    raise TypeError('Invalid number of arguments, args should be %s' % str(self.__slots__) + ' args are' + str(args))
TypeError: Invalid number of arguments, args should be ['layout', 'data'] args are([1.1666996408767687, 1.242110313843904],)

[rosout][ERROR] 2025-03-27 14:31:24,724: bad callback: <bound method SonarProcessor.sonar_callback of <__main__.SonarProcessor instance at 0x7f930e4461b8>>
Traceback (most recent call last):
  File "/opt/ros/kinetic/lib/python2.7/dist-packages/rospy/topics.py", line 750, in _invoke_callback
    cb(msg)
  File "sonar_get_min_dist.py", line 28, in sonar_callback
    self.back_left_min, self.back_right_min = self.process_sonar_data(data)
  File "sonar_get_min_dist.py", line 58, in process_sonar_data
    self.pub_dists(sonar_min_dist)
  File "sonar_get_min_dist.py", line 74, in pub_dists
    pub.publish(min_distances)
  File "/opt/ros/kinetic/lib/python2.7/dist-packages/rospy/topics.py", line 879, in publish
    data = args_kwds_to_message(self.data_class, args, kwds)
  File "/opt/ros/kinetic/lib/python2.7/dist-packages/rospy/msg.py", line 122, in args_kwds_to_message
    return data_class(*args)
  File "/opt/ros/kinetic/lib/python2.7/dist-packages/std_msgs/msg/_Float32MultiArray.py", line 74, in __init__
    super(Float32MultiArray, self).__init__(*args, **kwds)
  File "/opt/ros/kinetic/lib/python2.7/dist-packages/genpy/message.py", line 344, in __init__
    raise TypeError('Invalid number of arguments, args should be %s' % str(self.__slots__) + ' args are' + str(args))
TypeError: Invalid number of arguments, args should be ['layout', 'data'] args are([1.1676664285684515, 1.242110313843904],)

[rosout][ERROR] 2025-03-27 14:31:24,828: bad callback: <bound method SonarProcessor.sonar_callback of <__main__.SonarProcessor instance at 0x7f930e4461b8>>
Traceback (most recent call last):
  File "/opt/ros/kinetic/lib/python2.7/dist-packages/rospy/topics.py", line 750, in _invoke_callback
    cb(msg)
  File "sonar_get_min_dist.py", line 28, in sonar_callback
    self.back_left_min, self.back_right_min = self.process_sonar_data(data)
  File "sonar_get_min_dist.py", line 58, in process_sonar_data
    self.pub_dists(sonar_min_dist)
  File "sonar_get_min_dist.py", line 74, in pub_dists
    pub.publish(min_distances)
  File "/opt/ros/kinetic/lib/python2.7/dist-packages/rospy/topics.py", line 879, in publish
    data = args_kwds_to_message(self.data_class, args, kwds)
  File "/opt/ros/kinetic/lib/python2.7/dist-packages/rospy/msg.py", line 122, in args_kwds_to_message
    return data_class(*args)
  File "/opt/ros/kinetic/lib/python2.7/dist-packages/std_msgs/msg/_Float32MultiArray.py", line 74, in __init__
    super(Float32MultiArray, self).__init__(*args, **kwds)
  File "/opt/ros/kinetic/lib/python2.7/dist-packages/genpy/message.py", line 344, in __init__
    raise TypeError('Invalid number of arguments, args should be %s' % str(self.__slots__) + ' args are' + str(args))
TypeError: Invalid number of arguments, args should be ['layout', 'data'] args are([1.1676664285684515, 1.3510858295736],)

[rosout][ERROR] 2025-03-27 14:31:24,924: bad callback: <bound method SonarProcessor.sonar_callback of <__main__.SonarProcessor instance at 0x7f930e4461b8>>
Traceback (most recent call last):
  File "/opt/ros/kinetic/lib/python2.7/dist-packages/rospy/topics.py", line 750, in _invoke_callback
    cb(msg)
  File "sonar_get_min_dist.py", line 28, in sonar_callback
    self.back_left_min, self.back_right_min = self.process_sonar_data(data)
  File "sonar_get_min_dist.py", line 58, in process_sonar_data
    self.pub_dists(sonar_min_dist)
  File "sonar_get_min_dist.py", line 74, in pub_dists
    pub.publish(min_distances)
  File "/opt/ros/kinetic/lib/python2.7/dist-packages/rospy/topics.py", line 879, in publish
    data = args_kwds_to_message(self.data_class, args, kwds)
  File "/opt/ros/kinetic/lib/python2.7/dist-packages/rospy/msg.py", line 122, in args_kwds_to_message
    return data_class(*args)
  File "/opt/ros/kinetic/lib/python2.7/dist-packages/std_msgs/msg/_Float32MultiArray.py", line 74, in __init__
    super(Float32MultiArray, self).__init__(*args, **kwds)
  File "/opt/ros/kinetic/lib/python2.7/dist-packages/genpy/message.py", line 344, in __init__
    raise TypeError('Invalid number of arguments, args should be %s' % str(self.__slots__) + ' args are' + str(args))
TypeError: Invalid number of arguments, args should be ['layout', 'data'] args are([1.1676664285684515, 1.3510858295736],)

[rosout][ERROR] 2025-03-27 14:31:25,027: bad callback: <bound method SonarProcessor.sonar_callback of <__main__.SonarProcessor instance at 0x7f930e4461b8>>
Traceback (most recent call last):
  File "/opt/ros/kinetic/lib/python2.7/dist-packages/rospy/topics.py", line 750, in _invoke_callback
    cb(msg)
  File "sonar_get_min_dist.py", line 28, in sonar_callback
    self.back_left_min, self.back_right_min = self.process_sonar_data(data)
  File "sonar_get_min_dist.py", line 58, in process_sonar_data
    self.pub_dists(sonar_min_dist)
  File "sonar_get_min_dist.py", line 74, in pub_dists
    pub.publish(min_distances)
  File "/opt/ros/kinetic/lib/python2.7/dist-packages/rospy/topics.py", line 879, in publish
    data = args_kwds_to_message(self.data_class, args, kwds)
  File "/opt/ros/kinetic/lib/python2.7/dist-packages/rospy/msg.py", line 122, in args_kwds_to_message
    return data_class(*args)
  File "/opt/ros/kinetic/lib/python2.7/dist-packages/std_msgs/msg/_Float32MultiArray.py", line 74, in __init__
    super(Float32MultiArray, self).__init__(*args, **kwds)
  File "/opt/ros/kinetic/lib/python2.7/dist-packages/genpy/message.py", line 344, in __init__
    raise TypeError('Invalid number of arguments, args should be %s' % str(self.__slots__) + ' args are' + str(args))
TypeError: Invalid number of arguments, args should be ['layout', 'data'] args are([1.1676664285684515, 1.2756712971443969],)

[rosout][ERROR] 2025-03-27 14:31:25,125: bad callback: <bound method SonarProcessor.sonar_callback of <__main__.SonarProcessor instance at 0x7f930e4461b8>>
Traceback (most recent call last):
  File "/opt/ros/kinetic/lib/python2.7/dist-packages/rospy/topics.py", line 750, in _invoke_callback
    cb(msg)
  File "sonar_get_min_dist.py", line 28, in sonar_callback
    self.back_left_min, self.back_right_min = self.process_sonar_data(data)
  File "sonar_get_min_dist.py", line 58, in process_sonar_data
    self.pub_dists(sonar_min_dist)
  File "sonar_get_min_dist.py", line 74, in pub_dists
    pub.publish(min_distances)
  File "/opt/ros/kinetic/lib/python2.7/dist-packages/rospy/topics.py", line 879, in publish
    data = args_kwds_to_message(self.data_class, args, kwds)
  File "/opt/ros/kinetic/lib/python2.7/dist-packages/rospy/msg.py", line 122, in args_kwds_to_message
    return data_class(*args)
  File "/opt/ros/kinetic/lib/python2.7/dist-packages/std_msgs/msg/_Float32MultiArray.py", line 74, in __init__
    super(Float32MultiArray, self).__init__(*args, **kwds)
  File "/opt/ros/kinetic/lib/python2.7/dist-packages/genpy/message.py", line 344, in __init__
    raise TypeError('Invalid number of arguments, args should be %s' % str(self.__slots__) + ' args are' + str(args))
TypeError: Invalid number of arguments, args should be ['layout', 'data'] args are([1.1676664285684515, 1.2756712971443969],)

[rosout][ERROR] 2025-03-27 14:31:25,228: bad callback: <bound method SonarProcessor.sonar_callback of <__main__.SonarProcessor instance at 0x7f930e4461b8>>
Traceback (most recent call last):
  File "/opt/ros/kinetic/lib/python2.7/dist-packages/rospy/topics.py", line 750, in _invoke_callback
    cb(msg)
  File "sonar_get_min_dist.py", line 28, in sonar_callback
    self.back_left_min, self.back_right_min = self.process_sonar_data(data)
  File "sonar_get_min_dist.py", line 58, in process_sonar_data
    self.pub_dists(sonar_min_dist)
  File "sonar_get_min_dist.py", line 74, in pub_dists
    pub.publish(min_distances)
  File "/opt/ros/kinetic/lib/python2.7/dist-packages/rospy/topics.py", line 879, in publish
    data = args_kwds_to_message(self.data_class, args, kwds)
  File "/opt/ros/kinetic/lib/python2.7/dist-packages/rospy/msg.py", line 122, in args_kwds_to_message
    return data_class(*args)
  File "/opt/ros/kinetic/lib/python2.7/dist-packages/std_msgs/msg/_Float32MultiArray.py", line 74, in __init__
    super(Float32MultiArray, self).__init__(*args, **kwds)
  File "/opt/ros/kinetic/lib/python2.7/dist-packages/genpy/message.py", line 344, in __init__
    raise TypeError('Invalid number of arguments, args should be %s' % str(self.__slots__) + ' args are' + str(args))
TypeError: Invalid number of arguments, args should be ['layout', 'data'] args are([1.1676664285684515, 1.2756712971443969],)

[rosout][ERROR] 2025-03-27 14:31:25,325: bad callback: <bound method SonarProcessor.sonar_callback of <__main__.SonarProcessor instance at 0x7f930e4461b8>>
Traceback (most recent call last):
  File "/opt/ros/kinetic/lib/python2.7/dist-packages/rospy/topics.py", line 750, in _invoke_callback
    cb(msg)
  File "sonar_get_min_dist.py", line 28, in sonar_callback
    self.back_left_min, self.back_right_min = self.process_sonar_data(data)
  File "sonar_get_min_dist.py", line 58, in process_sonar_data
    self.pub_dists(sonar_min_dist)
  File "sonar_get_min_dist.py", line 74, in pub_dists
    pub.publish(min_distances)
  File "/opt/ros/kinetic/lib/python2.7/dist-packages/rospy/topics.py", line 879, in publish
    data = args_kwds_to_message(self.data_class, args, kwds)
  File "/opt/ros/kinetic/lib/python2.7/dist-packages/rospy/msg.py", line 122, in args_kwds_to_message
    return data_class(*args)
  File "/opt/ros/kinetic/lib/python2.7/dist-packages/std_msgs/msg/_Float32MultiArray.py", line 74, in __init__
    super(Float32MultiArray, self).__init__(*args, **kwds)
  File "/opt/ros/kinetic/lib/python2.7/dist-packages/genpy/message.py", line 344, in __init__
    raise TypeError('Invalid number of arguments, args should be %s' % str(self.__slots__) + ' args are' + str(args))
TypeError: Invalid number of arguments, args should be ['layout', 'data'] args are([1.1676664285684515, 1.2579007934616833],)

[rosout][ERROR] 2025-03-27 14:31:25,428: bad callback: <bound method SonarProcessor.sonar_callback of <__main__.SonarProcessor instance at 0x7f930e4461b8>>
Traceback (most recent call last):
  File "/opt/ros/kinetic/lib/python2.7/dist-packages/rospy/topics.py", line 750, in _invoke_callback
    cb(msg)
  File "sonar_get_min_dist.py", line 28, in sonar_callback
    self.back_left_min, self.back_right_min = self.process_sonar_data(data)
  File "sonar_get_min_dist.py", line 58, in process_sonar_data
    self.pub_dists(sonar_min_dist)
  File "sonar_get_min_dist.py", line 74, in pub_dists
    pub.publish(min_distances)
  File "/opt/ros/kinetic/lib/python2.7/dist-packages/rospy/topics.py", line 879, in publish
    data = args_kwds_to_message(self.data_class, args, kwds)
  File "/opt/ros/kinetic/lib/python2.7/dist-packages/rospy/msg.py", line 122, in args_kwds_to_message
    return data_class(*args)
  File "/opt/ros/kinetic/lib/python2.7/dist-packages/std_msgs/msg/_Float32MultiArray.py", line 74, in __init__
    super(Float32MultiArray, self).__init__(*args, **kwds)
  File "/opt/ros/kinetic/lib/python2.7/dist-packages/genpy/message.py", line 344, in __init__
    raise TypeError('Invalid number of arguments, args should be %s' % str(self.__slots__) + ' args are' + str(args))
TypeError: Invalid number of arguments, args should be ['layout', 'data'] args are([1.1676664285684515, 1.2579007934616833],)

[rosout][ERROR] 2025-03-27 14:31:25,525: bad callback: <bound method SonarProcessor.sonar_callback of <__main__.SonarProcessor instance at 0x7f930e4461b8>>
Traceback (most recent call last):
  File "/opt/ros/kinetic/lib/python2.7/dist-packages/rospy/topics.py", line 750, in _invoke_callback
    cb(msg)
  File "sonar_get_min_dist.py", line 28, in sonar_callback
    self.back_left_min, self.back_right_min = self.process_sonar_data(data)
  File "sonar_get_min_dist.py", line 58, in process_sonar_data
    self.pub_dists(sonar_min_dist)
  File "sonar_get_min_dist.py", line 74, in pub_dists
    pub.publish(min_distances)
  File "/opt/ros/kinetic/lib/python2.7/dist-packages/rospy/topics.py", line 879, in publish
    data = args_kwds_to_message(self.data_class, args, kwds)
  File "/opt/ros/kinetic/lib/python2.7/dist-packages/rospy/msg.py", line 122, in args_kwds_to_message
    return data_class(*args)
  File "/opt/ros/kinetic/lib/python2.7/dist-packages/std_msgs/msg/_Float32MultiArray.py", line 74, in __init__
    super(Float32MultiArray, self).__init__(*args, **kwds)
  File "/opt/ros/kinetic/lib/python2.7/dist-packages/genpy/message.py", line 344, in __init__
    raise TypeError('Invalid number of arguments, args should be %s' % str(self.__slots__) + ' args are' + str(args))
TypeError: Invalid number of arguments, args should be ['layout', 'data'] args are([1.1676664285684515, 1.2579007934616833],)

[rosout][ERROR] 2025-03-27 14:31:25,628: bad callback: <bound method SonarProcessor.sonar_callback of <__main__.SonarProcessor instance at 0x7f930e4461b8>>
Traceback (most recent call last):
  File "/opt/ros/kinetic/lib/python2.7/dist-packages/rospy/topics.py", line 750, in _invoke_callback
    cb(msg)
  File "sonar_get_min_dist.py", line 28, in sonar_callback
    self.back_left_min, self.back_right_min = self.process_sonar_data(data)
  File "sonar_get_min_dist.py", line 58, in process_sonar_data
    self.pub_dists(sonar_min_dist)
  File "sonar_get_min_dist.py", line 74, in pub_dists
    pub.publish(min_distances)
  File "/opt/ros/kinetic/lib/python2.7/dist-packages/rospy/topics.py", line 879, in publish
    data = args_kwds_to_message(self.data_class, args, kwds)
  File "/opt/ros/kinetic/lib/python2.7/dist-packages/rospy/msg.py", line 122, in args_kwds_to_message
    return data_class(*args)
  File "/opt/ros/kinetic/lib/python2.7/dist-packages/std_msgs/msg/_Float32MultiArray.py", line 74, in __init__
    super(Float32MultiArray, self).__init__(*args, **kwds)
  File "/opt/ros/kinetic/lib/python2.7/dist-packages/genpy/message.py", line 344, in __init__
    raise TypeError('Invalid number of arguments, args should be %s' % str(self.__slots__) + ' args are' + str(args))
TypeError: Invalid number of arguments, args should be ['layout', 'data'] args are([1.1676664285684515, 1.2618492797524852],)

[rosout][ERROR] 2025-03-27 14:31:25,725: bad callback: <bound method SonarProcessor.sonar_callback of <__main__.SonarProcessor instance at 0x7f930e4461b8>>
Traceback (most recent call last):
  File "/opt/ros/kinetic/lib/python2.7/dist-packages/rospy/topics.py", line 750, in _invoke_callback
    cb(msg)
  File "sonar_get_min_dist.py", line 28, in sonar_callback
    self.back_left_min, self.back_right_min = self.process_sonar_data(data)
  File "sonar_get_min_dist.py", line 58, in process_sonar_data
    self.pub_dists(sonar_min_dist)
  File "sonar_get_min_dist.py", line 74, in pub_dists
    pub.publish(min_distances)
  File "/opt/ros/kinetic/lib/python2.7/dist-packages/rospy/topics.py", line 879, in publish
    data = args_kwds_to_message(self.data_class, args, kwds)
  File "/opt/ros/kinetic/lib/python2.7/dist-packages/rospy/msg.py", line 122, in args_kwds_to_message
    return data_class(*args)
  File "/opt/ros/kinetic/lib/python2.7/dist-packages/std_msgs/msg/_Float32MultiArray.py", line 74, in __init__
    super(Float32MultiArray, self).__init__(*args, **kwds)
  File "/opt/ros/kinetic/lib/python2.7/dist-packages/genpy/message.py", line 344, in __init__
    raise TypeError('Invalid number of arguments, args should be %s' % str(self.__slots__) + ' args are' + str(args))
TypeError: Invalid number of arguments, args should be ['layout', 'data'] args are([1.1676664285684515, 1.2618492797524852],)

[rosout][ERROR] 2025-03-27 14:31:25,828: bad callback: <bound method SonarProcessor.sonar_callback of <__main__.SonarProcessor instance at 0x7f930e4461b8>>
Traceback (most recent call last):
  File "/opt/ros/kinetic/lib/python2.7/dist-packages/rospy/topics.py", line 750, in _invoke_callback
    cb(msg)
  File "sonar_get_min_dist.py", line 28, in sonar_callback
    self.back_left_min, self.back_right_min = self.process_sonar_data(data)
  File "sonar_get_min_dist.py", line 58, in process_sonar_data
    self.pub_dists(sonar_min_dist)
  File "sonar_get_min_dist.py", line 74, in pub_dists
    pub.publish(min_distances)
  File "/opt/ros/kinetic/lib/python2.7/dist-packages/rospy/topics.py", line 879, in publish
    data = args_kwds_to_message(self.data_class, args, kwds)
  File "/opt/ros/kinetic/lib/python2.7/dist-packages/rospy/msg.py", line 122, in args_kwds_to_message
    return data_class(*args)
  File "/opt/ros/kinetic/lib/python2.7/dist-packages/std_msgs/msg/_Float32MultiArray.py", line 74, in __init__
    super(Float32MultiArray, self).__init__(*args, **kwds)
  File "/opt/ros/kinetic/lib/python2.7/dist-packages/genpy/message.py", line 344, in __init__
    raise TypeError('Invalid number of arguments, args should be %s' % str(self.__slots__) + ' args are' + str(args))
TypeError: Invalid number of arguments, args should be ['layout', 'data'] args are([1.1666996408767687, 1.2618492797524852],)

[rosout][ERROR] 2025-03-27 14:31:25,925: bad callback: <bound method SonarProcessor.sonar_callback of <__main__.SonarProcessor instance at 0x7f930e4461b8>>
Traceback (most recent call last):
  File "/opt/ros/kinetic/lib/python2.7/dist-packages/rospy/topics.py", line 750, in _invoke_callback
    cb(msg)
  File "sonar_get_min_dist.py", line 28, in sonar_callback
    self.back_left_min, self.back_right_min = self.process_sonar_data(data)
  File "sonar_get_min_dist.py", line 58, in process_sonar_data
    self.pub_dists(sonar_min_dist)
  File "sonar_get_min_dist.py", line 74, in pub_dists
    pub.publish(min_distances)
  File "/opt/ros/kinetic/lib/python2.7/dist-packages/rospy/topics.py", line 879, in publish
    data = args_kwds_to_message(self.data_class, args, kwds)
  File "/opt/ros/kinetic/lib/python2.7/dist-packages/rospy/msg.py", line 122, in args_kwds_to_message
    return data_class(*args)
  File "/opt/ros/kinetic/lib/python2.7/dist-packages/std_msgs/msg/_Float32MultiArray.py", line 74, in __init__
    super(Float32MultiArray, self).__init__(*args, **kwds)
  File "/opt/ros/kinetic/lib/python2.7/dist-packages/genpy/message.py", line 344, in __init__
    raise TypeError('Invalid number of arguments, args should be %s' % str(self.__slots__) + ' args are' + str(args))
TypeError: Invalid number of arguments, args should be ['layout', 'data'] args are([1.1666996408767687, 1.2667852184360537],)

[rosout][ERROR] 2025-03-27 14:31:26,028: bad callback: <bound method SonarProcessor.sonar_callback of <__main__.SonarProcessor instance at 0x7f930e4461b8>>
Traceback (most recent call last):
  File "/opt/ros/kinetic/lib/python2.7/dist-packages/rospy/topics.py", line 750, in _invoke_callback
    cb(msg)
  File "sonar_get_min_dist.py", line 28, in sonar_callback
    self.back_left_min, self.back_right_min = self.process_sonar_data(data)
  File "sonar_get_min_dist.py", line 58, in process_sonar_data
    self.pub_dists(sonar_min_dist)
  File "sonar_get_min_dist.py", line 74, in pub_dists
    pub.publish(min_distances)
  File "/opt/ros/kinetic/lib/python2.7/dist-packages/rospy/topics.py", line 879, in publish
    data = args_kwds_to_message(self.data_class, args, kwds)
  File "/opt/ros/kinetic/lib/python2.7/dist-packages/rospy/msg.py", line 122, in args_kwds_to_message
    return data_class(*args)
  File "/opt/ros/kinetic/lib/python2.7/dist-packages/std_msgs/msg/_Float32MultiArray.py", line 74, in __init__
    super(Float32MultiArray, self).__init__(*args, **kwds)
  File "/opt/ros/kinetic/lib/python2.7/dist-packages/genpy/message.py", line 344, in __init__
    raise TypeError('Invalid number of arguments, args should be %s' % str(self.__slots__) + ' args are' + str(args))
TypeError: Invalid number of arguments, args should be ['layout', 'data'] args are([1.1666996408767687, 1.2667852184360537],)

[rosout][ERROR] 2025-03-27 14:31:26,125: bad callback: <bound method SonarProcessor.sonar_callback of <__main__.SonarProcessor instance at 0x7f930e4461b8>>
Traceback (most recent call last):
  File "/opt/ros/kinetic/lib/python2.7/dist-packages/rospy/topics.py", line 750, in _invoke_callback
    cb(msg)
  File "sonar_get_min_dist.py", line 28, in sonar_callback
    self.back_left_min, self.back_right_min = self.process_sonar_data(data)
  File "sonar_get_min_dist.py", line 58, in process_sonar_data
    self.pub_dists(sonar_min_dist)
  File "sonar_get_min_dist.py", line 74, in pub_dists
    pub.publish(min_distances)
  File "/opt/ros/kinetic/lib/python2.7/dist-packages/rospy/topics.py", line 879, in publish
    data = args_kwds_to_message(self.data_class, args, kwds)
  File "/opt/ros/kinetic/lib/python2.7/dist-packages/rospy/msg.py", line 122, in args_kwds_to_message
    return data_class(*args)
  File "/opt/ros/kinetic/lib/python2.7/dist-packages/std_msgs/msg/_Float32MultiArray.py", line 74, in __init__
    super(Float32MultiArray, self).__init__(*args, **kwds)
  File "/opt/ros/kinetic/lib/python2.7/dist-packages/genpy/message.py", line 344, in __init__
    raise TypeError('Invalid number of arguments, args should be %s' % str(self.__slots__) + ' args are' + str(args))
TypeError: Invalid number of arguments, args should be ['layout', 'data'] args are([1.1676664285684515, 1.2667852184360537],)

[rosout][ERROR] 2025-03-27 14:31:26,228: bad callback: <bound method SonarProcessor.sonar_callback of <__main__.SonarProcessor instance at 0x7f930e4461b8>>
Traceback (most recent call last):
  File "/opt/ros/kinetic/lib/python2.7/dist-packages/rospy/topics.py", line 750, in _invoke_callback
    cb(msg)
  File "sonar_get_min_dist.py", line 28, in sonar_callback
    self.back_left_min, self.back_right_min = self.process_sonar_data(data)
  File "sonar_get_min_dist.py", line 58, in process_sonar_data
    self.pub_dists(sonar_min_dist)
  File "sonar_get_min_dist.py", line 74, in pub_dists
    pub.publish(min_distances)
  File "/opt/ros/kinetic/lib/python2.7/dist-packages/rospy/topics.py", line 879, in publish
    data = args_kwds_to_message(self.data_class, args, kwds)
  File "/opt/ros/kinetic/lib/python2.7/dist-packages/rospy/msg.py", line 122, in args_kwds_to_message
    return data_class(*args)
  File "/opt/ros/kinetic/lib/python2.7/dist-packages/std_msgs/msg/_Float32MultiArray.py", line 74, in __init__
    super(Float32MultiArray, self).__init__(*args, **kwds)
  File "/opt/ros/kinetic/lib/python2.7/dist-packages/genpy/message.py", line 344, in __init__
    raise TypeError('Invalid number of arguments, args should be %s' % str(self.__slots__) + ' args are' + str(args))
TypeError: Invalid number of arguments, args should be ['layout', 'data'] args are([1.1676664285684515, 1.269747088628068],)

[rosout][ERROR] 2025-03-27 14:31:26,325: bad callback: <bound method SonarProcessor.sonar_callback of <__main__.SonarProcessor instance at 0x7f930e4461b8>>
Traceback (most recent call last):
  File "/opt/ros/kinetic/lib/python2.7/dist-packages/rospy/topics.py", line 750, in _invoke_callback
    cb(msg)
  File "sonar_get_min_dist.py", line 28, in sonar_callback
    self.back_left_min, self.back_right_min = self.process_sonar_data(data)
  File "sonar_get_min_dist.py", line 58, in process_sonar_data
    self.pub_dists(sonar_min_dist)
  File "sonar_get_min_dist.py", line 74, in pub_dists
    pub.publish(min_distances)
  File "/opt/ros/kinetic/lib/python2.7/dist-packages/rospy/topics.py", line 879, in publish
    data = args_kwds_to_message(self.data_class, args, kwds)
  File "/opt/ros/kinetic/lib/python2.7/dist-packages/rospy/msg.py", line 122, in args_kwds_to_message
    return data_class(*args)
  File "/opt/ros/kinetic/lib/python2.7/dist-packages/std_msgs/msg/_Float32MultiArray.py", line 74, in __init__
    super(Float32MultiArray, self).__init__(*args, **kwds)
  File "/opt/ros/kinetic/lib/python2.7/dist-packages/genpy/message.py", line 344, in __init__
    raise TypeError('Invalid number of arguments, args should be %s' % str(self.__slots__) + ' args are' + str(args))
TypeError: Invalid number of arguments, args should be ['layout', 'data'] args are([1.1676664285684515, 1.269747088628068],)

[rosout][ERROR] 2025-03-27 14:31:26,428: bad callback: <bound method SonarProcessor.sonar_callback of <__main__.SonarProcessor instance at 0x7f930e4461b8>>
Traceback (most recent call last):
  File "/opt/ros/kinetic/lib/python2.7/dist-packages/rospy/topics.py", line 750, in _invoke_callback
    cb(msg)
  File "sonar_get_min_dist.py", line 28, in sonar_callback
    self.back_left_min, self.back_right_min = self.process_sonar_data(data)
  File "sonar_get_min_dist.py", line 58, in process_sonar_data
    self.pub_dists(sonar_min_dist)
  File "sonar_get_min_dist.py", line 74, in pub_dists
    pub.publish(min_distances)
  File "/opt/ros/kinetic/lib/python2.7/dist-packages/rospy/topics.py", line 879, in publish
    data = args_kwds_to_message(self.data_class, args, kwds)
  File "/opt/ros/kinetic/lib/python2.7/dist-packages/rospy/msg.py", line 122, in args_kwds_to_message
    return data_class(*args)
  File "/opt/ros/kinetic/lib/python2.7/dist-packages/std_msgs/msg/_Float32MultiArray.py", line 74, in __init__
    super(Float32MultiArray, self).__init__(*args, **kwds)
  File "/opt/ros/kinetic/lib/python2.7/dist-packages/genpy/message.py", line 344, in __init__
    raise TypeError('Invalid number of arguments, args should be %s' % str(self.__slots__) + ' args are' + str(args))
TypeError: Invalid number of arguments, args should be ['layout', 'data'] args are([1.1676664285684515, 1.269747088628068],)

[rosout][ERROR] 2025-03-27 14:31:26,525: bad callback: <bound method SonarProcessor.sonar_callback of <__main__.SonarProcessor instance at 0x7f930e4461b8>>
Traceback (most recent call last):
  File "/opt/ros/kinetic/lib/python2.7/dist-packages/rospy/topics.py", line 750, in _invoke_callback
    cb(msg)
  File "sonar_get_min_dist.py", line 28, in sonar_callback
    self.back_left_min, self.back_right_min = self.process_sonar_data(data)
  File "sonar_get_min_dist.py", line 58, in process_sonar_data
    self.pub_dists(sonar_min_dist)
  File "sonar_get_min_dist.py", line 74, in pub_dists
    pub.publish(min_distances)
  File "/opt/ros/kinetic/lib/python2.7/dist-packages/rospy/topics.py", line 879, in publish
    data = args_kwds_to_message(self.data_class, args, kwds)
  File "/opt/ros/kinetic/lib/python2.7/dist-packages/rospy/msg.py", line 122, in args_kwds_to_message
    return data_class(*args)
  File "/opt/ros/kinetic/lib/python2.7/dist-packages/std_msgs/msg/_Float32MultiArray.py", line 74, in __init__
    super(Float32MultiArray, self).__init__(*args, **kwds)
  File "/opt/ros/kinetic/lib/python2.7/dist-packages/genpy/message.py", line 344, in __init__
    raise TypeError('Invalid number of arguments, args should be %s' % str(self.__slots__) + ' args are' + str(args))
TypeError: Invalid number of arguments, args should be ['layout', 'data'] args are([1.1676664285684515, 1.269747088628068],)

[rosout][ERROR] 2025-03-27 14:31:26,628: bad callback: <bound method SonarProcessor.sonar_callback of <__main__.SonarProcessor instance at 0x7f930e4461b8>>
Traceback (most recent call last):
  File "/opt/ros/kinetic/lib/python2.7/dist-packages/rospy/topics.py", line 750, in _invoke_callback
    cb(msg)
  File "sonar_get_min_dist.py", line 28, in sonar_callback
    self.back_left_min, self.back_right_min = self.process_sonar_data(data)
  File "sonar_get_min_dist.py", line 58, in process_sonar_data
    self.pub_dists(sonar_min_dist)
  File "sonar_get_min_dist.py", line 74, in pub_dists
    pub.publish(min_distances)
  File "/opt/ros/kinetic/lib/python2.7/dist-packages/rospy/topics.py", line 879, in publish
    data = args_kwds_to_message(self.data_class, args, kwds)
  File "/opt/ros/kinetic/lib/python2.7/dist-packages/rospy/msg.py", line 122, in args_kwds_to_message
    return data_class(*args)
  File "/opt/ros/kinetic/lib/python2.7/dist-packages/std_msgs/msg/_Float32MultiArray.py", line 74, in __init__
    super(Float32MultiArray, self).__init__(*args, **kwds)
  File "/opt/ros/kinetic/lib/python2.7/dist-packages/genpy/message.py", line 344, in __init__
    raise TypeError('Invalid number of arguments, args should be %s' % str(self.__slots__) + ' args are' + str(args))
TypeError: Invalid number of arguments, args should be ['layout', 'data'] args are([1.1676664285684515, 1.269747088628068],)

[rosout][ERROR] 2025-03-27 14:31:26,725: bad callback: <bound method SonarProcessor.sonar_callback of <__main__.SonarProcessor instance at 0x7f930e4461b8>>
Traceback (most recent call last):
  File "/opt/ros/kinetic/lib/python2.7/dist-packages/rospy/topics.py", line 750, in _invoke_callback
    cb(msg)
  File "sonar_get_min_dist.py", line 28, in sonar_callback
    self.back_left_min, self.back_right_min = self.process_sonar_data(data)
  File "sonar_get_min_dist.py", line 58, in process_sonar_data
    self.pub_dists(sonar_min_dist)
  File "sonar_get_min_dist.py", line 74, in pub_dists
    pub.publish(min_distances)
  File "/opt/ros/kinetic/lib/python2.7/dist-packages/rospy/topics.py", line 879, in publish
    data = args_kwds_to_message(self.data_class, args, kwds)
  File "/opt/ros/kinetic/lib/python2.7/dist-packages/rospy/msg.py", line 122, in args_kwds_to_message
    return data_class(*args)
  File "/opt/ros/kinetic/lib/python2.7/dist-packages/std_msgs/msg/_Float32MultiArray.py", line 74, in __init__
    super(Float32MultiArray, self).__init__(*args, **kwds)
  File "/opt/ros/kinetic/lib/python2.7/dist-packages/genpy/message.py", line 344, in __init__
    raise TypeError('Invalid number of arguments, args should be %s' % str(self.__slots__) + ' args are' + str(args))
TypeError: Invalid number of arguments, args should be ['layout', 'data'] args are([1.1676664285684515, 1.280608621494256],)

[rosout][ERROR] 2025-03-27 14:31:26,828: bad callback: <bound method SonarProcessor.sonar_callback of <__main__.SonarProcessor instance at 0x7f930e4461b8>>
Traceback (most recent call last):
  File "/opt/ros/kinetic/lib/python2.7/dist-packages/rospy/topics.py", line 750, in _invoke_callback
    cb(msg)
  File "sonar_get_min_dist.py", line 28, in sonar_callback
    self.back_left_min, self.back_right_min = self.process_sonar_data(data)
  File "sonar_get_min_dist.py", line 58, in process_sonar_data
    self.pub_dists(sonar_min_dist)
  File "sonar_get_min_dist.py", line 74, in pub_dists
    pub.publish(min_distances)
  File "/opt/ros/kinetic/lib/python2.7/dist-packages/rospy/topics.py", line 879, in publish
    data = args_kwds_to_message(self.data_class, args, kwds)
  File "/opt/ros/kinetic/lib/python2.7/dist-packages/rospy/msg.py", line 122, in args_kwds_to_message
    return data_class(*args)
  File "/opt/ros/kinetic/lib/python2.7/dist-packages/std_msgs/msg/_Float32MultiArray.py", line 74, in __init__
    super(Float32MultiArray, self).__init__(*args, **kwds)
  File "/opt/ros/kinetic/lib/python2.7/dist-packages/genpy/message.py", line 344, in __init__
    raise TypeError('Invalid number of arguments, args should be %s' % str(self.__slots__) + ' args are' + str(args))
TypeError: Invalid number of arguments, args should be ['layout', 'data'] args are([1.1676664285684515, 1.280608621494256],)

[rosout][ERROR] 2025-03-27 14:31:26,925: bad callback: <bound method SonarProcessor.sonar_callback of <__main__.SonarProcessor instance at 0x7f930e4461b8>>
Traceback (most recent call last):
  File "/opt/ros/kinetic/lib/python2.7/dist-packages/rospy/topics.py", line 750, in _invoke_callback
    cb(msg)
  File "sonar_get_min_dist.py", line 28, in sonar_callback
    self.back_left_min, self.back_right_min = self.process_sonar_data(data)
  File "sonar_get_min_dist.py", line 58, in process_sonar_data
    self.pub_dists(sonar_min_dist)
  File "sonar_get_min_dist.py", line 74, in pub_dists
    pub.publish(min_distances)
  File "/opt/ros/kinetic/lib/python2.7/dist-packages/rospy/topics.py", line 879, in publish
    data = args_kwds_to_message(self.data_class, args, kwds)
  File "/opt/ros/kinetic/lib/python2.7/dist-packages/rospy/msg.py", line 122, in args_kwds_to_message
    return data_class(*args)
  File "/opt/ros/kinetic/lib/python2.7/dist-packages/std_msgs/msg/_Float32MultiArray.py", line 74, in __init__
    super(Float32MultiArray, self).__init__(*args, **kwds)
  File "/opt/ros/kinetic/lib/python2.7/dist-packages/genpy/message.py", line 344, in __init__
    raise TypeError('Invalid number of arguments, args should be %s' % str(self.__slots__) + ' args are' + str(args))
TypeError: Invalid number of arguments, args should be ['layout', 'data'] args are([1.1676664285684515, 1.280608621494256],)

[rosout][ERROR] 2025-03-27 14:31:27,028: bad callback: <bound method SonarProcessor.sonar_callback of <__main__.SonarProcessor instance at 0x7f930e4461b8>>
Traceback (most recent call last):
  File "/opt/ros/kinetic/lib/python2.7/dist-packages/rospy/topics.py", line 750, in _invoke_callback
    cb(msg)
  File "sonar_get_min_dist.py", line 28, in sonar_callback
    self.back_left_min, self.back_right_min = self.process_sonar_data(data)
  File "sonar_get_min_dist.py", line 58, in process_sonar_data
    self.pub_dists(sonar_min_dist)
  File "sonar_get_min_dist.py", line 74, in pub_dists
    pub.publish(min_distances)
  File "/opt/ros/kinetic/lib/python2.7/dist-packages/rospy/topics.py", line 879, in publish
    data = args_kwds_to_message(self.data_class, args, kwds)
  File "/opt/ros/kinetic/lib/python2.7/dist-packages/rospy/msg.py", line 122, in args_kwds_to_message
    return data_class(*args)
  File "/opt/ros/kinetic/lib/python2.7/dist-packages/std_msgs/msg/_Float32MultiArray.py", line 74, in __init__
    super(Float32MultiArray, self).__init__(*args, **kwds)
  File "/opt/ros/kinetic/lib/python2.7/dist-packages/genpy/message.py", line 344, in __init__
    raise TypeError('Invalid number of arguments, args should be %s' % str(self.__slots__) + ' args are' + str(args))
TypeError: Invalid number of arguments, args should be ['layout', 'data'] args are([1.1676664285684515, 1.2835713152840194],)

[rosout][ERROR] 2025-03-27 14:31:27,125: bad callback: <bound method SonarProcessor.sonar_callback of <__main__.SonarProcessor instance at 0x7f930e4461b8>>
Traceback (most recent call last):
  File "/opt/ros/kinetic/lib/python2.7/dist-packages/rospy/topics.py", line 750, in _invoke_callback
    cb(msg)
  File "sonar_get_min_dist.py", line 28, in sonar_callback
    self.back_left_min, self.back_right_min = self.process_sonar_data(data)
  File "sonar_get_min_dist.py", line 58, in process_sonar_data
    self.pub_dists(sonar_min_dist)
  File "sonar_get_min_dist.py", line 74, in pub_dists
    pub.publish(min_distances)
  File "/opt/ros/kinetic/lib/python2.7/dist-packages/rospy/topics.py", line 879, in publish
    data = args_kwds_to_message(self.data_class, args, kwds)
  File "/opt/ros/kinetic/lib/python2.7/dist-packages/rospy/msg.py", line 122, in args_kwds_to_message
    return data_class(*args)
  File "/opt/ros/kinetic/lib/python2.7/dist-packages/std_msgs/msg/_Float32MultiArray.py", line 74, in __init__
    super(Float32MultiArray, self).__init__(*args, **kwds)
  File "/opt/ros/kinetic/lib/python2.7/dist-packages/genpy/message.py", line 344, in __init__
    raise TypeError('Invalid number of arguments, args should be %s' % str(self.__slots__) + ' args are' + str(args))
TypeError: Invalid number of arguments, args should be ['layout', 'data'] args are([1.1676664285684515, 1.2835713152840194],)

[rosout][ERROR] 2025-03-27 14:31:27,229: bad callback: <bound method SonarProcessor.sonar_callback of <__main__.SonarProcessor instance at 0x7f930e4461b8>>
Traceback (most recent call last):
  File "/opt/ros/kinetic/lib/python2.7/dist-packages/rospy/topics.py", line 750, in _invoke_callback
    cb(msg)
  File "sonar_get_min_dist.py", line 28, in sonar_callback
    self.back_left_min, self.back_right_min = self.process_sonar_data(data)
  File "sonar_get_min_dist.py", line 58, in process_sonar_data
    self.pub_dists(sonar_min_dist)
  File "sonar_get_min_dist.py", line 74, in pub_dists
    pub.publish(min_distances)
  File "/opt/ros/kinetic/lib/python2.7/dist-packages/rospy/topics.py", line 879, in publish
    data = args_kwds_to_message(self.data_class, args, kwds)
  File "/opt/ros/kinetic/lib/python2.7/dist-packages/rospy/msg.py", line 122, in args_kwds_to_message
    return data_class(*args)
  File "/opt/ros/kinetic/lib/python2.7/dist-packages/std_msgs/msg/_Float32MultiArray.py", line 74, in __init__
    super(Float32MultiArray, self).__init__(*args, **kwds)
  File "/opt/ros/kinetic/lib/python2.7/dist-packages/genpy/message.py", line 344, in __init__
    raise TypeError('Invalid number of arguments, args should be %s' % str(self.__slots__) + ' args are' + str(args))
TypeError: Invalid number of arguments, args should be ['layout', 'data'] args are([1.1676664285684515, 1.2835713152840194],)

[rosout][ERROR] 2025-03-27 14:31:27,325: bad callback: <bound method SonarProcessor.sonar_callback of <__main__.SonarProcessor instance at 0x7f930e4461b8>>
Traceback (most recent call last):
  File "/opt/ros/kinetic/lib/python2.7/dist-packages/rospy/topics.py", line 750, in _invoke_callback
    cb(msg)
  File "sonar_get_min_dist.py", line 28, in sonar_callback
    self.back_left_min, self.back_right_min = self.process_sonar_data(data)
  File "sonar_get_min_dist.py", line 58, in process_sonar_data
    self.pub_dists(sonar_min_dist)
  File "sonar_get_min_dist.py", line 74, in pub_dists
    pub.publish(min_distances)
  File "/opt/ros/kinetic/lib/python2.7/dist-packages/rospy/topics.py", line 879, in publish
    data = args_kwds_to_message(self.data_class, args, kwds)
  File "/opt/ros/kinetic/lib/python2.7/dist-packages/rospy/msg.py", line 122, in args_kwds_to_message
    return data_class(*args)
  File "/opt/ros/kinetic/lib/python2.7/dist-packages/std_msgs/msg/_Float32MultiArray.py", line 74, in __init__
    super(Float32MultiArray, self).__init__(*args, **kwds)
  File "/opt/ros/kinetic/lib/python2.7/dist-packages/genpy/message.py", line 344, in __init__
    raise TypeError('Invalid number of arguments, args should be %s' % str(self.__slots__) + ' args are' + str(args))
TypeError: Invalid number of arguments, args should be ['layout', 'data'] args are([1.1676664285684515, 1.2776461353290713],)

[rosout][ERROR] 2025-03-27 14:31:27,429: bad callback: <bound method SonarProcessor.sonar_callback of <__main__.SonarProcessor instance at 0x7f930e4461b8>>
Traceback (most recent call last):
  File "/opt/ros/kinetic/lib/python2.7/dist-packages/rospy/topics.py", line 750, in _invoke_callback
    cb(msg)
  File "sonar_get_min_dist.py", line 28, in sonar_callback
    self.back_left_min, self.back_right_min = self.process_sonar_data(data)
  File "sonar_get_min_dist.py", line 58, in process_sonar_data
    self.pub_dists(sonar_min_dist)
  File "sonar_get_min_dist.py", line 74, in pub_dists
    pub.publish(min_distances)
  File "/opt/ros/kinetic/lib/python2.7/dist-packages/rospy/topics.py", line 879, in publish
    data = args_kwds_to_message(self.data_class, args, kwds)
  File "/opt/ros/kinetic/lib/python2.7/dist-packages/rospy/msg.py", line 122, in args_kwds_to_message
    return data_class(*args)
  File "/opt/ros/kinetic/lib/python2.7/dist-packages/std_msgs/msg/_Float32MultiArray.py", line 74, in __init__
    super(Float32MultiArray, self).__init__(*args, **kwds)
  File "/opt/ros/kinetic/lib/python2.7/dist-packages/genpy/message.py", line 344, in __init__
    raise TypeError('Invalid number of arguments, args should be %s' % str(self.__slots__) + ' args are' + str(args))
TypeError: Invalid number of arguments, args should be ['layout', 'data'] args are([1.1676664285684515, 1.2776461353290713],)

[rosout][ERROR] 2025-03-27 14:31:27,526: bad callback: <bound method SonarProcessor.sonar_callback of <__main__.SonarProcessor instance at 0x7f930e4461b8>>
Traceback (most recent call last):
  File "/opt/ros/kinetic/lib/python2.7/dist-packages/rospy/topics.py", line 750, in _invoke_callback
    cb(msg)
  File "sonar_get_min_dist.py", line 28, in sonar_callback
    self.back_left_min, self.back_right_min = self.process_sonar_data(data)
  File "sonar_get_min_dist.py", line 58, in process_sonar_data
    self.pub_dists(sonar_min_dist)
  File "sonar_get_min_dist.py", line 74, in pub_dists
    pub.publish(min_distances)
  File "/opt/ros/kinetic/lib/python2.7/dist-packages/rospy/topics.py", line 879, in publish
    data = args_kwds_to_message(self.data_class, args, kwds)
  File "/opt/ros/kinetic/lib/python2.7/dist-packages/rospy/msg.py", line 122, in args_kwds_to_message
    return data_class(*args)
  File "/opt/ros/kinetic/lib/python2.7/dist-packages/std_msgs/msg/_Float32MultiArray.py", line 74, in __init__
    super(Float32MultiArray, self).__init__(*args, **kwds)
  File "/opt/ros/kinetic/lib/python2.7/dist-packages/genpy/message.py", line 344, in __init__
    raise TypeError('Invalid number of arguments, args should be %s' % str(self.__slots__) + ' args are' + str(args))
TypeError: Invalid number of arguments, args should be ['layout', 'data'] args are([1.1676664285684515, 1.2776461353290713],)

[rosout][ERROR] 2025-03-27 14:31:27,629: bad callback: <bound method SonarProcessor.sonar_callback of <__main__.SonarProcessor instance at 0x7f930e4461b8>>
Traceback (most recent call last):
  File "/opt/ros/kinetic/lib/python2.7/dist-packages/rospy/topics.py", line 750, in _invoke_callback
    cb(msg)
  File "sonar_get_min_dist.py", line 28, in sonar_callback
    self.back_left_min, self.back_right_min = self.process_sonar_data(data)
  File "sonar_get_min_dist.py", line 58, in process_sonar_data
    self.pub_dists(sonar_min_dist)
  File "sonar_get_min_dist.py", line 74, in pub_dists
    pub.publish(min_distances)
  File "/opt/ros/kinetic/lib/python2.7/dist-packages/rospy/topics.py", line 879, in publish
    data = args_kwds_to_message(self.data_class, args, kwds)
  File "/opt/ros/kinetic/lib/python2.7/dist-packages/rospy/msg.py", line 122, in args_kwds_to_message
    return data_class(*args)
  File "/opt/ros/kinetic/lib/python2.7/dist-packages/std_msgs/msg/_Float32MultiArray.py", line 74, in __init__
    super(Float32MultiArray, self).__init__(*args, **kwds)
  File "/opt/ros/kinetic/lib/python2.7/dist-packages/genpy/message.py", line 344, in __init__
    raise TypeError('Invalid number of arguments, args should be %s' % str(self.__slots__) + ' args are' + str(args))
TypeError: Invalid number of arguments, args should be ['layout', 'data'] args are([1.1676664285684515, 1.2727091041233196],)

[rosout][ERROR] 2025-03-27 14:31:27,726: bad callback: <bound method SonarProcessor.sonar_callback of <__main__.SonarProcessor instance at 0x7f930e4461b8>>
Traceback (most recent call last):
  File "/opt/ros/kinetic/lib/python2.7/dist-packages/rospy/topics.py", line 750, in _invoke_callback
    cb(msg)
  File "sonar_get_min_dist.py", line 28, in sonar_callback
    self.back_left_min, self.back_right_min = self.process_sonar_data(data)
  File "sonar_get_min_dist.py", line 58, in process_sonar_data
    self.pub_dists(sonar_min_dist)
  File "sonar_get_min_dist.py", line 74, in pub_dists
    pub.publish(min_distances)
  File "/opt/ros/kinetic/lib/python2.7/dist-packages/rospy/topics.py", line 879, in publish
    data = args_kwds_to_message(self.data_class, args, kwds)
  File "/opt/ros/kinetic/lib/python2.7/dist-packages/rospy/msg.py", line 122, in args_kwds_to_message
    return data_class(*args)
  File "/opt/ros/kinetic/lib/python2.7/dist-packages/std_msgs/msg/_Float32MultiArray.py", line 74, in __init__
    super(Float32MultiArray, self).__init__(*args, **kwds)
  File "/opt/ros/kinetic/lib/python2.7/dist-packages/genpy/message.py", line 344, in __init__
    raise TypeError('Invalid number of arguments, args should be %s' % str(self.__slots__) + ' args are' + str(args))
TypeError: Invalid number of arguments, args should be ['layout', 'data'] args are([1.1676664285684515, 1.2727091041233196],)

[rosout][ERROR] 2025-03-27 14:31:27,829: bad callback: <bound method SonarProcessor.sonar_callback of <__main__.SonarProcessor instance at 0x7f930e4461b8>>
Traceback (most recent call last):
  File "/opt/ros/kinetic/lib/python2.7/dist-packages/rospy/topics.py", line 750, in _invoke_callback
    cb(msg)
  File "sonar_get_min_dist.py", line 28, in sonar_callback
    self.back_left_min, self.back_right_min = self.process_sonar_data(data)
  File "sonar_get_min_dist.py", line 58, in process_sonar_data
    self.pub_dists(sonar_min_dist)
  File "sonar_get_min_dist.py", line 74, in pub_dists
    pub.publish(min_distances)
  File "/opt/ros/kinetic/lib/python2.7/dist-packages/rospy/topics.py", line 879, in publish
    data = args_kwds_to_message(self.data_class, args, kwds)
  File "/opt/ros/kinetic/lib/python2.7/dist-packages/rospy/msg.py", line 122, in args_kwds_to_message
    return data_class(*args)
  File "/opt/ros/kinetic/lib/python2.7/dist-packages/std_msgs/msg/_Float32MultiArray.py", line 74, in __init__
    super(Float32MultiArray, self).__init__(*args, **kwds)
  File "/opt/ros/kinetic/lib/python2.7/dist-packages/genpy/message.py", line 344, in __init__
    raise TypeError('Invalid number of arguments, args should be %s' % str(self.__slots__) + ' args are' + str(args))
TypeError: Invalid number of arguments, args should be ['layout', 'data'] args are([1.1676664285684515, 1.2727091041233196],)

[rosout][ERROR] 2025-03-27 14:31:27,926: bad callback: <bound method SonarProcessor.sonar_callback of <__main__.SonarProcessor instance at 0x7f930e4461b8>>
Traceback (most recent call last):
  File "/opt/ros/kinetic/lib/python2.7/dist-packages/rospy/topics.py", line 750, in _invoke_callback
    cb(msg)
  File "sonar_get_min_dist.py", line 28, in sonar_callback
    self.back_left_min, self.back_right_min = self.process_sonar_data(data)
  File "sonar_get_min_dist.py", line 58, in process_sonar_data
    self.pub_dists(sonar_min_dist)
  File "sonar_get_min_dist.py", line 74, in pub_dists
    pub.publish(min_distances)
  File "/opt/ros/kinetic/lib/python2.7/dist-packages/rospy/topics.py", line 879, in publish
    data = args_kwds_to_message(self.data_class, args, kwds)
  File "/opt/ros/kinetic/lib/python2.7/dist-packages/rospy/msg.py", line 122, in args_kwds_to_message
    return data_class(*args)
  File "/opt/ros/kinetic/lib/python2.7/dist-packages/std_msgs/msg/_Float32MultiArray.py", line 74, in __init__
    super(Float32MultiArray, self).__init__(*args, **kwds)
  File "/opt/ros/kinetic/lib/python2.7/dist-packages/genpy/message.py", line 344, in __init__
    raise TypeError('Invalid number of arguments, args should be %s' % str(self.__slots__) + ' args are' + str(args))
TypeError: Invalid number of arguments, args should be ['layout', 'data'] args are([1.1676664285684515, 1.2727091041233196],)

[rosout][ERROR] 2025-03-27 14:31:28,029: bad callback: <bound method SonarProcessor.sonar_callback of <__main__.SonarProcessor instance at 0x7f930e4461b8>>
Traceback (most recent call last):
  File "/opt/ros/kinetic/lib/python2.7/dist-packages/rospy/topics.py", line 750, in _invoke_callback
    cb(msg)
  File "sonar_get_min_dist.py", line 28, in sonar_callback
    self.back_left_min, self.back_right_min = self.process_sonar_data(data)
  File "sonar_get_min_dist.py", line 58, in process_sonar_data
    self.pub_dists(sonar_min_dist)
  File "sonar_get_min_dist.py", line 74, in pub_dists
    pub.publish(min_distances)
  File "/opt/ros/kinetic/lib/python2.7/dist-packages/rospy/topics.py", line 879, in publish
    data = args_kwds_to_message(self.data_class, args, kwds)
  File "/opt/ros/kinetic/lib/python2.7/dist-packages/rospy/msg.py", line 122, in args_kwds_to_message
    return data_class(*args)
  File "/opt/ros/kinetic/lib/python2.7/dist-packages/std_msgs/msg/_Float32MultiArray.py", line 74, in __init__
    super(Float32MultiArray, self).__init__(*args, **kwds)
  File "/opt/ros/kinetic/lib/python2.7/dist-packages/genpy/message.py", line 344, in __init__
    raise TypeError('Invalid number of arguments, args should be %s' % str(self.__slots__) + ' args are' + str(args))
TypeError: Invalid number of arguments, args should be ['layout', 'data'] args are([1.1676664285684515, 1.2727091041233196],)

[rosout][ERROR] 2025-03-27 14:31:28,126: bad callback: <bound method SonarProcessor.sonar_callback of <__main__.SonarProcessor instance at 0x7f930e4461b8>>
Traceback (most recent call last):
  File "/opt/ros/kinetic/lib/python2.7/dist-packages/rospy/topics.py", line 750, in _invoke_callback
    cb(msg)
  File "sonar_get_min_dist.py", line 28, in sonar_callback
    self.back_left_min, self.back_right_min = self.process_sonar_data(data)
  File "sonar_get_min_dist.py", line 58, in process_sonar_data
    self.pub_dists(sonar_min_dist)
  File "sonar_get_min_dist.py", line 74, in pub_dists
    pub.publish(min_distances)
  File "/opt/ros/kinetic/lib/python2.7/dist-packages/rospy/topics.py", line 879, in publish
    data = args_kwds_to_message(self.data_class, args, kwds)
  File "/opt/ros/kinetic/lib/python2.7/dist-packages/rospy/msg.py", line 122, in args_kwds_to_message
    return data_class(*args)
  File "/opt/ros/kinetic/lib/python2.7/dist-packages/std_msgs/msg/_Float32MultiArray.py", line 74, in __init__
    super(Float32MultiArray, self).__init__(*args, **kwds)
  File "/opt/ros/kinetic/lib/python2.7/dist-packages/genpy/message.py", line 344, in __init__
    raise TypeError('Invalid number of arguments, args should be %s' % str(self.__slots__) + ' args are' + str(args))
TypeError: Invalid number of arguments, args should be ['layout', 'data'] args are([1.1676664285684515, 1.271721690652231],)

[rosout][ERROR] 2025-03-27 14:31:28,229: bad callback: <bound method SonarProcessor.sonar_callback of <__main__.SonarProcessor instance at 0x7f930e4461b8>>
Traceback (most recent call last):
  File "/opt/ros/kinetic/lib/python2.7/dist-packages/rospy/topics.py", line 750, in _invoke_callback
    cb(msg)
  File "sonar_get_min_dist.py", line 28, in sonar_callback
    self.back_left_min, self.back_right_min = self.process_sonar_data(data)
  File "sonar_get_min_dist.py", line 58, in process_sonar_data
    self.pub_dists(sonar_min_dist)
  File "sonar_get_min_dist.py", line 74, in pub_dists
    pub.publish(min_distances)
  File "/opt/ros/kinetic/lib/python2.7/dist-packages/rospy/topics.py", line 879, in publish
    data = args_kwds_to_message(self.data_class, args, kwds)
  File "/opt/ros/kinetic/lib/python2.7/dist-packages/rospy/msg.py", line 122, in args_kwds_to_message
    return data_class(*args)
  File "/opt/ros/kinetic/lib/python2.7/dist-packages/std_msgs/msg/_Float32MultiArray.py", line 74, in __init__
    super(Float32MultiArray, self).__init__(*args, **kwds)
  File "/opt/ros/kinetic/lib/python2.7/dist-packages/genpy/message.py", line 344, in __init__
    raise TypeError('Invalid number of arguments, args should be %s' % str(self.__slots__) + ' args are' + str(args))
TypeError: Invalid number of arguments, args should be ['layout', 'data'] args are([1.1676664285684515, 1.271721690652231],)

[rosout][ERROR] 2025-03-27 14:31:28,326: bad callback: <bound method SonarProcessor.sonar_callback of <__main__.SonarProcessor instance at 0x7f930e4461b8>>
Traceback (most recent call last):
  File "/opt/ros/kinetic/lib/python2.7/dist-packages/rospy/topics.py", line 750, in _invoke_callback
    cb(msg)
  File "sonar_get_min_dist.py", line 28, in sonar_callback
    self.back_left_min, self.back_right_min = self.process_sonar_data(data)
  File "sonar_get_min_dist.py", line 58, in process_sonar_data
    self.pub_dists(sonar_min_dist)
  File "sonar_get_min_dist.py", line 74, in pub_dists
    pub.publish(min_distances)
  File "/opt/ros/kinetic/lib/python2.7/dist-packages/rospy/topics.py", line 879, in publish
    data = args_kwds_to_message(self.data_class, args, kwds)
  File "/opt/ros/kinetic/lib/python2.7/dist-packages/rospy/msg.py", line 122, in args_kwds_to_message
    return data_class(*args)
  File "/opt/ros/kinetic/lib/python2.7/dist-packages/std_msgs/msg/_Float32MultiArray.py", line 74, in __init__
    super(Float32MultiArray, self).__init__(*args, **kwds)
  File "/opt/ros/kinetic/lib/python2.7/dist-packages/genpy/message.py", line 344, in __init__
    raise TypeError('Invalid number of arguments, args should be %s' % str(self.__slots__) + ' args are' + str(args))
TypeError: Invalid number of arguments, args should be ['layout', 'data'] args are([1.1676664285684515, 1.271721690652231],)

[rosout][ERROR] 2025-03-27 14:31:28,429: bad callback: <bound method SonarProcessor.sonar_callback of <__main__.SonarProcessor instance at 0x7f930e4461b8>>
Traceback (most recent call last):
  File "/opt/ros/kinetic/lib/python2.7/dist-packages/rospy/topics.py", line 750, in _invoke_callback
    cb(msg)
  File "sonar_get_min_dist.py", line 28, in sonar_callback
    self.back_left_min, self.back_right_min = self.process_sonar_data(data)
  File "sonar_get_min_dist.py", line 58, in process_sonar_data
    self.pub_dists(sonar_min_dist)
  File "sonar_get_min_dist.py", line 74, in pub_dists
    pub.publish(min_distances)
  File "/opt/ros/kinetic/lib/python2.7/dist-packages/rospy/topics.py", line 879, in publish
    data = args_kwds_to_message(self.data_class, args, kwds)
  File "/opt/ros/kinetic/lib/python2.7/dist-packages/rospy/msg.py", line 122, in args_kwds_to_message
    return data_class(*args)
  File "/opt/ros/kinetic/lib/python2.7/dist-packages/std_msgs/msg/_Float32MultiArray.py", line 74, in __init__
    super(Float32MultiArray, self).__init__(*args, **kwds)
  File "/opt/ros/kinetic/lib/python2.7/dist-packages/genpy/message.py", line 344, in __init__
    raise TypeError('Invalid number of arguments, args should be %s' % str(self.__slots__) + ' args are' + str(args))
TypeError: Invalid number of arguments, args should be ['layout', 'data'] args are([1.1676664285684515, 1.271721690652231],)

[rosout][ERROR] 2025-03-27 14:31:28,526: bad callback: <bound method SonarProcessor.sonar_callback of <__main__.SonarProcessor instance at 0x7f930e4461b8>>
Traceback (most recent call last):
  File "/opt/ros/kinetic/lib/python2.7/dist-packages/rospy/topics.py", line 750, in _invoke_callback
    cb(msg)
  File "sonar_get_min_dist.py", line 28, in sonar_callback
    self.back_left_min, self.back_right_min = self.process_sonar_data(data)
  File "sonar_get_min_dist.py", line 58, in process_sonar_data
    self.pub_dists(sonar_min_dist)
  File "sonar_get_min_dist.py", line 74, in pub_dists
    pub.publish(min_distances)
  File "/opt/ros/kinetic/lib/python2.7/dist-packages/rospy/topics.py", line 879, in publish
    data = args_kwds_to_message(self.data_class, args, kwds)
  File "/opt/ros/kinetic/lib/python2.7/dist-packages/rospy/msg.py", line 122, in args_kwds_to_message
    return data_class(*args)
  File "/opt/ros/kinetic/lib/python2.7/dist-packages/std_msgs/msg/_Float32MultiArray.py", line 74, in __init__
    super(Float32MultiArray, self).__init__(*args, **kwds)
  File "/opt/ros/kinetic/lib/python2.7/dist-packages/genpy/message.py", line 344, in __init__
    raise TypeError('Invalid number of arguments, args should be %s' % str(self.__slots__) + ' args are' + str(args))
TypeError: Invalid number of arguments, args should be ['layout', 'data'] args are([1.1676664285684515, 1.271721690652231],)

[rosout][ERROR] 2025-03-27 14:31:28,629: bad callback: <bound method SonarProcessor.sonar_callback of <__main__.SonarProcessor instance at 0x7f930e4461b8>>
Traceback (most recent call last):
  File "/opt/ros/kinetic/lib/python2.7/dist-packages/rospy/topics.py", line 750, in _invoke_callback
    cb(msg)
  File "sonar_get_min_dist.py", line 28, in sonar_callback
    self.back_left_min, self.back_right_min = self.process_sonar_data(data)
  File "sonar_get_min_dist.py", line 58, in process_sonar_data
    self.pub_dists(sonar_min_dist)
  File "sonar_get_min_dist.py", line 74, in pub_dists
    pub.publish(min_distances)
  File "/opt/ros/kinetic/lib/python2.7/dist-packages/rospy/topics.py", line 879, in publish
    data = args_kwds_to_message(self.data_class, args, kwds)
  File "/opt/ros/kinetic/lib/python2.7/dist-packages/rospy/msg.py", line 122, in args_kwds_to_message
    return data_class(*args)
  File "/opt/ros/kinetic/lib/python2.7/dist-packages/std_msgs/msg/_Float32MultiArray.py", line 74, in __init__
    super(Float32MultiArray, self).__init__(*args, **kwds)
  File "/opt/ros/kinetic/lib/python2.7/dist-packages/genpy/message.py", line 344, in __init__
    raise TypeError('Invalid number of arguments, args should be %s' % str(self.__slots__) + ' args are' + str(args))
TypeError: Invalid number of arguments, args should be ['layout', 'data'] args are([1.1676664285684515, 1.271721690652231],)

[rosout][ERROR] 2025-03-27 14:31:28,726: bad callback: <bound method SonarProcessor.sonar_callback of <__main__.SonarProcessor instance at 0x7f930e4461b8>>
Traceback (most recent call last):
  File "/opt/ros/kinetic/lib/python2.7/dist-packages/rospy/topics.py", line 750, in _invoke_callback
    cb(msg)
  File "sonar_get_min_dist.py", line 28, in sonar_callback
    self.back_left_min, self.back_right_min = self.process_sonar_data(data)
  File "sonar_get_min_dist.py", line 58, in process_sonar_data
    self.pub_dists(sonar_min_dist)
  File "sonar_get_min_dist.py", line 74, in pub_dists
    pub.publish(min_distances)
  File "/opt/ros/kinetic/lib/python2.7/dist-packages/rospy/topics.py", line 879, in publish
    data = args_kwds_to_message(self.data_class, args, kwds)
  File "/opt/ros/kinetic/lib/python2.7/dist-packages/rospy/msg.py", line 122, in args_kwds_to_message
    return data_class(*args)
  File "/opt/ros/kinetic/lib/python2.7/dist-packages/std_msgs/msg/_Float32MultiArray.py", line 74, in __init__
    super(Float32MultiArray, self).__init__(*args, **kwds)
  File "/opt/ros/kinetic/lib/python2.7/dist-packages/genpy/message.py", line 344, in __init__
    raise TypeError('Invalid number of arguments, args should be %s' % str(self.__slots__) + ' args are' + str(args))
TypeError: Invalid number of arguments, args should be ['layout', 'data'] args are([1.1676664285684515, 1.271721690652231],)

[rosout][ERROR] 2025-03-27 14:31:28,829: bad callback: <bound method SonarProcessor.sonar_callback of <__main__.SonarProcessor instance at 0x7f930e4461b8>>
Traceback (most recent call last):
  File "/opt/ros/kinetic/lib/python2.7/dist-packages/rospy/topics.py", line 750, in _invoke_callback
    cb(msg)
  File "sonar_get_min_dist.py", line 28, in sonar_callback
    self.back_left_min, self.back_right_min = self.process_sonar_data(data)
  File "sonar_get_min_dist.py", line 58, in process_sonar_data
    self.pub_dists(sonar_min_dist)
  File "sonar_get_min_dist.py", line 74, in pub_dists
    pub.publish(min_distances)
  File "/opt/ros/kinetic/lib/python2.7/dist-packages/rospy/topics.py", line 879, in publish
    data = args_kwds_to_message(self.data_class, args, kwds)
  File "/opt/ros/kinetic/lib/python2.7/dist-packages/rospy/msg.py", line 122, in args_kwds_to_message
    return data_class(*args)
  File "/opt/ros/kinetic/lib/python2.7/dist-packages/std_msgs/msg/_Float32MultiArray.py", line 74, in __init__
    super(Float32MultiArray, self).__init__(*args, **kwds)
  File "/opt/ros/kinetic/lib/python2.7/dist-packages/genpy/message.py", line 344, in __init__
    raise TypeError('Invalid number of arguments, args should be %s' % str(self.__slots__) + ' args are' + str(args))
TypeError: Invalid number of arguments, args should be ['layout', 'data'] args are([1.1676664285684515, 1.271721690652231],)

[rosout][ERROR] 2025-03-27 14:31:28,926: bad callback: <bound method SonarProcessor.sonar_callback of <__main__.SonarProcessor instance at 0x7f930e4461b8>>
Traceback (most recent call last):
  File "/opt/ros/kinetic/lib/python2.7/dist-packages/rospy/topics.py", line 750, in _invoke_callback
    cb(msg)
  File "sonar_get_min_dist.py", line 28, in sonar_callback
    self.back_left_min, self.back_right_min = self.process_sonar_data(data)
  File "sonar_get_min_dist.py", line 58, in process_sonar_data
    self.pub_dists(sonar_min_dist)
  File "sonar_get_min_dist.py", line 74, in pub_dists
    pub.publish(min_distances)
  File "/opt/ros/kinetic/lib/python2.7/dist-packages/rospy/topics.py", line 879, in publish
    data = args_kwds_to_message(self.data_class, args, kwds)
  File "/opt/ros/kinetic/lib/python2.7/dist-packages/rospy/msg.py", line 122, in args_kwds_to_message
    return data_class(*args)
  File "/opt/ros/kinetic/lib/python2.7/dist-packages/std_msgs/msg/_Float32MultiArray.py", line 74, in __init__
    super(Float32MultiArray, self).__init__(*args, **kwds)
  File "/opt/ros/kinetic/lib/python2.7/dist-packages/genpy/message.py", line 344, in __init__
    raise TypeError('Invalid number of arguments, args should be %s' % str(self.__slots__) + ' args are' + str(args))
TypeError: Invalid number of arguments, args should be ['layout', 'data'] args are([1.1676664285684515, 1.271721690652231],)

[rosout][ERROR] 2025-03-27 14:31:29,028: bad callback: <bound method SonarProcessor.sonar_callback of <__main__.SonarProcessor instance at 0x7f930e4461b8>>
Traceback (most recent call last):
  File "/opt/ros/kinetic/lib/python2.7/dist-packages/rospy/topics.py", line 750, in _invoke_callback
    cb(msg)
  File "sonar_get_min_dist.py", line 28, in sonar_callback
    self.back_left_min, self.back_right_min = self.process_sonar_data(data)
  File "sonar_get_min_dist.py", line 58, in process_sonar_data
    self.pub_dists(sonar_min_dist)
  File "sonar_get_min_dist.py", line 74, in pub_dists
    pub.publish(min_distances)
  File "/opt/ros/kinetic/lib/python2.7/dist-packages/rospy/topics.py", line 879, in publish
    data = args_kwds_to_message(self.data_class, args, kwds)
  File "/opt/ros/kinetic/lib/python2.7/dist-packages/rospy/msg.py", line 122, in args_kwds_to_message
    return data_class(*args)
  File "/opt/ros/kinetic/lib/python2.7/dist-packages/std_msgs/msg/_Float32MultiArray.py", line 74, in __init__
    super(Float32MultiArray, self).__init__(*args, **kwds)
  File "/opt/ros/kinetic/lib/python2.7/dist-packages/genpy/message.py", line 344, in __init__
    raise TypeError('Invalid number of arguments, args should be %s' % str(self.__slots__) + ' args are' + str(args))
TypeError: Invalid number of arguments, args should be ['layout', 'data'] args are([1.1676664285684515, 1.269747088628068],)

[rosout][ERROR] 2025-03-27 14:31:29,126: bad callback: <bound method SonarProcessor.sonar_callback of <__main__.SonarProcessor instance at 0x7f930e4461b8>>
Traceback (most recent call last):
  File "/opt/ros/kinetic/lib/python2.7/dist-packages/rospy/topics.py", line 750, in _invoke_callback
    cb(msg)
  File "sonar_get_min_dist.py", line 28, in sonar_callback
    self.back_left_min, self.back_right_min = self.process_sonar_data(data)
  File "sonar_get_min_dist.py", line 58, in process_sonar_data
    self.pub_dists(sonar_min_dist)
  File "sonar_get_min_dist.py", line 74, in pub_dists
    pub.publish(min_distances)
  File "/opt/ros/kinetic/lib/python2.7/dist-packages/rospy/topics.py", line 879, in publish
    data = args_kwds_to_message(self.data_class, args, kwds)
  File "/opt/ros/kinetic/lib/python2.7/dist-packages/rospy/msg.py", line 122, in args_kwds_to_message
    return data_class(*args)
  File "/opt/ros/kinetic/lib/python2.7/dist-packages/std_msgs/msg/_Float32MultiArray.py", line 74, in __init__
    super(Float32MultiArray, self).__init__(*args, **kwds)
  File "/opt/ros/kinetic/lib/python2.7/dist-packages/genpy/message.py", line 344, in __init__
    raise TypeError('Invalid number of arguments, args should be %s' % str(self.__slots__) + ' args are' + str(args))
TypeError: Invalid number of arguments, args should be ['layout', 'data'] args are([1.1676664285684515, 1.269747088628068],)

[rosout][ERROR] 2025-03-27 14:31:29,229: bad callback: <bound method SonarProcessor.sonar_callback of <__main__.SonarProcessor instance at 0x7f930e4461b8>>
Traceback (most recent call last):
  File "/opt/ros/kinetic/lib/python2.7/dist-packages/rospy/topics.py", line 750, in _invoke_callback
    cb(msg)
  File "sonar_get_min_dist.py", line 28, in sonar_callback
    self.back_left_min, self.back_right_min = self.process_sonar_data(data)
  File "sonar_get_min_dist.py", line 58, in process_sonar_data
    self.pub_dists(sonar_min_dist)
  File "sonar_get_min_dist.py", line 74, in pub_dists
    pub.publish(min_distances)
  File "/opt/ros/kinetic/lib/python2.7/dist-packages/rospy/topics.py", line 879, in publish
    data = args_kwds_to_message(self.data_class, args, kwds)
  File "/opt/ros/kinetic/lib/python2.7/dist-packages/rospy/msg.py", line 122, in args_kwds_to_message
    return data_class(*args)
  File "/opt/ros/kinetic/lib/python2.7/dist-packages/std_msgs/msg/_Float32MultiArray.py", line 74, in __init__
    super(Float32MultiArray, self).__init__(*args, **kwds)
  File "/opt/ros/kinetic/lib/python2.7/dist-packages/genpy/message.py", line 344, in __init__
    raise TypeError('Invalid number of arguments, args should be %s' % str(self.__slots__) + ' args are' + str(args))
TypeError: Invalid number of arguments, args should be ['layout', 'data'] args are([1.1676664285684515, 1.2707344290692548],)

[rosout][ERROR] 2025-03-27 14:31:29,326: bad callback: <bound method SonarProcessor.sonar_callback of <__main__.SonarProcessor instance at 0x7f930e4461b8>>
Traceback (most recent call last):
  File "/opt/ros/kinetic/lib/python2.7/dist-packages/rospy/topics.py", line 750, in _invoke_callback
    cb(msg)
  File "sonar_get_min_dist.py", line 28, in sonar_callback
    self.back_left_min, self.back_right_min = self.process_sonar_data(data)
  File "sonar_get_min_dist.py", line 58, in process_sonar_data
    self.pub_dists(sonar_min_dist)
  File "sonar_get_min_dist.py", line 74, in pub_dists
    pub.publish(min_distances)
  File "/opt/ros/kinetic/lib/python2.7/dist-packages/rospy/topics.py", line 879, in publish
    data = args_kwds_to_message(self.data_class, args, kwds)
  File "/opt/ros/kinetic/lib/python2.7/dist-packages/rospy/msg.py", line 122, in args_kwds_to_message
    return data_class(*args)
  File "/opt/ros/kinetic/lib/python2.7/dist-packages/std_msgs/msg/_Float32MultiArray.py", line 74, in __init__
    super(Float32MultiArray, self).__init__(*args, **kwds)
  File "/opt/ros/kinetic/lib/python2.7/dist-packages/genpy/message.py", line 344, in __init__
    raise TypeError('Invalid number of arguments, args should be %s' % str(self.__slots__) + ' args are' + str(args))
TypeError: Invalid number of arguments, args should be ['layout', 'data'] args are([1.1676664285684515, 1.2707344290692548],)

[rosout][ERROR] 2025-03-27 14:31:29,429: bad callback: <bound method SonarProcessor.sonar_callback of <__main__.SonarProcessor instance at 0x7f930e4461b8>>
Traceback (most recent call last):
  File "/opt/ros/kinetic/lib/python2.7/dist-packages/rospy/topics.py", line 750, in _invoke_callback
    cb(msg)
  File "sonar_get_min_dist.py", line 28, in sonar_callback
    self.back_left_min, self.back_right_min = self.process_sonar_data(data)
  File "sonar_get_min_dist.py", line 58, in process_sonar_data
    self.pub_dists(sonar_min_dist)
  File "sonar_get_min_dist.py", line 74, in pub_dists
    pub.publish(min_distances)
  File "/opt/ros/kinetic/lib/python2.7/dist-packages/rospy/topics.py", line 879, in publish
    data = args_kwds_to_message(self.data_class, args, kwds)
  File "/opt/ros/kinetic/lib/python2.7/dist-packages/rospy/msg.py", line 122, in args_kwds_to_message
    return data_class(*args)
  File "/opt/ros/kinetic/lib/python2.7/dist-packages/std_msgs/msg/_Float32MultiArray.py", line 74, in __init__
    super(Float32MultiArray, self).__init__(*args, **kwds)
  File "/opt/ros/kinetic/lib/python2.7/dist-packages/genpy/message.py", line 344, in __init__
    raise TypeError('Invalid number of arguments, args should be %s' % str(self.__slots__) + ' args are' + str(args))
TypeError: Invalid number of arguments, args should be ['layout', 'data'] args are([1.1676664285684515, 1.2707344290692548],)

[rosout][ERROR] 2025-03-27 14:31:29,526: bad callback: <bound method SonarProcessor.sonar_callback of <__main__.SonarProcessor instance at 0x7f930e4461b8>>
Traceback (most recent call last):
  File "/opt/ros/kinetic/lib/python2.7/dist-packages/rospy/topics.py", line 750, in _invoke_callback
    cb(msg)
  File "sonar_get_min_dist.py", line 28, in sonar_callback
    self.back_left_min, self.back_right_min = self.process_sonar_data(data)
  File "sonar_get_min_dist.py", line 58, in process_sonar_data
    self.pub_dists(sonar_min_dist)
  File "sonar_get_min_dist.py", line 74, in pub_dists
    pub.publish(min_distances)
  File "/opt/ros/kinetic/lib/python2.7/dist-packages/rospy/topics.py", line 879, in publish
    data = args_kwds_to_message(self.data_class, args, kwds)
  File "/opt/ros/kinetic/lib/python2.7/dist-packages/rospy/msg.py", line 122, in args_kwds_to_message
    return data_class(*args)
  File "/opt/ros/kinetic/lib/python2.7/dist-packages/std_msgs/msg/_Float32MultiArray.py", line 74, in __init__
    super(Float32MultiArray, self).__init__(*args, **kwds)
  File "/opt/ros/kinetic/lib/python2.7/dist-packages/genpy/message.py", line 344, in __init__
    raise TypeError('Invalid number of arguments, args should be %s' % str(self.__slots__) + ' args are' + str(args))
TypeError: Invalid number of arguments, args should be ['layout', 'data'] args are([1.1676664285684515, 1.2727091041233196],)

[rosout][ERROR] 2025-03-27 14:31:29,630: bad callback: <bound method SonarProcessor.sonar_callback of <__main__.SonarProcessor instance at 0x7f930e4461b8>>
Traceback (most recent call last):
  File "/opt/ros/kinetic/lib/python2.7/dist-packages/rospy/topics.py", line 750, in _invoke_callback
    cb(msg)
  File "sonar_get_min_dist.py", line 28, in sonar_callback
    self.back_left_min, self.back_right_min = self.process_sonar_data(data)
  File "sonar_get_min_dist.py", line 58, in process_sonar_data
    self.pub_dists(sonar_min_dist)
  File "sonar_get_min_dist.py", line 74, in pub_dists
    pub.publish(min_distances)
  File "/opt/ros/kinetic/lib/python2.7/dist-packages/rospy/topics.py", line 879, in publish
    data = args_kwds_to_message(self.data_class, args, kwds)
  File "/opt/ros/kinetic/lib/python2.7/dist-packages/rospy/msg.py", line 122, in args_kwds_to_message
    return data_class(*args)
  File "/opt/ros/kinetic/lib/python2.7/dist-packages/std_msgs/msg/_Float32MultiArray.py", line 74, in __init__
    super(Float32MultiArray, self).__init__(*args, **kwds)
  File "/opt/ros/kinetic/lib/python2.7/dist-packages/genpy/message.py", line 344, in __init__
    raise TypeError('Invalid number of arguments, args should be %s' % str(self.__slots__) + ' args are' + str(args))
TypeError: Invalid number of arguments, args should be ['layout', 'data'] args are([1.1676664285684515, 1.2727091041233196],)

[rosout][ERROR] 2025-03-27 14:31:29,726: bad callback: <bound method SonarProcessor.sonar_callback of <__main__.SonarProcessor instance at 0x7f930e4461b8>>
Traceback (most recent call last):
  File "/opt/ros/kinetic/lib/python2.7/dist-packages/rospy/topics.py", line 750, in _invoke_callback
    cb(msg)
  File "sonar_get_min_dist.py", line 28, in sonar_callback
    self.back_left_min, self.back_right_min = self.process_sonar_data(data)
  File "sonar_get_min_dist.py", line 58, in process_sonar_data
    self.pub_dists(sonar_min_dist)
  File "sonar_get_min_dist.py", line 74, in pub_dists
    pub.publish(min_distances)
  File "/opt/ros/kinetic/lib/python2.7/dist-packages/rospy/topics.py", line 879, in publish
    data = args_kwds_to_message(self.data_class, args, kwds)
  File "/opt/ros/kinetic/lib/python2.7/dist-packages/rospy/msg.py", line 122, in args_kwds_to_message
    return data_class(*args)
  File "/opt/ros/kinetic/lib/python2.7/dist-packages/std_msgs/msg/_Float32MultiArray.py", line 74, in __init__
    super(Float32MultiArray, self).__init__(*args, **kwds)
  File "/opt/ros/kinetic/lib/python2.7/dist-packages/genpy/message.py", line 344, in __init__
    raise TypeError('Invalid number of arguments, args should be %s' % str(self.__slots__) + ' args are' + str(args))
TypeError: Invalid number of arguments, args should be ['layout', 'data'] args are([1.1676664285684515, 1.2727091041233196],)

[rosout][ERROR] 2025-03-27 14:31:29,830: bad callback: <bound method SonarProcessor.sonar_callback of <__main__.SonarProcessor instance at 0x7f930e4461b8>>
Traceback (most recent call last):
  File "/opt/ros/kinetic/lib/python2.7/dist-packages/rospy/topics.py", line 750, in _invoke_callback
    cb(msg)
  File "sonar_get_min_dist.py", line 28, in sonar_callback
    self.back_left_min, self.back_right_min = self.process_sonar_data(data)
  File "sonar_get_min_dist.py", line 58, in process_sonar_data
    self.pub_dists(sonar_min_dist)
  File "sonar_get_min_dist.py", line 74, in pub_dists
    pub.publish(min_distances)
  File "/opt/ros/kinetic/lib/python2.7/dist-packages/rospy/topics.py", line 879, in publish
    data = args_kwds_to_message(self.data_class, args, kwds)
  File "/opt/ros/kinetic/lib/python2.7/dist-packages/rospy/msg.py", line 122, in args_kwds_to_message
    return data_class(*args)
  File "/opt/ros/kinetic/lib/python2.7/dist-packages/std_msgs/msg/_Float32MultiArray.py", line 74, in __init__
    super(Float32MultiArray, self).__init__(*args, **kwds)
  File "/opt/ros/kinetic/lib/python2.7/dist-packages/genpy/message.py", line 344, in __init__
    raise TypeError('Invalid number of arguments, args should be %s' % str(self.__slots__) + ' args are' + str(args))
TypeError: Invalid number of arguments, args should be ['layout', 'data'] args are([1.1676664285684515, 1.2776461353290713],)

[rosout][ERROR] 2025-03-27 14:31:29,926: bad callback: <bound method SonarProcessor.sonar_callback of <__main__.SonarProcessor instance at 0x7f930e4461b8>>
Traceback (most recent call last):
  File "/opt/ros/kinetic/lib/python2.7/dist-packages/rospy/topics.py", line 750, in _invoke_callback
    cb(msg)
  File "sonar_get_min_dist.py", line 28, in sonar_callback
    self.back_left_min, self.back_right_min = self.process_sonar_data(data)
  File "sonar_get_min_dist.py", line 58, in process_sonar_data
    self.pub_dists(sonar_min_dist)
  File "sonar_get_min_dist.py", line 74, in pub_dists
    pub.publish(min_distances)
  File "/opt/ros/kinetic/lib/python2.7/dist-packages/rospy/topics.py", line 879, in publish
    data = args_kwds_to_message(self.data_class, args, kwds)
  File "/opt/ros/kinetic/lib/python2.7/dist-packages/rospy/msg.py", line 122, in args_kwds_to_message
    return data_class(*args)
  File "/opt/ros/kinetic/lib/python2.7/dist-packages/std_msgs/msg/_Float32MultiArray.py", line 74, in __init__
    super(Float32MultiArray, self).__init__(*args, **kwds)
  File "/opt/ros/kinetic/lib/python2.7/dist-packages/genpy/message.py", line 344, in __init__
    raise TypeError('Invalid number of arguments, args should be %s' % str(self.__slots__) + ' args are' + str(args))
TypeError: Invalid number of arguments, args should be ['layout', 'data'] args are([1.1676664285684515, 1.2776461353290713],)

[rosout][ERROR] 2025-03-27 14:31:30,030: bad callback: <bound method SonarProcessor.sonar_callback of <__main__.SonarProcessor instance at 0x7f930e4461b8>>
Traceback (most recent call last):
  File "/opt/ros/kinetic/lib/python2.7/dist-packages/rospy/topics.py", line 750, in _invoke_callback
    cb(msg)
  File "sonar_get_min_dist.py", line 28, in sonar_callback
    self.back_left_min, self.back_right_min = self.process_sonar_data(data)
  File "sonar_get_min_dist.py", line 58, in process_sonar_data
    self.pub_dists(sonar_min_dist)
  File "sonar_get_min_dist.py", line 74, in pub_dists
    pub.publish(min_distances)
  File "/opt/ros/kinetic/lib/python2.7/dist-packages/rospy/topics.py", line 879, in publish
    data = args_kwds_to_message(self.data_class, args, kwds)
  File "/opt/ros/kinetic/lib/python2.7/dist-packages/rospy/msg.py", line 122, in args_kwds_to_message
    return data_class(*args)
  File "/opt/ros/kinetic/lib/python2.7/dist-packages/std_msgs/msg/_Float32MultiArray.py", line 74, in __init__
    super(Float32MultiArray, self).__init__(*args, **kwds)
  File "/opt/ros/kinetic/lib/python2.7/dist-packages/genpy/message.py", line 344, in __init__
    raise TypeError('Invalid number of arguments, args should be %s' % str(self.__slots__) + ' args are' + str(args))
TypeError: Invalid number of arguments, args should be ['layout', 'data'] args are([1.1676664285684515, 1.2776461353290713],)

[rosout][ERROR] 2025-03-27 14:31:30,127: bad callback: <bound method SonarProcessor.sonar_callback of <__main__.SonarProcessor instance at 0x7f930e4461b8>>
Traceback (most recent call last):
  File "/opt/ros/kinetic/lib/python2.7/dist-packages/rospy/topics.py", line 750, in _invoke_callback
    cb(msg)
  File "sonar_get_min_dist.py", line 28, in sonar_callback
    self.back_left_min, self.back_right_min = self.process_sonar_data(data)
  File "sonar_get_min_dist.py", line 58, in process_sonar_data
    self.pub_dists(sonar_min_dist)
  File "sonar_get_min_dist.py", line 74, in pub_dists
    pub.publish(min_distances)
  File "/opt/ros/kinetic/lib/python2.7/dist-packages/rospy/topics.py", line 879, in publish
    data = args_kwds_to_message(self.data_class, args, kwds)
  File "/opt/ros/kinetic/lib/python2.7/dist-packages/rospy/msg.py", line 122, in args_kwds_to_message
    return data_class(*args)
  File "/opt/ros/kinetic/lib/python2.7/dist-packages/std_msgs/msg/_Float32MultiArray.py", line 74, in __init__
    super(Float32MultiArray, self).__init__(*args, **kwds)
  File "/opt/ros/kinetic/lib/python2.7/dist-packages/genpy/message.py", line 344, in __init__
    raise TypeError('Invalid number of arguments, args should be %s' % str(self.__slots__) + ' args are' + str(args))
TypeError: Invalid number of arguments, args should be ['layout', 'data'] args are([1.1676664285684515, 1.2815962108401038],)

[rosout][ERROR] 2025-03-27 14:31:30,230: bad callback: <bound method SonarProcessor.sonar_callback of <__main__.SonarProcessor instance at 0x7f930e4461b8>>
Traceback (most recent call last):
  File "/opt/ros/kinetic/lib/python2.7/dist-packages/rospy/topics.py", line 750, in _invoke_callback
    cb(msg)
  File "sonar_get_min_dist.py", line 28, in sonar_callback
    self.back_left_min, self.back_right_min = self.process_sonar_data(data)
  File "sonar_get_min_dist.py", line 58, in process_sonar_data
    self.pub_dists(sonar_min_dist)
  File "sonar_get_min_dist.py", line 74, in pub_dists
    pub.publish(min_distances)
  File "/opt/ros/kinetic/lib/python2.7/dist-packages/rospy/topics.py", line 879, in publish
    data = args_kwds_to_message(self.data_class, args, kwds)
  File "/opt/ros/kinetic/lib/python2.7/dist-packages/rospy/msg.py", line 122, in args_kwds_to_message
    return data_class(*args)
  File "/opt/ros/kinetic/lib/python2.7/dist-packages/std_msgs/msg/_Float32MultiArray.py", line 74, in __init__
    super(Float32MultiArray, self).__init__(*args, **kwds)
  File "/opt/ros/kinetic/lib/python2.7/dist-packages/genpy/message.py", line 344, in __init__
    raise TypeError('Invalid number of arguments, args should be %s' % str(self.__slots__) + ' args are' + str(args))
TypeError: Invalid number of arguments, args should be ['layout', 'data'] args are([1.1676664285684515, 1.2815962108401038],)

[rosout][ERROR] 2025-03-27 14:31:30,327: bad callback: <bound method SonarProcessor.sonar_callback of <__main__.SonarProcessor instance at 0x7f930e4461b8>>
Traceback (most recent call last):
  File "/opt/ros/kinetic/lib/python2.7/dist-packages/rospy/topics.py", line 750, in _invoke_callback
    cb(msg)
  File "sonar_get_min_dist.py", line 28, in sonar_callback
    self.back_left_min, self.back_right_min = self.process_sonar_data(data)
  File "sonar_get_min_dist.py", line 58, in process_sonar_data
    self.pub_dists(sonar_min_dist)
  File "sonar_get_min_dist.py", line 74, in pub_dists
    pub.publish(min_distances)
  File "/opt/ros/kinetic/lib/python2.7/dist-packages/rospy/topics.py", line 879, in publish
    data = args_kwds_to_message(self.data_class, args, kwds)
  File "/opt/ros/kinetic/lib/python2.7/dist-packages/rospy/msg.py", line 122, in args_kwds_to_message
    return data_class(*args)
  File "/opt/ros/kinetic/lib/python2.7/dist-packages/std_msgs/msg/_Float32MultiArray.py", line 74, in __init__
    super(Float32MultiArray, self).__init__(*args, **kwds)
  File "/opt/ros/kinetic/lib/python2.7/dist-packages/genpy/message.py", line 344, in __init__
    raise TypeError('Invalid number of arguments, args should be %s' % str(self.__slots__) + ' args are' + str(args))
TypeError: Invalid number of arguments, args should be ['layout', 'data'] args are([1.1676664285684515, 1.2815962108401038],)

[rosout][ERROR] 2025-03-27 14:31:30,430: bad callback: <bound method SonarProcessor.sonar_callback of <__main__.SonarProcessor instance at 0x7f930e4461b8>>
Traceback (most recent call last):
  File "/opt/ros/kinetic/lib/python2.7/dist-packages/rospy/topics.py", line 750, in _invoke_callback
    cb(msg)
  File "sonar_get_min_dist.py", line 28, in sonar_callback
    self.back_left_min, self.back_right_min = self.process_sonar_data(data)
  File "sonar_get_min_dist.py", line 58, in process_sonar_data
    self.pub_dists(sonar_min_dist)
  File "sonar_get_min_dist.py", line 74, in pub_dists
    pub.publish(min_distances)
  File "/opt/ros/kinetic/lib/python2.7/dist-packages/rospy/topics.py", line 879, in publish
    data = args_kwds_to_message(self.data_class, args, kwds)
  File "/opt/ros/kinetic/lib/python2.7/dist-packages/rospy/msg.py", line 122, in args_kwds_to_message
    return data_class(*args)
  File "/opt/ros/kinetic/lib/python2.7/dist-packages/std_msgs/msg/_Float32MultiArray.py", line 74, in __init__
    super(Float32MultiArray, self).__init__(*args, **kwds)
  File "/opt/ros/kinetic/lib/python2.7/dist-packages/genpy/message.py", line 344, in __init__
    raise TypeError('Invalid number of arguments, args should be %s' % str(self.__slots__) + ' args are' + str(args))
TypeError: Invalid number of arguments, args should be ['layout', 'data'] args are([1.1676664285684515, 1.2746838246396481],)

[rosout][ERROR] 2025-03-27 14:31:30,527: bad callback: <bound method SonarProcessor.sonar_callback of <__main__.SonarProcessor instance at 0x7f930e4461b8>>
Traceback (most recent call last):
  File "/opt/ros/kinetic/lib/python2.7/dist-packages/rospy/topics.py", line 750, in _invoke_callback
    cb(msg)
  File "sonar_get_min_dist.py", line 28, in sonar_callback
    self.back_left_min, self.back_right_min = self.process_sonar_data(data)
  File "sonar_get_min_dist.py", line 58, in process_sonar_data
    self.pub_dists(sonar_min_dist)
  File "sonar_get_min_dist.py", line 74, in pub_dists
    pub.publish(min_distances)
  File "/opt/ros/kinetic/lib/python2.7/dist-packages/rospy/topics.py", line 879, in publish
    data = args_kwds_to_message(self.data_class, args, kwds)
  File "/opt/ros/kinetic/lib/python2.7/dist-packages/rospy/msg.py", line 122, in args_kwds_to_message
    return data_class(*args)
  File "/opt/ros/kinetic/lib/python2.7/dist-packages/std_msgs/msg/_Float32MultiArray.py", line 74, in __init__
    super(Float32MultiArray, self).__init__(*args, **kwds)
  File "/opt/ros/kinetic/lib/python2.7/dist-packages/genpy/message.py", line 344, in __init__
    raise TypeError('Invalid number of arguments, args should be %s' % str(self.__slots__) + ' args are' + str(args))
TypeError: Invalid number of arguments, args should be ['layout', 'data'] args are([1.1676664285684515, 1.2746838246396481],)

[rosout][ERROR] 2025-03-27 14:31:30,630: bad callback: <bound method SonarProcessor.sonar_callback of <__main__.SonarProcessor instance at 0x7f930e4461b8>>
Traceback (most recent call last):
  File "/opt/ros/kinetic/lib/python2.7/dist-packages/rospy/topics.py", line 750, in _invoke_callback
    cb(msg)
  File "sonar_get_min_dist.py", line 28, in sonar_callback
    self.back_left_min, self.back_right_min = self.process_sonar_data(data)
  File "sonar_get_min_dist.py", line 58, in process_sonar_data
    self.pub_dists(sonar_min_dist)
  File "sonar_get_min_dist.py", line 74, in pub_dists
    pub.publish(min_distances)
  File "/opt/ros/kinetic/lib/python2.7/dist-packages/rospy/topics.py", line 879, in publish
    data = args_kwds_to_message(self.data_class, args, kwds)
  File "/opt/ros/kinetic/lib/python2.7/dist-packages/rospy/msg.py", line 122, in args_kwds_to_message
    return data_class(*args)
  File "/opt/ros/kinetic/lib/python2.7/dist-packages/std_msgs/msg/_Float32MultiArray.py", line 74, in __init__
    super(Float32MultiArray, self).__init__(*args, **kwds)
  File "/opt/ros/kinetic/lib/python2.7/dist-packages/genpy/message.py", line 344, in __init__
    raise TypeError('Invalid number of arguments, args should be %s' % str(self.__slots__) + ' args are' + str(args))
TypeError: Invalid number of arguments, args should be ['layout', 'data'] args are([1.1676664285684515, 1.2756712971443969],)

[rosout][ERROR] 2025-03-27 14:31:30,727: bad callback: <bound method SonarProcessor.sonar_callback of <__main__.SonarProcessor instance at 0x7f930e4461b8>>
Traceback (most recent call last):
  File "/opt/ros/kinetic/lib/python2.7/dist-packages/rospy/topics.py", line 750, in _invoke_callback
    cb(msg)
  File "sonar_get_min_dist.py", line 28, in sonar_callback
    self.back_left_min, self.back_right_min = self.process_sonar_data(data)
  File "sonar_get_min_dist.py", line 58, in process_sonar_data
    self.pub_dists(sonar_min_dist)
  File "sonar_get_min_dist.py", line 74, in pub_dists
    pub.publish(min_distances)
  File "/opt/ros/kinetic/lib/python2.7/dist-packages/rospy/topics.py", line 879, in publish
    data = args_kwds_to_message(self.data_class, args, kwds)
  File "/opt/ros/kinetic/lib/python2.7/dist-packages/rospy/msg.py", line 122, in args_kwds_to_message
    return data_class(*args)
  File "/opt/ros/kinetic/lib/python2.7/dist-packages/std_msgs/msg/_Float32MultiArray.py", line 74, in __init__
    super(Float32MultiArray, self).__init__(*args, **kwds)
  File "/opt/ros/kinetic/lib/python2.7/dist-packages/genpy/message.py", line 344, in __init__
    raise TypeError('Invalid number of arguments, args should be %s' % str(self.__slots__) + ' args are' + str(args))
TypeError: Invalid number of arguments, args should be ['layout', 'data'] args are([1.1676664285684515, 1.2756712971443969],)

[rosout][ERROR] 2025-03-27 14:31:30,830: bad callback: <bound method SonarProcessor.sonar_callback of <__main__.SonarProcessor instance at 0x7f930e4461b8>>
Traceback (most recent call last):
  File "/opt/ros/kinetic/lib/python2.7/dist-packages/rospy/topics.py", line 750, in _invoke_callback
    cb(msg)
  File "sonar_get_min_dist.py", line 28, in sonar_callback
    self.back_left_min, self.back_right_min = self.process_sonar_data(data)
  File "sonar_get_min_dist.py", line 58, in process_sonar_data
    self.pub_dists(sonar_min_dist)
  File "sonar_get_min_dist.py", line 74, in pub_dists
    pub.publish(min_distances)
  File "/opt/ros/kinetic/lib/python2.7/dist-packages/rospy/topics.py", line 879, in publish
    data = args_kwds_to_message(self.data_class, args, kwds)
  File "/opt/ros/kinetic/lib/python2.7/dist-packages/rospy/msg.py", line 122, in args_kwds_to_message
    return data_class(*args)
  File "/opt/ros/kinetic/lib/python2.7/dist-packages/std_msgs/msg/_Float32MultiArray.py", line 74, in __init__
    super(Float32MultiArray, self).__init__(*args, **kwds)
  File "/opt/ros/kinetic/lib/python2.7/dist-packages/genpy/message.py", line 344, in __init__
    raise TypeError('Invalid number of arguments, args should be %s' % str(self.__slots__) + ' args are' + str(args))
TypeError: Invalid number of arguments, args should be ['layout', 'data'] args are([1.1676664285684515, 1.2756712971443969],)

[rosout][ERROR] 2025-03-27 14:31:30,927: bad callback: <bound method SonarProcessor.sonar_callback of <__main__.SonarProcessor instance at 0x7f930e4461b8>>
Traceback (most recent call last):
  File "/opt/ros/kinetic/lib/python2.7/dist-packages/rospy/topics.py", line 750, in _invoke_callback
    cb(msg)
  File "sonar_get_min_dist.py", line 28, in sonar_callback
    self.back_left_min, self.back_right_min = self.process_sonar_data(data)
  File "sonar_get_min_dist.py", line 58, in process_sonar_data
    self.pub_dists(sonar_min_dist)
  File "sonar_get_min_dist.py", line 74, in pub_dists
    pub.publish(min_distances)
  File "/opt/ros/kinetic/lib/python2.7/dist-packages/rospy/topics.py", line 879, in publish
    data = args_kwds_to_message(self.data_class, args, kwds)
  File "/opt/ros/kinetic/lib/python2.7/dist-packages/rospy/msg.py", line 122, in args_kwds_to_message
    return data_class(*args)
  File "/opt/ros/kinetic/lib/python2.7/dist-packages/std_msgs/msg/_Float32MultiArray.py", line 74, in __init__
    super(Float32MultiArray, self).__init__(*args, **kwds)
  File "/opt/ros/kinetic/lib/python2.7/dist-packages/genpy/message.py", line 344, in __init__
    raise TypeError('Invalid number of arguments, args should be %s' % str(self.__slots__) + ' args are' + str(args))
TypeError: Invalid number of arguments, args should be ['layout', 'data'] args are([1.1676664285684515, 1.2746838246396481],)

[rosout][ERROR] 2025-03-27 14:31:31,030: bad callback: <bound method SonarProcessor.sonar_callback of <__main__.SonarProcessor instance at 0x7f930e4461b8>>
Traceback (most recent call last):
  File "/opt/ros/kinetic/lib/python2.7/dist-packages/rospy/topics.py", line 750, in _invoke_callback
    cb(msg)
  File "sonar_get_min_dist.py", line 28, in sonar_callback
    self.back_left_min, self.back_right_min = self.process_sonar_data(data)
  File "sonar_get_min_dist.py", line 58, in process_sonar_data
    self.pub_dists(sonar_min_dist)
  File "sonar_get_min_dist.py", line 74, in pub_dists
    pub.publish(min_distances)
  File "/opt/ros/kinetic/lib/python2.7/dist-packages/rospy/topics.py", line 879, in publish
    data = args_kwds_to_message(self.data_class, args, kwds)
  File "/opt/ros/kinetic/lib/python2.7/dist-packages/rospy/msg.py", line 122, in args_kwds_to_message
    return data_class(*args)
  File "/opt/ros/kinetic/lib/python2.7/dist-packages/std_msgs/msg/_Float32MultiArray.py", line 74, in __init__
    super(Float32MultiArray, self).__init__(*args, **kwds)
  File "/opt/ros/kinetic/lib/python2.7/dist-packages/genpy/message.py", line 344, in __init__
    raise TypeError('Invalid number of arguments, args should be %s' % str(self.__slots__) + ' args are' + str(args))
TypeError: Invalid number of arguments, args should be ['layout', 'data'] args are([1.1676664285684515, 1.2746838246396481],)

[rosout][ERROR] 2025-03-27 14:31:31,127: bad callback: <bound method SonarProcessor.sonar_callback of <__main__.SonarProcessor instance at 0x7f930e4461b8>>
Traceback (most recent call last):
  File "/opt/ros/kinetic/lib/python2.7/dist-packages/rospy/topics.py", line 750, in _invoke_callback
    cb(msg)
  File "sonar_get_min_dist.py", line 28, in sonar_callback
    self.back_left_min, self.back_right_min = self.process_sonar_data(data)
  File "sonar_get_min_dist.py", line 58, in process_sonar_data
    self.pub_dists(sonar_min_dist)
  File "sonar_get_min_dist.py", line 74, in pub_dists
    pub.publish(min_distances)
  File "/opt/ros/kinetic/lib/python2.7/dist-packages/rospy/topics.py", line 879, in publish
    data = args_kwds_to_message(self.data_class, args, kwds)
  File "/opt/ros/kinetic/lib/python2.7/dist-packages/rospy/msg.py", line 122, in args_kwds_to_message
    return data_class(*args)
  File "/opt/ros/kinetic/lib/python2.7/dist-packages/std_msgs/msg/_Float32MultiArray.py", line 74, in __init__
    super(Float32MultiArray, self).__init__(*args, **kwds)
  File "/opt/ros/kinetic/lib/python2.7/dist-packages/genpy/message.py", line 344, in __init__
    raise TypeError('Invalid number of arguments, args should be %s' % str(self.__slots__) + ' args are' + str(args))
TypeError: Invalid number of arguments, args should be ['layout', 'data'] args are([1.1676664285684515, 1.2746838246396481],)

[rosout][ERROR] 2025-03-27 14:31:31,230: bad callback: <bound method SonarProcessor.sonar_callback of <__main__.SonarProcessor instance at 0x7f930e4461b8>>
Traceback (most recent call last):
  File "/opt/ros/kinetic/lib/python2.7/dist-packages/rospy/topics.py", line 750, in _invoke_callback
    cb(msg)
  File "sonar_get_min_dist.py", line 28, in sonar_callback
    self.back_left_min, self.back_right_min = self.process_sonar_data(data)
  File "sonar_get_min_dist.py", line 58, in process_sonar_data
    self.pub_dists(sonar_min_dist)
  File "sonar_get_min_dist.py", line 74, in pub_dists
    pub.publish(min_distances)
  File "/opt/ros/kinetic/lib/python2.7/dist-packages/rospy/topics.py", line 879, in publish
    data = args_kwds_to_message(self.data_class, args, kwds)
  File "/opt/ros/kinetic/lib/python2.7/dist-packages/rospy/msg.py", line 122, in args_kwds_to_message
    return data_class(*args)
  File "/opt/ros/kinetic/lib/python2.7/dist-packages/std_msgs/msg/_Float32MultiArray.py", line 74, in __init__
    super(Float32MultiArray, self).__init__(*args, **kwds)
  File "/opt/ros/kinetic/lib/python2.7/dist-packages/genpy/message.py", line 344, in __init__
    raise TypeError('Invalid number of arguments, args should be %s' % str(self.__slots__) + ' args are' + str(args))
TypeError: Invalid number of arguments, args should be ['layout', 'data'] args are([1.1676664285684515, 1.2746838246396481],)

[rosout][ERROR] 2025-03-27 14:31:31,327: bad callback: <bound method SonarProcessor.sonar_callback of <__main__.SonarProcessor instance at 0x7f930e4461b8>>
Traceback (most recent call last):
  File "/opt/ros/kinetic/lib/python2.7/dist-packages/rospy/topics.py", line 750, in _invoke_callback
    cb(msg)
  File "sonar_get_min_dist.py", line 28, in sonar_callback
    self.back_left_min, self.back_right_min = self.process_sonar_data(data)
  File "sonar_get_min_dist.py", line 58, in process_sonar_data
    self.pub_dists(sonar_min_dist)
  File "sonar_get_min_dist.py", line 74, in pub_dists
    pub.publish(min_distances)
  File "/opt/ros/kinetic/lib/python2.7/dist-packages/rospy/topics.py", line 879, in publish
    data = args_kwds_to_message(self.data_class, args, kwds)
  File "/opt/ros/kinetic/lib/python2.7/dist-packages/rospy/msg.py", line 122, in args_kwds_to_message
    return data_class(*args)
  File "/opt/ros/kinetic/lib/python2.7/dist-packages/std_msgs/msg/_Float32MultiArray.py", line 74, in __init__
    super(Float32MultiArray, self).__init__(*args, **kwds)
  File "/opt/ros/kinetic/lib/python2.7/dist-packages/genpy/message.py", line 344, in __init__
    raise TypeError('Invalid number of arguments, args should be %s' % str(self.__slots__) + ' args are' + str(args))
TypeError: Invalid number of arguments, args should be ['layout', 'data'] args are([1.1676664285684515, 1.2746838246396481],)

[rosout][ERROR] 2025-03-27 14:31:31,430: bad callback: <bound method SonarProcessor.sonar_callback of <__main__.SonarProcessor instance at 0x7f930e4461b8>>
Traceback (most recent call last):
  File "/opt/ros/kinetic/lib/python2.7/dist-packages/rospy/topics.py", line 750, in _invoke_callback
    cb(msg)
  File "sonar_get_min_dist.py", line 28, in sonar_callback
    self.back_left_min, self.back_right_min = self.process_sonar_data(data)
  File "sonar_get_min_dist.py", line 58, in process_sonar_data
    self.pub_dists(sonar_min_dist)
  File "sonar_get_min_dist.py", line 74, in pub_dists
    pub.publish(min_distances)
  File "/opt/ros/kinetic/lib/python2.7/dist-packages/rospy/topics.py", line 879, in publish
    data = args_kwds_to_message(self.data_class, args, kwds)
  File "/opt/ros/kinetic/lib/python2.7/dist-packages/rospy/msg.py", line 122, in args_kwds_to_message
    return data_class(*args)
  File "/opt/ros/kinetic/lib/python2.7/dist-packages/std_msgs/msg/_Float32MultiArray.py", line 74, in __init__
    super(Float32MultiArray, self).__init__(*args, **kwds)
  File "/opt/ros/kinetic/lib/python2.7/dist-packages/genpy/message.py", line 344, in __init__
    raise TypeError('Invalid number of arguments, args should be %s' % str(self.__slots__) + ' args are' + str(args))
TypeError: Invalid number of arguments, args should be ['layout', 'data'] args are([1.1676664285684515, 1.2746838246396481],)

[rosout][ERROR] 2025-03-27 14:31:31,527: bad callback: <bound method SonarProcessor.sonar_callback of <__main__.SonarProcessor instance at 0x7f930e4461b8>>
Traceback (most recent call last):
  File "/opt/ros/kinetic/lib/python2.7/dist-packages/rospy/topics.py", line 750, in _invoke_callback
    cb(msg)
  File "sonar_get_min_dist.py", line 28, in sonar_callback
    self.back_left_min, self.back_right_min = self.process_sonar_data(data)
  File "sonar_get_min_dist.py", line 58, in process_sonar_data
    self.pub_dists(sonar_min_dist)
  File "sonar_get_min_dist.py", line 74, in pub_dists
    pub.publish(min_distances)
  File "/opt/ros/kinetic/lib/python2.7/dist-packages/rospy/topics.py", line 879, in publish
    data = args_kwds_to_message(self.data_class, args, kwds)
  File "/opt/ros/kinetic/lib/python2.7/dist-packages/rospy/msg.py", line 122, in args_kwds_to_message
    return data_class(*args)
  File "/opt/ros/kinetic/lib/python2.7/dist-packages/std_msgs/msg/_Float32MultiArray.py", line 74, in __init__
    super(Float32MultiArray, self).__init__(*args, **kwds)
  File "/opt/ros/kinetic/lib/python2.7/dist-packages/genpy/message.py", line 344, in __init__
    raise TypeError('Invalid number of arguments, args should be %s' % str(self.__slots__) + ' args are' + str(args))
TypeError: Invalid number of arguments, args should be ['layout', 'data'] args are([1.1676664285684515, 1.2776461353290713],)

[rosout][ERROR] 2025-03-27 14:31:31,630: bad callback: <bound method SonarProcessor.sonar_callback of <__main__.SonarProcessor instance at 0x7f930e4461b8>>
Traceback (most recent call last):
  File "/opt/ros/kinetic/lib/python2.7/dist-packages/rospy/topics.py", line 750, in _invoke_callback
    cb(msg)
  File "sonar_get_min_dist.py", line 28, in sonar_callback
    self.back_left_min, self.back_right_min = self.process_sonar_data(data)
  File "sonar_get_min_dist.py", line 58, in process_sonar_data
    self.pub_dists(sonar_min_dist)
  File "sonar_get_min_dist.py", line 74, in pub_dists
    pub.publish(min_distances)
  File "/opt/ros/kinetic/lib/python2.7/dist-packages/rospy/topics.py", line 879, in publish
    data = args_kwds_to_message(self.data_class, args, kwds)
  File "/opt/ros/kinetic/lib/python2.7/dist-packages/rospy/msg.py", line 122, in args_kwds_to_message
    return data_class(*args)
  File "/opt/ros/kinetic/lib/python2.7/dist-packages/std_msgs/msg/_Float32MultiArray.py", line 74, in __init__
    super(Float32MultiArray, self).__init__(*args, **kwds)
  File "/opt/ros/kinetic/lib/python2.7/dist-packages/genpy/message.py", line 344, in __init__
    raise TypeError('Invalid number of arguments, args should be %s' % str(self.__slots__) + ' args are' + str(args))
TypeError: Invalid number of arguments, args should be ['layout', 'data'] args are([1.1676664285684515, 1.2776461353290713],)

[rosout][ERROR] 2025-03-27 14:31:31,727: bad callback: <bound method SonarProcessor.sonar_callback of <__main__.SonarProcessor instance at 0x7f930e4461b8>>
Traceback (most recent call last):
  File "/opt/ros/kinetic/lib/python2.7/dist-packages/rospy/topics.py", line 750, in _invoke_callback
    cb(msg)
  File "sonar_get_min_dist.py", line 28, in sonar_callback
    self.back_left_min, self.back_right_min = self.process_sonar_data(data)
  File "sonar_get_min_dist.py", line 58, in process_sonar_data
    self.pub_dists(sonar_min_dist)
  File "sonar_get_min_dist.py", line 74, in pub_dists
    pub.publish(min_distances)
  File "/opt/ros/kinetic/lib/python2.7/dist-packages/rospy/topics.py", line 879, in publish
    data = args_kwds_to_message(self.data_class, args, kwds)
  File "/opt/ros/kinetic/lib/python2.7/dist-packages/rospy/msg.py", line 122, in args_kwds_to_message
    return data_class(*args)
  File "/opt/ros/kinetic/lib/python2.7/dist-packages/std_msgs/msg/_Float32MultiArray.py", line 74, in __init__
    super(Float32MultiArray, self).__init__(*args, **kwds)
  File "/opt/ros/kinetic/lib/python2.7/dist-packages/genpy/message.py", line 344, in __init__
    raise TypeError('Invalid number of arguments, args should be %s' % str(self.__slots__) + ' args are' + str(args))
TypeError: Invalid number of arguments, args should be ['layout', 'data'] args are([1.1676664285684515, 1.2776461353290713],)

[rosout][ERROR] 2025-03-27 14:31:31,830: bad callback: <bound method SonarProcessor.sonar_callback of <__main__.SonarProcessor instance at 0x7f930e4461b8>>
Traceback (most recent call last):
  File "/opt/ros/kinetic/lib/python2.7/dist-packages/rospy/topics.py", line 750, in _invoke_callback
    cb(msg)
  File "sonar_get_min_dist.py", line 28, in sonar_callback
    self.back_left_min, self.back_right_min = self.process_sonar_data(data)
  File "sonar_get_min_dist.py", line 58, in process_sonar_data
    self.pub_dists(sonar_min_dist)
  File "sonar_get_min_dist.py", line 74, in pub_dists
    pub.publish(min_distances)
  File "/opt/ros/kinetic/lib/python2.7/dist-packages/rospy/topics.py", line 879, in publish
    data = args_kwds_to_message(self.data_class, args, kwds)
  File "/opt/ros/kinetic/lib/python2.7/dist-packages/rospy/msg.py", line 122, in args_kwds_to_message
    return data_class(*args)
  File "/opt/ros/kinetic/lib/python2.7/dist-packages/std_msgs/msg/_Float32MultiArray.py", line 74, in __init__
    super(Float32MultiArray, self).__init__(*args, **kwds)
  File "/opt/ros/kinetic/lib/python2.7/dist-packages/genpy/message.py", line 344, in __init__
    raise TypeError('Invalid number of arguments, args should be %s' % str(self.__slots__) + ' args are' + str(args))
TypeError: Invalid number of arguments, args should be ['layout', 'data'] args are([1.1676664285684515, 1.2746838246396481],)

[rosout][ERROR] 2025-03-27 14:31:31,927: bad callback: <bound method SonarProcessor.sonar_callback of <__main__.SonarProcessor instance at 0x7f930e4461b8>>
Traceback (most recent call last):
  File "/opt/ros/kinetic/lib/python2.7/dist-packages/rospy/topics.py", line 750, in _invoke_callback
    cb(msg)
  File "sonar_get_min_dist.py", line 28, in sonar_callback
    self.back_left_min, self.back_right_min = self.process_sonar_data(data)
  File "sonar_get_min_dist.py", line 58, in process_sonar_data
    self.pub_dists(sonar_min_dist)
  File "sonar_get_min_dist.py", line 74, in pub_dists
    pub.publish(min_distances)
  File "/opt/ros/kinetic/lib/python2.7/dist-packages/rospy/topics.py", line 879, in publish
    data = args_kwds_to_message(self.data_class, args, kwds)
  File "/opt/ros/kinetic/lib/python2.7/dist-packages/rospy/msg.py", line 122, in args_kwds_to_message
    return data_class(*args)
  File "/opt/ros/kinetic/lib/python2.7/dist-packages/std_msgs/msg/_Float32MultiArray.py", line 74, in __init__
    super(Float32MultiArray, self).__init__(*args, **kwds)
  File "/opt/ros/kinetic/lib/python2.7/dist-packages/genpy/message.py", line 344, in __init__
    raise TypeError('Invalid number of arguments, args should be %s' % str(self.__slots__) + ' args are' + str(args))
TypeError: Invalid number of arguments, args should be ['layout', 'data'] args are([1.1676664285684515, 1.2746838246396481],)

[rosout][ERROR] 2025-03-27 14:31:32,030: bad callback: <bound method SonarProcessor.sonar_callback of <__main__.SonarProcessor instance at 0x7f930e4461b8>>
Traceback (most recent call last):
  File "/opt/ros/kinetic/lib/python2.7/dist-packages/rospy/topics.py", line 750, in _invoke_callback
    cb(msg)
  File "sonar_get_min_dist.py", line 28, in sonar_callback
    self.back_left_min, self.back_right_min = self.process_sonar_data(data)
  File "sonar_get_min_dist.py", line 58, in process_sonar_data
    self.pub_dists(sonar_min_dist)
  File "sonar_get_min_dist.py", line 74, in pub_dists
    pub.publish(min_distances)
  File "/opt/ros/kinetic/lib/python2.7/dist-packages/rospy/topics.py", line 879, in publish
    data = args_kwds_to_message(self.data_class, args, kwds)
  File "/opt/ros/kinetic/lib/python2.7/dist-packages/rospy/msg.py", line 122, in args_kwds_to_message
    return data_class(*args)
  File "/opt/ros/kinetic/lib/python2.7/dist-packages/std_msgs/msg/_Float32MultiArray.py", line 74, in __init__
    super(Float32MultiArray, self).__init__(*args, **kwds)
  File "/opt/ros/kinetic/lib/python2.7/dist-packages/genpy/message.py", line 344, in __init__
    raise TypeError('Invalid number of arguments, args should be %s' % str(self.__slots__) + ' args are' + str(args))
TypeError: Invalid number of arguments, args should be ['layout', 'data'] args are([1.1676664285684515, 1.2746838246396481],)

[rosout][ERROR] 2025-03-27 14:31:32,127: bad callback: <bound method SonarProcessor.sonar_callback of <__main__.SonarProcessor instance at 0x7f930e4461b8>>
Traceback (most recent call last):
  File "/opt/ros/kinetic/lib/python2.7/dist-packages/rospy/topics.py", line 750, in _invoke_callback
    cb(msg)
  File "sonar_get_min_dist.py", line 28, in sonar_callback
    self.back_left_min, self.back_right_min = self.process_sonar_data(data)
  File "sonar_get_min_dist.py", line 58, in process_sonar_data
    self.pub_dists(sonar_min_dist)
  File "sonar_get_min_dist.py", line 74, in pub_dists
    pub.publish(min_distances)
  File "/opt/ros/kinetic/lib/python2.7/dist-packages/rospy/topics.py", line 879, in publish
    data = args_kwds_to_message(self.data_class, args, kwds)
  File "/opt/ros/kinetic/lib/python2.7/dist-packages/rospy/msg.py", line 122, in args_kwds_to_message
    return data_class(*args)
  File "/opt/ros/kinetic/lib/python2.7/dist-packages/std_msgs/msg/_Float32MultiArray.py", line 74, in __init__
    super(Float32MultiArray, self).__init__(*args, **kwds)
  File "/opt/ros/kinetic/lib/python2.7/dist-packages/genpy/message.py", line 344, in __init__
    raise TypeError('Invalid number of arguments, args should be %s' % str(self.__slots__) + ' args are' + str(args))
TypeError: Invalid number of arguments, args should be ['layout', 'data'] args are([1.1676664285684515, 1.2746838246396481],)

[rosout][ERROR] 2025-03-27 14:31:32,231: bad callback: <bound method SonarProcessor.sonar_callback of <__main__.SonarProcessor instance at 0x7f930e4461b8>>
Traceback (most recent call last):
  File "/opt/ros/kinetic/lib/python2.7/dist-packages/rospy/topics.py", line 750, in _invoke_callback
    cb(msg)
  File "sonar_get_min_dist.py", line 28, in sonar_callback
    self.back_left_min, self.back_right_min = self.process_sonar_data(data)
  File "sonar_get_min_dist.py", line 58, in process_sonar_data
    self.pub_dists(sonar_min_dist)
  File "sonar_get_min_dist.py", line 74, in pub_dists
    pub.publish(min_distances)
  File "/opt/ros/kinetic/lib/python2.7/dist-packages/rospy/topics.py", line 879, in publish
    data = args_kwds_to_message(self.data_class, args, kwds)
  File "/opt/ros/kinetic/lib/python2.7/dist-packages/rospy/msg.py", line 122, in args_kwds_to_message
    return data_class(*args)
  File "/opt/ros/kinetic/lib/python2.7/dist-packages/std_msgs/msg/_Float32MultiArray.py", line 74, in __init__
    super(Float32MultiArray, self).__init__(*args, **kwds)
  File "/opt/ros/kinetic/lib/python2.7/dist-packages/genpy/message.py", line 344, in __init__
    raise TypeError('Invalid number of arguments, args should be %s' % str(self.__slots__) + ' args are' + str(args))
TypeError: Invalid number of arguments, args should be ['layout', 'data'] args are([1.1676664285684515, 1.2746838246396481],)

[rosout][ERROR] 2025-03-27 14:31:32,327: bad callback: <bound method SonarProcessor.sonar_callback of <__main__.SonarProcessor instance at 0x7f930e4461b8>>
Traceback (most recent call last):
  File "/opt/ros/kinetic/lib/python2.7/dist-packages/rospy/topics.py", line 750, in _invoke_callback
    cb(msg)
  File "sonar_get_min_dist.py", line 28, in sonar_callback
    self.back_left_min, self.back_right_min = self.process_sonar_data(data)
  File "sonar_get_min_dist.py", line 58, in process_sonar_data
    self.pub_dists(sonar_min_dist)
  File "sonar_get_min_dist.py", line 74, in pub_dists
    pub.publish(min_distances)
  File "/opt/ros/kinetic/lib/python2.7/dist-packages/rospy/topics.py", line 879, in publish
    data = args_kwds_to_message(self.data_class, args, kwds)
  File "/opt/ros/kinetic/lib/python2.7/dist-packages/rospy/msg.py", line 122, in args_kwds_to_message
    return data_class(*args)
  File "/opt/ros/kinetic/lib/python2.7/dist-packages/std_msgs/msg/_Float32MultiArray.py", line 74, in __init__
    super(Float32MultiArray, self).__init__(*args, **kwds)
  File "/opt/ros/kinetic/lib/python2.7/dist-packages/genpy/message.py", line 344, in __init__
    raise TypeError('Invalid number of arguments, args should be %s' % str(self.__slots__) + ' args are' + str(args))
TypeError: Invalid number of arguments, args should be ['layout', 'data'] args are([1.1676664285684515, 1.2766587558280738],)

[rosout][ERROR] 2025-03-27 14:31:32,431: bad callback: <bound method SonarProcessor.sonar_callback of <__main__.SonarProcessor instance at 0x7f930e4461b8>>
Traceback (most recent call last):
  File "/opt/ros/kinetic/lib/python2.7/dist-packages/rospy/topics.py", line 750, in _invoke_callback
    cb(msg)
  File "sonar_get_min_dist.py", line 28, in sonar_callback
    self.back_left_min, self.back_right_min = self.process_sonar_data(data)
  File "sonar_get_min_dist.py", line 58, in process_sonar_data
    self.pub_dists(sonar_min_dist)
  File "sonar_get_min_dist.py", line 74, in pub_dists
    pub.publish(min_distances)
  File "/opt/ros/kinetic/lib/python2.7/dist-packages/rospy/topics.py", line 879, in publish
    data = args_kwds_to_message(self.data_class, args, kwds)
  File "/opt/ros/kinetic/lib/python2.7/dist-packages/rospy/msg.py", line 122, in args_kwds_to_message
    return data_class(*args)
  File "/opt/ros/kinetic/lib/python2.7/dist-packages/std_msgs/msg/_Float32MultiArray.py", line 74, in __init__
    super(Float32MultiArray, self).__init__(*args, **kwds)
  File "/opt/ros/kinetic/lib/python2.7/dist-packages/genpy/message.py", line 344, in __init__
    raise TypeError('Invalid number of arguments, args should be %s' % str(self.__slots__) + ' args are' + str(args))
TypeError: Invalid number of arguments, args should be ['layout', 'data'] args are([1.1676664285684515, 1.2766587558280738],)

[rosout][ERROR] 2025-03-27 14:31:32,528: bad callback: <bound method SonarProcessor.sonar_callback of <__main__.SonarProcessor instance at 0x7f930e4461b8>>
Traceback (most recent call last):
  File "/opt/ros/kinetic/lib/python2.7/dist-packages/rospy/topics.py", line 750, in _invoke_callback
    cb(msg)
  File "sonar_get_min_dist.py", line 28, in sonar_callback
    self.back_left_min, self.back_right_min = self.process_sonar_data(data)
  File "sonar_get_min_dist.py", line 58, in process_sonar_data
    self.pub_dists(sonar_min_dist)
  File "sonar_get_min_dist.py", line 74, in pub_dists
    pub.publish(min_distances)
  File "/opt/ros/kinetic/lib/python2.7/dist-packages/rospy/topics.py", line 879, in publish
    data = args_kwds_to_message(self.data_class, args, kwds)
  File "/opt/ros/kinetic/lib/python2.7/dist-packages/rospy/msg.py", line 122, in args_kwds_to_message
    return data_class(*args)
  File "/opt/ros/kinetic/lib/python2.7/dist-packages/std_msgs/msg/_Float32MultiArray.py", line 74, in __init__
    super(Float32MultiArray, self).__init__(*args, **kwds)
  File "/opt/ros/kinetic/lib/python2.7/dist-packages/genpy/message.py", line 344, in __init__
    raise TypeError('Invalid number of arguments, args should be %s' % str(self.__slots__) + ' args are' + str(args))
TypeError: Invalid number of arguments, args should be ['layout', 'data'] args are([1.1676664285684515, 1.2766587558280738],)

[rosout][ERROR] 2025-03-27 14:31:32,631: bad callback: <bound method SonarProcessor.sonar_callback of <__main__.SonarProcessor instance at 0x7f930e4461b8>>
Traceback (most recent call last):
  File "/opt/ros/kinetic/lib/python2.7/dist-packages/rospy/topics.py", line 750, in _invoke_callback
    cb(msg)
  File "sonar_get_min_dist.py", line 28, in sonar_callback
    self.back_left_min, self.back_right_min = self.process_sonar_data(data)
  File "sonar_get_min_dist.py", line 58, in process_sonar_data
    self.pub_dists(sonar_min_dist)
  File "sonar_get_min_dist.py", line 74, in pub_dists
    pub.publish(min_distances)
  File "/opt/ros/kinetic/lib/python2.7/dist-packages/rospy/topics.py", line 879, in publish
    data = args_kwds_to_message(self.data_class, args, kwds)
  File "/opt/ros/kinetic/lib/python2.7/dist-packages/rospy/msg.py", line 122, in args_kwds_to_message
    return data_class(*args)
  File "/opt/ros/kinetic/lib/python2.7/dist-packages/std_msgs/msg/_Float32MultiArray.py", line 74, in __init__
    super(Float32MultiArray, self).__init__(*args, **kwds)
  File "/opt/ros/kinetic/lib/python2.7/dist-packages/genpy/message.py", line 344, in __init__
    raise TypeError('Invalid number of arguments, args should be %s' % str(self.__slots__) + ' args are' + str(args))
TypeError: Invalid number of arguments, args should be ['layout', 'data'] args are([1.1676664285684515, 1.2746838246396481],)

[rosout][ERROR] 2025-03-27 14:31:32,728: bad callback: <bound method SonarProcessor.sonar_callback of <__main__.SonarProcessor instance at 0x7f930e4461b8>>
Traceback (most recent call last):
  File "/opt/ros/kinetic/lib/python2.7/dist-packages/rospy/topics.py", line 750, in _invoke_callback
    cb(msg)
  File "sonar_get_min_dist.py", line 28, in sonar_callback
    self.back_left_min, self.back_right_min = self.process_sonar_data(data)
  File "sonar_get_min_dist.py", line 58, in process_sonar_data
    self.pub_dists(sonar_min_dist)
  File "sonar_get_min_dist.py", line 74, in pub_dists
    pub.publish(min_distances)
  File "/opt/ros/kinetic/lib/python2.7/dist-packages/rospy/topics.py", line 879, in publish
    data = args_kwds_to_message(self.data_class, args, kwds)
  File "/opt/ros/kinetic/lib/python2.7/dist-packages/rospy/msg.py", line 122, in args_kwds_to_message
    return data_class(*args)
  File "/opt/ros/kinetic/lib/python2.7/dist-packages/std_msgs/msg/_Float32MultiArray.py", line 74, in __init__
    super(Float32MultiArray, self).__init__(*args, **kwds)
  File "/opt/ros/kinetic/lib/python2.7/dist-packages/genpy/message.py", line 344, in __init__
    raise TypeError('Invalid number of arguments, args should be %s' % str(self.__slots__) + ' args are' + str(args))
TypeError: Invalid number of arguments, args should be ['layout', 'data'] args are([1.1676664285684515, 1.2746838246396481],)

[rosout][ERROR] 2025-03-27 14:31:32,831: bad callback: <bound method SonarProcessor.sonar_callback of <__main__.SonarProcessor instance at 0x7f930e4461b8>>
Traceback (most recent call last):
  File "/opt/ros/kinetic/lib/python2.7/dist-packages/rospy/topics.py", line 750, in _invoke_callback
    cb(msg)
  File "sonar_get_min_dist.py", line 28, in sonar_callback
    self.back_left_min, self.back_right_min = self.process_sonar_data(data)
  File "sonar_get_min_dist.py", line 58, in process_sonar_data
    self.pub_dists(sonar_min_dist)
  File "sonar_get_min_dist.py", line 74, in pub_dists
    pub.publish(min_distances)
  File "/opt/ros/kinetic/lib/python2.7/dist-packages/rospy/topics.py", line 879, in publish
    data = args_kwds_to_message(self.data_class, args, kwds)
  File "/opt/ros/kinetic/lib/python2.7/dist-packages/rospy/msg.py", line 122, in args_kwds_to_message
    return data_class(*args)
  File "/opt/ros/kinetic/lib/python2.7/dist-packages/std_msgs/msg/_Float32MultiArray.py", line 74, in __init__
    super(Float32MultiArray, self).__init__(*args, **kwds)
  File "/opt/ros/kinetic/lib/python2.7/dist-packages/genpy/message.py", line 344, in __init__
    raise TypeError('Invalid number of arguments, args should be %s' % str(self.__slots__) + ' args are' + str(args))
TypeError: Invalid number of arguments, args should be ['layout', 'data'] args are([1.1676664285684515, 1.2746838246396481],)

[rosout][ERROR] 2025-03-27 14:31:32,928: bad callback: <bound method SonarProcessor.sonar_callback of <__main__.SonarProcessor instance at 0x7f930e4461b8>>
Traceback (most recent call last):
  File "/opt/ros/kinetic/lib/python2.7/dist-packages/rospy/topics.py", line 750, in _invoke_callback
    cb(msg)
  File "sonar_get_min_dist.py", line 28, in sonar_callback
    self.back_left_min, self.back_right_min = self.process_sonar_data(data)
  File "sonar_get_min_dist.py", line 58, in process_sonar_data
    self.pub_dists(sonar_min_dist)
  File "sonar_get_min_dist.py", line 74, in pub_dists
    pub.publish(min_distances)
  File "/opt/ros/kinetic/lib/python2.7/dist-packages/rospy/topics.py", line 879, in publish
    data = args_kwds_to_message(self.data_class, args, kwds)
  File "/opt/ros/kinetic/lib/python2.7/dist-packages/rospy/msg.py", line 122, in args_kwds_to_message
    return data_class(*args)
  File "/opt/ros/kinetic/lib/python2.7/dist-packages/std_msgs/msg/_Float32MultiArray.py", line 74, in __init__
    super(Float32MultiArray, self).__init__(*args, **kwds)
  File "/opt/ros/kinetic/lib/python2.7/dist-packages/genpy/message.py", line 344, in __init__
    raise TypeError('Invalid number of arguments, args should be %s' % str(self.__slots__) + ' args are' + str(args))
TypeError: Invalid number of arguments, args should be ['layout', 'data'] args are([1.1676664285684515, 1.2776461353290713],)

[rosout][ERROR] 2025-03-27 14:31:33,031: bad callback: <bound method SonarProcessor.sonar_callback of <__main__.SonarProcessor instance at 0x7f930e4461b8>>
Traceback (most recent call last):
  File "/opt/ros/kinetic/lib/python2.7/dist-packages/rospy/topics.py", line 750, in _invoke_callback
    cb(msg)
  File "sonar_get_min_dist.py", line 28, in sonar_callback
    self.back_left_min, self.back_right_min = self.process_sonar_data(data)
  File "sonar_get_min_dist.py", line 58, in process_sonar_data
    self.pub_dists(sonar_min_dist)
  File "sonar_get_min_dist.py", line 74, in pub_dists
    pub.publish(min_distances)
  File "/opt/ros/kinetic/lib/python2.7/dist-packages/rospy/topics.py", line 879, in publish
    data = args_kwds_to_message(self.data_class, args, kwds)
  File "/opt/ros/kinetic/lib/python2.7/dist-packages/rospy/msg.py", line 122, in args_kwds_to_message
    return data_class(*args)
  File "/opt/ros/kinetic/lib/python2.7/dist-packages/std_msgs/msg/_Float32MultiArray.py", line 74, in __init__
    super(Float32MultiArray, self).__init__(*args, **kwds)
  File "/opt/ros/kinetic/lib/python2.7/dist-packages/genpy/message.py", line 344, in __init__
    raise TypeError('Invalid number of arguments, args should be %s' % str(self.__slots__) + ' args are' + str(args))
TypeError: Invalid number of arguments, args should be ['layout', 'data'] args are([1.1676664285684515, 1.2776461353290713],)

[rosout][ERROR] 2025-03-27 14:31:33,128: bad callback: <bound method SonarProcessor.sonar_callback of <__main__.SonarProcessor instance at 0x7f930e4461b8>>
Traceback (most recent call last):
  File "/opt/ros/kinetic/lib/python2.7/dist-packages/rospy/topics.py", line 750, in _invoke_callback
    cb(msg)
  File "sonar_get_min_dist.py", line 28, in sonar_callback
    self.back_left_min, self.back_right_min = self.process_sonar_data(data)
  File "sonar_get_min_dist.py", line 58, in process_sonar_data
    self.pub_dists(sonar_min_dist)
  File "sonar_get_min_dist.py", line 74, in pub_dists
    pub.publish(min_distances)
  File "/opt/ros/kinetic/lib/python2.7/dist-packages/rospy/topics.py", line 879, in publish
    data = args_kwds_to_message(self.data_class, args, kwds)
  File "/opt/ros/kinetic/lib/python2.7/dist-packages/rospy/msg.py", line 122, in args_kwds_to_message
    return data_class(*args)
  File "/opt/ros/kinetic/lib/python2.7/dist-packages/std_msgs/msg/_Float32MultiArray.py", line 74, in __init__
    super(Float32MultiArray, self).__init__(*args, **kwds)
  File "/opt/ros/kinetic/lib/python2.7/dist-packages/genpy/message.py", line 344, in __init__
    raise TypeError('Invalid number of arguments, args should be %s' % str(self.__slots__) + ' args are' + str(args))
TypeError: Invalid number of arguments, args should be ['layout', 'data'] args are([1.1676664285684515, 1.2776461353290713],)

[rosout][ERROR] 2025-03-27 14:31:33,231: bad callback: <bound method SonarProcessor.sonar_callback of <__main__.SonarProcessor instance at 0x7f930e4461b8>>
Traceback (most recent call last):
  File "/opt/ros/kinetic/lib/python2.7/dist-packages/rospy/topics.py", line 750, in _invoke_callback
    cb(msg)
  File "sonar_get_min_dist.py", line 28, in sonar_callback
    self.back_left_min, self.back_right_min = self.process_sonar_data(data)
  File "sonar_get_min_dist.py", line 58, in process_sonar_data
    self.pub_dists(sonar_min_dist)
  File "sonar_get_min_dist.py", line 74, in pub_dists
    pub.publish(min_distances)
  File "/opt/ros/kinetic/lib/python2.7/dist-packages/rospy/topics.py", line 879, in publish
    data = args_kwds_to_message(self.data_class, args, kwds)
  File "/opt/ros/kinetic/lib/python2.7/dist-packages/rospy/msg.py", line 122, in args_kwds_to_message
    return data_class(*args)
  File "/opt/ros/kinetic/lib/python2.7/dist-packages/std_msgs/msg/_Float32MultiArray.py", line 74, in __init__
    super(Float32MultiArray, self).__init__(*args, **kwds)
  File "/opt/ros/kinetic/lib/python2.7/dist-packages/genpy/message.py", line 344, in __init__
    raise TypeError('Invalid number of arguments, args should be %s' % str(self.__slots__) + ' args are' + str(args))
TypeError: Invalid number of arguments, args should be ['layout', 'data'] args are([1.1676664285684515, 1.278633666457485],)

[rosout][ERROR] 2025-03-27 14:31:33,328: bad callback: <bound method SonarProcessor.sonar_callback of <__main__.SonarProcessor instance at 0x7f930e4461b8>>
Traceback (most recent call last):
  File "/opt/ros/kinetic/lib/python2.7/dist-packages/rospy/topics.py", line 750, in _invoke_callback
    cb(msg)
  File "sonar_get_min_dist.py", line 28, in sonar_callback
    self.back_left_min, self.back_right_min = self.process_sonar_data(data)
  File "sonar_get_min_dist.py", line 58, in process_sonar_data
    self.pub_dists(sonar_min_dist)
  File "sonar_get_min_dist.py", line 74, in pub_dists
    pub.publish(min_distances)
  File "/opt/ros/kinetic/lib/python2.7/dist-packages/rospy/topics.py", line 879, in publish
    data = args_kwds_to_message(self.data_class, args, kwds)
  File "/opt/ros/kinetic/lib/python2.7/dist-packages/rospy/msg.py", line 122, in args_kwds_to_message
    return data_class(*args)
  File "/opt/ros/kinetic/lib/python2.7/dist-packages/std_msgs/msg/_Float32MultiArray.py", line 74, in __init__
    super(Float32MultiArray, self).__init__(*args, **kwds)
  File "/opt/ros/kinetic/lib/python2.7/dist-packages/genpy/message.py", line 344, in __init__
    raise TypeError('Invalid number of arguments, args should be %s' % str(self.__slots__) + ' args are' + str(args))
TypeError: Invalid number of arguments, args should be ['layout', 'data'] args are([1.1676664285684515, 1.278633666457485],)

[rosout][ERROR] 2025-03-27 14:31:33,431: bad callback: <bound method SonarProcessor.sonar_callback of <__main__.SonarProcessor instance at 0x7f930e4461b8>>
Traceback (most recent call last):
  File "/opt/ros/kinetic/lib/python2.7/dist-packages/rospy/topics.py", line 750, in _invoke_callback
    cb(msg)
  File "sonar_get_min_dist.py", line 28, in sonar_callback
    self.back_left_min, self.back_right_min = self.process_sonar_data(data)
  File "sonar_get_min_dist.py", line 58, in process_sonar_data
    self.pub_dists(sonar_min_dist)
  File "sonar_get_min_dist.py", line 74, in pub_dists
    pub.publish(min_distances)
  File "/opt/ros/kinetic/lib/python2.7/dist-packages/rospy/topics.py", line 879, in publish
    data = args_kwds_to_message(self.data_class, args, kwds)
  File "/opt/ros/kinetic/lib/python2.7/dist-packages/rospy/msg.py", line 122, in args_kwds_to_message
    return data_class(*args)
  File "/opt/ros/kinetic/lib/python2.7/dist-packages/std_msgs/msg/_Float32MultiArray.py", line 74, in __init__
    super(Float32MultiArray, self).__init__(*args, **kwds)
  File "/opt/ros/kinetic/lib/python2.7/dist-packages/genpy/message.py", line 344, in __init__
    raise TypeError('Invalid number of arguments, args should be %s' % str(self.__slots__) + ' args are' + str(args))
TypeError: Invalid number of arguments, args should be ['layout', 'data'] args are([1.1676664285684515, 1.2746838246396481],)

[rosout][ERROR] 2025-03-27 14:31:33,528: bad callback: <bound method SonarProcessor.sonar_callback of <__main__.SonarProcessor instance at 0x7f930e4461b8>>
Traceback (most recent call last):
  File "/opt/ros/kinetic/lib/python2.7/dist-packages/rospy/topics.py", line 750, in _invoke_callback
    cb(msg)
  File "sonar_get_min_dist.py", line 28, in sonar_callback
    self.back_left_min, self.back_right_min = self.process_sonar_data(data)
  File "sonar_get_min_dist.py", line 58, in process_sonar_data
    self.pub_dists(sonar_min_dist)
  File "sonar_get_min_dist.py", line 74, in pub_dists
    pub.publish(min_distances)
  File "/opt/ros/kinetic/lib/python2.7/dist-packages/rospy/topics.py", line 879, in publish
    data = args_kwds_to_message(self.data_class, args, kwds)
  File "/opt/ros/kinetic/lib/python2.7/dist-packages/rospy/msg.py", line 122, in args_kwds_to_message
    return data_class(*args)
  File "/opt/ros/kinetic/lib/python2.7/dist-packages/std_msgs/msg/_Float32MultiArray.py", line 74, in __init__
    super(Float32MultiArray, self).__init__(*args, **kwds)
  File "/opt/ros/kinetic/lib/python2.7/dist-packages/genpy/message.py", line 344, in __init__
    raise TypeError('Invalid number of arguments, args should be %s' % str(self.__slots__) + ' args are' + str(args))
TypeError: Invalid number of arguments, args should be ['layout', 'data'] args are([1.1676664285684515, 1.2746838246396481],)

[rosout][ERROR] 2025-03-27 14:31:33,631: bad callback: <bound method SonarProcessor.sonar_callback of <__main__.SonarProcessor instance at 0x7f930e4461b8>>
Traceback (most recent call last):
  File "/opt/ros/kinetic/lib/python2.7/dist-packages/rospy/topics.py", line 750, in _invoke_callback
    cb(msg)
  File "sonar_get_min_dist.py", line 28, in sonar_callback
    self.back_left_min, self.back_right_min = self.process_sonar_data(data)
  File "sonar_get_min_dist.py", line 58, in process_sonar_data
    self.pub_dists(sonar_min_dist)
  File "sonar_get_min_dist.py", line 74, in pub_dists
    pub.publish(min_distances)
  File "/opt/ros/kinetic/lib/python2.7/dist-packages/rospy/topics.py", line 879, in publish
    data = args_kwds_to_message(self.data_class, args, kwds)
  File "/opt/ros/kinetic/lib/python2.7/dist-packages/rospy/msg.py", line 122, in args_kwds_to_message
    return data_class(*args)
  File "/opt/ros/kinetic/lib/python2.7/dist-packages/std_msgs/msg/_Float32MultiArray.py", line 74, in __init__
    super(Float32MultiArray, self).__init__(*args, **kwds)
  File "/opt/ros/kinetic/lib/python2.7/dist-packages/genpy/message.py", line 344, in __init__
    raise TypeError('Invalid number of arguments, args should be %s' % str(self.__slots__) + ' args are' + str(args))
TypeError: Invalid number of arguments, args should be ['layout', 'data'] args are([1.1676664285684515, 1.2746838246396481],)

[rosout][ERROR] 2025-03-27 14:31:33,728: bad callback: <bound method SonarProcessor.sonar_callback of <__main__.SonarProcessor instance at 0x7f930e4461b8>>
Traceback (most recent call last):
  File "/opt/ros/kinetic/lib/python2.7/dist-packages/rospy/topics.py", line 750, in _invoke_callback
    cb(msg)
  File "sonar_get_min_dist.py", line 28, in sonar_callback
    self.back_left_min, self.back_right_min = self.process_sonar_data(data)
  File "sonar_get_min_dist.py", line 58, in process_sonar_data
    self.pub_dists(sonar_min_dist)
  File "sonar_get_min_dist.py", line 74, in pub_dists
    pub.publish(min_distances)
  File "/opt/ros/kinetic/lib/python2.7/dist-packages/rospy/topics.py", line 879, in publish
    data = args_kwds_to_message(self.data_class, args, kwds)
  File "/opt/ros/kinetic/lib/python2.7/dist-packages/rospy/msg.py", line 122, in args_kwds_to_message
    return data_class(*args)
  File "/opt/ros/kinetic/lib/python2.7/dist-packages/std_msgs/msg/_Float32MultiArray.py", line 74, in __init__
    super(Float32MultiArray, self).__init__(*args, **kwds)
  File "/opt/ros/kinetic/lib/python2.7/dist-packages/genpy/message.py", line 344, in __init__
    raise TypeError('Invalid number of arguments, args should be %s' % str(self.__slots__) + ' args are' + str(args))
TypeError: Invalid number of arguments, args should be ['layout', 'data'] args are([1.1676664285684515, 1.2746838246396481],)

[rosout][ERROR] 2025-03-27 14:31:33,831: bad callback: <bound method SonarProcessor.sonar_callback of <__main__.SonarProcessor instance at 0x7f930e4461b8>>
Traceback (most recent call last):
  File "/opt/ros/kinetic/lib/python2.7/dist-packages/rospy/topics.py", line 750, in _invoke_callback
    cb(msg)
  File "sonar_get_min_dist.py", line 28, in sonar_callback
    self.back_left_min, self.back_right_min = self.process_sonar_data(data)
  File "sonar_get_min_dist.py", line 58, in process_sonar_data
    self.pub_dists(sonar_min_dist)
  File "sonar_get_min_dist.py", line 74, in pub_dists
    pub.publish(min_distances)
  File "/opt/ros/kinetic/lib/python2.7/dist-packages/rospy/topics.py", line 879, in publish
    data = args_kwds_to_message(self.data_class, args, kwds)
  File "/opt/ros/kinetic/lib/python2.7/dist-packages/rospy/msg.py", line 122, in args_kwds_to_message
    return data_class(*args)
  File "/opt/ros/kinetic/lib/python2.7/dist-packages/std_msgs/msg/_Float32MultiArray.py", line 74, in __init__
    super(Float32MultiArray, self).__init__(*args, **kwds)
  File "/opt/ros/kinetic/lib/python2.7/dist-packages/genpy/message.py", line 344, in __init__
    raise TypeError('Invalid number of arguments, args should be %s' % str(self.__slots__) + ' args are' + str(args))
TypeError: Invalid number of arguments, args should be ['layout', 'data'] args are([1.1676664285684515, 1.2746838246396481],)

[rosout][ERROR] 2025-03-27 14:31:33,928: bad callback: <bound method SonarProcessor.sonar_callback of <__main__.SonarProcessor instance at 0x7f930e4461b8>>
Traceback (most recent call last):
  File "/opt/ros/kinetic/lib/python2.7/dist-packages/rospy/topics.py", line 750, in _invoke_callback
    cb(msg)
  File "sonar_get_min_dist.py", line 28, in sonar_callback
    self.back_left_min, self.back_right_min = self.process_sonar_data(data)
  File "sonar_get_min_dist.py", line 58, in process_sonar_data
    self.pub_dists(sonar_min_dist)
  File "sonar_get_min_dist.py", line 74, in pub_dists
    pub.publish(min_distances)
  File "/opt/ros/kinetic/lib/python2.7/dist-packages/rospy/topics.py", line 879, in publish
    data = args_kwds_to_message(self.data_class, args, kwds)
  File "/opt/ros/kinetic/lib/python2.7/dist-packages/rospy/msg.py", line 122, in args_kwds_to_message
    return data_class(*args)
  File "/opt/ros/kinetic/lib/python2.7/dist-packages/std_msgs/msg/_Float32MultiArray.py", line 74, in __init__
    super(Float32MultiArray, self).__init__(*args, **kwds)
  File "/opt/ros/kinetic/lib/python2.7/dist-packages/genpy/message.py", line 344, in __init__
    raise TypeError('Invalid number of arguments, args should be %s' % str(self.__slots__) + ' args are' + str(args))
TypeError: Invalid number of arguments, args should be ['layout', 'data'] args are([1.1676664285684515, 1.2746838246396481],)

[rosout][ERROR] 2025-03-27 14:31:34,031: bad callback: <bound method SonarProcessor.sonar_callback of <__main__.SonarProcessor instance at 0x7f930e4461b8>>
Traceback (most recent call last):
  File "/opt/ros/kinetic/lib/python2.7/dist-packages/rospy/topics.py", line 750, in _invoke_callback
    cb(msg)
  File "sonar_get_min_dist.py", line 28, in sonar_callback
    self.back_left_min, self.back_right_min = self.process_sonar_data(data)
  File "sonar_get_min_dist.py", line 58, in process_sonar_data
    self.pub_dists(sonar_min_dist)
  File "sonar_get_min_dist.py", line 74, in pub_dists
    pub.publish(min_distances)
  File "/opt/ros/kinetic/lib/python2.7/dist-packages/rospy/topics.py", line 879, in publish
    data = args_kwds_to_message(self.data_class, args, kwds)
  File "/opt/ros/kinetic/lib/python2.7/dist-packages/rospy/msg.py", line 122, in args_kwds_to_message
    return data_class(*args)
  File "/opt/ros/kinetic/lib/python2.7/dist-packages/std_msgs/msg/_Float32MultiArray.py", line 74, in __init__
    super(Float32MultiArray, self).__init__(*args, **kwds)
  File "/opt/ros/kinetic/lib/python2.7/dist-packages/genpy/message.py", line 344, in __init__
    raise TypeError('Invalid number of arguments, args should be %s' % str(self.__slots__) + ' args are' + str(args))
TypeError: Invalid number of arguments, args should be ['layout', 'data'] args are([1.1676664285684515, 1.278633666457485],)

[rosout][ERROR] 2025-03-27 14:31:34,128: bad callback: <bound method SonarProcessor.sonar_callback of <__main__.SonarProcessor instance at 0x7f930e4461b8>>
Traceback (most recent call last):
  File "/opt/ros/kinetic/lib/python2.7/dist-packages/rospy/topics.py", line 750, in _invoke_callback
    cb(msg)
  File "sonar_get_min_dist.py", line 28, in sonar_callback
    self.back_left_min, self.back_right_min = self.process_sonar_data(data)
  File "sonar_get_min_dist.py", line 58, in process_sonar_data
    self.pub_dists(sonar_min_dist)
  File "sonar_get_min_dist.py", line 74, in pub_dists
    pub.publish(min_distances)
  File "/opt/ros/kinetic/lib/python2.7/dist-packages/rospy/topics.py", line 879, in publish
    data = args_kwds_to_message(self.data_class, args, kwds)
  File "/opt/ros/kinetic/lib/python2.7/dist-packages/rospy/msg.py", line 122, in args_kwds_to_message
    return data_class(*args)
  File "/opt/ros/kinetic/lib/python2.7/dist-packages/std_msgs/msg/_Float32MultiArray.py", line 74, in __init__
    super(Float32MultiArray, self).__init__(*args, **kwds)
  File "/opt/ros/kinetic/lib/python2.7/dist-packages/genpy/message.py", line 344, in __init__
    raise TypeError('Invalid number of arguments, args should be %s' % str(self.__slots__) + ' args are' + str(args))
TypeError: Invalid number of arguments, args should be ['layout', 'data'] args are([1.1676664285684515, 1.278633666457485],)

[rosout][ERROR] 2025-03-27 14:31:34,231: bad callback: <bound method SonarProcessor.sonar_callback of <__main__.SonarProcessor instance at 0x7f930e4461b8>>
Traceback (most recent call last):
  File "/opt/ros/kinetic/lib/python2.7/dist-packages/rospy/topics.py", line 750, in _invoke_callback
    cb(msg)
  File "sonar_get_min_dist.py", line 28, in sonar_callback
    self.back_left_min, self.back_right_min = self.process_sonar_data(data)
  File "sonar_get_min_dist.py", line 58, in process_sonar_data
    self.pub_dists(sonar_min_dist)
  File "sonar_get_min_dist.py", line 74, in pub_dists
    pub.publish(min_distances)
  File "/opt/ros/kinetic/lib/python2.7/dist-packages/rospy/topics.py", line 879, in publish
    data = args_kwds_to_message(self.data_class, args, kwds)
  File "/opt/ros/kinetic/lib/python2.7/dist-packages/rospy/msg.py", line 122, in args_kwds_to_message
    return data_class(*args)
  File "/opt/ros/kinetic/lib/python2.7/dist-packages/std_msgs/msg/_Float32MultiArray.py", line 74, in __init__
    super(Float32MultiArray, self).__init__(*args, **kwds)
  File "/opt/ros/kinetic/lib/python2.7/dist-packages/genpy/message.py", line 344, in __init__
    raise TypeError('Invalid number of arguments, args should be %s' % str(self.__slots__) + ' args are' + str(args))
TypeError: Invalid number of arguments, args should be ['layout', 'data'] args are([1.1676664285684515, 1.278633666457485],)

[rosout][ERROR] 2025-03-27 14:31:34,328: bad callback: <bound method SonarProcessor.sonar_callback of <__main__.SonarProcessor instance at 0x7f930e4461b8>>
Traceback (most recent call last):
  File "/opt/ros/kinetic/lib/python2.7/dist-packages/rospy/topics.py", line 750, in _invoke_callback
    cb(msg)
  File "sonar_get_min_dist.py", line 28, in sonar_callback
    self.back_left_min, self.back_right_min = self.process_sonar_data(data)
  File "sonar_get_min_dist.py", line 58, in process_sonar_data
    self.pub_dists(sonar_min_dist)
  File "sonar_get_min_dist.py", line 74, in pub_dists
    pub.publish(min_distances)
  File "/opt/ros/kinetic/lib/python2.7/dist-packages/rospy/topics.py", line 879, in publish
    data = args_kwds_to_message(self.data_class, args, kwds)
  File "/opt/ros/kinetic/lib/python2.7/dist-packages/rospy/msg.py", line 122, in args_kwds_to_message
    return data_class(*args)
  File "/opt/ros/kinetic/lib/python2.7/dist-packages/std_msgs/msg/_Float32MultiArray.py", line 74, in __init__
    super(Float32MultiArray, self).__init__(*args, **kwds)
  File "/opt/ros/kinetic/lib/python2.7/dist-packages/genpy/message.py", line 344, in __init__
    raise TypeError('Invalid number of arguments, args should be %s' % str(self.__slots__) + ' args are' + str(args))
TypeError: Invalid number of arguments, args should be ['layout', 'data'] args are([1.1676664285684515, 1.280608621494256],)

[rosout][ERROR] 2025-03-27 14:31:34,431: bad callback: <bound method SonarProcessor.sonar_callback of <__main__.SonarProcessor instance at 0x7f930e4461b8>>
Traceback (most recent call last):
  File "/opt/ros/kinetic/lib/python2.7/dist-packages/rospy/topics.py", line 750, in _invoke_callback
    cb(msg)
  File "sonar_get_min_dist.py", line 28, in sonar_callback
    self.back_left_min, self.back_right_min = self.process_sonar_data(data)
  File "sonar_get_min_dist.py", line 58, in process_sonar_data
    self.pub_dists(sonar_min_dist)
  File "sonar_get_min_dist.py", line 74, in pub_dists
    pub.publish(min_distances)
  File "/opt/ros/kinetic/lib/python2.7/dist-packages/rospy/topics.py", line 879, in publish
    data = args_kwds_to_message(self.data_class, args, kwds)
  File "/opt/ros/kinetic/lib/python2.7/dist-packages/rospy/msg.py", line 122, in args_kwds_to_message
    return data_class(*args)
  File "/opt/ros/kinetic/lib/python2.7/dist-packages/std_msgs/msg/_Float32MultiArray.py", line 74, in __init__
    super(Float32MultiArray, self).__init__(*args, **kwds)
  File "/opt/ros/kinetic/lib/python2.7/dist-packages/genpy/message.py", line 344, in __init__
    raise TypeError('Invalid number of arguments, args should be %s' % str(self.__slots__) + ' args are' + str(args))
TypeError: Invalid number of arguments, args should be ['layout', 'data'] args are([1.1676664285684515, 1.280608621494256],)

[rosout][ERROR] 2025-03-27 14:31:34,528: bad callback: <bound method SonarProcessor.sonar_callback of <__main__.SonarProcessor instance at 0x7f930e4461b8>>
Traceback (most recent call last):
  File "/opt/ros/kinetic/lib/python2.7/dist-packages/rospy/topics.py", line 750, in _invoke_callback
    cb(msg)
  File "sonar_get_min_dist.py", line 28, in sonar_callback
    self.back_left_min, self.back_right_min = self.process_sonar_data(data)
  File "sonar_get_min_dist.py", line 58, in process_sonar_data
    self.pub_dists(sonar_min_dist)
  File "sonar_get_min_dist.py", line 74, in pub_dists
    pub.publish(min_distances)
  File "/opt/ros/kinetic/lib/python2.7/dist-packages/rospy/topics.py", line 879, in publish
    data = args_kwds_to_message(self.data_class, args, kwds)
  File "/opt/ros/kinetic/lib/python2.7/dist-packages/rospy/msg.py", line 122, in args_kwds_to_message
    return data_class(*args)
  File "/opt/ros/kinetic/lib/python2.7/dist-packages/std_msgs/msg/_Float32MultiArray.py", line 74, in __init__
    super(Float32MultiArray, self).__init__(*args, **kwds)
  File "/opt/ros/kinetic/lib/python2.7/dist-packages/genpy/message.py", line 344, in __init__
    raise TypeError('Invalid number of arguments, args should be %s' % str(self.__slots__) + ' args are' + str(args))
TypeError: Invalid number of arguments, args should be ['layout', 'data'] args are([1.1676664285684515, 1.280608621494256],)

[rosout][ERROR] 2025-03-27 14:31:34,632: bad callback: <bound method SonarProcessor.sonar_callback of <__main__.SonarProcessor instance at 0x7f930e4461b8>>
Traceback (most recent call last):
  File "/opt/ros/kinetic/lib/python2.7/dist-packages/rospy/topics.py", line 750, in _invoke_callback
    cb(msg)
  File "sonar_get_min_dist.py", line 28, in sonar_callback
    self.back_left_min, self.back_right_min = self.process_sonar_data(data)
  File "sonar_get_min_dist.py", line 58, in process_sonar_data
    self.pub_dists(sonar_min_dist)
  File "sonar_get_min_dist.py", line 74, in pub_dists
    pub.publish(min_distances)
  File "/opt/ros/kinetic/lib/python2.7/dist-packages/rospy/topics.py", line 879, in publish
    data = args_kwds_to_message(self.data_class, args, kwds)
  File "/opt/ros/kinetic/lib/python2.7/dist-packages/rospy/msg.py", line 122, in args_kwds_to_message
    return data_class(*args)
  File "/opt/ros/kinetic/lib/python2.7/dist-packages/std_msgs/msg/_Float32MultiArray.py", line 74, in __init__
    super(Float32MultiArray, self).__init__(*args, **kwds)
  File "/opt/ros/kinetic/lib/python2.7/dist-packages/genpy/message.py", line 344, in __init__
    raise TypeError('Invalid number of arguments, args should be %s' % str(self.__slots__) + ' args are' + str(args))
TypeError: Invalid number of arguments, args should be ['layout', 'data'] args are([1.1676664285684515, 1.299375086533069],)

[rosout][ERROR] 2025-03-27 14:31:34,728: bad callback: <bound method SonarProcessor.sonar_callback of <__main__.SonarProcessor instance at 0x7f930e4461b8>>
Traceback (most recent call last):
  File "/opt/ros/kinetic/lib/python2.7/dist-packages/rospy/topics.py", line 750, in _invoke_callback
    cb(msg)
  File "sonar_get_min_dist.py", line 28, in sonar_callback
    self.back_left_min, self.back_right_min = self.process_sonar_data(data)
  File "sonar_get_min_dist.py", line 58, in process_sonar_data
    self.pub_dists(sonar_min_dist)
  File "sonar_get_min_dist.py", line 74, in pub_dists
    pub.publish(min_distances)
  File "/opt/ros/kinetic/lib/python2.7/dist-packages/rospy/topics.py", line 879, in publish
    data = args_kwds_to_message(self.data_class, args, kwds)
  File "/opt/ros/kinetic/lib/python2.7/dist-packages/rospy/msg.py", line 122, in args_kwds_to_message
    return data_class(*args)
  File "/opt/ros/kinetic/lib/python2.7/dist-packages/std_msgs/msg/_Float32MultiArray.py", line 74, in __init__
    super(Float32MultiArray, self).__init__(*args, **kwds)
  File "/opt/ros/kinetic/lib/python2.7/dist-packages/genpy/message.py", line 344, in __init__
    raise TypeError('Invalid number of arguments, args should be %s' % str(self.__slots__) + ' args are' + str(args))
TypeError: Invalid number of arguments, args should be ['layout', 'data'] args are([1.1676664285684515, 1.299375086533069],)

[rosout][ERROR] 2025-03-27 14:31:34,830: bad callback: <bound method SonarProcessor.sonar_callback of <__main__.SonarProcessor instance at 0x7f930e4461b8>>
Traceback (most recent call last):
  File "/opt/ros/kinetic/lib/python2.7/dist-packages/rospy/topics.py", line 750, in _invoke_callback
    cb(msg)
  File "sonar_get_min_dist.py", line 28, in sonar_callback
    self.back_left_min, self.back_right_min = self.process_sonar_data(data)
  File "sonar_get_min_dist.py", line 58, in process_sonar_data
    self.pub_dists(sonar_min_dist)
  File "sonar_get_min_dist.py", line 74, in pub_dists
    pub.publish(min_distances)
  File "/opt/ros/kinetic/lib/python2.7/dist-packages/rospy/topics.py", line 879, in publish
    data = args_kwds_to_message(self.data_class, args, kwds)
  File "/opt/ros/kinetic/lib/python2.7/dist-packages/rospy/msg.py", line 122, in args_kwds_to_message
    return data_class(*args)
  File "/opt/ros/kinetic/lib/python2.7/dist-packages/std_msgs/msg/_Float32MultiArray.py", line 74, in __init__
    super(Float32MultiArray, self).__init__(*args, **kwds)
  File "/opt/ros/kinetic/lib/python2.7/dist-packages/genpy/message.py", line 344, in __init__
    raise TypeError('Invalid number of arguments, args should be %s' % str(self.__slots__) + ' args are' + str(args))
TypeError: Invalid number of arguments, args should be ['layout', 'data'] args are([1.1676664285684515, 1.278633666457485],)

[rosout][ERROR] 2025-03-27 14:31:34,928: bad callback: <bound method SonarProcessor.sonar_callback of <__main__.SonarProcessor instance at 0x7f930e4461b8>>
Traceback (most recent call last):
  File "/opt/ros/kinetic/lib/python2.7/dist-packages/rospy/topics.py", line 750, in _invoke_callback
    cb(msg)
  File "sonar_get_min_dist.py", line 28, in sonar_callback
    self.back_left_min, self.back_right_min = self.process_sonar_data(data)
  File "sonar_get_min_dist.py", line 58, in process_sonar_data
    self.pub_dists(sonar_min_dist)
  File "sonar_get_min_dist.py", line 74, in pub_dists
    pub.publish(min_distances)
  File "/opt/ros/kinetic/lib/python2.7/dist-packages/rospy/topics.py", line 879, in publish
    data = args_kwds_to_message(self.data_class, args, kwds)
  File "/opt/ros/kinetic/lib/python2.7/dist-packages/rospy/msg.py", line 122, in args_kwds_to_message
    return data_class(*args)
  File "/opt/ros/kinetic/lib/python2.7/dist-packages/std_msgs/msg/_Float32MultiArray.py", line 74, in __init__
    super(Float32MultiArray, self).__init__(*args, **kwds)
  File "/opt/ros/kinetic/lib/python2.7/dist-packages/genpy/message.py", line 344, in __init__
    raise TypeError('Invalid number of arguments, args should be %s' % str(self.__slots__) + ' args are' + str(args))
TypeError: Invalid number of arguments, args should be ['layout', 'data'] args are([1.1676664285684515, 1.278633666457485],)

[rosout][ERROR] 2025-03-27 14:31:35,032: bad callback: <bound method SonarProcessor.sonar_callback of <__main__.SonarProcessor instance at 0x7f930e4461b8>>
Traceback (most recent call last):
  File "/opt/ros/kinetic/lib/python2.7/dist-packages/rospy/topics.py", line 750, in _invoke_callback
    cb(msg)
  File "sonar_get_min_dist.py", line 28, in sonar_callback
    self.back_left_min, self.back_right_min = self.process_sonar_data(data)
  File "sonar_get_min_dist.py", line 58, in process_sonar_data
    self.pub_dists(sonar_min_dist)
  File "sonar_get_min_dist.py", line 74, in pub_dists
    pub.publish(min_distances)
  File "/opt/ros/kinetic/lib/python2.7/dist-packages/rospy/topics.py", line 879, in publish
    data = args_kwds_to_message(self.data_class, args, kwds)
  File "/opt/ros/kinetic/lib/python2.7/dist-packages/rospy/msg.py", line 122, in args_kwds_to_message
    return data_class(*args)
  File "/opt/ros/kinetic/lib/python2.7/dist-packages/std_msgs/msg/_Float32MultiArray.py", line 74, in __init__
    super(Float32MultiArray, self).__init__(*args, **kwds)
  File "/opt/ros/kinetic/lib/python2.7/dist-packages/genpy/message.py", line 344, in __init__
    raise TypeError('Invalid number of arguments, args should be %s' % str(self.__slots__) + ' args are' + str(args))
TypeError: Invalid number of arguments, args should be ['layout', 'data'] args are([1.1676664285684515, 1.278633666457485],)

[rosout][ERROR] 2025-03-27 14:31:35,129: bad callback: <bound method SonarProcessor.sonar_callback of <__main__.SonarProcessor instance at 0x7f930e4461b8>>
Traceback (most recent call last):
  File "/opt/ros/kinetic/lib/python2.7/dist-packages/rospy/topics.py", line 750, in _invoke_callback
    cb(msg)
  File "sonar_get_min_dist.py", line 28, in sonar_callback
    self.back_left_min, self.back_right_min = self.process_sonar_data(data)
  File "sonar_get_min_dist.py", line 58, in process_sonar_data
    self.pub_dists(sonar_min_dist)
  File "sonar_get_min_dist.py", line 74, in pub_dists
    pub.publish(min_distances)
  File "/opt/ros/kinetic/lib/python2.7/dist-packages/rospy/topics.py", line 879, in publish
    data = args_kwds_to_message(self.data_class, args, kwds)
  File "/opt/ros/kinetic/lib/python2.7/dist-packages/rospy/msg.py", line 122, in args_kwds_to_message
    return data_class(*args)
  File "/opt/ros/kinetic/lib/python2.7/dist-packages/std_msgs/msg/_Float32MultiArray.py", line 74, in __init__
    super(Float32MultiArray, self).__init__(*args, **kwds)
  File "/opt/ros/kinetic/lib/python2.7/dist-packages/genpy/message.py", line 344, in __init__
    raise TypeError('Invalid number of arguments, args should be %s' % str(self.__slots__) + ' args are' + str(args))
TypeError: Invalid number of arguments, args should be ['layout', 'data'] args are([1.1676664285684515, 1.273696503892056],)

[rosout][ERROR] 2025-03-27 14:31:35,232: bad callback: <bound method SonarProcessor.sonar_callback of <__main__.SonarProcessor instance at 0x7f930e4461b8>>
Traceback (most recent call last):
  File "/opt/ros/kinetic/lib/python2.7/dist-packages/rospy/topics.py", line 750, in _invoke_callback
    cb(msg)
  File "sonar_get_min_dist.py", line 28, in sonar_callback
    self.back_left_min, self.back_right_min = self.process_sonar_data(data)
  File "sonar_get_min_dist.py", line 58, in process_sonar_data
    self.pub_dists(sonar_min_dist)
  File "sonar_get_min_dist.py", line 74, in pub_dists
    pub.publish(min_distances)
  File "/opt/ros/kinetic/lib/python2.7/dist-packages/rospy/topics.py", line 879, in publish
    data = args_kwds_to_message(self.data_class, args, kwds)
  File "/opt/ros/kinetic/lib/python2.7/dist-packages/rospy/msg.py", line 122, in args_kwds_to_message
    return data_class(*args)
  File "/opt/ros/kinetic/lib/python2.7/dist-packages/std_msgs/msg/_Float32MultiArray.py", line 74, in __init__
    super(Float32MultiArray, self).__init__(*args, **kwds)
  File "/opt/ros/kinetic/lib/python2.7/dist-packages/genpy/message.py", line 344, in __init__
    raise TypeError('Invalid number of arguments, args should be %s' % str(self.__slots__) + ' args are' + str(args))
TypeError: Invalid number of arguments, args should be ['layout', 'data'] args are([1.1676664285684515, 1.273696503892056],)

[rosout][ERROR] 2025-03-27 14:31:35,329: bad callback: <bound method SonarProcessor.sonar_callback of <__main__.SonarProcessor instance at 0x7f930e4461b8>>
Traceback (most recent call last):
  File "/opt/ros/kinetic/lib/python2.7/dist-packages/rospy/topics.py", line 750, in _invoke_callback
    cb(msg)
  File "sonar_get_min_dist.py", line 28, in sonar_callback
    self.back_left_min, self.back_right_min = self.process_sonar_data(data)
  File "sonar_get_min_dist.py", line 58, in process_sonar_data
    self.pub_dists(sonar_min_dist)
  File "sonar_get_min_dist.py", line 74, in pub_dists
    pub.publish(min_distances)
  File "/opt/ros/kinetic/lib/python2.7/dist-packages/rospy/topics.py", line 879, in publish
    data = args_kwds_to_message(self.data_class, args, kwds)
  File "/opt/ros/kinetic/lib/python2.7/dist-packages/rospy/msg.py", line 122, in args_kwds_to_message
    return data_class(*args)
  File "/opt/ros/kinetic/lib/python2.7/dist-packages/std_msgs/msg/_Float32MultiArray.py", line 74, in __init__
    super(Float32MultiArray, self).__init__(*args, **kwds)
  File "/opt/ros/kinetic/lib/python2.7/dist-packages/genpy/message.py", line 344, in __init__
    raise TypeError('Invalid number of arguments, args should be %s' % str(self.__slots__) + ' args are' + str(args))
TypeError: Invalid number of arguments, args should be ['layout', 'data'] args are([1.1676664285684515, 1.273696503892056],)

[rosout][ERROR] 2025-03-27 14:31:35,432: bad callback: <bound method SonarProcessor.sonar_callback of <__main__.SonarProcessor instance at 0x7f930e4461b8>>
Traceback (most recent call last):
  File "/opt/ros/kinetic/lib/python2.7/dist-packages/rospy/topics.py", line 750, in _invoke_callback
    cb(msg)
  File "sonar_get_min_dist.py", line 28, in sonar_callback
    self.back_left_min, self.back_right_min = self.process_sonar_data(data)
  File "sonar_get_min_dist.py", line 58, in process_sonar_data
    self.pub_dists(sonar_min_dist)
  File "sonar_get_min_dist.py", line 74, in pub_dists
    pub.publish(min_distances)
  File "/opt/ros/kinetic/lib/python2.7/dist-packages/rospy/topics.py", line 879, in publish
    data = args_kwds_to_message(self.data_class, args, kwds)
  File "/opt/ros/kinetic/lib/python2.7/dist-packages/rospy/msg.py", line 122, in args_kwds_to_message
    return data_class(*args)
  File "/opt/ros/kinetic/lib/python2.7/dist-packages/std_msgs/msg/_Float32MultiArray.py", line 74, in __init__
    super(Float32MultiArray, self).__init__(*args, **kwds)
  File "/opt/ros/kinetic/lib/python2.7/dist-packages/genpy/message.py", line 344, in __init__
    raise TypeError('Invalid number of arguments, args should be %s' % str(self.__slots__) + ' args are' + str(args))
TypeError: Invalid number of arguments, args should be ['layout', 'data'] args are([1.1676664285684515, 1.271721690652231],)

[rosout][ERROR] 2025-03-27 14:31:35,529: bad callback: <bound method SonarProcessor.sonar_callback of <__main__.SonarProcessor instance at 0x7f930e4461b8>>
Traceback (most recent call last):
  File "/opt/ros/kinetic/lib/python2.7/dist-packages/rospy/topics.py", line 750, in _invoke_callback
    cb(msg)
  File "sonar_get_min_dist.py", line 28, in sonar_callback
    self.back_left_min, self.back_right_min = self.process_sonar_data(data)
  File "sonar_get_min_dist.py", line 58, in process_sonar_data
    self.pub_dists(sonar_min_dist)
  File "sonar_get_min_dist.py", line 74, in pub_dists
    pub.publish(min_distances)
  File "/opt/ros/kinetic/lib/python2.7/dist-packages/rospy/topics.py", line 879, in publish
    data = args_kwds_to_message(self.data_class, args, kwds)
  File "/opt/ros/kinetic/lib/python2.7/dist-packages/rospy/msg.py", line 122, in args_kwds_to_message
    return data_class(*args)
  File "/opt/ros/kinetic/lib/python2.7/dist-packages/std_msgs/msg/_Float32MultiArray.py", line 74, in __init__
    super(Float32MultiArray, self).__init__(*args, **kwds)
  File "/opt/ros/kinetic/lib/python2.7/dist-packages/genpy/message.py", line 344, in __init__
    raise TypeError('Invalid number of arguments, args should be %s' % str(self.__slots__) + ' args are' + str(args))
TypeError: Invalid number of arguments, args should be ['layout', 'data'] args are([1.1676664285684515, 1.271721690652231],)

[rosout][ERROR] 2025-03-27 14:31:35,632: bad callback: <bound method SonarProcessor.sonar_callback of <__main__.SonarProcessor instance at 0x7f930e4461b8>>
Traceback (most recent call last):
  File "/opt/ros/kinetic/lib/python2.7/dist-packages/rospy/topics.py", line 750, in _invoke_callback
    cb(msg)
  File "sonar_get_min_dist.py", line 28, in sonar_callback
    self.back_left_min, self.back_right_min = self.process_sonar_data(data)
  File "sonar_get_min_dist.py", line 58, in process_sonar_data
    self.pub_dists(sonar_min_dist)
  File "sonar_get_min_dist.py", line 74, in pub_dists
    pub.publish(min_distances)
  File "/opt/ros/kinetic/lib/python2.7/dist-packages/rospy/topics.py", line 879, in publish
    data = args_kwds_to_message(self.data_class, args, kwds)
  File "/opt/ros/kinetic/lib/python2.7/dist-packages/rospy/msg.py", line 122, in args_kwds_to_message
    return data_class(*args)
  File "/opt/ros/kinetic/lib/python2.7/dist-packages/std_msgs/msg/_Float32MultiArray.py", line 74, in __init__
    super(Float32MultiArray, self).__init__(*args, **kwds)
  File "/opt/ros/kinetic/lib/python2.7/dist-packages/genpy/message.py", line 344, in __init__
    raise TypeError('Invalid number of arguments, args should be %s' % str(self.__slots__) + ' args are' + str(args))
TypeError: Invalid number of arguments, args should be ['layout', 'data'] args are([1.1676664285684515, 1.271721690652231],)

[rosout][ERROR] 2025-03-27 14:31:35,729: bad callback: <bound method SonarProcessor.sonar_callback of <__main__.SonarProcessor instance at 0x7f930e4461b8>>
Traceback (most recent call last):
  File "/opt/ros/kinetic/lib/python2.7/dist-packages/rospy/topics.py", line 750, in _invoke_callback
    cb(msg)
  File "sonar_get_min_dist.py", line 28, in sonar_callback
    self.back_left_min, self.back_right_min = self.process_sonar_data(data)
  File "sonar_get_min_dist.py", line 58, in process_sonar_data
    self.pub_dists(sonar_min_dist)
  File "sonar_get_min_dist.py", line 74, in pub_dists
    pub.publish(min_distances)
  File "/opt/ros/kinetic/lib/python2.7/dist-packages/rospy/topics.py", line 879, in publish
    data = args_kwds_to_message(self.data_class, args, kwds)
  File "/opt/ros/kinetic/lib/python2.7/dist-packages/rospy/msg.py", line 122, in args_kwds_to_message
    return data_class(*args)
  File "/opt/ros/kinetic/lib/python2.7/dist-packages/std_msgs/msg/_Float32MultiArray.py", line 74, in __init__
    super(Float32MultiArray, self).__init__(*args, **kwds)
  File "/opt/ros/kinetic/lib/python2.7/dist-packages/genpy/message.py", line 344, in __init__
    raise TypeError('Invalid number of arguments, args should be %s' % str(self.__slots__) + ' args are' + str(args))
TypeError: Invalid number of arguments, args should be ['layout', 'data'] args are([1.1676664285684515, 1.3013508705540873],)

[rosout][ERROR] 2025-03-27 14:31:35,832: bad callback: <bound method SonarProcessor.sonar_callback of <__main__.SonarProcessor instance at 0x7f930e4461b8>>
Traceback (most recent call last):
  File "/opt/ros/kinetic/lib/python2.7/dist-packages/rospy/topics.py", line 750, in _invoke_callback
    cb(msg)
  File "sonar_get_min_dist.py", line 28, in sonar_callback
    self.back_left_min, self.back_right_min = self.process_sonar_data(data)
  File "sonar_get_min_dist.py", line 58, in process_sonar_data
    self.pub_dists(sonar_min_dist)
  File "sonar_get_min_dist.py", line 74, in pub_dists
    pub.publish(min_distances)
  File "/opt/ros/kinetic/lib/python2.7/dist-packages/rospy/topics.py", line 879, in publish
    data = args_kwds_to_message(self.data_class, args, kwds)
  File "/opt/ros/kinetic/lib/python2.7/dist-packages/rospy/msg.py", line 122, in args_kwds_to_message
    return data_class(*args)
  File "/opt/ros/kinetic/lib/python2.7/dist-packages/std_msgs/msg/_Float32MultiArray.py", line 74, in __init__
    super(Float32MultiArray, self).__init__(*args, **kwds)
  File "/opt/ros/kinetic/lib/python2.7/dist-packages/genpy/message.py", line 344, in __init__
    raise TypeError('Invalid number of arguments, args should be %s' % str(self.__slots__) + ' args are' + str(args))
TypeError: Invalid number of arguments, args should be ['layout', 'data'] args are([1.1676664285684515, 1.3013508705540873],)

[rosout][ERROR] 2025-03-27 14:31:35,929: bad callback: <bound method SonarProcessor.sonar_callback of <__main__.SonarProcessor instance at 0x7f930e4461b8>>
Traceback (most recent call last):
  File "/opt/ros/kinetic/lib/python2.7/dist-packages/rospy/topics.py", line 750, in _invoke_callback
    cb(msg)
  File "sonar_get_min_dist.py", line 28, in sonar_callback
    self.back_left_min, self.back_right_min = self.process_sonar_data(data)
  File "sonar_get_min_dist.py", line 58, in process_sonar_data
    self.pub_dists(sonar_min_dist)
  File "sonar_get_min_dist.py", line 74, in pub_dists
    pub.publish(min_distances)
  File "/opt/ros/kinetic/lib/python2.7/dist-packages/rospy/topics.py", line 879, in publish
    data = args_kwds_to_message(self.data_class, args, kwds)
  File "/opt/ros/kinetic/lib/python2.7/dist-packages/rospy/msg.py", line 122, in args_kwds_to_message
    return data_class(*args)
  File "/opt/ros/kinetic/lib/python2.7/dist-packages/std_msgs/msg/_Float32MultiArray.py", line 74, in __init__
    super(Float32MultiArray, self).__init__(*args, **kwds)
  File "/opt/ros/kinetic/lib/python2.7/dist-packages/genpy/message.py", line 344, in __init__
    raise TypeError('Invalid number of arguments, args should be %s' % str(self.__slots__) + ' args are' + str(args))
TypeError: Invalid number of arguments, args should be ['layout', 'data'] args are([1.1676664285684515, 1.3013508705540873],)

[rosout][ERROR] 2025-03-27 14:31:36,032: bad callback: <bound method SonarProcessor.sonar_callback of <__main__.SonarProcessor instance at 0x7f930e4461b8>>
Traceback (most recent call last):
  File "/opt/ros/kinetic/lib/python2.7/dist-packages/rospy/topics.py", line 750, in _invoke_callback
    cb(msg)
  File "sonar_get_min_dist.py", line 28, in sonar_callback
    self.back_left_min, self.back_right_min = self.process_sonar_data(data)
  File "sonar_get_min_dist.py", line 58, in process_sonar_data
    self.pub_dists(sonar_min_dist)
  File "sonar_get_min_dist.py", line 74, in pub_dists
    pub.publish(min_distances)
  File "/opt/ros/kinetic/lib/python2.7/dist-packages/rospy/topics.py", line 879, in publish
    data = args_kwds_to_message(self.data_class, args, kwds)
  File "/opt/ros/kinetic/lib/python2.7/dist-packages/rospy/msg.py", line 122, in args_kwds_to_message
    return data_class(*args)
  File "/opt/ros/kinetic/lib/python2.7/dist-packages/std_msgs/msg/_Float32MultiArray.py", line 74, in __init__
    super(Float32MultiArray, self).__init__(*args, **kwds)
  File "/opt/ros/kinetic/lib/python2.7/dist-packages/genpy/message.py", line 344, in __init__
    raise TypeError('Invalid number of arguments, args should be %s' % str(self.__slots__) + ' args are' + str(args))
TypeError: Invalid number of arguments, args should be ['layout', 'data'] args are([1.1676664285684515, 1.2727091041233196],)

[rosout][ERROR] 2025-03-27 14:31:36,129: bad callback: <bound method SonarProcessor.sonar_callback of <__main__.SonarProcessor instance at 0x7f930e4461b8>>
Traceback (most recent call last):
  File "/opt/ros/kinetic/lib/python2.7/dist-packages/rospy/topics.py", line 750, in _invoke_callback
    cb(msg)
  File "sonar_get_min_dist.py", line 28, in sonar_callback
    self.back_left_min, self.back_right_min = self.process_sonar_data(data)
  File "sonar_get_min_dist.py", line 58, in process_sonar_data
    self.pub_dists(sonar_min_dist)
  File "sonar_get_min_dist.py", line 74, in pub_dists
    pub.publish(min_distances)
  File "/opt/ros/kinetic/lib/python2.7/dist-packages/rospy/topics.py", line 879, in publish
    data = args_kwds_to_message(self.data_class, args, kwds)
  File "/opt/ros/kinetic/lib/python2.7/dist-packages/rospy/msg.py", line 122, in args_kwds_to_message
    return data_class(*args)
  File "/opt/ros/kinetic/lib/python2.7/dist-packages/std_msgs/msg/_Float32MultiArray.py", line 74, in __init__
    super(Float32MultiArray, self).__init__(*args, **kwds)
  File "/opt/ros/kinetic/lib/python2.7/dist-packages/genpy/message.py", line 344, in __init__
    raise TypeError('Invalid number of arguments, args should be %s' % str(self.__slots__) + ' args are' + str(args))
TypeError: Invalid number of arguments, args should be ['layout', 'data'] args are([1.1676664285684515, 1.2727091041233196],)

[rosout][ERROR] 2025-03-27 14:31:36,232: bad callback: <bound method SonarProcessor.sonar_callback of <__main__.SonarProcessor instance at 0x7f930e4461b8>>
Traceback (most recent call last):
  File "/opt/ros/kinetic/lib/python2.7/dist-packages/rospy/topics.py", line 750, in _invoke_callback
    cb(msg)
  File "sonar_get_min_dist.py", line 28, in sonar_callback
    self.back_left_min, self.back_right_min = self.process_sonar_data(data)
  File "sonar_get_min_dist.py", line 58, in process_sonar_data
    self.pub_dists(sonar_min_dist)
  File "sonar_get_min_dist.py", line 74, in pub_dists
    pub.publish(min_distances)
  File "/opt/ros/kinetic/lib/python2.7/dist-packages/rospy/topics.py", line 879, in publish
    data = args_kwds_to_message(self.data_class, args, kwds)
  File "/opt/ros/kinetic/lib/python2.7/dist-packages/rospy/msg.py", line 122, in args_kwds_to_message
    return data_class(*args)
  File "/opt/ros/kinetic/lib/python2.7/dist-packages/std_msgs/msg/_Float32MultiArray.py", line 74, in __init__
    super(Float32MultiArray, self).__init__(*args, **kwds)
  File "/opt/ros/kinetic/lib/python2.7/dist-packages/genpy/message.py", line 344, in __init__
    raise TypeError('Invalid number of arguments, args should be %s' % str(self.__slots__) + ' args are' + str(args))
TypeError: Invalid number of arguments, args should be ['layout', 'data'] args are([1.1676664285684515, 1.269747088628068],)

[rosout][ERROR] 2025-03-27 14:31:36,329: bad callback: <bound method SonarProcessor.sonar_callback of <__main__.SonarProcessor instance at 0x7f930e4461b8>>
Traceback (most recent call last):
  File "/opt/ros/kinetic/lib/python2.7/dist-packages/rospy/topics.py", line 750, in _invoke_callback
    cb(msg)
  File "sonar_get_min_dist.py", line 28, in sonar_callback
    self.back_left_min, self.back_right_min = self.process_sonar_data(data)
  File "sonar_get_min_dist.py", line 58, in process_sonar_data
    self.pub_dists(sonar_min_dist)
  File "sonar_get_min_dist.py", line 74, in pub_dists
    pub.publish(min_distances)
  File "/opt/ros/kinetic/lib/python2.7/dist-packages/rospy/topics.py", line 879, in publish
    data = args_kwds_to_message(self.data_class, args, kwds)
  File "/opt/ros/kinetic/lib/python2.7/dist-packages/rospy/msg.py", line 122, in args_kwds_to_message
    return data_class(*args)
  File "/opt/ros/kinetic/lib/python2.7/dist-packages/std_msgs/msg/_Float32MultiArray.py", line 74, in __init__
    super(Float32MultiArray, self).__init__(*args, **kwds)
  File "/opt/ros/kinetic/lib/python2.7/dist-packages/genpy/message.py", line 344, in __init__
    raise TypeError('Invalid number of arguments, args should be %s' % str(self.__slots__) + ' args are' + str(args))
TypeError: Invalid number of arguments, args should be ['layout', 'data'] args are([1.1676664285684515, 1.269747088628068],)

[rosout][ERROR] 2025-03-27 14:31:36,432: bad callback: <bound method SonarProcessor.sonar_callback of <__main__.SonarProcessor instance at 0x7f930e4461b8>>
Traceback (most recent call last):
  File "/opt/ros/kinetic/lib/python2.7/dist-packages/rospy/topics.py", line 750, in _invoke_callback
    cb(msg)
  File "sonar_get_min_dist.py", line 28, in sonar_callback
    self.back_left_min, self.back_right_min = self.process_sonar_data(data)
  File "sonar_get_min_dist.py", line 58, in process_sonar_data
    self.pub_dists(sonar_min_dist)
  File "sonar_get_min_dist.py", line 74, in pub_dists
    pub.publish(min_distances)
  File "/opt/ros/kinetic/lib/python2.7/dist-packages/rospy/topics.py", line 879, in publish
    data = args_kwds_to_message(self.data_class, args, kwds)
  File "/opt/ros/kinetic/lib/python2.7/dist-packages/rospy/msg.py", line 122, in args_kwds_to_message
    return data_class(*args)
  File "/opt/ros/kinetic/lib/python2.7/dist-packages/std_msgs/msg/_Float32MultiArray.py", line 74, in __init__
    super(Float32MultiArray, self).__init__(*args, **kwds)
  File "/opt/ros/kinetic/lib/python2.7/dist-packages/genpy/message.py", line 344, in __init__
    raise TypeError('Invalid number of arguments, args should be %s' % str(self.__slots__) + ' args are' + str(args))
TypeError: Invalid number of arguments, args should be ['layout', 'data'] args are([1.1676664285684515, 1.269747088628068],)

[rosout][ERROR] 2025-03-27 14:31:36,529: bad callback: <bound method SonarProcessor.sonar_callback of <__main__.SonarProcessor instance at 0x7f930e4461b8>>
Traceback (most recent call last):
  File "/opt/ros/kinetic/lib/python2.7/dist-packages/rospy/topics.py", line 750, in _invoke_callback
    cb(msg)
  File "sonar_get_min_dist.py", line 28, in sonar_callback
    self.back_left_min, self.back_right_min = self.process_sonar_data(data)
  File "sonar_get_min_dist.py", line 58, in process_sonar_data
    self.pub_dists(sonar_min_dist)
  File "sonar_get_min_dist.py", line 74, in pub_dists
    pub.publish(min_distances)
  File "/opt/ros/kinetic/lib/python2.7/dist-packages/rospy/topics.py", line 879, in publish
    data = args_kwds_to_message(self.data_class, args, kwds)
  File "/opt/ros/kinetic/lib/python2.7/dist-packages/rospy/msg.py", line 122, in args_kwds_to_message
    return data_class(*args)
  File "/opt/ros/kinetic/lib/python2.7/dist-packages/std_msgs/msg/_Float32MultiArray.py", line 74, in __init__
    super(Float32MultiArray, self).__init__(*args, **kwds)
  File "/opt/ros/kinetic/lib/python2.7/dist-packages/genpy/message.py", line 344, in __init__
    raise TypeError('Invalid number of arguments, args should be %s' % str(self.__slots__) + ' args are' + str(args))
TypeError: Invalid number of arguments, args should be ['layout', 'data'] args are([1.1676664285684515, 1.2727091041233196],)

[rosout][ERROR] 2025-03-27 14:31:36,632: bad callback: <bound method SonarProcessor.sonar_callback of <__main__.SonarProcessor instance at 0x7f930e4461b8>>
Traceback (most recent call last):
  File "/opt/ros/kinetic/lib/python2.7/dist-packages/rospy/topics.py", line 750, in _invoke_callback
    cb(msg)
  File "sonar_get_min_dist.py", line 28, in sonar_callback
    self.back_left_min, self.back_right_min = self.process_sonar_data(data)
  File "sonar_get_min_dist.py", line 58, in process_sonar_data
    self.pub_dists(sonar_min_dist)
  File "sonar_get_min_dist.py", line 74, in pub_dists
    pub.publish(min_distances)
  File "/opt/ros/kinetic/lib/python2.7/dist-packages/rospy/topics.py", line 879, in publish
    data = args_kwds_to_message(self.data_class, args, kwds)
  File "/opt/ros/kinetic/lib/python2.7/dist-packages/rospy/msg.py", line 122, in args_kwds_to_message
    return data_class(*args)
  File "/opt/ros/kinetic/lib/python2.7/dist-packages/std_msgs/msg/_Float32MultiArray.py", line 74, in __init__
    super(Float32MultiArray, self).__init__(*args, **kwds)
  File "/opt/ros/kinetic/lib/python2.7/dist-packages/genpy/message.py", line 344, in __init__
    raise TypeError('Invalid number of arguments, args should be %s' % str(self.__slots__) + ' args are' + str(args))
TypeError: Invalid number of arguments, args should be ['layout', 'data'] args are([1.1676664285684515, 1.2727091041233196],)

[rosout][ERROR] 2025-03-27 14:31:36,729: bad callback: <bound method SonarProcessor.sonar_callback of <__main__.SonarProcessor instance at 0x7f930e4461b8>>
Traceback (most recent call last):
  File "/opt/ros/kinetic/lib/python2.7/dist-packages/rospy/topics.py", line 750, in _invoke_callback
    cb(msg)
  File "sonar_get_min_dist.py", line 28, in sonar_callback
    self.back_left_min, self.back_right_min = self.process_sonar_data(data)
  File "sonar_get_min_dist.py", line 58, in process_sonar_data
    self.pub_dists(sonar_min_dist)
  File "sonar_get_min_dist.py", line 74, in pub_dists
    pub.publish(min_distances)
  File "/opt/ros/kinetic/lib/python2.7/dist-packages/rospy/topics.py", line 879, in publish
    data = args_kwds_to_message(self.data_class, args, kwds)
  File "/opt/ros/kinetic/lib/python2.7/dist-packages/rospy/msg.py", line 122, in args_kwds_to_message
    return data_class(*args)
  File "/opt/ros/kinetic/lib/python2.7/dist-packages/std_msgs/msg/_Float32MultiArray.py", line 74, in __init__
    super(Float32MultiArray, self).__init__(*args, **kwds)
  File "/opt/ros/kinetic/lib/python2.7/dist-packages/genpy/message.py", line 344, in __init__
    raise TypeError('Invalid number of arguments, args should be %s' % str(self.__slots__) + ' args are' + str(args))
TypeError: Invalid number of arguments, args should be ['layout', 'data'] args are([1.1676664285684515, 1.2727091041233196],)

[rosout][ERROR] 2025-03-27 14:31:36,832: bad callback: <bound method SonarProcessor.sonar_callback of <__main__.SonarProcessor instance at 0x7f930e4461b8>>
Traceback (most recent call last):
  File "/opt/ros/kinetic/lib/python2.7/dist-packages/rospy/topics.py", line 750, in _invoke_callback
    cb(msg)
  File "sonar_get_min_dist.py", line 28, in sonar_callback
    self.back_left_min, self.back_right_min = self.process_sonar_data(data)
  File "sonar_get_min_dist.py", line 58, in process_sonar_data
    self.pub_dists(sonar_min_dist)
  File "sonar_get_min_dist.py", line 74, in pub_dists
    pub.publish(min_distances)
  File "/opt/ros/kinetic/lib/python2.7/dist-packages/rospy/topics.py", line 879, in publish
    data = args_kwds_to_message(self.data_class, args, kwds)
  File "/opt/ros/kinetic/lib/python2.7/dist-packages/rospy/msg.py", line 122, in args_kwds_to_message
    return data_class(*args)
  File "/opt/ros/kinetic/lib/python2.7/dist-packages/std_msgs/msg/_Float32MultiArray.py", line 74, in __init__
    super(Float32MultiArray, self).__init__(*args, **kwds)
  File "/opt/ros/kinetic/lib/python2.7/dist-packages/genpy/message.py", line 344, in __init__
    raise TypeError('Invalid number of arguments, args should be %s' % str(self.__slots__) + ' args are' + str(args))
TypeError: Invalid number of arguments, args should be ['layout', 'data'] args are([1.1676664285684515, 1.2727091041233196],)

[rosout][ERROR] 2025-03-27 14:31:36,929: bad callback: <bound method SonarProcessor.sonar_callback of <__main__.SonarProcessor instance at 0x7f930e4461b8>>
Traceback (most recent call last):
  File "/opt/ros/kinetic/lib/python2.7/dist-packages/rospy/topics.py", line 750, in _invoke_callback
    cb(msg)
  File "sonar_get_min_dist.py", line 28, in sonar_callback
    self.back_left_min, self.back_right_min = self.process_sonar_data(data)
  File "sonar_get_min_dist.py", line 58, in process_sonar_data
    self.pub_dists(sonar_min_dist)
  File "sonar_get_min_dist.py", line 74, in pub_dists
    pub.publish(min_distances)
  File "/opt/ros/kinetic/lib/python2.7/dist-packages/rospy/topics.py", line 879, in publish
    data = args_kwds_to_message(self.data_class, args, kwds)
  File "/opt/ros/kinetic/lib/python2.7/dist-packages/rospy/msg.py", line 122, in args_kwds_to_message
    return data_class(*args)
  File "/opt/ros/kinetic/lib/python2.7/dist-packages/std_msgs/msg/_Float32MultiArray.py", line 74, in __init__
    super(Float32MultiArray, self).__init__(*args, **kwds)
  File "/opt/ros/kinetic/lib/python2.7/dist-packages/genpy/message.py", line 344, in __init__
    raise TypeError('Invalid number of arguments, args should be %s' % str(self.__slots__) + ' args are' + str(args))
TypeError: Invalid number of arguments, args should be ['layout', 'data'] args are([1.1676664285684515, 1.2727091041233196],)

[rosout][ERROR] 2025-03-27 14:31:37,033: bad callback: <bound method SonarProcessor.sonar_callback of <__main__.SonarProcessor instance at 0x7f930e4461b8>>
Traceback (most recent call last):
  File "/opt/ros/kinetic/lib/python2.7/dist-packages/rospy/topics.py", line 750, in _invoke_callback
    cb(msg)
  File "sonar_get_min_dist.py", line 28, in sonar_callback
    self.back_left_min, self.back_right_min = self.process_sonar_data(data)
  File "sonar_get_min_dist.py", line 58, in process_sonar_data
    self.pub_dists(sonar_min_dist)
  File "sonar_get_min_dist.py", line 74, in pub_dists
    pub.publish(min_distances)
  File "/opt/ros/kinetic/lib/python2.7/dist-packages/rospy/topics.py", line 879, in publish
    data = args_kwds_to_message(self.data_class, args, kwds)
  File "/opt/ros/kinetic/lib/python2.7/dist-packages/rospy/msg.py", line 122, in args_kwds_to_message
    return data_class(*args)
  File "/opt/ros/kinetic/lib/python2.7/dist-packages/std_msgs/msg/_Float32MultiArray.py", line 74, in __init__
    super(Float32MultiArray, self).__init__(*args, **kwds)
  File "/opt/ros/kinetic/lib/python2.7/dist-packages/genpy/message.py", line 344, in __init__
    raise TypeError('Invalid number of arguments, args should be %s' % str(self.__slots__) + ' args are' + str(args))
TypeError: Invalid number of arguments, args should be ['layout', 'data'] args are([1.1676664285684515, 1.2727091041233196],)

[rosout][ERROR] 2025-03-27 14:31:37,129: bad callback: <bound method SonarProcessor.sonar_callback of <__main__.SonarProcessor instance at 0x7f930e4461b8>>
Traceback (most recent call last):
  File "/opt/ros/kinetic/lib/python2.7/dist-packages/rospy/topics.py", line 750, in _invoke_callback
    cb(msg)
  File "sonar_get_min_dist.py", line 28, in sonar_callback
    self.back_left_min, self.back_right_min = self.process_sonar_data(data)
  File "sonar_get_min_dist.py", line 58, in process_sonar_data
    self.pub_dists(sonar_min_dist)
  File "sonar_get_min_dist.py", line 74, in pub_dists
    pub.publish(min_distances)
  File "/opt/ros/kinetic/lib/python2.7/dist-packages/rospy/topics.py", line 879, in publish
    data = args_kwds_to_message(self.data_class, args, kwds)
  File "/opt/ros/kinetic/lib/python2.7/dist-packages/rospy/msg.py", line 122, in args_kwds_to_message
    return data_class(*args)
  File "/opt/ros/kinetic/lib/python2.7/dist-packages/std_msgs/msg/_Float32MultiArray.py", line 74, in __init__
    super(Float32MultiArray, self).__init__(*args, **kwds)
  File "/opt/ros/kinetic/lib/python2.7/dist-packages/genpy/message.py", line 344, in __init__
    raise TypeError('Invalid number of arguments, args should be %s' % str(self.__slots__) + ' args are' + str(args))
TypeError: Invalid number of arguments, args should be ['layout', 'data'] args are([1.1676664285684515, 1.2727091041233196],)

[rosout][ERROR] 2025-03-27 14:31:37,233: bad callback: <bound method SonarProcessor.sonar_callback of <__main__.SonarProcessor instance at 0x7f930e4461b8>>
Traceback (most recent call last):
  File "/opt/ros/kinetic/lib/python2.7/dist-packages/rospy/topics.py", line 750, in _invoke_callback
    cb(msg)
  File "sonar_get_min_dist.py", line 28, in sonar_callback
    self.back_left_min, self.back_right_min = self.process_sonar_data(data)
  File "sonar_get_min_dist.py", line 58, in process_sonar_data
    self.pub_dists(sonar_min_dist)
  File "sonar_get_min_dist.py", line 74, in pub_dists
    pub.publish(min_distances)
  File "/opt/ros/kinetic/lib/python2.7/dist-packages/rospy/topics.py", line 879, in publish
    data = args_kwds_to_message(self.data_class, args, kwds)
  File "/opt/ros/kinetic/lib/python2.7/dist-packages/rospy/msg.py", line 122, in args_kwds_to_message
    return data_class(*args)
  File "/opt/ros/kinetic/lib/python2.7/dist-packages/std_msgs/msg/_Float32MultiArray.py", line 74, in __init__
    super(Float32MultiArray, self).__init__(*args, **kwds)
  File "/opt/ros/kinetic/lib/python2.7/dist-packages/genpy/message.py", line 344, in __init__
    raise TypeError('Invalid number of arguments, args should be %s' % str(self.__slots__) + ' args are' + str(args))
TypeError: Invalid number of arguments, args should be ['layout', 'data'] args are([1.1676664285684515, 1.2727091041233196],)

[rosout][ERROR] 2025-03-27 14:31:37,329: bad callback: <bound method SonarProcessor.sonar_callback of <__main__.SonarProcessor instance at 0x7f930e4461b8>>
Traceback (most recent call last):
  File "/opt/ros/kinetic/lib/python2.7/dist-packages/rospy/topics.py", line 750, in _invoke_callback
    cb(msg)
  File "sonar_get_min_dist.py", line 28, in sonar_callback
    self.back_left_min, self.back_right_min = self.process_sonar_data(data)
  File "sonar_get_min_dist.py", line 58, in process_sonar_data
    self.pub_dists(sonar_min_dist)
  File "sonar_get_min_dist.py", line 74, in pub_dists
    pub.publish(min_distances)
  File "/opt/ros/kinetic/lib/python2.7/dist-packages/rospy/topics.py", line 879, in publish
    data = args_kwds_to_message(self.data_class, args, kwds)
  File "/opt/ros/kinetic/lib/python2.7/dist-packages/rospy/msg.py", line 122, in args_kwds_to_message
    return data_class(*args)
  File "/opt/ros/kinetic/lib/python2.7/dist-packages/std_msgs/msg/_Float32MultiArray.py", line 74, in __init__
    super(Float32MultiArray, self).__init__(*args, **kwds)
  File "/opt/ros/kinetic/lib/python2.7/dist-packages/genpy/message.py", line 344, in __init__
    raise TypeError('Invalid number of arguments, args should be %s' % str(self.__slots__) + ' args are' + str(args))
TypeError: Invalid number of arguments, args should be ['layout', 'data'] args are([1.1676664285684515, 1.2727091041233196],)

[rosout][ERROR] 2025-03-27 14:31:37,433: bad callback: <bound method SonarProcessor.sonar_callback of <__main__.SonarProcessor instance at 0x7f930e4461b8>>
Traceback (most recent call last):
  File "/opt/ros/kinetic/lib/python2.7/dist-packages/rospy/topics.py", line 750, in _invoke_callback
    cb(msg)
  File "sonar_get_min_dist.py", line 28, in sonar_callback
    self.back_left_min, self.back_right_min = self.process_sonar_data(data)
  File "sonar_get_min_dist.py", line 58, in process_sonar_data
    self.pub_dists(sonar_min_dist)
  File "sonar_get_min_dist.py", line 74, in pub_dists
    pub.publish(min_distances)
  File "/opt/ros/kinetic/lib/python2.7/dist-packages/rospy/topics.py", line 879, in publish
    data = args_kwds_to_message(self.data_class, args, kwds)
  File "/opt/ros/kinetic/lib/python2.7/dist-packages/rospy/msg.py", line 122, in args_kwds_to_message
    return data_class(*args)
  File "/opt/ros/kinetic/lib/python2.7/dist-packages/std_msgs/msg/_Float32MultiArray.py", line 74, in __init__
    super(Float32MultiArray, self).__init__(*args, **kwds)
  File "/opt/ros/kinetic/lib/python2.7/dist-packages/genpy/message.py", line 344, in __init__
    raise TypeError('Invalid number of arguments, args should be %s' % str(self.__slots__) + ' args are' + str(args))
TypeError: Invalid number of arguments, args should be ['layout', 'data'] args are([1.1676664285684515, 1.273696503892056],)

[rosout][ERROR] 2025-03-27 14:31:37,530: bad callback: <bound method SonarProcessor.sonar_callback of <__main__.SonarProcessor instance at 0x7f930e4461b8>>
Traceback (most recent call last):
  File "/opt/ros/kinetic/lib/python2.7/dist-packages/rospy/topics.py", line 750, in _invoke_callback
    cb(msg)
  File "sonar_get_min_dist.py", line 28, in sonar_callback
    self.back_left_min, self.back_right_min = self.process_sonar_data(data)
  File "sonar_get_min_dist.py", line 58, in process_sonar_data
    self.pub_dists(sonar_min_dist)
  File "sonar_get_min_dist.py", line 74, in pub_dists
    pub.publish(min_distances)
  File "/opt/ros/kinetic/lib/python2.7/dist-packages/rospy/topics.py", line 879, in publish
    data = args_kwds_to_message(self.data_class, args, kwds)
  File "/opt/ros/kinetic/lib/python2.7/dist-packages/rospy/msg.py", line 122, in args_kwds_to_message
    return data_class(*args)
  File "/opt/ros/kinetic/lib/python2.7/dist-packages/std_msgs/msg/_Float32MultiArray.py", line 74, in __init__
    super(Float32MultiArray, self).__init__(*args, **kwds)
  File "/opt/ros/kinetic/lib/python2.7/dist-packages/genpy/message.py", line 344, in __init__
    raise TypeError('Invalid number of arguments, args should be %s' % str(self.__slots__) + ' args are' + str(args))
TypeError: Invalid number of arguments, args should be ['layout', 'data'] args are([1.1676664285684515, 1.273696503892056],)

[rosout][ERROR] 2025-03-27 14:31:37,633: bad callback: <bound method SonarProcessor.sonar_callback of <__main__.SonarProcessor instance at 0x7f930e4461b8>>
Traceback (most recent call last):
  File "/opt/ros/kinetic/lib/python2.7/dist-packages/rospy/topics.py", line 750, in _invoke_callback
    cb(msg)
  File "sonar_get_min_dist.py", line 28, in sonar_callback
    self.back_left_min, self.back_right_min = self.process_sonar_data(data)
  File "sonar_get_min_dist.py", line 58, in process_sonar_data
    self.pub_dists(sonar_min_dist)
  File "sonar_get_min_dist.py", line 74, in pub_dists
    pub.publish(min_distances)
  File "/opt/ros/kinetic/lib/python2.7/dist-packages/rospy/topics.py", line 879, in publish
    data = args_kwds_to_message(self.data_class, args, kwds)
  File "/opt/ros/kinetic/lib/python2.7/dist-packages/rospy/msg.py", line 122, in args_kwds_to_message
    return data_class(*args)
  File "/opt/ros/kinetic/lib/python2.7/dist-packages/std_msgs/msg/_Float32MultiArray.py", line 74, in __init__
    super(Float32MultiArray, self).__init__(*args, **kwds)
  File "/opt/ros/kinetic/lib/python2.7/dist-packages/genpy/message.py", line 344, in __init__
    raise TypeError('Invalid number of arguments, args should be %s' % str(self.__slots__) + ' args are' + str(args))
TypeError: Invalid number of arguments, args should be ['layout', 'data'] args are([1.1676664285684515, 1.273696503892056],)

[rosout][ERROR] 2025-03-27 14:31:37,730: bad callback: <bound method SonarProcessor.sonar_callback of <__main__.SonarProcessor instance at 0x7f930e4461b8>>
Traceback (most recent call last):
  File "/opt/ros/kinetic/lib/python2.7/dist-packages/rospy/topics.py", line 750, in _invoke_callback
    cb(msg)
  File "sonar_get_min_dist.py", line 28, in sonar_callback
    self.back_left_min, self.back_right_min = self.process_sonar_data(data)
  File "sonar_get_min_dist.py", line 58, in process_sonar_data
    self.pub_dists(sonar_min_dist)
  File "sonar_get_min_dist.py", line 74, in pub_dists
    pub.publish(min_distances)
  File "/opt/ros/kinetic/lib/python2.7/dist-packages/rospy/topics.py", line 879, in publish
    data = args_kwds_to_message(self.data_class, args, kwds)
  File "/opt/ros/kinetic/lib/python2.7/dist-packages/rospy/msg.py", line 122, in args_kwds_to_message
    return data_class(*args)
  File "/opt/ros/kinetic/lib/python2.7/dist-packages/std_msgs/msg/_Float32MultiArray.py", line 74, in __init__
    super(Float32MultiArray, self).__init__(*args, **kwds)
  File "/opt/ros/kinetic/lib/python2.7/dist-packages/genpy/message.py", line 344, in __init__
    raise TypeError('Invalid number of arguments, args should be %s' % str(self.__slots__) + ' args are' + str(args))
TypeError: Invalid number of arguments, args should be ['layout', 'data'] args are([1.1676664285684515, 1.273696503892056],)

[rosout][ERROR] 2025-03-27 14:31:37,833: bad callback: <bound method SonarProcessor.sonar_callback of <__main__.SonarProcessor instance at 0x7f930e4461b8>>
Traceback (most recent call last):
  File "/opt/ros/kinetic/lib/python2.7/dist-packages/rospy/topics.py", line 750, in _invoke_callback
    cb(msg)
  File "sonar_get_min_dist.py", line 28, in sonar_callback
    self.back_left_min, self.back_right_min = self.process_sonar_data(data)
  File "sonar_get_min_dist.py", line 58, in process_sonar_data
    self.pub_dists(sonar_min_dist)
  File "sonar_get_min_dist.py", line 74, in pub_dists
    pub.publish(min_distances)
  File "/opt/ros/kinetic/lib/python2.7/dist-packages/rospy/topics.py", line 879, in publish
    data = args_kwds_to_message(self.data_class, args, kwds)
  File "/opt/ros/kinetic/lib/python2.7/dist-packages/rospy/msg.py", line 122, in args_kwds_to_message
    return data_class(*args)
  File "/opt/ros/kinetic/lib/python2.7/dist-packages/std_msgs/msg/_Float32MultiArray.py", line 74, in __init__
    super(Float32MultiArray, self).__init__(*args, **kwds)
  File "/opt/ros/kinetic/lib/python2.7/dist-packages/genpy/message.py", line 344, in __init__
    raise TypeError('Invalid number of arguments, args should be %s' % str(self.__slots__) + ' args are' + str(args))
TypeError: Invalid number of arguments, args should be ['layout', 'data'] args are([1.1676664285684515, 1.273696503892056],)

[rosout][ERROR] 2025-03-27 14:31:37,930: bad callback: <bound method SonarProcessor.sonar_callback of <__main__.SonarProcessor instance at 0x7f930e4461b8>>
Traceback (most recent call last):
  File "/opt/ros/kinetic/lib/python2.7/dist-packages/rospy/topics.py", line 750, in _invoke_callback
    cb(msg)
  File "sonar_get_min_dist.py", line 28, in sonar_callback
    self.back_left_min, self.back_right_min = self.process_sonar_data(data)
  File "sonar_get_min_dist.py", line 58, in process_sonar_data
    self.pub_dists(sonar_min_dist)
  File "sonar_get_min_dist.py", line 74, in pub_dists
    pub.publish(min_distances)
  File "/opt/ros/kinetic/lib/python2.7/dist-packages/rospy/topics.py", line 879, in publish
    data = args_kwds_to_message(self.data_class, args, kwds)
  File "/opt/ros/kinetic/lib/python2.7/dist-packages/rospy/msg.py", line 122, in args_kwds_to_message
    return data_class(*args)
  File "/opt/ros/kinetic/lib/python2.7/dist-packages/std_msgs/msg/_Float32MultiArray.py", line 74, in __init__
    super(Float32MultiArray, self).__init__(*args, **kwds)
  File "/opt/ros/kinetic/lib/python2.7/dist-packages/genpy/message.py", line 344, in __init__
    raise TypeError('Invalid number of arguments, args should be %s' % str(self.__slots__) + ' args are' + str(args))
TypeError: Invalid number of arguments, args should be ['layout', 'data'] args are([1.1676664285684515, 1.2746838246396481],)

[rosout][ERROR] 2025-03-27 14:31:38,033: bad callback: <bound method SonarProcessor.sonar_callback of <__main__.SonarProcessor instance at 0x7f930e4461b8>>
Traceback (most recent call last):
  File "/opt/ros/kinetic/lib/python2.7/dist-packages/rospy/topics.py", line 750, in _invoke_callback
    cb(msg)
  File "sonar_get_min_dist.py", line 28, in sonar_callback
    self.back_left_min, self.back_right_min = self.process_sonar_data(data)
  File "sonar_get_min_dist.py", line 58, in process_sonar_data
    self.pub_dists(sonar_min_dist)
  File "sonar_get_min_dist.py", line 74, in pub_dists
    pub.publish(min_distances)
  File "/opt/ros/kinetic/lib/python2.7/dist-packages/rospy/topics.py", line 879, in publish
    data = args_kwds_to_message(self.data_class, args, kwds)
  File "/opt/ros/kinetic/lib/python2.7/dist-packages/rospy/msg.py", line 122, in args_kwds_to_message
    return data_class(*args)
  File "/opt/ros/kinetic/lib/python2.7/dist-packages/std_msgs/msg/_Float32MultiArray.py", line 74, in __init__
    super(Float32MultiArray, self).__init__(*args, **kwds)
  File "/opt/ros/kinetic/lib/python2.7/dist-packages/genpy/message.py", line 344, in __init__
    raise TypeError('Invalid number of arguments, args should be %s' % str(self.__slots__) + ' args are' + str(args))
TypeError: Invalid number of arguments, args should be ['layout', 'data'] args are([1.1676664285684515, 1.2746838246396481],)

[rosout][ERROR] 2025-03-27 14:31:38,130: bad callback: <bound method SonarProcessor.sonar_callback of <__main__.SonarProcessor instance at 0x7f930e4461b8>>
Traceback (most recent call last):
  File "/opt/ros/kinetic/lib/python2.7/dist-packages/rospy/topics.py", line 750, in _invoke_callback
    cb(msg)
  File "sonar_get_min_dist.py", line 28, in sonar_callback
    self.back_left_min, self.back_right_min = self.process_sonar_data(data)
  File "sonar_get_min_dist.py", line 58, in process_sonar_data
    self.pub_dists(sonar_min_dist)
  File "sonar_get_min_dist.py", line 74, in pub_dists
    pub.publish(min_distances)
  File "/opt/ros/kinetic/lib/python2.7/dist-packages/rospy/topics.py", line 879, in publish
    data = args_kwds_to_message(self.data_class, args, kwds)
  File "/opt/ros/kinetic/lib/python2.7/dist-packages/rospy/msg.py", line 122, in args_kwds_to_message
    return data_class(*args)
  File "/opt/ros/kinetic/lib/python2.7/dist-packages/std_msgs/msg/_Float32MultiArray.py", line 74, in __init__
    super(Float32MultiArray, self).__init__(*args, **kwds)
  File "/opt/ros/kinetic/lib/python2.7/dist-packages/genpy/message.py", line 344, in __init__
    raise TypeError('Invalid number of arguments, args should be %s' % str(self.__slots__) + ' args are' + str(args))
TypeError: Invalid number of arguments, args should be ['layout', 'data'] args are([1.1676664285684515, 1.2746838246396481],)

[rosout][ERROR] 2025-03-27 14:31:38,233: bad callback: <bound method SonarProcessor.sonar_callback of <__main__.SonarProcessor instance at 0x7f930e4461b8>>
Traceback (most recent call last):
  File "/opt/ros/kinetic/lib/python2.7/dist-packages/rospy/topics.py", line 750, in _invoke_callback
    cb(msg)
  File "sonar_get_min_dist.py", line 28, in sonar_callback
    self.back_left_min, self.back_right_min = self.process_sonar_data(data)
  File "sonar_get_min_dist.py", line 58, in process_sonar_data
    self.pub_dists(sonar_min_dist)
  File "sonar_get_min_dist.py", line 74, in pub_dists
    pub.publish(min_distances)
  File "/opt/ros/kinetic/lib/python2.7/dist-packages/rospy/topics.py", line 879, in publish
    data = args_kwds_to_message(self.data_class, args, kwds)
  File "/opt/ros/kinetic/lib/python2.7/dist-packages/rospy/msg.py", line 122, in args_kwds_to_message
    return data_class(*args)
  File "/opt/ros/kinetic/lib/python2.7/dist-packages/std_msgs/msg/_Float32MultiArray.py", line 74, in __init__
    super(Float32MultiArray, self).__init__(*args, **kwds)
  File "/opt/ros/kinetic/lib/python2.7/dist-packages/genpy/message.py", line 344, in __init__
    raise TypeError('Invalid number of arguments, args should be %s' % str(self.__slots__) + ' args are' + str(args))
TypeError: Invalid number of arguments, args should be ['layout', 'data'] args are([1.1676664285684515, 1.273696503892056],)

[rosout][ERROR] 2025-03-27 14:31:38,330: bad callback: <bound method SonarProcessor.sonar_callback of <__main__.SonarProcessor instance at 0x7f930e4461b8>>
Traceback (most recent call last):
  File "/opt/ros/kinetic/lib/python2.7/dist-packages/rospy/topics.py", line 750, in _invoke_callback
    cb(msg)
  File "sonar_get_min_dist.py", line 28, in sonar_callback
    self.back_left_min, self.back_right_min = self.process_sonar_data(data)
  File "sonar_get_min_dist.py", line 58, in process_sonar_data
    self.pub_dists(sonar_min_dist)
  File "sonar_get_min_dist.py", line 74, in pub_dists
    pub.publish(min_distances)
  File "/opt/ros/kinetic/lib/python2.7/dist-packages/rospy/topics.py", line 879, in publish
    data = args_kwds_to_message(self.data_class, args, kwds)
  File "/opt/ros/kinetic/lib/python2.7/dist-packages/rospy/msg.py", line 122, in args_kwds_to_message
    return data_class(*args)
  File "/opt/ros/kinetic/lib/python2.7/dist-packages/std_msgs/msg/_Float32MultiArray.py", line 74, in __init__
    super(Float32MultiArray, self).__init__(*args, **kwds)
  File "/opt/ros/kinetic/lib/python2.7/dist-packages/genpy/message.py", line 344, in __init__
    raise TypeError('Invalid number of arguments, args should be %s' % str(self.__slots__) + ' args are' + str(args))
TypeError: Invalid number of arguments, args should be ['layout', 'data'] args are([1.1676664285684515, 1.273696503892056],)

[rosout][ERROR] 2025-03-27 14:31:38,433: bad callback: <bound method SonarProcessor.sonar_callback of <__main__.SonarProcessor instance at 0x7f930e4461b8>>
Traceback (most recent call last):
  File "/opt/ros/kinetic/lib/python2.7/dist-packages/rospy/topics.py", line 750, in _invoke_callback
    cb(msg)
  File "sonar_get_min_dist.py", line 28, in sonar_callback
    self.back_left_min, self.back_right_min = self.process_sonar_data(data)
  File "sonar_get_min_dist.py", line 58, in process_sonar_data
    self.pub_dists(sonar_min_dist)
  File "sonar_get_min_dist.py", line 74, in pub_dists
    pub.publish(min_distances)
  File "/opt/ros/kinetic/lib/python2.7/dist-packages/rospy/topics.py", line 879, in publish
    data = args_kwds_to_message(self.data_class, args, kwds)
  File "/opt/ros/kinetic/lib/python2.7/dist-packages/rospy/msg.py", line 122, in args_kwds_to_message
    return data_class(*args)
  File "/opt/ros/kinetic/lib/python2.7/dist-packages/std_msgs/msg/_Float32MultiArray.py", line 74, in __init__
    super(Float32MultiArray, self).__init__(*args, **kwds)
  File "/opt/ros/kinetic/lib/python2.7/dist-packages/genpy/message.py", line 344, in __init__
    raise TypeError('Invalid number of arguments, args should be %s' % str(self.__slots__) + ' args are' + str(args))
TypeError: Invalid number of arguments, args should be ['layout', 'data'] args are([1.1676664285684515, 1.273696503892056],)

[rosout][ERROR] 2025-03-27 14:31:38,530: bad callback: <bound method SonarProcessor.sonar_callback of <__main__.SonarProcessor instance at 0x7f930e4461b8>>
Traceback (most recent call last):
  File "/opt/ros/kinetic/lib/python2.7/dist-packages/rospy/topics.py", line 750, in _invoke_callback
    cb(msg)
  File "sonar_get_min_dist.py", line 28, in sonar_callback
    self.back_left_min, self.back_right_min = self.process_sonar_data(data)
  File "sonar_get_min_dist.py", line 58, in process_sonar_data
    self.pub_dists(sonar_min_dist)
  File "sonar_get_min_dist.py", line 74, in pub_dists
    pub.publish(min_distances)
  File "/opt/ros/kinetic/lib/python2.7/dist-packages/rospy/topics.py", line 879, in publish
    data = args_kwds_to_message(self.data_class, args, kwds)
  File "/opt/ros/kinetic/lib/python2.7/dist-packages/rospy/msg.py", line 122, in args_kwds_to_message
    return data_class(*args)
  File "/opt/ros/kinetic/lib/python2.7/dist-packages/std_msgs/msg/_Float32MultiArray.py", line 74, in __init__
    super(Float32MultiArray, self).__init__(*args, **kwds)
  File "/opt/ros/kinetic/lib/python2.7/dist-packages/genpy/message.py", line 344, in __init__
    raise TypeError('Invalid number of arguments, args should be %s' % str(self.__slots__) + ' args are' + str(args))
TypeError: Invalid number of arguments, args should be ['layout', 'data'] args are([1.1676664285684515, 1.309254806939171],)

[rosout][ERROR] 2025-03-27 14:31:38,633: bad callback: <bound method SonarProcessor.sonar_callback of <__main__.SonarProcessor instance at 0x7f930e4461b8>>
Traceback (most recent call last):
  File "/opt/ros/kinetic/lib/python2.7/dist-packages/rospy/topics.py", line 750, in _invoke_callback
    cb(msg)
  File "sonar_get_min_dist.py", line 28, in sonar_callback
    self.back_left_min, self.back_right_min = self.process_sonar_data(data)
  File "sonar_get_min_dist.py", line 58, in process_sonar_data
    self.pub_dists(sonar_min_dist)
  File "sonar_get_min_dist.py", line 74, in pub_dists
    pub.publish(min_distances)
  File "/opt/ros/kinetic/lib/python2.7/dist-packages/rospy/topics.py", line 879, in publish
    data = args_kwds_to_message(self.data_class, args, kwds)
  File "/opt/ros/kinetic/lib/python2.7/dist-packages/rospy/msg.py", line 122, in args_kwds_to_message
    return data_class(*args)
  File "/opt/ros/kinetic/lib/python2.7/dist-packages/std_msgs/msg/_Float32MultiArray.py", line 74, in __init__
    super(Float32MultiArray, self).__init__(*args, **kwds)
  File "/opt/ros/kinetic/lib/python2.7/dist-packages/genpy/message.py", line 344, in __init__
    raise TypeError('Invalid number of arguments, args should be %s' % str(self.__slots__) + ' args are' + str(args))
TypeError: Invalid number of arguments, args should be ['layout', 'data'] args are([1.1676664285684515, 1.309254806939171],)

[rosout][ERROR] 2025-03-27 14:31:38,730: bad callback: <bound method SonarProcessor.sonar_callback of <__main__.SonarProcessor instance at 0x7f930e4461b8>>
Traceback (most recent call last):
  File "/opt/ros/kinetic/lib/python2.7/dist-packages/rospy/topics.py", line 750, in _invoke_callback
    cb(msg)
  File "sonar_get_min_dist.py", line 28, in sonar_callback
    self.back_left_min, self.back_right_min = self.process_sonar_data(data)
  File "sonar_get_min_dist.py", line 58, in process_sonar_data
    self.pub_dists(sonar_min_dist)
  File "sonar_get_min_dist.py", line 74, in pub_dists
    pub.publish(min_distances)
  File "/opt/ros/kinetic/lib/python2.7/dist-packages/rospy/topics.py", line 879, in publish
    data = args_kwds_to_message(self.data_class, args, kwds)
  File "/opt/ros/kinetic/lib/python2.7/dist-packages/rospy/msg.py", line 122, in args_kwds_to_message
    return data_class(*args)
  File "/opt/ros/kinetic/lib/python2.7/dist-packages/std_msgs/msg/_Float32MultiArray.py", line 74, in __init__
    super(Float32MultiArray, self).__init__(*args, **kwds)
  File "/opt/ros/kinetic/lib/python2.7/dist-packages/genpy/message.py", line 344, in __init__
    raise TypeError('Invalid number of arguments, args should be %s' % str(self.__slots__) + ' args are' + str(args))
TypeError: Invalid number of arguments, args should be ['layout', 'data'] args are([1.1676664285684515, 1.309254806939171],)

[rosout][ERROR] 2025-03-27 14:31:38,833: bad callback: <bound method SonarProcessor.sonar_callback of <__main__.SonarProcessor instance at 0x7f930e4461b8>>
Traceback (most recent call last):
  File "/opt/ros/kinetic/lib/python2.7/dist-packages/rospy/topics.py", line 750, in _invoke_callback
    cb(msg)
  File "sonar_get_min_dist.py", line 28, in sonar_callback
    self.back_left_min, self.back_right_min = self.process_sonar_data(data)
  File "sonar_get_min_dist.py", line 58, in process_sonar_data
    self.pub_dists(sonar_min_dist)
  File "sonar_get_min_dist.py", line 74, in pub_dists
    pub.publish(min_distances)
  File "/opt/ros/kinetic/lib/python2.7/dist-packages/rospy/topics.py", line 879, in publish
    data = args_kwds_to_message(self.data_class, args, kwds)
  File "/opt/ros/kinetic/lib/python2.7/dist-packages/rospy/msg.py", line 122, in args_kwds_to_message
    return data_class(*args)
  File "/opt/ros/kinetic/lib/python2.7/dist-packages/std_msgs/msg/_Float32MultiArray.py", line 74, in __init__
    super(Float32MultiArray, self).__init__(*args, **kwds)
  File "/opt/ros/kinetic/lib/python2.7/dist-packages/genpy/message.py", line 344, in __init__
    raise TypeError('Invalid number of arguments, args should be %s' % str(self.__slots__) + ' args are' + str(args))
TypeError: Invalid number of arguments, args should be ['layout', 'data'] args are([1.1676664285684515, 1.291472530699269],)

[rosout][ERROR] 2025-03-27 14:31:38,930: bad callback: <bound method SonarProcessor.sonar_callback of <__main__.SonarProcessor instance at 0x7f930e4461b8>>
Traceback (most recent call last):
  File "/opt/ros/kinetic/lib/python2.7/dist-packages/rospy/topics.py", line 750, in _invoke_callback
    cb(msg)
  File "sonar_get_min_dist.py", line 28, in sonar_callback
    self.back_left_min, self.back_right_min = self.process_sonar_data(data)
  File "sonar_get_min_dist.py", line 58, in process_sonar_data
    self.pub_dists(sonar_min_dist)
  File "sonar_get_min_dist.py", line 74, in pub_dists
    pub.publish(min_distances)
  File "/opt/ros/kinetic/lib/python2.7/dist-packages/rospy/topics.py", line 879, in publish
    data = args_kwds_to_message(self.data_class, args, kwds)
  File "/opt/ros/kinetic/lib/python2.7/dist-packages/rospy/msg.py", line 122, in args_kwds_to_message
    return data_class(*args)
  File "/opt/ros/kinetic/lib/python2.7/dist-packages/std_msgs/msg/_Float32MultiArray.py", line 74, in __init__
    super(Float32MultiArray, self).__init__(*args, **kwds)
  File "/opt/ros/kinetic/lib/python2.7/dist-packages/genpy/message.py", line 344, in __init__
    raise TypeError('Invalid number of arguments, args should be %s' % str(self.__slots__) + ' args are' + str(args))
TypeError: Invalid number of arguments, args should be ['layout', 'data'] args are([1.1676664285684515, 1.291472530699269],)

[rosout][ERROR] 2025-03-27 14:31:39,034: bad callback: <bound method SonarProcessor.sonar_callback of <__main__.SonarProcessor instance at 0x7f930e4461b8>>
Traceback (most recent call last):
  File "/opt/ros/kinetic/lib/python2.7/dist-packages/rospy/topics.py", line 750, in _invoke_callback
    cb(msg)
  File "sonar_get_min_dist.py", line 28, in sonar_callback
    self.back_left_min, self.back_right_min = self.process_sonar_data(data)
  File "sonar_get_min_dist.py", line 58, in process_sonar_data
    self.pub_dists(sonar_min_dist)
  File "sonar_get_min_dist.py", line 74, in pub_dists
    pub.publish(min_distances)
  File "/opt/ros/kinetic/lib/python2.7/dist-packages/rospy/topics.py", line 879, in publish
    data = args_kwds_to_message(self.data_class, args, kwds)
  File "/opt/ros/kinetic/lib/python2.7/dist-packages/rospy/msg.py", line 122, in args_kwds_to_message
    return data_class(*args)
  File "/opt/ros/kinetic/lib/python2.7/dist-packages/std_msgs/msg/_Float32MultiArray.py", line 74, in __init__
    super(Float32MultiArray, self).__init__(*args, **kwds)
  File "/opt/ros/kinetic/lib/python2.7/dist-packages/genpy/message.py", line 344, in __init__
    raise TypeError('Invalid number of arguments, args should be %s' % str(self.__slots__) + ' args are' + str(args))
TypeError: Invalid number of arguments, args should be ['layout', 'data'] args are([1.1676664285684515, 1.299375086533069],)

[rosout][ERROR] 2025-03-27 14:31:39,130: bad callback: <bound method SonarProcessor.sonar_callback of <__main__.SonarProcessor instance at 0x7f930e4461b8>>
Traceback (most recent call last):
  File "/opt/ros/kinetic/lib/python2.7/dist-packages/rospy/topics.py", line 750, in _invoke_callback
    cb(msg)
  File "sonar_get_min_dist.py", line 28, in sonar_callback
    self.back_left_min, self.back_right_min = self.process_sonar_data(data)
  File "sonar_get_min_dist.py", line 58, in process_sonar_data
    self.pub_dists(sonar_min_dist)
  File "sonar_get_min_dist.py", line 74, in pub_dists
    pub.publish(min_distances)
  File "/opt/ros/kinetic/lib/python2.7/dist-packages/rospy/topics.py", line 879, in publish
    data = args_kwds_to_message(self.data_class, args, kwds)
  File "/opt/ros/kinetic/lib/python2.7/dist-packages/rospy/msg.py", line 122, in args_kwds_to_message
    return data_class(*args)
  File "/opt/ros/kinetic/lib/python2.7/dist-packages/std_msgs/msg/_Float32MultiArray.py", line 74, in __init__
    super(Float32MultiArray, self).__init__(*args, **kwds)
  File "/opt/ros/kinetic/lib/python2.7/dist-packages/genpy/message.py", line 344, in __init__
    raise TypeError('Invalid number of arguments, args should be %s' % str(self.__slots__) + ' args are' + str(args))
TypeError: Invalid number of arguments, args should be ['layout', 'data'] args are([1.1676664285684515, 1.299375086533069],)

[rosout][ERROR] 2025-03-27 14:31:39,233: bad callback: <bound method SonarProcessor.sonar_callback of <__main__.SonarProcessor instance at 0x7f930e4461b8>>
Traceback (most recent call last):
  File "/opt/ros/kinetic/lib/python2.7/dist-packages/rospy/topics.py", line 750, in _invoke_callback
    cb(msg)
  File "sonar_get_min_dist.py", line 28, in sonar_callback
    self.back_left_min, self.back_right_min = self.process_sonar_data(data)
  File "sonar_get_min_dist.py", line 58, in process_sonar_data
    self.pub_dists(sonar_min_dist)
  File "sonar_get_min_dist.py", line 74, in pub_dists
    pub.publish(min_distances)
  File "/opt/ros/kinetic/lib/python2.7/dist-packages/rospy/topics.py", line 879, in publish
    data = args_kwds_to_message(self.data_class, args, kwds)
  File "/opt/ros/kinetic/lib/python2.7/dist-packages/rospy/msg.py", line 122, in args_kwds_to_message
    return data_class(*args)
  File "/opt/ros/kinetic/lib/python2.7/dist-packages/std_msgs/msg/_Float32MultiArray.py", line 74, in __init__
    super(Float32MultiArray, self).__init__(*args, **kwds)
  File "/opt/ros/kinetic/lib/python2.7/dist-packages/genpy/message.py", line 344, in __init__
    raise TypeError('Invalid number of arguments, args should be %s' % str(self.__slots__) + ' args are' + str(args))
TypeError: Invalid number of arguments, args should be ['layout', 'data'] args are([1.1676664285684515, 1.299375086533069],)

[rosout][ERROR] 2025-03-27 14:31:39,330: bad callback: <bound method SonarProcessor.sonar_callback of <__main__.SonarProcessor instance at 0x7f930e4461b8>>
Traceback (most recent call last):
  File "/opt/ros/kinetic/lib/python2.7/dist-packages/rospy/topics.py", line 750, in _invoke_callback
    cb(msg)
  File "sonar_get_min_dist.py", line 28, in sonar_callback
    self.back_left_min, self.back_right_min = self.process_sonar_data(data)
  File "sonar_get_min_dist.py", line 58, in process_sonar_data
    self.pub_dists(sonar_min_dist)
  File "sonar_get_min_dist.py", line 74, in pub_dists
    pub.publish(min_distances)
  File "/opt/ros/kinetic/lib/python2.7/dist-packages/rospy/topics.py", line 879, in publish
    data = args_kwds_to_message(self.data_class, args, kwds)
  File "/opt/ros/kinetic/lib/python2.7/dist-packages/rospy/msg.py", line 122, in args_kwds_to_message
    return data_class(*args)
  File "/opt/ros/kinetic/lib/python2.7/dist-packages/std_msgs/msg/_Float32MultiArray.py", line 74, in __init__
    super(Float32MultiArray, self).__init__(*args, **kwds)
  File "/opt/ros/kinetic/lib/python2.7/dist-packages/genpy/message.py", line 344, in __init__
    raise TypeError('Invalid number of arguments, args should be %s' % str(self.__slots__) + ' args are' + str(args))
TypeError: Invalid number of arguments, args should be ['layout', 'data'] args are([1.1676664285684515, 1.2569137149676457],)

[rosout][ERROR] 2025-03-27 14:31:39,433: bad callback: <bound method SonarProcessor.sonar_callback of <__main__.SonarProcessor instance at 0x7f930e4461b8>>
Traceback (most recent call last):
  File "/opt/ros/kinetic/lib/python2.7/dist-packages/rospy/topics.py", line 750, in _invoke_callback
    cb(msg)
  File "sonar_get_min_dist.py", line 28, in sonar_callback
    self.back_left_min, self.back_right_min = self.process_sonar_data(data)
  File "sonar_get_min_dist.py", line 58, in process_sonar_data
    self.pub_dists(sonar_min_dist)
  File "sonar_get_min_dist.py", line 74, in pub_dists
    pub.publish(min_distances)
  File "/opt/ros/kinetic/lib/python2.7/dist-packages/rospy/topics.py", line 879, in publish
    data = args_kwds_to_message(self.data_class, args, kwds)
  File "/opt/ros/kinetic/lib/python2.7/dist-packages/rospy/msg.py", line 122, in args_kwds_to_message
    return data_class(*args)
  File "/opt/ros/kinetic/lib/python2.7/dist-packages/std_msgs/msg/_Float32MultiArray.py", line 74, in __init__
    super(Float32MultiArray, self).__init__(*args, **kwds)
  File "/opt/ros/kinetic/lib/python2.7/dist-packages/genpy/message.py", line 344, in __init__
    raise TypeError('Invalid number of arguments, args should be %s' % str(self.__slots__) + ' args are' + str(args))
TypeError: Invalid number of arguments, args should be ['layout', 'data'] args are([1.1676664285684515, 1.2569137149676457],)

[rosout][ERROR] 2025-03-27 14:31:39,530: bad callback: <bound method SonarProcessor.sonar_callback of <__main__.SonarProcessor instance at 0x7f930e4461b8>>
Traceback (most recent call last):
  File "/opt/ros/kinetic/lib/python2.7/dist-packages/rospy/topics.py", line 750, in _invoke_callback
    cb(msg)
  File "sonar_get_min_dist.py", line 28, in sonar_callback
    self.back_left_min, self.back_right_min = self.process_sonar_data(data)
  File "sonar_get_min_dist.py", line 58, in process_sonar_data
    self.pub_dists(sonar_min_dist)
  File "sonar_get_min_dist.py", line 74, in pub_dists
    pub.publish(min_distances)
  File "/opt/ros/kinetic/lib/python2.7/dist-packages/rospy/topics.py", line 879, in publish
    data = args_kwds_to_message(self.data_class, args, kwds)
  File "/opt/ros/kinetic/lib/python2.7/dist-packages/rospy/msg.py", line 122, in args_kwds_to_message
    return data_class(*args)
  File "/opt/ros/kinetic/lib/python2.7/dist-packages/std_msgs/msg/_Float32MultiArray.py", line 74, in __init__
    super(Float32MultiArray, self).__init__(*args, **kwds)
  File "/opt/ros/kinetic/lib/python2.7/dist-packages/genpy/message.py", line 344, in __init__
    raise TypeError('Invalid number of arguments, args should be %s' % str(self.__slots__) + ' args are' + str(args))
TypeError: Invalid number of arguments, args should be ['layout', 'data'] args are([1.1676664285684515, 1.2569137149676457],)

[rosout][ERROR] 2025-03-27 14:31:39,634: bad callback: <bound method SonarProcessor.sonar_callback of <__main__.SonarProcessor instance at 0x7f930e4461b8>>
Traceback (most recent call last):
  File "/opt/ros/kinetic/lib/python2.7/dist-packages/rospy/topics.py", line 750, in _invoke_callback
    cb(msg)
  File "sonar_get_min_dist.py", line 28, in sonar_callback
    self.back_left_min, self.back_right_min = self.process_sonar_data(data)
  File "sonar_get_min_dist.py", line 58, in process_sonar_data
    self.pub_dists(sonar_min_dist)
  File "sonar_get_min_dist.py", line 74, in pub_dists
    pub.publish(min_distances)
  File "/opt/ros/kinetic/lib/python2.7/dist-packages/rospy/topics.py", line 879, in publish
    data = args_kwds_to_message(self.data_class, args, kwds)
  File "/opt/ros/kinetic/lib/python2.7/dist-packages/rospy/msg.py", line 122, in args_kwds_to_message
    return data_class(*args)
  File "/opt/ros/kinetic/lib/python2.7/dist-packages/std_msgs/msg/_Float32MultiArray.py", line 74, in __init__
    super(Float32MultiArray, self).__init__(*args, **kwds)
  File "/opt/ros/kinetic/lib/python2.7/dist-packages/genpy/message.py", line 344, in __init__
    raise TypeError('Invalid number of arguments, args should be %s' % str(self.__slots__) + ' args are' + str(args))
TypeError: Invalid number of arguments, args should be ['layout', 'data'] args are([1.1676664285684515, 1.2648108157406286],)

[rosout][ERROR] 2025-03-27 14:31:39,731: bad callback: <bound method SonarProcessor.sonar_callback of <__main__.SonarProcessor instance at 0x7f930e4461b8>>
Traceback (most recent call last):
  File "/opt/ros/kinetic/lib/python2.7/dist-packages/rospy/topics.py", line 750, in _invoke_callback
    cb(msg)
  File "sonar_get_min_dist.py", line 28, in sonar_callback
    self.back_left_min, self.back_right_min = self.process_sonar_data(data)
  File "sonar_get_min_dist.py", line 58, in process_sonar_data
    self.pub_dists(sonar_min_dist)
  File "sonar_get_min_dist.py", line 74, in pub_dists
    pub.publish(min_distances)
  File "/opt/ros/kinetic/lib/python2.7/dist-packages/rospy/topics.py", line 879, in publish
    data = args_kwds_to_message(self.data_class, args, kwds)
  File "/opt/ros/kinetic/lib/python2.7/dist-packages/rospy/msg.py", line 122, in args_kwds_to_message
    return data_class(*args)
  File "/opt/ros/kinetic/lib/python2.7/dist-packages/std_msgs/msg/_Float32MultiArray.py", line 74, in __init__
    super(Float32MultiArray, self).__init__(*args, **kwds)
  File "/opt/ros/kinetic/lib/python2.7/dist-packages/genpy/message.py", line 344, in __init__
    raise TypeError('Invalid number of arguments, args should be %s' % str(self.__slots__) + ' args are' + str(args))
TypeError: Invalid number of arguments, args should be ['layout', 'data'] args are([1.1676664285684515, 1.2648108157406286],)

[rosout][ERROR] 2025-03-27 14:31:39,834: bad callback: <bound method SonarProcessor.sonar_callback of <__main__.SonarProcessor instance at 0x7f930e4461b8>>
Traceback (most recent call last):
  File "/opt/ros/kinetic/lib/python2.7/dist-packages/rospy/topics.py", line 750, in _invoke_callback
    cb(msg)
  File "sonar_get_min_dist.py", line 28, in sonar_callback
    self.back_left_min, self.back_right_min = self.process_sonar_data(data)
  File "sonar_get_min_dist.py", line 58, in process_sonar_data
    self.pub_dists(sonar_min_dist)
  File "sonar_get_min_dist.py", line 74, in pub_dists
    pub.publish(min_distances)
  File "/opt/ros/kinetic/lib/python2.7/dist-packages/rospy/topics.py", line 879, in publish
    data = args_kwds_to_message(self.data_class, args, kwds)
  File "/opt/ros/kinetic/lib/python2.7/dist-packages/rospy/msg.py", line 122, in args_kwds_to_message
    return data_class(*args)
  File "/opt/ros/kinetic/lib/python2.7/dist-packages/std_msgs/msg/_Float32MultiArray.py", line 74, in __init__
    super(Float32MultiArray, self).__init__(*args, **kwds)
  File "/opt/ros/kinetic/lib/python2.7/dist-packages/genpy/message.py", line 344, in __init__
    raise TypeError('Invalid number of arguments, args should be %s' % str(self.__slots__) + ' args are' + str(args))
TypeError: Invalid number of arguments, args should be ['layout', 'data'] args are([1.1676664285684515, 1.2648108157406286],)

[rosout][ERROR] 2025-03-27 14:31:39,931: bad callback: <bound method SonarProcessor.sonar_callback of <__main__.SonarProcessor instance at 0x7f930e4461b8>>
Traceback (most recent call last):
  File "/opt/ros/kinetic/lib/python2.7/dist-packages/rospy/topics.py", line 750, in _invoke_callback
    cb(msg)
  File "sonar_get_min_dist.py", line 28, in sonar_callback
    self.back_left_min, self.back_right_min = self.process_sonar_data(data)
  File "sonar_get_min_dist.py", line 58, in process_sonar_data
    self.pub_dists(sonar_min_dist)
  File "sonar_get_min_dist.py", line 74, in pub_dists
    pub.publish(min_distances)
  File "/opt/ros/kinetic/lib/python2.7/dist-packages/rospy/topics.py", line 879, in publish
    data = args_kwds_to_message(self.data_class, args, kwds)
  File "/opt/ros/kinetic/lib/python2.7/dist-packages/rospy/msg.py", line 122, in args_kwds_to_message
    return data_class(*args)
  File "/opt/ros/kinetic/lib/python2.7/dist-packages/std_msgs/msg/_Float32MultiArray.py", line 74, in __init__
    super(Float32MultiArray, self).__init__(*args, **kwds)
  File "/opt/ros/kinetic/lib/python2.7/dist-packages/genpy/message.py", line 344, in __init__
    raise TypeError('Invalid number of arguments, args should be %s' % str(self.__slots__) + ' args are' + str(args))
TypeError: Invalid number of arguments, args should be ['layout', 'data'] args are([1.1676664285684515, 1.2648108157406286],)

[rosout][ERROR] 2025-03-27 14:31:40,034: bad callback: <bound method SonarProcessor.sonar_callback of <__main__.SonarProcessor instance at 0x7f930e4461b8>>
Traceback (most recent call last):
  File "/opt/ros/kinetic/lib/python2.7/dist-packages/rospy/topics.py", line 750, in _invoke_callback
    cb(msg)
  File "sonar_get_min_dist.py", line 28, in sonar_callback
    self.back_left_min, self.back_right_min = self.process_sonar_data(data)
  File "sonar_get_min_dist.py", line 58, in process_sonar_data
    self.pub_dists(sonar_min_dist)
  File "sonar_get_min_dist.py", line 74, in pub_dists
    pub.publish(min_distances)
  File "/opt/ros/kinetic/lib/python2.7/dist-packages/rospy/topics.py", line 879, in publish
    data = args_kwds_to_message(self.data_class, args, kwds)
  File "/opt/ros/kinetic/lib/python2.7/dist-packages/rospy/msg.py", line 122, in args_kwds_to_message
    return data_class(*args)
  File "/opt/ros/kinetic/lib/python2.7/dist-packages/std_msgs/msg/_Float32MultiArray.py", line 74, in __init__
    super(Float32MultiArray, self).__init__(*args, **kwds)
  File "/opt/ros/kinetic/lib/python2.7/dist-packages/genpy/message.py", line 344, in __init__
    raise TypeError('Invalid number of arguments, args should be %s' % str(self.__slots__) + ' args are' + str(args))
TypeError: Invalid number of arguments, args should be ['layout', 'data'] args are([1.1676664285684515, 1.2648108157406286],)

[rosout][ERROR] 2025-03-27 14:31:40,131: bad callback: <bound method SonarProcessor.sonar_callback of <__main__.SonarProcessor instance at 0x7f930e4461b8>>
Traceback (most recent call last):
  File "/opt/ros/kinetic/lib/python2.7/dist-packages/rospy/topics.py", line 750, in _invoke_callback
    cb(msg)
  File "sonar_get_min_dist.py", line 28, in sonar_callback
    self.back_left_min, self.back_right_min = self.process_sonar_data(data)
  File "sonar_get_min_dist.py", line 58, in process_sonar_data
    self.pub_dists(sonar_min_dist)
  File "sonar_get_min_dist.py", line 74, in pub_dists
    pub.publish(min_distances)
  File "/opt/ros/kinetic/lib/python2.7/dist-packages/rospy/topics.py", line 879, in publish
    data = args_kwds_to_message(self.data_class, args, kwds)
  File "/opt/ros/kinetic/lib/python2.7/dist-packages/rospy/msg.py", line 122, in args_kwds_to_message
    return data_class(*args)
  File "/opt/ros/kinetic/lib/python2.7/dist-packages/std_msgs/msg/_Float32MultiArray.py", line 74, in __init__
    super(Float32MultiArray, self).__init__(*args, **kwds)
  File "/opt/ros/kinetic/lib/python2.7/dist-packages/genpy/message.py", line 344, in __init__
    raise TypeError('Invalid number of arguments, args should be %s' % str(self.__slots__) + ' args are' + str(args))
TypeError: Invalid number of arguments, args should be ['layout', 'data'] args are([1.1676664285684515, 1.2648108157406286],)

[rosout][ERROR] 2025-03-27 14:31:40,234: bad callback: <bound method SonarProcessor.sonar_callback of <__main__.SonarProcessor instance at 0x7f930e4461b8>>
Traceback (most recent call last):
  File "/opt/ros/kinetic/lib/python2.7/dist-packages/rospy/topics.py", line 750, in _invoke_callback
    cb(msg)
  File "sonar_get_min_dist.py", line 28, in sonar_callback
    self.back_left_min, self.back_right_min = self.process_sonar_data(data)
  File "sonar_get_min_dist.py", line 58, in process_sonar_data
    self.pub_dists(sonar_min_dist)
  File "sonar_get_min_dist.py", line 74, in pub_dists
    pub.publish(min_distances)
  File "/opt/ros/kinetic/lib/python2.7/dist-packages/rospy/topics.py", line 879, in publish
    data = args_kwds_to_message(self.data_class, args, kwds)
  File "/opt/ros/kinetic/lib/python2.7/dist-packages/rospy/msg.py", line 122, in args_kwds_to_message
    return data_class(*args)
  File "/opt/ros/kinetic/lib/python2.7/dist-packages/std_msgs/msg/_Float32MultiArray.py", line 74, in __init__
    super(Float32MultiArray, self).__init__(*args, **kwds)
  File "/opt/ros/kinetic/lib/python2.7/dist-packages/genpy/message.py", line 344, in __init__
    raise TypeError('Invalid number of arguments, args should be %s' % str(self.__slots__) + ' args are' + str(args))
TypeError: Invalid number of arguments, args should be ['layout', 'data'] args are([1.1676664285684515, 1.2776461353290713],)

[rosout][ERROR] 2025-03-27 14:31:40,331: bad callback: <bound method SonarProcessor.sonar_callback of <__main__.SonarProcessor instance at 0x7f930e4461b8>>
Traceback (most recent call last):
  File "/opt/ros/kinetic/lib/python2.7/dist-packages/rospy/topics.py", line 750, in _invoke_callback
    cb(msg)
  File "sonar_get_min_dist.py", line 28, in sonar_callback
    self.back_left_min, self.back_right_min = self.process_sonar_data(data)
  File "sonar_get_min_dist.py", line 58, in process_sonar_data
    self.pub_dists(sonar_min_dist)
  File "sonar_get_min_dist.py", line 74, in pub_dists
    pub.publish(min_distances)
  File "/opt/ros/kinetic/lib/python2.7/dist-packages/rospy/topics.py", line 879, in publish
    data = args_kwds_to_message(self.data_class, args, kwds)
  File "/opt/ros/kinetic/lib/python2.7/dist-packages/rospy/msg.py", line 122, in args_kwds_to_message
    return data_class(*args)
  File "/opt/ros/kinetic/lib/python2.7/dist-packages/std_msgs/msg/_Float32MultiArray.py", line 74, in __init__
    super(Float32MultiArray, self).__init__(*args, **kwds)
  File "/opt/ros/kinetic/lib/python2.7/dist-packages/genpy/message.py", line 344, in __init__
    raise TypeError('Invalid number of arguments, args should be %s' % str(self.__slots__) + ' args are' + str(args))
TypeError: Invalid number of arguments, args should be ['layout', 'data'] args are([1.1676664285684515, 1.2776461353290713],)

[rosout][ERROR] 2025-03-27 14:31:40,434: bad callback: <bound method SonarProcessor.sonar_callback of <__main__.SonarProcessor instance at 0x7f930e4461b8>>
Traceback (most recent call last):
  File "/opt/ros/kinetic/lib/python2.7/dist-packages/rospy/topics.py", line 750, in _invoke_callback
    cb(msg)
  File "sonar_get_min_dist.py", line 28, in sonar_callback
    self.back_left_min, self.back_right_min = self.process_sonar_data(data)
  File "sonar_get_min_dist.py", line 58, in process_sonar_data
    self.pub_dists(sonar_min_dist)
  File "sonar_get_min_dist.py", line 74, in pub_dists
    pub.publish(min_distances)
  File "/opt/ros/kinetic/lib/python2.7/dist-packages/rospy/topics.py", line 879, in publish
    data = args_kwds_to_message(self.data_class, args, kwds)
  File "/opt/ros/kinetic/lib/python2.7/dist-packages/rospy/msg.py", line 122, in args_kwds_to_message
    return data_class(*args)
  File "/opt/ros/kinetic/lib/python2.7/dist-packages/std_msgs/msg/_Float32MultiArray.py", line 74, in __init__
    super(Float32MultiArray, self).__init__(*args, **kwds)
  File "/opt/ros/kinetic/lib/python2.7/dist-packages/genpy/message.py", line 344, in __init__
    raise TypeError('Invalid number of arguments, args should be %s' % str(self.__slots__) + ' args are' + str(args))
TypeError: Invalid number of arguments, args should be ['layout', 'data'] args are([1.1676664285684515, 1.292460330088512],)

[rosout][ERROR] 2025-03-27 14:31:40,531: bad callback: <bound method SonarProcessor.sonar_callback of <__main__.SonarProcessor instance at 0x7f930e4461b8>>
Traceback (most recent call last):
  File "/opt/ros/kinetic/lib/python2.7/dist-packages/rospy/topics.py", line 750, in _invoke_callback
    cb(msg)
  File "sonar_get_min_dist.py", line 28, in sonar_callback
    self.back_left_min, self.back_right_min = self.process_sonar_data(data)
  File "sonar_get_min_dist.py", line 58, in process_sonar_data
    self.pub_dists(sonar_min_dist)
  File "sonar_get_min_dist.py", line 74, in pub_dists
    pub.publish(min_distances)
  File "/opt/ros/kinetic/lib/python2.7/dist-packages/rospy/topics.py", line 879, in publish
    data = args_kwds_to_message(self.data_class, args, kwds)
  File "/opt/ros/kinetic/lib/python2.7/dist-packages/rospy/msg.py", line 122, in args_kwds_to_message
    return data_class(*args)
  File "/opt/ros/kinetic/lib/python2.7/dist-packages/std_msgs/msg/_Float32MultiArray.py", line 74, in __init__
    super(Float32MultiArray, self).__init__(*args, **kwds)
  File "/opt/ros/kinetic/lib/python2.7/dist-packages/genpy/message.py", line 344, in __init__
    raise TypeError('Invalid number of arguments, args should be %s' % str(self.__slots__) + ' args are' + str(args))
TypeError: Invalid number of arguments, args should be ['layout', 'data'] args are([1.1676664285684515, 1.292460330088512],)

[rosout][ERROR] 2025-03-27 14:31:40,634: bad callback: <bound method SonarProcessor.sonar_callback of <__main__.SonarProcessor instance at 0x7f930e4461b8>>
Traceback (most recent call last):
  File "/opt/ros/kinetic/lib/python2.7/dist-packages/rospy/topics.py", line 750, in _invoke_callback
    cb(msg)
  File "sonar_get_min_dist.py", line 28, in sonar_callback
    self.back_left_min, self.back_right_min = self.process_sonar_data(data)
  File "sonar_get_min_dist.py", line 58, in process_sonar_data
    self.pub_dists(sonar_min_dist)
  File "sonar_get_min_dist.py", line 74, in pub_dists
    pub.publish(min_distances)
  File "/opt/ros/kinetic/lib/python2.7/dist-packages/rospy/topics.py", line 879, in publish
    data = args_kwds_to_message(self.data_class, args, kwds)
  File "/opt/ros/kinetic/lib/python2.7/dist-packages/rospy/msg.py", line 122, in args_kwds_to_message
    return data_class(*args)
  File "/opt/ros/kinetic/lib/python2.7/dist-packages/std_msgs/msg/_Float32MultiArray.py", line 74, in __init__
    super(Float32MultiArray, self).__init__(*args, **kwds)
  File "/opt/ros/kinetic/lib/python2.7/dist-packages/genpy/message.py", line 344, in __init__
    raise TypeError('Invalid number of arguments, args should be %s' % str(self.__slots__) + ' args are' + str(args))
TypeError: Invalid number of arguments, args should be ['layout', 'data'] args are([1.1676664285684515, 1.292460330088512],)

[rosout][ERROR] 2025-03-27 14:31:40,731: bad callback: <bound method SonarProcessor.sonar_callback of <__main__.SonarProcessor instance at 0x7f930e4461b8>>
Traceback (most recent call last):
  File "/opt/ros/kinetic/lib/python2.7/dist-packages/rospy/topics.py", line 750, in _invoke_callback
    cb(msg)
  File "sonar_get_min_dist.py", line 28, in sonar_callback
    self.back_left_min, self.back_right_min = self.process_sonar_data(data)
  File "sonar_get_min_dist.py", line 58, in process_sonar_data
    self.pub_dists(sonar_min_dist)
  File "sonar_get_min_dist.py", line 74, in pub_dists
    pub.publish(min_distances)
  File "/opt/ros/kinetic/lib/python2.7/dist-packages/rospy/topics.py", line 879, in publish
    data = args_kwds_to_message(self.data_class, args, kwds)
  File "/opt/ros/kinetic/lib/python2.7/dist-packages/rospy/msg.py", line 122, in args_kwds_to_message
    return data_class(*args)
  File "/opt/ros/kinetic/lib/python2.7/dist-packages/std_msgs/msg/_Float32MultiArray.py", line 74, in __init__
    super(Float32MultiArray, self).__init__(*args, **kwds)
  File "/opt/ros/kinetic/lib/python2.7/dist-packages/genpy/message.py", line 344, in __init__
    raise TypeError('Invalid number of arguments, args should be %s' % str(self.__slots__) + ' args are' + str(args))
TypeError: Invalid number of arguments, args should be ['layout', 'data'] args are([1.1676664285684515, 1.262836361335916],)

[rosout][ERROR] 2025-03-27 14:31:40,834: bad callback: <bound method SonarProcessor.sonar_callback of <__main__.SonarProcessor instance at 0x7f930e4461b8>>
Traceback (most recent call last):
  File "/opt/ros/kinetic/lib/python2.7/dist-packages/rospy/topics.py", line 750, in _invoke_callback
    cb(msg)
  File "sonar_get_min_dist.py", line 28, in sonar_callback
    self.back_left_min, self.back_right_min = self.process_sonar_data(data)
  File "sonar_get_min_dist.py", line 58, in process_sonar_data
    self.pub_dists(sonar_min_dist)
  File "sonar_get_min_dist.py", line 74, in pub_dists
    pub.publish(min_distances)
  File "/opt/ros/kinetic/lib/python2.7/dist-packages/rospy/topics.py", line 879, in publish
    data = args_kwds_to_message(self.data_class, args, kwds)
  File "/opt/ros/kinetic/lib/python2.7/dist-packages/rospy/msg.py", line 122, in args_kwds_to_message
    return data_class(*args)
  File "/opt/ros/kinetic/lib/python2.7/dist-packages/std_msgs/msg/_Float32MultiArray.py", line 74, in __init__
    super(Float32MultiArray, self).__init__(*args, **kwds)
  File "/opt/ros/kinetic/lib/python2.7/dist-packages/genpy/message.py", line 344, in __init__
    raise TypeError('Invalid number of arguments, args should be %s' % str(self.__slots__) + ' args are' + str(args))
TypeError: Invalid number of arguments, args should be ['layout', 'data'] args are([1.1676664285684515, 1.262836361335916],)

[rosout][ERROR] 2025-03-27 14:31:40,931: bad callback: <bound method SonarProcessor.sonar_callback of <__main__.SonarProcessor instance at 0x7f930e4461b8>>
Traceback (most recent call last):
  File "/opt/ros/kinetic/lib/python2.7/dist-packages/rospy/topics.py", line 750, in _invoke_callback
    cb(msg)
  File "sonar_get_min_dist.py", line 28, in sonar_callback
    self.back_left_min, self.back_right_min = self.process_sonar_data(data)
  File "sonar_get_min_dist.py", line 58, in process_sonar_data
    self.pub_dists(sonar_min_dist)
  File "sonar_get_min_dist.py", line 74, in pub_dists
    pub.publish(min_distances)
  File "/opt/ros/kinetic/lib/python2.7/dist-packages/rospy/topics.py", line 879, in publish
    data = args_kwds_to_message(self.data_class, args, kwds)
  File "/opt/ros/kinetic/lib/python2.7/dist-packages/rospy/msg.py", line 122, in args_kwds_to_message
    return data_class(*args)
  File "/opt/ros/kinetic/lib/python2.7/dist-packages/std_msgs/msg/_Float32MultiArray.py", line 74, in __init__
    super(Float32MultiArray, self).__init__(*args, **kwds)
  File "/opt/ros/kinetic/lib/python2.7/dist-packages/genpy/message.py", line 344, in __init__
    raise TypeError('Invalid number of arguments, args should be %s' % str(self.__slots__) + ' args are' + str(args))
TypeError: Invalid number of arguments, args should be ['layout', 'data'] args are([1.1676664285684515, 1.262836361335916],)

[rosout][ERROR] 2025-03-27 14:31:41,034: bad callback: <bound method SonarProcessor.sonar_callback of <__main__.SonarProcessor instance at 0x7f930e4461b8>>
Traceback (most recent call last):
  File "/opt/ros/kinetic/lib/python2.7/dist-packages/rospy/topics.py", line 750, in _invoke_callback
    cb(msg)
  File "sonar_get_min_dist.py", line 28, in sonar_callback
    self.back_left_min, self.back_right_min = self.process_sonar_data(data)
  File "sonar_get_min_dist.py", line 58, in process_sonar_data
    self.pub_dists(sonar_min_dist)
  File "sonar_get_min_dist.py", line 74, in pub_dists
    pub.publish(min_distances)
  File "/opt/ros/kinetic/lib/python2.7/dist-packages/rospy/topics.py", line 879, in publish
    data = args_kwds_to_message(self.data_class, args, kwds)
  File "/opt/ros/kinetic/lib/python2.7/dist-packages/rospy/msg.py", line 122, in args_kwds_to_message
    return data_class(*args)
  File "/opt/ros/kinetic/lib/python2.7/dist-packages/std_msgs/msg/_Float32MultiArray.py", line 74, in __init__
    super(Float32MultiArray, self).__init__(*args, **kwds)
  File "/opt/ros/kinetic/lib/python2.7/dist-packages/genpy/message.py", line 344, in __init__
    raise TypeError('Invalid number of arguments, args should be %s' % str(self.__slots__) + ' args are' + str(args))
TypeError: Invalid number of arguments, args should be ['layout', 'data'] args are([1.1676664285684515, 1.2549396844898686],)

[rosout][ERROR] 2025-03-27 14:31:41,131: bad callback: <bound method SonarProcessor.sonar_callback of <__main__.SonarProcessor instance at 0x7f930e4461b8>>
Traceback (most recent call last):
  File "/opt/ros/kinetic/lib/python2.7/dist-packages/rospy/topics.py", line 750, in _invoke_callback
    cb(msg)
  File "sonar_get_min_dist.py", line 28, in sonar_callback
    self.back_left_min, self.back_right_min = self.process_sonar_data(data)
  File "sonar_get_min_dist.py", line 58, in process_sonar_data
    self.pub_dists(sonar_min_dist)
  File "sonar_get_min_dist.py", line 74, in pub_dists
    pub.publish(min_distances)
  File "/opt/ros/kinetic/lib/python2.7/dist-packages/rospy/topics.py", line 879, in publish
    data = args_kwds_to_message(self.data_class, args, kwds)
  File "/opt/ros/kinetic/lib/python2.7/dist-packages/rospy/msg.py", line 122, in args_kwds_to_message
    return data_class(*args)
  File "/opt/ros/kinetic/lib/python2.7/dist-packages/std_msgs/msg/_Float32MultiArray.py", line 74, in __init__
    super(Float32MultiArray, self).__init__(*args, **kwds)
  File "/opt/ros/kinetic/lib/python2.7/dist-packages/genpy/message.py", line 344, in __init__
    raise TypeError('Invalid number of arguments, args should be %s' % str(self.__slots__) + ' args are' + str(args))
TypeError: Invalid number of arguments, args should be ['layout', 'data'] args are([1.1676664285684515, 1.2549396844898686],)

[rosout][ERROR] 2025-03-27 14:31:41,234: bad callback: <bound method SonarProcessor.sonar_callback of <__main__.SonarProcessor instance at 0x7f930e4461b8>>
Traceback (most recent call last):
  File "/opt/ros/kinetic/lib/python2.7/dist-packages/rospy/topics.py", line 750, in _invoke_callback
    cb(msg)
  File "sonar_get_min_dist.py", line 28, in sonar_callback
    self.back_left_min, self.back_right_min = self.process_sonar_data(data)
  File "sonar_get_min_dist.py", line 58, in process_sonar_data
    self.pub_dists(sonar_min_dist)
  File "sonar_get_min_dist.py", line 74, in pub_dists
    pub.publish(min_distances)
  File "/opt/ros/kinetic/lib/python2.7/dist-packages/rospy/topics.py", line 879, in publish
    data = args_kwds_to_message(self.data_class, args, kwds)
  File "/opt/ros/kinetic/lib/python2.7/dist-packages/rospy/msg.py", line 122, in args_kwds_to_message
    return data_class(*args)
  File "/opt/ros/kinetic/lib/python2.7/dist-packages/std_msgs/msg/_Float32MultiArray.py", line 74, in __init__
    super(Float32MultiArray, self).__init__(*args, **kwds)
  File "/opt/ros/kinetic/lib/python2.7/dist-packages/genpy/message.py", line 344, in __init__
    raise TypeError('Invalid number of arguments, args should be %s' % str(self.__slots__) + ' args are' + str(args))
TypeError: Invalid number of arguments, args should be ['layout', 'data'] args are([1.1676664285684515, 1.2549396844898686],)

[rosout][ERROR] 2025-03-27 14:31:41,331: bad callback: <bound method SonarProcessor.sonar_callback of <__main__.SonarProcessor instance at 0x7f930e4461b8>>
Traceback (most recent call last):
  File "/opt/ros/kinetic/lib/python2.7/dist-packages/rospy/topics.py", line 750, in _invoke_callback
    cb(msg)
  File "sonar_get_min_dist.py", line 28, in sonar_callback
    self.back_left_min, self.back_right_min = self.process_sonar_data(data)
  File "sonar_get_min_dist.py", line 58, in process_sonar_data
    self.pub_dists(sonar_min_dist)
  File "sonar_get_min_dist.py", line 74, in pub_dists
    pub.publish(min_distances)
  File "/opt/ros/kinetic/lib/python2.7/dist-packages/rospy/topics.py", line 879, in publish
    data = args_kwds_to_message(self.data_class, args, kwds)
  File "/opt/ros/kinetic/lib/python2.7/dist-packages/rospy/msg.py", line 122, in args_kwds_to_message
    return data_class(*args)
  File "/opt/ros/kinetic/lib/python2.7/dist-packages/std_msgs/msg/_Float32MultiArray.py", line 74, in __init__
    super(Float32MultiArray, self).__init__(*args, **kwds)
  File "/opt/ros/kinetic/lib/python2.7/dist-packages/genpy/message.py", line 344, in __init__
    raise TypeError('Invalid number of arguments, args should be %s' % str(self.__slots__) + ' args are' + str(args))
TypeError: Invalid number of arguments, args should be ['layout', 'data'] args are([1.1676664285684515, 1.259874946648505],)

[rosout][ERROR] 2025-03-27 14:31:41,434: bad callback: <bound method SonarProcessor.sonar_callback of <__main__.SonarProcessor instance at 0x7f930e4461b8>>
Traceback (most recent call last):
  File "/opt/ros/kinetic/lib/python2.7/dist-packages/rospy/topics.py", line 750, in _invoke_callback
    cb(msg)
  File "sonar_get_min_dist.py", line 28, in sonar_callback
    self.back_left_min, self.back_right_min = self.process_sonar_data(data)
  File "sonar_get_min_dist.py", line 58, in process_sonar_data
    self.pub_dists(sonar_min_dist)
  File "sonar_get_min_dist.py", line 74, in pub_dists
    pub.publish(min_distances)
  File "/opt/ros/kinetic/lib/python2.7/dist-packages/rospy/topics.py", line 879, in publish
    data = args_kwds_to_message(self.data_class, args, kwds)
  File "/opt/ros/kinetic/lib/python2.7/dist-packages/rospy/msg.py", line 122, in args_kwds_to_message
    return data_class(*args)
  File "/opt/ros/kinetic/lib/python2.7/dist-packages/std_msgs/msg/_Float32MultiArray.py", line 74, in __init__
    super(Float32MultiArray, self).__init__(*args, **kwds)
  File "/opt/ros/kinetic/lib/python2.7/dist-packages/genpy/message.py", line 344, in __init__
    raise TypeError('Invalid number of arguments, args should be %s' % str(self.__slots__) + ' args are' + str(args))
TypeError: Invalid number of arguments, args should be ['layout', 'data'] args are([1.1676664285684515, 1.259874946648505],)

[rosout][ERROR] 2025-03-27 14:31:41,531: bad callback: <bound method SonarProcessor.sonar_callback of <__main__.SonarProcessor instance at 0x7f930e4461b8>>
Traceback (most recent call last):
  File "/opt/ros/kinetic/lib/python2.7/dist-packages/rospy/topics.py", line 750, in _invoke_callback
    cb(msg)
  File "sonar_get_min_dist.py", line 28, in sonar_callback
    self.back_left_min, self.back_right_min = self.process_sonar_data(data)
  File "sonar_get_min_dist.py", line 58, in process_sonar_data
    self.pub_dists(sonar_min_dist)
  File "sonar_get_min_dist.py", line 74, in pub_dists
    pub.publish(min_distances)
  File "/opt/ros/kinetic/lib/python2.7/dist-packages/rospy/topics.py", line 879, in publish
    data = args_kwds_to_message(self.data_class, args, kwds)
  File "/opt/ros/kinetic/lib/python2.7/dist-packages/rospy/msg.py", line 122, in args_kwds_to_message
    return data_class(*args)
  File "/opt/ros/kinetic/lib/python2.7/dist-packages/std_msgs/msg/_Float32MultiArray.py", line 74, in __init__
    super(Float32MultiArray, self).__init__(*args, **kwds)
  File "/opt/ros/kinetic/lib/python2.7/dist-packages/genpy/message.py", line 344, in __init__
    raise TypeError('Invalid number of arguments, args should be %s' % str(self.__slots__) + ' args are' + str(args))
TypeError: Invalid number of arguments, args should be ['layout', 'data'] args are([1.1676664285684515, 1.259874946648505],)

[rosout][ERROR] 2025-03-27 14:31:41,634: bad callback: <bound method SonarProcessor.sonar_callback of <__main__.SonarProcessor instance at 0x7f930e4461b8>>
Traceback (most recent call last):
  File "/opt/ros/kinetic/lib/python2.7/dist-packages/rospy/topics.py", line 750, in _invoke_callback
    cb(msg)
  File "sonar_get_min_dist.py", line 28, in sonar_callback
    self.back_left_min, self.back_right_min = self.process_sonar_data(data)
  File "sonar_get_min_dist.py", line 58, in process_sonar_data
    self.pub_dists(sonar_min_dist)
  File "sonar_get_min_dist.py", line 74, in pub_dists
    pub.publish(min_distances)
  File "/opt/ros/kinetic/lib/python2.7/dist-packages/rospy/topics.py", line 879, in publish
    data = args_kwds_to_message(self.data_class, args, kwds)
  File "/opt/ros/kinetic/lib/python2.7/dist-packages/rospy/msg.py", line 122, in args_kwds_to_message
    return data_class(*args)
  File "/opt/ros/kinetic/lib/python2.7/dist-packages/std_msgs/msg/_Float32MultiArray.py", line 74, in __init__
    super(Float32MultiArray, self).__init__(*args, **kwds)
  File "/opt/ros/kinetic/lib/python2.7/dist-packages/genpy/message.py", line 344, in __init__
    raise TypeError('Invalid number of arguments, args should be %s' % str(self.__slots__) + ' args are' + str(args))
TypeError: Invalid number of arguments, args should be ['layout', 'data'] args are([1.1676664285684515, 1.2677725326011133],)

[rosout][ERROR] 2025-03-27 14:31:41,731: bad callback: <bound method SonarProcessor.sonar_callback of <__main__.SonarProcessor instance at 0x7f930e4461b8>>
Traceback (most recent call last):
  File "/opt/ros/kinetic/lib/python2.7/dist-packages/rospy/topics.py", line 750, in _invoke_callback
    cb(msg)
  File "sonar_get_min_dist.py", line 28, in sonar_callback
    self.back_left_min, self.back_right_min = self.process_sonar_data(data)
  File "sonar_get_min_dist.py", line 58, in process_sonar_data
    self.pub_dists(sonar_min_dist)
  File "sonar_get_min_dist.py", line 74, in pub_dists
    pub.publish(min_distances)
  File "/opt/ros/kinetic/lib/python2.7/dist-packages/rospy/topics.py", line 879, in publish
    data = args_kwds_to_message(self.data_class, args, kwds)
  File "/opt/ros/kinetic/lib/python2.7/dist-packages/rospy/msg.py", line 122, in args_kwds_to_message
    return data_class(*args)
  File "/opt/ros/kinetic/lib/python2.7/dist-packages/std_msgs/msg/_Float32MultiArray.py", line 74, in __init__
    super(Float32MultiArray, self).__init__(*args, **kwds)
  File "/opt/ros/kinetic/lib/python2.7/dist-packages/genpy/message.py", line 344, in __init__
    raise TypeError('Invalid number of arguments, args should be %s' % str(self.__slots__) + ' args are' + str(args))
TypeError: Invalid number of arguments, args should be ['layout', 'data'] args are([1.1676664285684515, 1.2677725326011133],)

[rosout][ERROR] 2025-03-27 14:31:41,835: bad callback: <bound method SonarProcessor.sonar_callback of <__main__.SonarProcessor instance at 0x7f930e4461b8>>
Traceback (most recent call last):
  File "/opt/ros/kinetic/lib/python2.7/dist-packages/rospy/topics.py", line 750, in _invoke_callback
    cb(msg)
  File "sonar_get_min_dist.py", line 28, in sonar_callback
    self.back_left_min, self.back_right_min = self.process_sonar_data(data)
  File "sonar_get_min_dist.py", line 58, in process_sonar_data
    self.pub_dists(sonar_min_dist)
  File "sonar_get_min_dist.py", line 74, in pub_dists
    pub.publish(min_distances)
  File "/opt/ros/kinetic/lib/python2.7/dist-packages/rospy/topics.py", line 879, in publish
    data = args_kwds_to_message(self.data_class, args, kwds)
  File "/opt/ros/kinetic/lib/python2.7/dist-packages/rospy/msg.py", line 122, in args_kwds_to_message
    return data_class(*args)
  File "/opt/ros/kinetic/lib/python2.7/dist-packages/std_msgs/msg/_Float32MultiArray.py", line 74, in __init__
    super(Float32MultiArray, self).__init__(*args, **kwds)
  File "/opt/ros/kinetic/lib/python2.7/dist-packages/genpy/message.py", line 344, in __init__
    raise TypeError('Invalid number of arguments, args should be %s' % str(self.__slots__) + ' args are' + str(args))
TypeError: Invalid number of arguments, args should be ['layout', 'data'] args are([1.1676664285684515, 1.2579007934616833],)

[rosout][ERROR] 2025-03-27 14:31:41,931: bad callback: <bound method SonarProcessor.sonar_callback of <__main__.SonarProcessor instance at 0x7f930e4461b8>>
Traceback (most recent call last):
  File "/opt/ros/kinetic/lib/python2.7/dist-packages/rospy/topics.py", line 750, in _invoke_callback
    cb(msg)
  File "sonar_get_min_dist.py", line 28, in sonar_callback
    self.back_left_min, self.back_right_min = self.process_sonar_data(data)
  File "sonar_get_min_dist.py", line 58, in process_sonar_data
    self.pub_dists(sonar_min_dist)
  File "sonar_get_min_dist.py", line 74, in pub_dists
    pub.publish(min_distances)
  File "/opt/ros/kinetic/lib/python2.7/dist-packages/rospy/topics.py", line 879, in publish
    data = args_kwds_to_message(self.data_class, args, kwds)
  File "/opt/ros/kinetic/lib/python2.7/dist-packages/rospy/msg.py", line 122, in args_kwds_to_message
    return data_class(*args)
  File "/opt/ros/kinetic/lib/python2.7/dist-packages/std_msgs/msg/_Float32MultiArray.py", line 74, in __init__
    super(Float32MultiArray, self).__init__(*args, **kwds)
  File "/opt/ros/kinetic/lib/python2.7/dist-packages/genpy/message.py", line 344, in __init__
    raise TypeError('Invalid number of arguments, args should be %s' % str(self.__slots__) + ' args are' + str(args))
TypeError: Invalid number of arguments, args should be ['layout', 'data'] args are([1.1676664285684515, 1.2579007934616833],)

[rosout][ERROR] 2025-03-27 14:31:42,035: bad callback: <bound method SonarProcessor.sonar_callback of <__main__.SonarProcessor instance at 0x7f930e4461b8>>
Traceback (most recent call last):
  File "/opt/ros/kinetic/lib/python2.7/dist-packages/rospy/topics.py", line 750, in _invoke_callback
    cb(msg)
  File "sonar_get_min_dist.py", line 28, in sonar_callback
    self.back_left_min, self.back_right_min = self.process_sonar_data(data)
  File "sonar_get_min_dist.py", line 58, in process_sonar_data
    self.pub_dists(sonar_min_dist)
  File "sonar_get_min_dist.py", line 74, in pub_dists
    pub.publish(min_distances)
  File "/opt/ros/kinetic/lib/python2.7/dist-packages/rospy/topics.py", line 879, in publish
    data = args_kwds_to_message(self.data_class, args, kwds)
  File "/opt/ros/kinetic/lib/python2.7/dist-packages/rospy/msg.py", line 122, in args_kwds_to_message
    return data_class(*args)
  File "/opt/ros/kinetic/lib/python2.7/dist-packages/std_msgs/msg/_Float32MultiArray.py", line 74, in __init__
    super(Float32MultiArray, self).__init__(*args, **kwds)
  File "/opt/ros/kinetic/lib/python2.7/dist-packages/genpy/message.py", line 344, in __init__
    raise TypeError('Invalid number of arguments, args should be %s' % str(self.__slots__) + ' args are' + str(args))
TypeError: Invalid number of arguments, args should be ['layout', 'data'] args are([1.1676664285684515, 1.2579007934616833],)

[rosout][ERROR] 2025-03-27 14:31:42,131: bad callback: <bound method SonarProcessor.sonar_callback of <__main__.SonarProcessor instance at 0x7f930e4461b8>>
Traceback (most recent call last):
  File "/opt/ros/kinetic/lib/python2.7/dist-packages/rospy/topics.py", line 750, in _invoke_callback
    cb(msg)
  File "sonar_get_min_dist.py", line 28, in sonar_callback
    self.back_left_min, self.back_right_min = self.process_sonar_data(data)
  File "sonar_get_min_dist.py", line 58, in process_sonar_data
    self.pub_dists(sonar_min_dist)
  File "sonar_get_min_dist.py", line 74, in pub_dists
    pub.publish(min_distances)
  File "/opt/ros/kinetic/lib/python2.7/dist-packages/rospy/topics.py", line 879, in publish
    data = args_kwds_to_message(self.data_class, args, kwds)
  File "/opt/ros/kinetic/lib/python2.7/dist-packages/rospy/msg.py", line 122, in args_kwds_to_message
    return data_class(*args)
  File "/opt/ros/kinetic/lib/python2.7/dist-packages/std_msgs/msg/_Float32MultiArray.py", line 74, in __init__
    super(Float32MultiArray, self).__init__(*args, **kwds)
  File "/opt/ros/kinetic/lib/python2.7/dist-packages/genpy/message.py", line 344, in __init__
    raise TypeError('Invalid number of arguments, args should be %s' % str(self.__slots__) + ' args are' + str(args))
TypeError: Invalid number of arguments, args should be ['layout', 'data'] args are([1.1676664285684515, 1.284558929080978],)

[rosout][ERROR] 2025-03-27 14:31:42,235: bad callback: <bound method SonarProcessor.sonar_callback of <__main__.SonarProcessor instance at 0x7f930e4461b8>>
Traceback (most recent call last):
  File "/opt/ros/kinetic/lib/python2.7/dist-packages/rospy/topics.py", line 750, in _invoke_callback
    cb(msg)
  File "sonar_get_min_dist.py", line 28, in sonar_callback
    self.back_left_min, self.back_right_min = self.process_sonar_data(data)
  File "sonar_get_min_dist.py", line 58, in process_sonar_data
    self.pub_dists(sonar_min_dist)
  File "sonar_get_min_dist.py", line 74, in pub_dists
    pub.publish(min_distances)
  File "/opt/ros/kinetic/lib/python2.7/dist-packages/rospy/topics.py", line 879, in publish
    data = args_kwds_to_message(self.data_class, args, kwds)
  File "/opt/ros/kinetic/lib/python2.7/dist-packages/rospy/msg.py", line 122, in args_kwds_to_message
    return data_class(*args)
  File "/opt/ros/kinetic/lib/python2.7/dist-packages/std_msgs/msg/_Float32MultiArray.py", line 74, in __init__
    super(Float32MultiArray, self).__init__(*args, **kwds)
  File "/opt/ros/kinetic/lib/python2.7/dist-packages/genpy/message.py", line 344, in __init__
    raise TypeError('Invalid number of arguments, args should be %s' % str(self.__slots__) + ' args are' + str(args))
TypeError: Invalid number of arguments, args should be ['layout', 'data'] args are([1.1676664285684515, 1.284558929080978],)

[rosout][ERROR] 2025-03-27 14:31:42,332: bad callback: <bound method SonarProcessor.sonar_callback of <__main__.SonarProcessor instance at 0x7f930e4461b8>>
Traceback (most recent call last):
  File "/opt/ros/kinetic/lib/python2.7/dist-packages/rospy/topics.py", line 750, in _invoke_callback
    cb(msg)
  File "sonar_get_min_dist.py", line 28, in sonar_callback
    self.back_left_min, self.back_right_min = self.process_sonar_data(data)
  File "sonar_get_min_dist.py", line 58, in process_sonar_data
    self.pub_dists(sonar_min_dist)
  File "sonar_get_min_dist.py", line 74, in pub_dists
    pub.publish(min_distances)
  File "/opt/ros/kinetic/lib/python2.7/dist-packages/rospy/topics.py", line 879, in publish
    data = args_kwds_to_message(self.data_class, args, kwds)
  File "/opt/ros/kinetic/lib/python2.7/dist-packages/rospy/msg.py", line 122, in args_kwds_to_message
    return data_class(*args)
  File "/opt/ros/kinetic/lib/python2.7/dist-packages/std_msgs/msg/_Float32MultiArray.py", line 74, in __init__
    super(Float32MultiArray, self).__init__(*args, **kwds)
  File "/opt/ros/kinetic/lib/python2.7/dist-packages/genpy/message.py", line 344, in __init__
    raise TypeError('Invalid number of arguments, args should be %s' % str(self.__slots__) + ' args are' + str(args))
TypeError: Invalid number of arguments, args should be ['layout', 'data'] args are([1.1676664285684515, 1.284558929080978],)

[rosout][ERROR] 2025-03-27 14:31:42,435: bad callback: <bound method SonarProcessor.sonar_callback of <__main__.SonarProcessor instance at 0x7f930e4461b8>>
Traceback (most recent call last):
  File "/opt/ros/kinetic/lib/python2.7/dist-packages/rospy/topics.py", line 750, in _invoke_callback
    cb(msg)
  File "sonar_get_min_dist.py", line 28, in sonar_callback
    self.back_left_min, self.back_right_min = self.process_sonar_data(data)
  File "sonar_get_min_dist.py", line 58, in process_sonar_data
    self.pub_dists(sonar_min_dist)
  File "sonar_get_min_dist.py", line 74, in pub_dists
    pub.publish(min_distances)
  File "/opt/ros/kinetic/lib/python2.7/dist-packages/rospy/topics.py", line 879, in publish
    data = args_kwds_to_message(self.data_class, args, kwds)
  File "/opt/ros/kinetic/lib/python2.7/dist-packages/rospy/msg.py", line 122, in args_kwds_to_message
    return data_class(*args)
  File "/opt/ros/kinetic/lib/python2.7/dist-packages/std_msgs/msg/_Float32MultiArray.py", line 74, in __init__
    super(Float32MultiArray, self).__init__(*args, **kwds)
  File "/opt/ros/kinetic/lib/python2.7/dist-packages/genpy/message.py", line 344, in __init__
    raise TypeError('Invalid number of arguments, args should be %s' % str(self.__slots__) + ' args are' + str(args))
TypeError: Invalid number of arguments, args should be ['layout', 'data'] args are([1.1676664285684515, 1.268759734604442],)

[rospy.core][INFO] 2025-03-27 14:31:42,465: signal_shutdown [signal-2]
[rospy.internal][INFO] 2025-03-27 14:31:42,473: topic[/rosout] removing connection to /rosout
[rospy.internal][INFO] 2025-03-27 14:31:42,474: topic[/RosAria/sonar] removing connection to http://localhost:37299/
[rospy.topics][ERROR] 2025-03-27 14:31:42,476: Traceback (most recent call last):
  File "/opt/ros/kinetic/lib/python2.7/dist-packages/rospy/topics.py", line 326, in close
    c.close()
  File "/opt/ros/kinetic/lib/python2.7/dist-packages/rospy/impl/tcpros_base.py", line 839, in close
    self.socket.close()
AttributeError: 'NoneType' object has no attribute 'close'

[rospy.internal][WARNING] 2025-03-27 14:31:42,476: Unknown error initiating TCP/IP socket to localhost:60417 (http://localhost:37299/): Traceback (most recent call last):
  File "/opt/ros/kinetic/lib/python2.7/dist-packages/rospy/impl/tcpros_base.py", line 558, in connect
    self.read_header()
  File "/opt/ros/kinetic/lib/python2.7/dist-packages/rospy/impl/tcpros_base.py", line 651, in read_header
    self._validate_header(read_ros_handshake_header(sock, self.read_buff, self.protocol.buff_size))
AttributeError: 'NoneType' object has no attribute 'buff_size'

[rospy.impl.masterslave][INFO] 2025-03-27 14:31:42,477: signal-2
[rospy.core][INFO] 2025-03-27 14:31:42,578: signal_shutdown [atexit]
