[rospy.client][INFO] 2025-03-27 14:39:02,625: init_node, name[/sonar_processor_5648_1743061142613], pid[5648]
[xmlrpc][INFO] 2025-03-27 14:39:02,625: XML-RPC server binding to 127.0.0.1:0
[xmlrpc][INFO] 2025-03-27 14:39:02,625: Started XML-RPC server [http://localhost:45539/]
[rospy.init][INFO] 2025-03-27 14:39:02,626: ROS Slave URI: [http://localhost:45539/]
[rospy.impl.masterslave][INFO] 2025-03-27 14:39:02,626: _ready: http://localhost:45539/
[rospy.registration][INFO] 2025-03-27 14:39:02,626: Registering with master node http://localhost:11311
[xmlrpc][INFO] 2025-03-27 14:39:02,626: xml rpc node: starting XML-RPC server
[rospy.init][INFO] 2025-03-27 14:39:02,726: registered with master
[rospy.rosout][INFO] 2025-03-27 14:39:02,726: initializing /rosout core topic
[rospy.rosout][INFO] 2025-03-27 14:39:02,732: connected to core topic /rosout
[rospy.simtime][INFO] 2025-03-27 14:39:02,736: /use_sim_time is not set, will not subscribe to simulated time [/clock] topic
[rosout][INFO] 2025-03-27 14:39:02,749: Sonar processor initialized
[rospy.internal][INFO] 2025-03-27 14:39:02,794: topic[/RosAria/sonar] adding connection to [http://localhost:37299/], count 0
[rosout][INFO] 2025-03-27 14:39:02,807: Back Left Min: 1.17, Back Right Min: 1.14
[rospy.internal][INFO] 2025-03-27 14:39:02,936: topic[/rosout] adding connection to [/rosout], count 0
[rosout][INFO] 2025-03-27 14:39:03,004: Back Left Min: 1.17, Back Right Min: 1.14
[rosout][INFO] 2025-03-27 14:39:03,014: Back Left Min: 1.17, Back Right Min: 1.04
[rosout][INFO] 2025-03-27 14:39:03,111: Back Left Min: 1.17, Back Right Min: 1.04
[rosout][INFO] 2025-03-27 14:39:03,214: Back Left Min: 0.73, Back Right Min: 1.04
[rosout][INFO] 2025-03-27 14:39:03,311: Back Left Min: 0.73, Back Right Min: 1.05
[rosout][INFO] 2025-03-27 14:39:03,414: Back Left Min: 1.17, Back Right Min: 1.05
[rosout][INFO] 2025-03-27 14:39:03,511: Back Left Min: 1.17, Back Right Min: 1.05
[rosout][INFO] 2025-03-27 14:39:03,614: Back Left Min: 1.17, Back Right Min: 1.05
[rosout][INFO] 2025-03-27 14:39:03,711: Back Left Min: 1.17, Back Right Min: 1.05
[rosout][INFO] 2025-03-27 14:39:03,814: Back Left Min: 1.17, Back Right Min: 1.05
[rosout][INFO] 2025-03-27 14:39:03,911: Back Left Min: 1.17, Back Right Min: 1.05
[rosout][INFO] 2025-03-27 14:39:04,014: Back Left Min: 1.17, Back Right Min: 1.05
[rosout][INFO] 2025-03-27 14:39:04,111: Back Left Min: 1.17, Back Right Min: 1.05
[rosout][INFO] 2025-03-27 14:39:04,214: Back Left Min: 1.17, Back Right Min: 1.05
[rosout][INFO] 2025-03-27 14:39:04,311: Back Left Min: 1.17, Back Right Min: 1.05
[rosout][INFO] 2025-03-27 14:39:04,414: Back Left Min: 1.17, Back Right Min: 1.05
[rosout][INFO] 2025-03-27 14:39:04,511: Back Left Min: 1.17, Back Right Min: 1.05
[rosout][INFO] 2025-03-27 14:39:04,614: Back Left Min: 1.17, Back Right Min: 1.05
[rosout][INFO] 2025-03-27 14:39:04,711: Back Left Min: 1.17, Back Right Min: 1.05
[rosout][INFO] 2025-03-27 14:39:04,814: Back Left Min: 1.17, Back Right Min: 1.05
[rosout][INFO] 2025-03-27 14:39:04,911: Back Left Min: 1.17, Back Right Min: 1.05
[rosout][INFO] 2025-03-27 14:39:05,014: Back Left Min: 1.17, Back Right Min: 1.05
[rosout][INFO] 2025-03-27 14:39:05,111: Back Left Min: 1.17, Back Right Min: 1.05
[rosout][INFO] 2025-03-27 14:39:05,215: Back Left Min: 1.17, Back Right Min: 1.05
[rospy.internal][INFO] 2025-03-27 14:39:05,241: topic[/sonar_min] adding connection to [/rostopic_5666_1743061145040], count 0
[rospy.topics][ERROR] 2025-03-27 14:39:05,313: Traceback (most recent call last):
  File "/opt/ros/kinetic/lib/python2.7/dist-packages/rospy/topics.py", line 882, in publish
    self.impl.publish(data)
  File "/opt/ros/kinetic/lib/python2.7/dist-packages/rospy/topics.py", line 1066, in publish
    serialize_message(b, self.seq, message)
  File "/opt/ros/kinetic/lib/python2.7/dist-packages/rospy/msg.py", line 152, in serialize_message
    msg.serialize(b)
  File "/opt/ros/kinetic/lib/python2.7/dist-packages/std_msgs/msg/_Float32MultiArray.py", line 113, in serialize
    except struct.error as se: self._check_types(struct.error("%s: '%s' when writing '%s'" % (type(se), str(se), str(locals().get('_x', self)))))
  File "/opt/ros/kinetic/lib/python2.7/dist-packages/genpy/message.py", line 385, in _check_types
    raise SerializationError(str(exc))
SerializationError: <class 'struct.error'>: 'required argument is not a float' when writing '0'

[rosout][ERROR] 2025-03-27 14:39:05,314: bad callback: <bound method SonarProcessor.sonar_callback of <__main__.SonarProcessor instance at 0x7fb7df3b41b8>>
Traceback (most recent call last):
  File "/opt/ros/kinetic/lib/python2.7/dist-packages/rospy/topics.py", line 750, in _invoke_callback
    cb(msg)
  File "sonar_get_min_dist.py", line 28, in sonar_callback
    self.back_left_min, self.back_right_min = self.process_sonar_data(data)
  File "sonar_get_min_dist.py", line 57, in process_sonar_data
    self.pub_dists(sonar_min_dist)
  File "sonar_get_min_dist.py", line 72, in pub_dists
    pub.publish(min_distances)
  File "/opt/ros/kinetic/lib/python2.7/dist-packages/rospy/topics.py", line 886, in publish
    raise ROSSerializationException(str(e))
ROSSerializationException: <class 'struct.error'>: 'required argument is not a float' when writing '0'

[rospy.topics][ERROR] 2025-03-27 14:39:05,415: Traceback (most recent call last):
  File "/opt/ros/kinetic/lib/python2.7/dist-packages/rospy/topics.py", line 882, in publish
    self.impl.publish(data)
  File "/opt/ros/kinetic/lib/python2.7/dist-packages/rospy/topics.py", line 1066, in publish
    serialize_message(b, self.seq, message)
  File "/opt/ros/kinetic/lib/python2.7/dist-packages/rospy/msg.py", line 152, in serialize_message
    msg.serialize(b)
  File "/opt/ros/kinetic/lib/python2.7/dist-packages/std_msgs/msg/_Float32MultiArray.py", line 113, in serialize
    except struct.error as se: self._check_types(struct.error("%s: '%s' when writing '%s'" % (type(se), str(se), str(locals().get('_x', self)))))
  File "/opt/ros/kinetic/lib/python2.7/dist-packages/genpy/message.py", line 385, in _check_types
    raise SerializationError(str(exc))
SerializationError: <class 'struct.error'>: 'required argument is not a float' when writing '0'

[rosout][ERROR] 2025-03-27 14:39:05,415: bad callback: <bound method SonarProcessor.sonar_callback of <__main__.SonarProcessor instance at 0x7fb7df3b41b8>>
Traceback (most recent call last):
  File "/opt/ros/kinetic/lib/python2.7/dist-packages/rospy/topics.py", line 750, in _invoke_callback
    cb(msg)
  File "sonar_get_min_dist.py", line 28, in sonar_callback
    self.back_left_min, self.back_right_min = self.process_sonar_data(data)
  File "sonar_get_min_dist.py", line 57, in process_sonar_data
    self.pub_dists(sonar_min_dist)
  File "sonar_get_min_dist.py", line 72, in pub_dists
    pub.publish(min_distances)
  File "/opt/ros/kinetic/lib/python2.7/dist-packages/rospy/topics.py", line 886, in publish
    raise ROSSerializationException(str(e))
ROSSerializationException: <class 'struct.error'>: 'required argument is not a float' when writing '0'

[rospy.topics][ERROR] 2025-03-27 14:39:05,512: Traceback (most recent call last):
  File "/opt/ros/kinetic/lib/python2.7/dist-packages/rospy/topics.py", line 882, in publish
    self.impl.publish(data)
  File "/opt/ros/kinetic/lib/python2.7/dist-packages/rospy/topics.py", line 1066, in publish
    serialize_message(b, self.seq, message)
  File "/opt/ros/kinetic/lib/python2.7/dist-packages/rospy/msg.py", line 152, in serialize_message
    msg.serialize(b)
  File "/opt/ros/kinetic/lib/python2.7/dist-packages/std_msgs/msg/_Float32MultiArray.py", line 113, in serialize
    except struct.error as se: self._check_types(struct.error("%s: '%s' when writing '%s'" % (type(se), str(se), str(locals().get('_x', self)))))
  File "/opt/ros/kinetic/lib/python2.7/dist-packages/genpy/message.py", line 385, in _check_types
    raise SerializationError(str(exc))
SerializationError: <class 'struct.error'>: 'required argument is not a float' when writing '0'

[rosout][ERROR] 2025-03-27 14:39:05,512: bad callback: <bound method SonarProcessor.sonar_callback of <__main__.SonarProcessor instance at 0x7fb7df3b41b8>>
Traceback (most recent call last):
  File "/opt/ros/kinetic/lib/python2.7/dist-packages/rospy/topics.py", line 750, in _invoke_callback
    cb(msg)
  File "sonar_get_min_dist.py", line 28, in sonar_callback
    self.back_left_min, self.back_right_min = self.process_sonar_data(data)
  File "sonar_get_min_dist.py", line 57, in process_sonar_data
    self.pub_dists(sonar_min_dist)
  File "sonar_get_min_dist.py", line 72, in pub_dists
    pub.publish(min_distances)
  File "/opt/ros/kinetic/lib/python2.7/dist-packages/rospy/topics.py", line 886, in publish
    raise ROSSerializationException(str(e))
ROSSerializationException: <class 'struct.error'>: 'required argument is not a float' when writing '0'

[rospy.topics][ERROR] 2025-03-27 14:39:05,615: Traceback (most recent call last):
  File "/opt/ros/kinetic/lib/python2.7/dist-packages/rospy/topics.py", line 882, in publish
    self.impl.publish(data)
  File "/opt/ros/kinetic/lib/python2.7/dist-packages/rospy/topics.py", line 1066, in publish
    serialize_message(b, self.seq, message)
  File "/opt/ros/kinetic/lib/python2.7/dist-packages/rospy/msg.py", line 152, in serialize_message
    msg.serialize(b)
  File "/opt/ros/kinetic/lib/python2.7/dist-packages/std_msgs/msg/_Float32MultiArray.py", line 113, in serialize
    except struct.error as se: self._check_types(struct.error("%s: '%s' when writing '%s'" % (type(se), str(se), str(locals().get('_x', self)))))
  File "/opt/ros/kinetic/lib/python2.7/dist-packages/genpy/message.py", line 385, in _check_types
    raise SerializationError(str(exc))
SerializationError: <class 'struct.error'>: 'required argument is not a float' when writing '0'

[rosout][ERROR] 2025-03-27 14:39:05,616: bad callback: <bound method SonarProcessor.sonar_callback of <__main__.SonarProcessor instance at 0x7fb7df3b41b8>>
Traceback (most recent call last):
  File "/opt/ros/kinetic/lib/python2.7/dist-packages/rospy/topics.py", line 750, in _invoke_callback
    cb(msg)
  File "sonar_get_min_dist.py", line 28, in sonar_callback
    self.back_left_min, self.back_right_min = self.process_sonar_data(data)
  File "sonar_get_min_dist.py", line 57, in process_sonar_data
    self.pub_dists(sonar_min_dist)
  File "sonar_get_min_dist.py", line 72, in pub_dists
    pub.publish(min_distances)
  File "/opt/ros/kinetic/lib/python2.7/dist-packages/rospy/topics.py", line 886, in publish
    raise ROSSerializationException(str(e))
ROSSerializationException: <class 'struct.error'>: 'required argument is not a float' when writing '0'

[rospy.topics][ERROR] 2025-03-27 14:39:05,712: Traceback (most recent call last):
  File "/opt/ros/kinetic/lib/python2.7/dist-packages/rospy/topics.py", line 882, in publish
    self.impl.publish(data)
  File "/opt/ros/kinetic/lib/python2.7/dist-packages/rospy/topics.py", line 1066, in publish
    serialize_message(b, self.seq, message)
  File "/opt/ros/kinetic/lib/python2.7/dist-packages/rospy/msg.py", line 152, in serialize_message
    msg.serialize(b)
  File "/opt/ros/kinetic/lib/python2.7/dist-packages/std_msgs/msg/_Float32MultiArray.py", line 113, in serialize
    except struct.error as se: self._check_types(struct.error("%s: '%s' when writing '%s'" % (type(se), str(se), str(locals().get('_x', self)))))
  File "/opt/ros/kinetic/lib/python2.7/dist-packages/genpy/message.py", line 385, in _check_types
    raise SerializationError(str(exc))
SerializationError: <class 'struct.error'>: 'required argument is not a float' when writing '0'

[rosout][ERROR] 2025-03-27 14:39:05,712: bad callback: <bound method SonarProcessor.sonar_callback of <__main__.SonarProcessor instance at 0x7fb7df3b41b8>>
Traceback (most recent call last):
  File "/opt/ros/kinetic/lib/python2.7/dist-packages/rospy/topics.py", line 750, in _invoke_callback
    cb(msg)
  File "sonar_get_min_dist.py", line 28, in sonar_callback
    self.back_left_min, self.back_right_min = self.process_sonar_data(data)
  File "sonar_get_min_dist.py", line 57, in process_sonar_data
    self.pub_dists(sonar_min_dist)
  File "sonar_get_min_dist.py", line 72, in pub_dists
    pub.publish(min_distances)
  File "/opt/ros/kinetic/lib/python2.7/dist-packages/rospy/topics.py", line 886, in publish
    raise ROSSerializationException(str(e))
ROSSerializationException: <class 'struct.error'>: 'required argument is not a float' when writing '0'

[rospy.topics][ERROR] 2025-03-27 14:39:05,815: Traceback (most recent call last):
  File "/opt/ros/kinetic/lib/python2.7/dist-packages/rospy/topics.py", line 882, in publish
    self.impl.publish(data)
  File "/opt/ros/kinetic/lib/python2.7/dist-packages/rospy/topics.py", line 1066, in publish
    serialize_message(b, self.seq, message)
  File "/opt/ros/kinetic/lib/python2.7/dist-packages/rospy/msg.py", line 152, in serialize_message
    msg.serialize(b)
  File "/opt/ros/kinetic/lib/python2.7/dist-packages/std_msgs/msg/_Float32MultiArray.py", line 113, in serialize
    except struct.error as se: self._check_types(struct.error("%s: '%s' when writing '%s'" % (type(se), str(se), str(locals().get('_x', self)))))
  File "/opt/ros/kinetic/lib/python2.7/dist-packages/genpy/message.py", line 385, in _check_types
    raise SerializationError(str(exc))
SerializationError: <class 'struct.error'>: 'required argument is not a float' when writing '0'

[rosout][ERROR] 2025-03-27 14:39:05,816: bad callback: <bound method SonarProcessor.sonar_callback of <__main__.SonarProcessor instance at 0x7fb7df3b41b8>>
Traceback (most recent call last):
  File "/opt/ros/kinetic/lib/python2.7/dist-packages/rospy/topics.py", line 750, in _invoke_callback
    cb(msg)
  File "sonar_get_min_dist.py", line 28, in sonar_callback
    self.back_left_min, self.back_right_min = self.process_sonar_data(data)
  File "sonar_get_min_dist.py", line 57, in process_sonar_data
    self.pub_dists(sonar_min_dist)
  File "sonar_get_min_dist.py", line 72, in pub_dists
    pub.publish(min_distances)
  File "/opt/ros/kinetic/lib/python2.7/dist-packages/rospy/topics.py", line 886, in publish
    raise ROSSerializationException(str(e))
ROSSerializationException: <class 'struct.error'>: 'required argument is not a float' when writing '0'

[rospy.topics][ERROR] 2025-03-27 14:39:05,912: Traceback (most recent call last):
  File "/opt/ros/kinetic/lib/python2.7/dist-packages/rospy/topics.py", line 882, in publish
    self.impl.publish(data)
  File "/opt/ros/kinetic/lib/python2.7/dist-packages/rospy/topics.py", line 1066, in publish
    serialize_message(b, self.seq, message)
  File "/opt/ros/kinetic/lib/python2.7/dist-packages/rospy/msg.py", line 152, in serialize_message
    msg.serialize(b)
  File "/opt/ros/kinetic/lib/python2.7/dist-packages/std_msgs/msg/_Float32MultiArray.py", line 113, in serialize
    except struct.error as se: self._check_types(struct.error("%s: '%s' when writing '%s'" % (type(se), str(se), str(locals().get('_x', self)))))
  File "/opt/ros/kinetic/lib/python2.7/dist-packages/genpy/message.py", line 385, in _check_types
    raise SerializationError(str(exc))
SerializationError: <class 'struct.error'>: 'required argument is not a float' when writing '0'

[rosout][ERROR] 2025-03-27 14:39:05,912: bad callback: <bound method SonarProcessor.sonar_callback of <__main__.SonarProcessor instance at 0x7fb7df3b41b8>>
Traceback (most recent call last):
  File "/opt/ros/kinetic/lib/python2.7/dist-packages/rospy/topics.py", line 750, in _invoke_callback
    cb(msg)
  File "sonar_get_min_dist.py", line 28, in sonar_callback
    self.back_left_min, self.back_right_min = self.process_sonar_data(data)
  File "sonar_get_min_dist.py", line 57, in process_sonar_data
    self.pub_dists(sonar_min_dist)
  File "sonar_get_min_dist.py", line 72, in pub_dists
    pub.publish(min_distances)
  File "/opt/ros/kinetic/lib/python2.7/dist-packages/rospy/topics.py", line 886, in publish
    raise ROSSerializationException(str(e))
ROSSerializationException: <class 'struct.error'>: 'required argument is not a float' when writing '0'

[rospy.topics][ERROR] 2025-03-27 14:39:06,015: Traceback (most recent call last):
  File "/opt/ros/kinetic/lib/python2.7/dist-packages/rospy/topics.py", line 882, in publish
    self.impl.publish(data)
  File "/opt/ros/kinetic/lib/python2.7/dist-packages/rospy/topics.py", line 1066, in publish
    serialize_message(b, self.seq, message)
  File "/opt/ros/kinetic/lib/python2.7/dist-packages/rospy/msg.py", line 152, in serialize_message
    msg.serialize(b)
  File "/opt/ros/kinetic/lib/python2.7/dist-packages/std_msgs/msg/_Float32MultiArray.py", line 113, in serialize
    except struct.error as se: self._check_types(struct.error("%s: '%s' when writing '%s'" % (type(se), str(se), str(locals().get('_x', self)))))
  File "/opt/ros/kinetic/lib/python2.7/dist-packages/genpy/message.py", line 385, in _check_types
    raise SerializationError(str(exc))
SerializationError: <class 'struct.error'>: 'required argument is not a float' when writing '0'

[rosout][ERROR] 2025-03-27 14:39:06,016: bad callback: <bound method SonarProcessor.sonar_callback of <__main__.SonarProcessor instance at 0x7fb7df3b41b8>>
Traceback (most recent call last):
  File "/opt/ros/kinetic/lib/python2.7/dist-packages/rospy/topics.py", line 750, in _invoke_callback
    cb(msg)
  File "sonar_get_min_dist.py", line 28, in sonar_callback
    self.back_left_min, self.back_right_min = self.process_sonar_data(data)
  File "sonar_get_min_dist.py", line 57, in process_sonar_data
    self.pub_dists(sonar_min_dist)
  File "sonar_get_min_dist.py", line 72, in pub_dists
    pub.publish(min_distances)
  File "/opt/ros/kinetic/lib/python2.7/dist-packages/rospy/topics.py", line 886, in publish
    raise ROSSerializationException(str(e))
ROSSerializationException: <class 'struct.error'>: 'required argument is not a float' when writing '0'

[rospy.topics][ERROR] 2025-03-27 14:39:06,112: Traceback (most recent call last):
  File "/opt/ros/kinetic/lib/python2.7/dist-packages/rospy/topics.py", line 882, in publish
    self.impl.publish(data)
  File "/opt/ros/kinetic/lib/python2.7/dist-packages/rospy/topics.py", line 1066, in publish
    serialize_message(b, self.seq, message)
  File "/opt/ros/kinetic/lib/python2.7/dist-packages/rospy/msg.py", line 152, in serialize_message
    msg.serialize(b)
  File "/opt/ros/kinetic/lib/python2.7/dist-packages/std_msgs/msg/_Float32MultiArray.py", line 113, in serialize
    except struct.error as se: self._check_types(struct.error("%s: '%s' when writing '%s'" % (type(se), str(se), str(locals().get('_x', self)))))
  File "/opt/ros/kinetic/lib/python2.7/dist-packages/genpy/message.py", line 385, in _check_types
    raise SerializationError(str(exc))
SerializationError: <class 'struct.error'>: 'required argument is not a float' when writing '0'

[rosout][ERROR] 2025-03-27 14:39:06,113: bad callback: <bound method SonarProcessor.sonar_callback of <__main__.SonarProcessor instance at 0x7fb7df3b41b8>>
Traceback (most recent call last):
  File "/opt/ros/kinetic/lib/python2.7/dist-packages/rospy/topics.py", line 750, in _invoke_callback
    cb(msg)
  File "sonar_get_min_dist.py", line 28, in sonar_callback
    self.back_left_min, self.back_right_min = self.process_sonar_data(data)
  File "sonar_get_min_dist.py", line 57, in process_sonar_data
    self.pub_dists(sonar_min_dist)
  File "sonar_get_min_dist.py", line 72, in pub_dists
    pub.publish(min_distances)
  File "/opt/ros/kinetic/lib/python2.7/dist-packages/rospy/topics.py", line 886, in publish
    raise ROSSerializationException(str(e))
ROSSerializationException: <class 'struct.error'>: 'required argument is not a float' when writing '0'

[rospy.topics][ERROR] 2025-03-27 14:39:06,215: Traceback (most recent call last):
  File "/opt/ros/kinetic/lib/python2.7/dist-packages/rospy/topics.py", line 882, in publish
    self.impl.publish(data)
  File "/opt/ros/kinetic/lib/python2.7/dist-packages/rospy/topics.py", line 1066, in publish
    serialize_message(b, self.seq, message)
  File "/opt/ros/kinetic/lib/python2.7/dist-packages/rospy/msg.py", line 152, in serialize_message
    msg.serialize(b)
  File "/opt/ros/kinetic/lib/python2.7/dist-packages/std_msgs/msg/_Float32MultiArray.py", line 113, in serialize
    except struct.error as se: self._check_types(struct.error("%s: '%s' when writing '%s'" % (type(se), str(se), str(locals().get('_x', self)))))
  File "/opt/ros/kinetic/lib/python2.7/dist-packages/genpy/message.py", line 385, in _check_types
    raise SerializationError(str(exc))
SerializationError: <class 'struct.error'>: 'required argument is not a float' when writing '0'

[rosout][ERROR] 2025-03-27 14:39:06,216: bad callback: <bound method SonarProcessor.sonar_callback of <__main__.SonarProcessor instance at 0x7fb7df3b41b8>>
Traceback (most recent call last):
  File "/opt/ros/kinetic/lib/python2.7/dist-packages/rospy/topics.py", line 750, in _invoke_callback
    cb(msg)
  File "sonar_get_min_dist.py", line 28, in sonar_callback
    self.back_left_min, self.back_right_min = self.process_sonar_data(data)
  File "sonar_get_min_dist.py", line 57, in process_sonar_data
    self.pub_dists(sonar_min_dist)
  File "sonar_get_min_dist.py", line 72, in pub_dists
    pub.publish(min_distances)
  File "/opt/ros/kinetic/lib/python2.7/dist-packages/rospy/topics.py", line 886, in publish
    raise ROSSerializationException(str(e))
ROSSerializationException: <class 'struct.error'>: 'required argument is not a float' when writing '0'

[rospy.topics][ERROR] 2025-03-27 14:39:06,312: Traceback (most recent call last):
  File "/opt/ros/kinetic/lib/python2.7/dist-packages/rospy/topics.py", line 882, in publish
    self.impl.publish(data)
  File "/opt/ros/kinetic/lib/python2.7/dist-packages/rospy/topics.py", line 1066, in publish
    serialize_message(b, self.seq, message)
  File "/opt/ros/kinetic/lib/python2.7/dist-packages/rospy/msg.py", line 152, in serialize_message
    msg.serialize(b)
  File "/opt/ros/kinetic/lib/python2.7/dist-packages/std_msgs/msg/_Float32MultiArray.py", line 113, in serialize
    except struct.error as se: self._check_types(struct.error("%s: '%s' when writing '%s'" % (type(se), str(se), str(locals().get('_x', self)))))
  File "/opt/ros/kinetic/lib/python2.7/dist-packages/genpy/message.py", line 385, in _check_types
    raise SerializationError(str(exc))
SerializationError: <class 'struct.error'>: 'required argument is not a float' when writing '0'

[rosout][ERROR] 2025-03-27 14:39:06,313: bad callback: <bound method SonarProcessor.sonar_callback of <__main__.SonarProcessor instance at 0x7fb7df3b41b8>>
Traceback (most recent call last):
  File "/opt/ros/kinetic/lib/python2.7/dist-packages/rospy/topics.py", line 750, in _invoke_callback
    cb(msg)
  File "sonar_get_min_dist.py", line 28, in sonar_callback
    self.back_left_min, self.back_right_min = self.process_sonar_data(data)
  File "sonar_get_min_dist.py", line 57, in process_sonar_data
    self.pub_dists(sonar_min_dist)
  File "sonar_get_min_dist.py", line 72, in pub_dists
    pub.publish(min_distances)
  File "/opt/ros/kinetic/lib/python2.7/dist-packages/rospy/topics.py", line 886, in publish
    raise ROSSerializationException(str(e))
ROSSerializationException: <class 'struct.error'>: 'required argument is not a float' when writing '0'

[rospy.topics][ERROR] 2025-03-27 14:39:06,415: Traceback (most recent call last):
  File "/opt/ros/kinetic/lib/python2.7/dist-packages/rospy/topics.py", line 882, in publish
    self.impl.publish(data)
  File "/opt/ros/kinetic/lib/python2.7/dist-packages/rospy/topics.py", line 1066, in publish
    serialize_message(b, self.seq, message)
  File "/opt/ros/kinetic/lib/python2.7/dist-packages/rospy/msg.py", line 152, in serialize_message
    msg.serialize(b)
  File "/opt/ros/kinetic/lib/python2.7/dist-packages/std_msgs/msg/_Float32MultiArray.py", line 113, in serialize
    except struct.error as se: self._check_types(struct.error("%s: '%s' when writing '%s'" % (type(se), str(se), str(locals().get('_x', self)))))
  File "/opt/ros/kinetic/lib/python2.7/dist-packages/genpy/message.py", line 385, in _check_types
    raise SerializationError(str(exc))
SerializationError: <class 'struct.error'>: 'required argument is not a float' when writing '0'

[rosout][ERROR] 2025-03-27 14:39:06,416: bad callback: <bound method SonarProcessor.sonar_callback of <__main__.SonarProcessor instance at 0x7fb7df3b41b8>>
Traceback (most recent call last):
  File "/opt/ros/kinetic/lib/python2.7/dist-packages/rospy/topics.py", line 750, in _invoke_callback
    cb(msg)
  File "sonar_get_min_dist.py", line 28, in sonar_callback
    self.back_left_min, self.back_right_min = self.process_sonar_data(data)
  File "sonar_get_min_dist.py", line 57, in process_sonar_data
    self.pub_dists(sonar_min_dist)
  File "sonar_get_min_dist.py", line 72, in pub_dists
    pub.publish(min_distances)
  File "/opt/ros/kinetic/lib/python2.7/dist-packages/rospy/topics.py", line 886, in publish
    raise ROSSerializationException(str(e))
ROSSerializationException: <class 'struct.error'>: 'required argument is not a float' when writing '0'

[rospy.topics][ERROR] 2025-03-27 14:39:06,512: Traceback (most recent call last):
  File "/opt/ros/kinetic/lib/python2.7/dist-packages/rospy/topics.py", line 882, in publish
    self.impl.publish(data)
  File "/opt/ros/kinetic/lib/python2.7/dist-packages/rospy/topics.py", line 1066, in publish
    serialize_message(b, self.seq, message)
  File "/opt/ros/kinetic/lib/python2.7/dist-packages/rospy/msg.py", line 152, in serialize_message
    msg.serialize(b)
  File "/opt/ros/kinetic/lib/python2.7/dist-packages/std_msgs/msg/_Float32MultiArray.py", line 113, in serialize
    except struct.error as se: self._check_types(struct.error("%s: '%s' when writing '%s'" % (type(se), str(se), str(locals().get('_x', self)))))
  File "/opt/ros/kinetic/lib/python2.7/dist-packages/genpy/message.py", line 385, in _check_types
    raise SerializationError(str(exc))
SerializationError: <class 'struct.error'>: 'required argument is not a float' when writing '0'

[rosout][ERROR] 2025-03-27 14:39:06,513: bad callback: <bound method SonarProcessor.sonar_callback of <__main__.SonarProcessor instance at 0x7fb7df3b41b8>>
Traceback (most recent call last):
  File "/opt/ros/kinetic/lib/python2.7/dist-packages/rospy/topics.py", line 750, in _invoke_callback
    cb(msg)
  File "sonar_get_min_dist.py", line 28, in sonar_callback
    self.back_left_min, self.back_right_min = self.process_sonar_data(data)
  File "sonar_get_min_dist.py", line 57, in process_sonar_data
    self.pub_dists(sonar_min_dist)
  File "sonar_get_min_dist.py", line 72, in pub_dists
    pub.publish(min_distances)
  File "/opt/ros/kinetic/lib/python2.7/dist-packages/rospy/topics.py", line 886, in publish
    raise ROSSerializationException(str(e))
ROSSerializationException: <class 'struct.error'>: 'required argument is not a float' when writing '0'

[rospy.topics][ERROR] 2025-03-27 14:39:06,615: Traceback (most recent call last):
  File "/opt/ros/kinetic/lib/python2.7/dist-packages/rospy/topics.py", line 882, in publish
    self.impl.publish(data)
  File "/opt/ros/kinetic/lib/python2.7/dist-packages/rospy/topics.py", line 1066, in publish
    serialize_message(b, self.seq, message)
  File "/opt/ros/kinetic/lib/python2.7/dist-packages/rospy/msg.py", line 152, in serialize_message
    msg.serialize(b)
  File "/opt/ros/kinetic/lib/python2.7/dist-packages/std_msgs/msg/_Float32MultiArray.py", line 113, in serialize
    except struct.error as se: self._check_types(struct.error("%s: '%s' when writing '%s'" % (type(se), str(se), str(locals().get('_x', self)))))
  File "/opt/ros/kinetic/lib/python2.7/dist-packages/genpy/message.py", line 385, in _check_types
    raise SerializationError(str(exc))
SerializationError: <class 'struct.error'>: 'required argument is not a float' when writing '0'

[rosout][ERROR] 2025-03-27 14:39:06,616: bad callback: <bound method SonarProcessor.sonar_callback of <__main__.SonarProcessor instance at 0x7fb7df3b41b8>>
Traceback (most recent call last):
  File "/opt/ros/kinetic/lib/python2.7/dist-packages/rospy/topics.py", line 750, in _invoke_callback
    cb(msg)
  File "sonar_get_min_dist.py", line 28, in sonar_callback
    self.back_left_min, self.back_right_min = self.process_sonar_data(data)
  File "sonar_get_min_dist.py", line 57, in process_sonar_data
    self.pub_dists(sonar_min_dist)
  File "sonar_get_min_dist.py", line 72, in pub_dists
    pub.publish(min_distances)
  File "/opt/ros/kinetic/lib/python2.7/dist-packages/rospy/topics.py", line 886, in publish
    raise ROSSerializationException(str(e))
ROSSerializationException: <class 'struct.error'>: 'required argument is not a float' when writing '0'

[rospy.topics][ERROR] 2025-03-27 14:39:06,712: Traceback (most recent call last):
  File "/opt/ros/kinetic/lib/python2.7/dist-packages/rospy/topics.py", line 882, in publish
    self.impl.publish(data)
  File "/opt/ros/kinetic/lib/python2.7/dist-packages/rospy/topics.py", line 1066, in publish
    serialize_message(b, self.seq, message)
  File "/opt/ros/kinetic/lib/python2.7/dist-packages/rospy/msg.py", line 152, in serialize_message
    msg.serialize(b)
  File "/opt/ros/kinetic/lib/python2.7/dist-packages/std_msgs/msg/_Float32MultiArray.py", line 113, in serialize
    except struct.error as se: self._check_types(struct.error("%s: '%s' when writing '%s'" % (type(se), str(se), str(locals().get('_x', self)))))
  File "/opt/ros/kinetic/lib/python2.7/dist-packages/genpy/message.py", line 385, in _check_types
    raise SerializationError(str(exc))
SerializationError: <class 'struct.error'>: 'required argument is not a float' when writing '0'

[rosout][ERROR] 2025-03-27 14:39:06,713: bad callback: <bound method SonarProcessor.sonar_callback of <__main__.SonarProcessor instance at 0x7fb7df3b41b8>>
Traceback (most recent call last):
  File "/opt/ros/kinetic/lib/python2.7/dist-packages/rospy/topics.py", line 750, in _invoke_callback
    cb(msg)
  File "sonar_get_min_dist.py", line 28, in sonar_callback
    self.back_left_min, self.back_right_min = self.process_sonar_data(data)
  File "sonar_get_min_dist.py", line 57, in process_sonar_data
    self.pub_dists(sonar_min_dist)
  File "sonar_get_min_dist.py", line 72, in pub_dists
    pub.publish(min_distances)
  File "/opt/ros/kinetic/lib/python2.7/dist-packages/rospy/topics.py", line 886, in publish
    raise ROSSerializationException(str(e))
ROSSerializationException: <class 'struct.error'>: 'required argument is not a float' when writing '0'

[rospy.topics][ERROR] 2025-03-27 14:39:06,816: Traceback (most recent call last):
  File "/opt/ros/kinetic/lib/python2.7/dist-packages/rospy/topics.py", line 882, in publish
    self.impl.publish(data)
  File "/opt/ros/kinetic/lib/python2.7/dist-packages/rospy/topics.py", line 1066, in publish
    serialize_message(b, self.seq, message)
  File "/opt/ros/kinetic/lib/python2.7/dist-packages/rospy/msg.py", line 152, in serialize_message
    msg.serialize(b)
  File "/opt/ros/kinetic/lib/python2.7/dist-packages/std_msgs/msg/_Float32MultiArray.py", line 113, in serialize
    except struct.error as se: self._check_types(struct.error("%s: '%s' when writing '%s'" % (type(se), str(se), str(locals().get('_x', self)))))
  File "/opt/ros/kinetic/lib/python2.7/dist-packages/genpy/message.py", line 385, in _check_types
    raise SerializationError(str(exc))
SerializationError: <class 'struct.error'>: 'required argument is not a float' when writing '0'

[rosout][ERROR] 2025-03-27 14:39:06,816: bad callback: <bound method SonarProcessor.sonar_callback of <__main__.SonarProcessor instance at 0x7fb7df3b41b8>>
Traceback (most recent call last):
  File "/opt/ros/kinetic/lib/python2.7/dist-packages/rospy/topics.py", line 750, in _invoke_callback
    cb(msg)
  File "sonar_get_min_dist.py", line 28, in sonar_callback
    self.back_left_min, self.back_right_min = self.process_sonar_data(data)
  File "sonar_get_min_dist.py", line 57, in process_sonar_data
    self.pub_dists(sonar_min_dist)
  File "sonar_get_min_dist.py", line 72, in pub_dists
    pub.publish(min_distances)
  File "/opt/ros/kinetic/lib/python2.7/dist-packages/rospy/topics.py", line 886, in publish
    raise ROSSerializationException(str(e))
ROSSerializationException: <class 'struct.error'>: 'required argument is not a float' when writing '0'

[rospy.topics][ERROR] 2025-03-27 14:39:06,912: Traceback (most recent call last):
  File "/opt/ros/kinetic/lib/python2.7/dist-packages/rospy/topics.py", line 882, in publish
    self.impl.publish(data)
  File "/opt/ros/kinetic/lib/python2.7/dist-packages/rospy/topics.py", line 1066, in publish
    serialize_message(b, self.seq, message)
  File "/opt/ros/kinetic/lib/python2.7/dist-packages/rospy/msg.py", line 152, in serialize_message
    msg.serialize(b)
  File "/opt/ros/kinetic/lib/python2.7/dist-packages/std_msgs/msg/_Float32MultiArray.py", line 113, in serialize
    except struct.error as se: self._check_types(struct.error("%s: '%s' when writing '%s'" % (type(se), str(se), str(locals().get('_x', self)))))
  File "/opt/ros/kinetic/lib/python2.7/dist-packages/genpy/message.py", line 385, in _check_types
    raise SerializationError(str(exc))
SerializationError: <class 'struct.error'>: 'required argument is not a float' when writing '0'

[rosout][ERROR] 2025-03-27 14:39:06,913: bad callback: <bound method SonarProcessor.sonar_callback of <__main__.SonarProcessor instance at 0x7fb7df3b41b8>>
Traceback (most recent call last):
  File "/opt/ros/kinetic/lib/python2.7/dist-packages/rospy/topics.py", line 750, in _invoke_callback
    cb(msg)
  File "sonar_get_min_dist.py", line 28, in sonar_callback
    self.back_left_min, self.back_right_min = self.process_sonar_data(data)
  File "sonar_get_min_dist.py", line 57, in process_sonar_data
    self.pub_dists(sonar_min_dist)
  File "sonar_get_min_dist.py", line 72, in pub_dists
    pub.publish(min_distances)
  File "/opt/ros/kinetic/lib/python2.7/dist-packages/rospy/topics.py", line 886, in publish
    raise ROSSerializationException(str(e))
ROSSerializationException: <class 'struct.error'>: 'required argument is not a float' when writing '0'

[rospy.topics][ERROR] 2025-03-27 14:39:07,016: Traceback (most recent call last):
  File "/opt/ros/kinetic/lib/python2.7/dist-packages/rospy/topics.py", line 882, in publish
    self.impl.publish(data)
  File "/opt/ros/kinetic/lib/python2.7/dist-packages/rospy/topics.py", line 1066, in publish
    serialize_message(b, self.seq, message)
  File "/opt/ros/kinetic/lib/python2.7/dist-packages/rospy/msg.py", line 152, in serialize_message
    msg.serialize(b)
  File "/opt/ros/kinetic/lib/python2.7/dist-packages/std_msgs/msg/_Float32MultiArray.py", line 113, in serialize
    except struct.error as se: self._check_types(struct.error("%s: '%s' when writing '%s'" % (type(se), str(se), str(locals().get('_x', self)))))
  File "/opt/ros/kinetic/lib/python2.7/dist-packages/genpy/message.py", line 385, in _check_types
    raise SerializationError(str(exc))
SerializationError: <class 'struct.error'>: 'required argument is not a float' when writing '0'

[rosout][ERROR] 2025-03-27 14:39:07,016: bad callback: <bound method SonarProcessor.sonar_callback of <__main__.SonarProcessor instance at 0x7fb7df3b41b8>>
Traceback (most recent call last):
  File "/opt/ros/kinetic/lib/python2.7/dist-packages/rospy/topics.py", line 750, in _invoke_callback
    cb(msg)
  File "sonar_get_min_dist.py", line 28, in sonar_callback
    self.back_left_min, self.back_right_min = self.process_sonar_data(data)
  File "sonar_get_min_dist.py", line 57, in process_sonar_data
    self.pub_dists(sonar_min_dist)
  File "sonar_get_min_dist.py", line 72, in pub_dists
    pub.publish(min_distances)
  File "/opt/ros/kinetic/lib/python2.7/dist-packages/rospy/topics.py", line 886, in publish
    raise ROSSerializationException(str(e))
ROSSerializationException: <class 'struct.error'>: 'required argument is not a float' when writing '0'

[rospy.topics][ERROR] 2025-03-27 14:39:07,112: Traceback (most recent call last):
  File "/opt/ros/kinetic/lib/python2.7/dist-packages/rospy/topics.py", line 882, in publish
    self.impl.publish(data)
  File "/opt/ros/kinetic/lib/python2.7/dist-packages/rospy/topics.py", line 1066, in publish
    serialize_message(b, self.seq, message)
  File "/opt/ros/kinetic/lib/python2.7/dist-packages/rospy/msg.py", line 152, in serialize_message
    msg.serialize(b)
  File "/opt/ros/kinetic/lib/python2.7/dist-packages/std_msgs/msg/_Float32MultiArray.py", line 113, in serialize
    except struct.error as se: self._check_types(struct.error("%s: '%s' when writing '%s'" % (type(se), str(se), str(locals().get('_x', self)))))
  File "/opt/ros/kinetic/lib/python2.7/dist-packages/genpy/message.py", line 385, in _check_types
    raise SerializationError(str(exc))
SerializationError: <class 'struct.error'>: 'required argument is not a float' when writing '0'

[rosout][ERROR] 2025-03-27 14:39:07,113: bad callback: <bound method SonarProcessor.sonar_callback of <__main__.SonarProcessor instance at 0x7fb7df3b41b8>>
Traceback (most recent call last):
  File "/opt/ros/kinetic/lib/python2.7/dist-packages/rospy/topics.py", line 750, in _invoke_callback
    cb(msg)
  File "sonar_get_min_dist.py", line 28, in sonar_callback
    self.back_left_min, self.back_right_min = self.process_sonar_data(data)
  File "sonar_get_min_dist.py", line 57, in process_sonar_data
    self.pub_dists(sonar_min_dist)
  File "sonar_get_min_dist.py", line 72, in pub_dists
    pub.publish(min_distances)
  File "/opt/ros/kinetic/lib/python2.7/dist-packages/rospy/topics.py", line 886, in publish
    raise ROSSerializationException(str(e))
ROSSerializationException: <class 'struct.error'>: 'required argument is not a float' when writing '0'

[rospy.topics][ERROR] 2025-03-27 14:39:07,216: Traceback (most recent call last):
  File "/opt/ros/kinetic/lib/python2.7/dist-packages/rospy/topics.py", line 882, in publish
    self.impl.publish(data)
  File "/opt/ros/kinetic/lib/python2.7/dist-packages/rospy/topics.py", line 1066, in publish
    serialize_message(b, self.seq, message)
  File "/opt/ros/kinetic/lib/python2.7/dist-packages/rospy/msg.py", line 152, in serialize_message
    msg.serialize(b)
  File "/opt/ros/kinetic/lib/python2.7/dist-packages/std_msgs/msg/_Float32MultiArray.py", line 113, in serialize
    except struct.error as se: self._check_types(struct.error("%s: '%s' when writing '%s'" % (type(se), str(se), str(locals().get('_x', self)))))
  File "/opt/ros/kinetic/lib/python2.7/dist-packages/genpy/message.py", line 385, in _check_types
    raise SerializationError(str(exc))
SerializationError: <class 'struct.error'>: 'required argument is not a float' when writing '0'

[rosout][ERROR] 2025-03-27 14:39:07,216: bad callback: <bound method SonarProcessor.sonar_callback of <__main__.SonarProcessor instance at 0x7fb7df3b41b8>>
Traceback (most recent call last):
  File "/opt/ros/kinetic/lib/python2.7/dist-packages/rospy/topics.py", line 750, in _invoke_callback
    cb(msg)
  File "sonar_get_min_dist.py", line 28, in sonar_callback
    self.back_left_min, self.back_right_min = self.process_sonar_data(data)
  File "sonar_get_min_dist.py", line 57, in process_sonar_data
    self.pub_dists(sonar_min_dist)
  File "sonar_get_min_dist.py", line 72, in pub_dists
    pub.publish(min_distances)
  File "/opt/ros/kinetic/lib/python2.7/dist-packages/rospy/topics.py", line 886, in publish
    raise ROSSerializationException(str(e))
ROSSerializationException: <class 'struct.error'>: 'required argument is not a float' when writing '0'

[rospy.topics][ERROR] 2025-03-27 14:39:07,313: Traceback (most recent call last):
  File "/opt/ros/kinetic/lib/python2.7/dist-packages/rospy/topics.py", line 882, in publish
    self.impl.publish(data)
  File "/opt/ros/kinetic/lib/python2.7/dist-packages/rospy/topics.py", line 1066, in publish
    serialize_message(b, self.seq, message)
  File "/opt/ros/kinetic/lib/python2.7/dist-packages/rospy/msg.py", line 152, in serialize_message
    msg.serialize(b)
  File "/opt/ros/kinetic/lib/python2.7/dist-packages/std_msgs/msg/_Float32MultiArray.py", line 113, in serialize
    except struct.error as se: self._check_types(struct.error("%s: '%s' when writing '%s'" % (type(se), str(se), str(locals().get('_x', self)))))
  File "/opt/ros/kinetic/lib/python2.7/dist-packages/genpy/message.py", line 385, in _check_types
    raise SerializationError(str(exc))
SerializationError: <class 'struct.error'>: 'required argument is not a float' when writing '0'

[rosout][ERROR] 2025-03-27 14:39:07,313: bad callback: <bound method SonarProcessor.sonar_callback of <__main__.SonarProcessor instance at 0x7fb7df3b41b8>>
Traceback (most recent call last):
  File "/opt/ros/kinetic/lib/python2.7/dist-packages/rospy/topics.py", line 750, in _invoke_callback
    cb(msg)
  File "sonar_get_min_dist.py", line 28, in sonar_callback
    self.back_left_min, self.back_right_min = self.process_sonar_data(data)
  File "sonar_get_min_dist.py", line 57, in process_sonar_data
    self.pub_dists(sonar_min_dist)
  File "sonar_get_min_dist.py", line 72, in pub_dists
    pub.publish(min_distances)
  File "/opt/ros/kinetic/lib/python2.7/dist-packages/rospy/topics.py", line 886, in publish
    raise ROSSerializationException(str(e))
ROSSerializationException: <class 'struct.error'>: 'required argument is not a float' when writing '0'

[rospy.topics][ERROR] 2025-03-27 14:39:07,416: Traceback (most recent call last):
  File "/opt/ros/kinetic/lib/python2.7/dist-packages/rospy/topics.py", line 882, in publish
    self.impl.publish(data)
  File "/opt/ros/kinetic/lib/python2.7/dist-packages/rospy/topics.py", line 1066, in publish
    serialize_message(b, self.seq, message)
  File "/opt/ros/kinetic/lib/python2.7/dist-packages/rospy/msg.py", line 152, in serialize_message
    msg.serialize(b)
  File "/opt/ros/kinetic/lib/python2.7/dist-packages/std_msgs/msg/_Float32MultiArray.py", line 113, in serialize
    except struct.error as se: self._check_types(struct.error("%s: '%s' when writing '%s'" % (type(se), str(se), str(locals().get('_x', self)))))
  File "/opt/ros/kinetic/lib/python2.7/dist-packages/genpy/message.py", line 385, in _check_types
    raise SerializationError(str(exc))
SerializationError: <class 'struct.error'>: 'required argument is not a float' when writing '0'

[rosout][ERROR] 2025-03-27 14:39:07,416: bad callback: <bound method SonarProcessor.sonar_callback of <__main__.SonarProcessor instance at 0x7fb7df3b41b8>>
Traceback (most recent call last):
  File "/opt/ros/kinetic/lib/python2.7/dist-packages/rospy/topics.py", line 750, in _invoke_callback
    cb(msg)
  File "sonar_get_min_dist.py", line 28, in sonar_callback
    self.back_left_min, self.back_right_min = self.process_sonar_data(data)
  File "sonar_get_min_dist.py", line 57, in process_sonar_data
    self.pub_dists(sonar_min_dist)
  File "sonar_get_min_dist.py", line 72, in pub_dists
    pub.publish(min_distances)
  File "/opt/ros/kinetic/lib/python2.7/dist-packages/rospy/topics.py", line 886, in publish
    raise ROSSerializationException(str(e))
ROSSerializationException: <class 'struct.error'>: 'required argument is not a float' when writing '0'

[rospy.topics][ERROR] 2025-03-27 14:39:07,513: Traceback (most recent call last):
  File "/opt/ros/kinetic/lib/python2.7/dist-packages/rospy/topics.py", line 882, in publish
    self.impl.publish(data)
  File "/opt/ros/kinetic/lib/python2.7/dist-packages/rospy/topics.py", line 1066, in publish
    serialize_message(b, self.seq, message)
  File "/opt/ros/kinetic/lib/python2.7/dist-packages/rospy/msg.py", line 152, in serialize_message
    msg.serialize(b)
  File "/opt/ros/kinetic/lib/python2.7/dist-packages/std_msgs/msg/_Float32MultiArray.py", line 113, in serialize
    except struct.error as se: self._check_types(struct.error("%s: '%s' when writing '%s'" % (type(se), str(se), str(locals().get('_x', self)))))
  File "/opt/ros/kinetic/lib/python2.7/dist-packages/genpy/message.py", line 385, in _check_types
    raise SerializationError(str(exc))
SerializationError: <class 'struct.error'>: 'required argument is not a float' when writing '0'

[rosout][ERROR] 2025-03-27 14:39:07,513: bad callback: <bound method SonarProcessor.sonar_callback of <__main__.SonarProcessor instance at 0x7fb7df3b41b8>>
Traceback (most recent call last):
  File "/opt/ros/kinetic/lib/python2.7/dist-packages/rospy/topics.py", line 750, in _invoke_callback
    cb(msg)
  File "sonar_get_min_dist.py", line 28, in sonar_callback
    self.back_left_min, self.back_right_min = self.process_sonar_data(data)
  File "sonar_get_min_dist.py", line 57, in process_sonar_data
    self.pub_dists(sonar_min_dist)
  File "sonar_get_min_dist.py", line 72, in pub_dists
    pub.publish(min_distances)
  File "/opt/ros/kinetic/lib/python2.7/dist-packages/rospy/topics.py", line 886, in publish
    raise ROSSerializationException(str(e))
ROSSerializationException: <class 'struct.error'>: 'required argument is not a float' when writing '0'

[rospy.topics][ERROR] 2025-03-27 14:39:07,616: Traceback (most recent call last):
  File "/opt/ros/kinetic/lib/python2.7/dist-packages/rospy/topics.py", line 882, in publish
    self.impl.publish(data)
  File "/opt/ros/kinetic/lib/python2.7/dist-packages/rospy/topics.py", line 1066, in publish
    serialize_message(b, self.seq, message)
  File "/opt/ros/kinetic/lib/python2.7/dist-packages/rospy/msg.py", line 152, in serialize_message
    msg.serialize(b)
  File "/opt/ros/kinetic/lib/python2.7/dist-packages/std_msgs/msg/_Float32MultiArray.py", line 113, in serialize
    except struct.error as se: self._check_types(struct.error("%s: '%s' when writing '%s'" % (type(se), str(se), str(locals().get('_x', self)))))
  File "/opt/ros/kinetic/lib/python2.7/dist-packages/genpy/message.py", line 385, in _check_types
    raise SerializationError(str(exc))
SerializationError: <class 'struct.error'>: 'required argument is not a float' when writing '0'

[rosout][ERROR] 2025-03-27 14:39:07,616: bad callback: <bound method SonarProcessor.sonar_callback of <__main__.SonarProcessor instance at 0x7fb7df3b41b8>>
Traceback (most recent call last):
  File "/opt/ros/kinetic/lib/python2.7/dist-packages/rospy/topics.py", line 750, in _invoke_callback
    cb(msg)
  File "sonar_get_min_dist.py", line 28, in sonar_callback
    self.back_left_min, self.back_right_min = self.process_sonar_data(data)
  File "sonar_get_min_dist.py", line 57, in process_sonar_data
    self.pub_dists(sonar_min_dist)
  File "sonar_get_min_dist.py", line 72, in pub_dists
    pub.publish(min_distances)
  File "/opt/ros/kinetic/lib/python2.7/dist-packages/rospy/topics.py", line 886, in publish
    raise ROSSerializationException(str(e))
ROSSerializationException: <class 'struct.error'>: 'required argument is not a float' when writing '0'

[rospy.topics][ERROR] 2025-03-27 14:39:07,713: Traceback (most recent call last):
  File "/opt/ros/kinetic/lib/python2.7/dist-packages/rospy/topics.py", line 882, in publish
    self.impl.publish(data)
  File "/opt/ros/kinetic/lib/python2.7/dist-packages/rospy/topics.py", line 1066, in publish
    serialize_message(b, self.seq, message)
  File "/opt/ros/kinetic/lib/python2.7/dist-packages/rospy/msg.py", line 152, in serialize_message
    msg.serialize(b)
  File "/opt/ros/kinetic/lib/python2.7/dist-packages/std_msgs/msg/_Float32MultiArray.py", line 113, in serialize
    except struct.error as se: self._check_types(struct.error("%s: '%s' when writing '%s'" % (type(se), str(se), str(locals().get('_x', self)))))
  File "/opt/ros/kinetic/lib/python2.7/dist-packages/genpy/message.py", line 385, in _check_types
    raise SerializationError(str(exc))
SerializationError: <class 'struct.error'>: 'required argument is not a float' when writing '0'

[rosout][ERROR] 2025-03-27 14:39:07,713: bad callback: <bound method SonarProcessor.sonar_callback of <__main__.SonarProcessor instance at 0x7fb7df3b41b8>>
Traceback (most recent call last):
  File "/opt/ros/kinetic/lib/python2.7/dist-packages/rospy/topics.py", line 750, in _invoke_callback
    cb(msg)
  File "sonar_get_min_dist.py", line 28, in sonar_callback
    self.back_left_min, self.back_right_min = self.process_sonar_data(data)
  File "sonar_get_min_dist.py", line 57, in process_sonar_data
    self.pub_dists(sonar_min_dist)
  File "sonar_get_min_dist.py", line 72, in pub_dists
    pub.publish(min_distances)
  File "/opt/ros/kinetic/lib/python2.7/dist-packages/rospy/topics.py", line 886, in publish
    raise ROSSerializationException(str(e))
ROSSerializationException: <class 'struct.error'>: 'required argument is not a float' when writing '0'

[rospy.topics][ERROR] 2025-03-27 14:39:07,816: Traceback (most recent call last):
  File "/opt/ros/kinetic/lib/python2.7/dist-packages/rospy/topics.py", line 882, in publish
    self.impl.publish(data)
  File "/opt/ros/kinetic/lib/python2.7/dist-packages/rospy/topics.py", line 1066, in publish
    serialize_message(b, self.seq, message)
  File "/opt/ros/kinetic/lib/python2.7/dist-packages/rospy/msg.py", line 152, in serialize_message
    msg.serialize(b)
  File "/opt/ros/kinetic/lib/python2.7/dist-packages/std_msgs/msg/_Float32MultiArray.py", line 113, in serialize
    except struct.error as se: self._check_types(struct.error("%s: '%s' when writing '%s'" % (type(se), str(se), str(locals().get('_x', self)))))
  File "/opt/ros/kinetic/lib/python2.7/dist-packages/genpy/message.py", line 385, in _check_types
    raise SerializationError(str(exc))
SerializationError: <class 'struct.error'>: 'required argument is not a float' when writing '0'

[rosout][ERROR] 2025-03-27 14:39:07,816: bad callback: <bound method SonarProcessor.sonar_callback of <__main__.SonarProcessor instance at 0x7fb7df3b41b8>>
Traceback (most recent call last):
  File "/opt/ros/kinetic/lib/python2.7/dist-packages/rospy/topics.py", line 750, in _invoke_callback
    cb(msg)
  File "sonar_get_min_dist.py", line 28, in sonar_callback
    self.back_left_min, self.back_right_min = self.process_sonar_data(data)
  File "sonar_get_min_dist.py", line 57, in process_sonar_data
    self.pub_dists(sonar_min_dist)
  File "sonar_get_min_dist.py", line 72, in pub_dists
    pub.publish(min_distances)
  File "/opt/ros/kinetic/lib/python2.7/dist-packages/rospy/topics.py", line 886, in publish
    raise ROSSerializationException(str(e))
ROSSerializationException: <class 'struct.error'>: 'required argument is not a float' when writing '0'

[rospy.topics][ERROR] 2025-03-27 14:39:07,913: Traceback (most recent call last):
  File "/opt/ros/kinetic/lib/python2.7/dist-packages/rospy/topics.py", line 882, in publish
    self.impl.publish(data)
  File "/opt/ros/kinetic/lib/python2.7/dist-packages/rospy/topics.py", line 1066, in publish
    serialize_message(b, self.seq, message)
  File "/opt/ros/kinetic/lib/python2.7/dist-packages/rospy/msg.py", line 152, in serialize_message
    msg.serialize(b)
  File "/opt/ros/kinetic/lib/python2.7/dist-packages/std_msgs/msg/_Float32MultiArray.py", line 113, in serialize
    except struct.error as se: self._check_types(struct.error("%s: '%s' when writing '%s'" % (type(se), str(se), str(locals().get('_x', self)))))
  File "/opt/ros/kinetic/lib/python2.7/dist-packages/genpy/message.py", line 385, in _check_types
    raise SerializationError(str(exc))
SerializationError: <class 'struct.error'>: 'required argument is not a float' when writing '0'

[rosout][ERROR] 2025-03-27 14:39:07,913: bad callback: <bound method SonarProcessor.sonar_callback of <__main__.SonarProcessor instance at 0x7fb7df3b41b8>>
Traceback (most recent call last):
  File "/opt/ros/kinetic/lib/python2.7/dist-packages/rospy/topics.py", line 750, in _invoke_callback
    cb(msg)
  File "sonar_get_min_dist.py", line 28, in sonar_callback
    self.back_left_min, self.back_right_min = self.process_sonar_data(data)
  File "sonar_get_min_dist.py", line 57, in process_sonar_data
    self.pub_dists(sonar_min_dist)
  File "sonar_get_min_dist.py", line 72, in pub_dists
    pub.publish(min_distances)
  File "/opt/ros/kinetic/lib/python2.7/dist-packages/rospy/topics.py", line 886, in publish
    raise ROSSerializationException(str(e))
ROSSerializationException: <class 'struct.error'>: 'required argument is not a float' when writing '0'

[rospy.topics][ERROR] 2025-03-27 14:39:08,016: Traceback (most recent call last):
  File "/opt/ros/kinetic/lib/python2.7/dist-packages/rospy/topics.py", line 882, in publish
    self.impl.publish(data)
  File "/opt/ros/kinetic/lib/python2.7/dist-packages/rospy/topics.py", line 1066, in publish
    serialize_message(b, self.seq, message)
  File "/opt/ros/kinetic/lib/python2.7/dist-packages/rospy/msg.py", line 152, in serialize_message
    msg.serialize(b)
  File "/opt/ros/kinetic/lib/python2.7/dist-packages/std_msgs/msg/_Float32MultiArray.py", line 113, in serialize
    except struct.error as se: self._check_types(struct.error("%s: '%s' when writing '%s'" % (type(se), str(se), str(locals().get('_x', self)))))
  File "/opt/ros/kinetic/lib/python2.7/dist-packages/genpy/message.py", line 385, in _check_types
    raise SerializationError(str(exc))
SerializationError: <class 'struct.error'>: 'required argument is not a float' when writing '0'

[rosout][ERROR] 2025-03-27 14:39:08,017: bad callback: <bound method SonarProcessor.sonar_callback of <__main__.SonarProcessor instance at 0x7fb7df3b41b8>>
Traceback (most recent call last):
  File "/opt/ros/kinetic/lib/python2.7/dist-packages/rospy/topics.py", line 750, in _invoke_callback
    cb(msg)
  File "sonar_get_min_dist.py", line 28, in sonar_callback
    self.back_left_min, self.back_right_min = self.process_sonar_data(data)
  File "sonar_get_min_dist.py", line 57, in process_sonar_data
    self.pub_dists(sonar_min_dist)
  File "sonar_get_min_dist.py", line 72, in pub_dists
    pub.publish(min_distances)
  File "/opt/ros/kinetic/lib/python2.7/dist-packages/rospy/topics.py", line 886, in publish
    raise ROSSerializationException(str(e))
ROSSerializationException: <class 'struct.error'>: 'required argument is not a float' when writing '0'

[rospy.topics][ERROR] 2025-03-27 14:39:08,113: Traceback (most recent call last):
  File "/opt/ros/kinetic/lib/python2.7/dist-packages/rospy/topics.py", line 882, in publish
    self.impl.publish(data)
  File "/opt/ros/kinetic/lib/python2.7/dist-packages/rospy/topics.py", line 1066, in publish
    serialize_message(b, self.seq, message)
  File "/opt/ros/kinetic/lib/python2.7/dist-packages/rospy/msg.py", line 152, in serialize_message
    msg.serialize(b)
  File "/opt/ros/kinetic/lib/python2.7/dist-packages/std_msgs/msg/_Float32MultiArray.py", line 113, in serialize
    except struct.error as se: self._check_types(struct.error("%s: '%s' when writing '%s'" % (type(se), str(se), str(locals().get('_x', self)))))
  File "/opt/ros/kinetic/lib/python2.7/dist-packages/genpy/message.py", line 385, in _check_types
    raise SerializationError(str(exc))
SerializationError: <class 'struct.error'>: 'required argument is not a float' when writing '0'

[rosout][ERROR] 2025-03-27 14:39:08,113: bad callback: <bound method SonarProcessor.sonar_callback of <__main__.SonarProcessor instance at 0x7fb7df3b41b8>>
Traceback (most recent call last):
  File "/opt/ros/kinetic/lib/python2.7/dist-packages/rospy/topics.py", line 750, in _invoke_callback
    cb(msg)
  File "sonar_get_min_dist.py", line 28, in sonar_callback
    self.back_left_min, self.back_right_min = self.process_sonar_data(data)
  File "sonar_get_min_dist.py", line 57, in process_sonar_data
    self.pub_dists(sonar_min_dist)
  File "sonar_get_min_dist.py", line 72, in pub_dists
    pub.publish(min_distances)
  File "/opt/ros/kinetic/lib/python2.7/dist-packages/rospy/topics.py", line 886, in publish
    raise ROSSerializationException(str(e))
ROSSerializationException: <class 'struct.error'>: 'required argument is not a float' when writing '0'

[rospy.topics][ERROR] 2025-03-27 14:39:08,215: Traceback (most recent call last):
  File "/opt/ros/kinetic/lib/python2.7/dist-packages/rospy/topics.py", line 882, in publish
    self.impl.publish(data)
  File "/opt/ros/kinetic/lib/python2.7/dist-packages/rospy/topics.py", line 1066, in publish
    serialize_message(b, self.seq, message)
  File "/opt/ros/kinetic/lib/python2.7/dist-packages/rospy/msg.py", line 152, in serialize_message
    msg.serialize(b)
  File "/opt/ros/kinetic/lib/python2.7/dist-packages/std_msgs/msg/_Float32MultiArray.py", line 113, in serialize
    except struct.error as se: self._check_types(struct.error("%s: '%s' when writing '%s'" % (type(se), str(se), str(locals().get('_x', self)))))
  File "/opt/ros/kinetic/lib/python2.7/dist-packages/genpy/message.py", line 385, in _check_types
    raise SerializationError(str(exc))
SerializationError: <class 'struct.error'>: 'required argument is not a float' when writing '0'

[rosout][ERROR] 2025-03-27 14:39:08,215: bad callback: <bound method SonarProcessor.sonar_callback of <__main__.SonarProcessor instance at 0x7fb7df3b41b8>>
Traceback (most recent call last):
  File "/opt/ros/kinetic/lib/python2.7/dist-packages/rospy/topics.py", line 750, in _invoke_callback
    cb(msg)
  File "sonar_get_min_dist.py", line 28, in sonar_callback
    self.back_left_min, self.back_right_min = self.process_sonar_data(data)
  File "sonar_get_min_dist.py", line 57, in process_sonar_data
    self.pub_dists(sonar_min_dist)
  File "sonar_get_min_dist.py", line 72, in pub_dists
    pub.publish(min_distances)
  File "/opt/ros/kinetic/lib/python2.7/dist-packages/rospy/topics.py", line 886, in publish
    raise ROSSerializationException(str(e))
ROSSerializationException: <class 'struct.error'>: 'required argument is not a float' when writing '0'

[rospy.topics][ERROR] 2025-03-27 14:39:08,313: Traceback (most recent call last):
  File "/opt/ros/kinetic/lib/python2.7/dist-packages/rospy/topics.py", line 882, in publish
    self.impl.publish(data)
  File "/opt/ros/kinetic/lib/python2.7/dist-packages/rospy/topics.py", line 1066, in publish
    serialize_message(b, self.seq, message)
  File "/opt/ros/kinetic/lib/python2.7/dist-packages/rospy/msg.py", line 152, in serialize_message
    msg.serialize(b)
  File "/opt/ros/kinetic/lib/python2.7/dist-packages/std_msgs/msg/_Float32MultiArray.py", line 113, in serialize
    except struct.error as se: self._check_types(struct.error("%s: '%s' when writing '%s'" % (type(se), str(se), str(locals().get('_x', self)))))
  File "/opt/ros/kinetic/lib/python2.7/dist-packages/genpy/message.py", line 385, in _check_types
    raise SerializationError(str(exc))
SerializationError: <class 'struct.error'>: 'required argument is not a float' when writing '0'

[rosout][ERROR] 2025-03-27 14:39:08,314: bad callback: <bound method SonarProcessor.sonar_callback of <__main__.SonarProcessor instance at 0x7fb7df3b41b8>>
Traceback (most recent call last):
  File "/opt/ros/kinetic/lib/python2.7/dist-packages/rospy/topics.py", line 750, in _invoke_callback
    cb(msg)
  File "sonar_get_min_dist.py", line 28, in sonar_callback
    self.back_left_min, self.back_right_min = self.process_sonar_data(data)
  File "sonar_get_min_dist.py", line 57, in process_sonar_data
    self.pub_dists(sonar_min_dist)
  File "sonar_get_min_dist.py", line 72, in pub_dists
    pub.publish(min_distances)
  File "/opt/ros/kinetic/lib/python2.7/dist-packages/rospy/topics.py", line 886, in publish
    raise ROSSerializationException(str(e))
ROSSerializationException: <class 'struct.error'>: 'required argument is not a float' when writing '0'

[rospy.topics][ERROR] 2025-03-27 14:39:08,416: Traceback (most recent call last):
  File "/opt/ros/kinetic/lib/python2.7/dist-packages/rospy/topics.py", line 882, in publish
    self.impl.publish(data)
  File "/opt/ros/kinetic/lib/python2.7/dist-packages/rospy/topics.py", line 1066, in publish
    serialize_message(b, self.seq, message)
  File "/opt/ros/kinetic/lib/python2.7/dist-packages/rospy/msg.py", line 152, in serialize_message
    msg.serialize(b)
  File "/opt/ros/kinetic/lib/python2.7/dist-packages/std_msgs/msg/_Float32MultiArray.py", line 113, in serialize
    except struct.error as se: self._check_types(struct.error("%s: '%s' when writing '%s'" % (type(se), str(se), str(locals().get('_x', self)))))
  File "/opt/ros/kinetic/lib/python2.7/dist-packages/genpy/message.py", line 385, in _check_types
    raise SerializationError(str(exc))
SerializationError: <class 'struct.error'>: 'required argument is not a float' when writing '0'

[rosout][ERROR] 2025-03-27 14:39:08,417: bad callback: <bound method SonarProcessor.sonar_callback of <__main__.SonarProcessor instance at 0x7fb7df3b41b8>>
Traceback (most recent call last):
  File "/opt/ros/kinetic/lib/python2.7/dist-packages/rospy/topics.py", line 750, in _invoke_callback
    cb(msg)
  File "sonar_get_min_dist.py", line 28, in sonar_callback
    self.back_left_min, self.back_right_min = self.process_sonar_data(data)
  File "sonar_get_min_dist.py", line 57, in process_sonar_data
    self.pub_dists(sonar_min_dist)
  File "sonar_get_min_dist.py", line 72, in pub_dists
    pub.publish(min_distances)
  File "/opt/ros/kinetic/lib/python2.7/dist-packages/rospy/topics.py", line 886, in publish
    raise ROSSerializationException(str(e))
ROSSerializationException: <class 'struct.error'>: 'required argument is not a float' when writing '0'

[rospy.topics][ERROR] 2025-03-27 14:39:08,513: Traceback (most recent call last):
  File "/opt/ros/kinetic/lib/python2.7/dist-packages/rospy/topics.py", line 882, in publish
    self.impl.publish(data)
  File "/opt/ros/kinetic/lib/python2.7/dist-packages/rospy/topics.py", line 1066, in publish
    serialize_message(b, self.seq, message)
  File "/opt/ros/kinetic/lib/python2.7/dist-packages/rospy/msg.py", line 152, in serialize_message
    msg.serialize(b)
  File "/opt/ros/kinetic/lib/python2.7/dist-packages/std_msgs/msg/_Float32MultiArray.py", line 113, in serialize
    except struct.error as se: self._check_types(struct.error("%s: '%s' when writing '%s'" % (type(se), str(se), str(locals().get('_x', self)))))
  File "/opt/ros/kinetic/lib/python2.7/dist-packages/genpy/message.py", line 385, in _check_types
    raise SerializationError(str(exc))
SerializationError: <class 'struct.error'>: 'required argument is not a float' when writing '0'

[rosout][ERROR] 2025-03-27 14:39:08,514: bad callback: <bound method SonarProcessor.sonar_callback of <__main__.SonarProcessor instance at 0x7fb7df3b41b8>>
Traceback (most recent call last):
  File "/opt/ros/kinetic/lib/python2.7/dist-packages/rospy/topics.py", line 750, in _invoke_callback
    cb(msg)
  File "sonar_get_min_dist.py", line 28, in sonar_callback
    self.back_left_min, self.back_right_min = self.process_sonar_data(data)
  File "sonar_get_min_dist.py", line 57, in process_sonar_data
    self.pub_dists(sonar_min_dist)
  File "sonar_get_min_dist.py", line 72, in pub_dists
    pub.publish(min_distances)
  File "/opt/ros/kinetic/lib/python2.7/dist-packages/rospy/topics.py", line 886, in publish
    raise ROSSerializationException(str(e))
ROSSerializationException: <class 'struct.error'>: 'required argument is not a float' when writing '0'

[rospy.topics][ERROR] 2025-03-27 14:39:08,616: Traceback (most recent call last):
  File "/opt/ros/kinetic/lib/python2.7/dist-packages/rospy/topics.py", line 882, in publish
    self.impl.publish(data)
  File "/opt/ros/kinetic/lib/python2.7/dist-packages/rospy/topics.py", line 1066, in publish
    serialize_message(b, self.seq, message)
  File "/opt/ros/kinetic/lib/python2.7/dist-packages/rospy/msg.py", line 152, in serialize_message
    msg.serialize(b)
  File "/opt/ros/kinetic/lib/python2.7/dist-packages/std_msgs/msg/_Float32MultiArray.py", line 113, in serialize
    except struct.error as se: self._check_types(struct.error("%s: '%s' when writing '%s'" % (type(se), str(se), str(locals().get('_x', self)))))
  File "/opt/ros/kinetic/lib/python2.7/dist-packages/genpy/message.py", line 385, in _check_types
    raise SerializationError(str(exc))
SerializationError: <class 'struct.error'>: 'required argument is not a float' when writing '0'

[rosout][ERROR] 2025-03-27 14:39:08,617: bad callback: <bound method SonarProcessor.sonar_callback of <__main__.SonarProcessor instance at 0x7fb7df3b41b8>>
Traceback (most recent call last):
  File "/opt/ros/kinetic/lib/python2.7/dist-packages/rospy/topics.py", line 750, in _invoke_callback
    cb(msg)
  File "sonar_get_min_dist.py", line 28, in sonar_callback
    self.back_left_min, self.back_right_min = self.process_sonar_data(data)
  File "sonar_get_min_dist.py", line 57, in process_sonar_data
    self.pub_dists(sonar_min_dist)
  File "sonar_get_min_dist.py", line 72, in pub_dists
    pub.publish(min_distances)
  File "/opt/ros/kinetic/lib/python2.7/dist-packages/rospy/topics.py", line 886, in publish
    raise ROSSerializationException(str(e))
ROSSerializationException: <class 'struct.error'>: 'required argument is not a float' when writing '0'

[rospy.topics][ERROR] 2025-03-27 14:39:08,713: Traceback (most recent call last):
  File "/opt/ros/kinetic/lib/python2.7/dist-packages/rospy/topics.py", line 882, in publish
    self.impl.publish(data)
  File "/opt/ros/kinetic/lib/python2.7/dist-packages/rospy/topics.py", line 1066, in publish
    serialize_message(b, self.seq, message)
  File "/opt/ros/kinetic/lib/python2.7/dist-packages/rospy/msg.py", line 152, in serialize_message
    msg.serialize(b)
  File "/opt/ros/kinetic/lib/python2.7/dist-packages/std_msgs/msg/_Float32MultiArray.py", line 113, in serialize
    except struct.error as se: self._check_types(struct.error("%s: '%s' when writing '%s'" % (type(se), str(se), str(locals().get('_x', self)))))
  File "/opt/ros/kinetic/lib/python2.7/dist-packages/genpy/message.py", line 385, in _check_types
    raise SerializationError(str(exc))
SerializationError: <class 'struct.error'>: 'required argument is not a float' when writing '0'

[rosout][ERROR] 2025-03-27 14:39:08,714: bad callback: <bound method SonarProcessor.sonar_callback of <__main__.SonarProcessor instance at 0x7fb7df3b41b8>>
Traceback (most recent call last):
  File "/opt/ros/kinetic/lib/python2.7/dist-packages/rospy/topics.py", line 750, in _invoke_callback
    cb(msg)
  File "sonar_get_min_dist.py", line 28, in sonar_callback
    self.back_left_min, self.back_right_min = self.process_sonar_data(data)
  File "sonar_get_min_dist.py", line 57, in process_sonar_data
    self.pub_dists(sonar_min_dist)
  File "sonar_get_min_dist.py", line 72, in pub_dists
    pub.publish(min_distances)
  File "/opt/ros/kinetic/lib/python2.7/dist-packages/rospy/topics.py", line 886, in publish
    raise ROSSerializationException(str(e))
ROSSerializationException: <class 'struct.error'>: 'required argument is not a float' when writing '0'

[rospy.topics][ERROR] 2025-03-27 14:39:08,816: Traceback (most recent call last):
  File "/opt/ros/kinetic/lib/python2.7/dist-packages/rospy/topics.py", line 882, in publish
    self.impl.publish(data)
  File "/opt/ros/kinetic/lib/python2.7/dist-packages/rospy/topics.py", line 1066, in publish
    serialize_message(b, self.seq, message)
  File "/opt/ros/kinetic/lib/python2.7/dist-packages/rospy/msg.py", line 152, in serialize_message
    msg.serialize(b)
  File "/opt/ros/kinetic/lib/python2.7/dist-packages/std_msgs/msg/_Float32MultiArray.py", line 113, in serialize
    except struct.error as se: self._check_types(struct.error("%s: '%s' when writing '%s'" % (type(se), str(se), str(locals().get('_x', self)))))
  File "/opt/ros/kinetic/lib/python2.7/dist-packages/genpy/message.py", line 385, in _check_types
    raise SerializationError(str(exc))
SerializationError: <class 'struct.error'>: 'required argument is not a float' when writing '0'

[rosout][ERROR] 2025-03-27 14:39:08,817: bad callback: <bound method SonarProcessor.sonar_callback of <__main__.SonarProcessor instance at 0x7fb7df3b41b8>>
Traceback (most recent call last):
  File "/opt/ros/kinetic/lib/python2.7/dist-packages/rospy/topics.py", line 750, in _invoke_callback
    cb(msg)
  File "sonar_get_min_dist.py", line 28, in sonar_callback
    self.back_left_min, self.back_right_min = self.process_sonar_data(data)
  File "sonar_get_min_dist.py", line 57, in process_sonar_data
    self.pub_dists(sonar_min_dist)
  File "sonar_get_min_dist.py", line 72, in pub_dists
    pub.publish(min_distances)
  File "/opt/ros/kinetic/lib/python2.7/dist-packages/rospy/topics.py", line 886, in publish
    raise ROSSerializationException(str(e))
ROSSerializationException: <class 'struct.error'>: 'required argument is not a float' when writing '0'

[rospy.topics][ERROR] 2025-03-27 14:39:08,913: Traceback (most recent call last):
  File "/opt/ros/kinetic/lib/python2.7/dist-packages/rospy/topics.py", line 882, in publish
    self.impl.publish(data)
  File "/opt/ros/kinetic/lib/python2.7/dist-packages/rospy/topics.py", line 1066, in publish
    serialize_message(b, self.seq, message)
  File "/opt/ros/kinetic/lib/python2.7/dist-packages/rospy/msg.py", line 152, in serialize_message
    msg.serialize(b)
  File "/opt/ros/kinetic/lib/python2.7/dist-packages/std_msgs/msg/_Float32MultiArray.py", line 113, in serialize
    except struct.error as se: self._check_types(struct.error("%s: '%s' when writing '%s'" % (type(se), str(se), str(locals().get('_x', self)))))
  File "/opt/ros/kinetic/lib/python2.7/dist-packages/genpy/message.py", line 385, in _check_types
    raise SerializationError(str(exc))
SerializationError: <class 'struct.error'>: 'required argument is not a float' when writing '0'

[rosout][ERROR] 2025-03-27 14:39:08,914: bad callback: <bound method SonarProcessor.sonar_callback of <__main__.SonarProcessor instance at 0x7fb7df3b41b8>>
Traceback (most recent call last):
  File "/opt/ros/kinetic/lib/python2.7/dist-packages/rospy/topics.py", line 750, in _invoke_callback
    cb(msg)
  File "sonar_get_min_dist.py", line 28, in sonar_callback
    self.back_left_min, self.back_right_min = self.process_sonar_data(data)
  File "sonar_get_min_dist.py", line 57, in process_sonar_data
    self.pub_dists(sonar_min_dist)
  File "sonar_get_min_dist.py", line 72, in pub_dists
    pub.publish(min_distances)
  File "/opt/ros/kinetic/lib/python2.7/dist-packages/rospy/topics.py", line 886, in publish
    raise ROSSerializationException(str(e))
ROSSerializationException: <class 'struct.error'>: 'required argument is not a float' when writing '0'

[rospy.topics][ERROR] 2025-03-27 14:39:09,017: Traceback (most recent call last):
  File "/opt/ros/kinetic/lib/python2.7/dist-packages/rospy/topics.py", line 882, in publish
    self.impl.publish(data)
  File "/opt/ros/kinetic/lib/python2.7/dist-packages/rospy/topics.py", line 1066, in publish
    serialize_message(b, self.seq, message)
  File "/opt/ros/kinetic/lib/python2.7/dist-packages/rospy/msg.py", line 152, in serialize_message
    msg.serialize(b)
  File "/opt/ros/kinetic/lib/python2.7/dist-packages/std_msgs/msg/_Float32MultiArray.py", line 113, in serialize
    except struct.error as se: self._check_types(struct.error("%s: '%s' when writing '%s'" % (type(se), str(se), str(locals().get('_x', self)))))
  File "/opt/ros/kinetic/lib/python2.7/dist-packages/genpy/message.py", line 385, in _check_types
    raise SerializationError(str(exc))
SerializationError: <class 'struct.error'>: 'required argument is not a float' when writing '0'

[rosout][ERROR] 2025-03-27 14:39:09,017: bad callback: <bound method SonarProcessor.sonar_callback of <__main__.SonarProcessor instance at 0x7fb7df3b41b8>>
Traceback (most recent call last):
  File "/opt/ros/kinetic/lib/python2.7/dist-packages/rospy/topics.py", line 750, in _invoke_callback
    cb(msg)
  File "sonar_get_min_dist.py", line 28, in sonar_callback
    self.back_left_min, self.back_right_min = self.process_sonar_data(data)
  File "sonar_get_min_dist.py", line 57, in process_sonar_data
    self.pub_dists(sonar_min_dist)
  File "sonar_get_min_dist.py", line 72, in pub_dists
    pub.publish(min_distances)
  File "/opt/ros/kinetic/lib/python2.7/dist-packages/rospy/topics.py", line 886, in publish
    raise ROSSerializationException(str(e))
ROSSerializationException: <class 'struct.error'>: 'required argument is not a float' when writing '0'

[rospy.topics][ERROR] 2025-03-27 14:39:09,113: Traceback (most recent call last):
  File "/opt/ros/kinetic/lib/python2.7/dist-packages/rospy/topics.py", line 882, in publish
    self.impl.publish(data)
  File "/opt/ros/kinetic/lib/python2.7/dist-packages/rospy/topics.py", line 1066, in publish
    serialize_message(b, self.seq, message)
  File "/opt/ros/kinetic/lib/python2.7/dist-packages/rospy/msg.py", line 152, in serialize_message
    msg.serialize(b)
  File "/opt/ros/kinetic/lib/python2.7/dist-packages/std_msgs/msg/_Float32MultiArray.py", line 113, in serialize
    except struct.error as se: self._check_types(struct.error("%s: '%s' when writing '%s'" % (type(se), str(se), str(locals().get('_x', self)))))
  File "/opt/ros/kinetic/lib/python2.7/dist-packages/genpy/message.py", line 385, in _check_types
    raise SerializationError(str(exc))
SerializationError: <class 'struct.error'>: 'required argument is not a float' when writing '0'

[rosout][ERROR] 2025-03-27 14:39:09,114: bad callback: <bound method SonarProcessor.sonar_callback of <__main__.SonarProcessor instance at 0x7fb7df3b41b8>>
Traceback (most recent call last):
  File "/opt/ros/kinetic/lib/python2.7/dist-packages/rospy/topics.py", line 750, in _invoke_callback
    cb(msg)
  File "sonar_get_min_dist.py", line 28, in sonar_callback
    self.back_left_min, self.back_right_min = self.process_sonar_data(data)
  File "sonar_get_min_dist.py", line 57, in process_sonar_data
    self.pub_dists(sonar_min_dist)
  File "sonar_get_min_dist.py", line 72, in pub_dists
    pub.publish(min_distances)
  File "/opt/ros/kinetic/lib/python2.7/dist-packages/rospy/topics.py", line 886, in publish
    raise ROSSerializationException(str(e))
ROSSerializationException: <class 'struct.error'>: 'required argument is not a float' when writing '0'

[rospy.topics][ERROR] 2025-03-27 14:39:09,217: Traceback (most recent call last):
  File "/opt/ros/kinetic/lib/python2.7/dist-packages/rospy/topics.py", line 882, in publish
    self.impl.publish(data)
  File "/opt/ros/kinetic/lib/python2.7/dist-packages/rospy/topics.py", line 1066, in publish
    serialize_message(b, self.seq, message)
  File "/opt/ros/kinetic/lib/python2.7/dist-packages/rospy/msg.py", line 152, in serialize_message
    msg.serialize(b)
  File "/opt/ros/kinetic/lib/python2.7/dist-packages/std_msgs/msg/_Float32MultiArray.py", line 113, in serialize
    except struct.error as se: self._check_types(struct.error("%s: '%s' when writing '%s'" % (type(se), str(se), str(locals().get('_x', self)))))
  File "/opt/ros/kinetic/lib/python2.7/dist-packages/genpy/message.py", line 385, in _check_types
    raise SerializationError(str(exc))
SerializationError: <class 'struct.error'>: 'required argument is not a float' when writing '0'

[rosout][ERROR] 2025-03-27 14:39:09,217: bad callback: <bound method SonarProcessor.sonar_callback of <__main__.SonarProcessor instance at 0x7fb7df3b41b8>>
Traceback (most recent call last):
  File "/opt/ros/kinetic/lib/python2.7/dist-packages/rospy/topics.py", line 750, in _invoke_callback
    cb(msg)
  File "sonar_get_min_dist.py", line 28, in sonar_callback
    self.back_left_min, self.back_right_min = self.process_sonar_data(data)
  File "sonar_get_min_dist.py", line 57, in process_sonar_data
    self.pub_dists(sonar_min_dist)
  File "sonar_get_min_dist.py", line 72, in pub_dists
    pub.publish(min_distances)
  File "/opt/ros/kinetic/lib/python2.7/dist-packages/rospy/topics.py", line 886, in publish
    raise ROSSerializationException(str(e))
ROSSerializationException: <class 'struct.error'>: 'required argument is not a float' when writing '0'

[rospy.topics][ERROR] 2025-03-27 14:39:09,313: Traceback (most recent call last):
  File "/opt/ros/kinetic/lib/python2.7/dist-packages/rospy/topics.py", line 882, in publish
    self.impl.publish(data)
  File "/opt/ros/kinetic/lib/python2.7/dist-packages/rospy/topics.py", line 1066, in publish
    serialize_message(b, self.seq, message)
  File "/opt/ros/kinetic/lib/python2.7/dist-packages/rospy/msg.py", line 152, in serialize_message
    msg.serialize(b)
  File "/opt/ros/kinetic/lib/python2.7/dist-packages/std_msgs/msg/_Float32MultiArray.py", line 113, in serialize
    except struct.error as se: self._check_types(struct.error("%s: '%s' when writing '%s'" % (type(se), str(se), str(locals().get('_x', self)))))
  File "/opt/ros/kinetic/lib/python2.7/dist-packages/genpy/message.py", line 385, in _check_types
    raise SerializationError(str(exc))
SerializationError: <class 'struct.error'>: 'required argument is not a float' when writing '0'

[rosout][ERROR] 2025-03-27 14:39:09,314: bad callback: <bound method SonarProcessor.sonar_callback of <__main__.SonarProcessor instance at 0x7fb7df3b41b8>>
Traceback (most recent call last):
  File "/opt/ros/kinetic/lib/python2.7/dist-packages/rospy/topics.py", line 750, in _invoke_callback
    cb(msg)
  File "sonar_get_min_dist.py", line 28, in sonar_callback
    self.back_left_min, self.back_right_min = self.process_sonar_data(data)
  File "sonar_get_min_dist.py", line 57, in process_sonar_data
    self.pub_dists(sonar_min_dist)
  File "sonar_get_min_dist.py", line 72, in pub_dists
    pub.publish(min_distances)
  File "/opt/ros/kinetic/lib/python2.7/dist-packages/rospy/topics.py", line 886, in publish
    raise ROSSerializationException(str(e))
ROSSerializationException: <class 'struct.error'>: 'required argument is not a float' when writing '0'

[rospy.topics][ERROR] 2025-03-27 14:39:09,417: Traceback (most recent call last):
  File "/opt/ros/kinetic/lib/python2.7/dist-packages/rospy/topics.py", line 882, in publish
    self.impl.publish(data)
  File "/opt/ros/kinetic/lib/python2.7/dist-packages/rospy/topics.py", line 1066, in publish
    serialize_message(b, self.seq, message)
  File "/opt/ros/kinetic/lib/python2.7/dist-packages/rospy/msg.py", line 152, in serialize_message
    msg.serialize(b)
  File "/opt/ros/kinetic/lib/python2.7/dist-packages/std_msgs/msg/_Float32MultiArray.py", line 113, in serialize
    except struct.error as se: self._check_types(struct.error("%s: '%s' when writing '%s'" % (type(se), str(se), str(locals().get('_x', self)))))
  File "/opt/ros/kinetic/lib/python2.7/dist-packages/genpy/message.py", line 385, in _check_types
    raise SerializationError(str(exc))
SerializationError: <class 'struct.error'>: 'required argument is not a float' when writing '0'

[rosout][ERROR] 2025-03-27 14:39:09,417: bad callback: <bound method SonarProcessor.sonar_callback of <__main__.SonarProcessor instance at 0x7fb7df3b41b8>>
Traceback (most recent call last):
  File "/opt/ros/kinetic/lib/python2.7/dist-packages/rospy/topics.py", line 750, in _invoke_callback
    cb(msg)
  File "sonar_get_min_dist.py", line 28, in sonar_callback
    self.back_left_min, self.back_right_min = self.process_sonar_data(data)
  File "sonar_get_min_dist.py", line 57, in process_sonar_data
    self.pub_dists(sonar_min_dist)
  File "sonar_get_min_dist.py", line 72, in pub_dists
    pub.publish(min_distances)
  File "/opt/ros/kinetic/lib/python2.7/dist-packages/rospy/topics.py", line 886, in publish
    raise ROSSerializationException(str(e))
ROSSerializationException: <class 'struct.error'>: 'required argument is not a float' when writing '0'

[rospy.topics][ERROR] 2025-03-27 14:39:09,514: Traceback (most recent call last):
  File "/opt/ros/kinetic/lib/python2.7/dist-packages/rospy/topics.py", line 882, in publish
    self.impl.publish(data)
  File "/opt/ros/kinetic/lib/python2.7/dist-packages/rospy/topics.py", line 1066, in publish
    serialize_message(b, self.seq, message)
  File "/opt/ros/kinetic/lib/python2.7/dist-packages/rospy/msg.py", line 152, in serialize_message
    msg.serialize(b)
  File "/opt/ros/kinetic/lib/python2.7/dist-packages/std_msgs/msg/_Float32MultiArray.py", line 113, in serialize
    except struct.error as se: self._check_types(struct.error("%s: '%s' when writing '%s'" % (type(se), str(se), str(locals().get('_x', self)))))
  File "/opt/ros/kinetic/lib/python2.7/dist-packages/genpy/message.py", line 385, in _check_types
    raise SerializationError(str(exc))
SerializationError: <class 'struct.error'>: 'required argument is not a float' when writing '0'

[rosout][ERROR] 2025-03-27 14:39:09,514: bad callback: <bound method SonarProcessor.sonar_callback of <__main__.SonarProcessor instance at 0x7fb7df3b41b8>>
Traceback (most recent call last):
  File "/opt/ros/kinetic/lib/python2.7/dist-packages/rospy/topics.py", line 750, in _invoke_callback
    cb(msg)
  File "sonar_get_min_dist.py", line 28, in sonar_callback
    self.back_left_min, self.back_right_min = self.process_sonar_data(data)
  File "sonar_get_min_dist.py", line 57, in process_sonar_data
    self.pub_dists(sonar_min_dist)
  File "sonar_get_min_dist.py", line 72, in pub_dists
    pub.publish(min_distances)
  File "/opt/ros/kinetic/lib/python2.7/dist-packages/rospy/topics.py", line 886, in publish
    raise ROSSerializationException(str(e))
ROSSerializationException: <class 'struct.error'>: 'required argument is not a float' when writing '0'

[rospy.topics][ERROR] 2025-03-27 14:39:09,617: Traceback (most recent call last):
  File "/opt/ros/kinetic/lib/python2.7/dist-packages/rospy/topics.py", line 882, in publish
    self.impl.publish(data)
  File "/opt/ros/kinetic/lib/python2.7/dist-packages/rospy/topics.py", line 1066, in publish
    serialize_message(b, self.seq, message)
  File "/opt/ros/kinetic/lib/python2.7/dist-packages/rospy/msg.py", line 152, in serialize_message
    msg.serialize(b)
  File "/opt/ros/kinetic/lib/python2.7/dist-packages/std_msgs/msg/_Float32MultiArray.py", line 113, in serialize
    except struct.error as se: self._check_types(struct.error("%s: '%s' when writing '%s'" % (type(se), str(se), str(locals().get('_x', self)))))
  File "/opt/ros/kinetic/lib/python2.7/dist-packages/genpy/message.py", line 385, in _check_types
    raise SerializationError(str(exc))
SerializationError: <class 'struct.error'>: 'required argument is not a float' when writing '0'

[rosout][ERROR] 2025-03-27 14:39:09,617: bad callback: <bound method SonarProcessor.sonar_callback of <__main__.SonarProcessor instance at 0x7fb7df3b41b8>>
Traceback (most recent call last):
  File "/opt/ros/kinetic/lib/python2.7/dist-packages/rospy/topics.py", line 750, in _invoke_callback
    cb(msg)
  File "sonar_get_min_dist.py", line 28, in sonar_callback
    self.back_left_min, self.back_right_min = self.process_sonar_data(data)
  File "sonar_get_min_dist.py", line 57, in process_sonar_data
    self.pub_dists(sonar_min_dist)
  File "sonar_get_min_dist.py", line 72, in pub_dists
    pub.publish(min_distances)
  File "/opt/ros/kinetic/lib/python2.7/dist-packages/rospy/topics.py", line 886, in publish
    raise ROSSerializationException(str(e))
ROSSerializationException: <class 'struct.error'>: 'required argument is not a float' when writing '0'

[rospy.topics][ERROR] 2025-03-27 14:39:09,714: Traceback (most recent call last):
  File "/opt/ros/kinetic/lib/python2.7/dist-packages/rospy/topics.py", line 882, in publish
    self.impl.publish(data)
  File "/opt/ros/kinetic/lib/python2.7/dist-packages/rospy/topics.py", line 1066, in publish
    serialize_message(b, self.seq, message)
  File "/opt/ros/kinetic/lib/python2.7/dist-packages/rospy/msg.py", line 152, in serialize_message
    msg.serialize(b)
  File "/opt/ros/kinetic/lib/python2.7/dist-packages/std_msgs/msg/_Float32MultiArray.py", line 113, in serialize
    except struct.error as se: self._check_types(struct.error("%s: '%s' when writing '%s'" % (type(se), str(se), str(locals().get('_x', self)))))
  File "/opt/ros/kinetic/lib/python2.7/dist-packages/genpy/message.py", line 385, in _check_types
    raise SerializationError(str(exc))
SerializationError: <class 'struct.error'>: 'required argument is not a float' when writing '0'

[rosout][ERROR] 2025-03-27 14:39:09,715: bad callback: <bound method SonarProcessor.sonar_callback of <__main__.SonarProcessor instance at 0x7fb7df3b41b8>>
Traceback (most recent call last):
  File "/opt/ros/kinetic/lib/python2.7/dist-packages/rospy/topics.py", line 750, in _invoke_callback
    cb(msg)
  File "sonar_get_min_dist.py", line 28, in sonar_callback
    self.back_left_min, self.back_right_min = self.process_sonar_data(data)
  File "sonar_get_min_dist.py", line 57, in process_sonar_data
    self.pub_dists(sonar_min_dist)
  File "sonar_get_min_dist.py", line 72, in pub_dists
    pub.publish(min_distances)
  File "/opt/ros/kinetic/lib/python2.7/dist-packages/rospy/topics.py", line 886, in publish
    raise ROSSerializationException(str(e))
ROSSerializationException: <class 'struct.error'>: 'required argument is not a float' when writing '0'

[rospy.topics][ERROR] 2025-03-27 14:39:09,817: Traceback (most recent call last):
  File "/opt/ros/kinetic/lib/python2.7/dist-packages/rospy/topics.py", line 882, in publish
    self.impl.publish(data)
  File "/opt/ros/kinetic/lib/python2.7/dist-packages/rospy/topics.py", line 1066, in publish
    serialize_message(b, self.seq, message)
  File "/opt/ros/kinetic/lib/python2.7/dist-packages/rospy/msg.py", line 152, in serialize_message
    msg.serialize(b)
  File "/opt/ros/kinetic/lib/python2.7/dist-packages/std_msgs/msg/_Float32MultiArray.py", line 113, in serialize
    except struct.error as se: self._check_types(struct.error("%s: '%s' when writing '%s'" % (type(se), str(se), str(locals().get('_x', self)))))
  File "/opt/ros/kinetic/lib/python2.7/dist-packages/genpy/message.py", line 385, in _check_types
    raise SerializationError(str(exc))
SerializationError: <class 'struct.error'>: 'required argument is not a float' when writing '0'

[rosout][ERROR] 2025-03-27 14:39:09,817: bad callback: <bound method SonarProcessor.sonar_callback of <__main__.SonarProcessor instance at 0x7fb7df3b41b8>>
Traceback (most recent call last):
  File "/opt/ros/kinetic/lib/python2.7/dist-packages/rospy/topics.py", line 750, in _invoke_callback
    cb(msg)
  File "sonar_get_min_dist.py", line 28, in sonar_callback
    self.back_left_min, self.back_right_min = self.process_sonar_data(data)
  File "sonar_get_min_dist.py", line 57, in process_sonar_data
    self.pub_dists(sonar_min_dist)
  File "sonar_get_min_dist.py", line 72, in pub_dists
    pub.publish(min_distances)
  File "/opt/ros/kinetic/lib/python2.7/dist-packages/rospy/topics.py", line 886, in publish
    raise ROSSerializationException(str(e))
ROSSerializationException: <class 'struct.error'>: 'required argument is not a float' when writing '0'

[rospy.topics][ERROR] 2025-03-27 14:39:09,914: Traceback (most recent call last):
  File "/opt/ros/kinetic/lib/python2.7/dist-packages/rospy/topics.py", line 882, in publish
    self.impl.publish(data)
  File "/opt/ros/kinetic/lib/python2.7/dist-packages/rospy/topics.py", line 1066, in publish
    serialize_message(b, self.seq, message)
  File "/opt/ros/kinetic/lib/python2.7/dist-packages/rospy/msg.py", line 152, in serialize_message
    msg.serialize(b)
  File "/opt/ros/kinetic/lib/python2.7/dist-packages/std_msgs/msg/_Float32MultiArray.py", line 113, in serialize
    except struct.error as se: self._check_types(struct.error("%s: '%s' when writing '%s'" % (type(se), str(se), str(locals().get('_x', self)))))
  File "/opt/ros/kinetic/lib/python2.7/dist-packages/genpy/message.py", line 385, in _check_types
    raise SerializationError(str(exc))
SerializationError: <class 'struct.error'>: 'required argument is not a float' when writing '0'

[rosout][ERROR] 2025-03-27 14:39:09,914: bad callback: <bound method SonarProcessor.sonar_callback of <__main__.SonarProcessor instance at 0x7fb7df3b41b8>>
Traceback (most recent call last):
  File "/opt/ros/kinetic/lib/python2.7/dist-packages/rospy/topics.py", line 750, in _invoke_callback
    cb(msg)
  File "sonar_get_min_dist.py", line 28, in sonar_callback
    self.back_left_min, self.back_right_min = self.process_sonar_data(data)
  File "sonar_get_min_dist.py", line 57, in process_sonar_data
    self.pub_dists(sonar_min_dist)
  File "sonar_get_min_dist.py", line 72, in pub_dists
    pub.publish(min_distances)
  File "/opt/ros/kinetic/lib/python2.7/dist-packages/rospy/topics.py", line 886, in publish
    raise ROSSerializationException(str(e))
ROSSerializationException: <class 'struct.error'>: 'required argument is not a float' when writing '0'

[rospy.topics][ERROR] 2025-03-27 14:39:10,017: Traceback (most recent call last):
  File "/opt/ros/kinetic/lib/python2.7/dist-packages/rospy/topics.py", line 882, in publish
    self.impl.publish(data)
  File "/opt/ros/kinetic/lib/python2.7/dist-packages/rospy/topics.py", line 1066, in publish
    serialize_message(b, self.seq, message)
  File "/opt/ros/kinetic/lib/python2.7/dist-packages/rospy/msg.py", line 152, in serialize_message
    msg.serialize(b)
  File "/opt/ros/kinetic/lib/python2.7/dist-packages/std_msgs/msg/_Float32MultiArray.py", line 113, in serialize
    except struct.error as se: self._check_types(struct.error("%s: '%s' when writing '%s'" % (type(se), str(se), str(locals().get('_x', self)))))
  File "/opt/ros/kinetic/lib/python2.7/dist-packages/genpy/message.py", line 385, in _check_types
    raise SerializationError(str(exc))
SerializationError: <class 'struct.error'>: 'required argument is not a float' when writing '0'

[rosout][ERROR] 2025-03-27 14:39:10,017: bad callback: <bound method SonarProcessor.sonar_callback of <__main__.SonarProcessor instance at 0x7fb7df3b41b8>>
Traceback (most recent call last):
  File "/opt/ros/kinetic/lib/python2.7/dist-packages/rospy/topics.py", line 750, in _invoke_callback
    cb(msg)
  File "sonar_get_min_dist.py", line 28, in sonar_callback
    self.back_left_min, self.back_right_min = self.process_sonar_data(data)
  File "sonar_get_min_dist.py", line 57, in process_sonar_data
    self.pub_dists(sonar_min_dist)
  File "sonar_get_min_dist.py", line 72, in pub_dists
    pub.publish(min_distances)
  File "/opt/ros/kinetic/lib/python2.7/dist-packages/rospy/topics.py", line 886, in publish
    raise ROSSerializationException(str(e))
ROSSerializationException: <class 'struct.error'>: 'required argument is not a float' when writing '0'

[rospy.topics][ERROR] 2025-03-27 14:39:10,114: Traceback (most recent call last):
  File "/opt/ros/kinetic/lib/python2.7/dist-packages/rospy/topics.py", line 882, in publish
    self.impl.publish(data)
  File "/opt/ros/kinetic/lib/python2.7/dist-packages/rospy/topics.py", line 1066, in publish
    serialize_message(b, self.seq, message)
  File "/opt/ros/kinetic/lib/python2.7/dist-packages/rospy/msg.py", line 152, in serialize_message
    msg.serialize(b)
  File "/opt/ros/kinetic/lib/python2.7/dist-packages/std_msgs/msg/_Float32MultiArray.py", line 113, in serialize
    except struct.error as se: self._check_types(struct.error("%s: '%s' when writing '%s'" % (type(se), str(se), str(locals().get('_x', self)))))
  File "/opt/ros/kinetic/lib/python2.7/dist-packages/genpy/message.py", line 385, in _check_types
    raise SerializationError(str(exc))
SerializationError: <class 'struct.error'>: 'required argument is not a float' when writing '0'

[rosout][ERROR] 2025-03-27 14:39:10,114: bad callback: <bound method SonarProcessor.sonar_callback of <__main__.SonarProcessor instance at 0x7fb7df3b41b8>>
Traceback (most recent call last):
  File "/opt/ros/kinetic/lib/python2.7/dist-packages/rospy/topics.py", line 750, in _invoke_callback
    cb(msg)
  File "sonar_get_min_dist.py", line 28, in sonar_callback
    self.back_left_min, self.back_right_min = self.process_sonar_data(data)
  File "sonar_get_min_dist.py", line 57, in process_sonar_data
    self.pub_dists(sonar_min_dist)
  File "sonar_get_min_dist.py", line 72, in pub_dists
    pub.publish(min_distances)
  File "/opt/ros/kinetic/lib/python2.7/dist-packages/rospy/topics.py", line 886, in publish
    raise ROSSerializationException(str(e))
ROSSerializationException: <class 'struct.error'>: 'required argument is not a float' when writing '0'

[rospy.topics][ERROR] 2025-03-27 14:39:10,217: Traceback (most recent call last):
  File "/opt/ros/kinetic/lib/python2.7/dist-packages/rospy/topics.py", line 882, in publish
    self.impl.publish(data)
  File "/opt/ros/kinetic/lib/python2.7/dist-packages/rospy/topics.py", line 1066, in publish
    serialize_message(b, self.seq, message)
  File "/opt/ros/kinetic/lib/python2.7/dist-packages/rospy/msg.py", line 152, in serialize_message
    msg.serialize(b)
  File "/opt/ros/kinetic/lib/python2.7/dist-packages/std_msgs/msg/_Float32MultiArray.py", line 113, in serialize
    except struct.error as se: self._check_types(struct.error("%s: '%s' when writing '%s'" % (type(se), str(se), str(locals().get('_x', self)))))
  File "/opt/ros/kinetic/lib/python2.7/dist-packages/genpy/message.py", line 385, in _check_types
    raise SerializationError(str(exc))
SerializationError: <class 'struct.error'>: 'required argument is not a float' when writing '0'

[rosout][ERROR] 2025-03-27 14:39:10,218: bad callback: <bound method SonarProcessor.sonar_callback of <__main__.SonarProcessor instance at 0x7fb7df3b41b8>>
Traceback (most recent call last):
  File "/opt/ros/kinetic/lib/python2.7/dist-packages/rospy/topics.py", line 750, in _invoke_callback
    cb(msg)
  File "sonar_get_min_dist.py", line 28, in sonar_callback
    self.back_left_min, self.back_right_min = self.process_sonar_data(data)
  File "sonar_get_min_dist.py", line 57, in process_sonar_data
    self.pub_dists(sonar_min_dist)
  File "sonar_get_min_dist.py", line 72, in pub_dists
    pub.publish(min_distances)
  File "/opt/ros/kinetic/lib/python2.7/dist-packages/rospy/topics.py", line 886, in publish
    raise ROSSerializationException(str(e))
ROSSerializationException: <class 'struct.error'>: 'required argument is not a float' when writing '0'

[rospy.topics][ERROR] 2025-03-27 14:39:10,314: Traceback (most recent call last):
  File "/opt/ros/kinetic/lib/python2.7/dist-packages/rospy/topics.py", line 882, in publish
    self.impl.publish(data)
  File "/opt/ros/kinetic/lib/python2.7/dist-packages/rospy/topics.py", line 1066, in publish
    serialize_message(b, self.seq, message)
  File "/opt/ros/kinetic/lib/python2.7/dist-packages/rospy/msg.py", line 152, in serialize_message
    msg.serialize(b)
  File "/opt/ros/kinetic/lib/python2.7/dist-packages/std_msgs/msg/_Float32MultiArray.py", line 113, in serialize
    except struct.error as se: self._check_types(struct.error("%s: '%s' when writing '%s'" % (type(se), str(se), str(locals().get('_x', self)))))
  File "/opt/ros/kinetic/lib/python2.7/dist-packages/genpy/message.py", line 385, in _check_types
    raise SerializationError(str(exc))
SerializationError: <class 'struct.error'>: 'required argument is not a float' when writing '0'

[rosout][ERROR] 2025-03-27 14:39:10,315: bad callback: <bound method SonarProcessor.sonar_callback of <__main__.SonarProcessor instance at 0x7fb7df3b41b8>>
Traceback (most recent call last):
  File "/opt/ros/kinetic/lib/python2.7/dist-packages/rospy/topics.py", line 750, in _invoke_callback
    cb(msg)
  File "sonar_get_min_dist.py", line 28, in sonar_callback
    self.back_left_min, self.back_right_min = self.process_sonar_data(data)
  File "sonar_get_min_dist.py", line 57, in process_sonar_data
    self.pub_dists(sonar_min_dist)
  File "sonar_get_min_dist.py", line 72, in pub_dists
    pub.publish(min_distances)
  File "/opt/ros/kinetic/lib/python2.7/dist-packages/rospy/topics.py", line 886, in publish
    raise ROSSerializationException(str(e))
ROSSerializationException: <class 'struct.error'>: 'required argument is not a float' when writing '0'

[rospy.topics][ERROR] 2025-03-27 14:39:10,417: Traceback (most recent call last):
  File "/opt/ros/kinetic/lib/python2.7/dist-packages/rospy/topics.py", line 882, in publish
    self.impl.publish(data)
  File "/opt/ros/kinetic/lib/python2.7/dist-packages/rospy/topics.py", line 1066, in publish
    serialize_message(b, self.seq, message)
  File "/opt/ros/kinetic/lib/python2.7/dist-packages/rospy/msg.py", line 152, in serialize_message
    msg.serialize(b)
  File "/opt/ros/kinetic/lib/python2.7/dist-packages/std_msgs/msg/_Float32MultiArray.py", line 113, in serialize
    except struct.error as se: self._check_types(struct.error("%s: '%s' when writing '%s'" % (type(se), str(se), str(locals().get('_x', self)))))
  File "/opt/ros/kinetic/lib/python2.7/dist-packages/genpy/message.py", line 385, in _check_types
    raise SerializationError(str(exc))
SerializationError: <class 'struct.error'>: 'required argument is not a float' when writing '0'

[rosout][ERROR] 2025-03-27 14:39:10,418: bad callback: <bound method SonarProcessor.sonar_callback of <__main__.SonarProcessor instance at 0x7fb7df3b41b8>>
Traceback (most recent call last):
  File "/opt/ros/kinetic/lib/python2.7/dist-packages/rospy/topics.py", line 750, in _invoke_callback
    cb(msg)
  File "sonar_get_min_dist.py", line 28, in sonar_callback
    self.back_left_min, self.back_right_min = self.process_sonar_data(data)
  File "sonar_get_min_dist.py", line 57, in process_sonar_data
    self.pub_dists(sonar_min_dist)
  File "sonar_get_min_dist.py", line 72, in pub_dists
    pub.publish(min_distances)
  File "/opt/ros/kinetic/lib/python2.7/dist-packages/rospy/topics.py", line 886, in publish
    raise ROSSerializationException(str(e))
ROSSerializationException: <class 'struct.error'>: 'required argument is not a float' when writing '0'

[rospy.topics][ERROR] 2025-03-27 14:39:10,514: Traceback (most recent call last):
  File "/opt/ros/kinetic/lib/python2.7/dist-packages/rospy/topics.py", line 882, in publish
    self.impl.publish(data)
  File "/opt/ros/kinetic/lib/python2.7/dist-packages/rospy/topics.py", line 1066, in publish
    serialize_message(b, self.seq, message)
  File "/opt/ros/kinetic/lib/python2.7/dist-packages/rospy/msg.py", line 152, in serialize_message
    msg.serialize(b)
  File "/opt/ros/kinetic/lib/python2.7/dist-packages/std_msgs/msg/_Float32MultiArray.py", line 113, in serialize
    except struct.error as se: self._check_types(struct.error("%s: '%s' when writing '%s'" % (type(se), str(se), str(locals().get('_x', self)))))
  File "/opt/ros/kinetic/lib/python2.7/dist-packages/genpy/message.py", line 385, in _check_types
    raise SerializationError(str(exc))
SerializationError: <class 'struct.error'>: 'required argument is not a float' when writing '0'

[rosout][ERROR] 2025-03-27 14:39:10,515: bad callback: <bound method SonarProcessor.sonar_callback of <__main__.SonarProcessor instance at 0x7fb7df3b41b8>>
Traceback (most recent call last):
  File "/opt/ros/kinetic/lib/python2.7/dist-packages/rospy/topics.py", line 750, in _invoke_callback
    cb(msg)
  File "sonar_get_min_dist.py", line 28, in sonar_callback
    self.back_left_min, self.back_right_min = self.process_sonar_data(data)
  File "sonar_get_min_dist.py", line 57, in process_sonar_data
    self.pub_dists(sonar_min_dist)
  File "sonar_get_min_dist.py", line 72, in pub_dists
    pub.publish(min_distances)
  File "/opt/ros/kinetic/lib/python2.7/dist-packages/rospy/topics.py", line 886, in publish
    raise ROSSerializationException(str(e))
ROSSerializationException: <class 'struct.error'>: 'required argument is not a float' when writing '0'

[rospy.topics][ERROR] 2025-03-27 14:39:10,617: Traceback (most recent call last):
  File "/opt/ros/kinetic/lib/python2.7/dist-packages/rospy/topics.py", line 882, in publish
    self.impl.publish(data)
  File "/opt/ros/kinetic/lib/python2.7/dist-packages/rospy/topics.py", line 1066, in publish
    serialize_message(b, self.seq, message)
  File "/opt/ros/kinetic/lib/python2.7/dist-packages/rospy/msg.py", line 152, in serialize_message
    msg.serialize(b)
  File "/opt/ros/kinetic/lib/python2.7/dist-packages/std_msgs/msg/_Float32MultiArray.py", line 113, in serialize
    except struct.error as se: self._check_types(struct.error("%s: '%s' when writing '%s'" % (type(se), str(se), str(locals().get('_x', self)))))
  File "/opt/ros/kinetic/lib/python2.7/dist-packages/genpy/message.py", line 385, in _check_types
    raise SerializationError(str(exc))
SerializationError: <class 'struct.error'>: 'required argument is not a float' when writing '0'

[rosout][ERROR] 2025-03-27 14:39:10,618: bad callback: <bound method SonarProcessor.sonar_callback of <__main__.SonarProcessor instance at 0x7fb7df3b41b8>>
Traceback (most recent call last):
  File "/opt/ros/kinetic/lib/python2.7/dist-packages/rospy/topics.py", line 750, in _invoke_callback
    cb(msg)
  File "sonar_get_min_dist.py", line 28, in sonar_callback
    self.back_left_min, self.back_right_min = self.process_sonar_data(data)
  File "sonar_get_min_dist.py", line 57, in process_sonar_data
    self.pub_dists(sonar_min_dist)
  File "sonar_get_min_dist.py", line 72, in pub_dists
    pub.publish(min_distances)
  File "/opt/ros/kinetic/lib/python2.7/dist-packages/rospy/topics.py", line 886, in publish
    raise ROSSerializationException(str(e))
ROSSerializationException: <class 'struct.error'>: 'required argument is not a float' when writing '0'

[rospy.topics][ERROR] 2025-03-27 14:39:10,714: Traceback (most recent call last):
  File "/opt/ros/kinetic/lib/python2.7/dist-packages/rospy/topics.py", line 882, in publish
    self.impl.publish(data)
  File "/opt/ros/kinetic/lib/python2.7/dist-packages/rospy/topics.py", line 1066, in publish
    serialize_message(b, self.seq, message)
  File "/opt/ros/kinetic/lib/python2.7/dist-packages/rospy/msg.py", line 152, in serialize_message
    msg.serialize(b)
  File "/opt/ros/kinetic/lib/python2.7/dist-packages/std_msgs/msg/_Float32MultiArray.py", line 113, in serialize
    except struct.error as se: self._check_types(struct.error("%s: '%s' when writing '%s'" % (type(se), str(se), str(locals().get('_x', self)))))
  File "/opt/ros/kinetic/lib/python2.7/dist-packages/genpy/message.py", line 385, in _check_types
    raise SerializationError(str(exc))
SerializationError: <class 'struct.error'>: 'required argument is not a float' when writing '0'

[rosout][ERROR] 2025-03-27 14:39:10,715: bad callback: <bound method SonarProcessor.sonar_callback of <__main__.SonarProcessor instance at 0x7fb7df3b41b8>>
Traceback (most recent call last):
  File "/opt/ros/kinetic/lib/python2.7/dist-packages/rospy/topics.py", line 750, in _invoke_callback
    cb(msg)
  File "sonar_get_min_dist.py", line 28, in sonar_callback
    self.back_left_min, self.back_right_min = self.process_sonar_data(data)
  File "sonar_get_min_dist.py", line 57, in process_sonar_data
    self.pub_dists(sonar_min_dist)
  File "sonar_get_min_dist.py", line 72, in pub_dists
    pub.publish(min_distances)
  File "/opt/ros/kinetic/lib/python2.7/dist-packages/rospy/topics.py", line 886, in publish
    raise ROSSerializationException(str(e))
ROSSerializationException: <class 'struct.error'>: 'required argument is not a float' when writing '0'

[rospy.topics][ERROR] 2025-03-27 14:39:10,817: Traceback (most recent call last):
  File "/opt/ros/kinetic/lib/python2.7/dist-packages/rospy/topics.py", line 882, in publish
    self.impl.publish(data)
  File "/opt/ros/kinetic/lib/python2.7/dist-packages/rospy/topics.py", line 1066, in publish
    serialize_message(b, self.seq, message)
  File "/opt/ros/kinetic/lib/python2.7/dist-packages/rospy/msg.py", line 152, in serialize_message
    msg.serialize(b)
  File "/opt/ros/kinetic/lib/python2.7/dist-packages/std_msgs/msg/_Float32MultiArray.py", line 113, in serialize
    except struct.error as se: self._check_types(struct.error("%s: '%s' when writing '%s'" % (type(se), str(se), str(locals().get('_x', self)))))
  File "/opt/ros/kinetic/lib/python2.7/dist-packages/genpy/message.py", line 385, in _check_types
    raise SerializationError(str(exc))
SerializationError: <class 'struct.error'>: 'required argument is not a float' when writing '0'

[rosout][ERROR] 2025-03-27 14:39:10,818: bad callback: <bound method SonarProcessor.sonar_callback of <__main__.SonarProcessor instance at 0x7fb7df3b41b8>>
Traceback (most recent call last):
  File "/opt/ros/kinetic/lib/python2.7/dist-packages/rospy/topics.py", line 750, in _invoke_callback
    cb(msg)
  File "sonar_get_min_dist.py", line 28, in sonar_callback
    self.back_left_min, self.back_right_min = self.process_sonar_data(data)
  File "sonar_get_min_dist.py", line 57, in process_sonar_data
    self.pub_dists(sonar_min_dist)
  File "sonar_get_min_dist.py", line 72, in pub_dists
    pub.publish(min_distances)
  File "/opt/ros/kinetic/lib/python2.7/dist-packages/rospy/topics.py", line 886, in publish
    raise ROSSerializationException(str(e))
ROSSerializationException: <class 'struct.error'>: 'required argument is not a float' when writing '0'

[rospy.topics][ERROR] 2025-03-27 14:39:10,915: Traceback (most recent call last):
  File "/opt/ros/kinetic/lib/python2.7/dist-packages/rospy/topics.py", line 882, in publish
    self.impl.publish(data)
  File "/opt/ros/kinetic/lib/python2.7/dist-packages/rospy/topics.py", line 1066, in publish
    serialize_message(b, self.seq, message)
  File "/opt/ros/kinetic/lib/python2.7/dist-packages/rospy/msg.py", line 152, in serialize_message
    msg.serialize(b)
  File "/opt/ros/kinetic/lib/python2.7/dist-packages/std_msgs/msg/_Float32MultiArray.py", line 113, in serialize
    except struct.error as se: self._check_types(struct.error("%s: '%s' when writing '%s'" % (type(se), str(se), str(locals().get('_x', self)))))
  File "/opt/ros/kinetic/lib/python2.7/dist-packages/genpy/message.py", line 385, in _check_types
    raise SerializationError(str(exc))
SerializationError: <class 'struct.error'>: 'required argument is not a float' when writing '0'

[rosout][ERROR] 2025-03-27 14:39:10,915: bad callback: <bound method SonarProcessor.sonar_callback of <__main__.SonarProcessor instance at 0x7fb7df3b41b8>>
Traceback (most recent call last):
  File "/opt/ros/kinetic/lib/python2.7/dist-packages/rospy/topics.py", line 750, in _invoke_callback
    cb(msg)
  File "sonar_get_min_dist.py", line 28, in sonar_callback
    self.back_left_min, self.back_right_min = self.process_sonar_data(data)
  File "sonar_get_min_dist.py", line 57, in process_sonar_data
    self.pub_dists(sonar_min_dist)
  File "sonar_get_min_dist.py", line 72, in pub_dists
    pub.publish(min_distances)
  File "/opt/ros/kinetic/lib/python2.7/dist-packages/rospy/topics.py", line 886, in publish
    raise ROSSerializationException(str(e))
ROSSerializationException: <class 'struct.error'>: 'required argument is not a float' when writing '0'

[rospy.topics][ERROR] 2025-03-27 14:39:11,017: Traceback (most recent call last):
  File "/opt/ros/kinetic/lib/python2.7/dist-packages/rospy/topics.py", line 882, in publish
    self.impl.publish(data)
  File "/opt/ros/kinetic/lib/python2.7/dist-packages/rospy/topics.py", line 1066, in publish
    serialize_message(b, self.seq, message)
  File "/opt/ros/kinetic/lib/python2.7/dist-packages/rospy/msg.py", line 152, in serialize_message
    msg.serialize(b)
  File "/opt/ros/kinetic/lib/python2.7/dist-packages/std_msgs/msg/_Float32MultiArray.py", line 113, in serialize
    except struct.error as se: self._check_types(struct.error("%s: '%s' when writing '%s'" % (type(se), str(se), str(locals().get('_x', self)))))
  File "/opt/ros/kinetic/lib/python2.7/dist-packages/genpy/message.py", line 385, in _check_types
    raise SerializationError(str(exc))
SerializationError: <class 'struct.error'>: 'required argument is not a float' when writing '0'

[rosout][ERROR] 2025-03-27 14:39:11,018: bad callback: <bound method SonarProcessor.sonar_callback of <__main__.SonarProcessor instance at 0x7fb7df3b41b8>>
Traceback (most recent call last):
  File "/opt/ros/kinetic/lib/python2.7/dist-packages/rospy/topics.py", line 750, in _invoke_callback
    cb(msg)
  File "sonar_get_min_dist.py", line 28, in sonar_callback
    self.back_left_min, self.back_right_min = self.process_sonar_data(data)
  File "sonar_get_min_dist.py", line 57, in process_sonar_data
    self.pub_dists(sonar_min_dist)
  File "sonar_get_min_dist.py", line 72, in pub_dists
    pub.publish(min_distances)
  File "/opt/ros/kinetic/lib/python2.7/dist-packages/rospy/topics.py", line 886, in publish
    raise ROSSerializationException(str(e))
ROSSerializationException: <class 'struct.error'>: 'required argument is not a float' when writing '0'

[rospy.topics][ERROR] 2025-03-27 14:39:11,114: Traceback (most recent call last):
  File "/opt/ros/kinetic/lib/python2.7/dist-packages/rospy/topics.py", line 882, in publish
    self.impl.publish(data)
  File "/opt/ros/kinetic/lib/python2.7/dist-packages/rospy/topics.py", line 1066, in publish
    serialize_message(b, self.seq, message)
  File "/opt/ros/kinetic/lib/python2.7/dist-packages/rospy/msg.py", line 152, in serialize_message
    msg.serialize(b)
  File "/opt/ros/kinetic/lib/python2.7/dist-packages/std_msgs/msg/_Float32MultiArray.py", line 113, in serialize
    except struct.error as se: self._check_types(struct.error("%s: '%s' when writing '%s'" % (type(se), str(se), str(locals().get('_x', self)))))
  File "/opt/ros/kinetic/lib/python2.7/dist-packages/genpy/message.py", line 385, in _check_types
    raise SerializationError(str(exc))
SerializationError: <class 'struct.error'>: 'required argument is not a float' when writing '0'

[rosout][ERROR] 2025-03-27 14:39:11,115: bad callback: <bound method SonarProcessor.sonar_callback of <__main__.SonarProcessor instance at 0x7fb7df3b41b8>>
Traceback (most recent call last):
  File "/opt/ros/kinetic/lib/python2.7/dist-packages/rospy/topics.py", line 750, in _invoke_callback
    cb(msg)
  File "sonar_get_min_dist.py", line 28, in sonar_callback
    self.back_left_min, self.back_right_min = self.process_sonar_data(data)
  File "sonar_get_min_dist.py", line 57, in process_sonar_data
    self.pub_dists(sonar_min_dist)
  File "sonar_get_min_dist.py", line 72, in pub_dists
    pub.publish(min_distances)
  File "/opt/ros/kinetic/lib/python2.7/dist-packages/rospy/topics.py", line 886, in publish
    raise ROSSerializationException(str(e))
ROSSerializationException: <class 'struct.error'>: 'required argument is not a float' when writing '0'

[rospy.topics][ERROR] 2025-03-27 14:39:11,217: Traceback (most recent call last):
  File "/opt/ros/kinetic/lib/python2.7/dist-packages/rospy/topics.py", line 882, in publish
    self.impl.publish(data)
  File "/opt/ros/kinetic/lib/python2.7/dist-packages/rospy/topics.py", line 1066, in publish
    serialize_message(b, self.seq, message)
  File "/opt/ros/kinetic/lib/python2.7/dist-packages/rospy/msg.py", line 152, in serialize_message
    msg.serialize(b)
  File "/opt/ros/kinetic/lib/python2.7/dist-packages/std_msgs/msg/_Float32MultiArray.py", line 113, in serialize
    except struct.error as se: self._check_types(struct.error("%s: '%s' when writing '%s'" % (type(se), str(se), str(locals().get('_x', self)))))
  File "/opt/ros/kinetic/lib/python2.7/dist-packages/genpy/message.py", line 385, in _check_types
    raise SerializationError(str(exc))
SerializationError: <class 'struct.error'>: 'required argument is not a float' when writing '0'

[rosout][ERROR] 2025-03-27 14:39:11,218: bad callback: <bound method SonarProcessor.sonar_callback of <__main__.SonarProcessor instance at 0x7fb7df3b41b8>>
Traceback (most recent call last):
  File "/opt/ros/kinetic/lib/python2.7/dist-packages/rospy/topics.py", line 750, in _invoke_callback
    cb(msg)
  File "sonar_get_min_dist.py", line 28, in sonar_callback
    self.back_left_min, self.back_right_min = self.process_sonar_data(data)
  File "sonar_get_min_dist.py", line 57, in process_sonar_data
    self.pub_dists(sonar_min_dist)
  File "sonar_get_min_dist.py", line 72, in pub_dists
    pub.publish(min_distances)
  File "/opt/ros/kinetic/lib/python2.7/dist-packages/rospy/topics.py", line 886, in publish
    raise ROSSerializationException(str(e))
ROSSerializationException: <class 'struct.error'>: 'required argument is not a float' when writing '0'

[rospy.topics][ERROR] 2025-03-27 14:39:11,315: Traceback (most recent call last):
  File "/opt/ros/kinetic/lib/python2.7/dist-packages/rospy/topics.py", line 882, in publish
    self.impl.publish(data)
  File "/opt/ros/kinetic/lib/python2.7/dist-packages/rospy/topics.py", line 1066, in publish
    serialize_message(b, self.seq, message)
  File "/opt/ros/kinetic/lib/python2.7/dist-packages/rospy/msg.py", line 152, in serialize_message
    msg.serialize(b)
  File "/opt/ros/kinetic/lib/python2.7/dist-packages/std_msgs/msg/_Float32MultiArray.py", line 113, in serialize
    except struct.error as se: self._check_types(struct.error("%s: '%s' when writing '%s'" % (type(se), str(se), str(locals().get('_x', self)))))
  File "/opt/ros/kinetic/lib/python2.7/dist-packages/genpy/message.py", line 385, in _check_types
    raise SerializationError(str(exc))
SerializationError: <class 'struct.error'>: 'required argument is not a float' when writing '0'

[rosout][ERROR] 2025-03-27 14:39:11,315: bad callback: <bound method SonarProcessor.sonar_callback of <__main__.SonarProcessor instance at 0x7fb7df3b41b8>>
Traceback (most recent call last):
  File "/opt/ros/kinetic/lib/python2.7/dist-packages/rospy/topics.py", line 750, in _invoke_callback
    cb(msg)
  File "sonar_get_min_dist.py", line 28, in sonar_callback
    self.back_left_min, self.back_right_min = self.process_sonar_data(data)
  File "sonar_get_min_dist.py", line 57, in process_sonar_data
    self.pub_dists(sonar_min_dist)
  File "sonar_get_min_dist.py", line 72, in pub_dists
    pub.publish(min_distances)
  File "/opt/ros/kinetic/lib/python2.7/dist-packages/rospy/topics.py", line 886, in publish
    raise ROSSerializationException(str(e))
ROSSerializationException: <class 'struct.error'>: 'required argument is not a float' when writing '0'

[rospy.topics][ERROR] 2025-03-27 14:39:11,418: Traceback (most recent call last):
  File "/opt/ros/kinetic/lib/python2.7/dist-packages/rospy/topics.py", line 882, in publish
    self.impl.publish(data)
  File "/opt/ros/kinetic/lib/python2.7/dist-packages/rospy/topics.py", line 1066, in publish
    serialize_message(b, self.seq, message)
  File "/opt/ros/kinetic/lib/python2.7/dist-packages/rospy/msg.py", line 152, in serialize_message
    msg.serialize(b)
  File "/opt/ros/kinetic/lib/python2.7/dist-packages/std_msgs/msg/_Float32MultiArray.py", line 113, in serialize
    except struct.error as se: self._check_types(struct.error("%s: '%s' when writing '%s'" % (type(se), str(se), str(locals().get('_x', self)))))
  File "/opt/ros/kinetic/lib/python2.7/dist-packages/genpy/message.py", line 385, in _check_types
    raise SerializationError(str(exc))
SerializationError: <class 'struct.error'>: 'required argument is not a float' when writing '0'

[rosout][ERROR] 2025-03-27 14:39:11,418: bad callback: <bound method SonarProcessor.sonar_callback of <__main__.SonarProcessor instance at 0x7fb7df3b41b8>>
Traceback (most recent call last):
  File "/opt/ros/kinetic/lib/python2.7/dist-packages/rospy/topics.py", line 750, in _invoke_callback
    cb(msg)
  File "sonar_get_min_dist.py", line 28, in sonar_callback
    self.back_left_min, self.back_right_min = self.process_sonar_data(data)
  File "sonar_get_min_dist.py", line 57, in process_sonar_data
    self.pub_dists(sonar_min_dist)
  File "sonar_get_min_dist.py", line 72, in pub_dists
    pub.publish(min_distances)
  File "/opt/ros/kinetic/lib/python2.7/dist-packages/rospy/topics.py", line 886, in publish
    raise ROSSerializationException(str(e))
ROSSerializationException: <class 'struct.error'>: 'required argument is not a float' when writing '0'

[rospy.topics][ERROR] 2025-03-27 14:39:11,514: Traceback (most recent call last):
  File "/opt/ros/kinetic/lib/python2.7/dist-packages/rospy/topics.py", line 882, in publish
    self.impl.publish(data)
  File "/opt/ros/kinetic/lib/python2.7/dist-packages/rospy/topics.py", line 1066, in publish
    serialize_message(b, self.seq, message)
  File "/opt/ros/kinetic/lib/python2.7/dist-packages/rospy/msg.py", line 152, in serialize_message
    msg.serialize(b)
  File "/opt/ros/kinetic/lib/python2.7/dist-packages/std_msgs/msg/_Float32MultiArray.py", line 113, in serialize
    except struct.error as se: self._check_types(struct.error("%s: '%s' when writing '%s'" % (type(se), str(se), str(locals().get('_x', self)))))
  File "/opt/ros/kinetic/lib/python2.7/dist-packages/genpy/message.py", line 385, in _check_types
    raise SerializationError(str(exc))
SerializationError: <class 'struct.error'>: 'required argument is not a float' when writing '0'

[rosout][ERROR] 2025-03-27 14:39:11,515: bad callback: <bound method SonarProcessor.sonar_callback of <__main__.SonarProcessor instance at 0x7fb7df3b41b8>>
Traceback (most recent call last):
  File "/opt/ros/kinetic/lib/python2.7/dist-packages/rospy/topics.py", line 750, in _invoke_callback
    cb(msg)
  File "sonar_get_min_dist.py", line 28, in sonar_callback
    self.back_left_min, self.back_right_min = self.process_sonar_data(data)
  File "sonar_get_min_dist.py", line 57, in process_sonar_data
    self.pub_dists(sonar_min_dist)
  File "sonar_get_min_dist.py", line 72, in pub_dists
    pub.publish(min_distances)
  File "/opt/ros/kinetic/lib/python2.7/dist-packages/rospy/topics.py", line 886, in publish
    raise ROSSerializationException(str(e))
ROSSerializationException: <class 'struct.error'>: 'required argument is not a float' when writing '0'

[rospy.topics][ERROR] 2025-03-27 14:39:11,618: Traceback (most recent call last):
  File "/opt/ros/kinetic/lib/python2.7/dist-packages/rospy/topics.py", line 882, in publish
    self.impl.publish(data)
  File "/opt/ros/kinetic/lib/python2.7/dist-packages/rospy/topics.py", line 1066, in publish
    serialize_message(b, self.seq, message)
  File "/opt/ros/kinetic/lib/python2.7/dist-packages/rospy/msg.py", line 152, in serialize_message
    msg.serialize(b)
  File "/opt/ros/kinetic/lib/python2.7/dist-packages/std_msgs/msg/_Float32MultiArray.py", line 113, in serialize
    except struct.error as se: self._check_types(struct.error("%s: '%s' when writing '%s'" % (type(se), str(se), str(locals().get('_x', self)))))
  File "/opt/ros/kinetic/lib/python2.7/dist-packages/genpy/message.py", line 385, in _check_types
    raise SerializationError(str(exc))
SerializationError: <class 'struct.error'>: 'required argument is not a float' when writing '0'

[rosout][ERROR] 2025-03-27 14:39:11,618: bad callback: <bound method SonarProcessor.sonar_callback of <__main__.SonarProcessor instance at 0x7fb7df3b41b8>>
Traceback (most recent call last):
  File "/opt/ros/kinetic/lib/python2.7/dist-packages/rospy/topics.py", line 750, in _invoke_callback
    cb(msg)
  File "sonar_get_min_dist.py", line 28, in sonar_callback
    self.back_left_min, self.back_right_min = self.process_sonar_data(data)
  File "sonar_get_min_dist.py", line 57, in process_sonar_data
    self.pub_dists(sonar_min_dist)
  File "sonar_get_min_dist.py", line 72, in pub_dists
    pub.publish(min_distances)
  File "/opt/ros/kinetic/lib/python2.7/dist-packages/rospy/topics.py", line 886, in publish
    raise ROSSerializationException(str(e))
ROSSerializationException: <class 'struct.error'>: 'required argument is not a float' when writing '0'

[rospy.topics][ERROR] 2025-03-27 14:39:11,715: Traceback (most recent call last):
  File "/opt/ros/kinetic/lib/python2.7/dist-packages/rospy/topics.py", line 882, in publish
    self.impl.publish(data)
  File "/opt/ros/kinetic/lib/python2.7/dist-packages/rospy/topics.py", line 1066, in publish
    serialize_message(b, self.seq, message)
  File "/opt/ros/kinetic/lib/python2.7/dist-packages/rospy/msg.py", line 152, in serialize_message
    msg.serialize(b)
  File "/opt/ros/kinetic/lib/python2.7/dist-packages/std_msgs/msg/_Float32MultiArray.py", line 113, in serialize
    except struct.error as se: self._check_types(struct.error("%s: '%s' when writing '%s'" % (type(se), str(se), str(locals().get('_x', self)))))
  File "/opt/ros/kinetic/lib/python2.7/dist-packages/genpy/message.py", line 385, in _check_types
    raise SerializationError(str(exc))
SerializationError: <class 'struct.error'>: 'required argument is not a float' when writing '0'

[rosout][ERROR] 2025-03-27 14:39:11,715: bad callback: <bound method SonarProcessor.sonar_callback of <__main__.SonarProcessor instance at 0x7fb7df3b41b8>>
Traceback (most recent call last):
  File "/opt/ros/kinetic/lib/python2.7/dist-packages/rospy/topics.py", line 750, in _invoke_callback
    cb(msg)
  File "sonar_get_min_dist.py", line 28, in sonar_callback
    self.back_left_min, self.back_right_min = self.process_sonar_data(data)
  File "sonar_get_min_dist.py", line 57, in process_sonar_data
    self.pub_dists(sonar_min_dist)
  File "sonar_get_min_dist.py", line 72, in pub_dists
    pub.publish(min_distances)
  File "/opt/ros/kinetic/lib/python2.7/dist-packages/rospy/topics.py", line 886, in publish
    raise ROSSerializationException(str(e))
ROSSerializationException: <class 'struct.error'>: 'required argument is not a float' when writing '0'

[rospy.topics][ERROR] 2025-03-27 14:39:11,818: Traceback (most recent call last):
  File "/opt/ros/kinetic/lib/python2.7/dist-packages/rospy/topics.py", line 882, in publish
    self.impl.publish(data)
  File "/opt/ros/kinetic/lib/python2.7/dist-packages/rospy/topics.py", line 1066, in publish
    serialize_message(b, self.seq, message)
  File "/opt/ros/kinetic/lib/python2.7/dist-packages/rospy/msg.py", line 152, in serialize_message
    msg.serialize(b)
  File "/opt/ros/kinetic/lib/python2.7/dist-packages/std_msgs/msg/_Float32MultiArray.py", line 113, in serialize
    except struct.error as se: self._check_types(struct.error("%s: '%s' when writing '%s'" % (type(se), str(se), str(locals().get('_x', self)))))
  File "/opt/ros/kinetic/lib/python2.7/dist-packages/genpy/message.py", line 385, in _check_types
    raise SerializationError(str(exc))
SerializationError: <class 'struct.error'>: 'required argument is not a float' when writing '0'

[rosout][ERROR] 2025-03-27 14:39:11,818: bad callback: <bound method SonarProcessor.sonar_callback of <__main__.SonarProcessor instance at 0x7fb7df3b41b8>>
Traceback (most recent call last):
  File "/opt/ros/kinetic/lib/python2.7/dist-packages/rospy/topics.py", line 750, in _invoke_callback
    cb(msg)
  File "sonar_get_min_dist.py", line 28, in sonar_callback
    self.back_left_min, self.back_right_min = self.process_sonar_data(data)
  File "sonar_get_min_dist.py", line 57, in process_sonar_data
    self.pub_dists(sonar_min_dist)
  File "sonar_get_min_dist.py", line 72, in pub_dists
    pub.publish(min_distances)
  File "/opt/ros/kinetic/lib/python2.7/dist-packages/rospy/topics.py", line 886, in publish
    raise ROSSerializationException(str(e))
ROSSerializationException: <class 'struct.error'>: 'required argument is not a float' when writing '0'

[rospy.topics][ERROR] 2025-03-27 14:39:11,915: Traceback (most recent call last):
  File "/opt/ros/kinetic/lib/python2.7/dist-packages/rospy/topics.py", line 882, in publish
    self.impl.publish(data)
  File "/opt/ros/kinetic/lib/python2.7/dist-packages/rospy/topics.py", line 1066, in publish
    serialize_message(b, self.seq, message)
  File "/opt/ros/kinetic/lib/python2.7/dist-packages/rospy/msg.py", line 152, in serialize_message
    msg.serialize(b)
  File "/opt/ros/kinetic/lib/python2.7/dist-packages/std_msgs/msg/_Float32MultiArray.py", line 113, in serialize
    except struct.error as se: self._check_types(struct.error("%s: '%s' when writing '%s'" % (type(se), str(se), str(locals().get('_x', self)))))
  File "/opt/ros/kinetic/lib/python2.7/dist-packages/genpy/message.py", line 385, in _check_types
    raise SerializationError(str(exc))
SerializationError: <class 'struct.error'>: 'required argument is not a float' when writing '0'

[rosout][ERROR] 2025-03-27 14:39:11,915: bad callback: <bound method SonarProcessor.sonar_callback of <__main__.SonarProcessor instance at 0x7fb7df3b41b8>>
Traceback (most recent call last):
  File "/opt/ros/kinetic/lib/python2.7/dist-packages/rospy/topics.py", line 750, in _invoke_callback
    cb(msg)
  File "sonar_get_min_dist.py", line 28, in sonar_callback
    self.back_left_min, self.back_right_min = self.process_sonar_data(data)
  File "sonar_get_min_dist.py", line 57, in process_sonar_data
    self.pub_dists(sonar_min_dist)
  File "sonar_get_min_dist.py", line 72, in pub_dists
    pub.publish(min_distances)
  File "/opt/ros/kinetic/lib/python2.7/dist-packages/rospy/topics.py", line 886, in publish
    raise ROSSerializationException(str(e))
ROSSerializationException: <class 'struct.error'>: 'required argument is not a float' when writing '0'

[rospy.topics][ERROR] 2025-03-27 14:39:12,018: Traceback (most recent call last):
  File "/opt/ros/kinetic/lib/python2.7/dist-packages/rospy/topics.py", line 882, in publish
    self.impl.publish(data)
  File "/opt/ros/kinetic/lib/python2.7/dist-packages/rospy/topics.py", line 1066, in publish
    serialize_message(b, self.seq, message)
  File "/opt/ros/kinetic/lib/python2.7/dist-packages/rospy/msg.py", line 152, in serialize_message
    msg.serialize(b)
  File "/opt/ros/kinetic/lib/python2.7/dist-packages/std_msgs/msg/_Float32MultiArray.py", line 113, in serialize
    except struct.error as se: self._check_types(struct.error("%s: '%s' when writing '%s'" % (type(se), str(se), str(locals().get('_x', self)))))
  File "/opt/ros/kinetic/lib/python2.7/dist-packages/genpy/message.py", line 385, in _check_types
    raise SerializationError(str(exc))
SerializationError: <class 'struct.error'>: 'required argument is not a float' when writing '0'

[rosout][ERROR] 2025-03-27 14:39:12,018: bad callback: <bound method SonarProcessor.sonar_callback of <__main__.SonarProcessor instance at 0x7fb7df3b41b8>>
Traceback (most recent call last):
  File "/opt/ros/kinetic/lib/python2.7/dist-packages/rospy/topics.py", line 750, in _invoke_callback
    cb(msg)
  File "sonar_get_min_dist.py", line 28, in sonar_callback
    self.back_left_min, self.back_right_min = self.process_sonar_data(data)
  File "sonar_get_min_dist.py", line 57, in process_sonar_data
    self.pub_dists(sonar_min_dist)
  File "sonar_get_min_dist.py", line 72, in pub_dists
    pub.publish(min_distances)
  File "/opt/ros/kinetic/lib/python2.7/dist-packages/rospy/topics.py", line 886, in publish
    raise ROSSerializationException(str(e))
ROSSerializationException: <class 'struct.error'>: 'required argument is not a float' when writing '0'

[rospy.topics][ERROR] 2025-03-27 14:39:12,115: Traceback (most recent call last):
  File "/opt/ros/kinetic/lib/python2.7/dist-packages/rospy/topics.py", line 882, in publish
    self.impl.publish(data)
  File "/opt/ros/kinetic/lib/python2.7/dist-packages/rospy/topics.py", line 1066, in publish
    serialize_message(b, self.seq, message)
  File "/opt/ros/kinetic/lib/python2.7/dist-packages/rospy/msg.py", line 152, in serialize_message
    msg.serialize(b)
  File "/opt/ros/kinetic/lib/python2.7/dist-packages/std_msgs/msg/_Float32MultiArray.py", line 113, in serialize
    except struct.error as se: self._check_types(struct.error("%s: '%s' when writing '%s'" % (type(se), str(se), str(locals().get('_x', self)))))
  File "/opt/ros/kinetic/lib/python2.7/dist-packages/genpy/message.py", line 385, in _check_types
    raise SerializationError(str(exc))
SerializationError: <class 'struct.error'>: 'required argument is not a float' when writing '0'

[rosout][ERROR] 2025-03-27 14:39:12,115: bad callback: <bound method SonarProcessor.sonar_callback of <__main__.SonarProcessor instance at 0x7fb7df3b41b8>>
Traceback (most recent call last):
  File "/opt/ros/kinetic/lib/python2.7/dist-packages/rospy/topics.py", line 750, in _invoke_callback
    cb(msg)
  File "sonar_get_min_dist.py", line 28, in sonar_callback
    self.back_left_min, self.back_right_min = self.process_sonar_data(data)
  File "sonar_get_min_dist.py", line 57, in process_sonar_data
    self.pub_dists(sonar_min_dist)
  File "sonar_get_min_dist.py", line 72, in pub_dists
    pub.publish(min_distances)
  File "/opt/ros/kinetic/lib/python2.7/dist-packages/rospy/topics.py", line 886, in publish
    raise ROSSerializationException(str(e))
ROSSerializationException: <class 'struct.error'>: 'required argument is not a float' when writing '0'

[rospy.topics][ERROR] 2025-03-27 14:39:12,218: Traceback (most recent call last):
  File "/opt/ros/kinetic/lib/python2.7/dist-packages/rospy/topics.py", line 882, in publish
    self.impl.publish(data)
  File "/opt/ros/kinetic/lib/python2.7/dist-packages/rospy/topics.py", line 1066, in publish
    serialize_message(b, self.seq, message)
  File "/opt/ros/kinetic/lib/python2.7/dist-packages/rospy/msg.py", line 152, in serialize_message
    msg.serialize(b)
  File "/opt/ros/kinetic/lib/python2.7/dist-packages/std_msgs/msg/_Float32MultiArray.py", line 113, in serialize
    except struct.error as se: self._check_types(struct.error("%s: '%s' when writing '%s'" % (type(se), str(se), str(locals().get('_x', self)))))
  File "/opt/ros/kinetic/lib/python2.7/dist-packages/genpy/message.py", line 385, in _check_types
    raise SerializationError(str(exc))
SerializationError: <class 'struct.error'>: 'required argument is not a float' when writing '0'

[rosout][ERROR] 2025-03-27 14:39:12,218: bad callback: <bound method SonarProcessor.sonar_callback of <__main__.SonarProcessor instance at 0x7fb7df3b41b8>>
Traceback (most recent call last):
  File "/opt/ros/kinetic/lib/python2.7/dist-packages/rospy/topics.py", line 750, in _invoke_callback
    cb(msg)
  File "sonar_get_min_dist.py", line 28, in sonar_callback
    self.back_left_min, self.back_right_min = self.process_sonar_data(data)
  File "sonar_get_min_dist.py", line 57, in process_sonar_data
    self.pub_dists(sonar_min_dist)
  File "sonar_get_min_dist.py", line 72, in pub_dists
    pub.publish(min_distances)
  File "/opt/ros/kinetic/lib/python2.7/dist-packages/rospy/topics.py", line 886, in publish
    raise ROSSerializationException(str(e))
ROSSerializationException: <class 'struct.error'>: 'required argument is not a float' when writing '0'

[rospy.topics][ERROR] 2025-03-27 14:39:12,315: Traceback (most recent call last):
  File "/opt/ros/kinetic/lib/python2.7/dist-packages/rospy/topics.py", line 882, in publish
    self.impl.publish(data)
  File "/opt/ros/kinetic/lib/python2.7/dist-packages/rospy/topics.py", line 1066, in publish
    serialize_message(b, self.seq, message)
  File "/opt/ros/kinetic/lib/python2.7/dist-packages/rospy/msg.py", line 152, in serialize_message
    msg.serialize(b)
  File "/opt/ros/kinetic/lib/python2.7/dist-packages/std_msgs/msg/_Float32MultiArray.py", line 113, in serialize
    except struct.error as se: self._check_types(struct.error("%s: '%s' when writing '%s'" % (type(se), str(se), str(locals().get('_x', self)))))
  File "/opt/ros/kinetic/lib/python2.7/dist-packages/genpy/message.py", line 385, in _check_types
    raise SerializationError(str(exc))
SerializationError: <class 'struct.error'>: 'required argument is not a float' when writing '0'

[rosout][ERROR] 2025-03-27 14:39:12,315: bad callback: <bound method SonarProcessor.sonar_callback of <__main__.SonarProcessor instance at 0x7fb7df3b41b8>>
Traceback (most recent call last):
  File "/opt/ros/kinetic/lib/python2.7/dist-packages/rospy/topics.py", line 750, in _invoke_callback
    cb(msg)
  File "sonar_get_min_dist.py", line 28, in sonar_callback
    self.back_left_min, self.back_right_min = self.process_sonar_data(data)
  File "sonar_get_min_dist.py", line 57, in process_sonar_data
    self.pub_dists(sonar_min_dist)
  File "sonar_get_min_dist.py", line 72, in pub_dists
    pub.publish(min_distances)
  File "/opt/ros/kinetic/lib/python2.7/dist-packages/rospy/topics.py", line 886, in publish
    raise ROSSerializationException(str(e))
ROSSerializationException: <class 'struct.error'>: 'required argument is not a float' when writing '0'

[rospy.topics][ERROR] 2025-03-27 14:39:12,418: Traceback (most recent call last):
  File "/opt/ros/kinetic/lib/python2.7/dist-packages/rospy/topics.py", line 882, in publish
    self.impl.publish(data)
  File "/opt/ros/kinetic/lib/python2.7/dist-packages/rospy/topics.py", line 1066, in publish
    serialize_message(b, self.seq, message)
  File "/opt/ros/kinetic/lib/python2.7/dist-packages/rospy/msg.py", line 152, in serialize_message
    msg.serialize(b)
  File "/opt/ros/kinetic/lib/python2.7/dist-packages/std_msgs/msg/_Float32MultiArray.py", line 113, in serialize
    except struct.error as se: self._check_types(struct.error("%s: '%s' when writing '%s'" % (type(se), str(se), str(locals().get('_x', self)))))
  File "/opt/ros/kinetic/lib/python2.7/dist-packages/genpy/message.py", line 385, in _check_types
    raise SerializationError(str(exc))
SerializationError: <class 'struct.error'>: 'required argument is not a float' when writing '0'

[rosout][ERROR] 2025-03-27 14:39:12,419: bad callback: <bound method SonarProcessor.sonar_callback of <__main__.SonarProcessor instance at 0x7fb7df3b41b8>>
Traceback (most recent call last):
  File "/opt/ros/kinetic/lib/python2.7/dist-packages/rospy/topics.py", line 750, in _invoke_callback
    cb(msg)
  File "sonar_get_min_dist.py", line 28, in sonar_callback
    self.back_left_min, self.back_right_min = self.process_sonar_data(data)
  File "sonar_get_min_dist.py", line 57, in process_sonar_data
    self.pub_dists(sonar_min_dist)
  File "sonar_get_min_dist.py", line 72, in pub_dists
    pub.publish(min_distances)
  File "/opt/ros/kinetic/lib/python2.7/dist-packages/rospy/topics.py", line 886, in publish
    raise ROSSerializationException(str(e))
ROSSerializationException: <class 'struct.error'>: 'required argument is not a float' when writing '0'

[rospy.topics][ERROR] 2025-03-27 14:39:12,515: Traceback (most recent call last):
  File "/opt/ros/kinetic/lib/python2.7/dist-packages/rospy/topics.py", line 882, in publish
    self.impl.publish(data)
  File "/opt/ros/kinetic/lib/python2.7/dist-packages/rospy/topics.py", line 1066, in publish
    serialize_message(b, self.seq, message)
  File "/opt/ros/kinetic/lib/python2.7/dist-packages/rospy/msg.py", line 152, in serialize_message
    msg.serialize(b)
  File "/opt/ros/kinetic/lib/python2.7/dist-packages/std_msgs/msg/_Float32MultiArray.py", line 113, in serialize
    except struct.error as se: self._check_types(struct.error("%s: '%s' when writing '%s'" % (type(se), str(se), str(locals().get('_x', self)))))
  File "/opt/ros/kinetic/lib/python2.7/dist-packages/genpy/message.py", line 385, in _check_types
    raise SerializationError(str(exc))
SerializationError: <class 'struct.error'>: 'required argument is not a float' when writing '0'

[rosout][ERROR] 2025-03-27 14:39:12,515: bad callback: <bound method SonarProcessor.sonar_callback of <__main__.SonarProcessor instance at 0x7fb7df3b41b8>>
Traceback (most recent call last):
  File "/opt/ros/kinetic/lib/python2.7/dist-packages/rospy/topics.py", line 750, in _invoke_callback
    cb(msg)
  File "sonar_get_min_dist.py", line 28, in sonar_callback
    self.back_left_min, self.back_right_min = self.process_sonar_data(data)
  File "sonar_get_min_dist.py", line 57, in process_sonar_data
    self.pub_dists(sonar_min_dist)
  File "sonar_get_min_dist.py", line 72, in pub_dists
    pub.publish(min_distances)
  File "/opt/ros/kinetic/lib/python2.7/dist-packages/rospy/topics.py", line 886, in publish
    raise ROSSerializationException(str(e))
ROSSerializationException: <class 'struct.error'>: 'required argument is not a float' when writing '0'

[rospy.topics][ERROR] 2025-03-27 14:39:12,618: Traceback (most recent call last):
  File "/opt/ros/kinetic/lib/python2.7/dist-packages/rospy/topics.py", line 882, in publish
    self.impl.publish(data)
  File "/opt/ros/kinetic/lib/python2.7/dist-packages/rospy/topics.py", line 1066, in publish
    serialize_message(b, self.seq, message)
  File "/opt/ros/kinetic/lib/python2.7/dist-packages/rospy/msg.py", line 152, in serialize_message
    msg.serialize(b)
  File "/opt/ros/kinetic/lib/python2.7/dist-packages/std_msgs/msg/_Float32MultiArray.py", line 113, in serialize
    except struct.error as se: self._check_types(struct.error("%s: '%s' when writing '%s'" % (type(se), str(se), str(locals().get('_x', self)))))
  File "/opt/ros/kinetic/lib/python2.7/dist-packages/genpy/message.py", line 385, in _check_types
    raise SerializationError(str(exc))
SerializationError: <class 'struct.error'>: 'required argument is not a float' when writing '0'

[rosout][ERROR] 2025-03-27 14:39:12,619: bad callback: <bound method SonarProcessor.sonar_callback of <__main__.SonarProcessor instance at 0x7fb7df3b41b8>>
Traceback (most recent call last):
  File "/opt/ros/kinetic/lib/python2.7/dist-packages/rospy/topics.py", line 750, in _invoke_callback
    cb(msg)
  File "sonar_get_min_dist.py", line 28, in sonar_callback
    self.back_left_min, self.back_right_min = self.process_sonar_data(data)
  File "sonar_get_min_dist.py", line 57, in process_sonar_data
    self.pub_dists(sonar_min_dist)
  File "sonar_get_min_dist.py", line 72, in pub_dists
    pub.publish(min_distances)
  File "/opt/ros/kinetic/lib/python2.7/dist-packages/rospy/topics.py", line 886, in publish
    raise ROSSerializationException(str(e))
ROSSerializationException: <class 'struct.error'>: 'required argument is not a float' when writing '0'

[rospy.topics][ERROR] 2025-03-27 14:39:12,715: Traceback (most recent call last):
  File "/opt/ros/kinetic/lib/python2.7/dist-packages/rospy/topics.py", line 882, in publish
    self.impl.publish(data)
  File "/opt/ros/kinetic/lib/python2.7/dist-packages/rospy/topics.py", line 1066, in publish
    serialize_message(b, self.seq, message)
  File "/opt/ros/kinetic/lib/python2.7/dist-packages/rospy/msg.py", line 152, in serialize_message
    msg.serialize(b)
  File "/opt/ros/kinetic/lib/python2.7/dist-packages/std_msgs/msg/_Float32MultiArray.py", line 113, in serialize
    except struct.error as se: self._check_types(struct.error("%s: '%s' when writing '%s'" % (type(se), str(se), str(locals().get('_x', self)))))
  File "/opt/ros/kinetic/lib/python2.7/dist-packages/genpy/message.py", line 385, in _check_types
    raise SerializationError(str(exc))
SerializationError: <class 'struct.error'>: 'required argument is not a float' when writing '0'

[rosout][ERROR] 2025-03-27 14:39:12,715: bad callback: <bound method SonarProcessor.sonar_callback of <__main__.SonarProcessor instance at 0x7fb7df3b41b8>>
Traceback (most recent call last):
  File "/opt/ros/kinetic/lib/python2.7/dist-packages/rospy/topics.py", line 750, in _invoke_callback
    cb(msg)
  File "sonar_get_min_dist.py", line 28, in sonar_callback
    self.back_left_min, self.back_right_min = self.process_sonar_data(data)
  File "sonar_get_min_dist.py", line 57, in process_sonar_data
    self.pub_dists(sonar_min_dist)
  File "sonar_get_min_dist.py", line 72, in pub_dists
    pub.publish(min_distances)
  File "/opt/ros/kinetic/lib/python2.7/dist-packages/rospy/topics.py", line 886, in publish
    raise ROSSerializationException(str(e))
ROSSerializationException: <class 'struct.error'>: 'required argument is not a float' when writing '0'

[rospy.topics][ERROR] 2025-03-27 14:39:12,818: Traceback (most recent call last):
  File "/opt/ros/kinetic/lib/python2.7/dist-packages/rospy/topics.py", line 882, in publish
    self.impl.publish(data)
  File "/opt/ros/kinetic/lib/python2.7/dist-packages/rospy/topics.py", line 1066, in publish
    serialize_message(b, self.seq, message)
  File "/opt/ros/kinetic/lib/python2.7/dist-packages/rospy/msg.py", line 152, in serialize_message
    msg.serialize(b)
  File "/opt/ros/kinetic/lib/python2.7/dist-packages/std_msgs/msg/_Float32MultiArray.py", line 113, in serialize
    except struct.error as se: self._check_types(struct.error("%s: '%s' when writing '%s'" % (type(se), str(se), str(locals().get('_x', self)))))
  File "/opt/ros/kinetic/lib/python2.7/dist-packages/genpy/message.py", line 385, in _check_types
    raise SerializationError(str(exc))
SerializationError: <class 'struct.error'>: 'required argument is not a float' when writing '0'

[rosout][ERROR] 2025-03-27 14:39:12,819: bad callback: <bound method SonarProcessor.sonar_callback of <__main__.SonarProcessor instance at 0x7fb7df3b41b8>>
Traceback (most recent call last):
  File "/opt/ros/kinetic/lib/python2.7/dist-packages/rospy/topics.py", line 750, in _invoke_callback
    cb(msg)
  File "sonar_get_min_dist.py", line 28, in sonar_callback
    self.back_left_min, self.back_right_min = self.process_sonar_data(data)
  File "sonar_get_min_dist.py", line 57, in process_sonar_data
    self.pub_dists(sonar_min_dist)
  File "sonar_get_min_dist.py", line 72, in pub_dists
    pub.publish(min_distances)
  File "/opt/ros/kinetic/lib/python2.7/dist-packages/rospy/topics.py", line 886, in publish
    raise ROSSerializationException(str(e))
ROSSerializationException: <class 'struct.error'>: 'required argument is not a float' when writing '0'

[rospy.topics][ERROR] 2025-03-27 14:39:12,915: Traceback (most recent call last):
  File "/opt/ros/kinetic/lib/python2.7/dist-packages/rospy/topics.py", line 882, in publish
    self.impl.publish(data)
  File "/opt/ros/kinetic/lib/python2.7/dist-packages/rospy/topics.py", line 1066, in publish
    serialize_message(b, self.seq, message)
  File "/opt/ros/kinetic/lib/python2.7/dist-packages/rospy/msg.py", line 152, in serialize_message
    msg.serialize(b)
  File "/opt/ros/kinetic/lib/python2.7/dist-packages/std_msgs/msg/_Float32MultiArray.py", line 113, in serialize
    except struct.error as se: self._check_types(struct.error("%s: '%s' when writing '%s'" % (type(se), str(se), str(locals().get('_x', self)))))
  File "/opt/ros/kinetic/lib/python2.7/dist-packages/genpy/message.py", line 385, in _check_types
    raise SerializationError(str(exc))
SerializationError: <class 'struct.error'>: 'required argument is not a float' when writing '0'

[rosout][ERROR] 2025-03-27 14:39:12,916: bad callback: <bound method SonarProcessor.sonar_callback of <__main__.SonarProcessor instance at 0x7fb7df3b41b8>>
Traceback (most recent call last):
  File "/opt/ros/kinetic/lib/python2.7/dist-packages/rospy/topics.py", line 750, in _invoke_callback
    cb(msg)
  File "sonar_get_min_dist.py", line 28, in sonar_callback
    self.back_left_min, self.back_right_min = self.process_sonar_data(data)
  File "sonar_get_min_dist.py", line 57, in process_sonar_data
    self.pub_dists(sonar_min_dist)
  File "sonar_get_min_dist.py", line 72, in pub_dists
    pub.publish(min_distances)
  File "/opt/ros/kinetic/lib/python2.7/dist-packages/rospy/topics.py", line 886, in publish
    raise ROSSerializationException(str(e))
ROSSerializationException: <class 'struct.error'>: 'required argument is not a float' when writing '0'

[rospy.topics][ERROR] 2025-03-27 14:39:13,018: Traceback (most recent call last):
  File "/opt/ros/kinetic/lib/python2.7/dist-packages/rospy/topics.py", line 882, in publish
    self.impl.publish(data)
  File "/opt/ros/kinetic/lib/python2.7/dist-packages/rospy/topics.py", line 1066, in publish
    serialize_message(b, self.seq, message)
  File "/opt/ros/kinetic/lib/python2.7/dist-packages/rospy/msg.py", line 152, in serialize_message
    msg.serialize(b)
  File "/opt/ros/kinetic/lib/python2.7/dist-packages/std_msgs/msg/_Float32MultiArray.py", line 113, in serialize
    except struct.error as se: self._check_types(struct.error("%s: '%s' when writing '%s'" % (type(se), str(se), str(locals().get('_x', self)))))
  File "/opt/ros/kinetic/lib/python2.7/dist-packages/genpy/message.py", line 385, in _check_types
    raise SerializationError(str(exc))
SerializationError: <class 'struct.error'>: 'required argument is not a float' when writing '0'

[rosout][ERROR] 2025-03-27 14:39:13,019: bad callback: <bound method SonarProcessor.sonar_callback of <__main__.SonarProcessor instance at 0x7fb7df3b41b8>>
Traceback (most recent call last):
  File "/opt/ros/kinetic/lib/python2.7/dist-packages/rospy/topics.py", line 750, in _invoke_callback
    cb(msg)
  File "sonar_get_min_dist.py", line 28, in sonar_callback
    self.back_left_min, self.back_right_min = self.process_sonar_data(data)
  File "sonar_get_min_dist.py", line 57, in process_sonar_data
    self.pub_dists(sonar_min_dist)
  File "sonar_get_min_dist.py", line 72, in pub_dists
    pub.publish(min_distances)
  File "/opt/ros/kinetic/lib/python2.7/dist-packages/rospy/topics.py", line 886, in publish
    raise ROSSerializationException(str(e))
ROSSerializationException: <class 'struct.error'>: 'required argument is not a float' when writing '0'

[rospy.topics][ERROR] 2025-03-27 14:39:13,115: Traceback (most recent call last):
  File "/opt/ros/kinetic/lib/python2.7/dist-packages/rospy/topics.py", line 882, in publish
    self.impl.publish(data)
  File "/opt/ros/kinetic/lib/python2.7/dist-packages/rospy/topics.py", line 1066, in publish
    serialize_message(b, self.seq, message)
  File "/opt/ros/kinetic/lib/python2.7/dist-packages/rospy/msg.py", line 152, in serialize_message
    msg.serialize(b)
  File "/opt/ros/kinetic/lib/python2.7/dist-packages/std_msgs/msg/_Float32MultiArray.py", line 113, in serialize
    except struct.error as se: self._check_types(struct.error("%s: '%s' when writing '%s'" % (type(se), str(se), str(locals().get('_x', self)))))
  File "/opt/ros/kinetic/lib/python2.7/dist-packages/genpy/message.py", line 385, in _check_types
    raise SerializationError(str(exc))
SerializationError: <class 'struct.error'>: 'required argument is not a float' when writing '0'

[rosout][ERROR] 2025-03-27 14:39:13,116: bad callback: <bound method SonarProcessor.sonar_callback of <__main__.SonarProcessor instance at 0x7fb7df3b41b8>>
Traceback (most recent call last):
  File "/opt/ros/kinetic/lib/python2.7/dist-packages/rospy/topics.py", line 750, in _invoke_callback
    cb(msg)
  File "sonar_get_min_dist.py", line 28, in sonar_callback
    self.back_left_min, self.back_right_min = self.process_sonar_data(data)
  File "sonar_get_min_dist.py", line 57, in process_sonar_data
    self.pub_dists(sonar_min_dist)
  File "sonar_get_min_dist.py", line 72, in pub_dists
    pub.publish(min_distances)
  File "/opt/ros/kinetic/lib/python2.7/dist-packages/rospy/topics.py", line 886, in publish
    raise ROSSerializationException(str(e))
ROSSerializationException: <class 'struct.error'>: 'required argument is not a float' when writing '0'

[rospy.topics][ERROR] 2025-03-27 14:39:13,218: Traceback (most recent call last):
  File "/opt/ros/kinetic/lib/python2.7/dist-packages/rospy/topics.py", line 882, in publish
    self.impl.publish(data)
  File "/opt/ros/kinetic/lib/python2.7/dist-packages/rospy/topics.py", line 1066, in publish
    serialize_message(b, self.seq, message)
  File "/opt/ros/kinetic/lib/python2.7/dist-packages/rospy/msg.py", line 152, in serialize_message
    msg.serialize(b)
  File "/opt/ros/kinetic/lib/python2.7/dist-packages/std_msgs/msg/_Float32MultiArray.py", line 113, in serialize
    except struct.error as se: self._check_types(struct.error("%s: '%s' when writing '%s'" % (type(se), str(se), str(locals().get('_x', self)))))
  File "/opt/ros/kinetic/lib/python2.7/dist-packages/genpy/message.py", line 385, in _check_types
    raise SerializationError(str(exc))
SerializationError: <class 'struct.error'>: 'required argument is not a float' when writing '0'

[rosout][ERROR] 2025-03-27 14:39:13,219: bad callback: <bound method SonarProcessor.sonar_callback of <__main__.SonarProcessor instance at 0x7fb7df3b41b8>>
Traceback (most recent call last):
  File "/opt/ros/kinetic/lib/python2.7/dist-packages/rospy/topics.py", line 750, in _invoke_callback
    cb(msg)
  File "sonar_get_min_dist.py", line 28, in sonar_callback
    self.back_left_min, self.back_right_min = self.process_sonar_data(data)
  File "sonar_get_min_dist.py", line 57, in process_sonar_data
    self.pub_dists(sonar_min_dist)
  File "sonar_get_min_dist.py", line 72, in pub_dists
    pub.publish(min_distances)
  File "/opt/ros/kinetic/lib/python2.7/dist-packages/rospy/topics.py", line 886, in publish
    raise ROSSerializationException(str(e))
ROSSerializationException: <class 'struct.error'>: 'required argument is not a float' when writing '0'

[rospy.topics][ERROR] 2025-03-27 14:39:13,315: Traceback (most recent call last):
  File "/opt/ros/kinetic/lib/python2.7/dist-packages/rospy/topics.py", line 882, in publish
    self.impl.publish(data)
  File "/opt/ros/kinetic/lib/python2.7/dist-packages/rospy/topics.py", line 1066, in publish
    serialize_message(b, self.seq, message)
  File "/opt/ros/kinetic/lib/python2.7/dist-packages/rospy/msg.py", line 152, in serialize_message
    msg.serialize(b)
  File "/opt/ros/kinetic/lib/python2.7/dist-packages/std_msgs/msg/_Float32MultiArray.py", line 113, in serialize
    except struct.error as se: self._check_types(struct.error("%s: '%s' when writing '%s'" % (type(se), str(se), str(locals().get('_x', self)))))
  File "/opt/ros/kinetic/lib/python2.7/dist-packages/genpy/message.py", line 385, in _check_types
    raise SerializationError(str(exc))
SerializationError: <class 'struct.error'>: 'required argument is not a float' when writing '0'

[rosout][ERROR] 2025-03-27 14:39:13,316: bad callback: <bound method SonarProcessor.sonar_callback of <__main__.SonarProcessor instance at 0x7fb7df3b41b8>>
Traceback (most recent call last):
  File "/opt/ros/kinetic/lib/python2.7/dist-packages/rospy/topics.py", line 750, in _invoke_callback
    cb(msg)
  File "sonar_get_min_dist.py", line 28, in sonar_callback
    self.back_left_min, self.back_right_min = self.process_sonar_data(data)
  File "sonar_get_min_dist.py", line 57, in process_sonar_data
    self.pub_dists(sonar_min_dist)
  File "sonar_get_min_dist.py", line 72, in pub_dists
    pub.publish(min_distances)
  File "/opt/ros/kinetic/lib/python2.7/dist-packages/rospy/topics.py", line 886, in publish
    raise ROSSerializationException(str(e))
ROSSerializationException: <class 'struct.error'>: 'required argument is not a float' when writing '0'

[rospy.topics][ERROR] 2025-03-27 14:39:13,418: Traceback (most recent call last):
  File "/opt/ros/kinetic/lib/python2.7/dist-packages/rospy/topics.py", line 882, in publish
    self.impl.publish(data)
  File "/opt/ros/kinetic/lib/python2.7/dist-packages/rospy/topics.py", line 1066, in publish
    serialize_message(b, self.seq, message)
  File "/opt/ros/kinetic/lib/python2.7/dist-packages/rospy/msg.py", line 152, in serialize_message
    msg.serialize(b)
  File "/opt/ros/kinetic/lib/python2.7/dist-packages/std_msgs/msg/_Float32MultiArray.py", line 113, in serialize
    except struct.error as se: self._check_types(struct.error("%s: '%s' when writing '%s'" % (type(se), str(se), str(locals().get('_x', self)))))
  File "/opt/ros/kinetic/lib/python2.7/dist-packages/genpy/message.py", line 385, in _check_types
    raise SerializationError(str(exc))
SerializationError: <class 'struct.error'>: 'required argument is not a float' when writing '0'

[rosout][ERROR] 2025-03-27 14:39:13,419: bad callback: <bound method SonarProcessor.sonar_callback of <__main__.SonarProcessor instance at 0x7fb7df3b41b8>>
Traceback (most recent call last):
  File "/opt/ros/kinetic/lib/python2.7/dist-packages/rospy/topics.py", line 750, in _invoke_callback
    cb(msg)
  File "sonar_get_min_dist.py", line 28, in sonar_callback
    self.back_left_min, self.back_right_min = self.process_sonar_data(data)
  File "sonar_get_min_dist.py", line 57, in process_sonar_data
    self.pub_dists(sonar_min_dist)
  File "sonar_get_min_dist.py", line 72, in pub_dists
    pub.publish(min_distances)
  File "/opt/ros/kinetic/lib/python2.7/dist-packages/rospy/topics.py", line 886, in publish
    raise ROSSerializationException(str(e))
ROSSerializationException: <class 'struct.error'>: 'required argument is not a float' when writing '0'

[rospy.topics][ERROR] 2025-03-27 14:39:13,515: Traceback (most recent call last):
  File "/opt/ros/kinetic/lib/python2.7/dist-packages/rospy/topics.py", line 882, in publish
    self.impl.publish(data)
  File "/opt/ros/kinetic/lib/python2.7/dist-packages/rospy/topics.py", line 1066, in publish
    serialize_message(b, self.seq, message)
  File "/opt/ros/kinetic/lib/python2.7/dist-packages/rospy/msg.py", line 152, in serialize_message
    msg.serialize(b)
  File "/opt/ros/kinetic/lib/python2.7/dist-packages/std_msgs/msg/_Float32MultiArray.py", line 113, in serialize
    except struct.error as se: self._check_types(struct.error("%s: '%s' when writing '%s'" % (type(se), str(se), str(locals().get('_x', self)))))
  File "/opt/ros/kinetic/lib/python2.7/dist-packages/genpy/message.py", line 385, in _check_types
    raise SerializationError(str(exc))
SerializationError: <class 'struct.error'>: 'required argument is not a float' when writing '0'

[rosout][ERROR] 2025-03-27 14:39:13,516: bad callback: <bound method SonarProcessor.sonar_callback of <__main__.SonarProcessor instance at 0x7fb7df3b41b8>>
Traceback (most recent call last):
  File "/opt/ros/kinetic/lib/python2.7/dist-packages/rospy/topics.py", line 750, in _invoke_callback
    cb(msg)
  File "sonar_get_min_dist.py", line 28, in sonar_callback
    self.back_left_min, self.back_right_min = self.process_sonar_data(data)
  File "sonar_get_min_dist.py", line 57, in process_sonar_data
    self.pub_dists(sonar_min_dist)
  File "sonar_get_min_dist.py", line 72, in pub_dists
    pub.publish(min_distances)
  File "/opt/ros/kinetic/lib/python2.7/dist-packages/rospy/topics.py", line 886, in publish
    raise ROSSerializationException(str(e))
ROSSerializationException: <class 'struct.error'>: 'required argument is not a float' when writing '0'

[rospy.topics][ERROR] 2025-03-27 14:39:13,618: Traceback (most recent call last):
  File "/opt/ros/kinetic/lib/python2.7/dist-packages/rospy/topics.py", line 882, in publish
    self.impl.publish(data)
  File "/opt/ros/kinetic/lib/python2.7/dist-packages/rospy/topics.py", line 1066, in publish
    serialize_message(b, self.seq, message)
  File "/opt/ros/kinetic/lib/python2.7/dist-packages/rospy/msg.py", line 152, in serialize_message
    msg.serialize(b)
  File "/opt/ros/kinetic/lib/python2.7/dist-packages/std_msgs/msg/_Float32MultiArray.py", line 113, in serialize
    except struct.error as se: self._check_types(struct.error("%s: '%s' when writing '%s'" % (type(se), str(se), str(locals().get('_x', self)))))
  File "/opt/ros/kinetic/lib/python2.7/dist-packages/genpy/message.py", line 385, in _check_types
    raise SerializationError(str(exc))
SerializationError: <class 'struct.error'>: 'required argument is not a float' when writing '0'

[rosout][ERROR] 2025-03-27 14:39:13,619: bad callback: <bound method SonarProcessor.sonar_callback of <__main__.SonarProcessor instance at 0x7fb7df3b41b8>>
Traceback (most recent call last):
  File "/opt/ros/kinetic/lib/python2.7/dist-packages/rospy/topics.py", line 750, in _invoke_callback
    cb(msg)
  File "sonar_get_min_dist.py", line 28, in sonar_callback
    self.back_left_min, self.back_right_min = self.process_sonar_data(data)
  File "sonar_get_min_dist.py", line 57, in process_sonar_data
    self.pub_dists(sonar_min_dist)
  File "sonar_get_min_dist.py", line 72, in pub_dists
    pub.publish(min_distances)
  File "/opt/ros/kinetic/lib/python2.7/dist-packages/rospy/topics.py", line 886, in publish
    raise ROSSerializationException(str(e))
ROSSerializationException: <class 'struct.error'>: 'required argument is not a float' when writing '0'

[rospy.topics][ERROR] 2025-03-27 14:39:13,715: Traceback (most recent call last):
  File "/opt/ros/kinetic/lib/python2.7/dist-packages/rospy/topics.py", line 882, in publish
    self.impl.publish(data)
  File "/opt/ros/kinetic/lib/python2.7/dist-packages/rospy/topics.py", line 1066, in publish
    serialize_message(b, self.seq, message)
  File "/opt/ros/kinetic/lib/python2.7/dist-packages/rospy/msg.py", line 152, in serialize_message
    msg.serialize(b)
  File "/opt/ros/kinetic/lib/python2.7/dist-packages/std_msgs/msg/_Float32MultiArray.py", line 113, in serialize
    except struct.error as se: self._check_types(struct.error("%s: '%s' when writing '%s'" % (type(se), str(se), str(locals().get('_x', self)))))
  File "/opt/ros/kinetic/lib/python2.7/dist-packages/genpy/message.py", line 385, in _check_types
    raise SerializationError(str(exc))
SerializationError: <class 'struct.error'>: 'required argument is not a float' when writing '0'

[rosout][ERROR] 2025-03-27 14:39:13,716: bad callback: <bound method SonarProcessor.sonar_callback of <__main__.SonarProcessor instance at 0x7fb7df3b41b8>>
Traceback (most recent call last):
  File "/opt/ros/kinetic/lib/python2.7/dist-packages/rospy/topics.py", line 750, in _invoke_callback
    cb(msg)
  File "sonar_get_min_dist.py", line 28, in sonar_callback
    self.back_left_min, self.back_right_min = self.process_sonar_data(data)
  File "sonar_get_min_dist.py", line 57, in process_sonar_data
    self.pub_dists(sonar_min_dist)
  File "sonar_get_min_dist.py", line 72, in pub_dists
    pub.publish(min_distances)
  File "/opt/ros/kinetic/lib/python2.7/dist-packages/rospy/topics.py", line 886, in publish
    raise ROSSerializationException(str(e))
ROSSerializationException: <class 'struct.error'>: 'required argument is not a float' when writing '0'

[rospy.topics][ERROR] 2025-03-27 14:39:13,819: Traceback (most recent call last):
  File "/opt/ros/kinetic/lib/python2.7/dist-packages/rospy/topics.py", line 882, in publish
    self.impl.publish(data)
  File "/opt/ros/kinetic/lib/python2.7/dist-packages/rospy/topics.py", line 1066, in publish
    serialize_message(b, self.seq, message)
  File "/opt/ros/kinetic/lib/python2.7/dist-packages/rospy/msg.py", line 152, in serialize_message
    msg.serialize(b)
  File "/opt/ros/kinetic/lib/python2.7/dist-packages/std_msgs/msg/_Float32MultiArray.py", line 113, in serialize
    except struct.error as se: self._check_types(struct.error("%s: '%s' when writing '%s'" % (type(se), str(se), str(locals().get('_x', self)))))
  File "/opt/ros/kinetic/lib/python2.7/dist-packages/genpy/message.py", line 385, in _check_types
    raise SerializationError(str(exc))
SerializationError: <class 'struct.error'>: 'required argument is not a float' when writing '0'

[rosout][ERROR] 2025-03-27 14:39:13,819: bad callback: <bound method SonarProcessor.sonar_callback of <__main__.SonarProcessor instance at 0x7fb7df3b41b8>>
Traceback (most recent call last):
  File "/opt/ros/kinetic/lib/python2.7/dist-packages/rospy/topics.py", line 750, in _invoke_callback
    cb(msg)
  File "sonar_get_min_dist.py", line 28, in sonar_callback
    self.back_left_min, self.back_right_min = self.process_sonar_data(data)
  File "sonar_get_min_dist.py", line 57, in process_sonar_data
    self.pub_dists(sonar_min_dist)
  File "sonar_get_min_dist.py", line 72, in pub_dists
    pub.publish(min_distances)
  File "/opt/ros/kinetic/lib/python2.7/dist-packages/rospy/topics.py", line 886, in publish
    raise ROSSerializationException(str(e))
ROSSerializationException: <class 'struct.error'>: 'required argument is not a float' when writing '0'

[rospy.topics][ERROR] 2025-03-27 14:39:13,916: Traceback (most recent call last):
  File "/opt/ros/kinetic/lib/python2.7/dist-packages/rospy/topics.py", line 882, in publish
    self.impl.publish(data)
  File "/opt/ros/kinetic/lib/python2.7/dist-packages/rospy/topics.py", line 1066, in publish
    serialize_message(b, self.seq, message)
  File "/opt/ros/kinetic/lib/python2.7/dist-packages/rospy/msg.py", line 152, in serialize_message
    msg.serialize(b)
  File "/opt/ros/kinetic/lib/python2.7/dist-packages/std_msgs/msg/_Float32MultiArray.py", line 113, in serialize
    except struct.error as se: self._check_types(struct.error("%s: '%s' when writing '%s'" % (type(se), str(se), str(locals().get('_x', self)))))
  File "/opt/ros/kinetic/lib/python2.7/dist-packages/genpy/message.py", line 385, in _check_types
    raise SerializationError(str(exc))
SerializationError: <class 'struct.error'>: 'required argument is not a float' when writing '0'

[rosout][ERROR] 2025-03-27 14:39:13,916: bad callback: <bound method SonarProcessor.sonar_callback of <__main__.SonarProcessor instance at 0x7fb7df3b41b8>>
Traceback (most recent call last):
  File "/opt/ros/kinetic/lib/python2.7/dist-packages/rospy/topics.py", line 750, in _invoke_callback
    cb(msg)
  File "sonar_get_min_dist.py", line 28, in sonar_callback
    self.back_left_min, self.back_right_min = self.process_sonar_data(data)
  File "sonar_get_min_dist.py", line 57, in process_sonar_data
    self.pub_dists(sonar_min_dist)
  File "sonar_get_min_dist.py", line 72, in pub_dists
    pub.publish(min_distances)
  File "/opt/ros/kinetic/lib/python2.7/dist-packages/rospy/topics.py", line 886, in publish
    raise ROSSerializationException(str(e))
ROSSerializationException: <class 'struct.error'>: 'required argument is not a float' when writing '0'

[rospy.topics][ERROR] 2025-03-27 14:39:14,019: Traceback (most recent call last):
  File "/opt/ros/kinetic/lib/python2.7/dist-packages/rospy/topics.py", line 882, in publish
    self.impl.publish(data)
  File "/opt/ros/kinetic/lib/python2.7/dist-packages/rospy/topics.py", line 1066, in publish
    serialize_message(b, self.seq, message)
  File "/opt/ros/kinetic/lib/python2.7/dist-packages/rospy/msg.py", line 152, in serialize_message
    msg.serialize(b)
  File "/opt/ros/kinetic/lib/python2.7/dist-packages/std_msgs/msg/_Float32MultiArray.py", line 113, in serialize
    except struct.error as se: self._check_types(struct.error("%s: '%s' when writing '%s'" % (type(se), str(se), str(locals().get('_x', self)))))
  File "/opt/ros/kinetic/lib/python2.7/dist-packages/genpy/message.py", line 385, in _check_types
    raise SerializationError(str(exc))
SerializationError: <class 'struct.error'>: 'required argument is not a float' when writing '0'

[rosout][ERROR] 2025-03-27 14:39:14,019: bad callback: <bound method SonarProcessor.sonar_callback of <__main__.SonarProcessor instance at 0x7fb7df3b41b8>>
Traceback (most recent call last):
  File "/opt/ros/kinetic/lib/python2.7/dist-packages/rospy/topics.py", line 750, in _invoke_callback
    cb(msg)
  File "sonar_get_min_dist.py", line 28, in sonar_callback
    self.back_left_min, self.back_right_min = self.process_sonar_data(data)
  File "sonar_get_min_dist.py", line 57, in process_sonar_data
    self.pub_dists(sonar_min_dist)
  File "sonar_get_min_dist.py", line 72, in pub_dists
    pub.publish(min_distances)
  File "/opt/ros/kinetic/lib/python2.7/dist-packages/rospy/topics.py", line 886, in publish
    raise ROSSerializationException(str(e))
ROSSerializationException: <class 'struct.error'>: 'required argument is not a float' when writing '0'

[rospy.topics][ERROR] 2025-03-27 14:39:14,116: Traceback (most recent call last):
  File "/opt/ros/kinetic/lib/python2.7/dist-packages/rospy/topics.py", line 882, in publish
    self.impl.publish(data)
  File "/opt/ros/kinetic/lib/python2.7/dist-packages/rospy/topics.py", line 1066, in publish
    serialize_message(b, self.seq, message)
  File "/opt/ros/kinetic/lib/python2.7/dist-packages/rospy/msg.py", line 152, in serialize_message
    msg.serialize(b)
  File "/opt/ros/kinetic/lib/python2.7/dist-packages/std_msgs/msg/_Float32MultiArray.py", line 113, in serialize
    except struct.error as se: self._check_types(struct.error("%s: '%s' when writing '%s'" % (type(se), str(se), str(locals().get('_x', self)))))
  File "/opt/ros/kinetic/lib/python2.7/dist-packages/genpy/message.py", line 385, in _check_types
    raise SerializationError(str(exc))
SerializationError: <class 'struct.error'>: 'required argument is not a float' when writing '0'

[rosout][ERROR] 2025-03-27 14:39:14,116: bad callback: <bound method SonarProcessor.sonar_callback of <__main__.SonarProcessor instance at 0x7fb7df3b41b8>>
Traceback (most recent call last):
  File "/opt/ros/kinetic/lib/python2.7/dist-packages/rospy/topics.py", line 750, in _invoke_callback
    cb(msg)
  File "sonar_get_min_dist.py", line 28, in sonar_callback
    self.back_left_min, self.back_right_min = self.process_sonar_data(data)
  File "sonar_get_min_dist.py", line 57, in process_sonar_data
    self.pub_dists(sonar_min_dist)
  File "sonar_get_min_dist.py", line 72, in pub_dists
    pub.publish(min_distances)
  File "/opt/ros/kinetic/lib/python2.7/dist-packages/rospy/topics.py", line 886, in publish
    raise ROSSerializationException(str(e))
ROSSerializationException: <class 'struct.error'>: 'required argument is not a float' when writing '0'

[rospy.topics][ERROR] 2025-03-27 14:39:14,219: Traceback (most recent call last):
  File "/opt/ros/kinetic/lib/python2.7/dist-packages/rospy/topics.py", line 882, in publish
    self.impl.publish(data)
  File "/opt/ros/kinetic/lib/python2.7/dist-packages/rospy/topics.py", line 1066, in publish
    serialize_message(b, self.seq, message)
  File "/opt/ros/kinetic/lib/python2.7/dist-packages/rospy/msg.py", line 152, in serialize_message
    msg.serialize(b)
  File "/opt/ros/kinetic/lib/python2.7/dist-packages/std_msgs/msg/_Float32MultiArray.py", line 113, in serialize
    except struct.error as se: self._check_types(struct.error("%s: '%s' when writing '%s'" % (type(se), str(se), str(locals().get('_x', self)))))
  File "/opt/ros/kinetic/lib/python2.7/dist-packages/genpy/message.py", line 385, in _check_types
    raise SerializationError(str(exc))
SerializationError: <class 'struct.error'>: 'required argument is not a float' when writing '0'

[rosout][ERROR] 2025-03-27 14:39:14,219: bad callback: <bound method SonarProcessor.sonar_callback of <__main__.SonarProcessor instance at 0x7fb7df3b41b8>>
Traceback (most recent call last):
  File "/opt/ros/kinetic/lib/python2.7/dist-packages/rospy/topics.py", line 750, in _invoke_callback
    cb(msg)
  File "sonar_get_min_dist.py", line 28, in sonar_callback
    self.back_left_min, self.back_right_min = self.process_sonar_data(data)
  File "sonar_get_min_dist.py", line 57, in process_sonar_data
    self.pub_dists(sonar_min_dist)
  File "sonar_get_min_dist.py", line 72, in pub_dists
    pub.publish(min_distances)
  File "/opt/ros/kinetic/lib/python2.7/dist-packages/rospy/topics.py", line 886, in publish
    raise ROSSerializationException(str(e))
ROSSerializationException: <class 'struct.error'>: 'required argument is not a float' when writing '0'

[rospy.topics][ERROR] 2025-03-27 14:39:14,316: Traceback (most recent call last):
  File "/opt/ros/kinetic/lib/python2.7/dist-packages/rospy/topics.py", line 882, in publish
    self.impl.publish(data)
  File "/opt/ros/kinetic/lib/python2.7/dist-packages/rospy/topics.py", line 1066, in publish
    serialize_message(b, self.seq, message)
  File "/opt/ros/kinetic/lib/python2.7/dist-packages/rospy/msg.py", line 152, in serialize_message
    msg.serialize(b)
  File "/opt/ros/kinetic/lib/python2.7/dist-packages/std_msgs/msg/_Float32MultiArray.py", line 113, in serialize
    except struct.error as se: self._check_types(struct.error("%s: '%s' when writing '%s'" % (type(se), str(se), str(locals().get('_x', self)))))
  File "/opt/ros/kinetic/lib/python2.7/dist-packages/genpy/message.py", line 385, in _check_types
    raise SerializationError(str(exc))
SerializationError: <class 'struct.error'>: 'required argument is not a float' when writing '0'

[rosout][ERROR] 2025-03-27 14:39:14,316: bad callback: <bound method SonarProcessor.sonar_callback of <__main__.SonarProcessor instance at 0x7fb7df3b41b8>>
Traceback (most recent call last):
  File "/opt/ros/kinetic/lib/python2.7/dist-packages/rospy/topics.py", line 750, in _invoke_callback
    cb(msg)
  File "sonar_get_min_dist.py", line 28, in sonar_callback
    self.back_left_min, self.back_right_min = self.process_sonar_data(data)
  File "sonar_get_min_dist.py", line 57, in process_sonar_data
    self.pub_dists(sonar_min_dist)
  File "sonar_get_min_dist.py", line 72, in pub_dists
    pub.publish(min_distances)
  File "/opt/ros/kinetic/lib/python2.7/dist-packages/rospy/topics.py", line 886, in publish
    raise ROSSerializationException(str(e))
ROSSerializationException: <class 'struct.error'>: 'required argument is not a float' when writing '0'

[rospy.topics][ERROR] 2025-03-27 14:39:14,419: Traceback (most recent call last):
  File "/opt/ros/kinetic/lib/python2.7/dist-packages/rospy/topics.py", line 882, in publish
    self.impl.publish(data)
  File "/opt/ros/kinetic/lib/python2.7/dist-packages/rospy/topics.py", line 1066, in publish
    serialize_message(b, self.seq, message)
  File "/opt/ros/kinetic/lib/python2.7/dist-packages/rospy/msg.py", line 152, in serialize_message
    msg.serialize(b)
  File "/opt/ros/kinetic/lib/python2.7/dist-packages/std_msgs/msg/_Float32MultiArray.py", line 113, in serialize
    except struct.error as se: self._check_types(struct.error("%s: '%s' when writing '%s'" % (type(se), str(se), str(locals().get('_x', self)))))
  File "/opt/ros/kinetic/lib/python2.7/dist-packages/genpy/message.py", line 385, in _check_types
    raise SerializationError(str(exc))
SerializationError: <class 'struct.error'>: 'required argument is not a float' when writing '0'

[rosout][ERROR] 2025-03-27 14:39:14,419: bad callback: <bound method SonarProcessor.sonar_callback of <__main__.SonarProcessor instance at 0x7fb7df3b41b8>>
Traceback (most recent call last):
  File "/opt/ros/kinetic/lib/python2.7/dist-packages/rospy/topics.py", line 750, in _invoke_callback
    cb(msg)
  File "sonar_get_min_dist.py", line 28, in sonar_callback
    self.back_left_min, self.back_right_min = self.process_sonar_data(data)
  File "sonar_get_min_dist.py", line 57, in process_sonar_data
    self.pub_dists(sonar_min_dist)
  File "sonar_get_min_dist.py", line 72, in pub_dists
    pub.publish(min_distances)
  File "/opt/ros/kinetic/lib/python2.7/dist-packages/rospy/topics.py", line 886, in publish
    raise ROSSerializationException(str(e))
ROSSerializationException: <class 'struct.error'>: 'required argument is not a float' when writing '0'

[rospy.topics][ERROR] 2025-03-27 14:39:14,516: Traceback (most recent call last):
  File "/opt/ros/kinetic/lib/python2.7/dist-packages/rospy/topics.py", line 882, in publish
    self.impl.publish(data)
  File "/opt/ros/kinetic/lib/python2.7/dist-packages/rospy/topics.py", line 1066, in publish
    serialize_message(b, self.seq, message)
  File "/opt/ros/kinetic/lib/python2.7/dist-packages/rospy/msg.py", line 152, in serialize_message
    msg.serialize(b)
  File "/opt/ros/kinetic/lib/python2.7/dist-packages/std_msgs/msg/_Float32MultiArray.py", line 113, in serialize
    except struct.error as se: self._check_types(struct.error("%s: '%s' when writing '%s'" % (type(se), str(se), str(locals().get('_x', self)))))
  File "/opt/ros/kinetic/lib/python2.7/dist-packages/genpy/message.py", line 385, in _check_types
    raise SerializationError(str(exc))
SerializationError: <class 'struct.error'>: 'required argument is not a float' when writing '0'

[rosout][ERROR] 2025-03-27 14:39:14,516: bad callback: <bound method SonarProcessor.sonar_callback of <__main__.SonarProcessor instance at 0x7fb7df3b41b8>>
Traceback (most recent call last):
  File "/opt/ros/kinetic/lib/python2.7/dist-packages/rospy/topics.py", line 750, in _invoke_callback
    cb(msg)
  File "sonar_get_min_dist.py", line 28, in sonar_callback
    self.back_left_min, self.back_right_min = self.process_sonar_data(data)
  File "sonar_get_min_dist.py", line 57, in process_sonar_data
    self.pub_dists(sonar_min_dist)
  File "sonar_get_min_dist.py", line 72, in pub_dists
    pub.publish(min_distances)
  File "/opt/ros/kinetic/lib/python2.7/dist-packages/rospy/topics.py", line 886, in publish
    raise ROSSerializationException(str(e))
ROSSerializationException: <class 'struct.error'>: 'required argument is not a float' when writing '0'

[rospy.topics][ERROR] 2025-03-27 14:39:14,619: Traceback (most recent call last):
  File "/opt/ros/kinetic/lib/python2.7/dist-packages/rospy/topics.py", line 882, in publish
    self.impl.publish(data)
  File "/opt/ros/kinetic/lib/python2.7/dist-packages/rospy/topics.py", line 1066, in publish
    serialize_message(b, self.seq, message)
  File "/opt/ros/kinetic/lib/python2.7/dist-packages/rospy/msg.py", line 152, in serialize_message
    msg.serialize(b)
  File "/opt/ros/kinetic/lib/python2.7/dist-packages/std_msgs/msg/_Float32MultiArray.py", line 113, in serialize
    except struct.error as se: self._check_types(struct.error("%s: '%s' when writing '%s'" % (type(se), str(se), str(locals().get('_x', self)))))
  File "/opt/ros/kinetic/lib/python2.7/dist-packages/genpy/message.py", line 385, in _check_types
    raise SerializationError(str(exc))
SerializationError: <class 'struct.error'>: 'required argument is not a float' when writing '0'

[rosout][ERROR] 2025-03-27 14:39:14,619: bad callback: <bound method SonarProcessor.sonar_callback of <__main__.SonarProcessor instance at 0x7fb7df3b41b8>>
Traceback (most recent call last):
  File "/opt/ros/kinetic/lib/python2.7/dist-packages/rospy/topics.py", line 750, in _invoke_callback
    cb(msg)
  File "sonar_get_min_dist.py", line 28, in sonar_callback
    self.back_left_min, self.back_right_min = self.process_sonar_data(data)
  File "sonar_get_min_dist.py", line 57, in process_sonar_data
    self.pub_dists(sonar_min_dist)
  File "sonar_get_min_dist.py", line 72, in pub_dists
    pub.publish(min_distances)
  File "/opt/ros/kinetic/lib/python2.7/dist-packages/rospy/topics.py", line 886, in publish
    raise ROSSerializationException(str(e))
ROSSerializationException: <class 'struct.error'>: 'required argument is not a float' when writing '0'

[rospy.topics][ERROR] 2025-03-27 14:39:14,716: Traceback (most recent call last):
  File "/opt/ros/kinetic/lib/python2.7/dist-packages/rospy/topics.py", line 882, in publish
    self.impl.publish(data)
  File "/opt/ros/kinetic/lib/python2.7/dist-packages/rospy/topics.py", line 1066, in publish
    serialize_message(b, self.seq, message)
  File "/opt/ros/kinetic/lib/python2.7/dist-packages/rospy/msg.py", line 152, in serialize_message
    msg.serialize(b)
  File "/opt/ros/kinetic/lib/python2.7/dist-packages/std_msgs/msg/_Float32MultiArray.py", line 113, in serialize
    except struct.error as se: self._check_types(struct.error("%s: '%s' when writing '%s'" % (type(se), str(se), str(locals().get('_x', self)))))
  File "/opt/ros/kinetic/lib/python2.7/dist-packages/genpy/message.py", line 385, in _check_types
    raise SerializationError(str(exc))
SerializationError: <class 'struct.error'>: 'required argument is not a float' when writing '0'

[rosout][ERROR] 2025-03-27 14:39:14,716: bad callback: <bound method SonarProcessor.sonar_callback of <__main__.SonarProcessor instance at 0x7fb7df3b41b8>>
Traceback (most recent call last):
  File "/opt/ros/kinetic/lib/python2.7/dist-packages/rospy/topics.py", line 750, in _invoke_callback
    cb(msg)
  File "sonar_get_min_dist.py", line 28, in sonar_callback
    self.back_left_min, self.back_right_min = self.process_sonar_data(data)
  File "sonar_get_min_dist.py", line 57, in process_sonar_data
    self.pub_dists(sonar_min_dist)
  File "sonar_get_min_dist.py", line 72, in pub_dists
    pub.publish(min_distances)
  File "/opt/ros/kinetic/lib/python2.7/dist-packages/rospy/topics.py", line 886, in publish
    raise ROSSerializationException(str(e))
ROSSerializationException: <class 'struct.error'>: 'required argument is not a float' when writing '0'

[rospy.topics][ERROR] 2025-03-27 14:39:14,819: Traceback (most recent call last):
  File "/opt/ros/kinetic/lib/python2.7/dist-packages/rospy/topics.py", line 882, in publish
    self.impl.publish(data)
  File "/opt/ros/kinetic/lib/python2.7/dist-packages/rospy/topics.py", line 1066, in publish
    serialize_message(b, self.seq, message)
  File "/opt/ros/kinetic/lib/python2.7/dist-packages/rospy/msg.py", line 152, in serialize_message
    msg.serialize(b)
  File "/opt/ros/kinetic/lib/python2.7/dist-packages/std_msgs/msg/_Float32MultiArray.py", line 113, in serialize
    except struct.error as se: self._check_types(struct.error("%s: '%s' when writing '%s'" % (type(se), str(se), str(locals().get('_x', self)))))
  File "/opt/ros/kinetic/lib/python2.7/dist-packages/genpy/message.py", line 385, in _check_types
    raise SerializationError(str(exc))
SerializationError: <class 'struct.error'>: 'required argument is not a float' when writing '0'

[rosout][ERROR] 2025-03-27 14:39:14,820: bad callback: <bound method SonarProcessor.sonar_callback of <__main__.SonarProcessor instance at 0x7fb7df3b41b8>>
Traceback (most recent call last):
  File "/opt/ros/kinetic/lib/python2.7/dist-packages/rospy/topics.py", line 750, in _invoke_callback
    cb(msg)
  File "sonar_get_min_dist.py", line 28, in sonar_callback
    self.back_left_min, self.back_right_min = self.process_sonar_data(data)
  File "sonar_get_min_dist.py", line 57, in process_sonar_data
    self.pub_dists(sonar_min_dist)
  File "sonar_get_min_dist.py", line 72, in pub_dists
    pub.publish(min_distances)
  File "/opt/ros/kinetic/lib/python2.7/dist-packages/rospy/topics.py", line 886, in publish
    raise ROSSerializationException(str(e))
ROSSerializationException: <class 'struct.error'>: 'required argument is not a float' when writing '0'

[rospy.topics][ERROR] 2025-03-27 14:39:14,916: Traceback (most recent call last):
  File "/opt/ros/kinetic/lib/python2.7/dist-packages/rospy/topics.py", line 882, in publish
    self.impl.publish(data)
  File "/opt/ros/kinetic/lib/python2.7/dist-packages/rospy/topics.py", line 1066, in publish
    serialize_message(b, self.seq, message)
  File "/opt/ros/kinetic/lib/python2.7/dist-packages/rospy/msg.py", line 152, in serialize_message
    msg.serialize(b)
  File "/opt/ros/kinetic/lib/python2.7/dist-packages/std_msgs/msg/_Float32MultiArray.py", line 113, in serialize
    except struct.error as se: self._check_types(struct.error("%s: '%s' when writing '%s'" % (type(se), str(se), str(locals().get('_x', self)))))
  File "/opt/ros/kinetic/lib/python2.7/dist-packages/genpy/message.py", line 385, in _check_types
    raise SerializationError(str(exc))
SerializationError: <class 'struct.error'>: 'required argument is not a float' when writing '0'

[rosout][ERROR] 2025-03-27 14:39:14,916: bad callback: <bound method SonarProcessor.sonar_callback of <__main__.SonarProcessor instance at 0x7fb7df3b41b8>>
Traceback (most recent call last):
  File "/opt/ros/kinetic/lib/python2.7/dist-packages/rospy/topics.py", line 750, in _invoke_callback
    cb(msg)
  File "sonar_get_min_dist.py", line 28, in sonar_callback
    self.back_left_min, self.back_right_min = self.process_sonar_data(data)
  File "sonar_get_min_dist.py", line 57, in process_sonar_data
    self.pub_dists(sonar_min_dist)
  File "sonar_get_min_dist.py", line 72, in pub_dists
    pub.publish(min_distances)
  File "/opt/ros/kinetic/lib/python2.7/dist-packages/rospy/topics.py", line 886, in publish
    raise ROSSerializationException(str(e))
ROSSerializationException: <class 'struct.error'>: 'required argument is not a float' when writing '0'

[rospy.topics][ERROR] 2025-03-27 14:39:15,019: Traceback (most recent call last):
  File "/opt/ros/kinetic/lib/python2.7/dist-packages/rospy/topics.py", line 882, in publish
    self.impl.publish(data)
  File "/opt/ros/kinetic/lib/python2.7/dist-packages/rospy/topics.py", line 1066, in publish
    serialize_message(b, self.seq, message)
  File "/opt/ros/kinetic/lib/python2.7/dist-packages/rospy/msg.py", line 152, in serialize_message
    msg.serialize(b)
  File "/opt/ros/kinetic/lib/python2.7/dist-packages/std_msgs/msg/_Float32MultiArray.py", line 113, in serialize
    except struct.error as se: self._check_types(struct.error("%s: '%s' when writing '%s'" % (type(se), str(se), str(locals().get('_x', self)))))
  File "/opt/ros/kinetic/lib/python2.7/dist-packages/genpy/message.py", line 385, in _check_types
    raise SerializationError(str(exc))
SerializationError: <class 'struct.error'>: 'required argument is not a float' when writing '0'

[rosout][ERROR] 2025-03-27 14:39:15,020: bad callback: <bound method SonarProcessor.sonar_callback of <__main__.SonarProcessor instance at 0x7fb7df3b41b8>>
Traceback (most recent call last):
  File "/opt/ros/kinetic/lib/python2.7/dist-packages/rospy/topics.py", line 750, in _invoke_callback
    cb(msg)
  File "sonar_get_min_dist.py", line 28, in sonar_callback
    self.back_left_min, self.back_right_min = self.process_sonar_data(data)
  File "sonar_get_min_dist.py", line 57, in process_sonar_data
    self.pub_dists(sonar_min_dist)
  File "sonar_get_min_dist.py", line 72, in pub_dists
    pub.publish(min_distances)
  File "/opt/ros/kinetic/lib/python2.7/dist-packages/rospy/topics.py", line 886, in publish
    raise ROSSerializationException(str(e))
ROSSerializationException: <class 'struct.error'>: 'required argument is not a float' when writing '0'

[rospy.topics][ERROR] 2025-03-27 14:39:15,116: Traceback (most recent call last):
  File "/opt/ros/kinetic/lib/python2.7/dist-packages/rospy/topics.py", line 882, in publish
    self.impl.publish(data)
  File "/opt/ros/kinetic/lib/python2.7/dist-packages/rospy/topics.py", line 1066, in publish
    serialize_message(b, self.seq, message)
  File "/opt/ros/kinetic/lib/python2.7/dist-packages/rospy/msg.py", line 152, in serialize_message
    msg.serialize(b)
  File "/opt/ros/kinetic/lib/python2.7/dist-packages/std_msgs/msg/_Float32MultiArray.py", line 113, in serialize
    except struct.error as se: self._check_types(struct.error("%s: '%s' when writing '%s'" % (type(se), str(se), str(locals().get('_x', self)))))
  File "/opt/ros/kinetic/lib/python2.7/dist-packages/genpy/message.py", line 385, in _check_types
    raise SerializationError(str(exc))
SerializationError: <class 'struct.error'>: 'required argument is not a float' when writing '0'

[rosout][ERROR] 2025-03-27 14:39:15,117: bad callback: <bound method SonarProcessor.sonar_callback of <__main__.SonarProcessor instance at 0x7fb7df3b41b8>>
Traceback (most recent call last):
  File "/opt/ros/kinetic/lib/python2.7/dist-packages/rospy/topics.py", line 750, in _invoke_callback
    cb(msg)
  File "sonar_get_min_dist.py", line 28, in sonar_callback
    self.back_left_min, self.back_right_min = self.process_sonar_data(data)
  File "sonar_get_min_dist.py", line 57, in process_sonar_data
    self.pub_dists(sonar_min_dist)
  File "sonar_get_min_dist.py", line 72, in pub_dists
    pub.publish(min_distances)
  File "/opt/ros/kinetic/lib/python2.7/dist-packages/rospy/topics.py", line 886, in publish
    raise ROSSerializationException(str(e))
ROSSerializationException: <class 'struct.error'>: 'required argument is not a float' when writing '0'

[rospy.topics][ERROR] 2025-03-27 14:39:15,219: Traceback (most recent call last):
  File "/opt/ros/kinetic/lib/python2.7/dist-packages/rospy/topics.py", line 882, in publish
    self.impl.publish(data)
  File "/opt/ros/kinetic/lib/python2.7/dist-packages/rospy/topics.py", line 1066, in publish
    serialize_message(b, self.seq, message)
  File "/opt/ros/kinetic/lib/python2.7/dist-packages/rospy/msg.py", line 152, in serialize_message
    msg.serialize(b)
  File "/opt/ros/kinetic/lib/python2.7/dist-packages/std_msgs/msg/_Float32MultiArray.py", line 113, in serialize
    except struct.error as se: self._check_types(struct.error("%s: '%s' when writing '%s'" % (type(se), str(se), str(locals().get('_x', self)))))
  File "/opt/ros/kinetic/lib/python2.7/dist-packages/genpy/message.py", line 385, in _check_types
    raise SerializationError(str(exc))
SerializationError: <class 'struct.error'>: 'required argument is not a float' when writing '0'

[rosout][ERROR] 2025-03-27 14:39:15,220: bad callback: <bound method SonarProcessor.sonar_callback of <__main__.SonarProcessor instance at 0x7fb7df3b41b8>>
Traceback (most recent call last):
  File "/opt/ros/kinetic/lib/python2.7/dist-packages/rospy/topics.py", line 750, in _invoke_callback
    cb(msg)
  File "sonar_get_min_dist.py", line 28, in sonar_callback
    self.back_left_min, self.back_right_min = self.process_sonar_data(data)
  File "sonar_get_min_dist.py", line 57, in process_sonar_data
    self.pub_dists(sonar_min_dist)
  File "sonar_get_min_dist.py", line 72, in pub_dists
    pub.publish(min_distances)
  File "/opt/ros/kinetic/lib/python2.7/dist-packages/rospy/topics.py", line 886, in publish
    raise ROSSerializationException(str(e))
ROSSerializationException: <class 'struct.error'>: 'required argument is not a float' when writing '0'

[rospy.topics][ERROR] 2025-03-27 14:39:15,316: Traceback (most recent call last):
  File "/opt/ros/kinetic/lib/python2.7/dist-packages/rospy/topics.py", line 882, in publish
    self.impl.publish(data)
  File "/opt/ros/kinetic/lib/python2.7/dist-packages/rospy/topics.py", line 1066, in publish
    serialize_message(b, self.seq, message)
  File "/opt/ros/kinetic/lib/python2.7/dist-packages/rospy/msg.py", line 152, in serialize_message
    msg.serialize(b)
  File "/opt/ros/kinetic/lib/python2.7/dist-packages/std_msgs/msg/_Float32MultiArray.py", line 113, in serialize
    except struct.error as se: self._check_types(struct.error("%s: '%s' when writing '%s'" % (type(se), str(se), str(locals().get('_x', self)))))
  File "/opt/ros/kinetic/lib/python2.7/dist-packages/genpy/message.py", line 385, in _check_types
    raise SerializationError(str(exc))
SerializationError: <class 'struct.error'>: 'required argument is not a float' when writing '0'

[rosout][ERROR] 2025-03-27 14:39:15,317: bad callback: <bound method SonarProcessor.sonar_callback of <__main__.SonarProcessor instance at 0x7fb7df3b41b8>>
Traceback (most recent call last):
  File "/opt/ros/kinetic/lib/python2.7/dist-packages/rospy/topics.py", line 750, in _invoke_callback
    cb(msg)
  File "sonar_get_min_dist.py", line 28, in sonar_callback
    self.back_left_min, self.back_right_min = self.process_sonar_data(data)
  File "sonar_get_min_dist.py", line 57, in process_sonar_data
    self.pub_dists(sonar_min_dist)
  File "sonar_get_min_dist.py", line 72, in pub_dists
    pub.publish(min_distances)
  File "/opt/ros/kinetic/lib/python2.7/dist-packages/rospy/topics.py", line 886, in publish
    raise ROSSerializationException(str(e))
ROSSerializationException: <class 'struct.error'>: 'required argument is not a float' when writing '0'

[rospy.topics][ERROR] 2025-03-27 14:39:15,419: Traceback (most recent call last):
  File "/opt/ros/kinetic/lib/python2.7/dist-packages/rospy/topics.py", line 882, in publish
    self.impl.publish(data)
  File "/opt/ros/kinetic/lib/python2.7/dist-packages/rospy/topics.py", line 1066, in publish
    serialize_message(b, self.seq, message)
  File "/opt/ros/kinetic/lib/python2.7/dist-packages/rospy/msg.py", line 152, in serialize_message
    msg.serialize(b)
  File "/opt/ros/kinetic/lib/python2.7/dist-packages/std_msgs/msg/_Float32MultiArray.py", line 113, in serialize
    except struct.error as se: self._check_types(struct.error("%s: '%s' when writing '%s'" % (type(se), str(se), str(locals().get('_x', self)))))
  File "/opt/ros/kinetic/lib/python2.7/dist-packages/genpy/message.py", line 385, in _check_types
    raise SerializationError(str(exc))
SerializationError: <class 'struct.error'>: 'required argument is not a float' when writing '0'

[rosout][ERROR] 2025-03-27 14:39:15,420: bad callback: <bound method SonarProcessor.sonar_callback of <__main__.SonarProcessor instance at 0x7fb7df3b41b8>>
Traceback (most recent call last):
  File "/opt/ros/kinetic/lib/python2.7/dist-packages/rospy/topics.py", line 750, in _invoke_callback
    cb(msg)
  File "sonar_get_min_dist.py", line 28, in sonar_callback
    self.back_left_min, self.back_right_min = self.process_sonar_data(data)
  File "sonar_get_min_dist.py", line 57, in process_sonar_data
    self.pub_dists(sonar_min_dist)
  File "sonar_get_min_dist.py", line 72, in pub_dists
    pub.publish(min_distances)
  File "/opt/ros/kinetic/lib/python2.7/dist-packages/rospy/topics.py", line 886, in publish
    raise ROSSerializationException(str(e))
ROSSerializationException: <class 'struct.error'>: 'required argument is not a float' when writing '0'

[rospy.topics][ERROR] 2025-03-27 14:39:15,516: Traceback (most recent call last):
  File "/opt/ros/kinetic/lib/python2.7/dist-packages/rospy/topics.py", line 882, in publish
    self.impl.publish(data)
  File "/opt/ros/kinetic/lib/python2.7/dist-packages/rospy/topics.py", line 1066, in publish
    serialize_message(b, self.seq, message)
  File "/opt/ros/kinetic/lib/python2.7/dist-packages/rospy/msg.py", line 152, in serialize_message
    msg.serialize(b)
  File "/opt/ros/kinetic/lib/python2.7/dist-packages/std_msgs/msg/_Float32MultiArray.py", line 113, in serialize
    except struct.error as se: self._check_types(struct.error("%s: '%s' when writing '%s'" % (type(se), str(se), str(locals().get('_x', self)))))
  File "/opt/ros/kinetic/lib/python2.7/dist-packages/genpy/message.py", line 385, in _check_types
    raise SerializationError(str(exc))
SerializationError: <class 'struct.error'>: 'required argument is not a float' when writing '0'

[rosout][ERROR] 2025-03-27 14:39:15,517: bad callback: <bound method SonarProcessor.sonar_callback of <__main__.SonarProcessor instance at 0x7fb7df3b41b8>>
Traceback (most recent call last):
  File "/opt/ros/kinetic/lib/python2.7/dist-packages/rospy/topics.py", line 750, in _invoke_callback
    cb(msg)
  File "sonar_get_min_dist.py", line 28, in sonar_callback
    self.back_left_min, self.back_right_min = self.process_sonar_data(data)
  File "sonar_get_min_dist.py", line 57, in process_sonar_data
    self.pub_dists(sonar_min_dist)
  File "sonar_get_min_dist.py", line 72, in pub_dists
    pub.publish(min_distances)
  File "/opt/ros/kinetic/lib/python2.7/dist-packages/rospy/topics.py", line 886, in publish
    raise ROSSerializationException(str(e))
ROSSerializationException: <class 'struct.error'>: 'required argument is not a float' when writing '0'

[rospy.topics][ERROR] 2025-03-27 14:39:15,619: Traceback (most recent call last):
  File "/opt/ros/kinetic/lib/python2.7/dist-packages/rospy/topics.py", line 882, in publish
    self.impl.publish(data)
  File "/opt/ros/kinetic/lib/python2.7/dist-packages/rospy/topics.py", line 1066, in publish
    serialize_message(b, self.seq, message)
  File "/opt/ros/kinetic/lib/python2.7/dist-packages/rospy/msg.py", line 152, in serialize_message
    msg.serialize(b)
  File "/opt/ros/kinetic/lib/python2.7/dist-packages/std_msgs/msg/_Float32MultiArray.py", line 113, in serialize
    except struct.error as se: self._check_types(struct.error("%s: '%s' when writing '%s'" % (type(se), str(se), str(locals().get('_x', self)))))
  File "/opt/ros/kinetic/lib/python2.7/dist-packages/genpy/message.py", line 385, in _check_types
    raise SerializationError(str(exc))
SerializationError: <class 'struct.error'>: 'required argument is not a float' when writing '0'

[rosout][ERROR] 2025-03-27 14:39:15,620: bad callback: <bound method SonarProcessor.sonar_callback of <__main__.SonarProcessor instance at 0x7fb7df3b41b8>>
Traceback (most recent call last):
  File "/opt/ros/kinetic/lib/python2.7/dist-packages/rospy/topics.py", line 750, in _invoke_callback
    cb(msg)
  File "sonar_get_min_dist.py", line 28, in sonar_callback
    self.back_left_min, self.back_right_min = self.process_sonar_data(data)
  File "sonar_get_min_dist.py", line 57, in process_sonar_data
    self.pub_dists(sonar_min_dist)
  File "sonar_get_min_dist.py", line 72, in pub_dists
    pub.publish(min_distances)
  File "/opt/ros/kinetic/lib/python2.7/dist-packages/rospy/topics.py", line 886, in publish
    raise ROSSerializationException(str(e))
ROSSerializationException: <class 'struct.error'>: 'required argument is not a float' when writing '0'

[rospy.topics][ERROR] 2025-03-27 14:39:15,716: Traceback (most recent call last):
  File "/opt/ros/kinetic/lib/python2.7/dist-packages/rospy/topics.py", line 882, in publish
    self.impl.publish(data)
  File "/opt/ros/kinetic/lib/python2.7/dist-packages/rospy/topics.py", line 1066, in publish
    serialize_message(b, self.seq, message)
  File "/opt/ros/kinetic/lib/python2.7/dist-packages/rospy/msg.py", line 152, in serialize_message
    msg.serialize(b)
  File "/opt/ros/kinetic/lib/python2.7/dist-packages/std_msgs/msg/_Float32MultiArray.py", line 113, in serialize
    except struct.error as se: self._check_types(struct.error("%s: '%s' when writing '%s'" % (type(se), str(se), str(locals().get('_x', self)))))
  File "/opt/ros/kinetic/lib/python2.7/dist-packages/genpy/message.py", line 385, in _check_types
    raise SerializationError(str(exc))
SerializationError: <class 'struct.error'>: 'required argument is not a float' when writing '0'

[rosout][ERROR] 2025-03-27 14:39:15,717: bad callback: <bound method SonarProcessor.sonar_callback of <__main__.SonarProcessor instance at 0x7fb7df3b41b8>>
Traceback (most recent call last):
  File "/opt/ros/kinetic/lib/python2.7/dist-packages/rospy/topics.py", line 750, in _invoke_callback
    cb(msg)
  File "sonar_get_min_dist.py", line 28, in sonar_callback
    self.back_left_min, self.back_right_min = self.process_sonar_data(data)
  File "sonar_get_min_dist.py", line 57, in process_sonar_data
    self.pub_dists(sonar_min_dist)
  File "sonar_get_min_dist.py", line 72, in pub_dists
    pub.publish(min_distances)
  File "/opt/ros/kinetic/lib/python2.7/dist-packages/rospy/topics.py", line 886, in publish
    raise ROSSerializationException(str(e))
ROSSerializationException: <class 'struct.error'>: 'required argument is not a float' when writing '0'

[rospy.topics][ERROR] 2025-03-27 14:39:15,819: Traceback (most recent call last):
  File "/opt/ros/kinetic/lib/python2.7/dist-packages/rospy/topics.py", line 882, in publish
    self.impl.publish(data)
  File "/opt/ros/kinetic/lib/python2.7/dist-packages/rospy/topics.py", line 1066, in publish
    serialize_message(b, self.seq, message)
  File "/opt/ros/kinetic/lib/python2.7/dist-packages/rospy/msg.py", line 152, in serialize_message
    msg.serialize(b)
  File "/opt/ros/kinetic/lib/python2.7/dist-packages/std_msgs/msg/_Float32MultiArray.py", line 113, in serialize
    except struct.error as se: self._check_types(struct.error("%s: '%s' when writing '%s'" % (type(se), str(se), str(locals().get('_x', self)))))
  File "/opt/ros/kinetic/lib/python2.7/dist-packages/genpy/message.py", line 385, in _check_types
    raise SerializationError(str(exc))
SerializationError: <class 'struct.error'>: 'required argument is not a float' when writing '0'

[rosout][ERROR] 2025-03-27 14:39:15,820: bad callback: <bound method SonarProcessor.sonar_callback of <__main__.SonarProcessor instance at 0x7fb7df3b41b8>>
Traceback (most recent call last):
  File "/opt/ros/kinetic/lib/python2.7/dist-packages/rospy/topics.py", line 750, in _invoke_callback
    cb(msg)
  File "sonar_get_min_dist.py", line 28, in sonar_callback
    self.back_left_min, self.back_right_min = self.process_sonar_data(data)
  File "sonar_get_min_dist.py", line 57, in process_sonar_data
    self.pub_dists(sonar_min_dist)
  File "sonar_get_min_dist.py", line 72, in pub_dists
    pub.publish(min_distances)
  File "/opt/ros/kinetic/lib/python2.7/dist-packages/rospy/topics.py", line 886, in publish
    raise ROSSerializationException(str(e))
ROSSerializationException: <class 'struct.error'>: 'required argument is not a float' when writing '0'

[rospy.topics][ERROR] 2025-03-27 14:39:15,916: Traceback (most recent call last):
  File "/opt/ros/kinetic/lib/python2.7/dist-packages/rospy/topics.py", line 882, in publish
    self.impl.publish(data)
  File "/opt/ros/kinetic/lib/python2.7/dist-packages/rospy/topics.py", line 1066, in publish
    serialize_message(b, self.seq, message)
  File "/opt/ros/kinetic/lib/python2.7/dist-packages/rospy/msg.py", line 152, in serialize_message
    msg.serialize(b)
  File "/opt/ros/kinetic/lib/python2.7/dist-packages/std_msgs/msg/_Float32MultiArray.py", line 113, in serialize
    except struct.error as se: self._check_types(struct.error("%s: '%s' when writing '%s'" % (type(se), str(se), str(locals().get('_x', self)))))
  File "/opt/ros/kinetic/lib/python2.7/dist-packages/genpy/message.py", line 385, in _check_types
    raise SerializationError(str(exc))
SerializationError: <class 'struct.error'>: 'required argument is not a float' when writing '0'

[rosout][ERROR] 2025-03-27 14:39:15,917: bad callback: <bound method SonarProcessor.sonar_callback of <__main__.SonarProcessor instance at 0x7fb7df3b41b8>>
Traceback (most recent call last):
  File "/opt/ros/kinetic/lib/python2.7/dist-packages/rospy/topics.py", line 750, in _invoke_callback
    cb(msg)
  File "sonar_get_min_dist.py", line 28, in sonar_callback
    self.back_left_min, self.back_right_min = self.process_sonar_data(data)
  File "sonar_get_min_dist.py", line 57, in process_sonar_data
    self.pub_dists(sonar_min_dist)
  File "sonar_get_min_dist.py", line 72, in pub_dists
    pub.publish(min_distances)
  File "/opt/ros/kinetic/lib/python2.7/dist-packages/rospy/topics.py", line 886, in publish
    raise ROSSerializationException(str(e))
ROSSerializationException: <class 'struct.error'>: 'required argument is not a float' when writing '0'

[rospy.topics][ERROR] 2025-03-27 14:39:16,019: Traceback (most recent call last):
  File "/opt/ros/kinetic/lib/python2.7/dist-packages/rospy/topics.py", line 882, in publish
    self.impl.publish(data)
  File "/opt/ros/kinetic/lib/python2.7/dist-packages/rospy/topics.py", line 1066, in publish
    serialize_message(b, self.seq, message)
  File "/opt/ros/kinetic/lib/python2.7/dist-packages/rospy/msg.py", line 152, in serialize_message
    msg.serialize(b)
  File "/opt/ros/kinetic/lib/python2.7/dist-packages/std_msgs/msg/_Float32MultiArray.py", line 113, in serialize
    except struct.error as se: self._check_types(struct.error("%s: '%s' when writing '%s'" % (type(se), str(se), str(locals().get('_x', self)))))
  File "/opt/ros/kinetic/lib/python2.7/dist-packages/genpy/message.py", line 385, in _check_types
    raise SerializationError(str(exc))
SerializationError: <class 'struct.error'>: 'required argument is not a float' when writing '0'

[rosout][ERROR] 2025-03-27 14:39:16,020: bad callback: <bound method SonarProcessor.sonar_callback of <__main__.SonarProcessor instance at 0x7fb7df3b41b8>>
Traceback (most recent call last):
  File "/opt/ros/kinetic/lib/python2.7/dist-packages/rospy/topics.py", line 750, in _invoke_callback
    cb(msg)
  File "sonar_get_min_dist.py", line 28, in sonar_callback
    self.back_left_min, self.back_right_min = self.process_sonar_data(data)
  File "sonar_get_min_dist.py", line 57, in process_sonar_data
    self.pub_dists(sonar_min_dist)
  File "sonar_get_min_dist.py", line 72, in pub_dists
    pub.publish(min_distances)
  File "/opt/ros/kinetic/lib/python2.7/dist-packages/rospy/topics.py", line 886, in publish
    raise ROSSerializationException(str(e))
ROSSerializationException: <class 'struct.error'>: 'required argument is not a float' when writing '0'

[rospy.topics][ERROR] 2025-03-27 14:39:16,117: Traceback (most recent call last):
  File "/opt/ros/kinetic/lib/python2.7/dist-packages/rospy/topics.py", line 882, in publish
    self.impl.publish(data)
  File "/opt/ros/kinetic/lib/python2.7/dist-packages/rospy/topics.py", line 1066, in publish
    serialize_message(b, self.seq, message)
  File "/opt/ros/kinetic/lib/python2.7/dist-packages/rospy/msg.py", line 152, in serialize_message
    msg.serialize(b)
  File "/opt/ros/kinetic/lib/python2.7/dist-packages/std_msgs/msg/_Float32MultiArray.py", line 113, in serialize
    except struct.error as se: self._check_types(struct.error("%s: '%s' when writing '%s'" % (type(se), str(se), str(locals().get('_x', self)))))
  File "/opt/ros/kinetic/lib/python2.7/dist-packages/genpy/message.py", line 385, in _check_types
    raise SerializationError(str(exc))
SerializationError: <class 'struct.error'>: 'required argument is not a float' when writing '0'

[rosout][ERROR] 2025-03-27 14:39:16,117: bad callback: <bound method SonarProcessor.sonar_callback of <__main__.SonarProcessor instance at 0x7fb7df3b41b8>>
Traceback (most recent call last):
  File "/opt/ros/kinetic/lib/python2.7/dist-packages/rospy/topics.py", line 750, in _invoke_callback
    cb(msg)
  File "sonar_get_min_dist.py", line 28, in sonar_callback
    self.back_left_min, self.back_right_min = self.process_sonar_data(data)
  File "sonar_get_min_dist.py", line 57, in process_sonar_data
    self.pub_dists(sonar_min_dist)
  File "sonar_get_min_dist.py", line 72, in pub_dists
    pub.publish(min_distances)
  File "/opt/ros/kinetic/lib/python2.7/dist-packages/rospy/topics.py", line 886, in publish
    raise ROSSerializationException(str(e))
ROSSerializationException: <class 'struct.error'>: 'required argument is not a float' when writing '0'

[rospy.topics][ERROR] 2025-03-27 14:39:16,220: Traceback (most recent call last):
  File "/opt/ros/kinetic/lib/python2.7/dist-packages/rospy/topics.py", line 882, in publish
    self.impl.publish(data)
  File "/opt/ros/kinetic/lib/python2.7/dist-packages/rospy/topics.py", line 1066, in publish
    serialize_message(b, self.seq, message)
  File "/opt/ros/kinetic/lib/python2.7/dist-packages/rospy/msg.py", line 152, in serialize_message
    msg.serialize(b)
  File "/opt/ros/kinetic/lib/python2.7/dist-packages/std_msgs/msg/_Float32MultiArray.py", line 113, in serialize
    except struct.error as se: self._check_types(struct.error("%s: '%s' when writing '%s'" % (type(se), str(se), str(locals().get('_x', self)))))
  File "/opt/ros/kinetic/lib/python2.7/dist-packages/genpy/message.py", line 385, in _check_types
    raise SerializationError(str(exc))
SerializationError: <class 'struct.error'>: 'required argument is not a float' when writing '0'

[rosout][ERROR] 2025-03-27 14:39:16,220: bad callback: <bound method SonarProcessor.sonar_callback of <__main__.SonarProcessor instance at 0x7fb7df3b41b8>>
Traceback (most recent call last):
  File "/opt/ros/kinetic/lib/python2.7/dist-packages/rospy/topics.py", line 750, in _invoke_callback
    cb(msg)
  File "sonar_get_min_dist.py", line 28, in sonar_callback
    self.back_left_min, self.back_right_min = self.process_sonar_data(data)
  File "sonar_get_min_dist.py", line 57, in process_sonar_data
    self.pub_dists(sonar_min_dist)
  File "sonar_get_min_dist.py", line 72, in pub_dists
    pub.publish(min_distances)
  File "/opt/ros/kinetic/lib/python2.7/dist-packages/rospy/topics.py", line 886, in publish
    raise ROSSerializationException(str(e))
ROSSerializationException: <class 'struct.error'>: 'required argument is not a float' when writing '0'

[rospy.topics][ERROR] 2025-03-27 14:39:16,316: Traceback (most recent call last):
  File "/opt/ros/kinetic/lib/python2.7/dist-packages/rospy/topics.py", line 882, in publish
    self.impl.publish(data)
  File "/opt/ros/kinetic/lib/python2.7/dist-packages/rospy/topics.py", line 1066, in publish
    serialize_message(b, self.seq, message)
  File "/opt/ros/kinetic/lib/python2.7/dist-packages/rospy/msg.py", line 152, in serialize_message
    msg.serialize(b)
  File "/opt/ros/kinetic/lib/python2.7/dist-packages/std_msgs/msg/_Float32MultiArray.py", line 113, in serialize
    except struct.error as se: self._check_types(struct.error("%s: '%s' when writing '%s'" % (type(se), str(se), str(locals().get('_x', self)))))
  File "/opt/ros/kinetic/lib/python2.7/dist-packages/genpy/message.py", line 385, in _check_types
    raise SerializationError(str(exc))
SerializationError: <class 'struct.error'>: 'required argument is not a float' when writing '0'

[rosout][ERROR] 2025-03-27 14:39:16,317: bad callback: <bound method SonarProcessor.sonar_callback of <__main__.SonarProcessor instance at 0x7fb7df3b41b8>>
Traceback (most recent call last):
  File "/opt/ros/kinetic/lib/python2.7/dist-packages/rospy/topics.py", line 750, in _invoke_callback
    cb(msg)
  File "sonar_get_min_dist.py", line 28, in sonar_callback
    self.back_left_min, self.back_right_min = self.process_sonar_data(data)
  File "sonar_get_min_dist.py", line 57, in process_sonar_data
    self.pub_dists(sonar_min_dist)
  File "sonar_get_min_dist.py", line 72, in pub_dists
    pub.publish(min_distances)
  File "/opt/ros/kinetic/lib/python2.7/dist-packages/rospy/topics.py", line 886, in publish
    raise ROSSerializationException(str(e))
ROSSerializationException: <class 'struct.error'>: 'required argument is not a float' when writing '0'

[rospy.topics][ERROR] 2025-03-27 14:39:16,420: Traceback (most recent call last):
  File "/opt/ros/kinetic/lib/python2.7/dist-packages/rospy/topics.py", line 882, in publish
    self.impl.publish(data)
  File "/opt/ros/kinetic/lib/python2.7/dist-packages/rospy/topics.py", line 1066, in publish
    serialize_message(b, self.seq, message)
  File "/opt/ros/kinetic/lib/python2.7/dist-packages/rospy/msg.py", line 152, in serialize_message
    msg.serialize(b)
  File "/opt/ros/kinetic/lib/python2.7/dist-packages/std_msgs/msg/_Float32MultiArray.py", line 113, in serialize
    except struct.error as se: self._check_types(struct.error("%s: '%s' when writing '%s'" % (type(se), str(se), str(locals().get('_x', self)))))
  File "/opt/ros/kinetic/lib/python2.7/dist-packages/genpy/message.py", line 385, in _check_types
    raise SerializationError(str(exc))
SerializationError: <class 'struct.error'>: 'required argument is not a float' when writing '0'

[rosout][ERROR] 2025-03-27 14:39:16,420: bad callback: <bound method SonarProcessor.sonar_callback of <__main__.SonarProcessor instance at 0x7fb7df3b41b8>>
Traceback (most recent call last):
  File "/opt/ros/kinetic/lib/python2.7/dist-packages/rospy/topics.py", line 750, in _invoke_callback
    cb(msg)
  File "sonar_get_min_dist.py", line 28, in sonar_callback
    self.back_left_min, self.back_right_min = self.process_sonar_data(data)
  File "sonar_get_min_dist.py", line 57, in process_sonar_data
    self.pub_dists(sonar_min_dist)
  File "sonar_get_min_dist.py", line 72, in pub_dists
    pub.publish(min_distances)
  File "/opt/ros/kinetic/lib/python2.7/dist-packages/rospy/topics.py", line 886, in publish
    raise ROSSerializationException(str(e))
ROSSerializationException: <class 'struct.error'>: 'required argument is not a float' when writing '0'

[rospy.topics][ERROR] 2025-03-27 14:39:16,517: Traceback (most recent call last):
  File "/opt/ros/kinetic/lib/python2.7/dist-packages/rospy/topics.py", line 882, in publish
    self.impl.publish(data)
  File "/opt/ros/kinetic/lib/python2.7/dist-packages/rospy/topics.py", line 1066, in publish
    serialize_message(b, self.seq, message)
  File "/opt/ros/kinetic/lib/python2.7/dist-packages/rospy/msg.py", line 152, in serialize_message
    msg.serialize(b)
  File "/opt/ros/kinetic/lib/python2.7/dist-packages/std_msgs/msg/_Float32MultiArray.py", line 113, in serialize
    except struct.error as se: self._check_types(struct.error("%s: '%s' when writing '%s'" % (type(se), str(se), str(locals().get('_x', self)))))
  File "/opt/ros/kinetic/lib/python2.7/dist-packages/genpy/message.py", line 385, in _check_types
    raise SerializationError(str(exc))
SerializationError: <class 'struct.error'>: 'required argument is not a float' when writing '0'

[rosout][ERROR] 2025-03-27 14:39:16,517: bad callback: <bound method SonarProcessor.sonar_callback of <__main__.SonarProcessor instance at 0x7fb7df3b41b8>>
Traceback (most recent call last):
  File "/opt/ros/kinetic/lib/python2.7/dist-packages/rospy/topics.py", line 750, in _invoke_callback
    cb(msg)
  File "sonar_get_min_dist.py", line 28, in sonar_callback
    self.back_left_min, self.back_right_min = self.process_sonar_data(data)
  File "sonar_get_min_dist.py", line 57, in process_sonar_data
    self.pub_dists(sonar_min_dist)
  File "sonar_get_min_dist.py", line 72, in pub_dists
    pub.publish(min_distances)
  File "/opt/ros/kinetic/lib/python2.7/dist-packages/rospy/topics.py", line 886, in publish
    raise ROSSerializationException(str(e))
ROSSerializationException: <class 'struct.error'>: 'required argument is not a float' when writing '0'

[rospy.topics][ERROR] 2025-03-27 14:39:16,620: Traceback (most recent call last):
  File "/opt/ros/kinetic/lib/python2.7/dist-packages/rospy/topics.py", line 882, in publish
    self.impl.publish(data)
  File "/opt/ros/kinetic/lib/python2.7/dist-packages/rospy/topics.py", line 1066, in publish
    serialize_message(b, self.seq, message)
  File "/opt/ros/kinetic/lib/python2.7/dist-packages/rospy/msg.py", line 152, in serialize_message
    msg.serialize(b)
  File "/opt/ros/kinetic/lib/python2.7/dist-packages/std_msgs/msg/_Float32MultiArray.py", line 113, in serialize
    except struct.error as se: self._check_types(struct.error("%s: '%s' when writing '%s'" % (type(se), str(se), str(locals().get('_x', self)))))
  File "/opt/ros/kinetic/lib/python2.7/dist-packages/genpy/message.py", line 385, in _check_types
    raise SerializationError(str(exc))
SerializationError: <class 'struct.error'>: 'required argument is not a float' when writing '0'

[rosout][ERROR] 2025-03-27 14:39:16,620: bad callback: <bound method SonarProcessor.sonar_callback of <__main__.SonarProcessor instance at 0x7fb7df3b41b8>>
Traceback (most recent call last):
  File "/opt/ros/kinetic/lib/python2.7/dist-packages/rospy/topics.py", line 750, in _invoke_callback
    cb(msg)
  File "sonar_get_min_dist.py", line 28, in sonar_callback
    self.back_left_min, self.back_right_min = self.process_sonar_data(data)
  File "sonar_get_min_dist.py", line 57, in process_sonar_data
    self.pub_dists(sonar_min_dist)
  File "sonar_get_min_dist.py", line 72, in pub_dists
    pub.publish(min_distances)
  File "/opt/ros/kinetic/lib/python2.7/dist-packages/rospy/topics.py", line 886, in publish
    raise ROSSerializationException(str(e))
ROSSerializationException: <class 'struct.error'>: 'required argument is not a float' when writing '0'

[rospy.topics][ERROR] 2025-03-27 14:39:16,717: Traceback (most recent call last):
  File "/opt/ros/kinetic/lib/python2.7/dist-packages/rospy/topics.py", line 882, in publish
    self.impl.publish(data)
  File "/opt/ros/kinetic/lib/python2.7/dist-packages/rospy/topics.py", line 1066, in publish
    serialize_message(b, self.seq, message)
  File "/opt/ros/kinetic/lib/python2.7/dist-packages/rospy/msg.py", line 152, in serialize_message
    msg.serialize(b)
  File "/opt/ros/kinetic/lib/python2.7/dist-packages/std_msgs/msg/_Float32MultiArray.py", line 113, in serialize
    except struct.error as se: self._check_types(struct.error("%s: '%s' when writing '%s'" % (type(se), str(se), str(locals().get('_x', self)))))
  File "/opt/ros/kinetic/lib/python2.7/dist-packages/genpy/message.py", line 385, in _check_types
    raise SerializationError(str(exc))
SerializationError: <class 'struct.error'>: 'required argument is not a float' when writing '0'

[rosout][ERROR] 2025-03-27 14:39:16,717: bad callback: <bound method SonarProcessor.sonar_callback of <__main__.SonarProcessor instance at 0x7fb7df3b41b8>>
Traceback (most recent call last):
  File "/opt/ros/kinetic/lib/python2.7/dist-packages/rospy/topics.py", line 750, in _invoke_callback
    cb(msg)
  File "sonar_get_min_dist.py", line 28, in sonar_callback
    self.back_left_min, self.back_right_min = self.process_sonar_data(data)
  File "sonar_get_min_dist.py", line 57, in process_sonar_data
    self.pub_dists(sonar_min_dist)
  File "sonar_get_min_dist.py", line 72, in pub_dists
    pub.publish(min_distances)
  File "/opt/ros/kinetic/lib/python2.7/dist-packages/rospy/topics.py", line 886, in publish
    raise ROSSerializationException(str(e))
ROSSerializationException: <class 'struct.error'>: 'required argument is not a float' when writing '0'

[rospy.topics][ERROR] 2025-03-27 14:39:16,820: Traceback (most recent call last):
  File "/opt/ros/kinetic/lib/python2.7/dist-packages/rospy/topics.py", line 882, in publish
    self.impl.publish(data)
  File "/opt/ros/kinetic/lib/python2.7/dist-packages/rospy/topics.py", line 1066, in publish
    serialize_message(b, self.seq, message)
  File "/opt/ros/kinetic/lib/python2.7/dist-packages/rospy/msg.py", line 152, in serialize_message
    msg.serialize(b)
  File "/opt/ros/kinetic/lib/python2.7/dist-packages/std_msgs/msg/_Float32MultiArray.py", line 113, in serialize
    except struct.error as se: self._check_types(struct.error("%s: '%s' when writing '%s'" % (type(se), str(se), str(locals().get('_x', self)))))
  File "/opt/ros/kinetic/lib/python2.7/dist-packages/genpy/message.py", line 385, in _check_types
    raise SerializationError(str(exc))
SerializationError: <class 'struct.error'>: 'required argument is not a float' when writing '0'

[rosout][ERROR] 2025-03-27 14:39:16,821: bad callback: <bound method SonarProcessor.sonar_callback of <__main__.SonarProcessor instance at 0x7fb7df3b41b8>>
Traceback (most recent call last):
  File "/opt/ros/kinetic/lib/python2.7/dist-packages/rospy/topics.py", line 750, in _invoke_callback
    cb(msg)
  File "sonar_get_min_dist.py", line 28, in sonar_callback
    self.back_left_min, self.back_right_min = self.process_sonar_data(data)
  File "sonar_get_min_dist.py", line 57, in process_sonar_data
    self.pub_dists(sonar_min_dist)
  File "sonar_get_min_dist.py", line 72, in pub_dists
    pub.publish(min_distances)
  File "/opt/ros/kinetic/lib/python2.7/dist-packages/rospy/topics.py", line 886, in publish
    raise ROSSerializationException(str(e))
ROSSerializationException: <class 'struct.error'>: 'required argument is not a float' when writing '0'

[rospy.topics][ERROR] 2025-03-27 14:39:16,917: Traceback (most recent call last):
  File "/opt/ros/kinetic/lib/python2.7/dist-packages/rospy/topics.py", line 882, in publish
    self.impl.publish(data)
  File "/opt/ros/kinetic/lib/python2.7/dist-packages/rospy/topics.py", line 1066, in publish
    serialize_message(b, self.seq, message)
  File "/opt/ros/kinetic/lib/python2.7/dist-packages/rospy/msg.py", line 152, in serialize_message
    msg.serialize(b)
  File "/opt/ros/kinetic/lib/python2.7/dist-packages/std_msgs/msg/_Float32MultiArray.py", line 113, in serialize
    except struct.error as se: self._check_types(struct.error("%s: '%s' when writing '%s'" % (type(se), str(se), str(locals().get('_x', self)))))
  File "/opt/ros/kinetic/lib/python2.7/dist-packages/genpy/message.py", line 385, in _check_types
    raise SerializationError(str(exc))
SerializationError: <class 'struct.error'>: 'required argument is not a float' when writing '0'

[rosout][ERROR] 2025-03-27 14:39:16,917: bad callback: <bound method SonarProcessor.sonar_callback of <__main__.SonarProcessor instance at 0x7fb7df3b41b8>>
Traceback (most recent call last):
  File "/opt/ros/kinetic/lib/python2.7/dist-packages/rospy/topics.py", line 750, in _invoke_callback
    cb(msg)
  File "sonar_get_min_dist.py", line 28, in sonar_callback
    self.back_left_min, self.back_right_min = self.process_sonar_data(data)
  File "sonar_get_min_dist.py", line 57, in process_sonar_data
    self.pub_dists(sonar_min_dist)
  File "sonar_get_min_dist.py", line 72, in pub_dists
    pub.publish(min_distances)
  File "/opt/ros/kinetic/lib/python2.7/dist-packages/rospy/topics.py", line 886, in publish
    raise ROSSerializationException(str(e))
ROSSerializationException: <class 'struct.error'>: 'required argument is not a float' when writing '0'

[rospy.topics][ERROR] 2025-03-27 14:39:17,020: Traceback (most recent call last):
  File "/opt/ros/kinetic/lib/python2.7/dist-packages/rospy/topics.py", line 882, in publish
    self.impl.publish(data)
  File "/opt/ros/kinetic/lib/python2.7/dist-packages/rospy/topics.py", line 1066, in publish
    serialize_message(b, self.seq, message)
  File "/opt/ros/kinetic/lib/python2.7/dist-packages/rospy/msg.py", line 152, in serialize_message
    msg.serialize(b)
  File "/opt/ros/kinetic/lib/python2.7/dist-packages/std_msgs/msg/_Float32MultiArray.py", line 113, in serialize
    except struct.error as se: self._check_types(struct.error("%s: '%s' when writing '%s'" % (type(se), str(se), str(locals().get('_x', self)))))
  File "/opt/ros/kinetic/lib/python2.7/dist-packages/genpy/message.py", line 385, in _check_types
    raise SerializationError(str(exc))
SerializationError: <class 'struct.error'>: 'required argument is not a float' when writing '0'

[rosout][ERROR] 2025-03-27 14:39:17,020: bad callback: <bound method SonarProcessor.sonar_callback of <__main__.SonarProcessor instance at 0x7fb7df3b41b8>>
Traceback (most recent call last):
  File "/opt/ros/kinetic/lib/python2.7/dist-packages/rospy/topics.py", line 750, in _invoke_callback
    cb(msg)
  File "sonar_get_min_dist.py", line 28, in sonar_callback
    self.back_left_min, self.back_right_min = self.process_sonar_data(data)
  File "sonar_get_min_dist.py", line 57, in process_sonar_data
    self.pub_dists(sonar_min_dist)
  File "sonar_get_min_dist.py", line 72, in pub_dists
    pub.publish(min_distances)
  File "/opt/ros/kinetic/lib/python2.7/dist-packages/rospy/topics.py", line 886, in publish
    raise ROSSerializationException(str(e))
ROSSerializationException: <class 'struct.error'>: 'required argument is not a float' when writing '0'

[rospy.topics][ERROR] 2025-03-27 14:39:17,117: Traceback (most recent call last):
  File "/opt/ros/kinetic/lib/python2.7/dist-packages/rospy/topics.py", line 882, in publish
    self.impl.publish(data)
  File "/opt/ros/kinetic/lib/python2.7/dist-packages/rospy/topics.py", line 1066, in publish
    serialize_message(b, self.seq, message)
  File "/opt/ros/kinetic/lib/python2.7/dist-packages/rospy/msg.py", line 152, in serialize_message
    msg.serialize(b)
  File "/opt/ros/kinetic/lib/python2.7/dist-packages/std_msgs/msg/_Float32MultiArray.py", line 113, in serialize
    except struct.error as se: self._check_types(struct.error("%s: '%s' when writing '%s'" % (type(se), str(se), str(locals().get('_x', self)))))
  File "/opt/ros/kinetic/lib/python2.7/dist-packages/genpy/message.py", line 385, in _check_types
    raise SerializationError(str(exc))
SerializationError: <class 'struct.error'>: 'required argument is not a float' when writing '0'

[rosout][ERROR] 2025-03-27 14:39:17,117: bad callback: <bound method SonarProcessor.sonar_callback of <__main__.SonarProcessor instance at 0x7fb7df3b41b8>>
Traceback (most recent call last):
  File "/opt/ros/kinetic/lib/python2.7/dist-packages/rospy/topics.py", line 750, in _invoke_callback
    cb(msg)
  File "sonar_get_min_dist.py", line 28, in sonar_callback
    self.back_left_min, self.back_right_min = self.process_sonar_data(data)
  File "sonar_get_min_dist.py", line 57, in process_sonar_data
    self.pub_dists(sonar_min_dist)
  File "sonar_get_min_dist.py", line 72, in pub_dists
    pub.publish(min_distances)
  File "/opt/ros/kinetic/lib/python2.7/dist-packages/rospy/topics.py", line 886, in publish
    raise ROSSerializationException(str(e))
ROSSerializationException: <class 'struct.error'>: 'required argument is not a float' when writing '0'

[rospy.topics][ERROR] 2025-03-27 14:39:17,220: Traceback (most recent call last):
  File "/opt/ros/kinetic/lib/python2.7/dist-packages/rospy/topics.py", line 882, in publish
    self.impl.publish(data)
  File "/opt/ros/kinetic/lib/python2.7/dist-packages/rospy/topics.py", line 1066, in publish
    serialize_message(b, self.seq, message)
  File "/opt/ros/kinetic/lib/python2.7/dist-packages/rospy/msg.py", line 152, in serialize_message
    msg.serialize(b)
  File "/opt/ros/kinetic/lib/python2.7/dist-packages/std_msgs/msg/_Float32MultiArray.py", line 113, in serialize
    except struct.error as se: self._check_types(struct.error("%s: '%s' when writing '%s'" % (type(se), str(se), str(locals().get('_x', self)))))
  File "/opt/ros/kinetic/lib/python2.7/dist-packages/genpy/message.py", line 385, in _check_types
    raise SerializationError(str(exc))
SerializationError: <class 'struct.error'>: 'required argument is not a float' when writing '0'

[rosout][ERROR] 2025-03-27 14:39:17,220: bad callback: <bound method SonarProcessor.sonar_callback of <__main__.SonarProcessor instance at 0x7fb7df3b41b8>>
Traceback (most recent call last):
  File "/opt/ros/kinetic/lib/python2.7/dist-packages/rospy/topics.py", line 750, in _invoke_callback
    cb(msg)
  File "sonar_get_min_dist.py", line 28, in sonar_callback
    self.back_left_min, self.back_right_min = self.process_sonar_data(data)
  File "sonar_get_min_dist.py", line 57, in process_sonar_data
    self.pub_dists(sonar_min_dist)
  File "sonar_get_min_dist.py", line 72, in pub_dists
    pub.publish(min_distances)
  File "/opt/ros/kinetic/lib/python2.7/dist-packages/rospy/topics.py", line 886, in publish
    raise ROSSerializationException(str(e))
ROSSerializationException: <class 'struct.error'>: 'required argument is not a float' when writing '0'

[rospy.topics][ERROR] 2025-03-27 14:39:17,317: Traceback (most recent call last):
  File "/opt/ros/kinetic/lib/python2.7/dist-packages/rospy/topics.py", line 882, in publish
    self.impl.publish(data)
  File "/opt/ros/kinetic/lib/python2.7/dist-packages/rospy/topics.py", line 1066, in publish
    serialize_message(b, self.seq, message)
  File "/opt/ros/kinetic/lib/python2.7/dist-packages/rospy/msg.py", line 152, in serialize_message
    msg.serialize(b)
  File "/opt/ros/kinetic/lib/python2.7/dist-packages/std_msgs/msg/_Float32MultiArray.py", line 113, in serialize
    except struct.error as se: self._check_types(struct.error("%s: '%s' when writing '%s'" % (type(se), str(se), str(locals().get('_x', self)))))
  File "/opt/ros/kinetic/lib/python2.7/dist-packages/genpy/message.py", line 385, in _check_types
    raise SerializationError(str(exc))
SerializationError: <class 'struct.error'>: 'required argument is not a float' when writing '0'

[rosout][ERROR] 2025-03-27 14:39:17,317: bad callback: <bound method SonarProcessor.sonar_callback of <__main__.SonarProcessor instance at 0x7fb7df3b41b8>>
Traceback (most recent call last):
  File "/opt/ros/kinetic/lib/python2.7/dist-packages/rospy/topics.py", line 750, in _invoke_callback
    cb(msg)
  File "sonar_get_min_dist.py", line 28, in sonar_callback
    self.back_left_min, self.back_right_min = self.process_sonar_data(data)
  File "sonar_get_min_dist.py", line 57, in process_sonar_data
    self.pub_dists(sonar_min_dist)
  File "sonar_get_min_dist.py", line 72, in pub_dists
    pub.publish(min_distances)
  File "/opt/ros/kinetic/lib/python2.7/dist-packages/rospy/topics.py", line 886, in publish
    raise ROSSerializationException(str(e))
ROSSerializationException: <class 'struct.error'>: 'required argument is not a float' when writing '0'

[rospy.topics][ERROR] 2025-03-27 14:39:17,420: Traceback (most recent call last):
  File "/opt/ros/kinetic/lib/python2.7/dist-packages/rospy/topics.py", line 882, in publish
    self.impl.publish(data)
  File "/opt/ros/kinetic/lib/python2.7/dist-packages/rospy/topics.py", line 1066, in publish
    serialize_message(b, self.seq, message)
  File "/opt/ros/kinetic/lib/python2.7/dist-packages/rospy/msg.py", line 152, in serialize_message
    msg.serialize(b)
  File "/opt/ros/kinetic/lib/python2.7/dist-packages/std_msgs/msg/_Float32MultiArray.py", line 113, in serialize
    except struct.error as se: self._check_types(struct.error("%s: '%s' when writing '%s'" % (type(se), str(se), str(locals().get('_x', self)))))
  File "/opt/ros/kinetic/lib/python2.7/dist-packages/genpy/message.py", line 385, in _check_types
    raise SerializationError(str(exc))
SerializationError: <class 'struct.error'>: 'required argument is not a float' when writing '0'

[rosout][ERROR] 2025-03-27 14:39:17,421: bad callback: <bound method SonarProcessor.sonar_callback of <__main__.SonarProcessor instance at 0x7fb7df3b41b8>>
Traceback (most recent call last):
  File "/opt/ros/kinetic/lib/python2.7/dist-packages/rospy/topics.py", line 750, in _invoke_callback
    cb(msg)
  File "sonar_get_min_dist.py", line 28, in sonar_callback
    self.back_left_min, self.back_right_min = self.process_sonar_data(data)
  File "sonar_get_min_dist.py", line 57, in process_sonar_data
    self.pub_dists(sonar_min_dist)
  File "sonar_get_min_dist.py", line 72, in pub_dists
    pub.publish(min_distances)
  File "/opt/ros/kinetic/lib/python2.7/dist-packages/rospy/topics.py", line 886, in publish
    raise ROSSerializationException(str(e))
ROSSerializationException: <class 'struct.error'>: 'required argument is not a float' when writing '0'

[rospy.topics][ERROR] 2025-03-27 14:39:17,517: Traceback (most recent call last):
  File "/opt/ros/kinetic/lib/python2.7/dist-packages/rospy/topics.py", line 882, in publish
    self.impl.publish(data)
  File "/opt/ros/kinetic/lib/python2.7/dist-packages/rospy/topics.py", line 1066, in publish
    serialize_message(b, self.seq, message)
  File "/opt/ros/kinetic/lib/python2.7/dist-packages/rospy/msg.py", line 152, in serialize_message
    msg.serialize(b)
  File "/opt/ros/kinetic/lib/python2.7/dist-packages/std_msgs/msg/_Float32MultiArray.py", line 113, in serialize
    except struct.error as se: self._check_types(struct.error("%s: '%s' when writing '%s'" % (type(se), str(se), str(locals().get('_x', self)))))
  File "/opt/ros/kinetic/lib/python2.7/dist-packages/genpy/message.py", line 385, in _check_types
    raise SerializationError(str(exc))
SerializationError: <class 'struct.error'>: 'required argument is not a float' when writing '0'

[rosout][ERROR] 2025-03-27 14:39:17,518: bad callback: <bound method SonarProcessor.sonar_callback of <__main__.SonarProcessor instance at 0x7fb7df3b41b8>>
Traceback (most recent call last):
  File "/opt/ros/kinetic/lib/python2.7/dist-packages/rospy/topics.py", line 750, in _invoke_callback
    cb(msg)
  File "sonar_get_min_dist.py", line 28, in sonar_callback
    self.back_left_min, self.back_right_min = self.process_sonar_data(data)
  File "sonar_get_min_dist.py", line 57, in process_sonar_data
    self.pub_dists(sonar_min_dist)
  File "sonar_get_min_dist.py", line 72, in pub_dists
    pub.publish(min_distances)
  File "/opt/ros/kinetic/lib/python2.7/dist-packages/rospy/topics.py", line 886, in publish
    raise ROSSerializationException(str(e))
ROSSerializationException: <class 'struct.error'>: 'required argument is not a float' when writing '0'

[rospy.topics][ERROR] 2025-03-27 14:39:17,620: Traceback (most recent call last):
  File "/opt/ros/kinetic/lib/python2.7/dist-packages/rospy/topics.py", line 882, in publish
    self.impl.publish(data)
  File "/opt/ros/kinetic/lib/python2.7/dist-packages/rospy/topics.py", line 1066, in publish
    serialize_message(b, self.seq, message)
  File "/opt/ros/kinetic/lib/python2.7/dist-packages/rospy/msg.py", line 152, in serialize_message
    msg.serialize(b)
  File "/opt/ros/kinetic/lib/python2.7/dist-packages/std_msgs/msg/_Float32MultiArray.py", line 113, in serialize
    except struct.error as se: self._check_types(struct.error("%s: '%s' when writing '%s'" % (type(se), str(se), str(locals().get('_x', self)))))
  File "/opt/ros/kinetic/lib/python2.7/dist-packages/genpy/message.py", line 385, in _check_types
    raise SerializationError(str(exc))
SerializationError: <class 'struct.error'>: 'required argument is not a float' when writing '0'

[rosout][ERROR] 2025-03-27 14:39:17,621: bad callback: <bound method SonarProcessor.sonar_callback of <__main__.SonarProcessor instance at 0x7fb7df3b41b8>>
Traceback (most recent call last):
  File "/opt/ros/kinetic/lib/python2.7/dist-packages/rospy/topics.py", line 750, in _invoke_callback
    cb(msg)
  File "sonar_get_min_dist.py", line 28, in sonar_callback
    self.back_left_min, self.back_right_min = self.process_sonar_data(data)
  File "sonar_get_min_dist.py", line 57, in process_sonar_data
    self.pub_dists(sonar_min_dist)
  File "sonar_get_min_dist.py", line 72, in pub_dists
    pub.publish(min_distances)
  File "/opt/ros/kinetic/lib/python2.7/dist-packages/rospy/topics.py", line 886, in publish
    raise ROSSerializationException(str(e))
ROSSerializationException: <class 'struct.error'>: 'required argument is not a float' when writing '0'

[rospy.topics][ERROR] 2025-03-27 14:39:17,717: Traceback (most recent call last):
  File "/opt/ros/kinetic/lib/python2.7/dist-packages/rospy/topics.py", line 882, in publish
    self.impl.publish(data)
  File "/opt/ros/kinetic/lib/python2.7/dist-packages/rospy/topics.py", line 1066, in publish
    serialize_message(b, self.seq, message)
  File "/opt/ros/kinetic/lib/python2.7/dist-packages/rospy/msg.py", line 152, in serialize_message
    msg.serialize(b)
  File "/opt/ros/kinetic/lib/python2.7/dist-packages/std_msgs/msg/_Float32MultiArray.py", line 113, in serialize
    except struct.error as se: self._check_types(struct.error("%s: '%s' when writing '%s'" % (type(se), str(se), str(locals().get('_x', self)))))
  File "/opt/ros/kinetic/lib/python2.7/dist-packages/genpy/message.py", line 385, in _check_types
    raise SerializationError(str(exc))
SerializationError: <class 'struct.error'>: 'required argument is not a float' when writing '0'

[rosout][ERROR] 2025-03-27 14:39:17,718: bad callback: <bound method SonarProcessor.sonar_callback of <__main__.SonarProcessor instance at 0x7fb7df3b41b8>>
Traceback (most recent call last):
  File "/opt/ros/kinetic/lib/python2.7/dist-packages/rospy/topics.py", line 750, in _invoke_callback
    cb(msg)
  File "sonar_get_min_dist.py", line 28, in sonar_callback
    self.back_left_min, self.back_right_min = self.process_sonar_data(data)
  File "sonar_get_min_dist.py", line 57, in process_sonar_data
    self.pub_dists(sonar_min_dist)
  File "sonar_get_min_dist.py", line 72, in pub_dists
    pub.publish(min_distances)
  File "/opt/ros/kinetic/lib/python2.7/dist-packages/rospy/topics.py", line 886, in publish
    raise ROSSerializationException(str(e))
ROSSerializationException: <class 'struct.error'>: 'required argument is not a float' when writing '0'

[rospy.topics][ERROR] 2025-03-27 14:39:17,820: Traceback (most recent call last):
  File "/opt/ros/kinetic/lib/python2.7/dist-packages/rospy/topics.py", line 882, in publish
    self.impl.publish(data)
  File "/opt/ros/kinetic/lib/python2.7/dist-packages/rospy/topics.py", line 1066, in publish
    serialize_message(b, self.seq, message)
  File "/opt/ros/kinetic/lib/python2.7/dist-packages/rospy/msg.py", line 152, in serialize_message
    msg.serialize(b)
  File "/opt/ros/kinetic/lib/python2.7/dist-packages/std_msgs/msg/_Float32MultiArray.py", line 113, in serialize
    except struct.error as se: self._check_types(struct.error("%s: '%s' when writing '%s'" % (type(se), str(se), str(locals().get('_x', self)))))
  File "/opt/ros/kinetic/lib/python2.7/dist-packages/genpy/message.py", line 385, in _check_types
    raise SerializationError(str(exc))
SerializationError: <class 'struct.error'>: 'required argument is not a float' when writing '0'

[rosout][ERROR] 2025-03-27 14:39:17,821: bad callback: <bound method SonarProcessor.sonar_callback of <__main__.SonarProcessor instance at 0x7fb7df3b41b8>>
Traceback (most recent call last):
  File "/opt/ros/kinetic/lib/python2.7/dist-packages/rospy/topics.py", line 750, in _invoke_callback
    cb(msg)
  File "sonar_get_min_dist.py", line 28, in sonar_callback
    self.back_left_min, self.back_right_min = self.process_sonar_data(data)
  File "sonar_get_min_dist.py", line 57, in process_sonar_data
    self.pub_dists(sonar_min_dist)
  File "sonar_get_min_dist.py", line 72, in pub_dists
    pub.publish(min_distances)
  File "/opt/ros/kinetic/lib/python2.7/dist-packages/rospy/topics.py", line 886, in publish
    raise ROSSerializationException(str(e))
ROSSerializationException: <class 'struct.error'>: 'required argument is not a float' when writing '0'

[rospy.topics][ERROR] 2025-03-27 14:39:17,917: Traceback (most recent call last):
  File "/opt/ros/kinetic/lib/python2.7/dist-packages/rospy/topics.py", line 882, in publish
    self.impl.publish(data)
  File "/opt/ros/kinetic/lib/python2.7/dist-packages/rospy/topics.py", line 1066, in publish
    serialize_message(b, self.seq, message)
  File "/opt/ros/kinetic/lib/python2.7/dist-packages/rospy/msg.py", line 152, in serialize_message
    msg.serialize(b)
  File "/opt/ros/kinetic/lib/python2.7/dist-packages/std_msgs/msg/_Float32MultiArray.py", line 113, in serialize
    except struct.error as se: self._check_types(struct.error("%s: '%s' when writing '%s'" % (type(se), str(se), str(locals().get('_x', self)))))
  File "/opt/ros/kinetic/lib/python2.7/dist-packages/genpy/message.py", line 385, in _check_types
    raise SerializationError(str(exc))
SerializationError: <class 'struct.error'>: 'required argument is not a float' when writing '0'

[rosout][ERROR] 2025-03-27 14:39:17,918: bad callback: <bound method SonarProcessor.sonar_callback of <__main__.SonarProcessor instance at 0x7fb7df3b41b8>>
Traceback (most recent call last):
  File "/opt/ros/kinetic/lib/python2.7/dist-packages/rospy/topics.py", line 750, in _invoke_callback
    cb(msg)
  File "sonar_get_min_dist.py", line 28, in sonar_callback
    self.back_left_min, self.back_right_min = self.process_sonar_data(data)
  File "sonar_get_min_dist.py", line 57, in process_sonar_data
    self.pub_dists(sonar_min_dist)
  File "sonar_get_min_dist.py", line 72, in pub_dists
    pub.publish(min_distances)
  File "/opt/ros/kinetic/lib/python2.7/dist-packages/rospy/topics.py", line 886, in publish
    raise ROSSerializationException(str(e))
ROSSerializationException: <class 'struct.error'>: 'required argument is not a float' when writing '0'

[rospy.topics][ERROR] 2025-03-27 14:39:18,020: Traceback (most recent call last):
  File "/opt/ros/kinetic/lib/python2.7/dist-packages/rospy/topics.py", line 882, in publish
    self.impl.publish(data)
  File "/opt/ros/kinetic/lib/python2.7/dist-packages/rospy/topics.py", line 1066, in publish
    serialize_message(b, self.seq, message)
  File "/opt/ros/kinetic/lib/python2.7/dist-packages/rospy/msg.py", line 152, in serialize_message
    msg.serialize(b)
  File "/opt/ros/kinetic/lib/python2.7/dist-packages/std_msgs/msg/_Float32MultiArray.py", line 113, in serialize
    except struct.error as se: self._check_types(struct.error("%s: '%s' when writing '%s'" % (type(se), str(se), str(locals().get('_x', self)))))
  File "/opt/ros/kinetic/lib/python2.7/dist-packages/genpy/message.py", line 385, in _check_types
    raise SerializationError(str(exc))
SerializationError: <class 'struct.error'>: 'required argument is not a float' when writing '0'

[rosout][ERROR] 2025-03-27 14:39:18,021: bad callback: <bound method SonarProcessor.sonar_callback of <__main__.SonarProcessor instance at 0x7fb7df3b41b8>>
Traceback (most recent call last):
  File "/opt/ros/kinetic/lib/python2.7/dist-packages/rospy/topics.py", line 750, in _invoke_callback
    cb(msg)
  File "sonar_get_min_dist.py", line 28, in sonar_callback
    self.back_left_min, self.back_right_min = self.process_sonar_data(data)
  File "sonar_get_min_dist.py", line 57, in process_sonar_data
    self.pub_dists(sonar_min_dist)
  File "sonar_get_min_dist.py", line 72, in pub_dists
    pub.publish(min_distances)
  File "/opt/ros/kinetic/lib/python2.7/dist-packages/rospy/topics.py", line 886, in publish
    raise ROSSerializationException(str(e))
ROSSerializationException: <class 'struct.error'>: 'required argument is not a float' when writing '0'

[rospy.topics][ERROR] 2025-03-27 14:39:18,117: Traceback (most recent call last):
  File "/opt/ros/kinetic/lib/python2.7/dist-packages/rospy/topics.py", line 882, in publish
    self.impl.publish(data)
  File "/opt/ros/kinetic/lib/python2.7/dist-packages/rospy/topics.py", line 1066, in publish
    serialize_message(b, self.seq, message)
  File "/opt/ros/kinetic/lib/python2.7/dist-packages/rospy/msg.py", line 152, in serialize_message
    msg.serialize(b)
  File "/opt/ros/kinetic/lib/python2.7/dist-packages/std_msgs/msg/_Float32MultiArray.py", line 113, in serialize
    except struct.error as se: self._check_types(struct.error("%s: '%s' when writing '%s'" % (type(se), str(se), str(locals().get('_x', self)))))
  File "/opt/ros/kinetic/lib/python2.7/dist-packages/genpy/message.py", line 385, in _check_types
    raise SerializationError(str(exc))
SerializationError: <class 'struct.error'>: 'required argument is not a float' when writing '0'

[rosout][ERROR] 2025-03-27 14:39:18,118: bad callback: <bound method SonarProcessor.sonar_callback of <__main__.SonarProcessor instance at 0x7fb7df3b41b8>>
Traceback (most recent call last):
  File "/opt/ros/kinetic/lib/python2.7/dist-packages/rospy/topics.py", line 750, in _invoke_callback
    cb(msg)
  File "sonar_get_min_dist.py", line 28, in sonar_callback
    self.back_left_min, self.back_right_min = self.process_sonar_data(data)
  File "sonar_get_min_dist.py", line 57, in process_sonar_data
    self.pub_dists(sonar_min_dist)
  File "sonar_get_min_dist.py", line 72, in pub_dists
    pub.publish(min_distances)
  File "/opt/ros/kinetic/lib/python2.7/dist-packages/rospy/topics.py", line 886, in publish
    raise ROSSerializationException(str(e))
ROSSerializationException: <class 'struct.error'>: 'required argument is not a float' when writing '0'

[rospy.topics][ERROR] 2025-03-27 14:39:18,220: Traceback (most recent call last):
  File "/opt/ros/kinetic/lib/python2.7/dist-packages/rospy/topics.py", line 882, in publish
    self.impl.publish(data)
  File "/opt/ros/kinetic/lib/python2.7/dist-packages/rospy/topics.py", line 1066, in publish
    serialize_message(b, self.seq, message)
  File "/opt/ros/kinetic/lib/python2.7/dist-packages/rospy/msg.py", line 152, in serialize_message
    msg.serialize(b)
  File "/opt/ros/kinetic/lib/python2.7/dist-packages/std_msgs/msg/_Float32MultiArray.py", line 113, in serialize
    except struct.error as se: self._check_types(struct.error("%s: '%s' when writing '%s'" % (type(se), str(se), str(locals().get('_x', self)))))
  File "/opt/ros/kinetic/lib/python2.7/dist-packages/genpy/message.py", line 385, in _check_types
    raise SerializationError(str(exc))
SerializationError: <class 'struct.error'>: 'required argument is not a float' when writing '0'

[rosout][ERROR] 2025-03-27 14:39:18,221: bad callback: <bound method SonarProcessor.sonar_callback of <__main__.SonarProcessor instance at 0x7fb7df3b41b8>>
Traceback (most recent call last):
  File "/opt/ros/kinetic/lib/python2.7/dist-packages/rospy/topics.py", line 750, in _invoke_callback
    cb(msg)
  File "sonar_get_min_dist.py", line 28, in sonar_callback
    self.back_left_min, self.back_right_min = self.process_sonar_data(data)
  File "sonar_get_min_dist.py", line 57, in process_sonar_data
    self.pub_dists(sonar_min_dist)
  File "sonar_get_min_dist.py", line 72, in pub_dists
    pub.publish(min_distances)
  File "/opt/ros/kinetic/lib/python2.7/dist-packages/rospy/topics.py", line 886, in publish
    raise ROSSerializationException(str(e))
ROSSerializationException: <class 'struct.error'>: 'required argument is not a float' when writing '0'

[rospy.topics][ERROR] 2025-03-27 14:39:18,317: Traceback (most recent call last):
  File "/opt/ros/kinetic/lib/python2.7/dist-packages/rospy/topics.py", line 882, in publish
    self.impl.publish(data)
  File "/opt/ros/kinetic/lib/python2.7/dist-packages/rospy/topics.py", line 1066, in publish
    serialize_message(b, self.seq, message)
  File "/opt/ros/kinetic/lib/python2.7/dist-packages/rospy/msg.py", line 152, in serialize_message
    msg.serialize(b)
  File "/opt/ros/kinetic/lib/python2.7/dist-packages/std_msgs/msg/_Float32MultiArray.py", line 113, in serialize
    except struct.error as se: self._check_types(struct.error("%s: '%s' when writing '%s'" % (type(se), str(se), str(locals().get('_x', self)))))
  File "/opt/ros/kinetic/lib/python2.7/dist-packages/genpy/message.py", line 385, in _check_types
    raise SerializationError(str(exc))
SerializationError: <class 'struct.error'>: 'required argument is not a float' when writing '0'

[rosout][ERROR] 2025-03-27 14:39:18,318: bad callback: <bound method SonarProcessor.sonar_callback of <__main__.SonarProcessor instance at 0x7fb7df3b41b8>>
Traceback (most recent call last):
  File "/opt/ros/kinetic/lib/python2.7/dist-packages/rospy/topics.py", line 750, in _invoke_callback
    cb(msg)
  File "sonar_get_min_dist.py", line 28, in sonar_callback
    self.back_left_min, self.back_right_min = self.process_sonar_data(data)
  File "sonar_get_min_dist.py", line 57, in process_sonar_data
    self.pub_dists(sonar_min_dist)
  File "sonar_get_min_dist.py", line 72, in pub_dists
    pub.publish(min_distances)
  File "/opt/ros/kinetic/lib/python2.7/dist-packages/rospy/topics.py", line 886, in publish
    raise ROSSerializationException(str(e))
ROSSerializationException: <class 'struct.error'>: 'required argument is not a float' when writing '0'

[rospy.topics][ERROR] 2025-03-27 14:39:18,420: Traceback (most recent call last):
  File "/opt/ros/kinetic/lib/python2.7/dist-packages/rospy/topics.py", line 882, in publish
    self.impl.publish(data)
  File "/opt/ros/kinetic/lib/python2.7/dist-packages/rospy/topics.py", line 1066, in publish
    serialize_message(b, self.seq, message)
  File "/opt/ros/kinetic/lib/python2.7/dist-packages/rospy/msg.py", line 152, in serialize_message
    msg.serialize(b)
  File "/opt/ros/kinetic/lib/python2.7/dist-packages/std_msgs/msg/_Float32MultiArray.py", line 113, in serialize
    except struct.error as se: self._check_types(struct.error("%s: '%s' when writing '%s'" % (type(se), str(se), str(locals().get('_x', self)))))
  File "/opt/ros/kinetic/lib/python2.7/dist-packages/genpy/message.py", line 385, in _check_types
    raise SerializationError(str(exc))
SerializationError: <class 'struct.error'>: 'required argument is not a float' when writing '0'

[rosout][ERROR] 2025-03-27 14:39:18,421: bad callback: <bound method SonarProcessor.sonar_callback of <__main__.SonarProcessor instance at 0x7fb7df3b41b8>>
Traceback (most recent call last):
  File "/opt/ros/kinetic/lib/python2.7/dist-packages/rospy/topics.py", line 750, in _invoke_callback
    cb(msg)
  File "sonar_get_min_dist.py", line 28, in sonar_callback
    self.back_left_min, self.back_right_min = self.process_sonar_data(data)
  File "sonar_get_min_dist.py", line 57, in process_sonar_data
    self.pub_dists(sonar_min_dist)
  File "sonar_get_min_dist.py", line 72, in pub_dists
    pub.publish(min_distances)
  File "/opt/ros/kinetic/lib/python2.7/dist-packages/rospy/topics.py", line 886, in publish
    raise ROSSerializationException(str(e))
ROSSerializationException: <class 'struct.error'>: 'required argument is not a float' when writing '0'

[rospy.topics][ERROR] 2025-03-27 14:39:18,517: Traceback (most recent call last):
  File "/opt/ros/kinetic/lib/python2.7/dist-packages/rospy/topics.py", line 882, in publish
    self.impl.publish(data)
  File "/opt/ros/kinetic/lib/python2.7/dist-packages/rospy/topics.py", line 1066, in publish
    serialize_message(b, self.seq, message)
  File "/opt/ros/kinetic/lib/python2.7/dist-packages/rospy/msg.py", line 152, in serialize_message
    msg.serialize(b)
  File "/opt/ros/kinetic/lib/python2.7/dist-packages/std_msgs/msg/_Float32MultiArray.py", line 113, in serialize
    except struct.error as se: self._check_types(struct.error("%s: '%s' when writing '%s'" % (type(se), str(se), str(locals().get('_x', self)))))
  File "/opt/ros/kinetic/lib/python2.7/dist-packages/genpy/message.py", line 385, in _check_types
    raise SerializationError(str(exc))
SerializationError: <class 'struct.error'>: 'required argument is not a float' when writing '0'

[rosout][ERROR] 2025-03-27 14:39:18,518: bad callback: <bound method SonarProcessor.sonar_callback of <__main__.SonarProcessor instance at 0x7fb7df3b41b8>>
Traceback (most recent call last):
  File "/opt/ros/kinetic/lib/python2.7/dist-packages/rospy/topics.py", line 750, in _invoke_callback
    cb(msg)
  File "sonar_get_min_dist.py", line 28, in sonar_callback
    self.back_left_min, self.back_right_min = self.process_sonar_data(data)
  File "sonar_get_min_dist.py", line 57, in process_sonar_data
    self.pub_dists(sonar_min_dist)
  File "sonar_get_min_dist.py", line 72, in pub_dists
    pub.publish(min_distances)
  File "/opt/ros/kinetic/lib/python2.7/dist-packages/rospy/topics.py", line 886, in publish
    raise ROSSerializationException(str(e))
ROSSerializationException: <class 'struct.error'>: 'required argument is not a float' when writing '0'

[rospy.topics][ERROR] 2025-03-27 14:39:18,620: Traceback (most recent call last):
  File "/opt/ros/kinetic/lib/python2.7/dist-packages/rospy/topics.py", line 882, in publish
    self.impl.publish(data)
  File "/opt/ros/kinetic/lib/python2.7/dist-packages/rospy/topics.py", line 1066, in publish
    serialize_message(b, self.seq, message)
  File "/opt/ros/kinetic/lib/python2.7/dist-packages/rospy/msg.py", line 152, in serialize_message
    msg.serialize(b)
  File "/opt/ros/kinetic/lib/python2.7/dist-packages/std_msgs/msg/_Float32MultiArray.py", line 113, in serialize
    except struct.error as se: self._check_types(struct.error("%s: '%s' when writing '%s'" % (type(se), str(se), str(locals().get('_x', self)))))
  File "/opt/ros/kinetic/lib/python2.7/dist-packages/genpy/message.py", line 385, in _check_types
    raise SerializationError(str(exc))
SerializationError: <class 'struct.error'>: 'required argument is not a float' when writing '0'

[rosout][ERROR] 2025-03-27 14:39:18,621: bad callback: <bound method SonarProcessor.sonar_callback of <__main__.SonarProcessor instance at 0x7fb7df3b41b8>>
Traceback (most recent call last):
  File "/opt/ros/kinetic/lib/python2.7/dist-packages/rospy/topics.py", line 750, in _invoke_callback
    cb(msg)
  File "sonar_get_min_dist.py", line 28, in sonar_callback
    self.back_left_min, self.back_right_min = self.process_sonar_data(data)
  File "sonar_get_min_dist.py", line 57, in process_sonar_data
    self.pub_dists(sonar_min_dist)
  File "sonar_get_min_dist.py", line 72, in pub_dists
    pub.publish(min_distances)
  File "/opt/ros/kinetic/lib/python2.7/dist-packages/rospy/topics.py", line 886, in publish
    raise ROSSerializationException(str(e))
ROSSerializationException: <class 'struct.error'>: 'required argument is not a float' when writing '0'

[rospy.topics][ERROR] 2025-03-27 14:39:18,717: Traceback (most recent call last):
  File "/opt/ros/kinetic/lib/python2.7/dist-packages/rospy/topics.py", line 882, in publish
    self.impl.publish(data)
  File "/opt/ros/kinetic/lib/python2.7/dist-packages/rospy/topics.py", line 1066, in publish
    serialize_message(b, self.seq, message)
  File "/opt/ros/kinetic/lib/python2.7/dist-packages/rospy/msg.py", line 152, in serialize_message
    msg.serialize(b)
  File "/opt/ros/kinetic/lib/python2.7/dist-packages/std_msgs/msg/_Float32MultiArray.py", line 113, in serialize
    except struct.error as se: self._check_types(struct.error("%s: '%s' when writing '%s'" % (type(se), str(se), str(locals().get('_x', self)))))
  File "/opt/ros/kinetic/lib/python2.7/dist-packages/genpy/message.py", line 385, in _check_types
    raise SerializationError(str(exc))
SerializationError: <class 'struct.error'>: 'required argument is not a float' when writing '0'

[rosout][ERROR] 2025-03-27 14:39:18,718: bad callback: <bound method SonarProcessor.sonar_callback of <__main__.SonarProcessor instance at 0x7fb7df3b41b8>>
Traceback (most recent call last):
  File "/opt/ros/kinetic/lib/python2.7/dist-packages/rospy/topics.py", line 750, in _invoke_callback
    cb(msg)
  File "sonar_get_min_dist.py", line 28, in sonar_callback
    self.back_left_min, self.back_right_min = self.process_sonar_data(data)
  File "sonar_get_min_dist.py", line 57, in process_sonar_data
    self.pub_dists(sonar_min_dist)
  File "sonar_get_min_dist.py", line 72, in pub_dists
    pub.publish(min_distances)
  File "/opt/ros/kinetic/lib/python2.7/dist-packages/rospy/topics.py", line 886, in publish
    raise ROSSerializationException(str(e))
ROSSerializationException: <class 'struct.error'>: 'required argument is not a float' when writing '0'

[rospy.topics][ERROR] 2025-03-27 14:39:18,821: Traceback (most recent call last):
  File "/opt/ros/kinetic/lib/python2.7/dist-packages/rospy/topics.py", line 882, in publish
    self.impl.publish(data)
  File "/opt/ros/kinetic/lib/python2.7/dist-packages/rospy/topics.py", line 1066, in publish
    serialize_message(b, self.seq, message)
  File "/opt/ros/kinetic/lib/python2.7/dist-packages/rospy/msg.py", line 152, in serialize_message
    msg.serialize(b)
  File "/opt/ros/kinetic/lib/python2.7/dist-packages/std_msgs/msg/_Float32MultiArray.py", line 113, in serialize
    except struct.error as se: self._check_types(struct.error("%s: '%s' when writing '%s'" % (type(se), str(se), str(locals().get('_x', self)))))
  File "/opt/ros/kinetic/lib/python2.7/dist-packages/genpy/message.py", line 385, in _check_types
    raise SerializationError(str(exc))
SerializationError: <class 'struct.error'>: 'required argument is not a float' when writing '0'

[rosout][ERROR] 2025-03-27 14:39:18,821: bad callback: <bound method SonarProcessor.sonar_callback of <__main__.SonarProcessor instance at 0x7fb7df3b41b8>>
Traceback (most recent call last):
  File "/opt/ros/kinetic/lib/python2.7/dist-packages/rospy/topics.py", line 750, in _invoke_callback
    cb(msg)
  File "sonar_get_min_dist.py", line 28, in sonar_callback
    self.back_left_min, self.back_right_min = self.process_sonar_data(data)
  File "sonar_get_min_dist.py", line 57, in process_sonar_data
    self.pub_dists(sonar_min_dist)
  File "sonar_get_min_dist.py", line 72, in pub_dists
    pub.publish(min_distances)
  File "/opt/ros/kinetic/lib/python2.7/dist-packages/rospy/topics.py", line 886, in publish
    raise ROSSerializationException(str(e))
ROSSerializationException: <class 'struct.error'>: 'required argument is not a float' when writing '0'

[rospy.topics][ERROR] 2025-03-27 14:39:18,917: Traceback (most recent call last):
  File "/opt/ros/kinetic/lib/python2.7/dist-packages/rospy/topics.py", line 882, in publish
    self.impl.publish(data)
  File "/opt/ros/kinetic/lib/python2.7/dist-packages/rospy/topics.py", line 1066, in publish
    serialize_message(b, self.seq, message)
  File "/opt/ros/kinetic/lib/python2.7/dist-packages/rospy/msg.py", line 152, in serialize_message
    msg.serialize(b)
  File "/opt/ros/kinetic/lib/python2.7/dist-packages/std_msgs/msg/_Float32MultiArray.py", line 113, in serialize
    except struct.error as se: self._check_types(struct.error("%s: '%s' when writing '%s'" % (type(se), str(se), str(locals().get('_x', self)))))
  File "/opt/ros/kinetic/lib/python2.7/dist-packages/genpy/message.py", line 385, in _check_types
    raise SerializationError(str(exc))
SerializationError: <class 'struct.error'>: 'required argument is not a float' when writing '0'

[rosout][ERROR] 2025-03-27 14:39:18,918: bad callback: <bound method SonarProcessor.sonar_callback of <__main__.SonarProcessor instance at 0x7fb7df3b41b8>>
Traceback (most recent call last):
  File "/opt/ros/kinetic/lib/python2.7/dist-packages/rospy/topics.py", line 750, in _invoke_callback
    cb(msg)
  File "sonar_get_min_dist.py", line 28, in sonar_callback
    self.back_left_min, self.back_right_min = self.process_sonar_data(data)
  File "sonar_get_min_dist.py", line 57, in process_sonar_data
    self.pub_dists(sonar_min_dist)
  File "sonar_get_min_dist.py", line 72, in pub_dists
    pub.publish(min_distances)
  File "/opt/ros/kinetic/lib/python2.7/dist-packages/rospy/topics.py", line 886, in publish
    raise ROSSerializationException(str(e))
ROSSerializationException: <class 'struct.error'>: 'required argument is not a float' when writing '0'

[rospy.topics][ERROR] 2025-03-27 14:39:19,021: Traceback (most recent call last):
  File "/opt/ros/kinetic/lib/python2.7/dist-packages/rospy/topics.py", line 882, in publish
    self.impl.publish(data)
  File "/opt/ros/kinetic/lib/python2.7/dist-packages/rospy/topics.py", line 1066, in publish
    serialize_message(b, self.seq, message)
  File "/opt/ros/kinetic/lib/python2.7/dist-packages/rospy/msg.py", line 152, in serialize_message
    msg.serialize(b)
  File "/opt/ros/kinetic/lib/python2.7/dist-packages/std_msgs/msg/_Float32MultiArray.py", line 113, in serialize
    except struct.error as se: self._check_types(struct.error("%s: '%s' when writing '%s'" % (type(se), str(se), str(locals().get('_x', self)))))
  File "/opt/ros/kinetic/lib/python2.7/dist-packages/genpy/message.py", line 385, in _check_types
    raise SerializationError(str(exc))
SerializationError: <class 'struct.error'>: 'required argument is not a float' when writing '0'

[rosout][ERROR] 2025-03-27 14:39:19,021: bad callback: <bound method SonarProcessor.sonar_callback of <__main__.SonarProcessor instance at 0x7fb7df3b41b8>>
Traceback (most recent call last):
  File "/opt/ros/kinetic/lib/python2.7/dist-packages/rospy/topics.py", line 750, in _invoke_callback
    cb(msg)
  File "sonar_get_min_dist.py", line 28, in sonar_callback
    self.back_left_min, self.back_right_min = self.process_sonar_data(data)
  File "sonar_get_min_dist.py", line 57, in process_sonar_data
    self.pub_dists(sonar_min_dist)
  File "sonar_get_min_dist.py", line 72, in pub_dists
    pub.publish(min_distances)
  File "/opt/ros/kinetic/lib/python2.7/dist-packages/rospy/topics.py", line 886, in publish
    raise ROSSerializationException(str(e))
ROSSerializationException: <class 'struct.error'>: 'required argument is not a float' when writing '0'

[rospy.topics][ERROR] 2025-03-27 14:39:19,118: Traceback (most recent call last):
  File "/opt/ros/kinetic/lib/python2.7/dist-packages/rospy/topics.py", line 882, in publish
    self.impl.publish(data)
  File "/opt/ros/kinetic/lib/python2.7/dist-packages/rospy/topics.py", line 1066, in publish
    serialize_message(b, self.seq, message)
  File "/opt/ros/kinetic/lib/python2.7/dist-packages/rospy/msg.py", line 152, in serialize_message
    msg.serialize(b)
  File "/opt/ros/kinetic/lib/python2.7/dist-packages/std_msgs/msg/_Float32MultiArray.py", line 113, in serialize
    except struct.error as se: self._check_types(struct.error("%s: '%s' when writing '%s'" % (type(se), str(se), str(locals().get('_x', self)))))
  File "/opt/ros/kinetic/lib/python2.7/dist-packages/genpy/message.py", line 385, in _check_types
    raise SerializationError(str(exc))
SerializationError: <class 'struct.error'>: 'required argument is not a float' when writing '0'

[rosout][ERROR] 2025-03-27 14:39:19,118: bad callback: <bound method SonarProcessor.sonar_callback of <__main__.SonarProcessor instance at 0x7fb7df3b41b8>>
Traceback (most recent call last):
  File "/opt/ros/kinetic/lib/python2.7/dist-packages/rospy/topics.py", line 750, in _invoke_callback
    cb(msg)
  File "sonar_get_min_dist.py", line 28, in sonar_callback
    self.back_left_min, self.back_right_min = self.process_sonar_data(data)
  File "sonar_get_min_dist.py", line 57, in process_sonar_data
    self.pub_dists(sonar_min_dist)
  File "sonar_get_min_dist.py", line 72, in pub_dists
    pub.publish(min_distances)
  File "/opt/ros/kinetic/lib/python2.7/dist-packages/rospy/topics.py", line 886, in publish
    raise ROSSerializationException(str(e))
ROSSerializationException: <class 'struct.error'>: 'required argument is not a float' when writing '0'

[rospy.topics][ERROR] 2025-03-27 14:39:19,221: Traceback (most recent call last):
  File "/opt/ros/kinetic/lib/python2.7/dist-packages/rospy/topics.py", line 882, in publish
    self.impl.publish(data)
  File "/opt/ros/kinetic/lib/python2.7/dist-packages/rospy/topics.py", line 1066, in publish
    serialize_message(b, self.seq, message)
  File "/opt/ros/kinetic/lib/python2.7/dist-packages/rospy/msg.py", line 152, in serialize_message
    msg.serialize(b)
  File "/opt/ros/kinetic/lib/python2.7/dist-packages/std_msgs/msg/_Float32MultiArray.py", line 113, in serialize
    except struct.error as se: self._check_types(struct.error("%s: '%s' when writing '%s'" % (type(se), str(se), str(locals().get('_x', self)))))
  File "/opt/ros/kinetic/lib/python2.7/dist-packages/genpy/message.py", line 385, in _check_types
    raise SerializationError(str(exc))
SerializationError: <class 'struct.error'>: 'required argument is not a float' when writing '0'

[rosout][ERROR] 2025-03-27 14:39:19,221: bad callback: <bound method SonarProcessor.sonar_callback of <__main__.SonarProcessor instance at 0x7fb7df3b41b8>>
Traceback (most recent call last):
  File "/opt/ros/kinetic/lib/python2.7/dist-packages/rospy/topics.py", line 750, in _invoke_callback
    cb(msg)
  File "sonar_get_min_dist.py", line 28, in sonar_callback
    self.back_left_min, self.back_right_min = self.process_sonar_data(data)
  File "sonar_get_min_dist.py", line 57, in process_sonar_data
    self.pub_dists(sonar_min_dist)
  File "sonar_get_min_dist.py", line 72, in pub_dists
    pub.publish(min_distances)
  File "/opt/ros/kinetic/lib/python2.7/dist-packages/rospy/topics.py", line 886, in publish
    raise ROSSerializationException(str(e))
ROSSerializationException: <class 'struct.error'>: 'required argument is not a float' when writing '0'

[rospy.topics][ERROR] 2025-03-27 14:39:19,318: Traceback (most recent call last):
  File "/opt/ros/kinetic/lib/python2.7/dist-packages/rospy/topics.py", line 882, in publish
    self.impl.publish(data)
  File "/opt/ros/kinetic/lib/python2.7/dist-packages/rospy/topics.py", line 1066, in publish
    serialize_message(b, self.seq, message)
  File "/opt/ros/kinetic/lib/python2.7/dist-packages/rospy/msg.py", line 152, in serialize_message
    msg.serialize(b)
  File "/opt/ros/kinetic/lib/python2.7/dist-packages/std_msgs/msg/_Float32MultiArray.py", line 113, in serialize
    except struct.error as se: self._check_types(struct.error("%s: '%s' when writing '%s'" % (type(se), str(se), str(locals().get('_x', self)))))
  File "/opt/ros/kinetic/lib/python2.7/dist-packages/genpy/message.py", line 385, in _check_types
    raise SerializationError(str(exc))
SerializationError: <class 'struct.error'>: 'required argument is not a float' when writing '0'

[rosout][ERROR] 2025-03-27 14:39:19,318: bad callback: <bound method SonarProcessor.sonar_callback of <__main__.SonarProcessor instance at 0x7fb7df3b41b8>>
Traceback (most recent call last):
  File "/opt/ros/kinetic/lib/python2.7/dist-packages/rospy/topics.py", line 750, in _invoke_callback
    cb(msg)
  File "sonar_get_min_dist.py", line 28, in sonar_callback
    self.back_left_min, self.back_right_min = self.process_sonar_data(data)
  File "sonar_get_min_dist.py", line 57, in process_sonar_data
    self.pub_dists(sonar_min_dist)
  File "sonar_get_min_dist.py", line 72, in pub_dists
    pub.publish(min_distances)
  File "/opt/ros/kinetic/lib/python2.7/dist-packages/rospy/topics.py", line 886, in publish
    raise ROSSerializationException(str(e))
ROSSerializationException: <class 'struct.error'>: 'required argument is not a float' when writing '0'

[rospy.topics][ERROR] 2025-03-27 14:39:19,421: Traceback (most recent call last):
  File "/opt/ros/kinetic/lib/python2.7/dist-packages/rospy/topics.py", line 882, in publish
    self.impl.publish(data)
  File "/opt/ros/kinetic/lib/python2.7/dist-packages/rospy/topics.py", line 1066, in publish
    serialize_message(b, self.seq, message)
  File "/opt/ros/kinetic/lib/python2.7/dist-packages/rospy/msg.py", line 152, in serialize_message
    msg.serialize(b)
  File "/opt/ros/kinetic/lib/python2.7/dist-packages/std_msgs/msg/_Float32MultiArray.py", line 113, in serialize
    except struct.error as se: self._check_types(struct.error("%s: '%s' when writing '%s'" % (type(se), str(se), str(locals().get('_x', self)))))
  File "/opt/ros/kinetic/lib/python2.7/dist-packages/genpy/message.py", line 385, in _check_types
    raise SerializationError(str(exc))
SerializationError: <class 'struct.error'>: 'required argument is not a float' when writing '0'

[rosout][ERROR] 2025-03-27 14:39:19,421: bad callback: <bound method SonarProcessor.sonar_callback of <__main__.SonarProcessor instance at 0x7fb7df3b41b8>>
Traceback (most recent call last):
  File "/opt/ros/kinetic/lib/python2.7/dist-packages/rospy/topics.py", line 750, in _invoke_callback
    cb(msg)
  File "sonar_get_min_dist.py", line 28, in sonar_callback
    self.back_left_min, self.back_right_min = self.process_sonar_data(data)
  File "sonar_get_min_dist.py", line 57, in process_sonar_data
    self.pub_dists(sonar_min_dist)
  File "sonar_get_min_dist.py", line 72, in pub_dists
    pub.publish(min_distances)
  File "/opt/ros/kinetic/lib/python2.7/dist-packages/rospy/topics.py", line 886, in publish
    raise ROSSerializationException(str(e))
ROSSerializationException: <class 'struct.error'>: 'required argument is not a float' when writing '0'

[rospy.topics][ERROR] 2025-03-27 14:39:19,518: Traceback (most recent call last):
  File "/opt/ros/kinetic/lib/python2.7/dist-packages/rospy/topics.py", line 882, in publish
    self.impl.publish(data)
  File "/opt/ros/kinetic/lib/python2.7/dist-packages/rospy/topics.py", line 1066, in publish
    serialize_message(b, self.seq, message)
  File "/opt/ros/kinetic/lib/python2.7/dist-packages/rospy/msg.py", line 152, in serialize_message
    msg.serialize(b)
  File "/opt/ros/kinetic/lib/python2.7/dist-packages/std_msgs/msg/_Float32MultiArray.py", line 113, in serialize
    except struct.error as se: self._check_types(struct.error("%s: '%s' when writing '%s'" % (type(se), str(se), str(locals().get('_x', self)))))
  File "/opt/ros/kinetic/lib/python2.7/dist-packages/genpy/message.py", line 385, in _check_types
    raise SerializationError(str(exc))
SerializationError: <class 'struct.error'>: 'required argument is not a float' when writing '0'

[rosout][ERROR] 2025-03-27 14:39:19,518: bad callback: <bound method SonarProcessor.sonar_callback of <__main__.SonarProcessor instance at 0x7fb7df3b41b8>>
Traceback (most recent call last):
  File "/opt/ros/kinetic/lib/python2.7/dist-packages/rospy/topics.py", line 750, in _invoke_callback
    cb(msg)
  File "sonar_get_min_dist.py", line 28, in sonar_callback
    self.back_left_min, self.back_right_min = self.process_sonar_data(data)
  File "sonar_get_min_dist.py", line 57, in process_sonar_data
    self.pub_dists(sonar_min_dist)
  File "sonar_get_min_dist.py", line 72, in pub_dists
    pub.publish(min_distances)
  File "/opt/ros/kinetic/lib/python2.7/dist-packages/rospy/topics.py", line 886, in publish
    raise ROSSerializationException(str(e))
ROSSerializationException: <class 'struct.error'>: 'required argument is not a float' when writing '0'

[rospy.topics][ERROR] 2025-03-27 14:39:19,621: Traceback (most recent call last):
  File "/opt/ros/kinetic/lib/python2.7/dist-packages/rospy/topics.py", line 882, in publish
    self.impl.publish(data)
  File "/opt/ros/kinetic/lib/python2.7/dist-packages/rospy/topics.py", line 1066, in publish
    serialize_message(b, self.seq, message)
  File "/opt/ros/kinetic/lib/python2.7/dist-packages/rospy/msg.py", line 152, in serialize_message
    msg.serialize(b)
  File "/opt/ros/kinetic/lib/python2.7/dist-packages/std_msgs/msg/_Float32MultiArray.py", line 113, in serialize
    except struct.error as se: self._check_types(struct.error("%s: '%s' when writing '%s'" % (type(se), str(se), str(locals().get('_x', self)))))
  File "/opt/ros/kinetic/lib/python2.7/dist-packages/genpy/message.py", line 385, in _check_types
    raise SerializationError(str(exc))
SerializationError: <class 'struct.error'>: 'required argument is not a float' when writing '0'

[rosout][ERROR] 2025-03-27 14:39:19,622: bad callback: <bound method SonarProcessor.sonar_callback of <__main__.SonarProcessor instance at 0x7fb7df3b41b8>>
Traceback (most recent call last):
  File "/opt/ros/kinetic/lib/python2.7/dist-packages/rospy/topics.py", line 750, in _invoke_callback
    cb(msg)
  File "sonar_get_min_dist.py", line 28, in sonar_callback
    self.back_left_min, self.back_right_min = self.process_sonar_data(data)
  File "sonar_get_min_dist.py", line 57, in process_sonar_data
    self.pub_dists(sonar_min_dist)
  File "sonar_get_min_dist.py", line 72, in pub_dists
    pub.publish(min_distances)
  File "/opt/ros/kinetic/lib/python2.7/dist-packages/rospy/topics.py", line 886, in publish
    raise ROSSerializationException(str(e))
ROSSerializationException: <class 'struct.error'>: 'required argument is not a float' when writing '0'

[rospy.topics][ERROR] 2025-03-27 14:39:19,718: Traceback (most recent call last):
  File "/opt/ros/kinetic/lib/python2.7/dist-packages/rospy/topics.py", line 882, in publish
    self.impl.publish(data)
  File "/opt/ros/kinetic/lib/python2.7/dist-packages/rospy/topics.py", line 1066, in publish
    serialize_message(b, self.seq, message)
  File "/opt/ros/kinetic/lib/python2.7/dist-packages/rospy/msg.py", line 152, in serialize_message
    msg.serialize(b)
  File "/opt/ros/kinetic/lib/python2.7/dist-packages/std_msgs/msg/_Float32MultiArray.py", line 113, in serialize
    except struct.error as se: self._check_types(struct.error("%s: '%s' when writing '%s'" % (type(se), str(se), str(locals().get('_x', self)))))
  File "/opt/ros/kinetic/lib/python2.7/dist-packages/genpy/message.py", line 385, in _check_types
    raise SerializationError(str(exc))
SerializationError: <class 'struct.error'>: 'required argument is not a float' when writing '0'

[rosout][ERROR] 2025-03-27 14:39:19,718: bad callback: <bound method SonarProcessor.sonar_callback of <__main__.SonarProcessor instance at 0x7fb7df3b41b8>>
Traceback (most recent call last):
  File "/opt/ros/kinetic/lib/python2.7/dist-packages/rospy/topics.py", line 750, in _invoke_callback
    cb(msg)
  File "sonar_get_min_dist.py", line 28, in sonar_callback
    self.back_left_min, self.back_right_min = self.process_sonar_data(data)
  File "sonar_get_min_dist.py", line 57, in process_sonar_data
    self.pub_dists(sonar_min_dist)
  File "sonar_get_min_dist.py", line 72, in pub_dists
    pub.publish(min_distances)
  File "/opt/ros/kinetic/lib/python2.7/dist-packages/rospy/topics.py", line 886, in publish
    raise ROSSerializationException(str(e))
ROSSerializationException: <class 'struct.error'>: 'required argument is not a float' when writing '0'

[rospy.topics][ERROR] 2025-03-27 14:39:19,821: Traceback (most recent call last):
  File "/opt/ros/kinetic/lib/python2.7/dist-packages/rospy/topics.py", line 882, in publish
    self.impl.publish(data)
  File "/opt/ros/kinetic/lib/python2.7/dist-packages/rospy/topics.py", line 1066, in publish
    serialize_message(b, self.seq, message)
  File "/opt/ros/kinetic/lib/python2.7/dist-packages/rospy/msg.py", line 152, in serialize_message
    msg.serialize(b)
  File "/opt/ros/kinetic/lib/python2.7/dist-packages/std_msgs/msg/_Float32MultiArray.py", line 113, in serialize
    except struct.error as se: self._check_types(struct.error("%s: '%s' when writing '%s'" % (type(se), str(se), str(locals().get('_x', self)))))
  File "/opt/ros/kinetic/lib/python2.7/dist-packages/genpy/message.py", line 385, in _check_types
    raise SerializationError(str(exc))
SerializationError: <class 'struct.error'>: 'required argument is not a float' when writing '0'

[rosout][ERROR] 2025-03-27 14:39:19,822: bad callback: <bound method SonarProcessor.sonar_callback of <__main__.SonarProcessor instance at 0x7fb7df3b41b8>>
Traceback (most recent call last):
  File "/opt/ros/kinetic/lib/python2.7/dist-packages/rospy/topics.py", line 750, in _invoke_callback
    cb(msg)
  File "sonar_get_min_dist.py", line 28, in sonar_callback
    self.back_left_min, self.back_right_min = self.process_sonar_data(data)
  File "sonar_get_min_dist.py", line 57, in process_sonar_data
    self.pub_dists(sonar_min_dist)
  File "sonar_get_min_dist.py", line 72, in pub_dists
    pub.publish(min_distances)
  File "/opt/ros/kinetic/lib/python2.7/dist-packages/rospy/topics.py", line 886, in publish
    raise ROSSerializationException(str(e))
ROSSerializationException: <class 'struct.error'>: 'required argument is not a float' when writing '0'

[rospy.topics][ERROR] 2025-03-27 14:39:19,918: Traceback (most recent call last):
  File "/opt/ros/kinetic/lib/python2.7/dist-packages/rospy/topics.py", line 882, in publish
    self.impl.publish(data)
  File "/opt/ros/kinetic/lib/python2.7/dist-packages/rospy/topics.py", line 1066, in publish
    serialize_message(b, self.seq, message)
  File "/opt/ros/kinetic/lib/python2.7/dist-packages/rospy/msg.py", line 152, in serialize_message
    msg.serialize(b)
  File "/opt/ros/kinetic/lib/python2.7/dist-packages/std_msgs/msg/_Float32MultiArray.py", line 113, in serialize
    except struct.error as se: self._check_types(struct.error("%s: '%s' when writing '%s'" % (type(se), str(se), str(locals().get('_x', self)))))
  File "/opt/ros/kinetic/lib/python2.7/dist-packages/genpy/message.py", line 385, in _check_types
    raise SerializationError(str(exc))
SerializationError: <class 'struct.error'>: 'required argument is not a float' when writing '0'

[rosout][ERROR] 2025-03-27 14:39:19,919: bad callback: <bound method SonarProcessor.sonar_callback of <__main__.SonarProcessor instance at 0x7fb7df3b41b8>>
Traceback (most recent call last):
  File "/opt/ros/kinetic/lib/python2.7/dist-packages/rospy/topics.py", line 750, in _invoke_callback
    cb(msg)
  File "sonar_get_min_dist.py", line 28, in sonar_callback
    self.back_left_min, self.back_right_min = self.process_sonar_data(data)
  File "sonar_get_min_dist.py", line 57, in process_sonar_data
    self.pub_dists(sonar_min_dist)
  File "sonar_get_min_dist.py", line 72, in pub_dists
    pub.publish(min_distances)
  File "/opt/ros/kinetic/lib/python2.7/dist-packages/rospy/topics.py", line 886, in publish
    raise ROSSerializationException(str(e))
ROSSerializationException: <class 'struct.error'>: 'required argument is not a float' when writing '0'

[rospy.topics][ERROR] 2025-03-27 14:39:20,021: Traceback (most recent call last):
  File "/opt/ros/kinetic/lib/python2.7/dist-packages/rospy/topics.py", line 882, in publish
    self.impl.publish(data)
  File "/opt/ros/kinetic/lib/python2.7/dist-packages/rospy/topics.py", line 1066, in publish
    serialize_message(b, self.seq, message)
  File "/opt/ros/kinetic/lib/python2.7/dist-packages/rospy/msg.py", line 152, in serialize_message
    msg.serialize(b)
  File "/opt/ros/kinetic/lib/python2.7/dist-packages/std_msgs/msg/_Float32MultiArray.py", line 113, in serialize
    except struct.error as se: self._check_types(struct.error("%s: '%s' when writing '%s'" % (type(se), str(se), str(locals().get('_x', self)))))
  File "/opt/ros/kinetic/lib/python2.7/dist-packages/genpy/message.py", line 385, in _check_types
    raise SerializationError(str(exc))
SerializationError: <class 'struct.error'>: 'required argument is not a float' when writing '0'

[rosout][ERROR] 2025-03-27 14:39:20,022: bad callback: <bound method SonarProcessor.sonar_callback of <__main__.SonarProcessor instance at 0x7fb7df3b41b8>>
Traceback (most recent call last):
  File "/opt/ros/kinetic/lib/python2.7/dist-packages/rospy/topics.py", line 750, in _invoke_callback
    cb(msg)
  File "sonar_get_min_dist.py", line 28, in sonar_callback
    self.back_left_min, self.back_right_min = self.process_sonar_data(data)
  File "sonar_get_min_dist.py", line 57, in process_sonar_data
    self.pub_dists(sonar_min_dist)
  File "sonar_get_min_dist.py", line 72, in pub_dists
    pub.publish(min_distances)
  File "/opt/ros/kinetic/lib/python2.7/dist-packages/rospy/topics.py", line 886, in publish
    raise ROSSerializationException(str(e))
ROSSerializationException: <class 'struct.error'>: 'required argument is not a float' when writing '0'

[rospy.topics][ERROR] 2025-03-27 14:39:20,118: Traceback (most recent call last):
  File "/opt/ros/kinetic/lib/python2.7/dist-packages/rospy/topics.py", line 882, in publish
    self.impl.publish(data)
  File "/opt/ros/kinetic/lib/python2.7/dist-packages/rospy/topics.py", line 1066, in publish
    serialize_message(b, self.seq, message)
  File "/opt/ros/kinetic/lib/python2.7/dist-packages/rospy/msg.py", line 152, in serialize_message
    msg.serialize(b)
  File "/opt/ros/kinetic/lib/python2.7/dist-packages/std_msgs/msg/_Float32MultiArray.py", line 113, in serialize
    except struct.error as se: self._check_types(struct.error("%s: '%s' when writing '%s'" % (type(se), str(se), str(locals().get('_x', self)))))
  File "/opt/ros/kinetic/lib/python2.7/dist-packages/genpy/message.py", line 385, in _check_types
    raise SerializationError(str(exc))
SerializationError: <class 'struct.error'>: 'required argument is not a float' when writing '0'

[rosout][ERROR] 2025-03-27 14:39:20,119: bad callback: <bound method SonarProcessor.sonar_callback of <__main__.SonarProcessor instance at 0x7fb7df3b41b8>>
Traceback (most recent call last):
  File "/opt/ros/kinetic/lib/python2.7/dist-packages/rospy/topics.py", line 750, in _invoke_callback
    cb(msg)
  File "sonar_get_min_dist.py", line 28, in sonar_callback
    self.back_left_min, self.back_right_min = self.process_sonar_data(data)
  File "sonar_get_min_dist.py", line 57, in process_sonar_data
    self.pub_dists(sonar_min_dist)
  File "sonar_get_min_dist.py", line 72, in pub_dists
    pub.publish(min_distances)
  File "/opt/ros/kinetic/lib/python2.7/dist-packages/rospy/topics.py", line 886, in publish
    raise ROSSerializationException(str(e))
ROSSerializationException: <class 'struct.error'>: 'required argument is not a float' when writing '0'

[rospy.topics][ERROR] 2025-03-27 14:39:20,221: Traceback (most recent call last):
  File "/opt/ros/kinetic/lib/python2.7/dist-packages/rospy/topics.py", line 882, in publish
    self.impl.publish(data)
  File "/opt/ros/kinetic/lib/python2.7/dist-packages/rospy/topics.py", line 1066, in publish
    serialize_message(b, self.seq, message)
  File "/opt/ros/kinetic/lib/python2.7/dist-packages/rospy/msg.py", line 152, in serialize_message
    msg.serialize(b)
  File "/opt/ros/kinetic/lib/python2.7/dist-packages/std_msgs/msg/_Float32MultiArray.py", line 113, in serialize
    except struct.error as se: self._check_types(struct.error("%s: '%s' when writing '%s'" % (type(se), str(se), str(locals().get('_x', self)))))
  File "/opt/ros/kinetic/lib/python2.7/dist-packages/genpy/message.py", line 385, in _check_types
    raise SerializationError(str(exc))
SerializationError: <class 'struct.error'>: 'required argument is not a float' when writing '0'

[rosout][ERROR] 2025-03-27 14:39:20,222: bad callback: <bound method SonarProcessor.sonar_callback of <__main__.SonarProcessor instance at 0x7fb7df3b41b8>>
Traceback (most recent call last):
  File "/opt/ros/kinetic/lib/python2.7/dist-packages/rospy/topics.py", line 750, in _invoke_callback
    cb(msg)
  File "sonar_get_min_dist.py", line 28, in sonar_callback
    self.back_left_min, self.back_right_min = self.process_sonar_data(data)
  File "sonar_get_min_dist.py", line 57, in process_sonar_data
    self.pub_dists(sonar_min_dist)
  File "sonar_get_min_dist.py", line 72, in pub_dists
    pub.publish(min_distances)
  File "/opt/ros/kinetic/lib/python2.7/dist-packages/rospy/topics.py", line 886, in publish
    raise ROSSerializationException(str(e))
ROSSerializationException: <class 'struct.error'>: 'required argument is not a float' when writing '0'

[rospy.topics][ERROR] 2025-03-27 14:39:20,318: Traceback (most recent call last):
  File "/opt/ros/kinetic/lib/python2.7/dist-packages/rospy/topics.py", line 882, in publish
    self.impl.publish(data)
  File "/opt/ros/kinetic/lib/python2.7/dist-packages/rospy/topics.py", line 1066, in publish
    serialize_message(b, self.seq, message)
  File "/opt/ros/kinetic/lib/python2.7/dist-packages/rospy/msg.py", line 152, in serialize_message
    msg.serialize(b)
  File "/opt/ros/kinetic/lib/python2.7/dist-packages/std_msgs/msg/_Float32MultiArray.py", line 113, in serialize
    except struct.error as se: self._check_types(struct.error("%s: '%s' when writing '%s'" % (type(se), str(se), str(locals().get('_x', self)))))
  File "/opt/ros/kinetic/lib/python2.7/dist-packages/genpy/message.py", line 385, in _check_types
    raise SerializationError(str(exc))
SerializationError: <class 'struct.error'>: 'required argument is not a float' when writing '0'

[rosout][ERROR] 2025-03-27 14:39:20,319: bad callback: <bound method SonarProcessor.sonar_callback of <__main__.SonarProcessor instance at 0x7fb7df3b41b8>>
Traceback (most recent call last):
  File "/opt/ros/kinetic/lib/python2.7/dist-packages/rospy/topics.py", line 750, in _invoke_callback
    cb(msg)
  File "sonar_get_min_dist.py", line 28, in sonar_callback
    self.back_left_min, self.back_right_min = self.process_sonar_data(data)
  File "sonar_get_min_dist.py", line 57, in process_sonar_data
    self.pub_dists(sonar_min_dist)
  File "sonar_get_min_dist.py", line 72, in pub_dists
    pub.publish(min_distances)
  File "/opt/ros/kinetic/lib/python2.7/dist-packages/rospy/topics.py", line 886, in publish
    raise ROSSerializationException(str(e))
ROSSerializationException: <class 'struct.error'>: 'required argument is not a float' when writing '0'

[rospy.topics][ERROR] 2025-03-27 14:39:20,421: Traceback (most recent call last):
  File "/opt/ros/kinetic/lib/python2.7/dist-packages/rospy/topics.py", line 882, in publish
    self.impl.publish(data)
  File "/opt/ros/kinetic/lib/python2.7/dist-packages/rospy/topics.py", line 1066, in publish
    serialize_message(b, self.seq, message)
  File "/opt/ros/kinetic/lib/python2.7/dist-packages/rospy/msg.py", line 152, in serialize_message
    msg.serialize(b)
  File "/opt/ros/kinetic/lib/python2.7/dist-packages/std_msgs/msg/_Float32MultiArray.py", line 113, in serialize
    except struct.error as se: self._check_types(struct.error("%s: '%s' when writing '%s'" % (type(se), str(se), str(locals().get('_x', self)))))
  File "/opt/ros/kinetic/lib/python2.7/dist-packages/genpy/message.py", line 385, in _check_types
    raise SerializationError(str(exc))
SerializationError: <class 'struct.error'>: 'required argument is not a float' when writing '0'

[rosout][ERROR] 2025-03-27 14:39:20,422: bad callback: <bound method SonarProcessor.sonar_callback of <__main__.SonarProcessor instance at 0x7fb7df3b41b8>>
Traceback (most recent call last):
  File "/opt/ros/kinetic/lib/python2.7/dist-packages/rospy/topics.py", line 750, in _invoke_callback
    cb(msg)
  File "sonar_get_min_dist.py", line 28, in sonar_callback
    self.back_left_min, self.back_right_min = self.process_sonar_data(data)
  File "sonar_get_min_dist.py", line 57, in process_sonar_data
    self.pub_dists(sonar_min_dist)
  File "sonar_get_min_dist.py", line 72, in pub_dists
    pub.publish(min_distances)
  File "/opt/ros/kinetic/lib/python2.7/dist-packages/rospy/topics.py", line 886, in publish
    raise ROSSerializationException(str(e))
ROSSerializationException: <class 'struct.error'>: 'required argument is not a float' when writing '0'

[rospy.topics][ERROR] 2025-03-27 14:39:20,518: Traceback (most recent call last):
  File "/opt/ros/kinetic/lib/python2.7/dist-packages/rospy/topics.py", line 882, in publish
    self.impl.publish(data)
  File "/opt/ros/kinetic/lib/python2.7/dist-packages/rospy/topics.py", line 1066, in publish
    serialize_message(b, self.seq, message)
  File "/opt/ros/kinetic/lib/python2.7/dist-packages/rospy/msg.py", line 152, in serialize_message
    msg.serialize(b)
  File "/opt/ros/kinetic/lib/python2.7/dist-packages/std_msgs/msg/_Float32MultiArray.py", line 113, in serialize
    except struct.error as se: self._check_types(struct.error("%s: '%s' when writing '%s'" % (type(se), str(se), str(locals().get('_x', self)))))
  File "/opt/ros/kinetic/lib/python2.7/dist-packages/genpy/message.py", line 385, in _check_types
    raise SerializationError(str(exc))
SerializationError: <class 'struct.error'>: 'required argument is not a float' when writing '0'

[rosout][ERROR] 2025-03-27 14:39:20,519: bad callback: <bound method SonarProcessor.sonar_callback of <__main__.SonarProcessor instance at 0x7fb7df3b41b8>>
Traceback (most recent call last):
  File "/opt/ros/kinetic/lib/python2.7/dist-packages/rospy/topics.py", line 750, in _invoke_callback
    cb(msg)
  File "sonar_get_min_dist.py", line 28, in sonar_callback
    self.back_left_min, self.back_right_min = self.process_sonar_data(data)
  File "sonar_get_min_dist.py", line 57, in process_sonar_data
    self.pub_dists(sonar_min_dist)
  File "sonar_get_min_dist.py", line 72, in pub_dists
    pub.publish(min_distances)
  File "/opt/ros/kinetic/lib/python2.7/dist-packages/rospy/topics.py", line 886, in publish
    raise ROSSerializationException(str(e))
ROSSerializationException: <class 'struct.error'>: 'required argument is not a float' when writing '0'

[rospy.topics][ERROR] 2025-03-27 14:39:20,621: Traceback (most recent call last):
  File "/opt/ros/kinetic/lib/python2.7/dist-packages/rospy/topics.py", line 882, in publish
    self.impl.publish(data)
  File "/opt/ros/kinetic/lib/python2.7/dist-packages/rospy/topics.py", line 1066, in publish
    serialize_message(b, self.seq, message)
  File "/opt/ros/kinetic/lib/python2.7/dist-packages/rospy/msg.py", line 152, in serialize_message
    msg.serialize(b)
  File "/opt/ros/kinetic/lib/python2.7/dist-packages/std_msgs/msg/_Float32MultiArray.py", line 113, in serialize
    except struct.error as se: self._check_types(struct.error("%s: '%s' when writing '%s'" % (type(se), str(se), str(locals().get('_x', self)))))
  File "/opt/ros/kinetic/lib/python2.7/dist-packages/genpy/message.py", line 385, in _check_types
    raise SerializationError(str(exc))
SerializationError: <class 'struct.error'>: 'required argument is not a float' when writing '0'

[rosout][ERROR] 2025-03-27 14:39:20,622: bad callback: <bound method SonarProcessor.sonar_callback of <__main__.SonarProcessor instance at 0x7fb7df3b41b8>>
Traceback (most recent call last):
  File "/opt/ros/kinetic/lib/python2.7/dist-packages/rospy/topics.py", line 750, in _invoke_callback
    cb(msg)
  File "sonar_get_min_dist.py", line 28, in sonar_callback
    self.back_left_min, self.back_right_min = self.process_sonar_data(data)
  File "sonar_get_min_dist.py", line 57, in process_sonar_data
    self.pub_dists(sonar_min_dist)
  File "sonar_get_min_dist.py", line 72, in pub_dists
    pub.publish(min_distances)
  File "/opt/ros/kinetic/lib/python2.7/dist-packages/rospy/topics.py", line 886, in publish
    raise ROSSerializationException(str(e))
ROSSerializationException: <class 'struct.error'>: 'required argument is not a float' when writing '0'

[rospy.topics][ERROR] 2025-03-27 14:39:20,718: Traceback (most recent call last):
  File "/opt/ros/kinetic/lib/python2.7/dist-packages/rospy/topics.py", line 882, in publish
    self.impl.publish(data)
  File "/opt/ros/kinetic/lib/python2.7/dist-packages/rospy/topics.py", line 1066, in publish
    serialize_message(b, self.seq, message)
  File "/opt/ros/kinetic/lib/python2.7/dist-packages/rospy/msg.py", line 152, in serialize_message
    msg.serialize(b)
  File "/opt/ros/kinetic/lib/python2.7/dist-packages/std_msgs/msg/_Float32MultiArray.py", line 113, in serialize
    except struct.error as se: self._check_types(struct.error("%s: '%s' when writing '%s'" % (type(se), str(se), str(locals().get('_x', self)))))
  File "/opt/ros/kinetic/lib/python2.7/dist-packages/genpy/message.py", line 385, in _check_types
    raise SerializationError(str(exc))
SerializationError: <class 'struct.error'>: 'required argument is not a float' when writing '0'

[rosout][ERROR] 2025-03-27 14:39:20,719: bad callback: <bound method SonarProcessor.sonar_callback of <__main__.SonarProcessor instance at 0x7fb7df3b41b8>>
Traceback (most recent call last):
  File "/opt/ros/kinetic/lib/python2.7/dist-packages/rospy/topics.py", line 750, in _invoke_callback
    cb(msg)
  File "sonar_get_min_dist.py", line 28, in sonar_callback
    self.back_left_min, self.back_right_min = self.process_sonar_data(data)
  File "sonar_get_min_dist.py", line 57, in process_sonar_data
    self.pub_dists(sonar_min_dist)
  File "sonar_get_min_dist.py", line 72, in pub_dists
    pub.publish(min_distances)
  File "/opt/ros/kinetic/lib/python2.7/dist-packages/rospy/topics.py", line 886, in publish
    raise ROSSerializationException(str(e))
ROSSerializationException: <class 'struct.error'>: 'required argument is not a float' when writing '0'

[rospy.topics][ERROR] 2025-03-27 14:39:20,821: Traceback (most recent call last):
  File "/opt/ros/kinetic/lib/python2.7/dist-packages/rospy/topics.py", line 882, in publish
    self.impl.publish(data)
  File "/opt/ros/kinetic/lib/python2.7/dist-packages/rospy/topics.py", line 1066, in publish
    serialize_message(b, self.seq, message)
  File "/opt/ros/kinetic/lib/python2.7/dist-packages/rospy/msg.py", line 152, in serialize_message
    msg.serialize(b)
  File "/opt/ros/kinetic/lib/python2.7/dist-packages/std_msgs/msg/_Float32MultiArray.py", line 113, in serialize
    except struct.error as se: self._check_types(struct.error("%s: '%s' when writing '%s'" % (type(se), str(se), str(locals().get('_x', self)))))
  File "/opt/ros/kinetic/lib/python2.7/dist-packages/genpy/message.py", line 385, in _check_types
    raise SerializationError(str(exc))
SerializationError: <class 'struct.error'>: 'required argument is not a float' when writing '0'

[rosout][ERROR] 2025-03-27 14:39:20,822: bad callback: <bound method SonarProcessor.sonar_callback of <__main__.SonarProcessor instance at 0x7fb7df3b41b8>>
Traceback (most recent call last):
  File "/opt/ros/kinetic/lib/python2.7/dist-packages/rospy/topics.py", line 750, in _invoke_callback
    cb(msg)
  File "sonar_get_min_dist.py", line 28, in sonar_callback
    self.back_left_min, self.back_right_min = self.process_sonar_data(data)
  File "sonar_get_min_dist.py", line 57, in process_sonar_data
    self.pub_dists(sonar_min_dist)
  File "sonar_get_min_dist.py", line 72, in pub_dists
    pub.publish(min_distances)
  File "/opt/ros/kinetic/lib/python2.7/dist-packages/rospy/topics.py", line 886, in publish
    raise ROSSerializationException(str(e))
ROSSerializationException: <class 'struct.error'>: 'required argument is not a float' when writing '0'

[rospy.topics][ERROR] 2025-03-27 14:39:20,918: Traceback (most recent call last):
  File "/opt/ros/kinetic/lib/python2.7/dist-packages/rospy/topics.py", line 882, in publish
    self.impl.publish(data)
  File "/opt/ros/kinetic/lib/python2.7/dist-packages/rospy/topics.py", line 1066, in publish
    serialize_message(b, self.seq, message)
  File "/opt/ros/kinetic/lib/python2.7/dist-packages/rospy/msg.py", line 152, in serialize_message
    msg.serialize(b)
  File "/opt/ros/kinetic/lib/python2.7/dist-packages/std_msgs/msg/_Float32MultiArray.py", line 113, in serialize
    except struct.error as se: self._check_types(struct.error("%s: '%s' when writing '%s'" % (type(se), str(se), str(locals().get('_x', self)))))
  File "/opt/ros/kinetic/lib/python2.7/dist-packages/genpy/message.py", line 385, in _check_types
    raise SerializationError(str(exc))
SerializationError: <class 'struct.error'>: 'required argument is not a float' when writing '0'

[rosout][ERROR] 2025-03-27 14:39:20,919: bad callback: <bound method SonarProcessor.sonar_callback of <__main__.SonarProcessor instance at 0x7fb7df3b41b8>>
Traceback (most recent call last):
  File "/opt/ros/kinetic/lib/python2.7/dist-packages/rospy/topics.py", line 750, in _invoke_callback
    cb(msg)
  File "sonar_get_min_dist.py", line 28, in sonar_callback
    self.back_left_min, self.back_right_min = self.process_sonar_data(data)
  File "sonar_get_min_dist.py", line 57, in process_sonar_data
    self.pub_dists(sonar_min_dist)
  File "sonar_get_min_dist.py", line 72, in pub_dists
    pub.publish(min_distances)
  File "/opt/ros/kinetic/lib/python2.7/dist-packages/rospy/topics.py", line 886, in publish
    raise ROSSerializationException(str(e))
ROSSerializationException: <class 'struct.error'>: 'required argument is not a float' when writing '0'

[rospy.topics][ERROR] 2025-03-27 14:39:21,022: Traceback (most recent call last):
  File "/opt/ros/kinetic/lib/python2.7/dist-packages/rospy/topics.py", line 882, in publish
    self.impl.publish(data)
  File "/opt/ros/kinetic/lib/python2.7/dist-packages/rospy/topics.py", line 1066, in publish
    serialize_message(b, self.seq, message)
  File "/opt/ros/kinetic/lib/python2.7/dist-packages/rospy/msg.py", line 152, in serialize_message
    msg.serialize(b)
  File "/opt/ros/kinetic/lib/python2.7/dist-packages/std_msgs/msg/_Float32MultiArray.py", line 113, in serialize
    except struct.error as se: self._check_types(struct.error("%s: '%s' when writing '%s'" % (type(se), str(se), str(locals().get('_x', self)))))
  File "/opt/ros/kinetic/lib/python2.7/dist-packages/genpy/message.py", line 385, in _check_types
    raise SerializationError(str(exc))
SerializationError: <class 'struct.error'>: 'required argument is not a float' when writing '0'

[rosout][ERROR] 2025-03-27 14:39:21,022: bad callback: <bound method SonarProcessor.sonar_callback of <__main__.SonarProcessor instance at 0x7fb7df3b41b8>>
Traceback (most recent call last):
  File "/opt/ros/kinetic/lib/python2.7/dist-packages/rospy/topics.py", line 750, in _invoke_callback
    cb(msg)
  File "sonar_get_min_dist.py", line 28, in sonar_callback
    self.back_left_min, self.back_right_min = self.process_sonar_data(data)
  File "sonar_get_min_dist.py", line 57, in process_sonar_data
    self.pub_dists(sonar_min_dist)
  File "sonar_get_min_dist.py", line 72, in pub_dists
    pub.publish(min_distances)
  File "/opt/ros/kinetic/lib/python2.7/dist-packages/rospy/topics.py", line 886, in publish
    raise ROSSerializationException(str(e))
ROSSerializationException: <class 'struct.error'>: 'required argument is not a float' when writing '0'

[rospy.topics][ERROR] 2025-03-27 14:39:21,118: Traceback (most recent call last):
  File "/opt/ros/kinetic/lib/python2.7/dist-packages/rospy/topics.py", line 882, in publish
    self.impl.publish(data)
  File "/opt/ros/kinetic/lib/python2.7/dist-packages/rospy/topics.py", line 1066, in publish
    serialize_message(b, self.seq, message)
  File "/opt/ros/kinetic/lib/python2.7/dist-packages/rospy/msg.py", line 152, in serialize_message
    msg.serialize(b)
  File "/opt/ros/kinetic/lib/python2.7/dist-packages/std_msgs/msg/_Float32MultiArray.py", line 113, in serialize
    except struct.error as se: self._check_types(struct.error("%s: '%s' when writing '%s'" % (type(se), str(se), str(locals().get('_x', self)))))
  File "/opt/ros/kinetic/lib/python2.7/dist-packages/genpy/message.py", line 385, in _check_types
    raise SerializationError(str(exc))
SerializationError: <class 'struct.error'>: 'required argument is not a float' when writing '0'

[rosout][ERROR] 2025-03-27 14:39:21,119: bad callback: <bound method SonarProcessor.sonar_callback of <__main__.SonarProcessor instance at 0x7fb7df3b41b8>>
Traceback (most recent call last):
  File "/opt/ros/kinetic/lib/python2.7/dist-packages/rospy/topics.py", line 750, in _invoke_callback
    cb(msg)
  File "sonar_get_min_dist.py", line 28, in sonar_callback
    self.back_left_min, self.back_right_min = self.process_sonar_data(data)
  File "sonar_get_min_dist.py", line 57, in process_sonar_data
    self.pub_dists(sonar_min_dist)
  File "sonar_get_min_dist.py", line 72, in pub_dists
    pub.publish(min_distances)
  File "/opt/ros/kinetic/lib/python2.7/dist-packages/rospy/topics.py", line 886, in publish
    raise ROSSerializationException(str(e))
ROSSerializationException: <class 'struct.error'>: 'required argument is not a float' when writing '0'

[rospy.topics][ERROR] 2025-03-27 14:39:21,222: Traceback (most recent call last):
  File "/opt/ros/kinetic/lib/python2.7/dist-packages/rospy/topics.py", line 882, in publish
    self.impl.publish(data)
  File "/opt/ros/kinetic/lib/python2.7/dist-packages/rospy/topics.py", line 1066, in publish
    serialize_message(b, self.seq, message)
  File "/opt/ros/kinetic/lib/python2.7/dist-packages/rospy/msg.py", line 152, in serialize_message
    msg.serialize(b)
  File "/opt/ros/kinetic/lib/python2.7/dist-packages/std_msgs/msg/_Float32MultiArray.py", line 113, in serialize
    except struct.error as se: self._check_types(struct.error("%s: '%s' when writing '%s'" % (type(se), str(se), str(locals().get('_x', self)))))
  File "/opt/ros/kinetic/lib/python2.7/dist-packages/genpy/message.py", line 385, in _check_types
    raise SerializationError(str(exc))
SerializationError: <class 'struct.error'>: 'required argument is not a float' when writing '0'

[rosout][ERROR] 2025-03-27 14:39:21,222: bad callback: <bound method SonarProcessor.sonar_callback of <__main__.SonarProcessor instance at 0x7fb7df3b41b8>>
Traceback (most recent call last):
  File "/opt/ros/kinetic/lib/python2.7/dist-packages/rospy/topics.py", line 750, in _invoke_callback
    cb(msg)
  File "sonar_get_min_dist.py", line 28, in sonar_callback
    self.back_left_min, self.back_right_min = self.process_sonar_data(data)
  File "sonar_get_min_dist.py", line 57, in process_sonar_data
    self.pub_dists(sonar_min_dist)
  File "sonar_get_min_dist.py", line 72, in pub_dists
    pub.publish(min_distances)
  File "/opt/ros/kinetic/lib/python2.7/dist-packages/rospy/topics.py", line 886, in publish
    raise ROSSerializationException(str(e))
ROSSerializationException: <class 'struct.error'>: 'required argument is not a float' when writing '0'

[rospy.topics][ERROR] 2025-03-27 14:39:21,319: Traceback (most recent call last):
  File "/opt/ros/kinetic/lib/python2.7/dist-packages/rospy/topics.py", line 882, in publish
    self.impl.publish(data)
  File "/opt/ros/kinetic/lib/python2.7/dist-packages/rospy/topics.py", line 1066, in publish
    serialize_message(b, self.seq, message)
  File "/opt/ros/kinetic/lib/python2.7/dist-packages/rospy/msg.py", line 152, in serialize_message
    msg.serialize(b)
  File "/opt/ros/kinetic/lib/python2.7/dist-packages/std_msgs/msg/_Float32MultiArray.py", line 113, in serialize
    except struct.error as se: self._check_types(struct.error("%s: '%s' when writing '%s'" % (type(se), str(se), str(locals().get('_x', self)))))
  File "/opt/ros/kinetic/lib/python2.7/dist-packages/genpy/message.py", line 385, in _check_types
    raise SerializationError(str(exc))
SerializationError: <class 'struct.error'>: 'required argument is not a float' when writing '0'

[rosout][ERROR] 2025-03-27 14:39:21,319: bad callback: <bound method SonarProcessor.sonar_callback of <__main__.SonarProcessor instance at 0x7fb7df3b41b8>>
Traceback (most recent call last):
  File "/opt/ros/kinetic/lib/python2.7/dist-packages/rospy/topics.py", line 750, in _invoke_callback
    cb(msg)
  File "sonar_get_min_dist.py", line 28, in sonar_callback
    self.back_left_min, self.back_right_min = self.process_sonar_data(data)
  File "sonar_get_min_dist.py", line 57, in process_sonar_data
    self.pub_dists(sonar_min_dist)
  File "sonar_get_min_dist.py", line 72, in pub_dists
    pub.publish(min_distances)
  File "/opt/ros/kinetic/lib/python2.7/dist-packages/rospy/topics.py", line 886, in publish
    raise ROSSerializationException(str(e))
ROSSerializationException: <class 'struct.error'>: 'required argument is not a float' when writing '0'

[rospy.topics][ERROR] 2025-03-27 14:39:21,422: Traceback (most recent call last):
  File "/opt/ros/kinetic/lib/python2.7/dist-packages/rospy/topics.py", line 882, in publish
    self.impl.publish(data)
  File "/opt/ros/kinetic/lib/python2.7/dist-packages/rospy/topics.py", line 1066, in publish
    serialize_message(b, self.seq, message)
  File "/opt/ros/kinetic/lib/python2.7/dist-packages/rospy/msg.py", line 152, in serialize_message
    msg.serialize(b)
  File "/opt/ros/kinetic/lib/python2.7/dist-packages/std_msgs/msg/_Float32MultiArray.py", line 113, in serialize
    except struct.error as se: self._check_types(struct.error("%s: '%s' when writing '%s'" % (type(se), str(se), str(locals().get('_x', self)))))
  File "/opt/ros/kinetic/lib/python2.7/dist-packages/genpy/message.py", line 385, in _check_types
    raise SerializationError(str(exc))
SerializationError: <class 'struct.error'>: 'required argument is not a float' when writing '0'

[rosout][ERROR] 2025-03-27 14:39:21,422: bad callback: <bound method SonarProcessor.sonar_callback of <__main__.SonarProcessor instance at 0x7fb7df3b41b8>>
Traceback (most recent call last):
  File "/opt/ros/kinetic/lib/python2.7/dist-packages/rospy/topics.py", line 750, in _invoke_callback
    cb(msg)
  File "sonar_get_min_dist.py", line 28, in sonar_callback
    self.back_left_min, self.back_right_min = self.process_sonar_data(data)
  File "sonar_get_min_dist.py", line 57, in process_sonar_data
    self.pub_dists(sonar_min_dist)
  File "sonar_get_min_dist.py", line 72, in pub_dists
    pub.publish(min_distances)
  File "/opt/ros/kinetic/lib/python2.7/dist-packages/rospy/topics.py", line 886, in publish
    raise ROSSerializationException(str(e))
ROSSerializationException: <class 'struct.error'>: 'required argument is not a float' when writing '0'

[rospy.topics][ERROR] 2025-03-27 14:39:21,519: Traceback (most recent call last):
  File "/opt/ros/kinetic/lib/python2.7/dist-packages/rospy/topics.py", line 882, in publish
    self.impl.publish(data)
  File "/opt/ros/kinetic/lib/python2.7/dist-packages/rospy/topics.py", line 1066, in publish
    serialize_message(b, self.seq, message)
  File "/opt/ros/kinetic/lib/python2.7/dist-packages/rospy/msg.py", line 152, in serialize_message
    msg.serialize(b)
  File "/opt/ros/kinetic/lib/python2.7/dist-packages/std_msgs/msg/_Float32MultiArray.py", line 113, in serialize
    except struct.error as se: self._check_types(struct.error("%s: '%s' when writing '%s'" % (type(se), str(se), str(locals().get('_x', self)))))
  File "/opt/ros/kinetic/lib/python2.7/dist-packages/genpy/message.py", line 385, in _check_types
    raise SerializationError(str(exc))
SerializationError: <class 'struct.error'>: 'required argument is not a float' when writing '0'

[rosout][ERROR] 2025-03-27 14:39:21,519: bad callback: <bound method SonarProcessor.sonar_callback of <__main__.SonarProcessor instance at 0x7fb7df3b41b8>>
Traceback (most recent call last):
  File "/opt/ros/kinetic/lib/python2.7/dist-packages/rospy/topics.py", line 750, in _invoke_callback
    cb(msg)
  File "sonar_get_min_dist.py", line 28, in sonar_callback
    self.back_left_min, self.back_right_min = self.process_sonar_data(data)
  File "sonar_get_min_dist.py", line 57, in process_sonar_data
    self.pub_dists(sonar_min_dist)
  File "sonar_get_min_dist.py", line 72, in pub_dists
    pub.publish(min_distances)
  File "/opt/ros/kinetic/lib/python2.7/dist-packages/rospy/topics.py", line 886, in publish
    raise ROSSerializationException(str(e))
ROSSerializationException: <class 'struct.error'>: 'required argument is not a float' when writing '0'

[rospy.topics][ERROR] 2025-03-27 14:39:21,622: Traceback (most recent call last):
  File "/opt/ros/kinetic/lib/python2.7/dist-packages/rospy/topics.py", line 882, in publish
    self.impl.publish(data)
  File "/opt/ros/kinetic/lib/python2.7/dist-packages/rospy/topics.py", line 1066, in publish
    serialize_message(b, self.seq, message)
  File "/opt/ros/kinetic/lib/python2.7/dist-packages/rospy/msg.py", line 152, in serialize_message
    msg.serialize(b)
  File "/opt/ros/kinetic/lib/python2.7/dist-packages/std_msgs/msg/_Float32MultiArray.py", line 113, in serialize
    except struct.error as se: self._check_types(struct.error("%s: '%s' when writing '%s'" % (type(se), str(se), str(locals().get('_x', self)))))
  File "/opt/ros/kinetic/lib/python2.7/dist-packages/genpy/message.py", line 385, in _check_types
    raise SerializationError(str(exc))
SerializationError: <class 'struct.error'>: 'required argument is not a float' when writing '0'

[rosout][ERROR] 2025-03-27 14:39:21,622: bad callback: <bound method SonarProcessor.sonar_callback of <__main__.SonarProcessor instance at 0x7fb7df3b41b8>>
Traceback (most recent call last):
  File "/opt/ros/kinetic/lib/python2.7/dist-packages/rospy/topics.py", line 750, in _invoke_callback
    cb(msg)
  File "sonar_get_min_dist.py", line 28, in sonar_callback
    self.back_left_min, self.back_right_min = self.process_sonar_data(data)
  File "sonar_get_min_dist.py", line 57, in process_sonar_data
    self.pub_dists(sonar_min_dist)
  File "sonar_get_min_dist.py", line 72, in pub_dists
    pub.publish(min_distances)
  File "/opt/ros/kinetic/lib/python2.7/dist-packages/rospy/topics.py", line 886, in publish
    raise ROSSerializationException(str(e))
ROSSerializationException: <class 'struct.error'>: 'required argument is not a float' when writing '0'

[rospy.topics][ERROR] 2025-03-27 14:39:21,719: Traceback (most recent call last):
  File "/opt/ros/kinetic/lib/python2.7/dist-packages/rospy/topics.py", line 882, in publish
    self.impl.publish(data)
  File "/opt/ros/kinetic/lib/python2.7/dist-packages/rospy/topics.py", line 1066, in publish
    serialize_message(b, self.seq, message)
  File "/opt/ros/kinetic/lib/python2.7/dist-packages/rospy/msg.py", line 152, in serialize_message
    msg.serialize(b)
  File "/opt/ros/kinetic/lib/python2.7/dist-packages/std_msgs/msg/_Float32MultiArray.py", line 113, in serialize
    except struct.error as se: self._check_types(struct.error("%s: '%s' when writing '%s'" % (type(se), str(se), str(locals().get('_x', self)))))
  File "/opt/ros/kinetic/lib/python2.7/dist-packages/genpy/message.py", line 385, in _check_types
    raise SerializationError(str(exc))
SerializationError: <class 'struct.error'>: 'required argument is not a float' when writing '0'

[rosout][ERROR] 2025-03-27 14:39:21,719: bad callback: <bound method SonarProcessor.sonar_callback of <__main__.SonarProcessor instance at 0x7fb7df3b41b8>>
Traceback (most recent call last):
  File "/opt/ros/kinetic/lib/python2.7/dist-packages/rospy/topics.py", line 750, in _invoke_callback
    cb(msg)
  File "sonar_get_min_dist.py", line 28, in sonar_callback
    self.back_left_min, self.back_right_min = self.process_sonar_data(data)
  File "sonar_get_min_dist.py", line 57, in process_sonar_data
    self.pub_dists(sonar_min_dist)
  File "sonar_get_min_dist.py", line 72, in pub_dists
    pub.publish(min_distances)
  File "/opt/ros/kinetic/lib/python2.7/dist-packages/rospy/topics.py", line 886, in publish
    raise ROSSerializationException(str(e))
ROSSerializationException: <class 'struct.error'>: 'required argument is not a float' when writing '0'

[rospy.topics][ERROR] 2025-03-27 14:39:21,822: Traceback (most recent call last):
  File "/opt/ros/kinetic/lib/python2.7/dist-packages/rospy/topics.py", line 882, in publish
    self.impl.publish(data)
  File "/opt/ros/kinetic/lib/python2.7/dist-packages/rospy/topics.py", line 1066, in publish
    serialize_message(b, self.seq, message)
  File "/opt/ros/kinetic/lib/python2.7/dist-packages/rospy/msg.py", line 152, in serialize_message
    msg.serialize(b)
  File "/opt/ros/kinetic/lib/python2.7/dist-packages/std_msgs/msg/_Float32MultiArray.py", line 113, in serialize
    except struct.error as se: self._check_types(struct.error("%s: '%s' when writing '%s'" % (type(se), str(se), str(locals().get('_x', self)))))
  File "/opt/ros/kinetic/lib/python2.7/dist-packages/genpy/message.py", line 385, in _check_types
    raise SerializationError(str(exc))
SerializationError: <class 'struct.error'>: 'required argument is not a float' when writing '0'

[rosout][ERROR] 2025-03-27 14:39:21,822: bad callback: <bound method SonarProcessor.sonar_callback of <__main__.SonarProcessor instance at 0x7fb7df3b41b8>>
Traceback (most recent call last):
  File "/opt/ros/kinetic/lib/python2.7/dist-packages/rospy/topics.py", line 750, in _invoke_callback
    cb(msg)
  File "sonar_get_min_dist.py", line 28, in sonar_callback
    self.back_left_min, self.back_right_min = self.process_sonar_data(data)
  File "sonar_get_min_dist.py", line 57, in process_sonar_data
    self.pub_dists(sonar_min_dist)
  File "sonar_get_min_dist.py", line 72, in pub_dists
    pub.publish(min_distances)
  File "/opt/ros/kinetic/lib/python2.7/dist-packages/rospy/topics.py", line 886, in publish
    raise ROSSerializationException(str(e))
ROSSerializationException: <class 'struct.error'>: 'required argument is not a float' when writing '0'

[rospy.topics][ERROR] 2025-03-27 14:39:21,919: Traceback (most recent call last):
  File "/opt/ros/kinetic/lib/python2.7/dist-packages/rospy/topics.py", line 882, in publish
    self.impl.publish(data)
  File "/opt/ros/kinetic/lib/python2.7/dist-packages/rospy/topics.py", line 1066, in publish
    serialize_message(b, self.seq, message)
  File "/opt/ros/kinetic/lib/python2.7/dist-packages/rospy/msg.py", line 152, in serialize_message
    msg.serialize(b)
  File "/opt/ros/kinetic/lib/python2.7/dist-packages/std_msgs/msg/_Float32MultiArray.py", line 113, in serialize
    except struct.error as se: self._check_types(struct.error("%s: '%s' when writing '%s'" % (type(se), str(se), str(locals().get('_x', self)))))
  File "/opt/ros/kinetic/lib/python2.7/dist-packages/genpy/message.py", line 385, in _check_types
    raise SerializationError(str(exc))
SerializationError: <class 'struct.error'>: 'required argument is not a float' when writing '0'

[rosout][ERROR] 2025-03-27 14:39:21,919: bad callback: <bound method SonarProcessor.sonar_callback of <__main__.SonarProcessor instance at 0x7fb7df3b41b8>>
Traceback (most recent call last):
  File "/opt/ros/kinetic/lib/python2.7/dist-packages/rospy/topics.py", line 750, in _invoke_callback
    cb(msg)
  File "sonar_get_min_dist.py", line 28, in sonar_callback
    self.back_left_min, self.back_right_min = self.process_sonar_data(data)
  File "sonar_get_min_dist.py", line 57, in process_sonar_data
    self.pub_dists(sonar_min_dist)
  File "sonar_get_min_dist.py", line 72, in pub_dists
    pub.publish(min_distances)
  File "/opt/ros/kinetic/lib/python2.7/dist-packages/rospy/topics.py", line 886, in publish
    raise ROSSerializationException(str(e))
ROSSerializationException: <class 'struct.error'>: 'required argument is not a float' when writing '0'

[rospy.topics][ERROR] 2025-03-27 14:39:22,022: Traceback (most recent call last):
  File "/opt/ros/kinetic/lib/python2.7/dist-packages/rospy/topics.py", line 882, in publish
    self.impl.publish(data)
  File "/opt/ros/kinetic/lib/python2.7/dist-packages/rospy/topics.py", line 1066, in publish
    serialize_message(b, self.seq, message)
  File "/opt/ros/kinetic/lib/python2.7/dist-packages/rospy/msg.py", line 152, in serialize_message
    msg.serialize(b)
  File "/opt/ros/kinetic/lib/python2.7/dist-packages/std_msgs/msg/_Float32MultiArray.py", line 113, in serialize
    except struct.error as se: self._check_types(struct.error("%s: '%s' when writing '%s'" % (type(se), str(se), str(locals().get('_x', self)))))
  File "/opt/ros/kinetic/lib/python2.7/dist-packages/genpy/message.py", line 385, in _check_types
    raise SerializationError(str(exc))
SerializationError: <class 'struct.error'>: 'required argument is not a float' when writing '0'

[rosout][ERROR] 2025-03-27 14:39:22,023: bad callback: <bound method SonarProcessor.sonar_callback of <__main__.SonarProcessor instance at 0x7fb7df3b41b8>>
Traceback (most recent call last):
  File "/opt/ros/kinetic/lib/python2.7/dist-packages/rospy/topics.py", line 750, in _invoke_callback
    cb(msg)
  File "sonar_get_min_dist.py", line 28, in sonar_callback
    self.back_left_min, self.back_right_min = self.process_sonar_data(data)
  File "sonar_get_min_dist.py", line 57, in process_sonar_data
    self.pub_dists(sonar_min_dist)
  File "sonar_get_min_dist.py", line 72, in pub_dists
    pub.publish(min_distances)
  File "/opt/ros/kinetic/lib/python2.7/dist-packages/rospy/topics.py", line 886, in publish
    raise ROSSerializationException(str(e))
ROSSerializationException: <class 'struct.error'>: 'required argument is not a float' when writing '0'

[rospy.topics][ERROR] 2025-03-27 14:39:22,119: Traceback (most recent call last):
  File "/opt/ros/kinetic/lib/python2.7/dist-packages/rospy/topics.py", line 882, in publish
    self.impl.publish(data)
  File "/opt/ros/kinetic/lib/python2.7/dist-packages/rospy/topics.py", line 1066, in publish
    serialize_message(b, self.seq, message)
  File "/opt/ros/kinetic/lib/python2.7/dist-packages/rospy/msg.py", line 152, in serialize_message
    msg.serialize(b)
  File "/opt/ros/kinetic/lib/python2.7/dist-packages/std_msgs/msg/_Float32MultiArray.py", line 113, in serialize
    except struct.error as se: self._check_types(struct.error("%s: '%s' when writing '%s'" % (type(se), str(se), str(locals().get('_x', self)))))
  File "/opt/ros/kinetic/lib/python2.7/dist-packages/genpy/message.py", line 385, in _check_types
    raise SerializationError(str(exc))
SerializationError: <class 'struct.error'>: 'required argument is not a float' when writing '0'

[rosout][ERROR] 2025-03-27 14:39:22,119: bad callback: <bound method SonarProcessor.sonar_callback of <__main__.SonarProcessor instance at 0x7fb7df3b41b8>>
Traceback (most recent call last):
  File "/opt/ros/kinetic/lib/python2.7/dist-packages/rospy/topics.py", line 750, in _invoke_callback
    cb(msg)
  File "sonar_get_min_dist.py", line 28, in sonar_callback
    self.back_left_min, self.back_right_min = self.process_sonar_data(data)
  File "sonar_get_min_dist.py", line 57, in process_sonar_data
    self.pub_dists(sonar_min_dist)
  File "sonar_get_min_dist.py", line 72, in pub_dists
    pub.publish(min_distances)
  File "/opt/ros/kinetic/lib/python2.7/dist-packages/rospy/topics.py", line 886, in publish
    raise ROSSerializationException(str(e))
ROSSerializationException: <class 'struct.error'>: 'required argument is not a float' when writing '0'

[rospy.topics][ERROR] 2025-03-27 14:39:22,222: Traceback (most recent call last):
  File "/opt/ros/kinetic/lib/python2.7/dist-packages/rospy/topics.py", line 882, in publish
    self.impl.publish(data)
  File "/opt/ros/kinetic/lib/python2.7/dist-packages/rospy/topics.py", line 1066, in publish
    serialize_message(b, self.seq, message)
  File "/opt/ros/kinetic/lib/python2.7/dist-packages/rospy/msg.py", line 152, in serialize_message
    msg.serialize(b)
  File "/opt/ros/kinetic/lib/python2.7/dist-packages/std_msgs/msg/_Float32MultiArray.py", line 113, in serialize
    except struct.error as se: self._check_types(struct.error("%s: '%s' when writing '%s'" % (type(se), str(se), str(locals().get('_x', self)))))
  File "/opt/ros/kinetic/lib/python2.7/dist-packages/genpy/message.py", line 385, in _check_types
    raise SerializationError(str(exc))
SerializationError: <class 'struct.error'>: 'required argument is not a float' when writing '0'

[rosout][ERROR] 2025-03-27 14:39:22,223: bad callback: <bound method SonarProcessor.sonar_callback of <__main__.SonarProcessor instance at 0x7fb7df3b41b8>>
Traceback (most recent call last):
  File "/opt/ros/kinetic/lib/python2.7/dist-packages/rospy/topics.py", line 750, in _invoke_callback
    cb(msg)
  File "sonar_get_min_dist.py", line 28, in sonar_callback
    self.back_left_min, self.back_right_min = self.process_sonar_data(data)
  File "sonar_get_min_dist.py", line 57, in process_sonar_data
    self.pub_dists(sonar_min_dist)
  File "sonar_get_min_dist.py", line 72, in pub_dists
    pub.publish(min_distances)
  File "/opt/ros/kinetic/lib/python2.7/dist-packages/rospy/topics.py", line 886, in publish
    raise ROSSerializationException(str(e))
ROSSerializationException: <class 'struct.error'>: 'required argument is not a float' when writing '0'

[rospy.topics][ERROR] 2025-03-27 14:39:22,319: Traceback (most recent call last):
  File "/opt/ros/kinetic/lib/python2.7/dist-packages/rospy/topics.py", line 882, in publish
    self.impl.publish(data)
  File "/opt/ros/kinetic/lib/python2.7/dist-packages/rospy/topics.py", line 1066, in publish
    serialize_message(b, self.seq, message)
  File "/opt/ros/kinetic/lib/python2.7/dist-packages/rospy/msg.py", line 152, in serialize_message
    msg.serialize(b)
  File "/opt/ros/kinetic/lib/python2.7/dist-packages/std_msgs/msg/_Float32MultiArray.py", line 113, in serialize
    except struct.error as se: self._check_types(struct.error("%s: '%s' when writing '%s'" % (type(se), str(se), str(locals().get('_x', self)))))
  File "/opt/ros/kinetic/lib/python2.7/dist-packages/genpy/message.py", line 385, in _check_types
    raise SerializationError(str(exc))
SerializationError: <class 'struct.error'>: 'required argument is not a float' when writing '0'

[rosout][ERROR] 2025-03-27 14:39:22,320: bad callback: <bound method SonarProcessor.sonar_callback of <__main__.SonarProcessor instance at 0x7fb7df3b41b8>>
Traceback (most recent call last):
  File "/opt/ros/kinetic/lib/python2.7/dist-packages/rospy/topics.py", line 750, in _invoke_callback
    cb(msg)
  File "sonar_get_min_dist.py", line 28, in sonar_callback
    self.back_left_min, self.back_right_min = self.process_sonar_data(data)
  File "sonar_get_min_dist.py", line 57, in process_sonar_data
    self.pub_dists(sonar_min_dist)
  File "sonar_get_min_dist.py", line 72, in pub_dists
    pub.publish(min_distances)
  File "/opt/ros/kinetic/lib/python2.7/dist-packages/rospy/topics.py", line 886, in publish
    raise ROSSerializationException(str(e))
ROSSerializationException: <class 'struct.error'>: 'required argument is not a float' when writing '0'

[rospy.topics][ERROR] 2025-03-27 14:39:22,422: Traceback (most recent call last):
  File "/opt/ros/kinetic/lib/python2.7/dist-packages/rospy/topics.py", line 882, in publish
    self.impl.publish(data)
  File "/opt/ros/kinetic/lib/python2.7/dist-packages/rospy/topics.py", line 1066, in publish
    serialize_message(b, self.seq, message)
  File "/opt/ros/kinetic/lib/python2.7/dist-packages/rospy/msg.py", line 152, in serialize_message
    msg.serialize(b)
  File "/opt/ros/kinetic/lib/python2.7/dist-packages/std_msgs/msg/_Float32MultiArray.py", line 113, in serialize
    except struct.error as se: self._check_types(struct.error("%s: '%s' when writing '%s'" % (type(se), str(se), str(locals().get('_x', self)))))
  File "/opt/ros/kinetic/lib/python2.7/dist-packages/genpy/message.py", line 385, in _check_types
    raise SerializationError(str(exc))
SerializationError: <class 'struct.error'>: 'required argument is not a float' when writing '0'

[rosout][ERROR] 2025-03-27 14:39:22,423: bad callback: <bound method SonarProcessor.sonar_callback of <__main__.SonarProcessor instance at 0x7fb7df3b41b8>>
Traceback (most recent call last):
  File "/opt/ros/kinetic/lib/python2.7/dist-packages/rospy/topics.py", line 750, in _invoke_callback
    cb(msg)
  File "sonar_get_min_dist.py", line 28, in sonar_callback
    self.back_left_min, self.back_right_min = self.process_sonar_data(data)
  File "sonar_get_min_dist.py", line 57, in process_sonar_data
    self.pub_dists(sonar_min_dist)
  File "sonar_get_min_dist.py", line 72, in pub_dists
    pub.publish(min_distances)
  File "/opt/ros/kinetic/lib/python2.7/dist-packages/rospy/topics.py", line 886, in publish
    raise ROSSerializationException(str(e))
ROSSerializationException: <class 'struct.error'>: 'required argument is not a float' when writing '0'

[rospy.topics][ERROR] 2025-03-27 14:39:22,519: Traceback (most recent call last):
  File "/opt/ros/kinetic/lib/python2.7/dist-packages/rospy/topics.py", line 882, in publish
    self.impl.publish(data)
  File "/opt/ros/kinetic/lib/python2.7/dist-packages/rospy/topics.py", line 1066, in publish
    serialize_message(b, self.seq, message)
  File "/opt/ros/kinetic/lib/python2.7/dist-packages/rospy/msg.py", line 152, in serialize_message
    msg.serialize(b)
  File "/opt/ros/kinetic/lib/python2.7/dist-packages/std_msgs/msg/_Float32MultiArray.py", line 113, in serialize
    except struct.error as se: self._check_types(struct.error("%s: '%s' when writing '%s'" % (type(se), str(se), str(locals().get('_x', self)))))
  File "/opt/ros/kinetic/lib/python2.7/dist-packages/genpy/message.py", line 385, in _check_types
    raise SerializationError(str(exc))
SerializationError: <class 'struct.error'>: 'required argument is not a float' when writing '0'

[rosout][ERROR] 2025-03-27 14:39:22,520: bad callback: <bound method SonarProcessor.sonar_callback of <__main__.SonarProcessor instance at 0x7fb7df3b41b8>>
Traceback (most recent call last):
  File "/opt/ros/kinetic/lib/python2.7/dist-packages/rospy/topics.py", line 750, in _invoke_callback
    cb(msg)
  File "sonar_get_min_dist.py", line 28, in sonar_callback
    self.back_left_min, self.back_right_min = self.process_sonar_data(data)
  File "sonar_get_min_dist.py", line 57, in process_sonar_data
    self.pub_dists(sonar_min_dist)
  File "sonar_get_min_dist.py", line 72, in pub_dists
    pub.publish(min_distances)
  File "/opt/ros/kinetic/lib/python2.7/dist-packages/rospy/topics.py", line 886, in publish
    raise ROSSerializationException(str(e))
ROSSerializationException: <class 'struct.error'>: 'required argument is not a float' when writing '0'

[rospy.topics][ERROR] 2025-03-27 14:39:22,622: Traceback (most recent call last):
  File "/opt/ros/kinetic/lib/python2.7/dist-packages/rospy/topics.py", line 882, in publish
    self.impl.publish(data)
  File "/opt/ros/kinetic/lib/python2.7/dist-packages/rospy/topics.py", line 1066, in publish
    serialize_message(b, self.seq, message)
  File "/opt/ros/kinetic/lib/python2.7/dist-packages/rospy/msg.py", line 152, in serialize_message
    msg.serialize(b)
  File "/opt/ros/kinetic/lib/python2.7/dist-packages/std_msgs/msg/_Float32MultiArray.py", line 113, in serialize
    except struct.error as se: self._check_types(struct.error("%s: '%s' when writing '%s'" % (type(se), str(se), str(locals().get('_x', self)))))
  File "/opt/ros/kinetic/lib/python2.7/dist-packages/genpy/message.py", line 385, in _check_types
    raise SerializationError(str(exc))
SerializationError: <class 'struct.error'>: 'required argument is not a float' when writing '0'

[rosout][ERROR] 2025-03-27 14:39:22,623: bad callback: <bound method SonarProcessor.sonar_callback of <__main__.SonarProcessor instance at 0x7fb7df3b41b8>>
Traceback (most recent call last):
  File "/opt/ros/kinetic/lib/python2.7/dist-packages/rospy/topics.py", line 750, in _invoke_callback
    cb(msg)
  File "sonar_get_min_dist.py", line 28, in sonar_callback
    self.back_left_min, self.back_right_min = self.process_sonar_data(data)
  File "sonar_get_min_dist.py", line 57, in process_sonar_data
    self.pub_dists(sonar_min_dist)
  File "sonar_get_min_dist.py", line 72, in pub_dists
    pub.publish(min_distances)
  File "/opt/ros/kinetic/lib/python2.7/dist-packages/rospy/topics.py", line 886, in publish
    raise ROSSerializationException(str(e))
ROSSerializationException: <class 'struct.error'>: 'required argument is not a float' when writing '0'

[rospy.topics][ERROR] 2025-03-27 14:39:22,719: Traceback (most recent call last):
  File "/opt/ros/kinetic/lib/python2.7/dist-packages/rospy/topics.py", line 882, in publish
    self.impl.publish(data)
  File "/opt/ros/kinetic/lib/python2.7/dist-packages/rospy/topics.py", line 1066, in publish
    serialize_message(b, self.seq, message)
  File "/opt/ros/kinetic/lib/python2.7/dist-packages/rospy/msg.py", line 152, in serialize_message
    msg.serialize(b)
  File "/opt/ros/kinetic/lib/python2.7/dist-packages/std_msgs/msg/_Float32MultiArray.py", line 113, in serialize
    except struct.error as se: self._check_types(struct.error("%s: '%s' when writing '%s'" % (type(se), str(se), str(locals().get('_x', self)))))
  File "/opt/ros/kinetic/lib/python2.7/dist-packages/genpy/message.py", line 385, in _check_types
    raise SerializationError(str(exc))
SerializationError: <class 'struct.error'>: 'required argument is not a float' when writing '0'

[rosout][ERROR] 2025-03-27 14:39:22,720: bad callback: <bound method SonarProcessor.sonar_callback of <__main__.SonarProcessor instance at 0x7fb7df3b41b8>>
Traceback (most recent call last):
  File "/opt/ros/kinetic/lib/python2.7/dist-packages/rospy/topics.py", line 750, in _invoke_callback
    cb(msg)
  File "sonar_get_min_dist.py", line 28, in sonar_callback
    self.back_left_min, self.back_right_min = self.process_sonar_data(data)
  File "sonar_get_min_dist.py", line 57, in process_sonar_data
    self.pub_dists(sonar_min_dist)
  File "sonar_get_min_dist.py", line 72, in pub_dists
    pub.publish(min_distances)
  File "/opt/ros/kinetic/lib/python2.7/dist-packages/rospy/topics.py", line 886, in publish
    raise ROSSerializationException(str(e))
ROSSerializationException: <class 'struct.error'>: 'required argument is not a float' when writing '0'

[rospy.topics][ERROR] 2025-03-27 14:39:22,822: Traceback (most recent call last):
  File "/opt/ros/kinetic/lib/python2.7/dist-packages/rospy/topics.py", line 882, in publish
    self.impl.publish(data)
  File "/opt/ros/kinetic/lib/python2.7/dist-packages/rospy/topics.py", line 1066, in publish
    serialize_message(b, self.seq, message)
  File "/opt/ros/kinetic/lib/python2.7/dist-packages/rospy/msg.py", line 152, in serialize_message
    msg.serialize(b)
  File "/opt/ros/kinetic/lib/python2.7/dist-packages/std_msgs/msg/_Float32MultiArray.py", line 113, in serialize
    except struct.error as se: self._check_types(struct.error("%s: '%s' when writing '%s'" % (type(se), str(se), str(locals().get('_x', self)))))
  File "/opt/ros/kinetic/lib/python2.7/dist-packages/genpy/message.py", line 385, in _check_types
    raise SerializationError(str(exc))
SerializationError: <class 'struct.error'>: 'required argument is not a float' when writing '0'

[rosout][ERROR] 2025-03-27 14:39:22,823: bad callback: <bound method SonarProcessor.sonar_callback of <__main__.SonarProcessor instance at 0x7fb7df3b41b8>>
Traceback (most recent call last):
  File "/opt/ros/kinetic/lib/python2.7/dist-packages/rospy/topics.py", line 750, in _invoke_callback
    cb(msg)
  File "sonar_get_min_dist.py", line 28, in sonar_callback
    self.back_left_min, self.back_right_min = self.process_sonar_data(data)
  File "sonar_get_min_dist.py", line 57, in process_sonar_data
    self.pub_dists(sonar_min_dist)
  File "sonar_get_min_dist.py", line 72, in pub_dists
    pub.publish(min_distances)
  File "/opt/ros/kinetic/lib/python2.7/dist-packages/rospy/topics.py", line 886, in publish
    raise ROSSerializationException(str(e))
ROSSerializationException: <class 'struct.error'>: 'required argument is not a float' when writing '0'

[rospy.topics][ERROR] 2025-03-27 14:39:22,919: Traceback (most recent call last):
  File "/opt/ros/kinetic/lib/python2.7/dist-packages/rospy/topics.py", line 882, in publish
    self.impl.publish(data)
  File "/opt/ros/kinetic/lib/python2.7/dist-packages/rospy/topics.py", line 1066, in publish
    serialize_message(b, self.seq, message)
  File "/opt/ros/kinetic/lib/python2.7/dist-packages/rospy/msg.py", line 152, in serialize_message
    msg.serialize(b)
  File "/opt/ros/kinetic/lib/python2.7/dist-packages/std_msgs/msg/_Float32MultiArray.py", line 113, in serialize
    except struct.error as se: self._check_types(struct.error("%s: '%s' when writing '%s'" % (type(se), str(se), str(locals().get('_x', self)))))
  File "/opt/ros/kinetic/lib/python2.7/dist-packages/genpy/message.py", line 385, in _check_types
    raise SerializationError(str(exc))
SerializationError: <class 'struct.error'>: 'required argument is not a float' when writing '0'

[rosout][ERROR] 2025-03-27 14:39:22,920: bad callback: <bound method SonarProcessor.sonar_callback of <__main__.SonarProcessor instance at 0x7fb7df3b41b8>>
Traceback (most recent call last):
  File "/opt/ros/kinetic/lib/python2.7/dist-packages/rospy/topics.py", line 750, in _invoke_callback
    cb(msg)
  File "sonar_get_min_dist.py", line 28, in sonar_callback
    self.back_left_min, self.back_right_min = self.process_sonar_data(data)
  File "sonar_get_min_dist.py", line 57, in process_sonar_data
    self.pub_dists(sonar_min_dist)
  File "sonar_get_min_dist.py", line 72, in pub_dists
    pub.publish(min_distances)
  File "/opt/ros/kinetic/lib/python2.7/dist-packages/rospy/topics.py", line 886, in publish
    raise ROSSerializationException(str(e))
ROSSerializationException: <class 'struct.error'>: 'required argument is not a float' when writing '0'

[rospy.topics][ERROR] 2025-03-27 14:39:23,022: Traceback (most recent call last):
  File "/opt/ros/kinetic/lib/python2.7/dist-packages/rospy/topics.py", line 882, in publish
    self.impl.publish(data)
  File "/opt/ros/kinetic/lib/python2.7/dist-packages/rospy/topics.py", line 1066, in publish
    serialize_message(b, self.seq, message)
  File "/opt/ros/kinetic/lib/python2.7/dist-packages/rospy/msg.py", line 152, in serialize_message
    msg.serialize(b)
  File "/opt/ros/kinetic/lib/python2.7/dist-packages/std_msgs/msg/_Float32MultiArray.py", line 113, in serialize
    except struct.error as se: self._check_types(struct.error("%s: '%s' when writing '%s'" % (type(se), str(se), str(locals().get('_x', self)))))
  File "/opt/ros/kinetic/lib/python2.7/dist-packages/genpy/message.py", line 385, in _check_types
    raise SerializationError(str(exc))
SerializationError: <class 'struct.error'>: 'required argument is not a float' when writing '0'

[rosout][ERROR] 2025-03-27 14:39:23,023: bad callback: <bound method SonarProcessor.sonar_callback of <__main__.SonarProcessor instance at 0x7fb7df3b41b8>>
Traceback (most recent call last):
  File "/opt/ros/kinetic/lib/python2.7/dist-packages/rospy/topics.py", line 750, in _invoke_callback
    cb(msg)
  File "sonar_get_min_dist.py", line 28, in sonar_callback
    self.back_left_min, self.back_right_min = self.process_sonar_data(data)
  File "sonar_get_min_dist.py", line 57, in process_sonar_data
    self.pub_dists(sonar_min_dist)
  File "sonar_get_min_dist.py", line 72, in pub_dists
    pub.publish(min_distances)
  File "/opt/ros/kinetic/lib/python2.7/dist-packages/rospy/topics.py", line 886, in publish
    raise ROSSerializationException(str(e))
ROSSerializationException: <class 'struct.error'>: 'required argument is not a float' when writing '0'

[rospy.topics][ERROR] 2025-03-27 14:39:23,119: Traceback (most recent call last):
  File "/opt/ros/kinetic/lib/python2.7/dist-packages/rospy/topics.py", line 882, in publish
    self.impl.publish(data)
  File "/opt/ros/kinetic/lib/python2.7/dist-packages/rospy/topics.py", line 1066, in publish
    serialize_message(b, self.seq, message)
  File "/opt/ros/kinetic/lib/python2.7/dist-packages/rospy/msg.py", line 152, in serialize_message
    msg.serialize(b)
  File "/opt/ros/kinetic/lib/python2.7/dist-packages/std_msgs/msg/_Float32MultiArray.py", line 113, in serialize
    except struct.error as se: self._check_types(struct.error("%s: '%s' when writing '%s'" % (type(se), str(se), str(locals().get('_x', self)))))
  File "/opt/ros/kinetic/lib/python2.7/dist-packages/genpy/message.py", line 385, in _check_types
    raise SerializationError(str(exc))
SerializationError: <class 'struct.error'>: 'required argument is not a float' when writing '0'

[rosout][ERROR] 2025-03-27 14:39:23,120: bad callback: <bound method SonarProcessor.sonar_callback of <__main__.SonarProcessor instance at 0x7fb7df3b41b8>>
Traceback (most recent call last):
  File "/opt/ros/kinetic/lib/python2.7/dist-packages/rospy/topics.py", line 750, in _invoke_callback
    cb(msg)
  File "sonar_get_min_dist.py", line 28, in sonar_callback
    self.back_left_min, self.back_right_min = self.process_sonar_data(data)
  File "sonar_get_min_dist.py", line 57, in process_sonar_data
    self.pub_dists(sonar_min_dist)
  File "sonar_get_min_dist.py", line 72, in pub_dists
    pub.publish(min_distances)
  File "/opt/ros/kinetic/lib/python2.7/dist-packages/rospy/topics.py", line 886, in publish
    raise ROSSerializationException(str(e))
ROSSerializationException: <class 'struct.error'>: 'required argument is not a float' when writing '0'

[rospy.topics][ERROR] 2025-03-27 14:39:23,222: Traceback (most recent call last):
  File "/opt/ros/kinetic/lib/python2.7/dist-packages/rospy/topics.py", line 882, in publish
    self.impl.publish(data)
  File "/opt/ros/kinetic/lib/python2.7/dist-packages/rospy/topics.py", line 1066, in publish
    serialize_message(b, self.seq, message)
  File "/opt/ros/kinetic/lib/python2.7/dist-packages/rospy/msg.py", line 152, in serialize_message
    msg.serialize(b)
  File "/opt/ros/kinetic/lib/python2.7/dist-packages/std_msgs/msg/_Float32MultiArray.py", line 113, in serialize
    except struct.error as se: self._check_types(struct.error("%s: '%s' when writing '%s'" % (type(se), str(se), str(locals().get('_x', self)))))
  File "/opt/ros/kinetic/lib/python2.7/dist-packages/genpy/message.py", line 385, in _check_types
    raise SerializationError(str(exc))
SerializationError: <class 'struct.error'>: 'required argument is not a float' when writing '0'

[rosout][ERROR] 2025-03-27 14:39:23,223: bad callback: <bound method SonarProcessor.sonar_callback of <__main__.SonarProcessor instance at 0x7fb7df3b41b8>>
Traceback (most recent call last):
  File "/opt/ros/kinetic/lib/python2.7/dist-packages/rospy/topics.py", line 750, in _invoke_callback
    cb(msg)
  File "sonar_get_min_dist.py", line 28, in sonar_callback
    self.back_left_min, self.back_right_min = self.process_sonar_data(data)
  File "sonar_get_min_dist.py", line 57, in process_sonar_data
    self.pub_dists(sonar_min_dist)
  File "sonar_get_min_dist.py", line 72, in pub_dists
    pub.publish(min_distances)
  File "/opt/ros/kinetic/lib/python2.7/dist-packages/rospy/topics.py", line 886, in publish
    raise ROSSerializationException(str(e))
ROSSerializationException: <class 'struct.error'>: 'required argument is not a float' when writing '0'

[rospy.topics][ERROR] 2025-03-27 14:39:23,319: Traceback (most recent call last):
  File "/opt/ros/kinetic/lib/python2.7/dist-packages/rospy/topics.py", line 882, in publish
    self.impl.publish(data)
  File "/opt/ros/kinetic/lib/python2.7/dist-packages/rospy/topics.py", line 1066, in publish
    serialize_message(b, self.seq, message)
  File "/opt/ros/kinetic/lib/python2.7/dist-packages/rospy/msg.py", line 152, in serialize_message
    msg.serialize(b)
  File "/opt/ros/kinetic/lib/python2.7/dist-packages/std_msgs/msg/_Float32MultiArray.py", line 113, in serialize
    except struct.error as se: self._check_types(struct.error("%s: '%s' when writing '%s'" % (type(se), str(se), str(locals().get('_x', self)))))
  File "/opt/ros/kinetic/lib/python2.7/dist-packages/genpy/message.py", line 385, in _check_types
    raise SerializationError(str(exc))
SerializationError: <class 'struct.error'>: 'required argument is not a float' when writing '0'

[rosout][ERROR] 2025-03-27 14:39:23,320: bad callback: <bound method SonarProcessor.sonar_callback of <__main__.SonarProcessor instance at 0x7fb7df3b41b8>>
Traceback (most recent call last):
  File "/opt/ros/kinetic/lib/python2.7/dist-packages/rospy/topics.py", line 750, in _invoke_callback
    cb(msg)
  File "sonar_get_min_dist.py", line 28, in sonar_callback
    self.back_left_min, self.back_right_min = self.process_sonar_data(data)
  File "sonar_get_min_dist.py", line 57, in process_sonar_data
    self.pub_dists(sonar_min_dist)
  File "sonar_get_min_dist.py", line 72, in pub_dists
    pub.publish(min_distances)
  File "/opt/ros/kinetic/lib/python2.7/dist-packages/rospy/topics.py", line 886, in publish
    raise ROSSerializationException(str(e))
ROSSerializationException: <class 'struct.error'>: 'required argument is not a float' when writing '0'

[rospy.topics][ERROR] 2025-03-27 14:39:23,422: Traceback (most recent call last):
  File "/opt/ros/kinetic/lib/python2.7/dist-packages/rospy/topics.py", line 882, in publish
    self.impl.publish(data)
  File "/opt/ros/kinetic/lib/python2.7/dist-packages/rospy/topics.py", line 1066, in publish
    serialize_message(b, self.seq, message)
  File "/opt/ros/kinetic/lib/python2.7/dist-packages/rospy/msg.py", line 152, in serialize_message
    msg.serialize(b)
  File "/opt/ros/kinetic/lib/python2.7/dist-packages/std_msgs/msg/_Float32MultiArray.py", line 113, in serialize
    except struct.error as se: self._check_types(struct.error("%s: '%s' when writing '%s'" % (type(se), str(se), str(locals().get('_x', self)))))
  File "/opt/ros/kinetic/lib/python2.7/dist-packages/genpy/message.py", line 385, in _check_types
    raise SerializationError(str(exc))
SerializationError: <class 'struct.error'>: 'required argument is not a float' when writing '0'

[rosout][ERROR] 2025-03-27 14:39:23,423: bad callback: <bound method SonarProcessor.sonar_callback of <__main__.SonarProcessor instance at 0x7fb7df3b41b8>>
Traceback (most recent call last):
  File "/opt/ros/kinetic/lib/python2.7/dist-packages/rospy/topics.py", line 750, in _invoke_callback
    cb(msg)
  File "sonar_get_min_dist.py", line 28, in sonar_callback
    self.back_left_min, self.back_right_min = self.process_sonar_data(data)
  File "sonar_get_min_dist.py", line 57, in process_sonar_data
    self.pub_dists(sonar_min_dist)
  File "sonar_get_min_dist.py", line 72, in pub_dists
    pub.publish(min_distances)
  File "/opt/ros/kinetic/lib/python2.7/dist-packages/rospy/topics.py", line 886, in publish
    raise ROSSerializationException(str(e))
ROSSerializationException: <class 'struct.error'>: 'required argument is not a float' when writing '0'

[rospy.topics][ERROR] 2025-03-27 14:39:23,519: Traceback (most recent call last):
  File "/opt/ros/kinetic/lib/python2.7/dist-packages/rospy/topics.py", line 882, in publish
    self.impl.publish(data)
  File "/opt/ros/kinetic/lib/python2.7/dist-packages/rospy/topics.py", line 1066, in publish
    serialize_message(b, self.seq, message)
  File "/opt/ros/kinetic/lib/python2.7/dist-packages/rospy/msg.py", line 152, in serialize_message
    msg.serialize(b)
  File "/opt/ros/kinetic/lib/python2.7/dist-packages/std_msgs/msg/_Float32MultiArray.py", line 113, in serialize
    except struct.error as se: self._check_types(struct.error("%s: '%s' when writing '%s'" % (type(se), str(se), str(locals().get('_x', self)))))
  File "/opt/ros/kinetic/lib/python2.7/dist-packages/genpy/message.py", line 385, in _check_types
    raise SerializationError(str(exc))
SerializationError: <class 'struct.error'>: 'required argument is not a float' when writing '0'

[rosout][ERROR] 2025-03-27 14:39:23,520: bad callback: <bound method SonarProcessor.sonar_callback of <__main__.SonarProcessor instance at 0x7fb7df3b41b8>>
Traceback (most recent call last):
  File "/opt/ros/kinetic/lib/python2.7/dist-packages/rospy/topics.py", line 750, in _invoke_callback
    cb(msg)
  File "sonar_get_min_dist.py", line 28, in sonar_callback
    self.back_left_min, self.back_right_min = self.process_sonar_data(data)
  File "sonar_get_min_dist.py", line 57, in process_sonar_data
    self.pub_dists(sonar_min_dist)
  File "sonar_get_min_dist.py", line 72, in pub_dists
    pub.publish(min_distances)
  File "/opt/ros/kinetic/lib/python2.7/dist-packages/rospy/topics.py", line 886, in publish
    raise ROSSerializationException(str(e))
ROSSerializationException: <class 'struct.error'>: 'required argument is not a float' when writing '0'

[rospy.topics][ERROR] 2025-03-27 14:39:23,623: Traceback (most recent call last):
  File "/opt/ros/kinetic/lib/python2.7/dist-packages/rospy/topics.py", line 882, in publish
    self.impl.publish(data)
  File "/opt/ros/kinetic/lib/python2.7/dist-packages/rospy/topics.py", line 1066, in publish
    serialize_message(b, self.seq, message)
  File "/opt/ros/kinetic/lib/python2.7/dist-packages/rospy/msg.py", line 152, in serialize_message
    msg.serialize(b)
  File "/opt/ros/kinetic/lib/python2.7/dist-packages/std_msgs/msg/_Float32MultiArray.py", line 113, in serialize
    except struct.error as se: self._check_types(struct.error("%s: '%s' when writing '%s'" % (type(se), str(se), str(locals().get('_x', self)))))
  File "/opt/ros/kinetic/lib/python2.7/dist-packages/genpy/message.py", line 385, in _check_types
    raise SerializationError(str(exc))
SerializationError: <class 'struct.error'>: 'required argument is not a float' when writing '0'

[rosout][ERROR] 2025-03-27 14:39:23,623: bad callback: <bound method SonarProcessor.sonar_callback of <__main__.SonarProcessor instance at 0x7fb7df3b41b8>>
Traceback (most recent call last):
  File "/opt/ros/kinetic/lib/python2.7/dist-packages/rospy/topics.py", line 750, in _invoke_callback
    cb(msg)
  File "sonar_get_min_dist.py", line 28, in sonar_callback
    self.back_left_min, self.back_right_min = self.process_sonar_data(data)
  File "sonar_get_min_dist.py", line 57, in process_sonar_data
    self.pub_dists(sonar_min_dist)
  File "sonar_get_min_dist.py", line 72, in pub_dists
    pub.publish(min_distances)
  File "/opt/ros/kinetic/lib/python2.7/dist-packages/rospy/topics.py", line 886, in publish
    raise ROSSerializationException(str(e))
ROSSerializationException: <class 'struct.error'>: 'required argument is not a float' when writing '0'

[rospy.topics][ERROR] 2025-03-27 14:39:23,720: Traceback (most recent call last):
  File "/opt/ros/kinetic/lib/python2.7/dist-packages/rospy/topics.py", line 882, in publish
    self.impl.publish(data)
  File "/opt/ros/kinetic/lib/python2.7/dist-packages/rospy/topics.py", line 1066, in publish
    serialize_message(b, self.seq, message)
  File "/opt/ros/kinetic/lib/python2.7/dist-packages/rospy/msg.py", line 152, in serialize_message
    msg.serialize(b)
  File "/opt/ros/kinetic/lib/python2.7/dist-packages/std_msgs/msg/_Float32MultiArray.py", line 113, in serialize
    except struct.error as se: self._check_types(struct.error("%s: '%s' when writing '%s'" % (type(se), str(se), str(locals().get('_x', self)))))
  File "/opt/ros/kinetic/lib/python2.7/dist-packages/genpy/message.py", line 385, in _check_types
    raise SerializationError(str(exc))
SerializationError: <class 'struct.error'>: 'required argument is not a float' when writing '0'

[rosout][ERROR] 2025-03-27 14:39:23,720: bad callback: <bound method SonarProcessor.sonar_callback of <__main__.SonarProcessor instance at 0x7fb7df3b41b8>>
Traceback (most recent call last):
  File "/opt/ros/kinetic/lib/python2.7/dist-packages/rospy/topics.py", line 750, in _invoke_callback
    cb(msg)
  File "sonar_get_min_dist.py", line 28, in sonar_callback
    self.back_left_min, self.back_right_min = self.process_sonar_data(data)
  File "sonar_get_min_dist.py", line 57, in process_sonar_data
    self.pub_dists(sonar_min_dist)
  File "sonar_get_min_dist.py", line 72, in pub_dists
    pub.publish(min_distances)
  File "/opt/ros/kinetic/lib/python2.7/dist-packages/rospy/topics.py", line 886, in publish
    raise ROSSerializationException(str(e))
ROSSerializationException: <class 'struct.error'>: 'required argument is not a float' when writing '0'

[rospy.topics][ERROR] 2025-03-27 14:39:23,823: Traceback (most recent call last):
  File "/opt/ros/kinetic/lib/python2.7/dist-packages/rospy/topics.py", line 882, in publish
    self.impl.publish(data)
  File "/opt/ros/kinetic/lib/python2.7/dist-packages/rospy/topics.py", line 1066, in publish
    serialize_message(b, self.seq, message)
  File "/opt/ros/kinetic/lib/python2.7/dist-packages/rospy/msg.py", line 152, in serialize_message
    msg.serialize(b)
  File "/opt/ros/kinetic/lib/python2.7/dist-packages/std_msgs/msg/_Float32MultiArray.py", line 113, in serialize
    except struct.error as se: self._check_types(struct.error("%s: '%s' when writing '%s'" % (type(se), str(se), str(locals().get('_x', self)))))
  File "/opt/ros/kinetic/lib/python2.7/dist-packages/genpy/message.py", line 385, in _check_types
    raise SerializationError(str(exc))
SerializationError: <class 'struct.error'>: 'required argument is not a float' when writing '0'

[rosout][ERROR] 2025-03-27 14:39:23,823: bad callback: <bound method SonarProcessor.sonar_callback of <__main__.SonarProcessor instance at 0x7fb7df3b41b8>>
Traceback (most recent call last):
  File "/opt/ros/kinetic/lib/python2.7/dist-packages/rospy/topics.py", line 750, in _invoke_callback
    cb(msg)
  File "sonar_get_min_dist.py", line 28, in sonar_callback
    self.back_left_min, self.back_right_min = self.process_sonar_data(data)
  File "sonar_get_min_dist.py", line 57, in process_sonar_data
    self.pub_dists(sonar_min_dist)
  File "sonar_get_min_dist.py", line 72, in pub_dists
    pub.publish(min_distances)
  File "/opt/ros/kinetic/lib/python2.7/dist-packages/rospy/topics.py", line 886, in publish
    raise ROSSerializationException(str(e))
ROSSerializationException: <class 'struct.error'>: 'required argument is not a float' when writing '0'

[rospy.topics][ERROR] 2025-03-27 14:39:23,920: Traceback (most recent call last):
  File "/opt/ros/kinetic/lib/python2.7/dist-packages/rospy/topics.py", line 882, in publish
    self.impl.publish(data)
  File "/opt/ros/kinetic/lib/python2.7/dist-packages/rospy/topics.py", line 1066, in publish
    serialize_message(b, self.seq, message)
  File "/opt/ros/kinetic/lib/python2.7/dist-packages/rospy/msg.py", line 152, in serialize_message
    msg.serialize(b)
  File "/opt/ros/kinetic/lib/python2.7/dist-packages/std_msgs/msg/_Float32MultiArray.py", line 113, in serialize
    except struct.error as se: self._check_types(struct.error("%s: '%s' when writing '%s'" % (type(se), str(se), str(locals().get('_x', self)))))
  File "/opt/ros/kinetic/lib/python2.7/dist-packages/genpy/message.py", line 385, in _check_types
    raise SerializationError(str(exc))
SerializationError: <class 'struct.error'>: 'required argument is not a float' when writing '0'

[rosout][ERROR] 2025-03-27 14:39:23,920: bad callback: <bound method SonarProcessor.sonar_callback of <__main__.SonarProcessor instance at 0x7fb7df3b41b8>>
Traceback (most recent call last):
  File "/opt/ros/kinetic/lib/python2.7/dist-packages/rospy/topics.py", line 750, in _invoke_callback
    cb(msg)
  File "sonar_get_min_dist.py", line 28, in sonar_callback
    self.back_left_min, self.back_right_min = self.process_sonar_data(data)
  File "sonar_get_min_dist.py", line 57, in process_sonar_data
    self.pub_dists(sonar_min_dist)
  File "sonar_get_min_dist.py", line 72, in pub_dists
    pub.publish(min_distances)
  File "/opt/ros/kinetic/lib/python2.7/dist-packages/rospy/topics.py", line 886, in publish
    raise ROSSerializationException(str(e))
ROSSerializationException: <class 'struct.error'>: 'required argument is not a float' when writing '0'

[rospy.topics][ERROR] 2025-03-27 14:39:24,023: Traceback (most recent call last):
  File "/opt/ros/kinetic/lib/python2.7/dist-packages/rospy/topics.py", line 882, in publish
    self.impl.publish(data)
  File "/opt/ros/kinetic/lib/python2.7/dist-packages/rospy/topics.py", line 1066, in publish
    serialize_message(b, self.seq, message)
  File "/opt/ros/kinetic/lib/python2.7/dist-packages/rospy/msg.py", line 152, in serialize_message
    msg.serialize(b)
  File "/opt/ros/kinetic/lib/python2.7/dist-packages/std_msgs/msg/_Float32MultiArray.py", line 113, in serialize
    except struct.error as se: self._check_types(struct.error("%s: '%s' when writing '%s'" % (type(se), str(se), str(locals().get('_x', self)))))
  File "/opt/ros/kinetic/lib/python2.7/dist-packages/genpy/message.py", line 385, in _check_types
    raise SerializationError(str(exc))
SerializationError: <class 'struct.error'>: 'required argument is not a float' when writing '0'

[rosout][ERROR] 2025-03-27 14:39:24,023: bad callback: <bound method SonarProcessor.sonar_callback of <__main__.SonarProcessor instance at 0x7fb7df3b41b8>>
Traceback (most recent call last):
  File "/opt/ros/kinetic/lib/python2.7/dist-packages/rospy/topics.py", line 750, in _invoke_callback
    cb(msg)
  File "sonar_get_min_dist.py", line 28, in sonar_callback
    self.back_left_min, self.back_right_min = self.process_sonar_data(data)
  File "sonar_get_min_dist.py", line 57, in process_sonar_data
    self.pub_dists(sonar_min_dist)
  File "sonar_get_min_dist.py", line 72, in pub_dists
    pub.publish(min_distances)
  File "/opt/ros/kinetic/lib/python2.7/dist-packages/rospy/topics.py", line 886, in publish
    raise ROSSerializationException(str(e))
ROSSerializationException: <class 'struct.error'>: 'required argument is not a float' when writing '0'

[rospy.topics][ERROR] 2025-03-27 14:39:24,120: Traceback (most recent call last):
  File "/opt/ros/kinetic/lib/python2.7/dist-packages/rospy/topics.py", line 882, in publish
    self.impl.publish(data)
  File "/opt/ros/kinetic/lib/python2.7/dist-packages/rospy/topics.py", line 1066, in publish
    serialize_message(b, self.seq, message)
  File "/opt/ros/kinetic/lib/python2.7/dist-packages/rospy/msg.py", line 152, in serialize_message
    msg.serialize(b)
  File "/opt/ros/kinetic/lib/python2.7/dist-packages/std_msgs/msg/_Float32MultiArray.py", line 113, in serialize
    except struct.error as se: self._check_types(struct.error("%s: '%s' when writing '%s'" % (type(se), str(se), str(locals().get('_x', self)))))
  File "/opt/ros/kinetic/lib/python2.7/dist-packages/genpy/message.py", line 385, in _check_types
    raise SerializationError(str(exc))
SerializationError: <class 'struct.error'>: 'required argument is not a float' when writing '0'

[rosout][ERROR] 2025-03-27 14:39:24,120: bad callback: <bound method SonarProcessor.sonar_callback of <__main__.SonarProcessor instance at 0x7fb7df3b41b8>>
Traceback (most recent call last):
  File "/opt/ros/kinetic/lib/python2.7/dist-packages/rospy/topics.py", line 750, in _invoke_callback
    cb(msg)
  File "sonar_get_min_dist.py", line 28, in sonar_callback
    self.back_left_min, self.back_right_min = self.process_sonar_data(data)
  File "sonar_get_min_dist.py", line 57, in process_sonar_data
    self.pub_dists(sonar_min_dist)
  File "sonar_get_min_dist.py", line 72, in pub_dists
    pub.publish(min_distances)
  File "/opt/ros/kinetic/lib/python2.7/dist-packages/rospy/topics.py", line 886, in publish
    raise ROSSerializationException(str(e))
ROSSerializationException: <class 'struct.error'>: 'required argument is not a float' when writing '0'

[rospy.topics][ERROR] 2025-03-27 14:39:24,223: Traceback (most recent call last):
  File "/opt/ros/kinetic/lib/python2.7/dist-packages/rospy/topics.py", line 882, in publish
    self.impl.publish(data)
  File "/opt/ros/kinetic/lib/python2.7/dist-packages/rospy/topics.py", line 1066, in publish
    serialize_message(b, self.seq, message)
  File "/opt/ros/kinetic/lib/python2.7/dist-packages/rospy/msg.py", line 152, in serialize_message
    msg.serialize(b)
  File "/opt/ros/kinetic/lib/python2.7/dist-packages/std_msgs/msg/_Float32MultiArray.py", line 113, in serialize
    except struct.error as se: self._check_types(struct.error("%s: '%s' when writing '%s'" % (type(se), str(se), str(locals().get('_x', self)))))
  File "/opt/ros/kinetic/lib/python2.7/dist-packages/genpy/message.py", line 385, in _check_types
    raise SerializationError(str(exc))
SerializationError: <class 'struct.error'>: 'required argument is not a float' when writing '0'

[rosout][ERROR] 2025-03-27 14:39:24,223: bad callback: <bound method SonarProcessor.sonar_callback of <__main__.SonarProcessor instance at 0x7fb7df3b41b8>>
Traceback (most recent call last):
  File "/opt/ros/kinetic/lib/python2.7/dist-packages/rospy/topics.py", line 750, in _invoke_callback
    cb(msg)
  File "sonar_get_min_dist.py", line 28, in sonar_callback
    self.back_left_min, self.back_right_min = self.process_sonar_data(data)
  File "sonar_get_min_dist.py", line 57, in process_sonar_data
    self.pub_dists(sonar_min_dist)
  File "sonar_get_min_dist.py", line 72, in pub_dists
    pub.publish(min_distances)
  File "/opt/ros/kinetic/lib/python2.7/dist-packages/rospy/topics.py", line 886, in publish
    raise ROSSerializationException(str(e))
ROSSerializationException: <class 'struct.error'>: 'required argument is not a float' when writing '0'

[rospy.topics][ERROR] 2025-03-27 14:39:24,320: Traceback (most recent call last):
  File "/opt/ros/kinetic/lib/python2.7/dist-packages/rospy/topics.py", line 882, in publish
    self.impl.publish(data)
  File "/opt/ros/kinetic/lib/python2.7/dist-packages/rospy/topics.py", line 1066, in publish
    serialize_message(b, self.seq, message)
  File "/opt/ros/kinetic/lib/python2.7/dist-packages/rospy/msg.py", line 152, in serialize_message
    msg.serialize(b)
  File "/opt/ros/kinetic/lib/python2.7/dist-packages/std_msgs/msg/_Float32MultiArray.py", line 113, in serialize
    except struct.error as se: self._check_types(struct.error("%s: '%s' when writing '%s'" % (type(se), str(se), str(locals().get('_x', self)))))
  File "/opt/ros/kinetic/lib/python2.7/dist-packages/genpy/message.py", line 385, in _check_types
    raise SerializationError(str(exc))
SerializationError: <class 'struct.error'>: 'required argument is not a float' when writing '0'

[rosout][ERROR] 2025-03-27 14:39:24,320: bad callback: <bound method SonarProcessor.sonar_callback of <__main__.SonarProcessor instance at 0x7fb7df3b41b8>>
Traceback (most recent call last):
  File "/opt/ros/kinetic/lib/python2.7/dist-packages/rospy/topics.py", line 750, in _invoke_callback
    cb(msg)
  File "sonar_get_min_dist.py", line 28, in sonar_callback
    self.back_left_min, self.back_right_min = self.process_sonar_data(data)
  File "sonar_get_min_dist.py", line 57, in process_sonar_data
    self.pub_dists(sonar_min_dist)
  File "sonar_get_min_dist.py", line 72, in pub_dists
    pub.publish(min_distances)
  File "/opt/ros/kinetic/lib/python2.7/dist-packages/rospy/topics.py", line 886, in publish
    raise ROSSerializationException(str(e))
ROSSerializationException: <class 'struct.error'>: 'required argument is not a float' when writing '0'

[rospy.topics][ERROR] 2025-03-27 14:39:24,423: Traceback (most recent call last):
  File "/opt/ros/kinetic/lib/python2.7/dist-packages/rospy/topics.py", line 882, in publish
    self.impl.publish(data)
  File "/opt/ros/kinetic/lib/python2.7/dist-packages/rospy/topics.py", line 1066, in publish
    serialize_message(b, self.seq, message)
  File "/opt/ros/kinetic/lib/python2.7/dist-packages/rospy/msg.py", line 152, in serialize_message
    msg.serialize(b)
  File "/opt/ros/kinetic/lib/python2.7/dist-packages/std_msgs/msg/_Float32MultiArray.py", line 113, in serialize
    except struct.error as se: self._check_types(struct.error("%s: '%s' when writing '%s'" % (type(se), str(se), str(locals().get('_x', self)))))
  File "/opt/ros/kinetic/lib/python2.7/dist-packages/genpy/message.py", line 385, in _check_types
    raise SerializationError(str(exc))
SerializationError: <class 'struct.error'>: 'required argument is not a float' when writing '0'

[rosout][ERROR] 2025-03-27 14:39:24,423: bad callback: <bound method SonarProcessor.sonar_callback of <__main__.SonarProcessor instance at 0x7fb7df3b41b8>>
Traceback (most recent call last):
  File "/opt/ros/kinetic/lib/python2.7/dist-packages/rospy/topics.py", line 750, in _invoke_callback
    cb(msg)
  File "sonar_get_min_dist.py", line 28, in sonar_callback
    self.back_left_min, self.back_right_min = self.process_sonar_data(data)
  File "sonar_get_min_dist.py", line 57, in process_sonar_data
    self.pub_dists(sonar_min_dist)
  File "sonar_get_min_dist.py", line 72, in pub_dists
    pub.publish(min_distances)
  File "/opt/ros/kinetic/lib/python2.7/dist-packages/rospy/topics.py", line 886, in publish
    raise ROSSerializationException(str(e))
ROSSerializationException: <class 'struct.error'>: 'required argument is not a float' when writing '0'

[rospy.topics][ERROR] 2025-03-27 14:39:24,520: Traceback (most recent call last):
  File "/opt/ros/kinetic/lib/python2.7/dist-packages/rospy/topics.py", line 882, in publish
    self.impl.publish(data)
  File "/opt/ros/kinetic/lib/python2.7/dist-packages/rospy/topics.py", line 1066, in publish
    serialize_message(b, self.seq, message)
  File "/opt/ros/kinetic/lib/python2.7/dist-packages/rospy/msg.py", line 152, in serialize_message
    msg.serialize(b)
  File "/opt/ros/kinetic/lib/python2.7/dist-packages/std_msgs/msg/_Float32MultiArray.py", line 113, in serialize
    except struct.error as se: self._check_types(struct.error("%s: '%s' when writing '%s'" % (type(se), str(se), str(locals().get('_x', self)))))
  File "/opt/ros/kinetic/lib/python2.7/dist-packages/genpy/message.py", line 385, in _check_types
    raise SerializationError(str(exc))
SerializationError: <class 'struct.error'>: 'required argument is not a float' when writing '0'

[rosout][ERROR] 2025-03-27 14:39:24,520: bad callback: <bound method SonarProcessor.sonar_callback of <__main__.SonarProcessor instance at 0x7fb7df3b41b8>>
Traceback (most recent call last):
  File "/opt/ros/kinetic/lib/python2.7/dist-packages/rospy/topics.py", line 750, in _invoke_callback
    cb(msg)
  File "sonar_get_min_dist.py", line 28, in sonar_callback
    self.back_left_min, self.back_right_min = self.process_sonar_data(data)
  File "sonar_get_min_dist.py", line 57, in process_sonar_data
    self.pub_dists(sonar_min_dist)
  File "sonar_get_min_dist.py", line 72, in pub_dists
    pub.publish(min_distances)
  File "/opt/ros/kinetic/lib/python2.7/dist-packages/rospy/topics.py", line 886, in publish
    raise ROSSerializationException(str(e))
ROSSerializationException: <class 'struct.error'>: 'required argument is not a float' when writing '0'

[rospy.topics][ERROR] 2025-03-27 14:39:24,623: Traceback (most recent call last):
  File "/opt/ros/kinetic/lib/python2.7/dist-packages/rospy/topics.py", line 882, in publish
    self.impl.publish(data)
  File "/opt/ros/kinetic/lib/python2.7/dist-packages/rospy/topics.py", line 1066, in publish
    serialize_message(b, self.seq, message)
  File "/opt/ros/kinetic/lib/python2.7/dist-packages/rospy/msg.py", line 152, in serialize_message
    msg.serialize(b)
  File "/opt/ros/kinetic/lib/python2.7/dist-packages/std_msgs/msg/_Float32MultiArray.py", line 113, in serialize
    except struct.error as se: self._check_types(struct.error("%s: '%s' when writing '%s'" % (type(se), str(se), str(locals().get('_x', self)))))
  File "/opt/ros/kinetic/lib/python2.7/dist-packages/genpy/message.py", line 385, in _check_types
    raise SerializationError(str(exc))
SerializationError: <class 'struct.error'>: 'required argument is not a float' when writing '0'

[rosout][ERROR] 2025-03-27 14:39:24,624: bad callback: <bound method SonarProcessor.sonar_callback of <__main__.SonarProcessor instance at 0x7fb7df3b41b8>>
Traceback (most recent call last):
  File "/opt/ros/kinetic/lib/python2.7/dist-packages/rospy/topics.py", line 750, in _invoke_callback
    cb(msg)
  File "sonar_get_min_dist.py", line 28, in sonar_callback
    self.back_left_min, self.back_right_min = self.process_sonar_data(data)
  File "sonar_get_min_dist.py", line 57, in process_sonar_data
    self.pub_dists(sonar_min_dist)
  File "sonar_get_min_dist.py", line 72, in pub_dists
    pub.publish(min_distances)
  File "/opt/ros/kinetic/lib/python2.7/dist-packages/rospy/topics.py", line 886, in publish
    raise ROSSerializationException(str(e))
ROSSerializationException: <class 'struct.error'>: 'required argument is not a float' when writing '0'

[rospy.topics][ERROR] 2025-03-27 14:39:24,720: Traceback (most recent call last):
  File "/opt/ros/kinetic/lib/python2.7/dist-packages/rospy/topics.py", line 882, in publish
    self.impl.publish(data)
  File "/opt/ros/kinetic/lib/python2.7/dist-packages/rospy/topics.py", line 1066, in publish
    serialize_message(b, self.seq, message)
  File "/opt/ros/kinetic/lib/python2.7/dist-packages/rospy/msg.py", line 152, in serialize_message
    msg.serialize(b)
  File "/opt/ros/kinetic/lib/python2.7/dist-packages/std_msgs/msg/_Float32MultiArray.py", line 113, in serialize
    except struct.error as se: self._check_types(struct.error("%s: '%s' when writing '%s'" % (type(se), str(se), str(locals().get('_x', self)))))
  File "/opt/ros/kinetic/lib/python2.7/dist-packages/genpy/message.py", line 385, in _check_types
    raise SerializationError(str(exc))
SerializationError: <class 'struct.error'>: 'required argument is not a float' when writing '0'

[rosout][ERROR] 2025-03-27 14:39:24,721: bad callback: <bound method SonarProcessor.sonar_callback of <__main__.SonarProcessor instance at 0x7fb7df3b41b8>>
Traceback (most recent call last):
  File "/opt/ros/kinetic/lib/python2.7/dist-packages/rospy/topics.py", line 750, in _invoke_callback
    cb(msg)
  File "sonar_get_min_dist.py", line 28, in sonar_callback
    self.back_left_min, self.back_right_min = self.process_sonar_data(data)
  File "sonar_get_min_dist.py", line 57, in process_sonar_data
    self.pub_dists(sonar_min_dist)
  File "sonar_get_min_dist.py", line 72, in pub_dists
    pub.publish(min_distances)
  File "/opt/ros/kinetic/lib/python2.7/dist-packages/rospy/topics.py", line 886, in publish
    raise ROSSerializationException(str(e))
ROSSerializationException: <class 'struct.error'>: 'required argument is not a float' when writing '0'

[rospy.topics][ERROR] 2025-03-27 14:39:24,823: Traceback (most recent call last):
  File "/opt/ros/kinetic/lib/python2.7/dist-packages/rospy/topics.py", line 882, in publish
    self.impl.publish(data)
  File "/opt/ros/kinetic/lib/python2.7/dist-packages/rospy/topics.py", line 1066, in publish
    serialize_message(b, self.seq, message)
  File "/opt/ros/kinetic/lib/python2.7/dist-packages/rospy/msg.py", line 152, in serialize_message
    msg.serialize(b)
  File "/opt/ros/kinetic/lib/python2.7/dist-packages/std_msgs/msg/_Float32MultiArray.py", line 113, in serialize
    except struct.error as se: self._check_types(struct.error("%s: '%s' when writing '%s'" % (type(se), str(se), str(locals().get('_x', self)))))
  File "/opt/ros/kinetic/lib/python2.7/dist-packages/genpy/message.py", line 385, in _check_types
    raise SerializationError(str(exc))
SerializationError: <class 'struct.error'>: 'required argument is not a float' when writing '0'

[rosout][ERROR] 2025-03-27 14:39:24,824: bad callback: <bound method SonarProcessor.sonar_callback of <__main__.SonarProcessor instance at 0x7fb7df3b41b8>>
Traceback (most recent call last):
  File "/opt/ros/kinetic/lib/python2.7/dist-packages/rospy/topics.py", line 750, in _invoke_callback
    cb(msg)
  File "sonar_get_min_dist.py", line 28, in sonar_callback
    self.back_left_min, self.back_right_min = self.process_sonar_data(data)
  File "sonar_get_min_dist.py", line 57, in process_sonar_data
    self.pub_dists(sonar_min_dist)
  File "sonar_get_min_dist.py", line 72, in pub_dists
    pub.publish(min_distances)
  File "/opt/ros/kinetic/lib/python2.7/dist-packages/rospy/topics.py", line 886, in publish
    raise ROSSerializationException(str(e))
ROSSerializationException: <class 'struct.error'>: 'required argument is not a float' when writing '0'

[rospy.topics][ERROR] 2025-03-27 14:39:24,920: Traceback (most recent call last):
  File "/opt/ros/kinetic/lib/python2.7/dist-packages/rospy/topics.py", line 882, in publish
    self.impl.publish(data)
  File "/opt/ros/kinetic/lib/python2.7/dist-packages/rospy/topics.py", line 1066, in publish
    serialize_message(b, self.seq, message)
  File "/opt/ros/kinetic/lib/python2.7/dist-packages/rospy/msg.py", line 152, in serialize_message
    msg.serialize(b)
  File "/opt/ros/kinetic/lib/python2.7/dist-packages/std_msgs/msg/_Float32MultiArray.py", line 113, in serialize
    except struct.error as se: self._check_types(struct.error("%s: '%s' when writing '%s'" % (type(se), str(se), str(locals().get('_x', self)))))
  File "/opt/ros/kinetic/lib/python2.7/dist-packages/genpy/message.py", line 385, in _check_types
    raise SerializationError(str(exc))
SerializationError: <class 'struct.error'>: 'required argument is not a float' when writing '0'

[rosout][ERROR] 2025-03-27 14:39:24,921: bad callback: <bound method SonarProcessor.sonar_callback of <__main__.SonarProcessor instance at 0x7fb7df3b41b8>>
Traceback (most recent call last):
  File "/opt/ros/kinetic/lib/python2.7/dist-packages/rospy/topics.py", line 750, in _invoke_callback
    cb(msg)
  File "sonar_get_min_dist.py", line 28, in sonar_callback
    self.back_left_min, self.back_right_min = self.process_sonar_data(data)
  File "sonar_get_min_dist.py", line 57, in process_sonar_data
    self.pub_dists(sonar_min_dist)
  File "sonar_get_min_dist.py", line 72, in pub_dists
    pub.publish(min_distances)
  File "/opt/ros/kinetic/lib/python2.7/dist-packages/rospy/topics.py", line 886, in publish
    raise ROSSerializationException(str(e))
ROSSerializationException: <class 'struct.error'>: 'required argument is not a float' when writing '0'

[rospy.topics][ERROR] 2025-03-27 14:39:25,023: Traceback (most recent call last):
  File "/opt/ros/kinetic/lib/python2.7/dist-packages/rospy/topics.py", line 882, in publish
    self.impl.publish(data)
  File "/opt/ros/kinetic/lib/python2.7/dist-packages/rospy/topics.py", line 1066, in publish
    serialize_message(b, self.seq, message)
  File "/opt/ros/kinetic/lib/python2.7/dist-packages/rospy/msg.py", line 152, in serialize_message
    msg.serialize(b)
  File "/opt/ros/kinetic/lib/python2.7/dist-packages/std_msgs/msg/_Float32MultiArray.py", line 113, in serialize
    except struct.error as se: self._check_types(struct.error("%s: '%s' when writing '%s'" % (type(se), str(se), str(locals().get('_x', self)))))
  File "/opt/ros/kinetic/lib/python2.7/dist-packages/genpy/message.py", line 385, in _check_types
    raise SerializationError(str(exc))
SerializationError: <class 'struct.error'>: 'required argument is not a float' when writing '0'

[rosout][ERROR] 2025-03-27 14:39:25,024: bad callback: <bound method SonarProcessor.sonar_callback of <__main__.SonarProcessor instance at 0x7fb7df3b41b8>>
Traceback (most recent call last):
  File "/opt/ros/kinetic/lib/python2.7/dist-packages/rospy/topics.py", line 750, in _invoke_callback
    cb(msg)
  File "sonar_get_min_dist.py", line 28, in sonar_callback
    self.back_left_min, self.back_right_min = self.process_sonar_data(data)
  File "sonar_get_min_dist.py", line 57, in process_sonar_data
    self.pub_dists(sonar_min_dist)
  File "sonar_get_min_dist.py", line 72, in pub_dists
    pub.publish(min_distances)
  File "/opt/ros/kinetic/lib/python2.7/dist-packages/rospy/topics.py", line 886, in publish
    raise ROSSerializationException(str(e))
ROSSerializationException: <class 'struct.error'>: 'required argument is not a float' when writing '0'

[rospy.topics][ERROR] 2025-03-27 14:39:25,120: Traceback (most recent call last):
  File "/opt/ros/kinetic/lib/python2.7/dist-packages/rospy/topics.py", line 882, in publish
    self.impl.publish(data)
  File "/opt/ros/kinetic/lib/python2.7/dist-packages/rospy/topics.py", line 1066, in publish
    serialize_message(b, self.seq, message)
  File "/opt/ros/kinetic/lib/python2.7/dist-packages/rospy/msg.py", line 152, in serialize_message
    msg.serialize(b)
  File "/opt/ros/kinetic/lib/python2.7/dist-packages/std_msgs/msg/_Float32MultiArray.py", line 113, in serialize
    except struct.error as se: self._check_types(struct.error("%s: '%s' when writing '%s'" % (type(se), str(se), str(locals().get('_x', self)))))
  File "/opt/ros/kinetic/lib/python2.7/dist-packages/genpy/message.py", line 385, in _check_types
    raise SerializationError(str(exc))
SerializationError: <class 'struct.error'>: 'required argument is not a float' when writing '0'

[rosout][ERROR] 2025-03-27 14:39:25,121: bad callback: <bound method SonarProcessor.sonar_callback of <__main__.SonarProcessor instance at 0x7fb7df3b41b8>>
Traceback (most recent call last):
  File "/opt/ros/kinetic/lib/python2.7/dist-packages/rospy/topics.py", line 750, in _invoke_callback
    cb(msg)
  File "sonar_get_min_dist.py", line 28, in sonar_callback
    self.back_left_min, self.back_right_min = self.process_sonar_data(data)
  File "sonar_get_min_dist.py", line 57, in process_sonar_data
    self.pub_dists(sonar_min_dist)
  File "sonar_get_min_dist.py", line 72, in pub_dists
    pub.publish(min_distances)
  File "/opt/ros/kinetic/lib/python2.7/dist-packages/rospy/topics.py", line 886, in publish
    raise ROSSerializationException(str(e))
ROSSerializationException: <class 'struct.error'>: 'required argument is not a float' when writing '0'

[rospy.topics][ERROR] 2025-03-27 14:39:25,223: Traceback (most recent call last):
  File "/opt/ros/kinetic/lib/python2.7/dist-packages/rospy/topics.py", line 882, in publish
    self.impl.publish(data)
  File "/opt/ros/kinetic/lib/python2.7/dist-packages/rospy/topics.py", line 1066, in publish
    serialize_message(b, self.seq, message)
  File "/opt/ros/kinetic/lib/python2.7/dist-packages/rospy/msg.py", line 152, in serialize_message
    msg.serialize(b)
  File "/opt/ros/kinetic/lib/python2.7/dist-packages/std_msgs/msg/_Float32MultiArray.py", line 113, in serialize
    except struct.error as se: self._check_types(struct.error("%s: '%s' when writing '%s'" % (type(se), str(se), str(locals().get('_x', self)))))
  File "/opt/ros/kinetic/lib/python2.7/dist-packages/genpy/message.py", line 385, in _check_types
    raise SerializationError(str(exc))
SerializationError: <class 'struct.error'>: 'required argument is not a float' when writing '0'

[rosout][ERROR] 2025-03-27 14:39:25,224: bad callback: <bound method SonarProcessor.sonar_callback of <__main__.SonarProcessor instance at 0x7fb7df3b41b8>>
Traceback (most recent call last):
  File "/opt/ros/kinetic/lib/python2.7/dist-packages/rospy/topics.py", line 750, in _invoke_callback
    cb(msg)
  File "sonar_get_min_dist.py", line 28, in sonar_callback
    self.back_left_min, self.back_right_min = self.process_sonar_data(data)
  File "sonar_get_min_dist.py", line 57, in process_sonar_data
    self.pub_dists(sonar_min_dist)
  File "sonar_get_min_dist.py", line 72, in pub_dists
    pub.publish(min_distances)
  File "/opt/ros/kinetic/lib/python2.7/dist-packages/rospy/topics.py", line 886, in publish
    raise ROSSerializationException(str(e))
ROSSerializationException: <class 'struct.error'>: 'required argument is not a float' when writing '0'

[rospy.topics][ERROR] 2025-03-27 14:39:25,320: Traceback (most recent call last):
  File "/opt/ros/kinetic/lib/python2.7/dist-packages/rospy/topics.py", line 882, in publish
    self.impl.publish(data)
  File "/opt/ros/kinetic/lib/python2.7/dist-packages/rospy/topics.py", line 1066, in publish
    serialize_message(b, self.seq, message)
  File "/opt/ros/kinetic/lib/python2.7/dist-packages/rospy/msg.py", line 152, in serialize_message
    msg.serialize(b)
  File "/opt/ros/kinetic/lib/python2.7/dist-packages/std_msgs/msg/_Float32MultiArray.py", line 113, in serialize
    except struct.error as se: self._check_types(struct.error("%s: '%s' when writing '%s'" % (type(se), str(se), str(locals().get('_x', self)))))
  File "/opt/ros/kinetic/lib/python2.7/dist-packages/genpy/message.py", line 385, in _check_types
    raise SerializationError(str(exc))
SerializationError: <class 'struct.error'>: 'required argument is not a float' when writing '0'

[rosout][ERROR] 2025-03-27 14:39:25,321: bad callback: <bound method SonarProcessor.sonar_callback of <__main__.SonarProcessor instance at 0x7fb7df3b41b8>>
Traceback (most recent call last):
  File "/opt/ros/kinetic/lib/python2.7/dist-packages/rospy/topics.py", line 750, in _invoke_callback
    cb(msg)
  File "sonar_get_min_dist.py", line 28, in sonar_callback
    self.back_left_min, self.back_right_min = self.process_sonar_data(data)
  File "sonar_get_min_dist.py", line 57, in process_sonar_data
    self.pub_dists(sonar_min_dist)
  File "sonar_get_min_dist.py", line 72, in pub_dists
    pub.publish(min_distances)
  File "/opt/ros/kinetic/lib/python2.7/dist-packages/rospy/topics.py", line 886, in publish
    raise ROSSerializationException(str(e))
ROSSerializationException: <class 'struct.error'>: 'required argument is not a float' when writing '0'

[rospy.topics][ERROR] 2025-03-27 14:39:25,423: Traceback (most recent call last):
  File "/opt/ros/kinetic/lib/python2.7/dist-packages/rospy/topics.py", line 882, in publish
    self.impl.publish(data)
  File "/opt/ros/kinetic/lib/python2.7/dist-packages/rospy/topics.py", line 1066, in publish
    serialize_message(b, self.seq, message)
  File "/opt/ros/kinetic/lib/python2.7/dist-packages/rospy/msg.py", line 152, in serialize_message
    msg.serialize(b)
  File "/opt/ros/kinetic/lib/python2.7/dist-packages/std_msgs/msg/_Float32MultiArray.py", line 113, in serialize
    except struct.error as se: self._check_types(struct.error("%s: '%s' when writing '%s'" % (type(se), str(se), str(locals().get('_x', self)))))
  File "/opt/ros/kinetic/lib/python2.7/dist-packages/genpy/message.py", line 385, in _check_types
    raise SerializationError(str(exc))
SerializationError: <class 'struct.error'>: 'required argument is not a float' when writing '0'

[rosout][ERROR] 2025-03-27 14:39:25,424: bad callback: <bound method SonarProcessor.sonar_callback of <__main__.SonarProcessor instance at 0x7fb7df3b41b8>>
Traceback (most recent call last):
  File "/opt/ros/kinetic/lib/python2.7/dist-packages/rospy/topics.py", line 750, in _invoke_callback
    cb(msg)
  File "sonar_get_min_dist.py", line 28, in sonar_callback
    self.back_left_min, self.back_right_min = self.process_sonar_data(data)
  File "sonar_get_min_dist.py", line 57, in process_sonar_data
    self.pub_dists(sonar_min_dist)
  File "sonar_get_min_dist.py", line 72, in pub_dists
    pub.publish(min_distances)
  File "/opt/ros/kinetic/lib/python2.7/dist-packages/rospy/topics.py", line 886, in publish
    raise ROSSerializationException(str(e))
ROSSerializationException: <class 'struct.error'>: 'required argument is not a float' when writing '0'

[rospy.topics][ERROR] 2025-03-27 14:39:25,520: Traceback (most recent call last):
  File "/opt/ros/kinetic/lib/python2.7/dist-packages/rospy/topics.py", line 882, in publish
    self.impl.publish(data)
  File "/opt/ros/kinetic/lib/python2.7/dist-packages/rospy/topics.py", line 1066, in publish
    serialize_message(b, self.seq, message)
  File "/opt/ros/kinetic/lib/python2.7/dist-packages/rospy/msg.py", line 152, in serialize_message
    msg.serialize(b)
  File "/opt/ros/kinetic/lib/python2.7/dist-packages/std_msgs/msg/_Float32MultiArray.py", line 113, in serialize
    except struct.error as se: self._check_types(struct.error("%s: '%s' when writing '%s'" % (type(se), str(se), str(locals().get('_x', self)))))
  File "/opt/ros/kinetic/lib/python2.7/dist-packages/genpy/message.py", line 385, in _check_types
    raise SerializationError(str(exc))
SerializationError: <class 'struct.error'>: 'required argument is not a float' when writing '0'

[rosout][ERROR] 2025-03-27 14:39:25,521: bad callback: <bound method SonarProcessor.sonar_callback of <__main__.SonarProcessor instance at 0x7fb7df3b41b8>>
Traceback (most recent call last):
  File "/opt/ros/kinetic/lib/python2.7/dist-packages/rospy/topics.py", line 750, in _invoke_callback
    cb(msg)
  File "sonar_get_min_dist.py", line 28, in sonar_callback
    self.back_left_min, self.back_right_min = self.process_sonar_data(data)
  File "sonar_get_min_dist.py", line 57, in process_sonar_data
    self.pub_dists(sonar_min_dist)
  File "sonar_get_min_dist.py", line 72, in pub_dists
    pub.publish(min_distances)
  File "/opt/ros/kinetic/lib/python2.7/dist-packages/rospy/topics.py", line 886, in publish
    raise ROSSerializationException(str(e))
ROSSerializationException: <class 'struct.error'>: 'required argument is not a float' when writing '0'

[rospy.topics][ERROR] 2025-03-27 14:39:25,623: Traceback (most recent call last):
  File "/opt/ros/kinetic/lib/python2.7/dist-packages/rospy/topics.py", line 882, in publish
    self.impl.publish(data)
  File "/opt/ros/kinetic/lib/python2.7/dist-packages/rospy/topics.py", line 1066, in publish
    serialize_message(b, self.seq, message)
  File "/opt/ros/kinetic/lib/python2.7/dist-packages/rospy/msg.py", line 152, in serialize_message
    msg.serialize(b)
  File "/opt/ros/kinetic/lib/python2.7/dist-packages/std_msgs/msg/_Float32MultiArray.py", line 113, in serialize
    except struct.error as se: self._check_types(struct.error("%s: '%s' when writing '%s'" % (type(se), str(se), str(locals().get('_x', self)))))
  File "/opt/ros/kinetic/lib/python2.7/dist-packages/genpy/message.py", line 385, in _check_types
    raise SerializationError(str(exc))
SerializationError: <class 'struct.error'>: 'required argument is not a float' when writing '0'

[rosout][ERROR] 2025-03-27 14:39:25,624: bad callback: <bound method SonarProcessor.sonar_callback of <__main__.SonarProcessor instance at 0x7fb7df3b41b8>>
Traceback (most recent call last):
  File "/opt/ros/kinetic/lib/python2.7/dist-packages/rospy/topics.py", line 750, in _invoke_callback
    cb(msg)
  File "sonar_get_min_dist.py", line 28, in sonar_callback
    self.back_left_min, self.back_right_min = self.process_sonar_data(data)
  File "sonar_get_min_dist.py", line 57, in process_sonar_data
    self.pub_dists(sonar_min_dist)
  File "sonar_get_min_dist.py", line 72, in pub_dists
    pub.publish(min_distances)
  File "/opt/ros/kinetic/lib/python2.7/dist-packages/rospy/topics.py", line 886, in publish
    raise ROSSerializationException(str(e))
ROSSerializationException: <class 'struct.error'>: 'required argument is not a float' when writing '0'

[rospy.topics][ERROR] 2025-03-27 14:39:25,721: Traceback (most recent call last):
  File "/opt/ros/kinetic/lib/python2.7/dist-packages/rospy/topics.py", line 882, in publish
    self.impl.publish(data)
  File "/opt/ros/kinetic/lib/python2.7/dist-packages/rospy/topics.py", line 1066, in publish
    serialize_message(b, self.seq, message)
  File "/opt/ros/kinetic/lib/python2.7/dist-packages/rospy/msg.py", line 152, in serialize_message
    msg.serialize(b)
  File "/opt/ros/kinetic/lib/python2.7/dist-packages/std_msgs/msg/_Float32MultiArray.py", line 113, in serialize
    except struct.error as se: self._check_types(struct.error("%s: '%s' when writing '%s'" % (type(se), str(se), str(locals().get('_x', self)))))
  File "/opt/ros/kinetic/lib/python2.7/dist-packages/genpy/message.py", line 385, in _check_types
    raise SerializationError(str(exc))
SerializationError: <class 'struct.error'>: 'required argument is not a float' when writing '0'

[rosout][ERROR] 2025-03-27 14:39:25,721: bad callback: <bound method SonarProcessor.sonar_callback of <__main__.SonarProcessor instance at 0x7fb7df3b41b8>>
Traceback (most recent call last):
  File "/opt/ros/kinetic/lib/python2.7/dist-packages/rospy/topics.py", line 750, in _invoke_callback
    cb(msg)
  File "sonar_get_min_dist.py", line 28, in sonar_callback
    self.back_left_min, self.back_right_min = self.process_sonar_data(data)
  File "sonar_get_min_dist.py", line 57, in process_sonar_data
    self.pub_dists(sonar_min_dist)
  File "sonar_get_min_dist.py", line 72, in pub_dists
    pub.publish(min_distances)
  File "/opt/ros/kinetic/lib/python2.7/dist-packages/rospy/topics.py", line 886, in publish
    raise ROSSerializationException(str(e))
ROSSerializationException: <class 'struct.error'>: 'required argument is not a float' when writing '0'

[rospy.topics][ERROR] 2025-03-27 14:39:25,823: Traceback (most recent call last):
  File "/opt/ros/kinetic/lib/python2.7/dist-packages/rospy/topics.py", line 882, in publish
    self.impl.publish(data)
  File "/opt/ros/kinetic/lib/python2.7/dist-packages/rospy/topics.py", line 1066, in publish
    serialize_message(b, self.seq, message)
  File "/opt/ros/kinetic/lib/python2.7/dist-packages/rospy/msg.py", line 152, in serialize_message
    msg.serialize(b)
  File "/opt/ros/kinetic/lib/python2.7/dist-packages/std_msgs/msg/_Float32MultiArray.py", line 113, in serialize
    except struct.error as se: self._check_types(struct.error("%s: '%s' when writing '%s'" % (type(se), str(se), str(locals().get('_x', self)))))
  File "/opt/ros/kinetic/lib/python2.7/dist-packages/genpy/message.py", line 385, in _check_types
    raise SerializationError(str(exc))
SerializationError: <class 'struct.error'>: 'required argument is not a float' when writing '0'

[rosout][ERROR] 2025-03-27 14:39:25,824: bad callback: <bound method SonarProcessor.sonar_callback of <__main__.SonarProcessor instance at 0x7fb7df3b41b8>>
Traceback (most recent call last):
  File "/opt/ros/kinetic/lib/python2.7/dist-packages/rospy/topics.py", line 750, in _invoke_callback
    cb(msg)
  File "sonar_get_min_dist.py", line 28, in sonar_callback
    self.back_left_min, self.back_right_min = self.process_sonar_data(data)
  File "sonar_get_min_dist.py", line 57, in process_sonar_data
    self.pub_dists(sonar_min_dist)
  File "sonar_get_min_dist.py", line 72, in pub_dists
    pub.publish(min_distances)
  File "/opt/ros/kinetic/lib/python2.7/dist-packages/rospy/topics.py", line 886, in publish
    raise ROSSerializationException(str(e))
ROSSerializationException: <class 'struct.error'>: 'required argument is not a float' when writing '0'

[rospy.topics][ERROR] 2025-03-27 14:39:25,920: Traceback (most recent call last):
  File "/opt/ros/kinetic/lib/python2.7/dist-packages/rospy/topics.py", line 882, in publish
    self.impl.publish(data)
  File "/opt/ros/kinetic/lib/python2.7/dist-packages/rospy/topics.py", line 1066, in publish
    serialize_message(b, self.seq, message)
  File "/opt/ros/kinetic/lib/python2.7/dist-packages/rospy/msg.py", line 152, in serialize_message
    msg.serialize(b)
  File "/opt/ros/kinetic/lib/python2.7/dist-packages/std_msgs/msg/_Float32MultiArray.py", line 113, in serialize
    except struct.error as se: self._check_types(struct.error("%s: '%s' when writing '%s'" % (type(se), str(se), str(locals().get('_x', self)))))
  File "/opt/ros/kinetic/lib/python2.7/dist-packages/genpy/message.py", line 385, in _check_types
    raise SerializationError(str(exc))
SerializationError: <class 'struct.error'>: 'required argument is not a float' when writing '0'

[rosout][ERROR] 2025-03-27 14:39:25,921: bad callback: <bound method SonarProcessor.sonar_callback of <__main__.SonarProcessor instance at 0x7fb7df3b41b8>>
Traceback (most recent call last):
  File "/opt/ros/kinetic/lib/python2.7/dist-packages/rospy/topics.py", line 750, in _invoke_callback
    cb(msg)
  File "sonar_get_min_dist.py", line 28, in sonar_callback
    self.back_left_min, self.back_right_min = self.process_sonar_data(data)
  File "sonar_get_min_dist.py", line 57, in process_sonar_data
    self.pub_dists(sonar_min_dist)
  File "sonar_get_min_dist.py", line 72, in pub_dists
    pub.publish(min_distances)
  File "/opt/ros/kinetic/lib/python2.7/dist-packages/rospy/topics.py", line 886, in publish
    raise ROSSerializationException(str(e))
ROSSerializationException: <class 'struct.error'>: 'required argument is not a float' when writing '0'

[rospy.topics][ERROR] 2025-03-27 14:39:26,024: Traceback (most recent call last):
  File "/opt/ros/kinetic/lib/python2.7/dist-packages/rospy/topics.py", line 882, in publish
    self.impl.publish(data)
  File "/opt/ros/kinetic/lib/python2.7/dist-packages/rospy/topics.py", line 1066, in publish
    serialize_message(b, self.seq, message)
  File "/opt/ros/kinetic/lib/python2.7/dist-packages/rospy/msg.py", line 152, in serialize_message
    msg.serialize(b)
  File "/opt/ros/kinetic/lib/python2.7/dist-packages/std_msgs/msg/_Float32MultiArray.py", line 113, in serialize
    except struct.error as se: self._check_types(struct.error("%s: '%s' when writing '%s'" % (type(se), str(se), str(locals().get('_x', self)))))
  File "/opt/ros/kinetic/lib/python2.7/dist-packages/genpy/message.py", line 385, in _check_types
    raise SerializationError(str(exc))
SerializationError: <class 'struct.error'>: 'required argument is not a float' when writing '0'

[rosout][ERROR] 2025-03-27 14:39:26,024: bad callback: <bound method SonarProcessor.sonar_callback of <__main__.SonarProcessor instance at 0x7fb7df3b41b8>>
Traceback (most recent call last):
  File "/opt/ros/kinetic/lib/python2.7/dist-packages/rospy/topics.py", line 750, in _invoke_callback
    cb(msg)
  File "sonar_get_min_dist.py", line 28, in sonar_callback
    self.back_left_min, self.back_right_min = self.process_sonar_data(data)
  File "sonar_get_min_dist.py", line 57, in process_sonar_data
    self.pub_dists(sonar_min_dist)
  File "sonar_get_min_dist.py", line 72, in pub_dists
    pub.publish(min_distances)
  File "/opt/ros/kinetic/lib/python2.7/dist-packages/rospy/topics.py", line 886, in publish
    raise ROSSerializationException(str(e))
ROSSerializationException: <class 'struct.error'>: 'required argument is not a float' when writing '0'

[rospy.topics][ERROR] 2025-03-27 14:39:26,121: Traceback (most recent call last):
  File "/opt/ros/kinetic/lib/python2.7/dist-packages/rospy/topics.py", line 882, in publish
    self.impl.publish(data)
  File "/opt/ros/kinetic/lib/python2.7/dist-packages/rospy/topics.py", line 1066, in publish
    serialize_message(b, self.seq, message)
  File "/opt/ros/kinetic/lib/python2.7/dist-packages/rospy/msg.py", line 152, in serialize_message
    msg.serialize(b)
  File "/opt/ros/kinetic/lib/python2.7/dist-packages/std_msgs/msg/_Float32MultiArray.py", line 113, in serialize
    except struct.error as se: self._check_types(struct.error("%s: '%s' when writing '%s'" % (type(se), str(se), str(locals().get('_x', self)))))
  File "/opt/ros/kinetic/lib/python2.7/dist-packages/genpy/message.py", line 385, in _check_types
    raise SerializationError(str(exc))
SerializationError: <class 'struct.error'>: 'required argument is not a float' when writing '0'

[rosout][ERROR] 2025-03-27 14:39:26,121: bad callback: <bound method SonarProcessor.sonar_callback of <__main__.SonarProcessor instance at 0x7fb7df3b41b8>>
Traceback (most recent call last):
  File "/opt/ros/kinetic/lib/python2.7/dist-packages/rospy/topics.py", line 750, in _invoke_callback
    cb(msg)
  File "sonar_get_min_dist.py", line 28, in sonar_callback
    self.back_left_min, self.back_right_min = self.process_sonar_data(data)
  File "sonar_get_min_dist.py", line 57, in process_sonar_data
    self.pub_dists(sonar_min_dist)
  File "sonar_get_min_dist.py", line 72, in pub_dists
    pub.publish(min_distances)
  File "/opt/ros/kinetic/lib/python2.7/dist-packages/rospy/topics.py", line 886, in publish
    raise ROSSerializationException(str(e))
ROSSerializationException: <class 'struct.error'>: 'required argument is not a float' when writing '0'

[rospy.topics][ERROR] 2025-03-27 14:39:26,224: Traceback (most recent call last):
  File "/opt/ros/kinetic/lib/python2.7/dist-packages/rospy/topics.py", line 882, in publish
    self.impl.publish(data)
  File "/opt/ros/kinetic/lib/python2.7/dist-packages/rospy/topics.py", line 1066, in publish
    serialize_message(b, self.seq, message)
  File "/opt/ros/kinetic/lib/python2.7/dist-packages/rospy/msg.py", line 152, in serialize_message
    msg.serialize(b)
  File "/opt/ros/kinetic/lib/python2.7/dist-packages/std_msgs/msg/_Float32MultiArray.py", line 113, in serialize
    except struct.error as se: self._check_types(struct.error("%s: '%s' when writing '%s'" % (type(se), str(se), str(locals().get('_x', self)))))
  File "/opt/ros/kinetic/lib/python2.7/dist-packages/genpy/message.py", line 385, in _check_types
    raise SerializationError(str(exc))
SerializationError: <class 'struct.error'>: 'required argument is not a float' when writing '0'

[rosout][ERROR] 2025-03-27 14:39:26,224: bad callback: <bound method SonarProcessor.sonar_callback of <__main__.SonarProcessor instance at 0x7fb7df3b41b8>>
Traceback (most recent call last):
  File "/opt/ros/kinetic/lib/python2.7/dist-packages/rospy/topics.py", line 750, in _invoke_callback
    cb(msg)
  File "sonar_get_min_dist.py", line 28, in sonar_callback
    self.back_left_min, self.back_right_min = self.process_sonar_data(data)
  File "sonar_get_min_dist.py", line 57, in process_sonar_data
    self.pub_dists(sonar_min_dist)
  File "sonar_get_min_dist.py", line 72, in pub_dists
    pub.publish(min_distances)
  File "/opt/ros/kinetic/lib/python2.7/dist-packages/rospy/topics.py", line 886, in publish
    raise ROSSerializationException(str(e))
ROSSerializationException: <class 'struct.error'>: 'required argument is not a float' when writing '0'

[rospy.topics][ERROR] 2025-03-27 14:39:26,321: Traceback (most recent call last):
  File "/opt/ros/kinetic/lib/python2.7/dist-packages/rospy/topics.py", line 882, in publish
    self.impl.publish(data)
  File "/opt/ros/kinetic/lib/python2.7/dist-packages/rospy/topics.py", line 1066, in publish
    serialize_message(b, self.seq, message)
  File "/opt/ros/kinetic/lib/python2.7/dist-packages/rospy/msg.py", line 152, in serialize_message
    msg.serialize(b)
  File "/opt/ros/kinetic/lib/python2.7/dist-packages/std_msgs/msg/_Float32MultiArray.py", line 113, in serialize
    except struct.error as se: self._check_types(struct.error("%s: '%s' when writing '%s'" % (type(se), str(se), str(locals().get('_x', self)))))
  File "/opt/ros/kinetic/lib/python2.7/dist-packages/genpy/message.py", line 385, in _check_types
    raise SerializationError(str(exc))
SerializationError: <class 'struct.error'>: 'required argument is not a float' when writing '0'

[rosout][ERROR] 2025-03-27 14:39:26,321: bad callback: <bound method SonarProcessor.sonar_callback of <__main__.SonarProcessor instance at 0x7fb7df3b41b8>>
Traceback (most recent call last):
  File "/opt/ros/kinetic/lib/python2.7/dist-packages/rospy/topics.py", line 750, in _invoke_callback
    cb(msg)
  File "sonar_get_min_dist.py", line 28, in sonar_callback
    self.back_left_min, self.back_right_min = self.process_sonar_data(data)
  File "sonar_get_min_dist.py", line 57, in process_sonar_data
    self.pub_dists(sonar_min_dist)
  File "sonar_get_min_dist.py", line 72, in pub_dists
    pub.publish(min_distances)
  File "/opt/ros/kinetic/lib/python2.7/dist-packages/rospy/topics.py", line 886, in publish
    raise ROSSerializationException(str(e))
ROSSerializationException: <class 'struct.error'>: 'required argument is not a float' when writing '0'

[rospy.topics][ERROR] 2025-03-27 14:39:26,424: Traceback (most recent call last):
  File "/opt/ros/kinetic/lib/python2.7/dist-packages/rospy/topics.py", line 882, in publish
    self.impl.publish(data)
  File "/opt/ros/kinetic/lib/python2.7/dist-packages/rospy/topics.py", line 1066, in publish
    serialize_message(b, self.seq, message)
  File "/opt/ros/kinetic/lib/python2.7/dist-packages/rospy/msg.py", line 152, in serialize_message
    msg.serialize(b)
  File "/opt/ros/kinetic/lib/python2.7/dist-packages/std_msgs/msg/_Float32MultiArray.py", line 113, in serialize
    except struct.error as se: self._check_types(struct.error("%s: '%s' when writing '%s'" % (type(se), str(se), str(locals().get('_x', self)))))
  File "/opt/ros/kinetic/lib/python2.7/dist-packages/genpy/message.py", line 385, in _check_types
    raise SerializationError(str(exc))
SerializationError: <class 'struct.error'>: 'required argument is not a float' when writing '0'

[rosout][ERROR] 2025-03-27 14:39:26,425: bad callback: <bound method SonarProcessor.sonar_callback of <__main__.SonarProcessor instance at 0x7fb7df3b41b8>>
Traceback (most recent call last):
  File "/opt/ros/kinetic/lib/python2.7/dist-packages/rospy/topics.py", line 750, in _invoke_callback
    cb(msg)
  File "sonar_get_min_dist.py", line 28, in sonar_callback
    self.back_left_min, self.back_right_min = self.process_sonar_data(data)
  File "sonar_get_min_dist.py", line 57, in process_sonar_data
    self.pub_dists(sonar_min_dist)
  File "sonar_get_min_dist.py", line 72, in pub_dists
    pub.publish(min_distances)
  File "/opt/ros/kinetic/lib/python2.7/dist-packages/rospy/topics.py", line 886, in publish
    raise ROSSerializationException(str(e))
ROSSerializationException: <class 'struct.error'>: 'required argument is not a float' when writing '0'

[rospy.topics][ERROR] 2025-03-27 14:39:26,521: Traceback (most recent call last):
  File "/opt/ros/kinetic/lib/python2.7/dist-packages/rospy/topics.py", line 882, in publish
    self.impl.publish(data)
  File "/opt/ros/kinetic/lib/python2.7/dist-packages/rospy/topics.py", line 1066, in publish
    serialize_message(b, self.seq, message)
  File "/opt/ros/kinetic/lib/python2.7/dist-packages/rospy/msg.py", line 152, in serialize_message
    msg.serialize(b)
  File "/opt/ros/kinetic/lib/python2.7/dist-packages/std_msgs/msg/_Float32MultiArray.py", line 113, in serialize
    except struct.error as se: self._check_types(struct.error("%s: '%s' when writing '%s'" % (type(se), str(se), str(locals().get('_x', self)))))
  File "/opt/ros/kinetic/lib/python2.7/dist-packages/genpy/message.py", line 385, in _check_types
    raise SerializationError(str(exc))
SerializationError: <class 'struct.error'>: 'required argument is not a float' when writing '0'

[rosout][ERROR] 2025-03-27 14:39:26,521: bad callback: <bound method SonarProcessor.sonar_callback of <__main__.SonarProcessor instance at 0x7fb7df3b41b8>>
Traceback (most recent call last):
  File "/opt/ros/kinetic/lib/python2.7/dist-packages/rospy/topics.py", line 750, in _invoke_callback
    cb(msg)
  File "sonar_get_min_dist.py", line 28, in sonar_callback
    self.back_left_min, self.back_right_min = self.process_sonar_data(data)
  File "sonar_get_min_dist.py", line 57, in process_sonar_data
    self.pub_dists(sonar_min_dist)
  File "sonar_get_min_dist.py", line 72, in pub_dists
    pub.publish(min_distances)
  File "/opt/ros/kinetic/lib/python2.7/dist-packages/rospy/topics.py", line 886, in publish
    raise ROSSerializationException(str(e))
ROSSerializationException: <class 'struct.error'>: 'required argument is not a float' when writing '0'

[rospy.topics][ERROR] 2025-03-27 14:39:26,624: Traceback (most recent call last):
  File "/opt/ros/kinetic/lib/python2.7/dist-packages/rospy/topics.py", line 882, in publish
    self.impl.publish(data)
  File "/opt/ros/kinetic/lib/python2.7/dist-packages/rospy/topics.py", line 1066, in publish
    serialize_message(b, self.seq, message)
  File "/opt/ros/kinetic/lib/python2.7/dist-packages/rospy/msg.py", line 152, in serialize_message
    msg.serialize(b)
  File "/opt/ros/kinetic/lib/python2.7/dist-packages/std_msgs/msg/_Float32MultiArray.py", line 113, in serialize
    except struct.error as se: self._check_types(struct.error("%s: '%s' when writing '%s'" % (type(se), str(se), str(locals().get('_x', self)))))
  File "/opt/ros/kinetic/lib/python2.7/dist-packages/genpy/message.py", line 385, in _check_types
    raise SerializationError(str(exc))
SerializationError: <class 'struct.error'>: 'required argument is not a float' when writing '0'

[rosout][ERROR] 2025-03-27 14:39:26,624: bad callback: <bound method SonarProcessor.sonar_callback of <__main__.SonarProcessor instance at 0x7fb7df3b41b8>>
Traceback (most recent call last):
  File "/opt/ros/kinetic/lib/python2.7/dist-packages/rospy/topics.py", line 750, in _invoke_callback
    cb(msg)
  File "sonar_get_min_dist.py", line 28, in sonar_callback
    self.back_left_min, self.back_right_min = self.process_sonar_data(data)
  File "sonar_get_min_dist.py", line 57, in process_sonar_data
    self.pub_dists(sonar_min_dist)
  File "sonar_get_min_dist.py", line 72, in pub_dists
    pub.publish(min_distances)
  File "/opt/ros/kinetic/lib/python2.7/dist-packages/rospy/topics.py", line 886, in publish
    raise ROSSerializationException(str(e))
ROSSerializationException: <class 'struct.error'>: 'required argument is not a float' when writing '0'

[rospy.topics][ERROR] 2025-03-27 14:39:26,721: Traceback (most recent call last):
  File "/opt/ros/kinetic/lib/python2.7/dist-packages/rospy/topics.py", line 882, in publish
    self.impl.publish(data)
  File "/opt/ros/kinetic/lib/python2.7/dist-packages/rospy/topics.py", line 1066, in publish
    serialize_message(b, self.seq, message)
  File "/opt/ros/kinetic/lib/python2.7/dist-packages/rospy/msg.py", line 152, in serialize_message
    msg.serialize(b)
  File "/opt/ros/kinetic/lib/python2.7/dist-packages/std_msgs/msg/_Float32MultiArray.py", line 113, in serialize
    except struct.error as se: self._check_types(struct.error("%s: '%s' when writing '%s'" % (type(se), str(se), str(locals().get('_x', self)))))
  File "/opt/ros/kinetic/lib/python2.7/dist-packages/genpy/message.py", line 385, in _check_types
    raise SerializationError(str(exc))
SerializationError: <class 'struct.error'>: 'required argument is not a float' when writing '0'

[rosout][ERROR] 2025-03-27 14:39:26,721: bad callback: <bound method SonarProcessor.sonar_callback of <__main__.SonarProcessor instance at 0x7fb7df3b41b8>>
Traceback (most recent call last):
  File "/opt/ros/kinetic/lib/python2.7/dist-packages/rospy/topics.py", line 750, in _invoke_callback
    cb(msg)
  File "sonar_get_min_dist.py", line 28, in sonar_callback
    self.back_left_min, self.back_right_min = self.process_sonar_data(data)
  File "sonar_get_min_dist.py", line 57, in process_sonar_data
    self.pub_dists(sonar_min_dist)
  File "sonar_get_min_dist.py", line 72, in pub_dists
    pub.publish(min_distances)
  File "/opt/ros/kinetic/lib/python2.7/dist-packages/rospy/topics.py", line 886, in publish
    raise ROSSerializationException(str(e))
ROSSerializationException: <class 'struct.error'>: 'required argument is not a float' when writing '0'

[rospy.topics][ERROR] 2025-03-27 14:39:26,824: Traceback (most recent call last):
  File "/opt/ros/kinetic/lib/python2.7/dist-packages/rospy/topics.py", line 882, in publish
    self.impl.publish(data)
  File "/opt/ros/kinetic/lib/python2.7/dist-packages/rospy/topics.py", line 1066, in publish
    serialize_message(b, self.seq, message)
  File "/opt/ros/kinetic/lib/python2.7/dist-packages/rospy/msg.py", line 152, in serialize_message
    msg.serialize(b)
  File "/opt/ros/kinetic/lib/python2.7/dist-packages/std_msgs/msg/_Float32MultiArray.py", line 113, in serialize
    except struct.error as se: self._check_types(struct.error("%s: '%s' when writing '%s'" % (type(se), str(se), str(locals().get('_x', self)))))
  File "/opt/ros/kinetic/lib/python2.7/dist-packages/genpy/message.py", line 385, in _check_types
    raise SerializationError(str(exc))
SerializationError: <class 'struct.error'>: 'required argument is not a float' when writing '0'

[rosout][ERROR] 2025-03-27 14:39:26,824: bad callback: <bound method SonarProcessor.sonar_callback of <__main__.SonarProcessor instance at 0x7fb7df3b41b8>>
Traceback (most recent call last):
  File "/opt/ros/kinetic/lib/python2.7/dist-packages/rospy/topics.py", line 750, in _invoke_callback
    cb(msg)
  File "sonar_get_min_dist.py", line 28, in sonar_callback
    self.back_left_min, self.back_right_min = self.process_sonar_data(data)
  File "sonar_get_min_dist.py", line 57, in process_sonar_data
    self.pub_dists(sonar_min_dist)
  File "sonar_get_min_dist.py", line 72, in pub_dists
    pub.publish(min_distances)
  File "/opt/ros/kinetic/lib/python2.7/dist-packages/rospy/topics.py", line 886, in publish
    raise ROSSerializationException(str(e))
ROSSerializationException: <class 'struct.error'>: 'required argument is not a float' when writing '0'

[rospy.topics][ERROR] 2025-03-27 14:39:26,921: Traceback (most recent call last):
  File "/opt/ros/kinetic/lib/python2.7/dist-packages/rospy/topics.py", line 882, in publish
    self.impl.publish(data)
  File "/opt/ros/kinetic/lib/python2.7/dist-packages/rospy/topics.py", line 1066, in publish
    serialize_message(b, self.seq, message)
  File "/opt/ros/kinetic/lib/python2.7/dist-packages/rospy/msg.py", line 152, in serialize_message
    msg.serialize(b)
  File "/opt/ros/kinetic/lib/python2.7/dist-packages/std_msgs/msg/_Float32MultiArray.py", line 113, in serialize
    except struct.error as se: self._check_types(struct.error("%s: '%s' when writing '%s'" % (type(se), str(se), str(locals().get('_x', self)))))
  File "/opt/ros/kinetic/lib/python2.7/dist-packages/genpy/message.py", line 385, in _check_types
    raise SerializationError(str(exc))
SerializationError: <class 'struct.error'>: 'required argument is not a float' when writing '0'

[rosout][ERROR] 2025-03-27 14:39:26,921: bad callback: <bound method SonarProcessor.sonar_callback of <__main__.SonarProcessor instance at 0x7fb7df3b41b8>>
Traceback (most recent call last):
  File "/opt/ros/kinetic/lib/python2.7/dist-packages/rospy/topics.py", line 750, in _invoke_callback
    cb(msg)
  File "sonar_get_min_dist.py", line 28, in sonar_callback
    self.back_left_min, self.back_right_min = self.process_sonar_data(data)
  File "sonar_get_min_dist.py", line 57, in process_sonar_data
    self.pub_dists(sonar_min_dist)
  File "sonar_get_min_dist.py", line 72, in pub_dists
    pub.publish(min_distances)
  File "/opt/ros/kinetic/lib/python2.7/dist-packages/rospy/topics.py", line 886, in publish
    raise ROSSerializationException(str(e))
ROSSerializationException: <class 'struct.error'>: 'required argument is not a float' when writing '0'

[rospy.topics][ERROR] 2025-03-27 14:39:27,024: Traceback (most recent call last):
  File "/opt/ros/kinetic/lib/python2.7/dist-packages/rospy/topics.py", line 882, in publish
    self.impl.publish(data)
  File "/opt/ros/kinetic/lib/python2.7/dist-packages/rospy/topics.py", line 1066, in publish
    serialize_message(b, self.seq, message)
  File "/opt/ros/kinetic/lib/python2.7/dist-packages/rospy/msg.py", line 152, in serialize_message
    msg.serialize(b)
  File "/opt/ros/kinetic/lib/python2.7/dist-packages/std_msgs/msg/_Float32MultiArray.py", line 113, in serialize
    except struct.error as se: self._check_types(struct.error("%s: '%s' when writing '%s'" % (type(se), str(se), str(locals().get('_x', self)))))
  File "/opt/ros/kinetic/lib/python2.7/dist-packages/genpy/message.py", line 385, in _check_types
    raise SerializationError(str(exc))
SerializationError: <class 'struct.error'>: 'required argument is not a float' when writing '0'

[rosout][ERROR] 2025-03-27 14:39:27,025: bad callback: <bound method SonarProcessor.sonar_callback of <__main__.SonarProcessor instance at 0x7fb7df3b41b8>>
Traceback (most recent call last):
  File "/opt/ros/kinetic/lib/python2.7/dist-packages/rospy/topics.py", line 750, in _invoke_callback
    cb(msg)
  File "sonar_get_min_dist.py", line 28, in sonar_callback
    self.back_left_min, self.back_right_min = self.process_sonar_data(data)
  File "sonar_get_min_dist.py", line 57, in process_sonar_data
    self.pub_dists(sonar_min_dist)
  File "sonar_get_min_dist.py", line 72, in pub_dists
    pub.publish(min_distances)
  File "/opt/ros/kinetic/lib/python2.7/dist-packages/rospy/topics.py", line 886, in publish
    raise ROSSerializationException(str(e))
ROSSerializationException: <class 'struct.error'>: 'required argument is not a float' when writing '0'

[rospy.topics][ERROR] 2025-03-27 14:39:27,121: Traceback (most recent call last):
  File "/opt/ros/kinetic/lib/python2.7/dist-packages/rospy/topics.py", line 882, in publish
    self.impl.publish(data)
  File "/opt/ros/kinetic/lib/python2.7/dist-packages/rospy/topics.py", line 1066, in publish
    serialize_message(b, self.seq, message)
  File "/opt/ros/kinetic/lib/python2.7/dist-packages/rospy/msg.py", line 152, in serialize_message
    msg.serialize(b)
  File "/opt/ros/kinetic/lib/python2.7/dist-packages/std_msgs/msg/_Float32MultiArray.py", line 113, in serialize
    except struct.error as se: self._check_types(struct.error("%s: '%s' when writing '%s'" % (type(se), str(se), str(locals().get('_x', self)))))
  File "/opt/ros/kinetic/lib/python2.7/dist-packages/genpy/message.py", line 385, in _check_types
    raise SerializationError(str(exc))
SerializationError: <class 'struct.error'>: 'required argument is not a float' when writing '0'

[rosout][ERROR] 2025-03-27 14:39:27,121: bad callback: <bound method SonarProcessor.sonar_callback of <__main__.SonarProcessor instance at 0x7fb7df3b41b8>>
Traceback (most recent call last):
  File "/opt/ros/kinetic/lib/python2.7/dist-packages/rospy/topics.py", line 750, in _invoke_callback
    cb(msg)
  File "sonar_get_min_dist.py", line 28, in sonar_callback
    self.back_left_min, self.back_right_min = self.process_sonar_data(data)
  File "sonar_get_min_dist.py", line 57, in process_sonar_data
    self.pub_dists(sonar_min_dist)
  File "sonar_get_min_dist.py", line 72, in pub_dists
    pub.publish(min_distances)
  File "/opt/ros/kinetic/lib/python2.7/dist-packages/rospy/topics.py", line 886, in publish
    raise ROSSerializationException(str(e))
ROSSerializationException: <class 'struct.error'>: 'required argument is not a float' when writing '0'

[rospy.topics][ERROR] 2025-03-27 14:39:27,224: Traceback (most recent call last):
  File "/opt/ros/kinetic/lib/python2.7/dist-packages/rospy/topics.py", line 882, in publish
    self.impl.publish(data)
  File "/opt/ros/kinetic/lib/python2.7/dist-packages/rospy/topics.py", line 1066, in publish
    serialize_message(b, self.seq, message)
  File "/opt/ros/kinetic/lib/python2.7/dist-packages/rospy/msg.py", line 152, in serialize_message
    msg.serialize(b)
  File "/opt/ros/kinetic/lib/python2.7/dist-packages/std_msgs/msg/_Float32MultiArray.py", line 113, in serialize
    except struct.error as se: self._check_types(struct.error("%s: '%s' when writing '%s'" % (type(se), str(se), str(locals().get('_x', self)))))
  File "/opt/ros/kinetic/lib/python2.7/dist-packages/genpy/message.py", line 385, in _check_types
    raise SerializationError(str(exc))
SerializationError: <class 'struct.error'>: 'required argument is not a float' when writing '0'

[rosout][ERROR] 2025-03-27 14:39:27,225: bad callback: <bound method SonarProcessor.sonar_callback of <__main__.SonarProcessor instance at 0x7fb7df3b41b8>>
Traceback (most recent call last):
  File "/opt/ros/kinetic/lib/python2.7/dist-packages/rospy/topics.py", line 750, in _invoke_callback
    cb(msg)
  File "sonar_get_min_dist.py", line 28, in sonar_callback
    self.back_left_min, self.back_right_min = self.process_sonar_data(data)
  File "sonar_get_min_dist.py", line 57, in process_sonar_data
    self.pub_dists(sonar_min_dist)
  File "sonar_get_min_dist.py", line 72, in pub_dists
    pub.publish(min_distances)
  File "/opt/ros/kinetic/lib/python2.7/dist-packages/rospy/topics.py", line 886, in publish
    raise ROSSerializationException(str(e))
ROSSerializationException: <class 'struct.error'>: 'required argument is not a float' when writing '0'

[rospy.topics][ERROR] 2025-03-27 14:39:27,321: Traceback (most recent call last):
  File "/opt/ros/kinetic/lib/python2.7/dist-packages/rospy/topics.py", line 882, in publish
    self.impl.publish(data)
  File "/opt/ros/kinetic/lib/python2.7/dist-packages/rospy/topics.py", line 1066, in publish
    serialize_message(b, self.seq, message)
  File "/opt/ros/kinetic/lib/python2.7/dist-packages/rospy/msg.py", line 152, in serialize_message
    msg.serialize(b)
  File "/opt/ros/kinetic/lib/python2.7/dist-packages/std_msgs/msg/_Float32MultiArray.py", line 113, in serialize
    except struct.error as se: self._check_types(struct.error("%s: '%s' when writing '%s'" % (type(se), str(se), str(locals().get('_x', self)))))
  File "/opt/ros/kinetic/lib/python2.7/dist-packages/genpy/message.py", line 385, in _check_types
    raise SerializationError(str(exc))
SerializationError: <class 'struct.error'>: 'required argument is not a float' when writing '0'

[rosout][ERROR] 2025-03-27 14:39:27,322: bad callback: <bound method SonarProcessor.sonar_callback of <__main__.SonarProcessor instance at 0x7fb7df3b41b8>>
Traceback (most recent call last):
  File "/opt/ros/kinetic/lib/python2.7/dist-packages/rospy/topics.py", line 750, in _invoke_callback
    cb(msg)
  File "sonar_get_min_dist.py", line 28, in sonar_callback
    self.back_left_min, self.back_right_min = self.process_sonar_data(data)
  File "sonar_get_min_dist.py", line 57, in process_sonar_data
    self.pub_dists(sonar_min_dist)
  File "sonar_get_min_dist.py", line 72, in pub_dists
    pub.publish(min_distances)
  File "/opt/ros/kinetic/lib/python2.7/dist-packages/rospy/topics.py", line 886, in publish
    raise ROSSerializationException(str(e))
ROSSerializationException: <class 'struct.error'>: 'required argument is not a float' when writing '0'

[rospy.topics][ERROR] 2025-03-27 14:39:27,424: Traceback (most recent call last):
  File "/opt/ros/kinetic/lib/python2.7/dist-packages/rospy/topics.py", line 882, in publish
    self.impl.publish(data)
  File "/opt/ros/kinetic/lib/python2.7/dist-packages/rospy/topics.py", line 1066, in publish
    serialize_message(b, self.seq, message)
  File "/opt/ros/kinetic/lib/python2.7/dist-packages/rospy/msg.py", line 152, in serialize_message
    msg.serialize(b)
  File "/opt/ros/kinetic/lib/python2.7/dist-packages/std_msgs/msg/_Float32MultiArray.py", line 113, in serialize
    except struct.error as se: self._check_types(struct.error("%s: '%s' when writing '%s'" % (type(se), str(se), str(locals().get('_x', self)))))
  File "/opt/ros/kinetic/lib/python2.7/dist-packages/genpy/message.py", line 385, in _check_types
    raise SerializationError(str(exc))
SerializationError: <class 'struct.error'>: 'required argument is not a float' when writing '0'

[rosout][ERROR] 2025-03-27 14:39:27,425: bad callback: <bound method SonarProcessor.sonar_callback of <__main__.SonarProcessor instance at 0x7fb7df3b41b8>>
Traceback (most recent call last):
  File "/opt/ros/kinetic/lib/python2.7/dist-packages/rospy/topics.py", line 750, in _invoke_callback
    cb(msg)
  File "sonar_get_min_dist.py", line 28, in sonar_callback
    self.back_left_min, self.back_right_min = self.process_sonar_data(data)
  File "sonar_get_min_dist.py", line 57, in process_sonar_data
    self.pub_dists(sonar_min_dist)
  File "sonar_get_min_dist.py", line 72, in pub_dists
    pub.publish(min_distances)
  File "/opt/ros/kinetic/lib/python2.7/dist-packages/rospy/topics.py", line 886, in publish
    raise ROSSerializationException(str(e))
ROSSerializationException: <class 'struct.error'>: 'required argument is not a float' when writing '0'

[rospy.topics][ERROR] 2025-03-27 14:39:27,521: Traceback (most recent call last):
  File "/opt/ros/kinetic/lib/python2.7/dist-packages/rospy/topics.py", line 882, in publish
    self.impl.publish(data)
  File "/opt/ros/kinetic/lib/python2.7/dist-packages/rospy/topics.py", line 1066, in publish
    serialize_message(b, self.seq, message)
  File "/opt/ros/kinetic/lib/python2.7/dist-packages/rospy/msg.py", line 152, in serialize_message
    msg.serialize(b)
  File "/opt/ros/kinetic/lib/python2.7/dist-packages/std_msgs/msg/_Float32MultiArray.py", line 113, in serialize
    except struct.error as se: self._check_types(struct.error("%s: '%s' when writing '%s'" % (type(se), str(se), str(locals().get('_x', self)))))
  File "/opt/ros/kinetic/lib/python2.7/dist-packages/genpy/message.py", line 385, in _check_types
    raise SerializationError(str(exc))
SerializationError: <class 'struct.error'>: 'required argument is not a float' when writing '0'

[rosout][ERROR] 2025-03-27 14:39:27,522: bad callback: <bound method SonarProcessor.sonar_callback of <__main__.SonarProcessor instance at 0x7fb7df3b41b8>>
Traceback (most recent call last):
  File "/opt/ros/kinetic/lib/python2.7/dist-packages/rospy/topics.py", line 750, in _invoke_callback
    cb(msg)
  File "sonar_get_min_dist.py", line 28, in sonar_callback
    self.back_left_min, self.back_right_min = self.process_sonar_data(data)
  File "sonar_get_min_dist.py", line 57, in process_sonar_data
    self.pub_dists(sonar_min_dist)
  File "sonar_get_min_dist.py", line 72, in pub_dists
    pub.publish(min_distances)
  File "/opt/ros/kinetic/lib/python2.7/dist-packages/rospy/topics.py", line 886, in publish
    raise ROSSerializationException(str(e))
ROSSerializationException: <class 'struct.error'>: 'required argument is not a float' when writing '0'

[rospy.topics][ERROR] 2025-03-27 14:39:27,624: Traceback (most recent call last):
  File "/opt/ros/kinetic/lib/python2.7/dist-packages/rospy/topics.py", line 882, in publish
    self.impl.publish(data)
  File "/opt/ros/kinetic/lib/python2.7/dist-packages/rospy/topics.py", line 1066, in publish
    serialize_message(b, self.seq, message)
  File "/opt/ros/kinetic/lib/python2.7/dist-packages/rospy/msg.py", line 152, in serialize_message
    msg.serialize(b)
  File "/opt/ros/kinetic/lib/python2.7/dist-packages/std_msgs/msg/_Float32MultiArray.py", line 113, in serialize
    except struct.error as se: self._check_types(struct.error("%s: '%s' when writing '%s'" % (type(se), str(se), str(locals().get('_x', self)))))
  File "/opt/ros/kinetic/lib/python2.7/dist-packages/genpy/message.py", line 385, in _check_types
    raise SerializationError(str(exc))
SerializationError: <class 'struct.error'>: 'required argument is not a float' when writing '0'

[rosout][ERROR] 2025-03-27 14:39:27,625: bad callback: <bound method SonarProcessor.sonar_callback of <__main__.SonarProcessor instance at 0x7fb7df3b41b8>>
Traceback (most recent call last):
  File "/opt/ros/kinetic/lib/python2.7/dist-packages/rospy/topics.py", line 750, in _invoke_callback
    cb(msg)
  File "sonar_get_min_dist.py", line 28, in sonar_callback
    self.back_left_min, self.back_right_min = self.process_sonar_data(data)
  File "sonar_get_min_dist.py", line 57, in process_sonar_data
    self.pub_dists(sonar_min_dist)
  File "sonar_get_min_dist.py", line 72, in pub_dists
    pub.publish(min_distances)
  File "/opt/ros/kinetic/lib/python2.7/dist-packages/rospy/topics.py", line 886, in publish
    raise ROSSerializationException(str(e))
ROSSerializationException: <class 'struct.error'>: 'required argument is not a float' when writing '0'

[rospy.topics][ERROR] 2025-03-27 14:39:27,721: Traceback (most recent call last):
  File "/opt/ros/kinetic/lib/python2.7/dist-packages/rospy/topics.py", line 882, in publish
    self.impl.publish(data)
  File "/opt/ros/kinetic/lib/python2.7/dist-packages/rospy/topics.py", line 1066, in publish
    serialize_message(b, self.seq, message)
  File "/opt/ros/kinetic/lib/python2.7/dist-packages/rospy/msg.py", line 152, in serialize_message
    msg.serialize(b)
  File "/opt/ros/kinetic/lib/python2.7/dist-packages/std_msgs/msg/_Float32MultiArray.py", line 113, in serialize
    except struct.error as se: self._check_types(struct.error("%s: '%s' when writing '%s'" % (type(se), str(se), str(locals().get('_x', self)))))
  File "/opt/ros/kinetic/lib/python2.7/dist-packages/genpy/message.py", line 385, in _check_types
    raise SerializationError(str(exc))
SerializationError: <class 'struct.error'>: 'required argument is not a float' when writing '0'

[rosout][ERROR] 2025-03-27 14:39:27,722: bad callback: <bound method SonarProcessor.sonar_callback of <__main__.SonarProcessor instance at 0x7fb7df3b41b8>>
Traceback (most recent call last):
  File "/opt/ros/kinetic/lib/python2.7/dist-packages/rospy/topics.py", line 750, in _invoke_callback
    cb(msg)
  File "sonar_get_min_dist.py", line 28, in sonar_callback
    self.back_left_min, self.back_right_min = self.process_sonar_data(data)
  File "sonar_get_min_dist.py", line 57, in process_sonar_data
    self.pub_dists(sonar_min_dist)
  File "sonar_get_min_dist.py", line 72, in pub_dists
    pub.publish(min_distances)
  File "/opt/ros/kinetic/lib/python2.7/dist-packages/rospy/topics.py", line 886, in publish
    raise ROSSerializationException(str(e))
ROSSerializationException: <class 'struct.error'>: 'required argument is not a float' when writing '0'

[rospy.topics][ERROR] 2025-03-27 14:39:27,824: Traceback (most recent call last):
  File "/opt/ros/kinetic/lib/python2.7/dist-packages/rospy/topics.py", line 882, in publish
    self.impl.publish(data)
  File "/opt/ros/kinetic/lib/python2.7/dist-packages/rospy/topics.py", line 1066, in publish
    serialize_message(b, self.seq, message)
  File "/opt/ros/kinetic/lib/python2.7/dist-packages/rospy/msg.py", line 152, in serialize_message
    msg.serialize(b)
  File "/opt/ros/kinetic/lib/python2.7/dist-packages/std_msgs/msg/_Float32MultiArray.py", line 113, in serialize
    except struct.error as se: self._check_types(struct.error("%s: '%s' when writing '%s'" % (type(se), str(se), str(locals().get('_x', self)))))
  File "/opt/ros/kinetic/lib/python2.7/dist-packages/genpy/message.py", line 385, in _check_types
    raise SerializationError(str(exc))
SerializationError: <class 'struct.error'>: 'required argument is not a float' when writing '0'

[rosout][ERROR] 2025-03-27 14:39:27,825: bad callback: <bound method SonarProcessor.sonar_callback of <__main__.SonarProcessor instance at 0x7fb7df3b41b8>>
Traceback (most recent call last):
  File "/opt/ros/kinetic/lib/python2.7/dist-packages/rospy/topics.py", line 750, in _invoke_callback
    cb(msg)
  File "sonar_get_min_dist.py", line 28, in sonar_callback
    self.back_left_min, self.back_right_min = self.process_sonar_data(data)
  File "sonar_get_min_dist.py", line 57, in process_sonar_data
    self.pub_dists(sonar_min_dist)
  File "sonar_get_min_dist.py", line 72, in pub_dists
    pub.publish(min_distances)
  File "/opt/ros/kinetic/lib/python2.7/dist-packages/rospy/topics.py", line 886, in publish
    raise ROSSerializationException(str(e))
ROSSerializationException: <class 'struct.error'>: 'required argument is not a float' when writing '0'

[rospy.topics][ERROR] 2025-03-27 14:39:27,921: Traceback (most recent call last):
  File "/opt/ros/kinetic/lib/python2.7/dist-packages/rospy/topics.py", line 882, in publish
    self.impl.publish(data)
  File "/opt/ros/kinetic/lib/python2.7/dist-packages/rospy/topics.py", line 1066, in publish
    serialize_message(b, self.seq, message)
  File "/opt/ros/kinetic/lib/python2.7/dist-packages/rospy/msg.py", line 152, in serialize_message
    msg.serialize(b)
  File "/opt/ros/kinetic/lib/python2.7/dist-packages/std_msgs/msg/_Float32MultiArray.py", line 113, in serialize
    except struct.error as se: self._check_types(struct.error("%s: '%s' when writing '%s'" % (type(se), str(se), str(locals().get('_x', self)))))
  File "/opt/ros/kinetic/lib/python2.7/dist-packages/genpy/message.py", line 385, in _check_types
    raise SerializationError(str(exc))
SerializationError: <class 'struct.error'>: 'required argument is not a float' when writing '0'

[rosout][ERROR] 2025-03-27 14:39:27,922: bad callback: <bound method SonarProcessor.sonar_callback of <__main__.SonarProcessor instance at 0x7fb7df3b41b8>>
Traceback (most recent call last):
  File "/opt/ros/kinetic/lib/python2.7/dist-packages/rospy/topics.py", line 750, in _invoke_callback
    cb(msg)
  File "sonar_get_min_dist.py", line 28, in sonar_callback
    self.back_left_min, self.back_right_min = self.process_sonar_data(data)
  File "sonar_get_min_dist.py", line 57, in process_sonar_data
    self.pub_dists(sonar_min_dist)
  File "sonar_get_min_dist.py", line 72, in pub_dists
    pub.publish(min_distances)
  File "/opt/ros/kinetic/lib/python2.7/dist-packages/rospy/topics.py", line 886, in publish
    raise ROSSerializationException(str(e))
ROSSerializationException: <class 'struct.error'>: 'required argument is not a float' when writing '0'

[rospy.topics][ERROR] 2025-03-27 14:39:28,024: Traceback (most recent call last):
  File "/opt/ros/kinetic/lib/python2.7/dist-packages/rospy/topics.py", line 882, in publish
    self.impl.publish(data)
  File "/opt/ros/kinetic/lib/python2.7/dist-packages/rospy/topics.py", line 1066, in publish
    serialize_message(b, self.seq, message)
  File "/opt/ros/kinetic/lib/python2.7/dist-packages/rospy/msg.py", line 152, in serialize_message
    msg.serialize(b)
  File "/opt/ros/kinetic/lib/python2.7/dist-packages/std_msgs/msg/_Float32MultiArray.py", line 113, in serialize
    except struct.error as se: self._check_types(struct.error("%s: '%s' when writing '%s'" % (type(se), str(se), str(locals().get('_x', self)))))
  File "/opt/ros/kinetic/lib/python2.7/dist-packages/genpy/message.py", line 385, in _check_types
    raise SerializationError(str(exc))
SerializationError: <class 'struct.error'>: 'required argument is not a float' when writing '0'

[rosout][ERROR] 2025-03-27 14:39:28,025: bad callback: <bound method SonarProcessor.sonar_callback of <__main__.SonarProcessor instance at 0x7fb7df3b41b8>>
Traceback (most recent call last):
  File "/opt/ros/kinetic/lib/python2.7/dist-packages/rospy/topics.py", line 750, in _invoke_callback
    cb(msg)
  File "sonar_get_min_dist.py", line 28, in sonar_callback
    self.back_left_min, self.back_right_min = self.process_sonar_data(data)
  File "sonar_get_min_dist.py", line 57, in process_sonar_data
    self.pub_dists(sonar_min_dist)
  File "sonar_get_min_dist.py", line 72, in pub_dists
    pub.publish(min_distances)
  File "/opt/ros/kinetic/lib/python2.7/dist-packages/rospy/topics.py", line 886, in publish
    raise ROSSerializationException(str(e))
ROSSerializationException: <class 'struct.error'>: 'required argument is not a float' when writing '0'

[rospy.topics][ERROR] 2025-03-27 14:39:28,121: Traceback (most recent call last):
  File "/opt/ros/kinetic/lib/python2.7/dist-packages/rospy/topics.py", line 882, in publish
    self.impl.publish(data)
  File "/opt/ros/kinetic/lib/python2.7/dist-packages/rospy/topics.py", line 1066, in publish
    serialize_message(b, self.seq, message)
  File "/opt/ros/kinetic/lib/python2.7/dist-packages/rospy/msg.py", line 152, in serialize_message
    msg.serialize(b)
  File "/opt/ros/kinetic/lib/python2.7/dist-packages/std_msgs/msg/_Float32MultiArray.py", line 113, in serialize
    except struct.error as se: self._check_types(struct.error("%s: '%s' when writing '%s'" % (type(se), str(se), str(locals().get('_x', self)))))
  File "/opt/ros/kinetic/lib/python2.7/dist-packages/genpy/message.py", line 385, in _check_types
    raise SerializationError(str(exc))
SerializationError: <class 'struct.error'>: 'required argument is not a float' when writing '0'

[rosout][ERROR] 2025-03-27 14:39:28,122: bad callback: <bound method SonarProcessor.sonar_callback of <__main__.SonarProcessor instance at 0x7fb7df3b41b8>>
Traceback (most recent call last):
  File "/opt/ros/kinetic/lib/python2.7/dist-packages/rospy/topics.py", line 750, in _invoke_callback
    cb(msg)
  File "sonar_get_min_dist.py", line 28, in sonar_callback
    self.back_left_min, self.back_right_min = self.process_sonar_data(data)
  File "sonar_get_min_dist.py", line 57, in process_sonar_data
    self.pub_dists(sonar_min_dist)
  File "sonar_get_min_dist.py", line 72, in pub_dists
    pub.publish(min_distances)
  File "/opt/ros/kinetic/lib/python2.7/dist-packages/rospy/topics.py", line 886, in publish
    raise ROSSerializationException(str(e))
ROSSerializationException: <class 'struct.error'>: 'required argument is not a float' when writing '0'

[rospy.topics][ERROR] 2025-03-27 14:39:28,224: Traceback (most recent call last):
  File "/opt/ros/kinetic/lib/python2.7/dist-packages/rospy/topics.py", line 882, in publish
    self.impl.publish(data)
  File "/opt/ros/kinetic/lib/python2.7/dist-packages/rospy/topics.py", line 1066, in publish
    serialize_message(b, self.seq, message)
  File "/opt/ros/kinetic/lib/python2.7/dist-packages/rospy/msg.py", line 152, in serialize_message
    msg.serialize(b)
  File "/opt/ros/kinetic/lib/python2.7/dist-packages/std_msgs/msg/_Float32MultiArray.py", line 113, in serialize
    except struct.error as se: self._check_types(struct.error("%s: '%s' when writing '%s'" % (type(se), str(se), str(locals().get('_x', self)))))
  File "/opt/ros/kinetic/lib/python2.7/dist-packages/genpy/message.py", line 385, in _check_types
    raise SerializationError(str(exc))
SerializationError: <class 'struct.error'>: 'required argument is not a float' when writing '0'

[rosout][ERROR] 2025-03-27 14:39:28,225: bad callback: <bound method SonarProcessor.sonar_callback of <__main__.SonarProcessor instance at 0x7fb7df3b41b8>>
Traceback (most recent call last):
  File "/opt/ros/kinetic/lib/python2.7/dist-packages/rospy/topics.py", line 750, in _invoke_callback
    cb(msg)
  File "sonar_get_min_dist.py", line 28, in sonar_callback
    self.back_left_min, self.back_right_min = self.process_sonar_data(data)
  File "sonar_get_min_dist.py", line 57, in process_sonar_data
    self.pub_dists(sonar_min_dist)
  File "sonar_get_min_dist.py", line 72, in pub_dists
    pub.publish(min_distances)
  File "/opt/ros/kinetic/lib/python2.7/dist-packages/rospy/topics.py", line 886, in publish
    raise ROSSerializationException(str(e))
ROSSerializationException: <class 'struct.error'>: 'required argument is not a float' when writing '0'

[rospy.topics][ERROR] 2025-03-27 14:39:28,322: Traceback (most recent call last):
  File "/opt/ros/kinetic/lib/python2.7/dist-packages/rospy/topics.py", line 882, in publish
    self.impl.publish(data)
  File "/opt/ros/kinetic/lib/python2.7/dist-packages/rospy/topics.py", line 1066, in publish
    serialize_message(b, self.seq, message)
  File "/opt/ros/kinetic/lib/python2.7/dist-packages/rospy/msg.py", line 152, in serialize_message
    msg.serialize(b)
  File "/opt/ros/kinetic/lib/python2.7/dist-packages/std_msgs/msg/_Float32MultiArray.py", line 113, in serialize
    except struct.error as se: self._check_types(struct.error("%s: '%s' when writing '%s'" % (type(se), str(se), str(locals().get('_x', self)))))
  File "/opt/ros/kinetic/lib/python2.7/dist-packages/genpy/message.py", line 385, in _check_types
    raise SerializationError(str(exc))
SerializationError: <class 'struct.error'>: 'required argument is not a float' when writing '0'

[rosout][ERROR] 2025-03-27 14:39:28,322: bad callback: <bound method SonarProcessor.sonar_callback of <__main__.SonarProcessor instance at 0x7fb7df3b41b8>>
Traceback (most recent call last):
  File "/opt/ros/kinetic/lib/python2.7/dist-packages/rospy/topics.py", line 750, in _invoke_callback
    cb(msg)
  File "sonar_get_min_dist.py", line 28, in sonar_callback
    self.back_left_min, self.back_right_min = self.process_sonar_data(data)
  File "sonar_get_min_dist.py", line 57, in process_sonar_data
    self.pub_dists(sonar_min_dist)
  File "sonar_get_min_dist.py", line 72, in pub_dists
    pub.publish(min_distances)
  File "/opt/ros/kinetic/lib/python2.7/dist-packages/rospy/topics.py", line 886, in publish
    raise ROSSerializationException(str(e))
ROSSerializationException: <class 'struct.error'>: 'required argument is not a float' when writing '0'

[rospy.topics][ERROR] 2025-03-27 14:39:28,425: Traceback (most recent call last):
  File "/opt/ros/kinetic/lib/python2.7/dist-packages/rospy/topics.py", line 882, in publish
    self.impl.publish(data)
  File "/opt/ros/kinetic/lib/python2.7/dist-packages/rospy/topics.py", line 1066, in publish
    serialize_message(b, self.seq, message)
  File "/opt/ros/kinetic/lib/python2.7/dist-packages/rospy/msg.py", line 152, in serialize_message
    msg.serialize(b)
  File "/opt/ros/kinetic/lib/python2.7/dist-packages/std_msgs/msg/_Float32MultiArray.py", line 113, in serialize
    except struct.error as se: self._check_types(struct.error("%s: '%s' when writing '%s'" % (type(se), str(se), str(locals().get('_x', self)))))
  File "/opt/ros/kinetic/lib/python2.7/dist-packages/genpy/message.py", line 385, in _check_types
    raise SerializationError(str(exc))
SerializationError: <class 'struct.error'>: 'required argument is not a float' when writing '0'

[rosout][ERROR] 2025-03-27 14:39:28,425: bad callback: <bound method SonarProcessor.sonar_callback of <__main__.SonarProcessor instance at 0x7fb7df3b41b8>>
Traceback (most recent call last):
  File "/opt/ros/kinetic/lib/python2.7/dist-packages/rospy/topics.py", line 750, in _invoke_callback
    cb(msg)
  File "sonar_get_min_dist.py", line 28, in sonar_callback
    self.back_left_min, self.back_right_min = self.process_sonar_data(data)
  File "sonar_get_min_dist.py", line 57, in process_sonar_data
    self.pub_dists(sonar_min_dist)
  File "sonar_get_min_dist.py", line 72, in pub_dists
    pub.publish(min_distances)
  File "/opt/ros/kinetic/lib/python2.7/dist-packages/rospy/topics.py", line 886, in publish
    raise ROSSerializationException(str(e))
ROSSerializationException: <class 'struct.error'>: 'required argument is not a float' when writing '0'

[rospy.topics][ERROR] 2025-03-27 14:39:28,522: Traceback (most recent call last):
  File "/opt/ros/kinetic/lib/python2.7/dist-packages/rospy/topics.py", line 882, in publish
    self.impl.publish(data)
  File "/opt/ros/kinetic/lib/python2.7/dist-packages/rospy/topics.py", line 1066, in publish
    serialize_message(b, self.seq, message)
  File "/opt/ros/kinetic/lib/python2.7/dist-packages/rospy/msg.py", line 152, in serialize_message
    msg.serialize(b)
  File "/opt/ros/kinetic/lib/python2.7/dist-packages/std_msgs/msg/_Float32MultiArray.py", line 113, in serialize
    except struct.error as se: self._check_types(struct.error("%s: '%s' when writing '%s'" % (type(se), str(se), str(locals().get('_x', self)))))
  File "/opt/ros/kinetic/lib/python2.7/dist-packages/genpy/message.py", line 385, in _check_types
    raise SerializationError(str(exc))
SerializationError: <class 'struct.error'>: 'required argument is not a float' when writing '0'

[rosout][ERROR] 2025-03-27 14:39:28,523: bad callback: <bound method SonarProcessor.sonar_callback of <__main__.SonarProcessor instance at 0x7fb7df3b41b8>>
Traceback (most recent call last):
  File "/opt/ros/kinetic/lib/python2.7/dist-packages/rospy/topics.py", line 750, in _invoke_callback
    cb(msg)
  File "sonar_get_min_dist.py", line 28, in sonar_callback
    self.back_left_min, self.back_right_min = self.process_sonar_data(data)
  File "sonar_get_min_dist.py", line 57, in process_sonar_data
    self.pub_dists(sonar_min_dist)
  File "sonar_get_min_dist.py", line 72, in pub_dists
    pub.publish(min_distances)
  File "/opt/ros/kinetic/lib/python2.7/dist-packages/rospy/topics.py", line 886, in publish
    raise ROSSerializationException(str(e))
ROSSerializationException: <class 'struct.error'>: 'required argument is not a float' when writing '0'

[rospy.topics][ERROR] 2025-03-27 14:39:28,625: Traceback (most recent call last):
  File "/opt/ros/kinetic/lib/python2.7/dist-packages/rospy/topics.py", line 882, in publish
    self.impl.publish(data)
  File "/opt/ros/kinetic/lib/python2.7/dist-packages/rospy/topics.py", line 1066, in publish
    serialize_message(b, self.seq, message)
  File "/opt/ros/kinetic/lib/python2.7/dist-packages/rospy/msg.py", line 152, in serialize_message
    msg.serialize(b)
  File "/opt/ros/kinetic/lib/python2.7/dist-packages/std_msgs/msg/_Float32MultiArray.py", line 113, in serialize
    except struct.error as se: self._check_types(struct.error("%s: '%s' when writing '%s'" % (type(se), str(se), str(locals().get('_x', self)))))
  File "/opt/ros/kinetic/lib/python2.7/dist-packages/genpy/message.py", line 385, in _check_types
    raise SerializationError(str(exc))
SerializationError: <class 'struct.error'>: 'required argument is not a float' when writing '0'

[rosout][ERROR] 2025-03-27 14:39:28,625: bad callback: <bound method SonarProcessor.sonar_callback of <__main__.SonarProcessor instance at 0x7fb7df3b41b8>>
Traceback (most recent call last):
  File "/opt/ros/kinetic/lib/python2.7/dist-packages/rospy/topics.py", line 750, in _invoke_callback
    cb(msg)
  File "sonar_get_min_dist.py", line 28, in sonar_callback
    self.back_left_min, self.back_right_min = self.process_sonar_data(data)
  File "sonar_get_min_dist.py", line 57, in process_sonar_data
    self.pub_dists(sonar_min_dist)
  File "sonar_get_min_dist.py", line 72, in pub_dists
    pub.publish(min_distances)
  File "/opt/ros/kinetic/lib/python2.7/dist-packages/rospy/topics.py", line 886, in publish
    raise ROSSerializationException(str(e))
ROSSerializationException: <class 'struct.error'>: 'required argument is not a float' when writing '0'

[rospy.topics][ERROR] 2025-03-27 14:39:28,722: Traceback (most recent call last):
  File "/opt/ros/kinetic/lib/python2.7/dist-packages/rospy/topics.py", line 882, in publish
    self.impl.publish(data)
  File "/opt/ros/kinetic/lib/python2.7/dist-packages/rospy/topics.py", line 1066, in publish
    serialize_message(b, self.seq, message)
  File "/opt/ros/kinetic/lib/python2.7/dist-packages/rospy/msg.py", line 152, in serialize_message
    msg.serialize(b)
  File "/opt/ros/kinetic/lib/python2.7/dist-packages/std_msgs/msg/_Float32MultiArray.py", line 113, in serialize
    except struct.error as se: self._check_types(struct.error("%s: '%s' when writing '%s'" % (type(se), str(se), str(locals().get('_x', self)))))
  File "/opt/ros/kinetic/lib/python2.7/dist-packages/genpy/message.py", line 385, in _check_types
    raise SerializationError(str(exc))
SerializationError: <class 'struct.error'>: 'required argument is not a float' when writing '0'

[rosout][ERROR] 2025-03-27 14:39:28,722: bad callback: <bound method SonarProcessor.sonar_callback of <__main__.SonarProcessor instance at 0x7fb7df3b41b8>>
Traceback (most recent call last):
  File "/opt/ros/kinetic/lib/python2.7/dist-packages/rospy/topics.py", line 750, in _invoke_callback
    cb(msg)
  File "sonar_get_min_dist.py", line 28, in sonar_callback
    self.back_left_min, self.back_right_min = self.process_sonar_data(data)
  File "sonar_get_min_dist.py", line 57, in process_sonar_data
    self.pub_dists(sonar_min_dist)
  File "sonar_get_min_dist.py", line 72, in pub_dists
    pub.publish(min_distances)
  File "/opt/ros/kinetic/lib/python2.7/dist-packages/rospy/topics.py", line 886, in publish
    raise ROSSerializationException(str(e))
ROSSerializationException: <class 'struct.error'>: 'required argument is not a float' when writing '0'

[rospy.topics][ERROR] 2025-03-27 14:39:28,825: Traceback (most recent call last):
  File "/opt/ros/kinetic/lib/python2.7/dist-packages/rospy/topics.py", line 882, in publish
    self.impl.publish(data)
  File "/opt/ros/kinetic/lib/python2.7/dist-packages/rospy/topics.py", line 1066, in publish
    serialize_message(b, self.seq, message)
  File "/opt/ros/kinetic/lib/python2.7/dist-packages/rospy/msg.py", line 152, in serialize_message
    msg.serialize(b)
  File "/opt/ros/kinetic/lib/python2.7/dist-packages/std_msgs/msg/_Float32MultiArray.py", line 113, in serialize
    except struct.error as se: self._check_types(struct.error("%s: '%s' when writing '%s'" % (type(se), str(se), str(locals().get('_x', self)))))
  File "/opt/ros/kinetic/lib/python2.7/dist-packages/genpy/message.py", line 385, in _check_types
    raise SerializationError(str(exc))
SerializationError: <class 'struct.error'>: 'required argument is not a float' when writing '0'

[rosout][ERROR] 2025-03-27 14:39:28,825: bad callback: <bound method SonarProcessor.sonar_callback of <__main__.SonarProcessor instance at 0x7fb7df3b41b8>>
Traceback (most recent call last):
  File "/opt/ros/kinetic/lib/python2.7/dist-packages/rospy/topics.py", line 750, in _invoke_callback
    cb(msg)
  File "sonar_get_min_dist.py", line 28, in sonar_callback
    self.back_left_min, self.back_right_min = self.process_sonar_data(data)
  File "sonar_get_min_dist.py", line 57, in process_sonar_data
    self.pub_dists(sonar_min_dist)
  File "sonar_get_min_dist.py", line 72, in pub_dists
    pub.publish(min_distances)
  File "/opt/ros/kinetic/lib/python2.7/dist-packages/rospy/topics.py", line 886, in publish
    raise ROSSerializationException(str(e))
ROSSerializationException: <class 'struct.error'>: 'required argument is not a float' when writing '0'

[rospy.topics][ERROR] 2025-03-27 14:39:28,922: Traceback (most recent call last):
  File "/opt/ros/kinetic/lib/python2.7/dist-packages/rospy/topics.py", line 882, in publish
    self.impl.publish(data)
  File "/opt/ros/kinetic/lib/python2.7/dist-packages/rospy/topics.py", line 1066, in publish
    serialize_message(b, self.seq, message)
  File "/opt/ros/kinetic/lib/python2.7/dist-packages/rospy/msg.py", line 152, in serialize_message
    msg.serialize(b)
  File "/opt/ros/kinetic/lib/python2.7/dist-packages/std_msgs/msg/_Float32MultiArray.py", line 113, in serialize
    except struct.error as se: self._check_types(struct.error("%s: '%s' when writing '%s'" % (type(se), str(se), str(locals().get('_x', self)))))
  File "/opt/ros/kinetic/lib/python2.7/dist-packages/genpy/message.py", line 385, in _check_types
    raise SerializationError(str(exc))
SerializationError: <class 'struct.error'>: 'required argument is not a float' when writing '0'

[rosout][ERROR] 2025-03-27 14:39:28,922: bad callback: <bound method SonarProcessor.sonar_callback of <__main__.SonarProcessor instance at 0x7fb7df3b41b8>>
Traceback (most recent call last):
  File "/opt/ros/kinetic/lib/python2.7/dist-packages/rospy/topics.py", line 750, in _invoke_callback
    cb(msg)
  File "sonar_get_min_dist.py", line 28, in sonar_callback
    self.back_left_min, self.back_right_min = self.process_sonar_data(data)
  File "sonar_get_min_dist.py", line 57, in process_sonar_data
    self.pub_dists(sonar_min_dist)
  File "sonar_get_min_dist.py", line 72, in pub_dists
    pub.publish(min_distances)
  File "/opt/ros/kinetic/lib/python2.7/dist-packages/rospy/topics.py", line 886, in publish
    raise ROSSerializationException(str(e))
ROSSerializationException: <class 'struct.error'>: 'required argument is not a float' when writing '0'

[rospy.topics][ERROR] 2025-03-27 14:39:29,025: Traceback (most recent call last):
  File "/opt/ros/kinetic/lib/python2.7/dist-packages/rospy/topics.py", line 882, in publish
    self.impl.publish(data)
  File "/opt/ros/kinetic/lib/python2.7/dist-packages/rospy/topics.py", line 1066, in publish
    serialize_message(b, self.seq, message)
  File "/opt/ros/kinetic/lib/python2.7/dist-packages/rospy/msg.py", line 152, in serialize_message
    msg.serialize(b)
  File "/opt/ros/kinetic/lib/python2.7/dist-packages/std_msgs/msg/_Float32MultiArray.py", line 113, in serialize
    except struct.error as se: self._check_types(struct.error("%s: '%s' when writing '%s'" % (type(se), str(se), str(locals().get('_x', self)))))
  File "/opt/ros/kinetic/lib/python2.7/dist-packages/genpy/message.py", line 385, in _check_types
    raise SerializationError(str(exc))
SerializationError: <class 'struct.error'>: 'required argument is not a float' when writing '0'

[rosout][ERROR] 2025-03-27 14:39:29,025: bad callback: <bound method SonarProcessor.sonar_callback of <__main__.SonarProcessor instance at 0x7fb7df3b41b8>>
Traceback (most recent call last):
  File "/opt/ros/kinetic/lib/python2.7/dist-packages/rospy/topics.py", line 750, in _invoke_callback
    cb(msg)
  File "sonar_get_min_dist.py", line 28, in sonar_callback
    self.back_left_min, self.back_right_min = self.process_sonar_data(data)
  File "sonar_get_min_dist.py", line 57, in process_sonar_data
    self.pub_dists(sonar_min_dist)
  File "sonar_get_min_dist.py", line 72, in pub_dists
    pub.publish(min_distances)
  File "/opt/ros/kinetic/lib/python2.7/dist-packages/rospy/topics.py", line 886, in publish
    raise ROSSerializationException(str(e))
ROSSerializationException: <class 'struct.error'>: 'required argument is not a float' when writing '0'

[rospy.topics][ERROR] 2025-03-27 14:39:29,122: Traceback (most recent call last):
  File "/opt/ros/kinetic/lib/python2.7/dist-packages/rospy/topics.py", line 882, in publish
    self.impl.publish(data)
  File "/opt/ros/kinetic/lib/python2.7/dist-packages/rospy/topics.py", line 1066, in publish
    serialize_message(b, self.seq, message)
  File "/opt/ros/kinetic/lib/python2.7/dist-packages/rospy/msg.py", line 152, in serialize_message
    msg.serialize(b)
  File "/opt/ros/kinetic/lib/python2.7/dist-packages/std_msgs/msg/_Float32MultiArray.py", line 113, in serialize
    except struct.error as se: self._check_types(struct.error("%s: '%s' when writing '%s'" % (type(se), str(se), str(locals().get('_x', self)))))
  File "/opt/ros/kinetic/lib/python2.7/dist-packages/genpy/message.py", line 385, in _check_types
    raise SerializationError(str(exc))
SerializationError: <class 'struct.error'>: 'required argument is not a float' when writing '0'

[rosout][ERROR] 2025-03-27 14:39:29,122: bad callback: <bound method SonarProcessor.sonar_callback of <__main__.SonarProcessor instance at 0x7fb7df3b41b8>>
Traceback (most recent call last):
  File "/opt/ros/kinetic/lib/python2.7/dist-packages/rospy/topics.py", line 750, in _invoke_callback
    cb(msg)
  File "sonar_get_min_dist.py", line 28, in sonar_callback
    self.back_left_min, self.back_right_min = self.process_sonar_data(data)
  File "sonar_get_min_dist.py", line 57, in process_sonar_data
    self.pub_dists(sonar_min_dist)
  File "sonar_get_min_dist.py", line 72, in pub_dists
    pub.publish(min_distances)
  File "/opt/ros/kinetic/lib/python2.7/dist-packages/rospy/topics.py", line 886, in publish
    raise ROSSerializationException(str(e))
ROSSerializationException: <class 'struct.error'>: 'required argument is not a float' when writing '0'

[rospy.topics][ERROR] 2025-03-27 14:39:29,225: Traceback (most recent call last):
  File "/opt/ros/kinetic/lib/python2.7/dist-packages/rospy/topics.py", line 882, in publish
    self.impl.publish(data)
  File "/opt/ros/kinetic/lib/python2.7/dist-packages/rospy/topics.py", line 1066, in publish
    serialize_message(b, self.seq, message)
  File "/opt/ros/kinetic/lib/python2.7/dist-packages/rospy/msg.py", line 152, in serialize_message
    msg.serialize(b)
  File "/opt/ros/kinetic/lib/python2.7/dist-packages/std_msgs/msg/_Float32MultiArray.py", line 113, in serialize
    except struct.error as se: self._check_types(struct.error("%s: '%s' when writing '%s'" % (type(se), str(se), str(locals().get('_x', self)))))
  File "/opt/ros/kinetic/lib/python2.7/dist-packages/genpy/message.py", line 385, in _check_types
    raise SerializationError(str(exc))
SerializationError: <class 'struct.error'>: 'required argument is not a float' when writing '0'

[rosout][ERROR] 2025-03-27 14:39:29,225: bad callback: <bound method SonarProcessor.sonar_callback of <__main__.SonarProcessor instance at 0x7fb7df3b41b8>>
Traceback (most recent call last):
  File "/opt/ros/kinetic/lib/python2.7/dist-packages/rospy/topics.py", line 750, in _invoke_callback
    cb(msg)
  File "sonar_get_min_dist.py", line 28, in sonar_callback
    self.back_left_min, self.back_right_min = self.process_sonar_data(data)
  File "sonar_get_min_dist.py", line 57, in process_sonar_data
    self.pub_dists(sonar_min_dist)
  File "sonar_get_min_dist.py", line 72, in pub_dists
    pub.publish(min_distances)
  File "/opt/ros/kinetic/lib/python2.7/dist-packages/rospy/topics.py", line 886, in publish
    raise ROSSerializationException(str(e))
ROSSerializationException: <class 'struct.error'>: 'required argument is not a float' when writing '0'

[rospy.topics][ERROR] 2025-03-27 14:39:29,322: Traceback (most recent call last):
  File "/opt/ros/kinetic/lib/python2.7/dist-packages/rospy/topics.py", line 882, in publish
    self.impl.publish(data)
  File "/opt/ros/kinetic/lib/python2.7/dist-packages/rospy/topics.py", line 1066, in publish
    serialize_message(b, self.seq, message)
  File "/opt/ros/kinetic/lib/python2.7/dist-packages/rospy/msg.py", line 152, in serialize_message
    msg.serialize(b)
  File "/opt/ros/kinetic/lib/python2.7/dist-packages/std_msgs/msg/_Float32MultiArray.py", line 113, in serialize
    except struct.error as se: self._check_types(struct.error("%s: '%s' when writing '%s'" % (type(se), str(se), str(locals().get('_x', self)))))
  File "/opt/ros/kinetic/lib/python2.7/dist-packages/genpy/message.py", line 385, in _check_types
    raise SerializationError(str(exc))
SerializationError: <class 'struct.error'>: 'required argument is not a float' when writing '0'

[rosout][ERROR] 2025-03-27 14:39:29,322: bad callback: <bound method SonarProcessor.sonar_callback of <__main__.SonarProcessor instance at 0x7fb7df3b41b8>>
Traceback (most recent call last):
  File "/opt/ros/kinetic/lib/python2.7/dist-packages/rospy/topics.py", line 750, in _invoke_callback
    cb(msg)
  File "sonar_get_min_dist.py", line 28, in sonar_callback
    self.back_left_min, self.back_right_min = self.process_sonar_data(data)
  File "sonar_get_min_dist.py", line 57, in process_sonar_data
    self.pub_dists(sonar_min_dist)
  File "sonar_get_min_dist.py", line 72, in pub_dists
    pub.publish(min_distances)
  File "/opt/ros/kinetic/lib/python2.7/dist-packages/rospy/topics.py", line 886, in publish
    raise ROSSerializationException(str(e))
ROSSerializationException: <class 'struct.error'>: 'required argument is not a float' when writing '0'

[rospy.topics][ERROR] 2025-03-27 14:39:29,425: Traceback (most recent call last):
  File "/opt/ros/kinetic/lib/python2.7/dist-packages/rospy/topics.py", line 882, in publish
    self.impl.publish(data)
  File "/opt/ros/kinetic/lib/python2.7/dist-packages/rospy/topics.py", line 1066, in publish
    serialize_message(b, self.seq, message)
  File "/opt/ros/kinetic/lib/python2.7/dist-packages/rospy/msg.py", line 152, in serialize_message
    msg.serialize(b)
  File "/opt/ros/kinetic/lib/python2.7/dist-packages/std_msgs/msg/_Float32MultiArray.py", line 113, in serialize
    except struct.error as se: self._check_types(struct.error("%s: '%s' when writing '%s'" % (type(se), str(se), str(locals().get('_x', self)))))
  File "/opt/ros/kinetic/lib/python2.7/dist-packages/genpy/message.py", line 385, in _check_types
    raise SerializationError(str(exc))
SerializationError: <class 'struct.error'>: 'required argument is not a float' when writing '0'

[rosout][ERROR] 2025-03-27 14:39:29,425: bad callback: <bound method SonarProcessor.sonar_callback of <__main__.SonarProcessor instance at 0x7fb7df3b41b8>>
Traceback (most recent call last):
  File "/opt/ros/kinetic/lib/python2.7/dist-packages/rospy/topics.py", line 750, in _invoke_callback
    cb(msg)
  File "sonar_get_min_dist.py", line 28, in sonar_callback
    self.back_left_min, self.back_right_min = self.process_sonar_data(data)
  File "sonar_get_min_dist.py", line 57, in process_sonar_data
    self.pub_dists(sonar_min_dist)
  File "sonar_get_min_dist.py", line 72, in pub_dists
    pub.publish(min_distances)
  File "/opt/ros/kinetic/lib/python2.7/dist-packages/rospy/topics.py", line 886, in publish
    raise ROSSerializationException(str(e))
ROSSerializationException: <class 'struct.error'>: 'required argument is not a float' when writing '0'

[rospy.topics][ERROR] 2025-03-27 14:39:29,521: Traceback (most recent call last):
  File "/opt/ros/kinetic/lib/python2.7/dist-packages/rospy/topics.py", line 882, in publish
    self.impl.publish(data)
  File "/opt/ros/kinetic/lib/python2.7/dist-packages/rospy/topics.py", line 1066, in publish
    serialize_message(b, self.seq, message)
  File "/opt/ros/kinetic/lib/python2.7/dist-packages/rospy/msg.py", line 152, in serialize_message
    msg.serialize(b)
  File "/opt/ros/kinetic/lib/python2.7/dist-packages/std_msgs/msg/_Float32MultiArray.py", line 113, in serialize
    except struct.error as se: self._check_types(struct.error("%s: '%s' when writing '%s'" % (type(se), str(se), str(locals().get('_x', self)))))
  File "/opt/ros/kinetic/lib/python2.7/dist-packages/genpy/message.py", line 385, in _check_types
    raise SerializationError(str(exc))
SerializationError: <class 'struct.error'>: 'required argument is not a float' when writing '0'

[rosout][ERROR] 2025-03-27 14:39:29,521: bad callback: <bound method SonarProcessor.sonar_callback of <__main__.SonarProcessor instance at 0x7fb7df3b41b8>>
Traceback (most recent call last):
  File "/opt/ros/kinetic/lib/python2.7/dist-packages/rospy/topics.py", line 750, in _invoke_callback
    cb(msg)
  File "sonar_get_min_dist.py", line 28, in sonar_callback
    self.back_left_min, self.back_right_min = self.process_sonar_data(data)
  File "sonar_get_min_dist.py", line 57, in process_sonar_data
    self.pub_dists(sonar_min_dist)
  File "sonar_get_min_dist.py", line 72, in pub_dists
    pub.publish(min_distances)
  File "/opt/ros/kinetic/lib/python2.7/dist-packages/rospy/topics.py", line 886, in publish
    raise ROSSerializationException(str(e))
ROSSerializationException: <class 'struct.error'>: 'required argument is not a float' when writing '0'

[rospy.topics][ERROR] 2025-03-27 14:39:29,625: Traceback (most recent call last):
  File "/opt/ros/kinetic/lib/python2.7/dist-packages/rospy/topics.py", line 882, in publish
    self.impl.publish(data)
  File "/opt/ros/kinetic/lib/python2.7/dist-packages/rospy/topics.py", line 1066, in publish
    serialize_message(b, self.seq, message)
  File "/opt/ros/kinetic/lib/python2.7/dist-packages/rospy/msg.py", line 152, in serialize_message
    msg.serialize(b)
  File "/opt/ros/kinetic/lib/python2.7/dist-packages/std_msgs/msg/_Float32MultiArray.py", line 113, in serialize
    except struct.error as se: self._check_types(struct.error("%s: '%s' when writing '%s'" % (type(se), str(se), str(locals().get('_x', self)))))
  File "/opt/ros/kinetic/lib/python2.7/dist-packages/genpy/message.py", line 385, in _check_types
    raise SerializationError(str(exc))
SerializationError: <class 'struct.error'>: 'required argument is not a float' when writing '0'

[rosout][ERROR] 2025-03-27 14:39:29,626: bad callback: <bound method SonarProcessor.sonar_callback of <__main__.SonarProcessor instance at 0x7fb7df3b41b8>>
Traceback (most recent call last):
  File "/opt/ros/kinetic/lib/python2.7/dist-packages/rospy/topics.py", line 750, in _invoke_callback
    cb(msg)
  File "sonar_get_min_dist.py", line 28, in sonar_callback
    self.back_left_min, self.back_right_min = self.process_sonar_data(data)
  File "sonar_get_min_dist.py", line 57, in process_sonar_data
    self.pub_dists(sonar_min_dist)
  File "sonar_get_min_dist.py", line 72, in pub_dists
    pub.publish(min_distances)
  File "/opt/ros/kinetic/lib/python2.7/dist-packages/rospy/topics.py", line 886, in publish
    raise ROSSerializationException(str(e))
ROSSerializationException: <class 'struct.error'>: 'required argument is not a float' when writing '0'

[rospy.topics][ERROR] 2025-03-27 14:39:29,722: Traceback (most recent call last):
  File "/opt/ros/kinetic/lib/python2.7/dist-packages/rospy/topics.py", line 882, in publish
    self.impl.publish(data)
  File "/opt/ros/kinetic/lib/python2.7/dist-packages/rospy/topics.py", line 1066, in publish
    serialize_message(b, self.seq, message)
  File "/opt/ros/kinetic/lib/python2.7/dist-packages/rospy/msg.py", line 152, in serialize_message
    msg.serialize(b)
  File "/opt/ros/kinetic/lib/python2.7/dist-packages/std_msgs/msg/_Float32MultiArray.py", line 113, in serialize
    except struct.error as se: self._check_types(struct.error("%s: '%s' when writing '%s'" % (type(se), str(se), str(locals().get('_x', self)))))
  File "/opt/ros/kinetic/lib/python2.7/dist-packages/genpy/message.py", line 385, in _check_types
    raise SerializationError(str(exc))
SerializationError: <class 'struct.error'>: 'required argument is not a float' when writing '0'

[rosout][ERROR] 2025-03-27 14:39:29,722: bad callback: <bound method SonarProcessor.sonar_callback of <__main__.SonarProcessor instance at 0x7fb7df3b41b8>>
Traceback (most recent call last):
  File "/opt/ros/kinetic/lib/python2.7/dist-packages/rospy/topics.py", line 750, in _invoke_callback
    cb(msg)
  File "sonar_get_min_dist.py", line 28, in sonar_callback
    self.back_left_min, self.back_right_min = self.process_sonar_data(data)
  File "sonar_get_min_dist.py", line 57, in process_sonar_data
    self.pub_dists(sonar_min_dist)
  File "sonar_get_min_dist.py", line 72, in pub_dists
    pub.publish(min_distances)
  File "/opt/ros/kinetic/lib/python2.7/dist-packages/rospy/topics.py", line 886, in publish
    raise ROSSerializationException(str(e))
ROSSerializationException: <class 'struct.error'>: 'required argument is not a float' when writing '0'

[rospy.topics][ERROR] 2025-03-27 14:39:29,825: Traceback (most recent call last):
  File "/opt/ros/kinetic/lib/python2.7/dist-packages/rospy/topics.py", line 882, in publish
    self.impl.publish(data)
  File "/opt/ros/kinetic/lib/python2.7/dist-packages/rospy/topics.py", line 1066, in publish
    serialize_message(b, self.seq, message)
  File "/opt/ros/kinetic/lib/python2.7/dist-packages/rospy/msg.py", line 152, in serialize_message
    msg.serialize(b)
  File "/opt/ros/kinetic/lib/python2.7/dist-packages/std_msgs/msg/_Float32MultiArray.py", line 113, in serialize
    except struct.error as se: self._check_types(struct.error("%s: '%s' when writing '%s'" % (type(se), str(se), str(locals().get('_x', self)))))
  File "/opt/ros/kinetic/lib/python2.7/dist-packages/genpy/message.py", line 385, in _check_types
    raise SerializationError(str(exc))
SerializationError: <class 'struct.error'>: 'required argument is not a float' when writing '0'

[rosout][ERROR] 2025-03-27 14:39:29,826: bad callback: <bound method SonarProcessor.sonar_callback of <__main__.SonarProcessor instance at 0x7fb7df3b41b8>>
Traceback (most recent call last):
  File "/opt/ros/kinetic/lib/python2.7/dist-packages/rospy/topics.py", line 750, in _invoke_callback
    cb(msg)
  File "sonar_get_min_dist.py", line 28, in sonar_callback
    self.back_left_min, self.back_right_min = self.process_sonar_data(data)
  File "sonar_get_min_dist.py", line 57, in process_sonar_data
    self.pub_dists(sonar_min_dist)
  File "sonar_get_min_dist.py", line 72, in pub_dists
    pub.publish(min_distances)
  File "/opt/ros/kinetic/lib/python2.7/dist-packages/rospy/topics.py", line 886, in publish
    raise ROSSerializationException(str(e))
ROSSerializationException: <class 'struct.error'>: 'required argument is not a float' when writing '0'

[rospy.topics][ERROR] 2025-03-27 14:39:29,922: Traceback (most recent call last):
  File "/opt/ros/kinetic/lib/python2.7/dist-packages/rospy/topics.py", line 882, in publish
    self.impl.publish(data)
  File "/opt/ros/kinetic/lib/python2.7/dist-packages/rospy/topics.py", line 1066, in publish
    serialize_message(b, self.seq, message)
  File "/opt/ros/kinetic/lib/python2.7/dist-packages/rospy/msg.py", line 152, in serialize_message
    msg.serialize(b)
  File "/opt/ros/kinetic/lib/python2.7/dist-packages/std_msgs/msg/_Float32MultiArray.py", line 113, in serialize
    except struct.error as se: self._check_types(struct.error("%s: '%s' when writing '%s'" % (type(se), str(se), str(locals().get('_x', self)))))
  File "/opt/ros/kinetic/lib/python2.7/dist-packages/genpy/message.py", line 385, in _check_types
    raise SerializationError(str(exc))
SerializationError: <class 'struct.error'>: 'required argument is not a float' when writing '0'

[rosout][ERROR] 2025-03-27 14:39:29,923: bad callback: <bound method SonarProcessor.sonar_callback of <__main__.SonarProcessor instance at 0x7fb7df3b41b8>>
Traceback (most recent call last):
  File "/opt/ros/kinetic/lib/python2.7/dist-packages/rospy/topics.py", line 750, in _invoke_callback
    cb(msg)
  File "sonar_get_min_dist.py", line 28, in sonar_callback
    self.back_left_min, self.back_right_min = self.process_sonar_data(data)
  File "sonar_get_min_dist.py", line 57, in process_sonar_data
    self.pub_dists(sonar_min_dist)
  File "sonar_get_min_dist.py", line 72, in pub_dists
    pub.publish(min_distances)
  File "/opt/ros/kinetic/lib/python2.7/dist-packages/rospy/topics.py", line 886, in publish
    raise ROSSerializationException(str(e))
ROSSerializationException: <class 'struct.error'>: 'required argument is not a float' when writing '0'

[rospy.topics][ERROR] 2025-03-27 14:39:30,025: Traceback (most recent call last):
  File "/opt/ros/kinetic/lib/python2.7/dist-packages/rospy/topics.py", line 882, in publish
    self.impl.publish(data)
  File "/opt/ros/kinetic/lib/python2.7/dist-packages/rospy/topics.py", line 1066, in publish
    serialize_message(b, self.seq, message)
  File "/opt/ros/kinetic/lib/python2.7/dist-packages/rospy/msg.py", line 152, in serialize_message
    msg.serialize(b)
  File "/opt/ros/kinetic/lib/python2.7/dist-packages/std_msgs/msg/_Float32MultiArray.py", line 113, in serialize
    except struct.error as se: self._check_types(struct.error("%s: '%s' when writing '%s'" % (type(se), str(se), str(locals().get('_x', self)))))
  File "/opt/ros/kinetic/lib/python2.7/dist-packages/genpy/message.py", line 385, in _check_types
    raise SerializationError(str(exc))
SerializationError: <class 'struct.error'>: 'required argument is not a float' when writing '0'

[rosout][ERROR] 2025-03-27 14:39:30,026: bad callback: <bound method SonarProcessor.sonar_callback of <__main__.SonarProcessor instance at 0x7fb7df3b41b8>>
Traceback (most recent call last):
  File "/opt/ros/kinetic/lib/python2.7/dist-packages/rospy/topics.py", line 750, in _invoke_callback
    cb(msg)
  File "sonar_get_min_dist.py", line 28, in sonar_callback
    self.back_left_min, self.back_right_min = self.process_sonar_data(data)
  File "sonar_get_min_dist.py", line 57, in process_sonar_data
    self.pub_dists(sonar_min_dist)
  File "sonar_get_min_dist.py", line 72, in pub_dists
    pub.publish(min_distances)
  File "/opt/ros/kinetic/lib/python2.7/dist-packages/rospy/topics.py", line 886, in publish
    raise ROSSerializationException(str(e))
ROSSerializationException: <class 'struct.error'>: 'required argument is not a float' when writing '0'

[rospy.topics][ERROR] 2025-03-27 14:39:30,122: Traceback (most recent call last):
  File "/opt/ros/kinetic/lib/python2.7/dist-packages/rospy/topics.py", line 882, in publish
    self.impl.publish(data)
  File "/opt/ros/kinetic/lib/python2.7/dist-packages/rospy/topics.py", line 1066, in publish
    serialize_message(b, self.seq, message)
  File "/opt/ros/kinetic/lib/python2.7/dist-packages/rospy/msg.py", line 152, in serialize_message
    msg.serialize(b)
  File "/opt/ros/kinetic/lib/python2.7/dist-packages/std_msgs/msg/_Float32MultiArray.py", line 113, in serialize
    except struct.error as se: self._check_types(struct.error("%s: '%s' when writing '%s'" % (type(se), str(se), str(locals().get('_x', self)))))
  File "/opt/ros/kinetic/lib/python2.7/dist-packages/genpy/message.py", line 385, in _check_types
    raise SerializationError(str(exc))
SerializationError: <class 'struct.error'>: 'required argument is not a float' when writing '0'

[rosout][ERROR] 2025-03-27 14:39:30,123: bad callback: <bound method SonarProcessor.sonar_callback of <__main__.SonarProcessor instance at 0x7fb7df3b41b8>>
Traceback (most recent call last):
  File "/opt/ros/kinetic/lib/python2.7/dist-packages/rospy/topics.py", line 750, in _invoke_callback
    cb(msg)
  File "sonar_get_min_dist.py", line 28, in sonar_callback
    self.back_left_min, self.back_right_min = self.process_sonar_data(data)
  File "sonar_get_min_dist.py", line 57, in process_sonar_data
    self.pub_dists(sonar_min_dist)
  File "sonar_get_min_dist.py", line 72, in pub_dists
    pub.publish(min_distances)
  File "/opt/ros/kinetic/lib/python2.7/dist-packages/rospy/topics.py", line 886, in publish
    raise ROSSerializationException(str(e))
ROSSerializationException: <class 'struct.error'>: 'required argument is not a float' when writing '0'

[rospy.topics][ERROR] 2025-03-27 14:39:30,225: Traceback (most recent call last):
  File "/opt/ros/kinetic/lib/python2.7/dist-packages/rospy/topics.py", line 882, in publish
    self.impl.publish(data)
  File "/opt/ros/kinetic/lib/python2.7/dist-packages/rospy/topics.py", line 1066, in publish
    serialize_message(b, self.seq, message)
  File "/opt/ros/kinetic/lib/python2.7/dist-packages/rospy/msg.py", line 152, in serialize_message
    msg.serialize(b)
  File "/opt/ros/kinetic/lib/python2.7/dist-packages/std_msgs/msg/_Float32MultiArray.py", line 113, in serialize
    except struct.error as se: self._check_types(struct.error("%s: '%s' when writing '%s'" % (type(se), str(se), str(locals().get('_x', self)))))
  File "/opt/ros/kinetic/lib/python2.7/dist-packages/genpy/message.py", line 385, in _check_types
    raise SerializationError(str(exc))
SerializationError: <class 'struct.error'>: 'required argument is not a float' when writing '0'

[rosout][ERROR] 2025-03-27 14:39:30,226: bad callback: <bound method SonarProcessor.sonar_callback of <__main__.SonarProcessor instance at 0x7fb7df3b41b8>>
Traceback (most recent call last):
  File "/opt/ros/kinetic/lib/python2.7/dist-packages/rospy/topics.py", line 750, in _invoke_callback
    cb(msg)
  File "sonar_get_min_dist.py", line 28, in sonar_callback
    self.back_left_min, self.back_right_min = self.process_sonar_data(data)
  File "sonar_get_min_dist.py", line 57, in process_sonar_data
    self.pub_dists(sonar_min_dist)
  File "sonar_get_min_dist.py", line 72, in pub_dists
    pub.publish(min_distances)
  File "/opt/ros/kinetic/lib/python2.7/dist-packages/rospy/topics.py", line 886, in publish
    raise ROSSerializationException(str(e))
ROSSerializationException: <class 'struct.error'>: 'required argument is not a float' when writing '0'

[rospy.topics][ERROR] 2025-03-27 14:39:30,322: Traceback (most recent call last):
  File "/opt/ros/kinetic/lib/python2.7/dist-packages/rospy/topics.py", line 882, in publish
    self.impl.publish(data)
  File "/opt/ros/kinetic/lib/python2.7/dist-packages/rospy/topics.py", line 1066, in publish
    serialize_message(b, self.seq, message)
  File "/opt/ros/kinetic/lib/python2.7/dist-packages/rospy/msg.py", line 152, in serialize_message
    msg.serialize(b)
  File "/opt/ros/kinetic/lib/python2.7/dist-packages/std_msgs/msg/_Float32MultiArray.py", line 113, in serialize
    except struct.error as se: self._check_types(struct.error("%s: '%s' when writing '%s'" % (type(se), str(se), str(locals().get('_x', self)))))
  File "/opt/ros/kinetic/lib/python2.7/dist-packages/genpy/message.py", line 385, in _check_types
    raise SerializationError(str(exc))
SerializationError: <class 'struct.error'>: 'required argument is not a float' when writing '0'

[rosout][ERROR] 2025-03-27 14:39:30,323: bad callback: <bound method SonarProcessor.sonar_callback of <__main__.SonarProcessor instance at 0x7fb7df3b41b8>>
Traceback (most recent call last):
  File "/opt/ros/kinetic/lib/python2.7/dist-packages/rospy/topics.py", line 750, in _invoke_callback
    cb(msg)
  File "sonar_get_min_dist.py", line 28, in sonar_callback
    self.back_left_min, self.back_right_min = self.process_sonar_data(data)
  File "sonar_get_min_dist.py", line 57, in process_sonar_data
    self.pub_dists(sonar_min_dist)
  File "sonar_get_min_dist.py", line 72, in pub_dists
    pub.publish(min_distances)
  File "/opt/ros/kinetic/lib/python2.7/dist-packages/rospy/topics.py", line 886, in publish
    raise ROSSerializationException(str(e))
ROSSerializationException: <class 'struct.error'>: 'required argument is not a float' when writing '0'

[rospy.topics][ERROR] 2025-03-27 14:39:30,425: Traceback (most recent call last):
  File "/opt/ros/kinetic/lib/python2.7/dist-packages/rospy/topics.py", line 882, in publish
    self.impl.publish(data)
  File "/opt/ros/kinetic/lib/python2.7/dist-packages/rospy/topics.py", line 1066, in publish
    serialize_message(b, self.seq, message)
  File "/opt/ros/kinetic/lib/python2.7/dist-packages/rospy/msg.py", line 152, in serialize_message
    msg.serialize(b)
  File "/opt/ros/kinetic/lib/python2.7/dist-packages/std_msgs/msg/_Float32MultiArray.py", line 113, in serialize
    except struct.error as se: self._check_types(struct.error("%s: '%s' when writing '%s'" % (type(se), str(se), str(locals().get('_x', self)))))
  File "/opt/ros/kinetic/lib/python2.7/dist-packages/genpy/message.py", line 385, in _check_types
    raise SerializationError(str(exc))
SerializationError: <class 'struct.error'>: 'required argument is not a float' when writing '0'

[rosout][ERROR] 2025-03-27 14:39:30,426: bad callback: <bound method SonarProcessor.sonar_callback of <__main__.SonarProcessor instance at 0x7fb7df3b41b8>>
Traceback (most recent call last):
  File "/opt/ros/kinetic/lib/python2.7/dist-packages/rospy/topics.py", line 750, in _invoke_callback
    cb(msg)
  File "sonar_get_min_dist.py", line 28, in sonar_callback
    self.back_left_min, self.back_right_min = self.process_sonar_data(data)
  File "sonar_get_min_dist.py", line 57, in process_sonar_data
    self.pub_dists(sonar_min_dist)
  File "sonar_get_min_dist.py", line 72, in pub_dists
    pub.publish(min_distances)
  File "/opt/ros/kinetic/lib/python2.7/dist-packages/rospy/topics.py", line 886, in publish
    raise ROSSerializationException(str(e))
ROSSerializationException: <class 'struct.error'>: 'required argument is not a float' when writing '0'

[rospy.core][INFO] 2025-03-27 14:39:30,429: signal_shutdown [signal-2]
[rospy.internal][INFO] 2025-03-27 14:39:30,437: topic[/sonar_min] removing connection to /rostopic_5666_1743061145040
[rospy.internal][INFO] 2025-03-27 14:39:30,437: topic[/rosout] removing connection to /rosout
[rospy.internal][INFO] 2025-03-27 14:39:30,438: topic[/RosAria/sonar] removing connection to http://localhost:37299/
[rospy.impl.masterslave][INFO] 2025-03-27 14:39:30,439: signal-2
[rospy.core][INFO] 2025-03-27 14:39:30,601: signal_shutdown [signal-2]
[rospy.core][INFO] 2025-03-27 14:39:30,601: signal_shutdown [atexit]
