[rospy.client][INFO] 2025-03-27 14:22:48,851: init_node, name[/sonar_processor_4989_1743060168839], pid[4989]
[xmlrpc][INFO] 2025-03-27 14:22:48,852: XML-RPC server binding to 127.0.0.1:0
[xmlrpc][INFO] 2025-03-27 14:22:48,852: Started XML-RPC server [http://localhost:36149/]
[rospy.init][INFO] 2025-03-27 14:22:48,852: ROS Slave URI: [http://localhost:36149/]
[rospy.impl.masterslave][INFO] 2025-03-27 14:22:48,852: _ready: http://localhost:36149/
[rospy.registration][INFO] 2025-03-27 14:22:48,852: Registering with master node http://localhost:11311
[xmlrpc][INFO] 2025-03-27 14:22:48,852: xml rpc node: starting XML-RPC server
[rospy.init][INFO] 2025-03-27 14:22:48,952: registered with master
[rospy.rosout][INFO] 2025-03-27 14:22:48,953: initializing /rosout core topic
[rospy.rosout][INFO] 2025-03-27 14:22:48,959: connected to core topic /rosout
[rospy.simtime][INFO] 2025-03-27 14:22:48,962: /use_sim_time is not set, will not subscribe to simulated time [/clock] topic
[rosout][INFO] 2025-03-27 14:22:48,975: Sonar processor initialized
[rospy.internal][INFO] 2025-03-27 14:22:49,020: topic[/RosAria/sonar] adding connection to [http://localhost:37299/], count 0
[rosout][ERROR] 2025-03-27 14:22:49,131: bad callback: <bound method SonarProcessor.sonar_callback of <__main__.SonarProcessor instance at 0x7fa92a5a91b8>>
Traceback (most recent call last):
  File "/opt/ros/kinetic/lib/python2.7/dist-packages/rospy/topics.py", line 750, in _invoke_callback
    cb(msg)
  File "sonar_get_min_dist.py", line 28, in sonar_callback
    self.back_left_min, self.back_right_min = self.process_sonar_data(data)
  File "sonar_get_min_dist.py", line 56, in process_sonar_data
    self.pub_dists([bl_min,br_min])
  File "sonar_get_min_dist.py", line 70, in pub_dists
    rospy.init_node('list_publisher',anonymous=True)
  File "/opt/ros/kinetic/lib/python2.7/dist-packages/rospy/client.py", line 274, in init_node
    raise rospy.exceptions.ROSException("rospy.init_node() has already been called with different arguments: "+str(_init_node_args))
ROSException: rospy.init_node() has already been called with different arguments: ('sonar_processor', ['sonar_get_min_dist.py'], True, None, False, False)

[rosout][ERROR] 2025-03-27 14:22:49,219: bad callback: <bound method SonarProcessor.sonar_callback of <__main__.SonarProcessor instance at 0x7fa92a5a91b8>>
Traceback (most recent call last):
  File "/opt/ros/kinetic/lib/python2.7/dist-packages/rospy/topics.py", line 750, in _invoke_callback
    cb(msg)
  File "sonar_get_min_dist.py", line 28, in sonar_callback
    self.back_left_min, self.back_right_min = self.process_sonar_data(data)
  File "sonar_get_min_dist.py", line 56, in process_sonar_data
    self.pub_dists([bl_min,br_min])
  File "sonar_get_min_dist.py", line 70, in pub_dists
    rospy.init_node('list_publisher',anonymous=True)
  File "/opt/ros/kinetic/lib/python2.7/dist-packages/rospy/client.py", line 274, in init_node
    raise rospy.exceptions.ROSException("rospy.init_node() has already been called with different arguments: "+str(_init_node_args))
ROSException: rospy.init_node() has already been called with different arguments: ('sonar_processor', ['sonar_get_min_dist.py'], True, None, False, False)

[rospy.internal][INFO] 2025-03-27 14:22:49,232: topic[/rosout] adding connection to [/rosout], count 0
[rosout][ERROR] 2025-03-27 14:22:49,316: bad callback: <bound method SonarProcessor.sonar_callback of <__main__.SonarProcessor instance at 0x7fa92a5a91b8>>
Traceback (most recent call last):
  File "/opt/ros/kinetic/lib/python2.7/dist-packages/rospy/topics.py", line 750, in _invoke_callback
    cb(msg)
  File "sonar_get_min_dist.py", line 28, in sonar_callback
    self.back_left_min, self.back_right_min = self.process_sonar_data(data)
  File "sonar_get_min_dist.py", line 56, in process_sonar_data
    self.pub_dists([bl_min,br_min])
  File "sonar_get_min_dist.py", line 70, in pub_dists
    rospy.init_node('list_publisher',anonymous=True)
  File "/opt/ros/kinetic/lib/python2.7/dist-packages/rospy/client.py", line 274, in init_node
    raise rospy.exceptions.ROSException("rospy.init_node() has already been called with different arguments: "+str(_init_node_args))
ROSException: rospy.init_node() has already been called with different arguments: ('sonar_processor', ['sonar_get_min_dist.py'], True, None, False, False)

[rosout][ERROR] 2025-03-27 14:22:49,419: bad callback: <bound method SonarProcessor.sonar_callback of <__main__.SonarProcessor instance at 0x7fa92a5a91b8>>
Traceback (most recent call last):
  File "/opt/ros/kinetic/lib/python2.7/dist-packages/rospy/topics.py", line 750, in _invoke_callback
    cb(msg)
  File "sonar_get_min_dist.py", line 28, in sonar_callback
    self.back_left_min, self.back_right_min = self.process_sonar_data(data)
  File "sonar_get_min_dist.py", line 56, in process_sonar_data
    self.pub_dists([bl_min,br_min])
  File "sonar_get_min_dist.py", line 70, in pub_dists
    rospy.init_node('list_publisher',anonymous=True)
  File "/opt/ros/kinetic/lib/python2.7/dist-packages/rospy/client.py", line 274, in init_node
    raise rospy.exceptions.ROSException("rospy.init_node() has already been called with different arguments: "+str(_init_node_args))
ROSException: rospy.init_node() has already been called with different arguments: ('sonar_processor', ['sonar_get_min_dist.py'], True, None, False, False)

[rosout][ERROR] 2025-03-27 14:22:49,516: bad callback: <bound method SonarProcessor.sonar_callback of <__main__.SonarProcessor instance at 0x7fa92a5a91b8>>
Traceback (most recent call last):
  File "/opt/ros/kinetic/lib/python2.7/dist-packages/rospy/topics.py", line 750, in _invoke_callback
    cb(msg)
  File "sonar_get_min_dist.py", line 28, in sonar_callback
    self.back_left_min, self.back_right_min = self.process_sonar_data(data)
  File "sonar_get_min_dist.py", line 56, in process_sonar_data
    self.pub_dists([bl_min,br_min])
  File "sonar_get_min_dist.py", line 70, in pub_dists
    rospy.init_node('list_publisher',anonymous=True)
  File "/opt/ros/kinetic/lib/python2.7/dist-packages/rospy/client.py", line 274, in init_node
    raise rospy.exceptions.ROSException("rospy.init_node() has already been called with different arguments: "+str(_init_node_args))
ROSException: rospy.init_node() has already been called with different arguments: ('sonar_processor', ['sonar_get_min_dist.py'], True, None, False, False)

[rosout][ERROR] 2025-03-27 14:22:49,619: bad callback: <bound method SonarProcessor.sonar_callback of <__main__.SonarProcessor instance at 0x7fa92a5a91b8>>
Traceback (most recent call last):
  File "/opt/ros/kinetic/lib/python2.7/dist-packages/rospy/topics.py", line 750, in _invoke_callback
    cb(msg)
  File "sonar_get_min_dist.py", line 28, in sonar_callback
    self.back_left_min, self.back_right_min = self.process_sonar_data(data)
  File "sonar_get_min_dist.py", line 56, in process_sonar_data
    self.pub_dists([bl_min,br_min])
  File "sonar_get_min_dist.py", line 70, in pub_dists
    rospy.init_node('list_publisher',anonymous=True)
  File "/opt/ros/kinetic/lib/python2.7/dist-packages/rospy/client.py", line 274, in init_node
    raise rospy.exceptions.ROSException("rospy.init_node() has already been called with different arguments: "+str(_init_node_args))
ROSException: rospy.init_node() has already been called with different arguments: ('sonar_processor', ['sonar_get_min_dist.py'], True, None, False, False)

[rosout][ERROR] 2025-03-27 14:22:49,716: bad callback: <bound method SonarProcessor.sonar_callback of <__main__.SonarProcessor instance at 0x7fa92a5a91b8>>
Traceback (most recent call last):
  File "/opt/ros/kinetic/lib/python2.7/dist-packages/rospy/topics.py", line 750, in _invoke_callback
    cb(msg)
  File "sonar_get_min_dist.py", line 28, in sonar_callback
    self.back_left_min, self.back_right_min = self.process_sonar_data(data)
  File "sonar_get_min_dist.py", line 56, in process_sonar_data
    self.pub_dists([bl_min,br_min])
  File "sonar_get_min_dist.py", line 70, in pub_dists
    rospy.init_node('list_publisher',anonymous=True)
  File "/opt/ros/kinetic/lib/python2.7/dist-packages/rospy/client.py", line 274, in init_node
    raise rospy.exceptions.ROSException("rospy.init_node() has already been called with different arguments: "+str(_init_node_args))
ROSException: rospy.init_node() has already been called with different arguments: ('sonar_processor', ['sonar_get_min_dist.py'], True, None, False, False)

[rosout][ERROR] 2025-03-27 14:22:49,819: bad callback: <bound method SonarProcessor.sonar_callback of <__main__.SonarProcessor instance at 0x7fa92a5a91b8>>
Traceback (most recent call last):
  File "/opt/ros/kinetic/lib/python2.7/dist-packages/rospy/topics.py", line 750, in _invoke_callback
    cb(msg)
  File "sonar_get_min_dist.py", line 28, in sonar_callback
    self.back_left_min, self.back_right_min = self.process_sonar_data(data)
  File "sonar_get_min_dist.py", line 56, in process_sonar_data
    self.pub_dists([bl_min,br_min])
  File "sonar_get_min_dist.py", line 70, in pub_dists
    rospy.init_node('list_publisher',anonymous=True)
  File "/opt/ros/kinetic/lib/python2.7/dist-packages/rospy/client.py", line 274, in init_node
    raise rospy.exceptions.ROSException("rospy.init_node() has already been called with different arguments: "+str(_init_node_args))
ROSException: rospy.init_node() has already been called with different arguments: ('sonar_processor', ['sonar_get_min_dist.py'], True, None, False, False)

[rosout][ERROR] 2025-03-27 14:22:49,916: bad callback: <bound method SonarProcessor.sonar_callback of <__main__.SonarProcessor instance at 0x7fa92a5a91b8>>
Traceback (most recent call last):
  File "/opt/ros/kinetic/lib/python2.7/dist-packages/rospy/topics.py", line 750, in _invoke_callback
    cb(msg)
  File "sonar_get_min_dist.py", line 28, in sonar_callback
    self.back_left_min, self.back_right_min = self.process_sonar_data(data)
  File "sonar_get_min_dist.py", line 56, in process_sonar_data
    self.pub_dists([bl_min,br_min])
  File "sonar_get_min_dist.py", line 70, in pub_dists
    rospy.init_node('list_publisher',anonymous=True)
  File "/opt/ros/kinetic/lib/python2.7/dist-packages/rospy/client.py", line 274, in init_node
    raise rospy.exceptions.ROSException("rospy.init_node() has already been called with different arguments: "+str(_init_node_args))
ROSException: rospy.init_node() has already been called with different arguments: ('sonar_processor', ['sonar_get_min_dist.py'], True, None, False, False)

[rosout][ERROR] 2025-03-27 14:22:50,020: bad callback: <bound method SonarProcessor.sonar_callback of <__main__.SonarProcessor instance at 0x7fa92a5a91b8>>
Traceback (most recent call last):
  File "/opt/ros/kinetic/lib/python2.7/dist-packages/rospy/topics.py", line 750, in _invoke_callback
    cb(msg)
  File "sonar_get_min_dist.py", line 28, in sonar_callback
    self.back_left_min, self.back_right_min = self.process_sonar_data(data)
  File "sonar_get_min_dist.py", line 56, in process_sonar_data
    self.pub_dists([bl_min,br_min])
  File "sonar_get_min_dist.py", line 70, in pub_dists
    rospy.init_node('list_publisher',anonymous=True)
  File "/opt/ros/kinetic/lib/python2.7/dist-packages/rospy/client.py", line 274, in init_node
    raise rospy.exceptions.ROSException("rospy.init_node() has already been called with different arguments: "+str(_init_node_args))
ROSException: rospy.init_node() has already been called with different arguments: ('sonar_processor', ['sonar_get_min_dist.py'], True, None, False, False)

[rosout][ERROR] 2025-03-27 14:22:50,116: bad callback: <bound method SonarProcessor.sonar_callback of <__main__.SonarProcessor instance at 0x7fa92a5a91b8>>
Traceback (most recent call last):
  File "/opt/ros/kinetic/lib/python2.7/dist-packages/rospy/topics.py", line 750, in _invoke_callback
    cb(msg)
  File "sonar_get_min_dist.py", line 28, in sonar_callback
    self.back_left_min, self.back_right_min = self.process_sonar_data(data)
  File "sonar_get_min_dist.py", line 56, in process_sonar_data
    self.pub_dists([bl_min,br_min])
  File "sonar_get_min_dist.py", line 70, in pub_dists
    rospy.init_node('list_publisher',anonymous=True)
  File "/opt/ros/kinetic/lib/python2.7/dist-packages/rospy/client.py", line 274, in init_node
    raise rospy.exceptions.ROSException("rospy.init_node() has already been called with different arguments: "+str(_init_node_args))
ROSException: rospy.init_node() has already been called with different arguments: ('sonar_processor', ['sonar_get_min_dist.py'], True, None, False, False)

[rosout][ERROR] 2025-03-27 14:22:50,219: bad callback: <bound method SonarProcessor.sonar_callback of <__main__.SonarProcessor instance at 0x7fa92a5a91b8>>
Traceback (most recent call last):
  File "/opt/ros/kinetic/lib/python2.7/dist-packages/rospy/topics.py", line 750, in _invoke_callback
    cb(msg)
  File "sonar_get_min_dist.py", line 28, in sonar_callback
    self.back_left_min, self.back_right_min = self.process_sonar_data(data)
  File "sonar_get_min_dist.py", line 56, in process_sonar_data
    self.pub_dists([bl_min,br_min])
  File "sonar_get_min_dist.py", line 70, in pub_dists
    rospy.init_node('list_publisher',anonymous=True)
  File "/opt/ros/kinetic/lib/python2.7/dist-packages/rospy/client.py", line 274, in init_node
    raise rospy.exceptions.ROSException("rospy.init_node() has already been called with different arguments: "+str(_init_node_args))
ROSException: rospy.init_node() has already been called with different arguments: ('sonar_processor', ['sonar_get_min_dist.py'], True, None, False, False)

[rosout][ERROR] 2025-03-27 14:22:50,316: bad callback: <bound method SonarProcessor.sonar_callback of <__main__.SonarProcessor instance at 0x7fa92a5a91b8>>
Traceback (most recent call last):
  File "/opt/ros/kinetic/lib/python2.7/dist-packages/rospy/topics.py", line 750, in _invoke_callback
    cb(msg)
  File "sonar_get_min_dist.py", line 28, in sonar_callback
    self.back_left_min, self.back_right_min = self.process_sonar_data(data)
  File "sonar_get_min_dist.py", line 56, in process_sonar_data
    self.pub_dists([bl_min,br_min])
  File "sonar_get_min_dist.py", line 70, in pub_dists
    rospy.init_node('list_publisher',anonymous=True)
  File "/opt/ros/kinetic/lib/python2.7/dist-packages/rospy/client.py", line 274, in init_node
    raise rospy.exceptions.ROSException("rospy.init_node() has already been called with different arguments: "+str(_init_node_args))
ROSException: rospy.init_node() has already been called with different arguments: ('sonar_processor', ['sonar_get_min_dist.py'], True, None, False, False)

[rosout][ERROR] 2025-03-27 14:22:50,419: bad callback: <bound method SonarProcessor.sonar_callback of <__main__.SonarProcessor instance at 0x7fa92a5a91b8>>
Traceback (most recent call last):
  File "/opt/ros/kinetic/lib/python2.7/dist-packages/rospy/topics.py", line 750, in _invoke_callback
    cb(msg)
  File "sonar_get_min_dist.py", line 28, in sonar_callback
    self.back_left_min, self.back_right_min = self.process_sonar_data(data)
  File "sonar_get_min_dist.py", line 56, in process_sonar_data
    self.pub_dists([bl_min,br_min])
  File "sonar_get_min_dist.py", line 70, in pub_dists
    rospy.init_node('list_publisher',anonymous=True)
  File "/opt/ros/kinetic/lib/python2.7/dist-packages/rospy/client.py", line 274, in init_node
    raise rospy.exceptions.ROSException("rospy.init_node() has already been called with different arguments: "+str(_init_node_args))
ROSException: rospy.init_node() has already been called with different arguments: ('sonar_processor', ['sonar_get_min_dist.py'], True, None, False, False)

[rosout][ERROR] 2025-03-27 14:22:50,516: bad callback: <bound method SonarProcessor.sonar_callback of <__main__.SonarProcessor instance at 0x7fa92a5a91b8>>
Traceback (most recent call last):
  File "/opt/ros/kinetic/lib/python2.7/dist-packages/rospy/topics.py", line 750, in _invoke_callback
    cb(msg)
  File "sonar_get_min_dist.py", line 28, in sonar_callback
    self.back_left_min, self.back_right_min = self.process_sonar_data(data)
  File "sonar_get_min_dist.py", line 56, in process_sonar_data
    self.pub_dists([bl_min,br_min])
  File "sonar_get_min_dist.py", line 70, in pub_dists
    rospy.init_node('list_publisher',anonymous=True)
  File "/opt/ros/kinetic/lib/python2.7/dist-packages/rospy/client.py", line 274, in init_node
    raise rospy.exceptions.ROSException("rospy.init_node() has already been called with different arguments: "+str(_init_node_args))
ROSException: rospy.init_node() has already been called with different arguments: ('sonar_processor', ['sonar_get_min_dist.py'], True, None, False, False)

[rosout][ERROR] 2025-03-27 14:22:50,619: bad callback: <bound method SonarProcessor.sonar_callback of <__main__.SonarProcessor instance at 0x7fa92a5a91b8>>
Traceback (most recent call last):
  File "/opt/ros/kinetic/lib/python2.7/dist-packages/rospy/topics.py", line 750, in _invoke_callback
    cb(msg)
  File "sonar_get_min_dist.py", line 28, in sonar_callback
    self.back_left_min, self.back_right_min = self.process_sonar_data(data)
  File "sonar_get_min_dist.py", line 56, in process_sonar_data
    self.pub_dists([bl_min,br_min])
  File "sonar_get_min_dist.py", line 70, in pub_dists
    rospy.init_node('list_publisher',anonymous=True)
  File "/opt/ros/kinetic/lib/python2.7/dist-packages/rospy/client.py", line 274, in init_node
    raise rospy.exceptions.ROSException("rospy.init_node() has already been called with different arguments: "+str(_init_node_args))
ROSException: rospy.init_node() has already been called with different arguments: ('sonar_processor', ['sonar_get_min_dist.py'], True, None, False, False)

[rosout][ERROR] 2025-03-27 14:22:50,716: bad callback: <bound method SonarProcessor.sonar_callback of <__main__.SonarProcessor instance at 0x7fa92a5a91b8>>
Traceback (most recent call last):
  File "/opt/ros/kinetic/lib/python2.7/dist-packages/rospy/topics.py", line 750, in _invoke_callback
    cb(msg)
  File "sonar_get_min_dist.py", line 28, in sonar_callback
    self.back_left_min, self.back_right_min = self.process_sonar_data(data)
  File "sonar_get_min_dist.py", line 56, in process_sonar_data
    self.pub_dists([bl_min,br_min])
  File "sonar_get_min_dist.py", line 70, in pub_dists
    rospy.init_node('list_publisher',anonymous=True)
  File "/opt/ros/kinetic/lib/python2.7/dist-packages/rospy/client.py", line 274, in init_node
    raise rospy.exceptions.ROSException("rospy.init_node() has already been called with different arguments: "+str(_init_node_args))
ROSException: rospy.init_node() has already been called with different arguments: ('sonar_processor', ['sonar_get_min_dist.py'], True, None, False, False)

[rosout][ERROR] 2025-03-27 14:22:50,819: bad callback: <bound method SonarProcessor.sonar_callback of <__main__.SonarProcessor instance at 0x7fa92a5a91b8>>
Traceback (most recent call last):
  File "/opt/ros/kinetic/lib/python2.7/dist-packages/rospy/topics.py", line 750, in _invoke_callback
    cb(msg)
  File "sonar_get_min_dist.py", line 28, in sonar_callback
    self.back_left_min, self.back_right_min = self.process_sonar_data(data)
  File "sonar_get_min_dist.py", line 56, in process_sonar_data
    self.pub_dists([bl_min,br_min])
  File "sonar_get_min_dist.py", line 70, in pub_dists
    rospy.init_node('list_publisher',anonymous=True)
  File "/opt/ros/kinetic/lib/python2.7/dist-packages/rospy/client.py", line 274, in init_node
    raise rospy.exceptions.ROSException("rospy.init_node() has already been called with different arguments: "+str(_init_node_args))
ROSException: rospy.init_node() has already been called with different arguments: ('sonar_processor', ['sonar_get_min_dist.py'], True, None, False, False)

[rosout][ERROR] 2025-03-27 14:22:50,916: bad callback: <bound method SonarProcessor.sonar_callback of <__main__.SonarProcessor instance at 0x7fa92a5a91b8>>
Traceback (most recent call last):
  File "/opt/ros/kinetic/lib/python2.7/dist-packages/rospy/topics.py", line 750, in _invoke_callback
    cb(msg)
  File "sonar_get_min_dist.py", line 28, in sonar_callback
    self.back_left_min, self.back_right_min = self.process_sonar_data(data)
  File "sonar_get_min_dist.py", line 56, in process_sonar_data
    self.pub_dists([bl_min,br_min])
  File "sonar_get_min_dist.py", line 70, in pub_dists
    rospy.init_node('list_publisher',anonymous=True)
  File "/opt/ros/kinetic/lib/python2.7/dist-packages/rospy/client.py", line 274, in init_node
    raise rospy.exceptions.ROSException("rospy.init_node() has already been called with different arguments: "+str(_init_node_args))
ROSException: rospy.init_node() has already been called with different arguments: ('sonar_processor', ['sonar_get_min_dist.py'], True, None, False, False)

[rosout][ERROR] 2025-03-27 14:22:51,020: bad callback: <bound method SonarProcessor.sonar_callback of <__main__.SonarProcessor instance at 0x7fa92a5a91b8>>
Traceback (most recent call last):
  File "/opt/ros/kinetic/lib/python2.7/dist-packages/rospy/topics.py", line 750, in _invoke_callback
    cb(msg)
  File "sonar_get_min_dist.py", line 28, in sonar_callback
    self.back_left_min, self.back_right_min = self.process_sonar_data(data)
  File "sonar_get_min_dist.py", line 56, in process_sonar_data
    self.pub_dists([bl_min,br_min])
  File "sonar_get_min_dist.py", line 70, in pub_dists
    rospy.init_node('list_publisher',anonymous=True)
  File "/opt/ros/kinetic/lib/python2.7/dist-packages/rospy/client.py", line 274, in init_node
    raise rospy.exceptions.ROSException("rospy.init_node() has already been called with different arguments: "+str(_init_node_args))
ROSException: rospy.init_node() has already been called with different arguments: ('sonar_processor', ['sonar_get_min_dist.py'], True, None, False, False)

[rosout][ERROR] 2025-03-27 14:22:51,116: bad callback: <bound method SonarProcessor.sonar_callback of <__main__.SonarProcessor instance at 0x7fa92a5a91b8>>
Traceback (most recent call last):
  File "/opt/ros/kinetic/lib/python2.7/dist-packages/rospy/topics.py", line 750, in _invoke_callback
    cb(msg)
  File "sonar_get_min_dist.py", line 28, in sonar_callback
    self.back_left_min, self.back_right_min = self.process_sonar_data(data)
  File "sonar_get_min_dist.py", line 56, in process_sonar_data
    self.pub_dists([bl_min,br_min])
  File "sonar_get_min_dist.py", line 70, in pub_dists
    rospy.init_node('list_publisher',anonymous=True)
  File "/opt/ros/kinetic/lib/python2.7/dist-packages/rospy/client.py", line 274, in init_node
    raise rospy.exceptions.ROSException("rospy.init_node() has already been called with different arguments: "+str(_init_node_args))
ROSException: rospy.init_node() has already been called with different arguments: ('sonar_processor', ['sonar_get_min_dist.py'], True, None, False, False)

[rosout][ERROR] 2025-03-27 14:22:51,220: bad callback: <bound method SonarProcessor.sonar_callback of <__main__.SonarProcessor instance at 0x7fa92a5a91b8>>
Traceback (most recent call last):
  File "/opt/ros/kinetic/lib/python2.7/dist-packages/rospy/topics.py", line 750, in _invoke_callback
    cb(msg)
  File "sonar_get_min_dist.py", line 28, in sonar_callback
    self.back_left_min, self.back_right_min = self.process_sonar_data(data)
  File "sonar_get_min_dist.py", line 56, in process_sonar_data
    self.pub_dists([bl_min,br_min])
  File "sonar_get_min_dist.py", line 70, in pub_dists
    rospy.init_node('list_publisher',anonymous=True)
  File "/opt/ros/kinetic/lib/python2.7/dist-packages/rospy/client.py", line 274, in init_node
    raise rospy.exceptions.ROSException("rospy.init_node() has already been called with different arguments: "+str(_init_node_args))
ROSException: rospy.init_node() has already been called with different arguments: ('sonar_processor', ['sonar_get_min_dist.py'], True, None, False, False)

[rosout][ERROR] 2025-03-27 14:22:51,316: bad callback: <bound method SonarProcessor.sonar_callback of <__main__.SonarProcessor instance at 0x7fa92a5a91b8>>
Traceback (most recent call last):
  File "/opt/ros/kinetic/lib/python2.7/dist-packages/rospy/topics.py", line 750, in _invoke_callback
    cb(msg)
  File "sonar_get_min_dist.py", line 28, in sonar_callback
    self.back_left_min, self.back_right_min = self.process_sonar_data(data)
  File "sonar_get_min_dist.py", line 56, in process_sonar_data
    self.pub_dists([bl_min,br_min])
  File "sonar_get_min_dist.py", line 70, in pub_dists
    rospy.init_node('list_publisher',anonymous=True)
  File "/opt/ros/kinetic/lib/python2.7/dist-packages/rospy/client.py", line 274, in init_node
    raise rospy.exceptions.ROSException("rospy.init_node() has already been called with different arguments: "+str(_init_node_args))
ROSException: rospy.init_node() has already been called with different arguments: ('sonar_processor', ['sonar_get_min_dist.py'], True, None, False, False)

[rosout][ERROR] 2025-03-27 14:22:51,420: bad callback: <bound method SonarProcessor.sonar_callback of <__main__.SonarProcessor instance at 0x7fa92a5a91b8>>
Traceback (most recent call last):
  File "/opt/ros/kinetic/lib/python2.7/dist-packages/rospy/topics.py", line 750, in _invoke_callback
    cb(msg)
  File "sonar_get_min_dist.py", line 28, in sonar_callback
    self.back_left_min, self.back_right_min = self.process_sonar_data(data)
  File "sonar_get_min_dist.py", line 56, in process_sonar_data
    self.pub_dists([bl_min,br_min])
  File "sonar_get_min_dist.py", line 70, in pub_dists
    rospy.init_node('list_publisher',anonymous=True)
  File "/opt/ros/kinetic/lib/python2.7/dist-packages/rospy/client.py", line 274, in init_node
    raise rospy.exceptions.ROSException("rospy.init_node() has already been called with different arguments: "+str(_init_node_args))
ROSException: rospy.init_node() has already been called with different arguments: ('sonar_processor', ['sonar_get_min_dist.py'], True, None, False, False)

[rosout][ERROR] 2025-03-27 14:22:51,517: bad callback: <bound method SonarProcessor.sonar_callback of <__main__.SonarProcessor instance at 0x7fa92a5a91b8>>
Traceback (most recent call last):
  File "/opt/ros/kinetic/lib/python2.7/dist-packages/rospy/topics.py", line 750, in _invoke_callback
    cb(msg)
  File "sonar_get_min_dist.py", line 28, in sonar_callback
    self.back_left_min, self.back_right_min = self.process_sonar_data(data)
  File "sonar_get_min_dist.py", line 56, in process_sonar_data
    self.pub_dists([bl_min,br_min])
  File "sonar_get_min_dist.py", line 70, in pub_dists
    rospy.init_node('list_publisher',anonymous=True)
  File "/opt/ros/kinetic/lib/python2.7/dist-packages/rospy/client.py", line 274, in init_node
    raise rospy.exceptions.ROSException("rospy.init_node() has already been called with different arguments: "+str(_init_node_args))
ROSException: rospy.init_node() has already been called with different arguments: ('sonar_processor', ['sonar_get_min_dist.py'], True, None, False, False)

[rosout][ERROR] 2025-03-27 14:22:51,620: bad callback: <bound method SonarProcessor.sonar_callback of <__main__.SonarProcessor instance at 0x7fa92a5a91b8>>
Traceback (most recent call last):
  File "/opt/ros/kinetic/lib/python2.7/dist-packages/rospy/topics.py", line 750, in _invoke_callback
    cb(msg)
  File "sonar_get_min_dist.py", line 28, in sonar_callback
    self.back_left_min, self.back_right_min = self.process_sonar_data(data)
  File "sonar_get_min_dist.py", line 56, in process_sonar_data
    self.pub_dists([bl_min,br_min])
  File "sonar_get_min_dist.py", line 70, in pub_dists
    rospy.init_node('list_publisher',anonymous=True)
  File "/opt/ros/kinetic/lib/python2.7/dist-packages/rospy/client.py", line 274, in init_node
    raise rospy.exceptions.ROSException("rospy.init_node() has already been called with different arguments: "+str(_init_node_args))
ROSException: rospy.init_node() has already been called with different arguments: ('sonar_processor', ['sonar_get_min_dist.py'], True, None, False, False)

[rosout][ERROR] 2025-03-27 14:22:51,717: bad callback: <bound method SonarProcessor.sonar_callback of <__main__.SonarProcessor instance at 0x7fa92a5a91b8>>
Traceback (most recent call last):
  File "/opt/ros/kinetic/lib/python2.7/dist-packages/rospy/topics.py", line 750, in _invoke_callback
    cb(msg)
  File "sonar_get_min_dist.py", line 28, in sonar_callback
    self.back_left_min, self.back_right_min = self.process_sonar_data(data)
  File "sonar_get_min_dist.py", line 56, in process_sonar_data
    self.pub_dists([bl_min,br_min])
  File "sonar_get_min_dist.py", line 70, in pub_dists
    rospy.init_node('list_publisher',anonymous=True)
  File "/opt/ros/kinetic/lib/python2.7/dist-packages/rospy/client.py", line 274, in init_node
    raise rospy.exceptions.ROSException("rospy.init_node() has already been called with different arguments: "+str(_init_node_args))
ROSException: rospy.init_node() has already been called with different arguments: ('sonar_processor', ['sonar_get_min_dist.py'], True, None, False, False)

[rosout][ERROR] 2025-03-27 14:22:51,820: bad callback: <bound method SonarProcessor.sonar_callback of <__main__.SonarProcessor instance at 0x7fa92a5a91b8>>
Traceback (most recent call last):
  File "/opt/ros/kinetic/lib/python2.7/dist-packages/rospy/topics.py", line 750, in _invoke_callback
    cb(msg)
  File "sonar_get_min_dist.py", line 28, in sonar_callback
    self.back_left_min, self.back_right_min = self.process_sonar_data(data)
  File "sonar_get_min_dist.py", line 56, in process_sonar_data
    self.pub_dists([bl_min,br_min])
  File "sonar_get_min_dist.py", line 70, in pub_dists
    rospy.init_node('list_publisher',anonymous=True)
  File "/opt/ros/kinetic/lib/python2.7/dist-packages/rospy/client.py", line 274, in init_node
    raise rospy.exceptions.ROSException("rospy.init_node() has already been called with different arguments: "+str(_init_node_args))
ROSException: rospy.init_node() has already been called with different arguments: ('sonar_processor', ['sonar_get_min_dist.py'], True, None, False, False)

[rosout][ERROR] 2025-03-27 14:22:51,917: bad callback: <bound method SonarProcessor.sonar_callback of <__main__.SonarProcessor instance at 0x7fa92a5a91b8>>
Traceback (most recent call last):
  File "/opt/ros/kinetic/lib/python2.7/dist-packages/rospy/topics.py", line 750, in _invoke_callback
    cb(msg)
  File "sonar_get_min_dist.py", line 28, in sonar_callback
    self.back_left_min, self.back_right_min = self.process_sonar_data(data)
  File "sonar_get_min_dist.py", line 56, in process_sonar_data
    self.pub_dists([bl_min,br_min])
  File "sonar_get_min_dist.py", line 70, in pub_dists
    rospy.init_node('list_publisher',anonymous=True)
  File "/opt/ros/kinetic/lib/python2.7/dist-packages/rospy/client.py", line 274, in init_node
    raise rospy.exceptions.ROSException("rospy.init_node() has already been called with different arguments: "+str(_init_node_args))
ROSException: rospy.init_node() has already been called with different arguments: ('sonar_processor', ['sonar_get_min_dist.py'], True, None, False, False)

[rosout][ERROR] 2025-03-27 14:22:52,020: bad callback: <bound method SonarProcessor.sonar_callback of <__main__.SonarProcessor instance at 0x7fa92a5a91b8>>
Traceback (most recent call last):
  File "/opt/ros/kinetic/lib/python2.7/dist-packages/rospy/topics.py", line 750, in _invoke_callback
    cb(msg)
  File "sonar_get_min_dist.py", line 28, in sonar_callback
    self.back_left_min, self.back_right_min = self.process_sonar_data(data)
  File "sonar_get_min_dist.py", line 56, in process_sonar_data
    self.pub_dists([bl_min,br_min])
  File "sonar_get_min_dist.py", line 70, in pub_dists
    rospy.init_node('list_publisher',anonymous=True)
  File "/opt/ros/kinetic/lib/python2.7/dist-packages/rospy/client.py", line 274, in init_node
    raise rospy.exceptions.ROSException("rospy.init_node() has already been called with different arguments: "+str(_init_node_args))
ROSException: rospy.init_node() has already been called with different arguments: ('sonar_processor', ['sonar_get_min_dist.py'], True, None, False, False)

[rosout][ERROR] 2025-03-27 14:22:52,117: bad callback: <bound method SonarProcessor.sonar_callback of <__main__.SonarProcessor instance at 0x7fa92a5a91b8>>
Traceback (most recent call last):
  File "/opt/ros/kinetic/lib/python2.7/dist-packages/rospy/topics.py", line 750, in _invoke_callback
    cb(msg)
  File "sonar_get_min_dist.py", line 28, in sonar_callback
    self.back_left_min, self.back_right_min = self.process_sonar_data(data)
  File "sonar_get_min_dist.py", line 56, in process_sonar_data
    self.pub_dists([bl_min,br_min])
  File "sonar_get_min_dist.py", line 70, in pub_dists
    rospy.init_node('list_publisher',anonymous=True)
  File "/opt/ros/kinetic/lib/python2.7/dist-packages/rospy/client.py", line 274, in init_node
    raise rospy.exceptions.ROSException("rospy.init_node() has already been called with different arguments: "+str(_init_node_args))
ROSException: rospy.init_node() has already been called with different arguments: ('sonar_processor', ['sonar_get_min_dist.py'], True, None, False, False)

[rosout][ERROR] 2025-03-27 14:22:52,220: bad callback: <bound method SonarProcessor.sonar_callback of <__main__.SonarProcessor instance at 0x7fa92a5a91b8>>
Traceback (most recent call last):
  File "/opt/ros/kinetic/lib/python2.7/dist-packages/rospy/topics.py", line 750, in _invoke_callback
    cb(msg)
  File "sonar_get_min_dist.py", line 28, in sonar_callback
    self.back_left_min, self.back_right_min = self.process_sonar_data(data)
  File "sonar_get_min_dist.py", line 56, in process_sonar_data
    self.pub_dists([bl_min,br_min])
  File "sonar_get_min_dist.py", line 70, in pub_dists
    rospy.init_node('list_publisher',anonymous=True)
  File "/opt/ros/kinetic/lib/python2.7/dist-packages/rospy/client.py", line 274, in init_node
    raise rospy.exceptions.ROSException("rospy.init_node() has already been called with different arguments: "+str(_init_node_args))
ROSException: rospy.init_node() has already been called with different arguments: ('sonar_processor', ['sonar_get_min_dist.py'], True, None, False, False)

[rosout][ERROR] 2025-03-27 14:22:52,317: bad callback: <bound method SonarProcessor.sonar_callback of <__main__.SonarProcessor instance at 0x7fa92a5a91b8>>
Traceback (most recent call last):
  File "/opt/ros/kinetic/lib/python2.7/dist-packages/rospy/topics.py", line 750, in _invoke_callback
    cb(msg)
  File "sonar_get_min_dist.py", line 28, in sonar_callback
    self.back_left_min, self.back_right_min = self.process_sonar_data(data)
  File "sonar_get_min_dist.py", line 56, in process_sonar_data
    self.pub_dists([bl_min,br_min])
  File "sonar_get_min_dist.py", line 70, in pub_dists
    rospy.init_node('list_publisher',anonymous=True)
  File "/opt/ros/kinetic/lib/python2.7/dist-packages/rospy/client.py", line 274, in init_node
    raise rospy.exceptions.ROSException("rospy.init_node() has already been called with different arguments: "+str(_init_node_args))
ROSException: rospy.init_node() has already been called with different arguments: ('sonar_processor', ['sonar_get_min_dist.py'], True, None, False, False)

[rosout][ERROR] 2025-03-27 14:22:52,420: bad callback: <bound method SonarProcessor.sonar_callback of <__main__.SonarProcessor instance at 0x7fa92a5a91b8>>
Traceback (most recent call last):
  File "/opt/ros/kinetic/lib/python2.7/dist-packages/rospy/topics.py", line 750, in _invoke_callback
    cb(msg)
  File "sonar_get_min_dist.py", line 28, in sonar_callback
    self.back_left_min, self.back_right_min = self.process_sonar_data(data)
  File "sonar_get_min_dist.py", line 56, in process_sonar_data
    self.pub_dists([bl_min,br_min])
  File "sonar_get_min_dist.py", line 70, in pub_dists
    rospy.init_node('list_publisher',anonymous=True)
  File "/opt/ros/kinetic/lib/python2.7/dist-packages/rospy/client.py", line 274, in init_node
    raise rospy.exceptions.ROSException("rospy.init_node() has already been called with different arguments: "+str(_init_node_args))
ROSException: rospy.init_node() has already been called with different arguments: ('sonar_processor', ['sonar_get_min_dist.py'], True, None, False, False)

[rosout][ERROR] 2025-03-27 14:22:52,517: bad callback: <bound method SonarProcessor.sonar_callback of <__main__.SonarProcessor instance at 0x7fa92a5a91b8>>
Traceback (most recent call last):
  File "/opt/ros/kinetic/lib/python2.7/dist-packages/rospy/topics.py", line 750, in _invoke_callback
    cb(msg)
  File "sonar_get_min_dist.py", line 28, in sonar_callback
    self.back_left_min, self.back_right_min = self.process_sonar_data(data)
  File "sonar_get_min_dist.py", line 56, in process_sonar_data
    self.pub_dists([bl_min,br_min])
  File "sonar_get_min_dist.py", line 70, in pub_dists
    rospy.init_node('list_publisher',anonymous=True)
  File "/opt/ros/kinetic/lib/python2.7/dist-packages/rospy/client.py", line 274, in init_node
    raise rospy.exceptions.ROSException("rospy.init_node() has already been called with different arguments: "+str(_init_node_args))
ROSException: rospy.init_node() has already been called with different arguments: ('sonar_processor', ['sonar_get_min_dist.py'], True, None, False, False)

[rosout][ERROR] 2025-03-27 14:22:52,620: bad callback: <bound method SonarProcessor.sonar_callback of <__main__.SonarProcessor instance at 0x7fa92a5a91b8>>
Traceback (most recent call last):
  File "/opt/ros/kinetic/lib/python2.7/dist-packages/rospy/topics.py", line 750, in _invoke_callback
    cb(msg)
  File "sonar_get_min_dist.py", line 28, in sonar_callback
    self.back_left_min, self.back_right_min = self.process_sonar_data(data)
  File "sonar_get_min_dist.py", line 56, in process_sonar_data
    self.pub_dists([bl_min,br_min])
  File "sonar_get_min_dist.py", line 70, in pub_dists
    rospy.init_node('list_publisher',anonymous=True)
  File "/opt/ros/kinetic/lib/python2.7/dist-packages/rospy/client.py", line 274, in init_node
    raise rospy.exceptions.ROSException("rospy.init_node() has already been called with different arguments: "+str(_init_node_args))
ROSException: rospy.init_node() has already been called with different arguments: ('sonar_processor', ['sonar_get_min_dist.py'], True, None, False, False)

[rosout][ERROR] 2025-03-27 14:22:52,717: bad callback: <bound method SonarProcessor.sonar_callback of <__main__.SonarProcessor instance at 0x7fa92a5a91b8>>
Traceback (most recent call last):
  File "/opt/ros/kinetic/lib/python2.7/dist-packages/rospy/topics.py", line 750, in _invoke_callback
    cb(msg)
  File "sonar_get_min_dist.py", line 28, in sonar_callback
    self.back_left_min, self.back_right_min = self.process_sonar_data(data)
  File "sonar_get_min_dist.py", line 56, in process_sonar_data
    self.pub_dists([bl_min,br_min])
  File "sonar_get_min_dist.py", line 70, in pub_dists
    rospy.init_node('list_publisher',anonymous=True)
  File "/opt/ros/kinetic/lib/python2.7/dist-packages/rospy/client.py", line 274, in init_node
    raise rospy.exceptions.ROSException("rospy.init_node() has already been called with different arguments: "+str(_init_node_args))
ROSException: rospy.init_node() has already been called with different arguments: ('sonar_processor', ['sonar_get_min_dist.py'], True, None, False, False)

[rosout][ERROR] 2025-03-27 14:22:52,820: bad callback: <bound method SonarProcessor.sonar_callback of <__main__.SonarProcessor instance at 0x7fa92a5a91b8>>
Traceback (most recent call last):
  File "/opt/ros/kinetic/lib/python2.7/dist-packages/rospy/topics.py", line 750, in _invoke_callback
    cb(msg)
  File "sonar_get_min_dist.py", line 28, in sonar_callback
    self.back_left_min, self.back_right_min = self.process_sonar_data(data)
  File "sonar_get_min_dist.py", line 56, in process_sonar_data
    self.pub_dists([bl_min,br_min])
  File "sonar_get_min_dist.py", line 70, in pub_dists
    rospy.init_node('list_publisher',anonymous=True)
  File "/opt/ros/kinetic/lib/python2.7/dist-packages/rospy/client.py", line 274, in init_node
    raise rospy.exceptions.ROSException("rospy.init_node() has already been called with different arguments: "+str(_init_node_args))
ROSException: rospy.init_node() has already been called with different arguments: ('sonar_processor', ['sonar_get_min_dist.py'], True, None, False, False)

[rosout][ERROR] 2025-03-27 14:22:52,917: bad callback: <bound method SonarProcessor.sonar_callback of <__main__.SonarProcessor instance at 0x7fa92a5a91b8>>
Traceback (most recent call last):
  File "/opt/ros/kinetic/lib/python2.7/dist-packages/rospy/topics.py", line 750, in _invoke_callback
    cb(msg)
  File "sonar_get_min_dist.py", line 28, in sonar_callback
    self.back_left_min, self.back_right_min = self.process_sonar_data(data)
  File "sonar_get_min_dist.py", line 56, in process_sonar_data
    self.pub_dists([bl_min,br_min])
  File "sonar_get_min_dist.py", line 70, in pub_dists
    rospy.init_node('list_publisher',anonymous=True)
  File "/opt/ros/kinetic/lib/python2.7/dist-packages/rospy/client.py", line 274, in init_node
    raise rospy.exceptions.ROSException("rospy.init_node() has already been called with different arguments: "+str(_init_node_args))
ROSException: rospy.init_node() has already been called with different arguments: ('sonar_processor', ['sonar_get_min_dist.py'], True, None, False, False)

[rosout][ERROR] 2025-03-27 14:22:53,020: bad callback: <bound method SonarProcessor.sonar_callback of <__main__.SonarProcessor instance at 0x7fa92a5a91b8>>
Traceback (most recent call last):
  File "/opt/ros/kinetic/lib/python2.7/dist-packages/rospy/topics.py", line 750, in _invoke_callback
    cb(msg)
  File "sonar_get_min_dist.py", line 28, in sonar_callback
    self.back_left_min, self.back_right_min = self.process_sonar_data(data)
  File "sonar_get_min_dist.py", line 56, in process_sonar_data
    self.pub_dists([bl_min,br_min])
  File "sonar_get_min_dist.py", line 70, in pub_dists
    rospy.init_node('list_publisher',anonymous=True)
  File "/opt/ros/kinetic/lib/python2.7/dist-packages/rospy/client.py", line 274, in init_node
    raise rospy.exceptions.ROSException("rospy.init_node() has already been called with different arguments: "+str(_init_node_args))
ROSException: rospy.init_node() has already been called with different arguments: ('sonar_processor', ['sonar_get_min_dist.py'], True, None, False, False)

[rosout][ERROR] 2025-03-27 14:22:53,117: bad callback: <bound method SonarProcessor.sonar_callback of <__main__.SonarProcessor instance at 0x7fa92a5a91b8>>
Traceback (most recent call last):
  File "/opt/ros/kinetic/lib/python2.7/dist-packages/rospy/topics.py", line 750, in _invoke_callback
    cb(msg)
  File "sonar_get_min_dist.py", line 28, in sonar_callback
    self.back_left_min, self.back_right_min = self.process_sonar_data(data)
  File "sonar_get_min_dist.py", line 56, in process_sonar_data
    self.pub_dists([bl_min,br_min])
  File "sonar_get_min_dist.py", line 70, in pub_dists
    rospy.init_node('list_publisher',anonymous=True)
  File "/opt/ros/kinetic/lib/python2.7/dist-packages/rospy/client.py", line 274, in init_node
    raise rospy.exceptions.ROSException("rospy.init_node() has already been called with different arguments: "+str(_init_node_args))
ROSException: rospy.init_node() has already been called with different arguments: ('sonar_processor', ['sonar_get_min_dist.py'], True, None, False, False)

[rosout][ERROR] 2025-03-27 14:22:53,220: bad callback: <bound method SonarProcessor.sonar_callback of <__main__.SonarProcessor instance at 0x7fa92a5a91b8>>
Traceback (most recent call last):
  File "/opt/ros/kinetic/lib/python2.7/dist-packages/rospy/topics.py", line 750, in _invoke_callback
    cb(msg)
  File "sonar_get_min_dist.py", line 28, in sonar_callback
    self.back_left_min, self.back_right_min = self.process_sonar_data(data)
  File "sonar_get_min_dist.py", line 56, in process_sonar_data
    self.pub_dists([bl_min,br_min])
  File "sonar_get_min_dist.py", line 70, in pub_dists
    rospy.init_node('list_publisher',anonymous=True)
  File "/opt/ros/kinetic/lib/python2.7/dist-packages/rospy/client.py", line 274, in init_node
    raise rospy.exceptions.ROSException("rospy.init_node() has already been called with different arguments: "+str(_init_node_args))
ROSException: rospy.init_node() has already been called with different arguments: ('sonar_processor', ['sonar_get_min_dist.py'], True, None, False, False)

[rosout][ERROR] 2025-03-27 14:22:53,317: bad callback: <bound method SonarProcessor.sonar_callback of <__main__.SonarProcessor instance at 0x7fa92a5a91b8>>
Traceback (most recent call last):
  File "/opt/ros/kinetic/lib/python2.7/dist-packages/rospy/topics.py", line 750, in _invoke_callback
    cb(msg)
  File "sonar_get_min_dist.py", line 28, in sonar_callback
    self.back_left_min, self.back_right_min = self.process_sonar_data(data)
  File "sonar_get_min_dist.py", line 56, in process_sonar_data
    self.pub_dists([bl_min,br_min])
  File "sonar_get_min_dist.py", line 70, in pub_dists
    rospy.init_node('list_publisher',anonymous=True)
  File "/opt/ros/kinetic/lib/python2.7/dist-packages/rospy/client.py", line 274, in init_node
    raise rospy.exceptions.ROSException("rospy.init_node() has already been called with different arguments: "+str(_init_node_args))
ROSException: rospy.init_node() has already been called with different arguments: ('sonar_processor', ['sonar_get_min_dist.py'], True, None, False, False)

[rosout][ERROR] 2025-03-27 14:22:53,421: bad callback: <bound method SonarProcessor.sonar_callback of <__main__.SonarProcessor instance at 0x7fa92a5a91b8>>
Traceback (most recent call last):
  File "/opt/ros/kinetic/lib/python2.7/dist-packages/rospy/topics.py", line 750, in _invoke_callback
    cb(msg)
  File "sonar_get_min_dist.py", line 28, in sonar_callback
    self.back_left_min, self.back_right_min = self.process_sonar_data(data)
  File "sonar_get_min_dist.py", line 56, in process_sonar_data
    self.pub_dists([bl_min,br_min])
  File "sonar_get_min_dist.py", line 70, in pub_dists
    rospy.init_node('list_publisher',anonymous=True)
  File "/opt/ros/kinetic/lib/python2.7/dist-packages/rospy/client.py", line 274, in init_node
    raise rospy.exceptions.ROSException("rospy.init_node() has already been called with different arguments: "+str(_init_node_args))
ROSException: rospy.init_node() has already been called with different arguments: ('sonar_processor', ['sonar_get_min_dist.py'], True, None, False, False)

[rosout][ERROR] 2025-03-27 14:22:53,517: bad callback: <bound method SonarProcessor.sonar_callback of <__main__.SonarProcessor instance at 0x7fa92a5a91b8>>
Traceback (most recent call last):
  File "/opt/ros/kinetic/lib/python2.7/dist-packages/rospy/topics.py", line 750, in _invoke_callback
    cb(msg)
  File "sonar_get_min_dist.py", line 28, in sonar_callback
    self.back_left_min, self.back_right_min = self.process_sonar_data(data)
  File "sonar_get_min_dist.py", line 56, in process_sonar_data
    self.pub_dists([bl_min,br_min])
  File "sonar_get_min_dist.py", line 70, in pub_dists
    rospy.init_node('list_publisher',anonymous=True)
  File "/opt/ros/kinetic/lib/python2.7/dist-packages/rospy/client.py", line 274, in init_node
    raise rospy.exceptions.ROSException("rospy.init_node() has already been called with different arguments: "+str(_init_node_args))
ROSException: rospy.init_node() has already been called with different arguments: ('sonar_processor', ['sonar_get_min_dist.py'], True, None, False, False)

[rosout][ERROR] 2025-03-27 14:22:53,621: bad callback: <bound method SonarProcessor.sonar_callback of <__main__.SonarProcessor instance at 0x7fa92a5a91b8>>
Traceback (most recent call last):
  File "/opt/ros/kinetic/lib/python2.7/dist-packages/rospy/topics.py", line 750, in _invoke_callback
    cb(msg)
  File "sonar_get_min_dist.py", line 28, in sonar_callback
    self.back_left_min, self.back_right_min = self.process_sonar_data(data)
  File "sonar_get_min_dist.py", line 56, in process_sonar_data
    self.pub_dists([bl_min,br_min])
  File "sonar_get_min_dist.py", line 70, in pub_dists
    rospy.init_node('list_publisher',anonymous=True)
  File "/opt/ros/kinetic/lib/python2.7/dist-packages/rospy/client.py", line 274, in init_node
    raise rospy.exceptions.ROSException("rospy.init_node() has already been called with different arguments: "+str(_init_node_args))
ROSException: rospy.init_node() has already been called with different arguments: ('sonar_processor', ['sonar_get_min_dist.py'], True, None, False, False)

[rosout][ERROR] 2025-03-27 14:22:53,717: bad callback: <bound method SonarProcessor.sonar_callback of <__main__.SonarProcessor instance at 0x7fa92a5a91b8>>
Traceback (most recent call last):
  File "/opt/ros/kinetic/lib/python2.7/dist-packages/rospy/topics.py", line 750, in _invoke_callback
    cb(msg)
  File "sonar_get_min_dist.py", line 28, in sonar_callback
    self.back_left_min, self.back_right_min = self.process_sonar_data(data)
  File "sonar_get_min_dist.py", line 56, in process_sonar_data
    self.pub_dists([bl_min,br_min])
  File "sonar_get_min_dist.py", line 70, in pub_dists
    rospy.init_node('list_publisher',anonymous=True)
  File "/opt/ros/kinetic/lib/python2.7/dist-packages/rospy/client.py", line 274, in init_node
    raise rospy.exceptions.ROSException("rospy.init_node() has already been called with different arguments: "+str(_init_node_args))
ROSException: rospy.init_node() has already been called with different arguments: ('sonar_processor', ['sonar_get_min_dist.py'], True, None, False, False)

[rosout][ERROR] 2025-03-27 14:22:53,821: bad callback: <bound method SonarProcessor.sonar_callback of <__main__.SonarProcessor instance at 0x7fa92a5a91b8>>
Traceback (most recent call last):
  File "/opt/ros/kinetic/lib/python2.7/dist-packages/rospy/topics.py", line 750, in _invoke_callback
    cb(msg)
  File "sonar_get_min_dist.py", line 28, in sonar_callback
    self.back_left_min, self.back_right_min = self.process_sonar_data(data)
  File "sonar_get_min_dist.py", line 56, in process_sonar_data
    self.pub_dists([bl_min,br_min])
  File "sonar_get_min_dist.py", line 70, in pub_dists
    rospy.init_node('list_publisher',anonymous=True)
  File "/opt/ros/kinetic/lib/python2.7/dist-packages/rospy/client.py", line 274, in init_node
    raise rospy.exceptions.ROSException("rospy.init_node() has already been called with different arguments: "+str(_init_node_args))
ROSException: rospy.init_node() has already been called with different arguments: ('sonar_processor', ['sonar_get_min_dist.py'], True, None, False, False)

[rosout][ERROR] 2025-03-27 14:22:53,918: bad callback: <bound method SonarProcessor.sonar_callback of <__main__.SonarProcessor instance at 0x7fa92a5a91b8>>
Traceback (most recent call last):
  File "/opt/ros/kinetic/lib/python2.7/dist-packages/rospy/topics.py", line 750, in _invoke_callback
    cb(msg)
  File "sonar_get_min_dist.py", line 28, in sonar_callback
    self.back_left_min, self.back_right_min = self.process_sonar_data(data)
  File "sonar_get_min_dist.py", line 56, in process_sonar_data
    self.pub_dists([bl_min,br_min])
  File "sonar_get_min_dist.py", line 70, in pub_dists
    rospy.init_node('list_publisher',anonymous=True)
  File "/opt/ros/kinetic/lib/python2.7/dist-packages/rospy/client.py", line 274, in init_node
    raise rospy.exceptions.ROSException("rospy.init_node() has already been called with different arguments: "+str(_init_node_args))
ROSException: rospy.init_node() has already been called with different arguments: ('sonar_processor', ['sonar_get_min_dist.py'], True, None, False, False)

[rosout][ERROR] 2025-03-27 14:22:54,021: bad callback: <bound method SonarProcessor.sonar_callback of <__main__.SonarProcessor instance at 0x7fa92a5a91b8>>
Traceback (most recent call last):
  File "/opt/ros/kinetic/lib/python2.7/dist-packages/rospy/topics.py", line 750, in _invoke_callback
    cb(msg)
  File "sonar_get_min_dist.py", line 28, in sonar_callback
    self.back_left_min, self.back_right_min = self.process_sonar_data(data)
  File "sonar_get_min_dist.py", line 56, in process_sonar_data
    self.pub_dists([bl_min,br_min])
  File "sonar_get_min_dist.py", line 70, in pub_dists
    rospy.init_node('list_publisher',anonymous=True)
  File "/opt/ros/kinetic/lib/python2.7/dist-packages/rospy/client.py", line 274, in init_node
    raise rospy.exceptions.ROSException("rospy.init_node() has already been called with different arguments: "+str(_init_node_args))
ROSException: rospy.init_node() has already been called with different arguments: ('sonar_processor', ['sonar_get_min_dist.py'], True, None, False, False)

[rosout][ERROR] 2025-03-27 14:22:54,118: bad callback: <bound method SonarProcessor.sonar_callback of <__main__.SonarProcessor instance at 0x7fa92a5a91b8>>
Traceback (most recent call last):
  File "/opt/ros/kinetic/lib/python2.7/dist-packages/rospy/topics.py", line 750, in _invoke_callback
    cb(msg)
  File "sonar_get_min_dist.py", line 28, in sonar_callback
    self.back_left_min, self.back_right_min = self.process_sonar_data(data)
  File "sonar_get_min_dist.py", line 56, in process_sonar_data
    self.pub_dists([bl_min,br_min])
  File "sonar_get_min_dist.py", line 70, in pub_dists
    rospy.init_node('list_publisher',anonymous=True)
  File "/opt/ros/kinetic/lib/python2.7/dist-packages/rospy/client.py", line 274, in init_node
    raise rospy.exceptions.ROSException("rospy.init_node() has already been called with different arguments: "+str(_init_node_args))
ROSException: rospy.init_node() has already been called with different arguments: ('sonar_processor', ['sonar_get_min_dist.py'], True, None, False, False)

[rosout][ERROR] 2025-03-27 14:22:54,221: bad callback: <bound method SonarProcessor.sonar_callback of <__main__.SonarProcessor instance at 0x7fa92a5a91b8>>
Traceback (most recent call last):
  File "/opt/ros/kinetic/lib/python2.7/dist-packages/rospy/topics.py", line 750, in _invoke_callback
    cb(msg)
  File "sonar_get_min_dist.py", line 28, in sonar_callback
    self.back_left_min, self.back_right_min = self.process_sonar_data(data)
  File "sonar_get_min_dist.py", line 56, in process_sonar_data
    self.pub_dists([bl_min,br_min])
  File "sonar_get_min_dist.py", line 70, in pub_dists
    rospy.init_node('list_publisher',anonymous=True)
  File "/opt/ros/kinetic/lib/python2.7/dist-packages/rospy/client.py", line 274, in init_node
    raise rospy.exceptions.ROSException("rospy.init_node() has already been called with different arguments: "+str(_init_node_args))
ROSException: rospy.init_node() has already been called with different arguments: ('sonar_processor', ['sonar_get_min_dist.py'], True, None, False, False)

[rosout][ERROR] 2025-03-27 14:22:54,318: bad callback: <bound method SonarProcessor.sonar_callback of <__main__.SonarProcessor instance at 0x7fa92a5a91b8>>
Traceback (most recent call last):
  File "/opt/ros/kinetic/lib/python2.7/dist-packages/rospy/topics.py", line 750, in _invoke_callback
    cb(msg)
  File "sonar_get_min_dist.py", line 28, in sonar_callback
    self.back_left_min, self.back_right_min = self.process_sonar_data(data)
  File "sonar_get_min_dist.py", line 56, in process_sonar_data
    self.pub_dists([bl_min,br_min])
  File "sonar_get_min_dist.py", line 70, in pub_dists
    rospy.init_node('list_publisher',anonymous=True)
  File "/opt/ros/kinetic/lib/python2.7/dist-packages/rospy/client.py", line 274, in init_node
    raise rospy.exceptions.ROSException("rospy.init_node() has already been called with different arguments: "+str(_init_node_args))
ROSException: rospy.init_node() has already been called with different arguments: ('sonar_processor', ['sonar_get_min_dist.py'], True, None, False, False)

[rosout][ERROR] 2025-03-27 14:22:54,421: bad callback: <bound method SonarProcessor.sonar_callback of <__main__.SonarProcessor instance at 0x7fa92a5a91b8>>
Traceback (most recent call last):
  File "/opt/ros/kinetic/lib/python2.7/dist-packages/rospy/topics.py", line 750, in _invoke_callback
    cb(msg)
  File "sonar_get_min_dist.py", line 28, in sonar_callback
    self.back_left_min, self.back_right_min = self.process_sonar_data(data)
  File "sonar_get_min_dist.py", line 56, in process_sonar_data
    self.pub_dists([bl_min,br_min])
  File "sonar_get_min_dist.py", line 70, in pub_dists
    rospy.init_node('list_publisher',anonymous=True)
  File "/opt/ros/kinetic/lib/python2.7/dist-packages/rospy/client.py", line 274, in init_node
    raise rospy.exceptions.ROSException("rospy.init_node() has already been called with different arguments: "+str(_init_node_args))
ROSException: rospy.init_node() has already been called with different arguments: ('sonar_processor', ['sonar_get_min_dist.py'], True, None, False, False)

[rosout][ERROR] 2025-03-27 14:22:54,518: bad callback: <bound method SonarProcessor.sonar_callback of <__main__.SonarProcessor instance at 0x7fa92a5a91b8>>
Traceback (most recent call last):
  File "/opt/ros/kinetic/lib/python2.7/dist-packages/rospy/topics.py", line 750, in _invoke_callback
    cb(msg)
  File "sonar_get_min_dist.py", line 28, in sonar_callback
    self.back_left_min, self.back_right_min = self.process_sonar_data(data)
  File "sonar_get_min_dist.py", line 56, in process_sonar_data
    self.pub_dists([bl_min,br_min])
  File "sonar_get_min_dist.py", line 70, in pub_dists
    rospy.init_node('list_publisher',anonymous=True)
  File "/opt/ros/kinetic/lib/python2.7/dist-packages/rospy/client.py", line 274, in init_node
    raise rospy.exceptions.ROSException("rospy.init_node() has already been called with different arguments: "+str(_init_node_args))
ROSException: rospy.init_node() has already been called with different arguments: ('sonar_processor', ['sonar_get_min_dist.py'], True, None, False, False)

[rosout][ERROR] 2025-03-27 14:22:54,621: bad callback: <bound method SonarProcessor.sonar_callback of <__main__.SonarProcessor instance at 0x7fa92a5a91b8>>
Traceback (most recent call last):
  File "/opt/ros/kinetic/lib/python2.7/dist-packages/rospy/topics.py", line 750, in _invoke_callback
    cb(msg)
  File "sonar_get_min_dist.py", line 28, in sonar_callback
    self.back_left_min, self.back_right_min = self.process_sonar_data(data)
  File "sonar_get_min_dist.py", line 56, in process_sonar_data
    self.pub_dists([bl_min,br_min])
  File "sonar_get_min_dist.py", line 70, in pub_dists
    rospy.init_node('list_publisher',anonymous=True)
  File "/opt/ros/kinetic/lib/python2.7/dist-packages/rospy/client.py", line 274, in init_node
    raise rospy.exceptions.ROSException("rospy.init_node() has already been called with different arguments: "+str(_init_node_args))
ROSException: rospy.init_node() has already been called with different arguments: ('sonar_processor', ['sonar_get_min_dist.py'], True, None, False, False)

[rosout][ERROR] 2025-03-27 14:22:54,718: bad callback: <bound method SonarProcessor.sonar_callback of <__main__.SonarProcessor instance at 0x7fa92a5a91b8>>
Traceback (most recent call last):
  File "/opt/ros/kinetic/lib/python2.7/dist-packages/rospy/topics.py", line 750, in _invoke_callback
    cb(msg)
  File "sonar_get_min_dist.py", line 28, in sonar_callback
    self.back_left_min, self.back_right_min = self.process_sonar_data(data)
  File "sonar_get_min_dist.py", line 56, in process_sonar_data
    self.pub_dists([bl_min,br_min])
  File "sonar_get_min_dist.py", line 70, in pub_dists
    rospy.init_node('list_publisher',anonymous=True)
  File "/opt/ros/kinetic/lib/python2.7/dist-packages/rospy/client.py", line 274, in init_node
    raise rospy.exceptions.ROSException("rospy.init_node() has already been called with different arguments: "+str(_init_node_args))
ROSException: rospy.init_node() has already been called with different arguments: ('sonar_processor', ['sonar_get_min_dist.py'], True, None, False, False)

[rosout][ERROR] 2025-03-27 14:22:54,821: bad callback: <bound method SonarProcessor.sonar_callback of <__main__.SonarProcessor instance at 0x7fa92a5a91b8>>
Traceback (most recent call last):
  File "/opt/ros/kinetic/lib/python2.7/dist-packages/rospy/topics.py", line 750, in _invoke_callback
    cb(msg)
  File "sonar_get_min_dist.py", line 28, in sonar_callback
    self.back_left_min, self.back_right_min = self.process_sonar_data(data)
  File "sonar_get_min_dist.py", line 56, in process_sonar_data
    self.pub_dists([bl_min,br_min])
  File "sonar_get_min_dist.py", line 70, in pub_dists
    rospy.init_node('list_publisher',anonymous=True)
  File "/opt/ros/kinetic/lib/python2.7/dist-packages/rospy/client.py", line 274, in init_node
    raise rospy.exceptions.ROSException("rospy.init_node() has already been called with different arguments: "+str(_init_node_args))
ROSException: rospy.init_node() has already been called with different arguments: ('sonar_processor', ['sonar_get_min_dist.py'], True, None, False, False)

[rosout][ERROR] 2025-03-27 14:22:54,918: bad callback: <bound method SonarProcessor.sonar_callback of <__main__.SonarProcessor instance at 0x7fa92a5a91b8>>
Traceback (most recent call last):
  File "/opt/ros/kinetic/lib/python2.7/dist-packages/rospy/topics.py", line 750, in _invoke_callback
    cb(msg)
  File "sonar_get_min_dist.py", line 28, in sonar_callback
    self.back_left_min, self.back_right_min = self.process_sonar_data(data)
  File "sonar_get_min_dist.py", line 56, in process_sonar_data
    self.pub_dists([bl_min,br_min])
  File "sonar_get_min_dist.py", line 70, in pub_dists
    rospy.init_node('list_publisher',anonymous=True)
  File "/opt/ros/kinetic/lib/python2.7/dist-packages/rospy/client.py", line 274, in init_node
    raise rospy.exceptions.ROSException("rospy.init_node() has already been called with different arguments: "+str(_init_node_args))
ROSException: rospy.init_node() has already been called with different arguments: ('sonar_processor', ['sonar_get_min_dist.py'], True, None, False, False)

[rosout][ERROR] 2025-03-27 14:22:55,021: bad callback: <bound method SonarProcessor.sonar_callback of <__main__.SonarProcessor instance at 0x7fa92a5a91b8>>
Traceback (most recent call last):
  File "/opt/ros/kinetic/lib/python2.7/dist-packages/rospy/topics.py", line 750, in _invoke_callback
    cb(msg)
  File "sonar_get_min_dist.py", line 28, in sonar_callback
    self.back_left_min, self.back_right_min = self.process_sonar_data(data)
  File "sonar_get_min_dist.py", line 56, in process_sonar_data
    self.pub_dists([bl_min,br_min])
  File "sonar_get_min_dist.py", line 70, in pub_dists
    rospy.init_node('list_publisher',anonymous=True)
  File "/opt/ros/kinetic/lib/python2.7/dist-packages/rospy/client.py", line 274, in init_node
    raise rospy.exceptions.ROSException("rospy.init_node() has already been called with different arguments: "+str(_init_node_args))
ROSException: rospy.init_node() has already been called with different arguments: ('sonar_processor', ['sonar_get_min_dist.py'], True, None, False, False)

[rosout][ERROR] 2025-03-27 14:22:55,118: bad callback: <bound method SonarProcessor.sonar_callback of <__main__.SonarProcessor instance at 0x7fa92a5a91b8>>
Traceback (most recent call last):
  File "/opt/ros/kinetic/lib/python2.7/dist-packages/rospy/topics.py", line 750, in _invoke_callback
    cb(msg)
  File "sonar_get_min_dist.py", line 28, in sonar_callback
    self.back_left_min, self.back_right_min = self.process_sonar_data(data)
  File "sonar_get_min_dist.py", line 56, in process_sonar_data
    self.pub_dists([bl_min,br_min])
  File "sonar_get_min_dist.py", line 70, in pub_dists
    rospy.init_node('list_publisher',anonymous=True)
  File "/opt/ros/kinetic/lib/python2.7/dist-packages/rospy/client.py", line 274, in init_node
    raise rospy.exceptions.ROSException("rospy.init_node() has already been called with different arguments: "+str(_init_node_args))
ROSException: rospy.init_node() has already been called with different arguments: ('sonar_processor', ['sonar_get_min_dist.py'], True, None, False, False)

[rosout][ERROR] 2025-03-27 14:22:55,221: bad callback: <bound method SonarProcessor.sonar_callback of <__main__.SonarProcessor instance at 0x7fa92a5a91b8>>
Traceback (most recent call last):
  File "/opt/ros/kinetic/lib/python2.7/dist-packages/rospy/topics.py", line 750, in _invoke_callback
    cb(msg)
  File "sonar_get_min_dist.py", line 28, in sonar_callback
    self.back_left_min, self.back_right_min = self.process_sonar_data(data)
  File "sonar_get_min_dist.py", line 56, in process_sonar_data
    self.pub_dists([bl_min,br_min])
  File "sonar_get_min_dist.py", line 70, in pub_dists
    rospy.init_node('list_publisher',anonymous=True)
  File "/opt/ros/kinetic/lib/python2.7/dist-packages/rospy/client.py", line 274, in init_node
    raise rospy.exceptions.ROSException("rospy.init_node() has already been called with different arguments: "+str(_init_node_args))
ROSException: rospy.init_node() has already been called with different arguments: ('sonar_processor', ['sonar_get_min_dist.py'], True, None, False, False)

[rosout][ERROR] 2025-03-27 14:22:55,318: bad callback: <bound method SonarProcessor.sonar_callback of <__main__.SonarProcessor instance at 0x7fa92a5a91b8>>
Traceback (most recent call last):
  File "/opt/ros/kinetic/lib/python2.7/dist-packages/rospy/topics.py", line 750, in _invoke_callback
    cb(msg)
  File "sonar_get_min_dist.py", line 28, in sonar_callback
    self.back_left_min, self.back_right_min = self.process_sonar_data(data)
  File "sonar_get_min_dist.py", line 56, in process_sonar_data
    self.pub_dists([bl_min,br_min])
  File "sonar_get_min_dist.py", line 70, in pub_dists
    rospy.init_node('list_publisher',anonymous=True)
  File "/opt/ros/kinetic/lib/python2.7/dist-packages/rospy/client.py", line 274, in init_node
    raise rospy.exceptions.ROSException("rospy.init_node() has already been called with different arguments: "+str(_init_node_args))
ROSException: rospy.init_node() has already been called with different arguments: ('sonar_processor', ['sonar_get_min_dist.py'], True, None, False, False)

[rosout][ERROR] 2025-03-27 14:22:55,421: bad callback: <bound method SonarProcessor.sonar_callback of <__main__.SonarProcessor instance at 0x7fa92a5a91b8>>
Traceback (most recent call last):
  File "/opt/ros/kinetic/lib/python2.7/dist-packages/rospy/topics.py", line 750, in _invoke_callback
    cb(msg)
  File "sonar_get_min_dist.py", line 28, in sonar_callback
    self.back_left_min, self.back_right_min = self.process_sonar_data(data)
  File "sonar_get_min_dist.py", line 56, in process_sonar_data
    self.pub_dists([bl_min,br_min])
  File "sonar_get_min_dist.py", line 70, in pub_dists
    rospy.init_node('list_publisher',anonymous=True)
  File "/opt/ros/kinetic/lib/python2.7/dist-packages/rospy/client.py", line 274, in init_node
    raise rospy.exceptions.ROSException("rospy.init_node() has already been called with different arguments: "+str(_init_node_args))
ROSException: rospy.init_node() has already been called with different arguments: ('sonar_processor', ['sonar_get_min_dist.py'], True, None, False, False)

[rosout][ERROR] 2025-03-27 14:22:55,518: bad callback: <bound method SonarProcessor.sonar_callback of <__main__.SonarProcessor instance at 0x7fa92a5a91b8>>
Traceback (most recent call last):
  File "/opt/ros/kinetic/lib/python2.7/dist-packages/rospy/topics.py", line 750, in _invoke_callback
    cb(msg)
  File "sonar_get_min_dist.py", line 28, in sonar_callback
    self.back_left_min, self.back_right_min = self.process_sonar_data(data)
  File "sonar_get_min_dist.py", line 56, in process_sonar_data
    self.pub_dists([bl_min,br_min])
  File "sonar_get_min_dist.py", line 70, in pub_dists
    rospy.init_node('list_publisher',anonymous=True)
  File "/opt/ros/kinetic/lib/python2.7/dist-packages/rospy/client.py", line 274, in init_node
    raise rospy.exceptions.ROSException("rospy.init_node() has already been called with different arguments: "+str(_init_node_args))
ROSException: rospy.init_node() has already been called with different arguments: ('sonar_processor', ['sonar_get_min_dist.py'], True, None, False, False)

[rosout][ERROR] 2025-03-27 14:22:55,621: bad callback: <bound method SonarProcessor.sonar_callback of <__main__.SonarProcessor instance at 0x7fa92a5a91b8>>
Traceback (most recent call last):
  File "/opt/ros/kinetic/lib/python2.7/dist-packages/rospy/topics.py", line 750, in _invoke_callback
    cb(msg)
  File "sonar_get_min_dist.py", line 28, in sonar_callback
    self.back_left_min, self.back_right_min = self.process_sonar_data(data)
  File "sonar_get_min_dist.py", line 56, in process_sonar_data
    self.pub_dists([bl_min,br_min])
  File "sonar_get_min_dist.py", line 70, in pub_dists
    rospy.init_node('list_publisher',anonymous=True)
  File "/opt/ros/kinetic/lib/python2.7/dist-packages/rospy/client.py", line 274, in init_node
    raise rospy.exceptions.ROSException("rospy.init_node() has already been called with different arguments: "+str(_init_node_args))
ROSException: rospy.init_node() has already been called with different arguments: ('sonar_processor', ['sonar_get_min_dist.py'], True, None, False, False)

[rosout][ERROR] 2025-03-27 14:22:55,718: bad callback: <bound method SonarProcessor.sonar_callback of <__main__.SonarProcessor instance at 0x7fa92a5a91b8>>
Traceback (most recent call last):
  File "/opt/ros/kinetic/lib/python2.7/dist-packages/rospy/topics.py", line 750, in _invoke_callback
    cb(msg)
  File "sonar_get_min_dist.py", line 28, in sonar_callback
    self.back_left_min, self.back_right_min = self.process_sonar_data(data)
  File "sonar_get_min_dist.py", line 56, in process_sonar_data
    self.pub_dists([bl_min,br_min])
  File "sonar_get_min_dist.py", line 70, in pub_dists
    rospy.init_node('list_publisher',anonymous=True)
  File "/opt/ros/kinetic/lib/python2.7/dist-packages/rospy/client.py", line 274, in init_node
    raise rospy.exceptions.ROSException("rospy.init_node() has already been called with different arguments: "+str(_init_node_args))
ROSException: rospy.init_node() has already been called with different arguments: ('sonar_processor', ['sonar_get_min_dist.py'], True, None, False, False)

[rosout][ERROR] 2025-03-27 14:22:55,821: bad callback: <bound method SonarProcessor.sonar_callback of <__main__.SonarProcessor instance at 0x7fa92a5a91b8>>
Traceback (most recent call last):
  File "/opt/ros/kinetic/lib/python2.7/dist-packages/rospy/topics.py", line 750, in _invoke_callback
    cb(msg)
  File "sonar_get_min_dist.py", line 28, in sonar_callback
    self.back_left_min, self.back_right_min = self.process_sonar_data(data)
  File "sonar_get_min_dist.py", line 56, in process_sonar_data
    self.pub_dists([bl_min,br_min])
  File "sonar_get_min_dist.py", line 70, in pub_dists
    rospy.init_node('list_publisher',anonymous=True)
  File "/opt/ros/kinetic/lib/python2.7/dist-packages/rospy/client.py", line 274, in init_node
    raise rospy.exceptions.ROSException("rospy.init_node() has already been called with different arguments: "+str(_init_node_args))
ROSException: rospy.init_node() has already been called with different arguments: ('sonar_processor', ['sonar_get_min_dist.py'], True, None, False, False)

[rosout][ERROR] 2025-03-27 14:22:55,918: bad callback: <bound method SonarProcessor.sonar_callback of <__main__.SonarProcessor instance at 0x7fa92a5a91b8>>
Traceback (most recent call last):
  File "/opt/ros/kinetic/lib/python2.7/dist-packages/rospy/topics.py", line 750, in _invoke_callback
    cb(msg)
  File "sonar_get_min_dist.py", line 28, in sonar_callback
    self.back_left_min, self.back_right_min = self.process_sonar_data(data)
  File "sonar_get_min_dist.py", line 56, in process_sonar_data
    self.pub_dists([bl_min,br_min])
  File "sonar_get_min_dist.py", line 70, in pub_dists
    rospy.init_node('list_publisher',anonymous=True)
  File "/opt/ros/kinetic/lib/python2.7/dist-packages/rospy/client.py", line 274, in init_node
    raise rospy.exceptions.ROSException("rospy.init_node() has already been called with different arguments: "+str(_init_node_args))
ROSException: rospy.init_node() has already been called with different arguments: ('sonar_processor', ['sonar_get_min_dist.py'], True, None, False, False)

[rosout][ERROR] 2025-03-27 14:22:56,022: bad callback: <bound method SonarProcessor.sonar_callback of <__main__.SonarProcessor instance at 0x7fa92a5a91b8>>
Traceback (most recent call last):
  File "/opt/ros/kinetic/lib/python2.7/dist-packages/rospy/topics.py", line 750, in _invoke_callback
    cb(msg)
  File "sonar_get_min_dist.py", line 28, in sonar_callback
    self.back_left_min, self.back_right_min = self.process_sonar_data(data)
  File "sonar_get_min_dist.py", line 56, in process_sonar_data
    self.pub_dists([bl_min,br_min])
  File "sonar_get_min_dist.py", line 70, in pub_dists
    rospy.init_node('list_publisher',anonymous=True)
  File "/opt/ros/kinetic/lib/python2.7/dist-packages/rospy/client.py", line 274, in init_node
    raise rospy.exceptions.ROSException("rospy.init_node() has already been called with different arguments: "+str(_init_node_args))
ROSException: rospy.init_node() has already been called with different arguments: ('sonar_processor', ['sonar_get_min_dist.py'], True, None, False, False)

[rosout][ERROR] 2025-03-27 14:22:56,118: bad callback: <bound method SonarProcessor.sonar_callback of <__main__.SonarProcessor instance at 0x7fa92a5a91b8>>
Traceback (most recent call last):
  File "/opt/ros/kinetic/lib/python2.7/dist-packages/rospy/topics.py", line 750, in _invoke_callback
    cb(msg)
  File "sonar_get_min_dist.py", line 28, in sonar_callback
    self.back_left_min, self.back_right_min = self.process_sonar_data(data)
  File "sonar_get_min_dist.py", line 56, in process_sonar_data
    self.pub_dists([bl_min,br_min])
  File "sonar_get_min_dist.py", line 70, in pub_dists
    rospy.init_node('list_publisher',anonymous=True)
  File "/opt/ros/kinetic/lib/python2.7/dist-packages/rospy/client.py", line 274, in init_node
    raise rospy.exceptions.ROSException("rospy.init_node() has already been called with different arguments: "+str(_init_node_args))
ROSException: rospy.init_node() has already been called with different arguments: ('sonar_processor', ['sonar_get_min_dist.py'], True, None, False, False)

[rosout][ERROR] 2025-03-27 14:22:56,222: bad callback: <bound method SonarProcessor.sonar_callback of <__main__.SonarProcessor instance at 0x7fa92a5a91b8>>
Traceback (most recent call last):
  File "/opt/ros/kinetic/lib/python2.7/dist-packages/rospy/topics.py", line 750, in _invoke_callback
    cb(msg)
  File "sonar_get_min_dist.py", line 28, in sonar_callback
    self.back_left_min, self.back_right_min = self.process_sonar_data(data)
  File "sonar_get_min_dist.py", line 56, in process_sonar_data
    self.pub_dists([bl_min,br_min])
  File "sonar_get_min_dist.py", line 70, in pub_dists
    rospy.init_node('list_publisher',anonymous=True)
  File "/opt/ros/kinetic/lib/python2.7/dist-packages/rospy/client.py", line 274, in init_node
    raise rospy.exceptions.ROSException("rospy.init_node() has already been called with different arguments: "+str(_init_node_args))
ROSException: rospy.init_node() has already been called with different arguments: ('sonar_processor', ['sonar_get_min_dist.py'], True, None, False, False)

[rosout][ERROR] 2025-03-27 14:22:56,319: bad callback: <bound method SonarProcessor.sonar_callback of <__main__.SonarProcessor instance at 0x7fa92a5a91b8>>
Traceback (most recent call last):
  File "/opt/ros/kinetic/lib/python2.7/dist-packages/rospy/topics.py", line 750, in _invoke_callback
    cb(msg)
  File "sonar_get_min_dist.py", line 28, in sonar_callback
    self.back_left_min, self.back_right_min = self.process_sonar_data(data)
  File "sonar_get_min_dist.py", line 56, in process_sonar_data
    self.pub_dists([bl_min,br_min])
  File "sonar_get_min_dist.py", line 70, in pub_dists
    rospy.init_node('list_publisher',anonymous=True)
  File "/opt/ros/kinetic/lib/python2.7/dist-packages/rospy/client.py", line 274, in init_node
    raise rospy.exceptions.ROSException("rospy.init_node() has already been called with different arguments: "+str(_init_node_args))
ROSException: rospy.init_node() has already been called with different arguments: ('sonar_processor', ['sonar_get_min_dist.py'], True, None, False, False)

[rosout][ERROR] 2025-03-27 14:22:56,422: bad callback: <bound method SonarProcessor.sonar_callback of <__main__.SonarProcessor instance at 0x7fa92a5a91b8>>
Traceback (most recent call last):
  File "/opt/ros/kinetic/lib/python2.7/dist-packages/rospy/topics.py", line 750, in _invoke_callback
    cb(msg)
  File "sonar_get_min_dist.py", line 28, in sonar_callback
    self.back_left_min, self.back_right_min = self.process_sonar_data(data)
  File "sonar_get_min_dist.py", line 56, in process_sonar_data
    self.pub_dists([bl_min,br_min])
  File "sonar_get_min_dist.py", line 70, in pub_dists
    rospy.init_node('list_publisher',anonymous=True)
  File "/opt/ros/kinetic/lib/python2.7/dist-packages/rospy/client.py", line 274, in init_node
    raise rospy.exceptions.ROSException("rospy.init_node() has already been called with different arguments: "+str(_init_node_args))
ROSException: rospy.init_node() has already been called with different arguments: ('sonar_processor', ['sonar_get_min_dist.py'], True, None, False, False)

[rosout][ERROR] 2025-03-27 14:22:56,519: bad callback: <bound method SonarProcessor.sonar_callback of <__main__.SonarProcessor instance at 0x7fa92a5a91b8>>
Traceback (most recent call last):
  File "/opt/ros/kinetic/lib/python2.7/dist-packages/rospy/topics.py", line 750, in _invoke_callback
    cb(msg)
  File "sonar_get_min_dist.py", line 28, in sonar_callback
    self.back_left_min, self.back_right_min = self.process_sonar_data(data)
  File "sonar_get_min_dist.py", line 56, in process_sonar_data
    self.pub_dists([bl_min,br_min])
  File "sonar_get_min_dist.py", line 70, in pub_dists
    rospy.init_node('list_publisher',anonymous=True)
  File "/opt/ros/kinetic/lib/python2.7/dist-packages/rospy/client.py", line 274, in init_node
    raise rospy.exceptions.ROSException("rospy.init_node() has already been called with different arguments: "+str(_init_node_args))
ROSException: rospy.init_node() has already been called with different arguments: ('sonar_processor', ['sonar_get_min_dist.py'], True, None, False, False)

[rosout][ERROR] 2025-03-27 14:22:56,622: bad callback: <bound method SonarProcessor.sonar_callback of <__main__.SonarProcessor instance at 0x7fa92a5a91b8>>
Traceback (most recent call last):
  File "/opt/ros/kinetic/lib/python2.7/dist-packages/rospy/topics.py", line 750, in _invoke_callback
    cb(msg)
  File "sonar_get_min_dist.py", line 28, in sonar_callback
    self.back_left_min, self.back_right_min = self.process_sonar_data(data)
  File "sonar_get_min_dist.py", line 56, in process_sonar_data
    self.pub_dists([bl_min,br_min])
  File "sonar_get_min_dist.py", line 70, in pub_dists
    rospy.init_node('list_publisher',anonymous=True)
  File "/opt/ros/kinetic/lib/python2.7/dist-packages/rospy/client.py", line 274, in init_node
    raise rospy.exceptions.ROSException("rospy.init_node() has already been called with different arguments: "+str(_init_node_args))
ROSException: rospy.init_node() has already been called with different arguments: ('sonar_processor', ['sonar_get_min_dist.py'], True, None, False, False)

[rosout][ERROR] 2025-03-27 14:22:56,719: bad callback: <bound method SonarProcessor.sonar_callback of <__main__.SonarProcessor instance at 0x7fa92a5a91b8>>
Traceback (most recent call last):
  File "/opt/ros/kinetic/lib/python2.7/dist-packages/rospy/topics.py", line 750, in _invoke_callback
    cb(msg)
  File "sonar_get_min_dist.py", line 28, in sonar_callback
    self.back_left_min, self.back_right_min = self.process_sonar_data(data)
  File "sonar_get_min_dist.py", line 56, in process_sonar_data
    self.pub_dists([bl_min,br_min])
  File "sonar_get_min_dist.py", line 70, in pub_dists
    rospy.init_node('list_publisher',anonymous=True)
  File "/opt/ros/kinetic/lib/python2.7/dist-packages/rospy/client.py", line 274, in init_node
    raise rospy.exceptions.ROSException("rospy.init_node() has already been called with different arguments: "+str(_init_node_args))
ROSException: rospy.init_node() has already been called with different arguments: ('sonar_processor', ['sonar_get_min_dist.py'], True, None, False, False)

[rosout][ERROR] 2025-03-27 14:22:56,822: bad callback: <bound method SonarProcessor.sonar_callback of <__main__.SonarProcessor instance at 0x7fa92a5a91b8>>
Traceback (most recent call last):
  File "/opt/ros/kinetic/lib/python2.7/dist-packages/rospy/topics.py", line 750, in _invoke_callback
    cb(msg)
  File "sonar_get_min_dist.py", line 28, in sonar_callback
    self.back_left_min, self.back_right_min = self.process_sonar_data(data)
  File "sonar_get_min_dist.py", line 56, in process_sonar_data
    self.pub_dists([bl_min,br_min])
  File "sonar_get_min_dist.py", line 70, in pub_dists
    rospy.init_node('list_publisher',anonymous=True)
  File "/opt/ros/kinetic/lib/python2.7/dist-packages/rospy/client.py", line 274, in init_node
    raise rospy.exceptions.ROSException("rospy.init_node() has already been called with different arguments: "+str(_init_node_args))
ROSException: rospy.init_node() has already been called with different arguments: ('sonar_processor', ['sonar_get_min_dist.py'], True, None, False, False)

[rosout][ERROR] 2025-03-27 14:22:56,919: bad callback: <bound method SonarProcessor.sonar_callback of <__main__.SonarProcessor instance at 0x7fa92a5a91b8>>
Traceback (most recent call last):
  File "/opt/ros/kinetic/lib/python2.7/dist-packages/rospy/topics.py", line 750, in _invoke_callback
    cb(msg)
  File "sonar_get_min_dist.py", line 28, in sonar_callback
    self.back_left_min, self.back_right_min = self.process_sonar_data(data)
  File "sonar_get_min_dist.py", line 56, in process_sonar_data
    self.pub_dists([bl_min,br_min])
  File "sonar_get_min_dist.py", line 70, in pub_dists
    rospy.init_node('list_publisher',anonymous=True)
  File "/opt/ros/kinetic/lib/python2.7/dist-packages/rospy/client.py", line 274, in init_node
    raise rospy.exceptions.ROSException("rospy.init_node() has already been called with different arguments: "+str(_init_node_args))
ROSException: rospy.init_node() has already been called with different arguments: ('sonar_processor', ['sonar_get_min_dist.py'], True, None, False, False)

[rosout][ERROR] 2025-03-27 14:22:57,022: bad callback: <bound method SonarProcessor.sonar_callback of <__main__.SonarProcessor instance at 0x7fa92a5a91b8>>
Traceback (most recent call last):
  File "/opt/ros/kinetic/lib/python2.7/dist-packages/rospy/topics.py", line 750, in _invoke_callback
    cb(msg)
  File "sonar_get_min_dist.py", line 28, in sonar_callback
    self.back_left_min, self.back_right_min = self.process_sonar_data(data)
  File "sonar_get_min_dist.py", line 56, in process_sonar_data
    self.pub_dists([bl_min,br_min])
  File "sonar_get_min_dist.py", line 70, in pub_dists
    rospy.init_node('list_publisher',anonymous=True)
  File "/opt/ros/kinetic/lib/python2.7/dist-packages/rospy/client.py", line 274, in init_node
    raise rospy.exceptions.ROSException("rospy.init_node() has already been called with different arguments: "+str(_init_node_args))
ROSException: rospy.init_node() has already been called with different arguments: ('sonar_processor', ['sonar_get_min_dist.py'], True, None, False, False)

[rosout][ERROR] 2025-03-27 14:22:57,119: bad callback: <bound method SonarProcessor.sonar_callback of <__main__.SonarProcessor instance at 0x7fa92a5a91b8>>
Traceback (most recent call last):
  File "/opt/ros/kinetic/lib/python2.7/dist-packages/rospy/topics.py", line 750, in _invoke_callback
    cb(msg)
  File "sonar_get_min_dist.py", line 28, in sonar_callback
    self.back_left_min, self.back_right_min = self.process_sonar_data(data)
  File "sonar_get_min_dist.py", line 56, in process_sonar_data
    self.pub_dists([bl_min,br_min])
  File "sonar_get_min_dist.py", line 70, in pub_dists
    rospy.init_node('list_publisher',anonymous=True)
  File "/opt/ros/kinetic/lib/python2.7/dist-packages/rospy/client.py", line 274, in init_node
    raise rospy.exceptions.ROSException("rospy.init_node() has already been called with different arguments: "+str(_init_node_args))
ROSException: rospy.init_node() has already been called with different arguments: ('sonar_processor', ['sonar_get_min_dist.py'], True, None, False, False)

[rosout][ERROR] 2025-03-27 14:22:57,222: bad callback: <bound method SonarProcessor.sonar_callback of <__main__.SonarProcessor instance at 0x7fa92a5a91b8>>
Traceback (most recent call last):
  File "/opt/ros/kinetic/lib/python2.7/dist-packages/rospy/topics.py", line 750, in _invoke_callback
    cb(msg)
  File "sonar_get_min_dist.py", line 28, in sonar_callback
    self.back_left_min, self.back_right_min = self.process_sonar_data(data)
  File "sonar_get_min_dist.py", line 56, in process_sonar_data
    self.pub_dists([bl_min,br_min])
  File "sonar_get_min_dist.py", line 70, in pub_dists
    rospy.init_node('list_publisher',anonymous=True)
  File "/opt/ros/kinetic/lib/python2.7/dist-packages/rospy/client.py", line 274, in init_node
    raise rospy.exceptions.ROSException("rospy.init_node() has already been called with different arguments: "+str(_init_node_args))
ROSException: rospy.init_node() has already been called with different arguments: ('sonar_processor', ['sonar_get_min_dist.py'], True, None, False, False)

[rosout][ERROR] 2025-03-27 14:22:57,319: bad callback: <bound method SonarProcessor.sonar_callback of <__main__.SonarProcessor instance at 0x7fa92a5a91b8>>
Traceback (most recent call last):
  File "/opt/ros/kinetic/lib/python2.7/dist-packages/rospy/topics.py", line 750, in _invoke_callback
    cb(msg)
  File "sonar_get_min_dist.py", line 28, in sonar_callback
    self.back_left_min, self.back_right_min = self.process_sonar_data(data)
  File "sonar_get_min_dist.py", line 56, in process_sonar_data
    self.pub_dists([bl_min,br_min])
  File "sonar_get_min_dist.py", line 70, in pub_dists
    rospy.init_node('list_publisher',anonymous=True)
  File "/opt/ros/kinetic/lib/python2.7/dist-packages/rospy/client.py", line 274, in init_node
    raise rospy.exceptions.ROSException("rospy.init_node() has already been called with different arguments: "+str(_init_node_args))
ROSException: rospy.init_node() has already been called with different arguments: ('sonar_processor', ['sonar_get_min_dist.py'], True, None, False, False)

[rosout][ERROR] 2025-03-27 14:22:57,422: bad callback: <bound method SonarProcessor.sonar_callback of <__main__.SonarProcessor instance at 0x7fa92a5a91b8>>
Traceback (most recent call last):
  File "/opt/ros/kinetic/lib/python2.7/dist-packages/rospy/topics.py", line 750, in _invoke_callback
    cb(msg)
  File "sonar_get_min_dist.py", line 28, in sonar_callback
    self.back_left_min, self.back_right_min = self.process_sonar_data(data)
  File "sonar_get_min_dist.py", line 56, in process_sonar_data
    self.pub_dists([bl_min,br_min])
  File "sonar_get_min_dist.py", line 70, in pub_dists
    rospy.init_node('list_publisher',anonymous=True)
  File "/opt/ros/kinetic/lib/python2.7/dist-packages/rospy/client.py", line 274, in init_node
    raise rospy.exceptions.ROSException("rospy.init_node() has already been called with different arguments: "+str(_init_node_args))
ROSException: rospy.init_node() has already been called with different arguments: ('sonar_processor', ['sonar_get_min_dist.py'], True, None, False, False)

[rosout][ERROR] 2025-03-27 14:22:57,519: bad callback: <bound method SonarProcessor.sonar_callback of <__main__.SonarProcessor instance at 0x7fa92a5a91b8>>
Traceback (most recent call last):
  File "/opt/ros/kinetic/lib/python2.7/dist-packages/rospy/topics.py", line 750, in _invoke_callback
    cb(msg)
  File "sonar_get_min_dist.py", line 28, in sonar_callback
    self.back_left_min, self.back_right_min = self.process_sonar_data(data)
  File "sonar_get_min_dist.py", line 56, in process_sonar_data
    self.pub_dists([bl_min,br_min])
  File "sonar_get_min_dist.py", line 70, in pub_dists
    rospy.init_node('list_publisher',anonymous=True)
  File "/opt/ros/kinetic/lib/python2.7/dist-packages/rospy/client.py", line 274, in init_node
    raise rospy.exceptions.ROSException("rospy.init_node() has already been called with different arguments: "+str(_init_node_args))
ROSException: rospy.init_node() has already been called with different arguments: ('sonar_processor', ['sonar_get_min_dist.py'], True, None, False, False)

[rosout][ERROR] 2025-03-27 14:22:57,622: bad callback: <bound method SonarProcessor.sonar_callback of <__main__.SonarProcessor instance at 0x7fa92a5a91b8>>
Traceback (most recent call last):
  File "/opt/ros/kinetic/lib/python2.7/dist-packages/rospy/topics.py", line 750, in _invoke_callback
    cb(msg)
  File "sonar_get_min_dist.py", line 28, in sonar_callback
    self.back_left_min, self.back_right_min = self.process_sonar_data(data)
  File "sonar_get_min_dist.py", line 56, in process_sonar_data
    self.pub_dists([bl_min,br_min])
  File "sonar_get_min_dist.py", line 70, in pub_dists
    rospy.init_node('list_publisher',anonymous=True)
  File "/opt/ros/kinetic/lib/python2.7/dist-packages/rospy/client.py", line 274, in init_node
    raise rospy.exceptions.ROSException("rospy.init_node() has already been called with different arguments: "+str(_init_node_args))
ROSException: rospy.init_node() has already been called with different arguments: ('sonar_processor', ['sonar_get_min_dist.py'], True, None, False, False)

[rosout][ERROR] 2025-03-27 14:22:57,719: bad callback: <bound method SonarProcessor.sonar_callback of <__main__.SonarProcessor instance at 0x7fa92a5a91b8>>
Traceback (most recent call last):
  File "/opt/ros/kinetic/lib/python2.7/dist-packages/rospy/topics.py", line 750, in _invoke_callback
    cb(msg)
  File "sonar_get_min_dist.py", line 28, in sonar_callback
    self.back_left_min, self.back_right_min = self.process_sonar_data(data)
  File "sonar_get_min_dist.py", line 56, in process_sonar_data
    self.pub_dists([bl_min,br_min])
  File "sonar_get_min_dist.py", line 70, in pub_dists
    rospy.init_node('list_publisher',anonymous=True)
  File "/opt/ros/kinetic/lib/python2.7/dist-packages/rospy/client.py", line 274, in init_node
    raise rospy.exceptions.ROSException("rospy.init_node() has already been called with different arguments: "+str(_init_node_args))
ROSException: rospy.init_node() has already been called with different arguments: ('sonar_processor', ['sonar_get_min_dist.py'], True, None, False, False)

[rosout][ERROR] 2025-03-27 14:22:57,822: bad callback: <bound method SonarProcessor.sonar_callback of <__main__.SonarProcessor instance at 0x7fa92a5a91b8>>
Traceback (most recent call last):
  File "/opt/ros/kinetic/lib/python2.7/dist-packages/rospy/topics.py", line 750, in _invoke_callback
    cb(msg)
  File "sonar_get_min_dist.py", line 28, in sonar_callback
    self.back_left_min, self.back_right_min = self.process_sonar_data(data)
  File "sonar_get_min_dist.py", line 56, in process_sonar_data
    self.pub_dists([bl_min,br_min])
  File "sonar_get_min_dist.py", line 70, in pub_dists
    rospy.init_node('list_publisher',anonymous=True)
  File "/opt/ros/kinetic/lib/python2.7/dist-packages/rospy/client.py", line 274, in init_node
    raise rospy.exceptions.ROSException("rospy.init_node() has already been called with different arguments: "+str(_init_node_args))
ROSException: rospy.init_node() has already been called with different arguments: ('sonar_processor', ['sonar_get_min_dist.py'], True, None, False, False)

[rosout][ERROR] 2025-03-27 14:22:57,920: bad callback: <bound method SonarProcessor.sonar_callback of <__main__.SonarProcessor instance at 0x7fa92a5a91b8>>
Traceback (most recent call last):
  File "/opt/ros/kinetic/lib/python2.7/dist-packages/rospy/topics.py", line 750, in _invoke_callback
    cb(msg)
  File "sonar_get_min_dist.py", line 28, in sonar_callback
    self.back_left_min, self.back_right_min = self.process_sonar_data(data)
  File "sonar_get_min_dist.py", line 56, in process_sonar_data
    self.pub_dists([bl_min,br_min])
  File "sonar_get_min_dist.py", line 70, in pub_dists
    rospy.init_node('list_publisher',anonymous=True)
  File "/opt/ros/kinetic/lib/python2.7/dist-packages/rospy/client.py", line 274, in init_node
    raise rospy.exceptions.ROSException("rospy.init_node() has already been called with different arguments: "+str(_init_node_args))
ROSException: rospy.init_node() has already been called with different arguments: ('sonar_processor', ['sonar_get_min_dist.py'], True, None, False, False)

[rosout][ERROR] 2025-03-27 14:22:58,022: bad callback: <bound method SonarProcessor.sonar_callback of <__main__.SonarProcessor instance at 0x7fa92a5a91b8>>
Traceback (most recent call last):
  File "/opt/ros/kinetic/lib/python2.7/dist-packages/rospy/topics.py", line 750, in _invoke_callback
    cb(msg)
  File "sonar_get_min_dist.py", line 28, in sonar_callback
    self.back_left_min, self.back_right_min = self.process_sonar_data(data)
  File "sonar_get_min_dist.py", line 56, in process_sonar_data
    self.pub_dists([bl_min,br_min])
  File "sonar_get_min_dist.py", line 70, in pub_dists
    rospy.init_node('list_publisher',anonymous=True)
  File "/opt/ros/kinetic/lib/python2.7/dist-packages/rospy/client.py", line 274, in init_node
    raise rospy.exceptions.ROSException("rospy.init_node() has already been called with different arguments: "+str(_init_node_args))
ROSException: rospy.init_node() has already been called with different arguments: ('sonar_processor', ['sonar_get_min_dist.py'], True, None, False, False)

[rosout][ERROR] 2025-03-27 14:22:58,119: bad callback: <bound method SonarProcessor.sonar_callback of <__main__.SonarProcessor instance at 0x7fa92a5a91b8>>
Traceback (most recent call last):
  File "/opt/ros/kinetic/lib/python2.7/dist-packages/rospy/topics.py", line 750, in _invoke_callback
    cb(msg)
  File "sonar_get_min_dist.py", line 28, in sonar_callback
    self.back_left_min, self.back_right_min = self.process_sonar_data(data)
  File "sonar_get_min_dist.py", line 56, in process_sonar_data
    self.pub_dists([bl_min,br_min])
  File "sonar_get_min_dist.py", line 70, in pub_dists
    rospy.init_node('list_publisher',anonymous=True)
  File "/opt/ros/kinetic/lib/python2.7/dist-packages/rospy/client.py", line 274, in init_node
    raise rospy.exceptions.ROSException("rospy.init_node() has already been called with different arguments: "+str(_init_node_args))
ROSException: rospy.init_node() has already been called with different arguments: ('sonar_processor', ['sonar_get_min_dist.py'], True, None, False, False)

[rosout][ERROR] 2025-03-27 14:22:58,222: bad callback: <bound method SonarProcessor.sonar_callback of <__main__.SonarProcessor instance at 0x7fa92a5a91b8>>
Traceback (most recent call last):
  File "/opt/ros/kinetic/lib/python2.7/dist-packages/rospy/topics.py", line 750, in _invoke_callback
    cb(msg)
  File "sonar_get_min_dist.py", line 28, in sonar_callback
    self.back_left_min, self.back_right_min = self.process_sonar_data(data)
  File "sonar_get_min_dist.py", line 56, in process_sonar_data
    self.pub_dists([bl_min,br_min])
  File "sonar_get_min_dist.py", line 70, in pub_dists
    rospy.init_node('list_publisher',anonymous=True)
  File "/opt/ros/kinetic/lib/python2.7/dist-packages/rospy/client.py", line 274, in init_node
    raise rospy.exceptions.ROSException("rospy.init_node() has already been called with different arguments: "+str(_init_node_args))
ROSException: rospy.init_node() has already been called with different arguments: ('sonar_processor', ['sonar_get_min_dist.py'], True, None, False, False)

[rosout][ERROR] 2025-03-27 14:22:58,319: bad callback: <bound method SonarProcessor.sonar_callback of <__main__.SonarProcessor instance at 0x7fa92a5a91b8>>
Traceback (most recent call last):
  File "/opt/ros/kinetic/lib/python2.7/dist-packages/rospy/topics.py", line 750, in _invoke_callback
    cb(msg)
  File "sonar_get_min_dist.py", line 28, in sonar_callback
    self.back_left_min, self.back_right_min = self.process_sonar_data(data)
  File "sonar_get_min_dist.py", line 56, in process_sonar_data
    self.pub_dists([bl_min,br_min])
  File "sonar_get_min_dist.py", line 70, in pub_dists
    rospy.init_node('list_publisher',anonymous=True)
  File "/opt/ros/kinetic/lib/python2.7/dist-packages/rospy/client.py", line 274, in init_node
    raise rospy.exceptions.ROSException("rospy.init_node() has already been called with different arguments: "+str(_init_node_args))
ROSException: rospy.init_node() has already been called with different arguments: ('sonar_processor', ['sonar_get_min_dist.py'], True, None, False, False)

[rosout][ERROR] 2025-03-27 14:22:58,422: bad callback: <bound method SonarProcessor.sonar_callback of <__main__.SonarProcessor instance at 0x7fa92a5a91b8>>
Traceback (most recent call last):
  File "/opt/ros/kinetic/lib/python2.7/dist-packages/rospy/topics.py", line 750, in _invoke_callback
    cb(msg)
  File "sonar_get_min_dist.py", line 28, in sonar_callback
    self.back_left_min, self.back_right_min = self.process_sonar_data(data)
  File "sonar_get_min_dist.py", line 56, in process_sonar_data
    self.pub_dists([bl_min,br_min])
  File "sonar_get_min_dist.py", line 70, in pub_dists
    rospy.init_node('list_publisher',anonymous=True)
  File "/opt/ros/kinetic/lib/python2.7/dist-packages/rospy/client.py", line 274, in init_node
    raise rospy.exceptions.ROSException("rospy.init_node() has already been called with different arguments: "+str(_init_node_args))
ROSException: rospy.init_node() has already been called with different arguments: ('sonar_processor', ['sonar_get_min_dist.py'], True, None, False, False)

[rosout][ERROR] 2025-03-27 14:22:58,519: bad callback: <bound method SonarProcessor.sonar_callback of <__main__.SonarProcessor instance at 0x7fa92a5a91b8>>
Traceback (most recent call last):
  File "/opt/ros/kinetic/lib/python2.7/dist-packages/rospy/topics.py", line 750, in _invoke_callback
    cb(msg)
  File "sonar_get_min_dist.py", line 28, in sonar_callback
    self.back_left_min, self.back_right_min = self.process_sonar_data(data)
  File "sonar_get_min_dist.py", line 56, in process_sonar_data
    self.pub_dists([bl_min,br_min])
  File "sonar_get_min_dist.py", line 70, in pub_dists
    rospy.init_node('list_publisher',anonymous=True)
  File "/opt/ros/kinetic/lib/python2.7/dist-packages/rospy/client.py", line 274, in init_node
    raise rospy.exceptions.ROSException("rospy.init_node() has already been called with different arguments: "+str(_init_node_args))
ROSException: rospy.init_node() has already been called with different arguments: ('sonar_processor', ['sonar_get_min_dist.py'], True, None, False, False)

[rosout][ERROR] 2025-03-27 14:22:58,622: bad callback: <bound method SonarProcessor.sonar_callback of <__main__.SonarProcessor instance at 0x7fa92a5a91b8>>
Traceback (most recent call last):
  File "/opt/ros/kinetic/lib/python2.7/dist-packages/rospy/topics.py", line 750, in _invoke_callback
    cb(msg)
  File "sonar_get_min_dist.py", line 28, in sonar_callback
    self.back_left_min, self.back_right_min = self.process_sonar_data(data)
  File "sonar_get_min_dist.py", line 56, in process_sonar_data
    self.pub_dists([bl_min,br_min])
  File "sonar_get_min_dist.py", line 70, in pub_dists
    rospy.init_node('list_publisher',anonymous=True)
  File "/opt/ros/kinetic/lib/python2.7/dist-packages/rospy/client.py", line 274, in init_node
    raise rospy.exceptions.ROSException("rospy.init_node() has already been called with different arguments: "+str(_init_node_args))
ROSException: rospy.init_node() has already been called with different arguments: ('sonar_processor', ['sonar_get_min_dist.py'], True, None, False, False)

[rosout][ERROR] 2025-03-27 14:22:58,719: bad callback: <bound method SonarProcessor.sonar_callback of <__main__.SonarProcessor instance at 0x7fa92a5a91b8>>
Traceback (most recent call last):
  File "/opt/ros/kinetic/lib/python2.7/dist-packages/rospy/topics.py", line 750, in _invoke_callback
    cb(msg)
  File "sonar_get_min_dist.py", line 28, in sonar_callback
    self.back_left_min, self.back_right_min = self.process_sonar_data(data)
  File "sonar_get_min_dist.py", line 56, in process_sonar_data
    self.pub_dists([bl_min,br_min])
  File "sonar_get_min_dist.py", line 70, in pub_dists
    rospy.init_node('list_publisher',anonymous=True)
  File "/opt/ros/kinetic/lib/python2.7/dist-packages/rospy/client.py", line 274, in init_node
    raise rospy.exceptions.ROSException("rospy.init_node() has already been called with different arguments: "+str(_init_node_args))
ROSException: rospy.init_node() has already been called with different arguments: ('sonar_processor', ['sonar_get_min_dist.py'], True, None, False, False)

[rosout][ERROR] 2025-03-27 14:22:58,823: bad callback: <bound method SonarProcessor.sonar_callback of <__main__.SonarProcessor instance at 0x7fa92a5a91b8>>
Traceback (most recent call last):
  File "/opt/ros/kinetic/lib/python2.7/dist-packages/rospy/topics.py", line 750, in _invoke_callback
    cb(msg)
  File "sonar_get_min_dist.py", line 28, in sonar_callback
    self.back_left_min, self.back_right_min = self.process_sonar_data(data)
  File "sonar_get_min_dist.py", line 56, in process_sonar_data
    self.pub_dists([bl_min,br_min])
  File "sonar_get_min_dist.py", line 70, in pub_dists
    rospy.init_node('list_publisher',anonymous=True)
  File "/opt/ros/kinetic/lib/python2.7/dist-packages/rospy/client.py", line 274, in init_node
    raise rospy.exceptions.ROSException("rospy.init_node() has already been called with different arguments: "+str(_init_node_args))
ROSException: rospy.init_node() has already been called with different arguments: ('sonar_processor', ['sonar_get_min_dist.py'], True, None, False, False)

[rosout][ERROR] 2025-03-27 14:22:58,919: bad callback: <bound method SonarProcessor.sonar_callback of <__main__.SonarProcessor instance at 0x7fa92a5a91b8>>
Traceback (most recent call last):
  File "/opt/ros/kinetic/lib/python2.7/dist-packages/rospy/topics.py", line 750, in _invoke_callback
    cb(msg)
  File "sonar_get_min_dist.py", line 28, in sonar_callback
    self.back_left_min, self.back_right_min = self.process_sonar_data(data)
  File "sonar_get_min_dist.py", line 56, in process_sonar_data
    self.pub_dists([bl_min,br_min])
  File "sonar_get_min_dist.py", line 70, in pub_dists
    rospy.init_node('list_publisher',anonymous=True)
  File "/opt/ros/kinetic/lib/python2.7/dist-packages/rospy/client.py", line 274, in init_node
    raise rospy.exceptions.ROSException("rospy.init_node() has already been called with different arguments: "+str(_init_node_args))
ROSException: rospy.init_node() has already been called with different arguments: ('sonar_processor', ['sonar_get_min_dist.py'], True, None, False, False)

[rosout][ERROR] 2025-03-27 14:22:59,023: bad callback: <bound method SonarProcessor.sonar_callback of <__main__.SonarProcessor instance at 0x7fa92a5a91b8>>
Traceback (most recent call last):
  File "/opt/ros/kinetic/lib/python2.7/dist-packages/rospy/topics.py", line 750, in _invoke_callback
    cb(msg)
  File "sonar_get_min_dist.py", line 28, in sonar_callback
    self.back_left_min, self.back_right_min = self.process_sonar_data(data)
  File "sonar_get_min_dist.py", line 56, in process_sonar_data
    self.pub_dists([bl_min,br_min])
  File "sonar_get_min_dist.py", line 70, in pub_dists
    rospy.init_node('list_publisher',anonymous=True)
  File "/opt/ros/kinetic/lib/python2.7/dist-packages/rospy/client.py", line 274, in init_node
    raise rospy.exceptions.ROSException("rospy.init_node() has already been called with different arguments: "+str(_init_node_args))
ROSException: rospy.init_node() has already been called with different arguments: ('sonar_processor', ['sonar_get_min_dist.py'], True, None, False, False)

[rosout][ERROR] 2025-03-27 14:22:59,120: bad callback: <bound method SonarProcessor.sonar_callback of <__main__.SonarProcessor instance at 0x7fa92a5a91b8>>
Traceback (most recent call last):
  File "/opt/ros/kinetic/lib/python2.7/dist-packages/rospy/topics.py", line 750, in _invoke_callback
    cb(msg)
  File "sonar_get_min_dist.py", line 28, in sonar_callback
    self.back_left_min, self.back_right_min = self.process_sonar_data(data)
  File "sonar_get_min_dist.py", line 56, in process_sonar_data
    self.pub_dists([bl_min,br_min])
  File "sonar_get_min_dist.py", line 70, in pub_dists
    rospy.init_node('list_publisher',anonymous=True)
  File "/opt/ros/kinetic/lib/python2.7/dist-packages/rospy/client.py", line 274, in init_node
    raise rospy.exceptions.ROSException("rospy.init_node() has already been called with different arguments: "+str(_init_node_args))
ROSException: rospy.init_node() has already been called with different arguments: ('sonar_processor', ['sonar_get_min_dist.py'], True, None, False, False)

[rosout][ERROR] 2025-03-27 14:22:59,223: bad callback: <bound method SonarProcessor.sonar_callback of <__main__.SonarProcessor instance at 0x7fa92a5a91b8>>
Traceback (most recent call last):
  File "/opt/ros/kinetic/lib/python2.7/dist-packages/rospy/topics.py", line 750, in _invoke_callback
    cb(msg)
  File "sonar_get_min_dist.py", line 28, in sonar_callback
    self.back_left_min, self.back_right_min = self.process_sonar_data(data)
  File "sonar_get_min_dist.py", line 56, in process_sonar_data
    self.pub_dists([bl_min,br_min])
  File "sonar_get_min_dist.py", line 70, in pub_dists
    rospy.init_node('list_publisher',anonymous=True)
  File "/opt/ros/kinetic/lib/python2.7/dist-packages/rospy/client.py", line 274, in init_node
    raise rospy.exceptions.ROSException("rospy.init_node() has already been called with different arguments: "+str(_init_node_args))
ROSException: rospy.init_node() has already been called with different arguments: ('sonar_processor', ['sonar_get_min_dist.py'], True, None, False, False)

[rosout][ERROR] 2025-03-27 14:22:59,320: bad callback: <bound method SonarProcessor.sonar_callback of <__main__.SonarProcessor instance at 0x7fa92a5a91b8>>
Traceback (most recent call last):
  File "/opt/ros/kinetic/lib/python2.7/dist-packages/rospy/topics.py", line 750, in _invoke_callback
    cb(msg)
  File "sonar_get_min_dist.py", line 28, in sonar_callback
    self.back_left_min, self.back_right_min = self.process_sonar_data(data)
  File "sonar_get_min_dist.py", line 56, in process_sonar_data
    self.pub_dists([bl_min,br_min])
  File "sonar_get_min_dist.py", line 70, in pub_dists
    rospy.init_node('list_publisher',anonymous=True)
  File "/opt/ros/kinetic/lib/python2.7/dist-packages/rospy/client.py", line 274, in init_node
    raise rospy.exceptions.ROSException("rospy.init_node() has already been called with different arguments: "+str(_init_node_args))
ROSException: rospy.init_node() has already been called with different arguments: ('sonar_processor', ['sonar_get_min_dist.py'], True, None, False, False)

[rosout][ERROR] 2025-03-27 14:22:59,423: bad callback: <bound method SonarProcessor.sonar_callback of <__main__.SonarProcessor instance at 0x7fa92a5a91b8>>
Traceback (most recent call last):
  File "/opt/ros/kinetic/lib/python2.7/dist-packages/rospy/topics.py", line 750, in _invoke_callback
    cb(msg)
  File "sonar_get_min_dist.py", line 28, in sonar_callback
    self.back_left_min, self.back_right_min = self.process_sonar_data(data)
  File "sonar_get_min_dist.py", line 56, in process_sonar_data
    self.pub_dists([bl_min,br_min])
  File "sonar_get_min_dist.py", line 70, in pub_dists
    rospy.init_node('list_publisher',anonymous=True)
  File "/opt/ros/kinetic/lib/python2.7/dist-packages/rospy/client.py", line 274, in init_node
    raise rospy.exceptions.ROSException("rospy.init_node() has already been called with different arguments: "+str(_init_node_args))
ROSException: rospy.init_node() has already been called with different arguments: ('sonar_processor', ['sonar_get_min_dist.py'], True, None, False, False)

[rosout][ERROR] 2025-03-27 14:22:59,520: bad callback: <bound method SonarProcessor.sonar_callback of <__main__.SonarProcessor instance at 0x7fa92a5a91b8>>
Traceback (most recent call last):
  File "/opt/ros/kinetic/lib/python2.7/dist-packages/rospy/topics.py", line 750, in _invoke_callback
    cb(msg)
  File "sonar_get_min_dist.py", line 28, in sonar_callback
    self.back_left_min, self.back_right_min = self.process_sonar_data(data)
  File "sonar_get_min_dist.py", line 56, in process_sonar_data
    self.pub_dists([bl_min,br_min])
  File "sonar_get_min_dist.py", line 70, in pub_dists
    rospy.init_node('list_publisher',anonymous=True)
  File "/opt/ros/kinetic/lib/python2.7/dist-packages/rospy/client.py", line 274, in init_node
    raise rospy.exceptions.ROSException("rospy.init_node() has already been called with different arguments: "+str(_init_node_args))
ROSException: rospy.init_node() has already been called with different arguments: ('sonar_processor', ['sonar_get_min_dist.py'], True, None, False, False)

[rosout][ERROR] 2025-03-27 14:22:59,623: bad callback: <bound method SonarProcessor.sonar_callback of <__main__.SonarProcessor instance at 0x7fa92a5a91b8>>
Traceback (most recent call last):
  File "/opt/ros/kinetic/lib/python2.7/dist-packages/rospy/topics.py", line 750, in _invoke_callback
    cb(msg)
  File "sonar_get_min_dist.py", line 28, in sonar_callback
    self.back_left_min, self.back_right_min = self.process_sonar_data(data)
  File "sonar_get_min_dist.py", line 56, in process_sonar_data
    self.pub_dists([bl_min,br_min])
  File "sonar_get_min_dist.py", line 70, in pub_dists
    rospy.init_node('list_publisher',anonymous=True)
  File "/opt/ros/kinetic/lib/python2.7/dist-packages/rospy/client.py", line 274, in init_node
    raise rospy.exceptions.ROSException("rospy.init_node() has already been called with different arguments: "+str(_init_node_args))
ROSException: rospy.init_node() has already been called with different arguments: ('sonar_processor', ['sonar_get_min_dist.py'], True, None, False, False)

[rosout][ERROR] 2025-03-27 14:22:59,720: bad callback: <bound method SonarProcessor.sonar_callback of <__main__.SonarProcessor instance at 0x7fa92a5a91b8>>
Traceback (most recent call last):
  File "/opt/ros/kinetic/lib/python2.7/dist-packages/rospy/topics.py", line 750, in _invoke_callback
    cb(msg)
  File "sonar_get_min_dist.py", line 28, in sonar_callback
    self.back_left_min, self.back_right_min = self.process_sonar_data(data)
  File "sonar_get_min_dist.py", line 56, in process_sonar_data
    self.pub_dists([bl_min,br_min])
  File "sonar_get_min_dist.py", line 70, in pub_dists
    rospy.init_node('list_publisher',anonymous=True)
  File "/opt/ros/kinetic/lib/python2.7/dist-packages/rospy/client.py", line 274, in init_node
    raise rospy.exceptions.ROSException("rospy.init_node() has already been called with different arguments: "+str(_init_node_args))
ROSException: rospy.init_node() has already been called with different arguments: ('sonar_processor', ['sonar_get_min_dist.py'], True, None, False, False)

[rosout][ERROR] 2025-03-27 14:22:59,823: bad callback: <bound method SonarProcessor.sonar_callback of <__main__.SonarProcessor instance at 0x7fa92a5a91b8>>
Traceback (most recent call last):
  File "/opt/ros/kinetic/lib/python2.7/dist-packages/rospy/topics.py", line 750, in _invoke_callback
    cb(msg)
  File "sonar_get_min_dist.py", line 28, in sonar_callback
    self.back_left_min, self.back_right_min = self.process_sonar_data(data)
  File "sonar_get_min_dist.py", line 56, in process_sonar_data
    self.pub_dists([bl_min,br_min])
  File "sonar_get_min_dist.py", line 70, in pub_dists
    rospy.init_node('list_publisher',anonymous=True)
  File "/opt/ros/kinetic/lib/python2.7/dist-packages/rospy/client.py", line 274, in init_node
    raise rospy.exceptions.ROSException("rospy.init_node() has already been called with different arguments: "+str(_init_node_args))
ROSException: rospy.init_node() has already been called with different arguments: ('sonar_processor', ['sonar_get_min_dist.py'], True, None, False, False)

[rosout][ERROR] 2025-03-27 14:22:59,920: bad callback: <bound method SonarProcessor.sonar_callback of <__main__.SonarProcessor instance at 0x7fa92a5a91b8>>
Traceback (most recent call last):
  File "/opt/ros/kinetic/lib/python2.7/dist-packages/rospy/topics.py", line 750, in _invoke_callback
    cb(msg)
  File "sonar_get_min_dist.py", line 28, in sonar_callback
    self.back_left_min, self.back_right_min = self.process_sonar_data(data)
  File "sonar_get_min_dist.py", line 56, in process_sonar_data
    self.pub_dists([bl_min,br_min])
  File "sonar_get_min_dist.py", line 70, in pub_dists
    rospy.init_node('list_publisher',anonymous=True)
  File "/opt/ros/kinetic/lib/python2.7/dist-packages/rospy/client.py", line 274, in init_node
    raise rospy.exceptions.ROSException("rospy.init_node() has already been called with different arguments: "+str(_init_node_args))
ROSException: rospy.init_node() has already been called with different arguments: ('sonar_processor', ['sonar_get_min_dist.py'], True, None, False, False)

[rosout][ERROR] 2025-03-27 14:23:00,023: bad callback: <bound method SonarProcessor.sonar_callback of <__main__.SonarProcessor instance at 0x7fa92a5a91b8>>
Traceback (most recent call last):
  File "/opt/ros/kinetic/lib/python2.7/dist-packages/rospy/topics.py", line 750, in _invoke_callback
    cb(msg)
  File "sonar_get_min_dist.py", line 28, in sonar_callback
    self.back_left_min, self.back_right_min = self.process_sonar_data(data)
  File "sonar_get_min_dist.py", line 56, in process_sonar_data
    self.pub_dists([bl_min,br_min])
  File "sonar_get_min_dist.py", line 70, in pub_dists
    rospy.init_node('list_publisher',anonymous=True)
  File "/opt/ros/kinetic/lib/python2.7/dist-packages/rospy/client.py", line 274, in init_node
    raise rospy.exceptions.ROSException("rospy.init_node() has already been called with different arguments: "+str(_init_node_args))
ROSException: rospy.init_node() has already been called with different arguments: ('sonar_processor', ['sonar_get_min_dist.py'], True, None, False, False)

[rosout][ERROR] 2025-03-27 14:23:00,120: bad callback: <bound method SonarProcessor.sonar_callback of <__main__.SonarProcessor instance at 0x7fa92a5a91b8>>
Traceback (most recent call last):
  File "/opt/ros/kinetic/lib/python2.7/dist-packages/rospy/topics.py", line 750, in _invoke_callback
    cb(msg)
  File "sonar_get_min_dist.py", line 28, in sonar_callback
    self.back_left_min, self.back_right_min = self.process_sonar_data(data)
  File "sonar_get_min_dist.py", line 56, in process_sonar_data
    self.pub_dists([bl_min,br_min])
  File "sonar_get_min_dist.py", line 70, in pub_dists
    rospy.init_node('list_publisher',anonymous=True)
  File "/opt/ros/kinetic/lib/python2.7/dist-packages/rospy/client.py", line 274, in init_node
    raise rospy.exceptions.ROSException("rospy.init_node() has already been called with different arguments: "+str(_init_node_args))
ROSException: rospy.init_node() has already been called with different arguments: ('sonar_processor', ['sonar_get_min_dist.py'], True, None, False, False)

[rosout][ERROR] 2025-03-27 14:23:00,223: bad callback: <bound method SonarProcessor.sonar_callback of <__main__.SonarProcessor instance at 0x7fa92a5a91b8>>
Traceback (most recent call last):
  File "/opt/ros/kinetic/lib/python2.7/dist-packages/rospy/topics.py", line 750, in _invoke_callback
    cb(msg)
  File "sonar_get_min_dist.py", line 28, in sonar_callback
    self.back_left_min, self.back_right_min = self.process_sonar_data(data)
  File "sonar_get_min_dist.py", line 56, in process_sonar_data
    self.pub_dists([bl_min,br_min])
  File "sonar_get_min_dist.py", line 70, in pub_dists
    rospy.init_node('list_publisher',anonymous=True)
  File "/opt/ros/kinetic/lib/python2.7/dist-packages/rospy/client.py", line 274, in init_node
    raise rospy.exceptions.ROSException("rospy.init_node() has already been called with different arguments: "+str(_init_node_args))
ROSException: rospy.init_node() has already been called with different arguments: ('sonar_processor', ['sonar_get_min_dist.py'], True, None, False, False)

[rosout][ERROR] 2025-03-27 14:23:00,320: bad callback: <bound method SonarProcessor.sonar_callback of <__main__.SonarProcessor instance at 0x7fa92a5a91b8>>
Traceback (most recent call last):
  File "/opt/ros/kinetic/lib/python2.7/dist-packages/rospy/topics.py", line 750, in _invoke_callback
    cb(msg)
  File "sonar_get_min_dist.py", line 28, in sonar_callback
    self.back_left_min, self.back_right_min = self.process_sonar_data(data)
  File "sonar_get_min_dist.py", line 56, in process_sonar_data
    self.pub_dists([bl_min,br_min])
  File "sonar_get_min_dist.py", line 70, in pub_dists
    rospy.init_node('list_publisher',anonymous=True)
  File "/opt/ros/kinetic/lib/python2.7/dist-packages/rospy/client.py", line 274, in init_node
    raise rospy.exceptions.ROSException("rospy.init_node() has already been called with different arguments: "+str(_init_node_args))
ROSException: rospy.init_node() has already been called with different arguments: ('sonar_processor', ['sonar_get_min_dist.py'], True, None, False, False)

[rosout][ERROR] 2025-03-27 14:23:00,423: bad callback: <bound method SonarProcessor.sonar_callback of <__main__.SonarProcessor instance at 0x7fa92a5a91b8>>
Traceback (most recent call last):
  File "/opt/ros/kinetic/lib/python2.7/dist-packages/rospy/topics.py", line 750, in _invoke_callback
    cb(msg)
  File "sonar_get_min_dist.py", line 28, in sonar_callback
    self.back_left_min, self.back_right_min = self.process_sonar_data(data)
  File "sonar_get_min_dist.py", line 56, in process_sonar_data
    self.pub_dists([bl_min,br_min])
  File "sonar_get_min_dist.py", line 70, in pub_dists
    rospy.init_node('list_publisher',anonymous=True)
  File "/opt/ros/kinetic/lib/python2.7/dist-packages/rospy/client.py", line 274, in init_node
    raise rospy.exceptions.ROSException("rospy.init_node() has already been called with different arguments: "+str(_init_node_args))
ROSException: rospy.init_node() has already been called with different arguments: ('sonar_processor', ['sonar_get_min_dist.py'], True, None, False, False)

[rosout][ERROR] 2025-03-27 14:23:00,520: bad callback: <bound method SonarProcessor.sonar_callback of <__main__.SonarProcessor instance at 0x7fa92a5a91b8>>
Traceback (most recent call last):
  File "/opt/ros/kinetic/lib/python2.7/dist-packages/rospy/topics.py", line 750, in _invoke_callback
    cb(msg)
  File "sonar_get_min_dist.py", line 28, in sonar_callback
    self.back_left_min, self.back_right_min = self.process_sonar_data(data)
  File "sonar_get_min_dist.py", line 56, in process_sonar_data
    self.pub_dists([bl_min,br_min])
  File "sonar_get_min_dist.py", line 70, in pub_dists
    rospy.init_node('list_publisher',anonymous=True)
  File "/opt/ros/kinetic/lib/python2.7/dist-packages/rospy/client.py", line 274, in init_node
    raise rospy.exceptions.ROSException("rospy.init_node() has already been called with different arguments: "+str(_init_node_args))
ROSException: rospy.init_node() has already been called with different arguments: ('sonar_processor', ['sonar_get_min_dist.py'], True, None, False, False)

[rosout][ERROR] 2025-03-27 14:23:00,623: bad callback: <bound method SonarProcessor.sonar_callback of <__main__.SonarProcessor instance at 0x7fa92a5a91b8>>
Traceback (most recent call last):
  File "/opt/ros/kinetic/lib/python2.7/dist-packages/rospy/topics.py", line 750, in _invoke_callback
    cb(msg)
  File "sonar_get_min_dist.py", line 28, in sonar_callback
    self.back_left_min, self.back_right_min = self.process_sonar_data(data)
  File "sonar_get_min_dist.py", line 56, in process_sonar_data
    self.pub_dists([bl_min,br_min])
  File "sonar_get_min_dist.py", line 70, in pub_dists
    rospy.init_node('list_publisher',anonymous=True)
  File "/opt/ros/kinetic/lib/python2.7/dist-packages/rospy/client.py", line 274, in init_node
    raise rospy.exceptions.ROSException("rospy.init_node() has already been called with different arguments: "+str(_init_node_args))
ROSException: rospy.init_node() has already been called with different arguments: ('sonar_processor', ['sonar_get_min_dist.py'], True, None, False, False)

[rosout][ERROR] 2025-03-27 14:23:00,720: bad callback: <bound method SonarProcessor.sonar_callback of <__main__.SonarProcessor instance at 0x7fa92a5a91b8>>
Traceback (most recent call last):
  File "/opt/ros/kinetic/lib/python2.7/dist-packages/rospy/topics.py", line 750, in _invoke_callback
    cb(msg)
  File "sonar_get_min_dist.py", line 28, in sonar_callback
    self.back_left_min, self.back_right_min = self.process_sonar_data(data)
  File "sonar_get_min_dist.py", line 56, in process_sonar_data
    self.pub_dists([bl_min,br_min])
  File "sonar_get_min_dist.py", line 70, in pub_dists
    rospy.init_node('list_publisher',anonymous=True)
  File "/opt/ros/kinetic/lib/python2.7/dist-packages/rospy/client.py", line 274, in init_node
    raise rospy.exceptions.ROSException("rospy.init_node() has already been called with different arguments: "+str(_init_node_args))
ROSException: rospy.init_node() has already been called with different arguments: ('sonar_processor', ['sonar_get_min_dist.py'], True, None, False, False)

[rosout][ERROR] 2025-03-27 14:23:00,823: bad callback: <bound method SonarProcessor.sonar_callback of <__main__.SonarProcessor instance at 0x7fa92a5a91b8>>
Traceback (most recent call last):
  File "/opt/ros/kinetic/lib/python2.7/dist-packages/rospy/topics.py", line 750, in _invoke_callback
    cb(msg)
  File "sonar_get_min_dist.py", line 28, in sonar_callback
    self.back_left_min, self.back_right_min = self.process_sonar_data(data)
  File "sonar_get_min_dist.py", line 56, in process_sonar_data
    self.pub_dists([bl_min,br_min])
  File "sonar_get_min_dist.py", line 70, in pub_dists
    rospy.init_node('list_publisher',anonymous=True)
  File "/opt/ros/kinetic/lib/python2.7/dist-packages/rospy/client.py", line 274, in init_node
    raise rospy.exceptions.ROSException("rospy.init_node() has already been called with different arguments: "+str(_init_node_args))
ROSException: rospy.init_node() has already been called with different arguments: ('sonar_processor', ['sonar_get_min_dist.py'], True, None, False, False)

[rosout][ERROR] 2025-03-27 14:23:00,920: bad callback: <bound method SonarProcessor.sonar_callback of <__main__.SonarProcessor instance at 0x7fa92a5a91b8>>
Traceback (most recent call last):
  File "/opt/ros/kinetic/lib/python2.7/dist-packages/rospy/topics.py", line 750, in _invoke_callback
    cb(msg)
  File "sonar_get_min_dist.py", line 28, in sonar_callback
    self.back_left_min, self.back_right_min = self.process_sonar_data(data)
  File "sonar_get_min_dist.py", line 56, in process_sonar_data
    self.pub_dists([bl_min,br_min])
  File "sonar_get_min_dist.py", line 70, in pub_dists
    rospy.init_node('list_publisher',anonymous=True)
  File "/opt/ros/kinetic/lib/python2.7/dist-packages/rospy/client.py", line 274, in init_node
    raise rospy.exceptions.ROSException("rospy.init_node() has already been called with different arguments: "+str(_init_node_args))
ROSException: rospy.init_node() has already been called with different arguments: ('sonar_processor', ['sonar_get_min_dist.py'], True, None, False, False)

[rosout][ERROR] 2025-03-27 14:23:01,024: bad callback: <bound method SonarProcessor.sonar_callback of <__main__.SonarProcessor instance at 0x7fa92a5a91b8>>
Traceback (most recent call last):
  File "/opt/ros/kinetic/lib/python2.7/dist-packages/rospy/topics.py", line 750, in _invoke_callback
    cb(msg)
  File "sonar_get_min_dist.py", line 28, in sonar_callback
    self.back_left_min, self.back_right_min = self.process_sonar_data(data)
  File "sonar_get_min_dist.py", line 56, in process_sonar_data
    self.pub_dists([bl_min,br_min])
  File "sonar_get_min_dist.py", line 70, in pub_dists
    rospy.init_node('list_publisher',anonymous=True)
  File "/opt/ros/kinetic/lib/python2.7/dist-packages/rospy/client.py", line 274, in init_node
    raise rospy.exceptions.ROSException("rospy.init_node() has already been called with different arguments: "+str(_init_node_args))
ROSException: rospy.init_node() has already been called with different arguments: ('sonar_processor', ['sonar_get_min_dist.py'], True, None, False, False)

[rosout][ERROR] 2025-03-27 14:23:01,120: bad callback: <bound method SonarProcessor.sonar_callback of <__main__.SonarProcessor instance at 0x7fa92a5a91b8>>
Traceback (most recent call last):
  File "/opt/ros/kinetic/lib/python2.7/dist-packages/rospy/topics.py", line 750, in _invoke_callback
    cb(msg)
  File "sonar_get_min_dist.py", line 28, in sonar_callback
    self.back_left_min, self.back_right_min = self.process_sonar_data(data)
  File "sonar_get_min_dist.py", line 56, in process_sonar_data
    self.pub_dists([bl_min,br_min])
  File "sonar_get_min_dist.py", line 70, in pub_dists
    rospy.init_node('list_publisher',anonymous=True)
  File "/opt/ros/kinetic/lib/python2.7/dist-packages/rospy/client.py", line 274, in init_node
    raise rospy.exceptions.ROSException("rospy.init_node() has already been called with different arguments: "+str(_init_node_args))
ROSException: rospy.init_node() has already been called with different arguments: ('sonar_processor', ['sonar_get_min_dist.py'], True, None, False, False)

[rosout][ERROR] 2025-03-27 14:23:01,224: bad callback: <bound method SonarProcessor.sonar_callback of <__main__.SonarProcessor instance at 0x7fa92a5a91b8>>
Traceback (most recent call last):
  File "/opt/ros/kinetic/lib/python2.7/dist-packages/rospy/topics.py", line 750, in _invoke_callback
    cb(msg)
  File "sonar_get_min_dist.py", line 28, in sonar_callback
    self.back_left_min, self.back_right_min = self.process_sonar_data(data)
  File "sonar_get_min_dist.py", line 56, in process_sonar_data
    self.pub_dists([bl_min,br_min])
  File "sonar_get_min_dist.py", line 70, in pub_dists
    rospy.init_node('list_publisher',anonymous=True)
  File "/opt/ros/kinetic/lib/python2.7/dist-packages/rospy/client.py", line 274, in init_node
    raise rospy.exceptions.ROSException("rospy.init_node() has already been called with different arguments: "+str(_init_node_args))
ROSException: rospy.init_node() has already been called with different arguments: ('sonar_processor', ['sonar_get_min_dist.py'], True, None, False, False)

[rosout][ERROR] 2025-03-27 14:23:01,321: bad callback: <bound method SonarProcessor.sonar_callback of <__main__.SonarProcessor instance at 0x7fa92a5a91b8>>
Traceback (most recent call last):
  File "/opt/ros/kinetic/lib/python2.7/dist-packages/rospy/topics.py", line 750, in _invoke_callback
    cb(msg)
  File "sonar_get_min_dist.py", line 28, in sonar_callback
    self.back_left_min, self.back_right_min = self.process_sonar_data(data)
  File "sonar_get_min_dist.py", line 56, in process_sonar_data
    self.pub_dists([bl_min,br_min])
  File "sonar_get_min_dist.py", line 70, in pub_dists
    rospy.init_node('list_publisher',anonymous=True)
  File "/opt/ros/kinetic/lib/python2.7/dist-packages/rospy/client.py", line 274, in init_node
    raise rospy.exceptions.ROSException("rospy.init_node() has already been called with different arguments: "+str(_init_node_args))
ROSException: rospy.init_node() has already been called with different arguments: ('sonar_processor', ['sonar_get_min_dist.py'], True, None, False, False)

[rosout][ERROR] 2025-03-27 14:23:01,424: bad callback: <bound method SonarProcessor.sonar_callback of <__main__.SonarProcessor instance at 0x7fa92a5a91b8>>
Traceback (most recent call last):
  File "/opt/ros/kinetic/lib/python2.7/dist-packages/rospy/topics.py", line 750, in _invoke_callback
    cb(msg)
  File "sonar_get_min_dist.py", line 28, in sonar_callback
    self.back_left_min, self.back_right_min = self.process_sonar_data(data)
  File "sonar_get_min_dist.py", line 56, in process_sonar_data
    self.pub_dists([bl_min,br_min])
  File "sonar_get_min_dist.py", line 70, in pub_dists
    rospy.init_node('list_publisher',anonymous=True)
  File "/opt/ros/kinetic/lib/python2.7/dist-packages/rospy/client.py", line 274, in init_node
    raise rospy.exceptions.ROSException("rospy.init_node() has already been called with different arguments: "+str(_init_node_args))
ROSException: rospy.init_node() has already been called with different arguments: ('sonar_processor', ['sonar_get_min_dist.py'], True, None, False, False)

[rosout][ERROR] 2025-03-27 14:23:01,521: bad callback: <bound method SonarProcessor.sonar_callback of <__main__.SonarProcessor instance at 0x7fa92a5a91b8>>
Traceback (most recent call last):
  File "/opt/ros/kinetic/lib/python2.7/dist-packages/rospy/topics.py", line 750, in _invoke_callback
    cb(msg)
  File "sonar_get_min_dist.py", line 28, in sonar_callback
    self.back_left_min, self.back_right_min = self.process_sonar_data(data)
  File "sonar_get_min_dist.py", line 56, in process_sonar_data
    self.pub_dists([bl_min,br_min])
  File "sonar_get_min_dist.py", line 70, in pub_dists
    rospy.init_node('list_publisher',anonymous=True)
  File "/opt/ros/kinetic/lib/python2.7/dist-packages/rospy/client.py", line 274, in init_node
    raise rospy.exceptions.ROSException("rospy.init_node() has already been called with different arguments: "+str(_init_node_args))
ROSException: rospy.init_node() has already been called with different arguments: ('sonar_processor', ['sonar_get_min_dist.py'], True, None, False, False)

[rosout][ERROR] 2025-03-27 14:23:01,624: bad callback: <bound method SonarProcessor.sonar_callback of <__main__.SonarProcessor instance at 0x7fa92a5a91b8>>
Traceback (most recent call last):
  File "/opt/ros/kinetic/lib/python2.7/dist-packages/rospy/topics.py", line 750, in _invoke_callback
    cb(msg)
  File "sonar_get_min_dist.py", line 28, in sonar_callback
    self.back_left_min, self.back_right_min = self.process_sonar_data(data)
  File "sonar_get_min_dist.py", line 56, in process_sonar_data
    self.pub_dists([bl_min,br_min])
  File "sonar_get_min_dist.py", line 70, in pub_dists
    rospy.init_node('list_publisher',anonymous=True)
  File "/opt/ros/kinetic/lib/python2.7/dist-packages/rospy/client.py", line 274, in init_node
    raise rospy.exceptions.ROSException("rospy.init_node() has already been called with different arguments: "+str(_init_node_args))
ROSException: rospy.init_node() has already been called with different arguments: ('sonar_processor', ['sonar_get_min_dist.py'], True, None, False, False)

[rosout][ERROR] 2025-03-27 14:23:01,721: bad callback: <bound method SonarProcessor.sonar_callback of <__main__.SonarProcessor instance at 0x7fa92a5a91b8>>
Traceback (most recent call last):
  File "/opt/ros/kinetic/lib/python2.7/dist-packages/rospy/topics.py", line 750, in _invoke_callback
    cb(msg)
  File "sonar_get_min_dist.py", line 28, in sonar_callback
    self.back_left_min, self.back_right_min = self.process_sonar_data(data)
  File "sonar_get_min_dist.py", line 56, in process_sonar_data
    self.pub_dists([bl_min,br_min])
  File "sonar_get_min_dist.py", line 70, in pub_dists
    rospy.init_node('list_publisher',anonymous=True)
  File "/opt/ros/kinetic/lib/python2.7/dist-packages/rospy/client.py", line 274, in init_node
    raise rospy.exceptions.ROSException("rospy.init_node() has already been called with different arguments: "+str(_init_node_args))
ROSException: rospy.init_node() has already been called with different arguments: ('sonar_processor', ['sonar_get_min_dist.py'], True, None, False, False)

[rosout][ERROR] 2025-03-27 14:23:01,824: bad callback: <bound method SonarProcessor.sonar_callback of <__main__.SonarProcessor instance at 0x7fa92a5a91b8>>
Traceback (most recent call last):
  File "/opt/ros/kinetic/lib/python2.7/dist-packages/rospy/topics.py", line 750, in _invoke_callback
    cb(msg)
  File "sonar_get_min_dist.py", line 28, in sonar_callback
    self.back_left_min, self.back_right_min = self.process_sonar_data(data)
  File "sonar_get_min_dist.py", line 56, in process_sonar_data
    self.pub_dists([bl_min,br_min])
  File "sonar_get_min_dist.py", line 70, in pub_dists
    rospy.init_node('list_publisher',anonymous=True)
  File "/opt/ros/kinetic/lib/python2.7/dist-packages/rospy/client.py", line 274, in init_node
    raise rospy.exceptions.ROSException("rospy.init_node() has already been called with different arguments: "+str(_init_node_args))
ROSException: rospy.init_node() has already been called with different arguments: ('sonar_processor', ['sonar_get_min_dist.py'], True, None, False, False)

[rosout][ERROR] 2025-03-27 14:23:01,921: bad callback: <bound method SonarProcessor.sonar_callback of <__main__.SonarProcessor instance at 0x7fa92a5a91b8>>
Traceback (most recent call last):
  File "/opt/ros/kinetic/lib/python2.7/dist-packages/rospy/topics.py", line 750, in _invoke_callback
    cb(msg)
  File "sonar_get_min_dist.py", line 28, in sonar_callback
    self.back_left_min, self.back_right_min = self.process_sonar_data(data)
  File "sonar_get_min_dist.py", line 56, in process_sonar_data
    self.pub_dists([bl_min,br_min])
  File "sonar_get_min_dist.py", line 70, in pub_dists
    rospy.init_node('list_publisher',anonymous=True)
  File "/opt/ros/kinetic/lib/python2.7/dist-packages/rospy/client.py", line 274, in init_node
    raise rospy.exceptions.ROSException("rospy.init_node() has already been called with different arguments: "+str(_init_node_args))
ROSException: rospy.init_node() has already been called with different arguments: ('sonar_processor', ['sonar_get_min_dist.py'], True, None, False, False)

[rosout][ERROR] 2025-03-27 14:23:02,024: bad callback: <bound method SonarProcessor.sonar_callback of <__main__.SonarProcessor instance at 0x7fa92a5a91b8>>
Traceback (most recent call last):
  File "/opt/ros/kinetic/lib/python2.7/dist-packages/rospy/topics.py", line 750, in _invoke_callback
    cb(msg)
  File "sonar_get_min_dist.py", line 28, in sonar_callback
    self.back_left_min, self.back_right_min = self.process_sonar_data(data)
  File "sonar_get_min_dist.py", line 56, in process_sonar_data
    self.pub_dists([bl_min,br_min])
  File "sonar_get_min_dist.py", line 70, in pub_dists
    rospy.init_node('list_publisher',anonymous=True)
  File "/opt/ros/kinetic/lib/python2.7/dist-packages/rospy/client.py", line 274, in init_node
    raise rospy.exceptions.ROSException("rospy.init_node() has already been called with different arguments: "+str(_init_node_args))
ROSException: rospy.init_node() has already been called with different arguments: ('sonar_processor', ['sonar_get_min_dist.py'], True, None, False, False)

[rosout][ERROR] 2025-03-27 14:23:02,121: bad callback: <bound method SonarProcessor.sonar_callback of <__main__.SonarProcessor instance at 0x7fa92a5a91b8>>
Traceback (most recent call last):
  File "/opt/ros/kinetic/lib/python2.7/dist-packages/rospy/topics.py", line 750, in _invoke_callback
    cb(msg)
  File "sonar_get_min_dist.py", line 28, in sonar_callback
    self.back_left_min, self.back_right_min = self.process_sonar_data(data)
  File "sonar_get_min_dist.py", line 56, in process_sonar_data
    self.pub_dists([bl_min,br_min])
  File "sonar_get_min_dist.py", line 70, in pub_dists
    rospy.init_node('list_publisher',anonymous=True)
  File "/opt/ros/kinetic/lib/python2.7/dist-packages/rospy/client.py", line 274, in init_node
    raise rospy.exceptions.ROSException("rospy.init_node() has already been called with different arguments: "+str(_init_node_args))
ROSException: rospy.init_node() has already been called with different arguments: ('sonar_processor', ['sonar_get_min_dist.py'], True, None, False, False)

[rosout][ERROR] 2025-03-27 14:23:02,224: bad callback: <bound method SonarProcessor.sonar_callback of <__main__.SonarProcessor instance at 0x7fa92a5a91b8>>
Traceback (most recent call last):
  File "/opt/ros/kinetic/lib/python2.7/dist-packages/rospy/topics.py", line 750, in _invoke_callback
    cb(msg)
  File "sonar_get_min_dist.py", line 28, in sonar_callback
    self.back_left_min, self.back_right_min = self.process_sonar_data(data)
  File "sonar_get_min_dist.py", line 56, in process_sonar_data
    self.pub_dists([bl_min,br_min])
  File "sonar_get_min_dist.py", line 70, in pub_dists
    rospy.init_node('list_publisher',anonymous=True)
  File "/opt/ros/kinetic/lib/python2.7/dist-packages/rospy/client.py", line 274, in init_node
    raise rospy.exceptions.ROSException("rospy.init_node() has already been called with different arguments: "+str(_init_node_args))
ROSException: rospy.init_node() has already been called with different arguments: ('sonar_processor', ['sonar_get_min_dist.py'], True, None, False, False)

[rosout][ERROR] 2025-03-27 14:23:02,321: bad callback: <bound method SonarProcessor.sonar_callback of <__main__.SonarProcessor instance at 0x7fa92a5a91b8>>
Traceback (most recent call last):
  File "/opt/ros/kinetic/lib/python2.7/dist-packages/rospy/topics.py", line 750, in _invoke_callback
    cb(msg)
  File "sonar_get_min_dist.py", line 28, in sonar_callback
    self.back_left_min, self.back_right_min = self.process_sonar_data(data)
  File "sonar_get_min_dist.py", line 56, in process_sonar_data
    self.pub_dists([bl_min,br_min])
  File "sonar_get_min_dist.py", line 70, in pub_dists
    rospy.init_node('list_publisher',anonymous=True)
  File "/opt/ros/kinetic/lib/python2.7/dist-packages/rospy/client.py", line 274, in init_node
    raise rospy.exceptions.ROSException("rospy.init_node() has already been called with different arguments: "+str(_init_node_args))
ROSException: rospy.init_node() has already been called with different arguments: ('sonar_processor', ['sonar_get_min_dist.py'], True, None, False, False)

[rosout][ERROR] 2025-03-27 14:23:02,424: bad callback: <bound method SonarProcessor.sonar_callback of <__main__.SonarProcessor instance at 0x7fa92a5a91b8>>
Traceback (most recent call last):
  File "/opt/ros/kinetic/lib/python2.7/dist-packages/rospy/topics.py", line 750, in _invoke_callback
    cb(msg)
  File "sonar_get_min_dist.py", line 28, in sonar_callback
    self.back_left_min, self.back_right_min = self.process_sonar_data(data)
  File "sonar_get_min_dist.py", line 56, in process_sonar_data
    self.pub_dists([bl_min,br_min])
  File "sonar_get_min_dist.py", line 70, in pub_dists
    rospy.init_node('list_publisher',anonymous=True)
  File "/opt/ros/kinetic/lib/python2.7/dist-packages/rospy/client.py", line 274, in init_node
    raise rospy.exceptions.ROSException("rospy.init_node() has already been called with different arguments: "+str(_init_node_args))
ROSException: rospy.init_node() has already been called with different arguments: ('sonar_processor', ['sonar_get_min_dist.py'], True, None, False, False)

[rosout][ERROR] 2025-03-27 14:23:02,521: bad callback: <bound method SonarProcessor.sonar_callback of <__main__.SonarProcessor instance at 0x7fa92a5a91b8>>
Traceback (most recent call last):
  File "/opt/ros/kinetic/lib/python2.7/dist-packages/rospy/topics.py", line 750, in _invoke_callback
    cb(msg)
  File "sonar_get_min_dist.py", line 28, in sonar_callback
    self.back_left_min, self.back_right_min = self.process_sonar_data(data)
  File "sonar_get_min_dist.py", line 56, in process_sonar_data
    self.pub_dists([bl_min,br_min])
  File "sonar_get_min_dist.py", line 70, in pub_dists
    rospy.init_node('list_publisher',anonymous=True)
  File "/opt/ros/kinetic/lib/python2.7/dist-packages/rospy/client.py", line 274, in init_node
    raise rospy.exceptions.ROSException("rospy.init_node() has already been called with different arguments: "+str(_init_node_args))
ROSException: rospy.init_node() has already been called with different arguments: ('sonar_processor', ['sonar_get_min_dist.py'], True, None, False, False)

[rosout][ERROR] 2025-03-27 14:23:02,624: bad callback: <bound method SonarProcessor.sonar_callback of <__main__.SonarProcessor instance at 0x7fa92a5a91b8>>
Traceback (most recent call last):
  File "/opt/ros/kinetic/lib/python2.7/dist-packages/rospy/topics.py", line 750, in _invoke_callback
    cb(msg)
  File "sonar_get_min_dist.py", line 28, in sonar_callback
    self.back_left_min, self.back_right_min = self.process_sonar_data(data)
  File "sonar_get_min_dist.py", line 56, in process_sonar_data
    self.pub_dists([bl_min,br_min])
  File "sonar_get_min_dist.py", line 70, in pub_dists
    rospy.init_node('list_publisher',anonymous=True)
  File "/opt/ros/kinetic/lib/python2.7/dist-packages/rospy/client.py", line 274, in init_node
    raise rospy.exceptions.ROSException("rospy.init_node() has already been called with different arguments: "+str(_init_node_args))
ROSException: rospy.init_node() has already been called with different arguments: ('sonar_processor', ['sonar_get_min_dist.py'], True, None, False, False)

[rosout][ERROR] 2025-03-27 14:23:02,721: bad callback: <bound method SonarProcessor.sonar_callback of <__main__.SonarProcessor instance at 0x7fa92a5a91b8>>
Traceback (most recent call last):
  File "/opt/ros/kinetic/lib/python2.7/dist-packages/rospy/topics.py", line 750, in _invoke_callback
    cb(msg)
  File "sonar_get_min_dist.py", line 28, in sonar_callback
    self.back_left_min, self.back_right_min = self.process_sonar_data(data)
  File "sonar_get_min_dist.py", line 56, in process_sonar_data
    self.pub_dists([bl_min,br_min])
  File "sonar_get_min_dist.py", line 70, in pub_dists
    rospy.init_node('list_publisher',anonymous=True)
  File "/opt/ros/kinetic/lib/python2.7/dist-packages/rospy/client.py", line 274, in init_node
    raise rospy.exceptions.ROSException("rospy.init_node() has already been called with different arguments: "+str(_init_node_args))
ROSException: rospy.init_node() has already been called with different arguments: ('sonar_processor', ['sonar_get_min_dist.py'], True, None, False, False)

[rosout][ERROR] 2025-03-27 14:23:02,824: bad callback: <bound method SonarProcessor.sonar_callback of <__main__.SonarProcessor instance at 0x7fa92a5a91b8>>
Traceback (most recent call last):
  File "/opt/ros/kinetic/lib/python2.7/dist-packages/rospy/topics.py", line 750, in _invoke_callback
    cb(msg)
  File "sonar_get_min_dist.py", line 28, in sonar_callback
    self.back_left_min, self.back_right_min = self.process_sonar_data(data)
  File "sonar_get_min_dist.py", line 56, in process_sonar_data
    self.pub_dists([bl_min,br_min])
  File "sonar_get_min_dist.py", line 70, in pub_dists
    rospy.init_node('list_publisher',anonymous=True)
  File "/opt/ros/kinetic/lib/python2.7/dist-packages/rospy/client.py", line 274, in init_node
    raise rospy.exceptions.ROSException("rospy.init_node() has already been called with different arguments: "+str(_init_node_args))
ROSException: rospy.init_node() has already been called with different arguments: ('sonar_processor', ['sonar_get_min_dist.py'], True, None, False, False)

[rosout][ERROR] 2025-03-27 14:23:02,921: bad callback: <bound method SonarProcessor.sonar_callback of <__main__.SonarProcessor instance at 0x7fa92a5a91b8>>
Traceback (most recent call last):
  File "/opt/ros/kinetic/lib/python2.7/dist-packages/rospy/topics.py", line 750, in _invoke_callback
    cb(msg)
  File "sonar_get_min_dist.py", line 28, in sonar_callback
    self.back_left_min, self.back_right_min = self.process_sonar_data(data)
  File "sonar_get_min_dist.py", line 56, in process_sonar_data
    self.pub_dists([bl_min,br_min])
  File "sonar_get_min_dist.py", line 70, in pub_dists
    rospy.init_node('list_publisher',anonymous=True)
  File "/opt/ros/kinetic/lib/python2.7/dist-packages/rospy/client.py", line 274, in init_node
    raise rospy.exceptions.ROSException("rospy.init_node() has already been called with different arguments: "+str(_init_node_args))
ROSException: rospy.init_node() has already been called with different arguments: ('sonar_processor', ['sonar_get_min_dist.py'], True, None, False, False)

[rosout][ERROR] 2025-03-27 14:23:03,024: bad callback: <bound method SonarProcessor.sonar_callback of <__main__.SonarProcessor instance at 0x7fa92a5a91b8>>
Traceback (most recent call last):
  File "/opt/ros/kinetic/lib/python2.7/dist-packages/rospy/topics.py", line 750, in _invoke_callback
    cb(msg)
  File "sonar_get_min_dist.py", line 28, in sonar_callback
    self.back_left_min, self.back_right_min = self.process_sonar_data(data)
  File "sonar_get_min_dist.py", line 56, in process_sonar_data
    self.pub_dists([bl_min,br_min])
  File "sonar_get_min_dist.py", line 70, in pub_dists
    rospy.init_node('list_publisher',anonymous=True)
  File "/opt/ros/kinetic/lib/python2.7/dist-packages/rospy/client.py", line 274, in init_node
    raise rospy.exceptions.ROSException("rospy.init_node() has already been called with different arguments: "+str(_init_node_args))
ROSException: rospy.init_node() has already been called with different arguments: ('sonar_processor', ['sonar_get_min_dist.py'], True, None, False, False)

[rosout][ERROR] 2025-03-27 14:23:03,121: bad callback: <bound method SonarProcessor.sonar_callback of <__main__.SonarProcessor instance at 0x7fa92a5a91b8>>
Traceback (most recent call last):
  File "/opt/ros/kinetic/lib/python2.7/dist-packages/rospy/topics.py", line 750, in _invoke_callback
    cb(msg)
  File "sonar_get_min_dist.py", line 28, in sonar_callback
    self.back_left_min, self.back_right_min = self.process_sonar_data(data)
  File "sonar_get_min_dist.py", line 56, in process_sonar_data
    self.pub_dists([bl_min,br_min])
  File "sonar_get_min_dist.py", line 70, in pub_dists
    rospy.init_node('list_publisher',anonymous=True)
  File "/opt/ros/kinetic/lib/python2.7/dist-packages/rospy/client.py", line 274, in init_node
    raise rospy.exceptions.ROSException("rospy.init_node() has already been called with different arguments: "+str(_init_node_args))
ROSException: rospy.init_node() has already been called with different arguments: ('sonar_processor', ['sonar_get_min_dist.py'], True, None, False, False)

[rosout][ERROR] 2025-03-27 14:23:03,224: bad callback: <bound method SonarProcessor.sonar_callback of <__main__.SonarProcessor instance at 0x7fa92a5a91b8>>
Traceback (most recent call last):
  File "/opt/ros/kinetic/lib/python2.7/dist-packages/rospy/topics.py", line 750, in _invoke_callback
    cb(msg)
  File "sonar_get_min_dist.py", line 28, in sonar_callback
    self.back_left_min, self.back_right_min = self.process_sonar_data(data)
  File "sonar_get_min_dist.py", line 56, in process_sonar_data
    self.pub_dists([bl_min,br_min])
  File "sonar_get_min_dist.py", line 70, in pub_dists
    rospy.init_node('list_publisher',anonymous=True)
  File "/opt/ros/kinetic/lib/python2.7/dist-packages/rospy/client.py", line 274, in init_node
    raise rospy.exceptions.ROSException("rospy.init_node() has already been called with different arguments: "+str(_init_node_args))
ROSException: rospy.init_node() has already been called with different arguments: ('sonar_processor', ['sonar_get_min_dist.py'], True, None, False, False)

[rosout][ERROR] 2025-03-27 14:23:03,321: bad callback: <bound method SonarProcessor.sonar_callback of <__main__.SonarProcessor instance at 0x7fa92a5a91b8>>
Traceback (most recent call last):
  File "/opt/ros/kinetic/lib/python2.7/dist-packages/rospy/topics.py", line 750, in _invoke_callback
    cb(msg)
  File "sonar_get_min_dist.py", line 28, in sonar_callback
    self.back_left_min, self.back_right_min = self.process_sonar_data(data)
  File "sonar_get_min_dist.py", line 56, in process_sonar_data
    self.pub_dists([bl_min,br_min])
  File "sonar_get_min_dist.py", line 70, in pub_dists
    rospy.init_node('list_publisher',anonymous=True)
  File "/opt/ros/kinetic/lib/python2.7/dist-packages/rospy/client.py", line 274, in init_node
    raise rospy.exceptions.ROSException("rospy.init_node() has already been called with different arguments: "+str(_init_node_args))
ROSException: rospy.init_node() has already been called with different arguments: ('sonar_processor', ['sonar_get_min_dist.py'], True, None, False, False)

[rosout][ERROR] 2025-03-27 14:23:03,424: bad callback: <bound method SonarProcessor.sonar_callback of <__main__.SonarProcessor instance at 0x7fa92a5a91b8>>
Traceback (most recent call last):
  File "/opt/ros/kinetic/lib/python2.7/dist-packages/rospy/topics.py", line 750, in _invoke_callback
    cb(msg)
  File "sonar_get_min_dist.py", line 28, in sonar_callback
    self.back_left_min, self.back_right_min = self.process_sonar_data(data)
  File "sonar_get_min_dist.py", line 56, in process_sonar_data
    self.pub_dists([bl_min,br_min])
  File "sonar_get_min_dist.py", line 70, in pub_dists
    rospy.init_node('list_publisher',anonymous=True)
  File "/opt/ros/kinetic/lib/python2.7/dist-packages/rospy/client.py", line 274, in init_node
    raise rospy.exceptions.ROSException("rospy.init_node() has already been called with different arguments: "+str(_init_node_args))
ROSException: rospy.init_node() has already been called with different arguments: ('sonar_processor', ['sonar_get_min_dist.py'], True, None, False, False)

[rosout][ERROR] 2025-03-27 14:23:03,521: bad callback: <bound method SonarProcessor.sonar_callback of <__main__.SonarProcessor instance at 0x7fa92a5a91b8>>
Traceback (most recent call last):
  File "/opt/ros/kinetic/lib/python2.7/dist-packages/rospy/topics.py", line 750, in _invoke_callback
    cb(msg)
  File "sonar_get_min_dist.py", line 28, in sonar_callback
    self.back_left_min, self.back_right_min = self.process_sonar_data(data)
  File "sonar_get_min_dist.py", line 56, in process_sonar_data
    self.pub_dists([bl_min,br_min])
  File "sonar_get_min_dist.py", line 70, in pub_dists
    rospy.init_node('list_publisher',anonymous=True)
  File "/opt/ros/kinetic/lib/python2.7/dist-packages/rospy/client.py", line 274, in init_node
    raise rospy.exceptions.ROSException("rospy.init_node() has already been called with different arguments: "+str(_init_node_args))
ROSException: rospy.init_node() has already been called with different arguments: ('sonar_processor', ['sonar_get_min_dist.py'], True, None, False, False)

[rosout][ERROR] 2025-03-27 14:23:03,625: bad callback: <bound method SonarProcessor.sonar_callback of <__main__.SonarProcessor instance at 0x7fa92a5a91b8>>
Traceback (most recent call last):
  File "/opt/ros/kinetic/lib/python2.7/dist-packages/rospy/topics.py", line 750, in _invoke_callback
    cb(msg)
  File "sonar_get_min_dist.py", line 28, in sonar_callback
    self.back_left_min, self.back_right_min = self.process_sonar_data(data)
  File "sonar_get_min_dist.py", line 56, in process_sonar_data
    self.pub_dists([bl_min,br_min])
  File "sonar_get_min_dist.py", line 70, in pub_dists
    rospy.init_node('list_publisher',anonymous=True)
  File "/opt/ros/kinetic/lib/python2.7/dist-packages/rospy/client.py", line 274, in init_node
    raise rospy.exceptions.ROSException("rospy.init_node() has already been called with different arguments: "+str(_init_node_args))
ROSException: rospy.init_node() has already been called with different arguments: ('sonar_processor', ['sonar_get_min_dist.py'], True, None, False, False)

[rosout][ERROR] 2025-03-27 14:23:03,721: bad callback: <bound method SonarProcessor.sonar_callback of <__main__.SonarProcessor instance at 0x7fa92a5a91b8>>
Traceback (most recent call last):
  File "/opt/ros/kinetic/lib/python2.7/dist-packages/rospy/topics.py", line 750, in _invoke_callback
    cb(msg)
  File "sonar_get_min_dist.py", line 28, in sonar_callback
    self.back_left_min, self.back_right_min = self.process_sonar_data(data)
  File "sonar_get_min_dist.py", line 56, in process_sonar_data
    self.pub_dists([bl_min,br_min])
  File "sonar_get_min_dist.py", line 70, in pub_dists
    rospy.init_node('list_publisher',anonymous=True)
  File "/opt/ros/kinetic/lib/python2.7/dist-packages/rospy/client.py", line 274, in init_node
    raise rospy.exceptions.ROSException("rospy.init_node() has already been called with different arguments: "+str(_init_node_args))
ROSException: rospy.init_node() has already been called with different arguments: ('sonar_processor', ['sonar_get_min_dist.py'], True, None, False, False)

[rosout][ERROR] 2025-03-27 14:23:03,825: bad callback: <bound method SonarProcessor.sonar_callback of <__main__.SonarProcessor instance at 0x7fa92a5a91b8>>
Traceback (most recent call last):
  File "/opt/ros/kinetic/lib/python2.7/dist-packages/rospy/topics.py", line 750, in _invoke_callback
    cb(msg)
  File "sonar_get_min_dist.py", line 28, in sonar_callback
    self.back_left_min, self.back_right_min = self.process_sonar_data(data)
  File "sonar_get_min_dist.py", line 56, in process_sonar_data
    self.pub_dists([bl_min,br_min])
  File "sonar_get_min_dist.py", line 70, in pub_dists
    rospy.init_node('list_publisher',anonymous=True)
  File "/opt/ros/kinetic/lib/python2.7/dist-packages/rospy/client.py", line 274, in init_node
    raise rospy.exceptions.ROSException("rospy.init_node() has already been called with different arguments: "+str(_init_node_args))
ROSException: rospy.init_node() has already been called with different arguments: ('sonar_processor', ['sonar_get_min_dist.py'], True, None, False, False)

[rosout][ERROR] 2025-03-27 14:23:03,922: bad callback: <bound method SonarProcessor.sonar_callback of <__main__.SonarProcessor instance at 0x7fa92a5a91b8>>
Traceback (most recent call last):
  File "/opt/ros/kinetic/lib/python2.7/dist-packages/rospy/topics.py", line 750, in _invoke_callback
    cb(msg)
  File "sonar_get_min_dist.py", line 28, in sonar_callback
    self.back_left_min, self.back_right_min = self.process_sonar_data(data)
  File "sonar_get_min_dist.py", line 56, in process_sonar_data
    self.pub_dists([bl_min,br_min])
  File "sonar_get_min_dist.py", line 70, in pub_dists
    rospy.init_node('list_publisher',anonymous=True)
  File "/opt/ros/kinetic/lib/python2.7/dist-packages/rospy/client.py", line 274, in init_node
    raise rospy.exceptions.ROSException("rospy.init_node() has already been called with different arguments: "+str(_init_node_args))
ROSException: rospy.init_node() has already been called with different arguments: ('sonar_processor', ['sonar_get_min_dist.py'], True, None, False, False)

[rosout][ERROR] 2025-03-27 14:23:04,025: bad callback: <bound method SonarProcessor.sonar_callback of <__main__.SonarProcessor instance at 0x7fa92a5a91b8>>
Traceback (most recent call last):
  File "/opt/ros/kinetic/lib/python2.7/dist-packages/rospy/topics.py", line 750, in _invoke_callback
    cb(msg)
  File "sonar_get_min_dist.py", line 28, in sonar_callback
    self.back_left_min, self.back_right_min = self.process_sonar_data(data)
  File "sonar_get_min_dist.py", line 56, in process_sonar_data
    self.pub_dists([bl_min,br_min])
  File "sonar_get_min_dist.py", line 70, in pub_dists
    rospy.init_node('list_publisher',anonymous=True)
  File "/opt/ros/kinetic/lib/python2.7/dist-packages/rospy/client.py", line 274, in init_node
    raise rospy.exceptions.ROSException("rospy.init_node() has already been called with different arguments: "+str(_init_node_args))
ROSException: rospy.init_node() has already been called with different arguments: ('sonar_processor', ['sonar_get_min_dist.py'], True, None, False, False)

[rosout][ERROR] 2025-03-27 14:23:04,122: bad callback: <bound method SonarProcessor.sonar_callback of <__main__.SonarProcessor instance at 0x7fa92a5a91b8>>
Traceback (most recent call last):
  File "/opt/ros/kinetic/lib/python2.7/dist-packages/rospy/topics.py", line 750, in _invoke_callback
    cb(msg)
  File "sonar_get_min_dist.py", line 28, in sonar_callback
    self.back_left_min, self.back_right_min = self.process_sonar_data(data)
  File "sonar_get_min_dist.py", line 56, in process_sonar_data
    self.pub_dists([bl_min,br_min])
  File "sonar_get_min_dist.py", line 70, in pub_dists
    rospy.init_node('list_publisher',anonymous=True)
  File "/opt/ros/kinetic/lib/python2.7/dist-packages/rospy/client.py", line 274, in init_node
    raise rospy.exceptions.ROSException("rospy.init_node() has already been called with different arguments: "+str(_init_node_args))
ROSException: rospy.init_node() has already been called with different arguments: ('sonar_processor', ['sonar_get_min_dist.py'], True, None, False, False)

[rosout][ERROR] 2025-03-27 14:23:04,225: bad callback: <bound method SonarProcessor.sonar_callback of <__main__.SonarProcessor instance at 0x7fa92a5a91b8>>
Traceback (most recent call last):
  File "/opt/ros/kinetic/lib/python2.7/dist-packages/rospy/topics.py", line 750, in _invoke_callback
    cb(msg)
  File "sonar_get_min_dist.py", line 28, in sonar_callback
    self.back_left_min, self.back_right_min = self.process_sonar_data(data)
  File "sonar_get_min_dist.py", line 56, in process_sonar_data
    self.pub_dists([bl_min,br_min])
  File "sonar_get_min_dist.py", line 70, in pub_dists
    rospy.init_node('list_publisher',anonymous=True)
  File "/opt/ros/kinetic/lib/python2.7/dist-packages/rospy/client.py", line 274, in init_node
    raise rospy.exceptions.ROSException("rospy.init_node() has already been called with different arguments: "+str(_init_node_args))
ROSException: rospy.init_node() has already been called with different arguments: ('sonar_processor', ['sonar_get_min_dist.py'], True, None, False, False)

[rosout][ERROR] 2025-03-27 14:23:04,322: bad callback: <bound method SonarProcessor.sonar_callback of <__main__.SonarProcessor instance at 0x7fa92a5a91b8>>
Traceback (most recent call last):
  File "/opt/ros/kinetic/lib/python2.7/dist-packages/rospy/topics.py", line 750, in _invoke_callback
    cb(msg)
  File "sonar_get_min_dist.py", line 28, in sonar_callback
    self.back_left_min, self.back_right_min = self.process_sonar_data(data)
  File "sonar_get_min_dist.py", line 56, in process_sonar_data
    self.pub_dists([bl_min,br_min])
  File "sonar_get_min_dist.py", line 70, in pub_dists
    rospy.init_node('list_publisher',anonymous=True)
  File "/opt/ros/kinetic/lib/python2.7/dist-packages/rospy/client.py", line 274, in init_node
    raise rospy.exceptions.ROSException("rospy.init_node() has already been called with different arguments: "+str(_init_node_args))
ROSException: rospy.init_node() has already been called with different arguments: ('sonar_processor', ['sonar_get_min_dist.py'], True, None, False, False)

[rosout][ERROR] 2025-03-27 14:23:04,425: bad callback: <bound method SonarProcessor.sonar_callback of <__main__.SonarProcessor instance at 0x7fa92a5a91b8>>
Traceback (most recent call last):
  File "/opt/ros/kinetic/lib/python2.7/dist-packages/rospy/topics.py", line 750, in _invoke_callback
    cb(msg)
  File "sonar_get_min_dist.py", line 28, in sonar_callback
    self.back_left_min, self.back_right_min = self.process_sonar_data(data)
  File "sonar_get_min_dist.py", line 56, in process_sonar_data
    self.pub_dists([bl_min,br_min])
  File "sonar_get_min_dist.py", line 70, in pub_dists
    rospy.init_node('list_publisher',anonymous=True)
  File "/opt/ros/kinetic/lib/python2.7/dist-packages/rospy/client.py", line 274, in init_node
    raise rospy.exceptions.ROSException("rospy.init_node() has already been called with different arguments: "+str(_init_node_args))
ROSException: rospy.init_node() has already been called with different arguments: ('sonar_processor', ['sonar_get_min_dist.py'], True, None, False, False)

[rosout][ERROR] 2025-03-27 14:23:04,522: bad callback: <bound method SonarProcessor.sonar_callback of <__main__.SonarProcessor instance at 0x7fa92a5a91b8>>
Traceback (most recent call last):
  File "/opt/ros/kinetic/lib/python2.7/dist-packages/rospy/topics.py", line 750, in _invoke_callback
    cb(msg)
  File "sonar_get_min_dist.py", line 28, in sonar_callback
    self.back_left_min, self.back_right_min = self.process_sonar_data(data)
  File "sonar_get_min_dist.py", line 56, in process_sonar_data
    self.pub_dists([bl_min,br_min])
  File "sonar_get_min_dist.py", line 70, in pub_dists
    rospy.init_node('list_publisher',anonymous=True)
  File "/opt/ros/kinetic/lib/python2.7/dist-packages/rospy/client.py", line 274, in init_node
    raise rospy.exceptions.ROSException("rospy.init_node() has already been called with different arguments: "+str(_init_node_args))
ROSException: rospy.init_node() has already been called with different arguments: ('sonar_processor', ['sonar_get_min_dist.py'], True, None, False, False)

[rosout][ERROR] 2025-03-27 14:23:04,625: bad callback: <bound method SonarProcessor.sonar_callback of <__main__.SonarProcessor instance at 0x7fa92a5a91b8>>
Traceback (most recent call last):
  File "/opt/ros/kinetic/lib/python2.7/dist-packages/rospy/topics.py", line 750, in _invoke_callback
    cb(msg)
  File "sonar_get_min_dist.py", line 28, in sonar_callback
    self.back_left_min, self.back_right_min = self.process_sonar_data(data)
  File "sonar_get_min_dist.py", line 56, in process_sonar_data
    self.pub_dists([bl_min,br_min])
  File "sonar_get_min_dist.py", line 70, in pub_dists
    rospy.init_node('list_publisher',anonymous=True)
  File "/opt/ros/kinetic/lib/python2.7/dist-packages/rospy/client.py", line 274, in init_node
    raise rospy.exceptions.ROSException("rospy.init_node() has already been called with different arguments: "+str(_init_node_args))
ROSException: rospy.init_node() has already been called with different arguments: ('sonar_processor', ['sonar_get_min_dist.py'], True, None, False, False)

[rosout][ERROR] 2025-03-27 14:23:04,722: bad callback: <bound method SonarProcessor.sonar_callback of <__main__.SonarProcessor instance at 0x7fa92a5a91b8>>
Traceback (most recent call last):
  File "/opt/ros/kinetic/lib/python2.7/dist-packages/rospy/topics.py", line 750, in _invoke_callback
    cb(msg)
  File "sonar_get_min_dist.py", line 28, in sonar_callback
    self.back_left_min, self.back_right_min = self.process_sonar_data(data)
  File "sonar_get_min_dist.py", line 56, in process_sonar_data
    self.pub_dists([bl_min,br_min])
  File "sonar_get_min_dist.py", line 70, in pub_dists
    rospy.init_node('list_publisher',anonymous=True)
  File "/opt/ros/kinetic/lib/python2.7/dist-packages/rospy/client.py", line 274, in init_node
    raise rospy.exceptions.ROSException("rospy.init_node() has already been called with different arguments: "+str(_init_node_args))
ROSException: rospy.init_node() has already been called with different arguments: ('sonar_processor', ['sonar_get_min_dist.py'], True, None, False, False)

[rosout][ERROR] 2025-03-27 14:23:04,825: bad callback: <bound method SonarProcessor.sonar_callback of <__main__.SonarProcessor instance at 0x7fa92a5a91b8>>
Traceback (most recent call last):
  File "/opt/ros/kinetic/lib/python2.7/dist-packages/rospy/topics.py", line 750, in _invoke_callback
    cb(msg)
  File "sonar_get_min_dist.py", line 28, in sonar_callback
    self.back_left_min, self.back_right_min = self.process_sonar_data(data)
  File "sonar_get_min_dist.py", line 56, in process_sonar_data
    self.pub_dists([bl_min,br_min])
  File "sonar_get_min_dist.py", line 70, in pub_dists
    rospy.init_node('list_publisher',anonymous=True)
  File "/opt/ros/kinetic/lib/python2.7/dist-packages/rospy/client.py", line 274, in init_node
    raise rospy.exceptions.ROSException("rospy.init_node() has already been called with different arguments: "+str(_init_node_args))
ROSException: rospy.init_node() has already been called with different arguments: ('sonar_processor', ['sonar_get_min_dist.py'], True, None, False, False)

[rosout][ERROR] 2025-03-27 14:23:04,922: bad callback: <bound method SonarProcessor.sonar_callback of <__main__.SonarProcessor instance at 0x7fa92a5a91b8>>
Traceback (most recent call last):
  File "/opt/ros/kinetic/lib/python2.7/dist-packages/rospy/topics.py", line 750, in _invoke_callback
    cb(msg)
  File "sonar_get_min_dist.py", line 28, in sonar_callback
    self.back_left_min, self.back_right_min = self.process_sonar_data(data)
  File "sonar_get_min_dist.py", line 56, in process_sonar_data
    self.pub_dists([bl_min,br_min])
  File "sonar_get_min_dist.py", line 70, in pub_dists
    rospy.init_node('list_publisher',anonymous=True)
  File "/opt/ros/kinetic/lib/python2.7/dist-packages/rospy/client.py", line 274, in init_node
    raise rospy.exceptions.ROSException("rospy.init_node() has already been called with different arguments: "+str(_init_node_args))
ROSException: rospy.init_node() has already been called with different arguments: ('sonar_processor', ['sonar_get_min_dist.py'], True, None, False, False)

[rosout][ERROR] 2025-03-27 14:23:05,025: bad callback: <bound method SonarProcessor.sonar_callback of <__main__.SonarProcessor instance at 0x7fa92a5a91b8>>
Traceback (most recent call last):
  File "/opt/ros/kinetic/lib/python2.7/dist-packages/rospy/topics.py", line 750, in _invoke_callback
    cb(msg)
  File "sonar_get_min_dist.py", line 28, in sonar_callback
    self.back_left_min, self.back_right_min = self.process_sonar_data(data)
  File "sonar_get_min_dist.py", line 56, in process_sonar_data
    self.pub_dists([bl_min,br_min])
  File "sonar_get_min_dist.py", line 70, in pub_dists
    rospy.init_node('list_publisher',anonymous=True)
  File "/opt/ros/kinetic/lib/python2.7/dist-packages/rospy/client.py", line 274, in init_node
    raise rospy.exceptions.ROSException("rospy.init_node() has already been called with different arguments: "+str(_init_node_args))
ROSException: rospy.init_node() has already been called with different arguments: ('sonar_processor', ['sonar_get_min_dist.py'], True, None, False, False)

[rosout][ERROR] 2025-03-27 14:23:05,122: bad callback: <bound method SonarProcessor.sonar_callback of <__main__.SonarProcessor instance at 0x7fa92a5a91b8>>
Traceback (most recent call last):
  File "/opt/ros/kinetic/lib/python2.7/dist-packages/rospy/topics.py", line 750, in _invoke_callback
    cb(msg)
  File "sonar_get_min_dist.py", line 28, in sonar_callback
    self.back_left_min, self.back_right_min = self.process_sonar_data(data)
  File "sonar_get_min_dist.py", line 56, in process_sonar_data
    self.pub_dists([bl_min,br_min])
  File "sonar_get_min_dist.py", line 70, in pub_dists
    rospy.init_node('list_publisher',anonymous=True)
  File "/opt/ros/kinetic/lib/python2.7/dist-packages/rospy/client.py", line 274, in init_node
    raise rospy.exceptions.ROSException("rospy.init_node() has already been called with different arguments: "+str(_init_node_args))
ROSException: rospy.init_node() has already been called with different arguments: ('sonar_processor', ['sonar_get_min_dist.py'], True, None, False, False)

[rosout][ERROR] 2025-03-27 14:23:05,225: bad callback: <bound method SonarProcessor.sonar_callback of <__main__.SonarProcessor instance at 0x7fa92a5a91b8>>
Traceback (most recent call last):
  File "/opt/ros/kinetic/lib/python2.7/dist-packages/rospy/topics.py", line 750, in _invoke_callback
    cb(msg)
  File "sonar_get_min_dist.py", line 28, in sonar_callback
    self.back_left_min, self.back_right_min = self.process_sonar_data(data)
  File "sonar_get_min_dist.py", line 56, in process_sonar_data
    self.pub_dists([bl_min,br_min])
  File "sonar_get_min_dist.py", line 70, in pub_dists
    rospy.init_node('list_publisher',anonymous=True)
  File "/opt/ros/kinetic/lib/python2.7/dist-packages/rospy/client.py", line 274, in init_node
    raise rospy.exceptions.ROSException("rospy.init_node() has already been called with different arguments: "+str(_init_node_args))
ROSException: rospy.init_node() has already been called with different arguments: ('sonar_processor', ['sonar_get_min_dist.py'], True, None, False, False)

[rosout][ERROR] 2025-03-27 14:23:05,322: bad callback: <bound method SonarProcessor.sonar_callback of <__main__.SonarProcessor instance at 0x7fa92a5a91b8>>
Traceback (most recent call last):
  File "/opt/ros/kinetic/lib/python2.7/dist-packages/rospy/topics.py", line 750, in _invoke_callback
    cb(msg)
  File "sonar_get_min_dist.py", line 28, in sonar_callback
    self.back_left_min, self.back_right_min = self.process_sonar_data(data)
  File "sonar_get_min_dist.py", line 56, in process_sonar_data
    self.pub_dists([bl_min,br_min])
  File "sonar_get_min_dist.py", line 70, in pub_dists
    rospy.init_node('list_publisher',anonymous=True)
  File "/opt/ros/kinetic/lib/python2.7/dist-packages/rospy/client.py", line 274, in init_node
    raise rospy.exceptions.ROSException("rospy.init_node() has already been called with different arguments: "+str(_init_node_args))
ROSException: rospy.init_node() has already been called with different arguments: ('sonar_processor', ['sonar_get_min_dist.py'], True, None, False, False)

[rosout][ERROR] 2025-03-27 14:23:05,425: bad callback: <bound method SonarProcessor.sonar_callback of <__main__.SonarProcessor instance at 0x7fa92a5a91b8>>
Traceback (most recent call last):
  File "/opt/ros/kinetic/lib/python2.7/dist-packages/rospy/topics.py", line 750, in _invoke_callback
    cb(msg)
  File "sonar_get_min_dist.py", line 28, in sonar_callback
    self.back_left_min, self.back_right_min = self.process_sonar_data(data)
  File "sonar_get_min_dist.py", line 56, in process_sonar_data
    self.pub_dists([bl_min,br_min])
  File "sonar_get_min_dist.py", line 70, in pub_dists
    rospy.init_node('list_publisher',anonymous=True)
  File "/opt/ros/kinetic/lib/python2.7/dist-packages/rospy/client.py", line 274, in init_node
    raise rospy.exceptions.ROSException("rospy.init_node() has already been called with different arguments: "+str(_init_node_args))
ROSException: rospy.init_node() has already been called with different arguments: ('sonar_processor', ['sonar_get_min_dist.py'], True, None, False, False)

[rosout][ERROR] 2025-03-27 14:23:05,522: bad callback: <bound method SonarProcessor.sonar_callback of <__main__.SonarProcessor instance at 0x7fa92a5a91b8>>
Traceback (most recent call last):
  File "/opt/ros/kinetic/lib/python2.7/dist-packages/rospy/topics.py", line 750, in _invoke_callback
    cb(msg)
  File "sonar_get_min_dist.py", line 28, in sonar_callback
    self.back_left_min, self.back_right_min = self.process_sonar_data(data)
  File "sonar_get_min_dist.py", line 56, in process_sonar_data
    self.pub_dists([bl_min,br_min])
  File "sonar_get_min_dist.py", line 70, in pub_dists
    rospy.init_node('list_publisher',anonymous=True)
  File "/opt/ros/kinetic/lib/python2.7/dist-packages/rospy/client.py", line 274, in init_node
    raise rospy.exceptions.ROSException("rospy.init_node() has already been called with different arguments: "+str(_init_node_args))
ROSException: rospy.init_node() has already been called with different arguments: ('sonar_processor', ['sonar_get_min_dist.py'], True, None, False, False)

[rosout][ERROR] 2025-03-27 14:23:05,625: bad callback: <bound method SonarProcessor.sonar_callback of <__main__.SonarProcessor instance at 0x7fa92a5a91b8>>
Traceback (most recent call last):
  File "/opt/ros/kinetic/lib/python2.7/dist-packages/rospy/topics.py", line 750, in _invoke_callback
    cb(msg)
  File "sonar_get_min_dist.py", line 28, in sonar_callback
    self.back_left_min, self.back_right_min = self.process_sonar_data(data)
  File "sonar_get_min_dist.py", line 56, in process_sonar_data
    self.pub_dists([bl_min,br_min])
  File "sonar_get_min_dist.py", line 70, in pub_dists
    rospy.init_node('list_publisher',anonymous=True)
  File "/opt/ros/kinetic/lib/python2.7/dist-packages/rospy/client.py", line 274, in init_node
    raise rospy.exceptions.ROSException("rospy.init_node() has already been called with different arguments: "+str(_init_node_args))
ROSException: rospy.init_node() has already been called with different arguments: ('sonar_processor', ['sonar_get_min_dist.py'], True, None, False, False)

[rosout][ERROR] 2025-03-27 14:23:05,722: bad callback: <bound method SonarProcessor.sonar_callback of <__main__.SonarProcessor instance at 0x7fa92a5a91b8>>
Traceback (most recent call last):
  File "/opt/ros/kinetic/lib/python2.7/dist-packages/rospy/topics.py", line 750, in _invoke_callback
    cb(msg)
  File "sonar_get_min_dist.py", line 28, in sonar_callback
    self.back_left_min, self.back_right_min = self.process_sonar_data(data)
  File "sonar_get_min_dist.py", line 56, in process_sonar_data
    self.pub_dists([bl_min,br_min])
  File "sonar_get_min_dist.py", line 70, in pub_dists
    rospy.init_node('list_publisher',anonymous=True)
  File "/opt/ros/kinetic/lib/python2.7/dist-packages/rospy/client.py", line 274, in init_node
    raise rospy.exceptions.ROSException("rospy.init_node() has already been called with different arguments: "+str(_init_node_args))
ROSException: rospy.init_node() has already been called with different arguments: ('sonar_processor', ['sonar_get_min_dist.py'], True, None, False, False)

[rosout][ERROR] 2025-03-27 14:23:05,825: bad callback: <bound method SonarProcessor.sonar_callback of <__main__.SonarProcessor instance at 0x7fa92a5a91b8>>
Traceback (most recent call last):
  File "/opt/ros/kinetic/lib/python2.7/dist-packages/rospy/topics.py", line 750, in _invoke_callback
    cb(msg)
  File "sonar_get_min_dist.py", line 28, in sonar_callback
    self.back_left_min, self.back_right_min = self.process_sonar_data(data)
  File "sonar_get_min_dist.py", line 56, in process_sonar_data
    self.pub_dists([bl_min,br_min])
  File "sonar_get_min_dist.py", line 70, in pub_dists
    rospy.init_node('list_publisher',anonymous=True)
  File "/opt/ros/kinetic/lib/python2.7/dist-packages/rospy/client.py", line 274, in init_node
    raise rospy.exceptions.ROSException("rospy.init_node() has already been called with different arguments: "+str(_init_node_args))
ROSException: rospy.init_node() has already been called with different arguments: ('sonar_processor', ['sonar_get_min_dist.py'], True, None, False, False)

[rosout][ERROR] 2025-03-27 14:23:05,922: bad callback: <bound method SonarProcessor.sonar_callback of <__main__.SonarProcessor instance at 0x7fa92a5a91b8>>
Traceback (most recent call last):
  File "/opt/ros/kinetic/lib/python2.7/dist-packages/rospy/topics.py", line 750, in _invoke_callback
    cb(msg)
  File "sonar_get_min_dist.py", line 28, in sonar_callback
    self.back_left_min, self.back_right_min = self.process_sonar_data(data)
  File "sonar_get_min_dist.py", line 56, in process_sonar_data
    self.pub_dists([bl_min,br_min])
  File "sonar_get_min_dist.py", line 70, in pub_dists
    rospy.init_node('list_publisher',anonymous=True)
  File "/opt/ros/kinetic/lib/python2.7/dist-packages/rospy/client.py", line 274, in init_node
    raise rospy.exceptions.ROSException("rospy.init_node() has already been called with different arguments: "+str(_init_node_args))
ROSException: rospy.init_node() has already been called with different arguments: ('sonar_processor', ['sonar_get_min_dist.py'], True, None, False, False)

[rosout][ERROR] 2025-03-27 14:23:06,026: bad callback: <bound method SonarProcessor.sonar_callback of <__main__.SonarProcessor instance at 0x7fa92a5a91b8>>
Traceback (most recent call last):
  File "/opt/ros/kinetic/lib/python2.7/dist-packages/rospy/topics.py", line 750, in _invoke_callback
    cb(msg)
  File "sonar_get_min_dist.py", line 28, in sonar_callback
    self.back_left_min, self.back_right_min = self.process_sonar_data(data)
  File "sonar_get_min_dist.py", line 56, in process_sonar_data
    self.pub_dists([bl_min,br_min])
  File "sonar_get_min_dist.py", line 70, in pub_dists
    rospy.init_node('list_publisher',anonymous=True)
  File "/opt/ros/kinetic/lib/python2.7/dist-packages/rospy/client.py", line 274, in init_node
    raise rospy.exceptions.ROSException("rospy.init_node() has already been called with different arguments: "+str(_init_node_args))
ROSException: rospy.init_node() has already been called with different arguments: ('sonar_processor', ['sonar_get_min_dist.py'], True, None, False, False)

[rosout][ERROR] 2025-03-27 14:23:06,122: bad callback: <bound method SonarProcessor.sonar_callback of <__main__.SonarProcessor instance at 0x7fa92a5a91b8>>
Traceback (most recent call last):
  File "/opt/ros/kinetic/lib/python2.7/dist-packages/rospy/topics.py", line 750, in _invoke_callback
    cb(msg)
  File "sonar_get_min_dist.py", line 28, in sonar_callback
    self.back_left_min, self.back_right_min = self.process_sonar_data(data)
  File "sonar_get_min_dist.py", line 56, in process_sonar_data
    self.pub_dists([bl_min,br_min])
  File "sonar_get_min_dist.py", line 70, in pub_dists
    rospy.init_node('list_publisher',anonymous=True)
  File "/opt/ros/kinetic/lib/python2.7/dist-packages/rospy/client.py", line 274, in init_node
    raise rospy.exceptions.ROSException("rospy.init_node() has already been called with different arguments: "+str(_init_node_args))
ROSException: rospy.init_node() has already been called with different arguments: ('sonar_processor', ['sonar_get_min_dist.py'], True, None, False, False)

[rosout][ERROR] 2025-03-27 14:23:06,226: bad callback: <bound method SonarProcessor.sonar_callback of <__main__.SonarProcessor instance at 0x7fa92a5a91b8>>
Traceback (most recent call last):
  File "/opt/ros/kinetic/lib/python2.7/dist-packages/rospy/topics.py", line 750, in _invoke_callback
    cb(msg)
  File "sonar_get_min_dist.py", line 28, in sonar_callback
    self.back_left_min, self.back_right_min = self.process_sonar_data(data)
  File "sonar_get_min_dist.py", line 56, in process_sonar_data
    self.pub_dists([bl_min,br_min])
  File "sonar_get_min_dist.py", line 70, in pub_dists
    rospy.init_node('list_publisher',anonymous=True)
  File "/opt/ros/kinetic/lib/python2.7/dist-packages/rospy/client.py", line 274, in init_node
    raise rospy.exceptions.ROSException("rospy.init_node() has already been called with different arguments: "+str(_init_node_args))
ROSException: rospy.init_node() has already been called with different arguments: ('sonar_processor', ['sonar_get_min_dist.py'], True, None, False, False)

[rosout][ERROR] 2025-03-27 14:23:06,322: bad callback: <bound method SonarProcessor.sonar_callback of <__main__.SonarProcessor instance at 0x7fa92a5a91b8>>
Traceback (most recent call last):
  File "/opt/ros/kinetic/lib/python2.7/dist-packages/rospy/topics.py", line 750, in _invoke_callback
    cb(msg)
  File "sonar_get_min_dist.py", line 28, in sonar_callback
    self.back_left_min, self.back_right_min = self.process_sonar_data(data)
  File "sonar_get_min_dist.py", line 56, in process_sonar_data
    self.pub_dists([bl_min,br_min])
  File "sonar_get_min_dist.py", line 70, in pub_dists
    rospy.init_node('list_publisher',anonymous=True)
  File "/opt/ros/kinetic/lib/python2.7/dist-packages/rospy/client.py", line 274, in init_node
    raise rospy.exceptions.ROSException("rospy.init_node() has already been called with different arguments: "+str(_init_node_args))
ROSException: rospy.init_node() has already been called with different arguments: ('sonar_processor', ['sonar_get_min_dist.py'], True, None, False, False)

[rosout][ERROR] 2025-03-27 14:23:06,426: bad callback: <bound method SonarProcessor.sonar_callback of <__main__.SonarProcessor instance at 0x7fa92a5a91b8>>
Traceback (most recent call last):
  File "/opt/ros/kinetic/lib/python2.7/dist-packages/rospy/topics.py", line 750, in _invoke_callback
    cb(msg)
  File "sonar_get_min_dist.py", line 28, in sonar_callback
    self.back_left_min, self.back_right_min = self.process_sonar_data(data)
  File "sonar_get_min_dist.py", line 56, in process_sonar_data
    self.pub_dists([bl_min,br_min])
  File "sonar_get_min_dist.py", line 70, in pub_dists
    rospy.init_node('list_publisher',anonymous=True)
  File "/opt/ros/kinetic/lib/python2.7/dist-packages/rospy/client.py", line 274, in init_node
    raise rospy.exceptions.ROSException("rospy.init_node() has already been called with different arguments: "+str(_init_node_args))
ROSException: rospy.init_node() has already been called with different arguments: ('sonar_processor', ['sonar_get_min_dist.py'], True, None, False, False)

[rosout][ERROR] 2025-03-27 14:23:06,523: bad callback: <bound method SonarProcessor.sonar_callback of <__main__.SonarProcessor instance at 0x7fa92a5a91b8>>
Traceback (most recent call last):
  File "/opt/ros/kinetic/lib/python2.7/dist-packages/rospy/topics.py", line 750, in _invoke_callback
    cb(msg)
  File "sonar_get_min_dist.py", line 28, in sonar_callback
    self.back_left_min, self.back_right_min = self.process_sonar_data(data)
  File "sonar_get_min_dist.py", line 56, in process_sonar_data
    self.pub_dists([bl_min,br_min])
  File "sonar_get_min_dist.py", line 70, in pub_dists
    rospy.init_node('list_publisher',anonymous=True)
  File "/opt/ros/kinetic/lib/python2.7/dist-packages/rospy/client.py", line 274, in init_node
    raise rospy.exceptions.ROSException("rospy.init_node() has already been called with different arguments: "+str(_init_node_args))
ROSException: rospy.init_node() has already been called with different arguments: ('sonar_processor', ['sonar_get_min_dist.py'], True, None, False, False)

[rosout][ERROR] 2025-03-27 14:23:06,626: bad callback: <bound method SonarProcessor.sonar_callback of <__main__.SonarProcessor instance at 0x7fa92a5a91b8>>
Traceback (most recent call last):
  File "/opt/ros/kinetic/lib/python2.7/dist-packages/rospy/topics.py", line 750, in _invoke_callback
    cb(msg)
  File "sonar_get_min_dist.py", line 28, in sonar_callback
    self.back_left_min, self.back_right_min = self.process_sonar_data(data)
  File "sonar_get_min_dist.py", line 56, in process_sonar_data
    self.pub_dists([bl_min,br_min])
  File "sonar_get_min_dist.py", line 70, in pub_dists
    rospy.init_node('list_publisher',anonymous=True)
  File "/opt/ros/kinetic/lib/python2.7/dist-packages/rospy/client.py", line 274, in init_node
    raise rospy.exceptions.ROSException("rospy.init_node() has already been called with different arguments: "+str(_init_node_args))
ROSException: rospy.init_node() has already been called with different arguments: ('sonar_processor', ['sonar_get_min_dist.py'], True, None, False, False)

[rosout][ERROR] 2025-03-27 14:23:06,723: bad callback: <bound method SonarProcessor.sonar_callback of <__main__.SonarProcessor instance at 0x7fa92a5a91b8>>
Traceback (most recent call last):
  File "/opt/ros/kinetic/lib/python2.7/dist-packages/rospy/topics.py", line 750, in _invoke_callback
    cb(msg)
  File "sonar_get_min_dist.py", line 28, in sonar_callback
    self.back_left_min, self.back_right_min = self.process_sonar_data(data)
  File "sonar_get_min_dist.py", line 56, in process_sonar_data
    self.pub_dists([bl_min,br_min])
  File "sonar_get_min_dist.py", line 70, in pub_dists
    rospy.init_node('list_publisher',anonymous=True)
  File "/opt/ros/kinetic/lib/python2.7/dist-packages/rospy/client.py", line 274, in init_node
    raise rospy.exceptions.ROSException("rospy.init_node() has already been called with different arguments: "+str(_init_node_args))
ROSException: rospy.init_node() has already been called with different arguments: ('sonar_processor', ['sonar_get_min_dist.py'], True, None, False, False)

[rosout][ERROR] 2025-03-27 14:23:06,826: bad callback: <bound method SonarProcessor.sonar_callback of <__main__.SonarProcessor instance at 0x7fa92a5a91b8>>
Traceback (most recent call last):
  File "/opt/ros/kinetic/lib/python2.7/dist-packages/rospy/topics.py", line 750, in _invoke_callback
    cb(msg)
  File "sonar_get_min_dist.py", line 28, in sonar_callback
    self.back_left_min, self.back_right_min = self.process_sonar_data(data)
  File "sonar_get_min_dist.py", line 56, in process_sonar_data
    self.pub_dists([bl_min,br_min])
  File "sonar_get_min_dist.py", line 70, in pub_dists
    rospy.init_node('list_publisher',anonymous=True)
  File "/opt/ros/kinetic/lib/python2.7/dist-packages/rospy/client.py", line 274, in init_node
    raise rospy.exceptions.ROSException("rospy.init_node() has already been called with different arguments: "+str(_init_node_args))
ROSException: rospy.init_node() has already been called with different arguments: ('sonar_processor', ['sonar_get_min_dist.py'], True, None, False, False)

[rosout][ERROR] 2025-03-27 14:23:06,923: bad callback: <bound method SonarProcessor.sonar_callback of <__main__.SonarProcessor instance at 0x7fa92a5a91b8>>
Traceback (most recent call last):
  File "/opt/ros/kinetic/lib/python2.7/dist-packages/rospy/topics.py", line 750, in _invoke_callback
    cb(msg)
  File "sonar_get_min_dist.py", line 28, in sonar_callback
    self.back_left_min, self.back_right_min = self.process_sonar_data(data)
  File "sonar_get_min_dist.py", line 56, in process_sonar_data
    self.pub_dists([bl_min,br_min])
  File "sonar_get_min_dist.py", line 70, in pub_dists
    rospy.init_node('list_publisher',anonymous=True)
  File "/opt/ros/kinetic/lib/python2.7/dist-packages/rospy/client.py", line 274, in init_node
    raise rospy.exceptions.ROSException("rospy.init_node() has already been called with different arguments: "+str(_init_node_args))
ROSException: rospy.init_node() has already been called with different arguments: ('sonar_processor', ['sonar_get_min_dist.py'], True, None, False, False)

[rosout][ERROR] 2025-03-27 14:23:07,026: bad callback: <bound method SonarProcessor.sonar_callback of <__main__.SonarProcessor instance at 0x7fa92a5a91b8>>
Traceback (most recent call last):
  File "/opt/ros/kinetic/lib/python2.7/dist-packages/rospy/topics.py", line 750, in _invoke_callback
    cb(msg)
  File "sonar_get_min_dist.py", line 28, in sonar_callback
    self.back_left_min, self.back_right_min = self.process_sonar_data(data)
  File "sonar_get_min_dist.py", line 56, in process_sonar_data
    self.pub_dists([bl_min,br_min])
  File "sonar_get_min_dist.py", line 70, in pub_dists
    rospy.init_node('list_publisher',anonymous=True)
  File "/opt/ros/kinetic/lib/python2.7/dist-packages/rospy/client.py", line 274, in init_node
    raise rospy.exceptions.ROSException("rospy.init_node() has already been called with different arguments: "+str(_init_node_args))
ROSException: rospy.init_node() has already been called with different arguments: ('sonar_processor', ['sonar_get_min_dist.py'], True, None, False, False)

[rosout][ERROR] 2025-03-27 14:23:07,123: bad callback: <bound method SonarProcessor.sonar_callback of <__main__.SonarProcessor instance at 0x7fa92a5a91b8>>
Traceback (most recent call last):
  File "/opt/ros/kinetic/lib/python2.7/dist-packages/rospy/topics.py", line 750, in _invoke_callback
    cb(msg)
  File "sonar_get_min_dist.py", line 28, in sonar_callback
    self.back_left_min, self.back_right_min = self.process_sonar_data(data)
  File "sonar_get_min_dist.py", line 56, in process_sonar_data
    self.pub_dists([bl_min,br_min])
  File "sonar_get_min_dist.py", line 70, in pub_dists
    rospy.init_node('list_publisher',anonymous=True)
  File "/opt/ros/kinetic/lib/python2.7/dist-packages/rospy/client.py", line 274, in init_node
    raise rospy.exceptions.ROSException("rospy.init_node() has already been called with different arguments: "+str(_init_node_args))
ROSException: rospy.init_node() has already been called with different arguments: ('sonar_processor', ['sonar_get_min_dist.py'], True, None, False, False)

[rosout][ERROR] 2025-03-27 14:23:07,226: bad callback: <bound method SonarProcessor.sonar_callback of <__main__.SonarProcessor instance at 0x7fa92a5a91b8>>
Traceback (most recent call last):
  File "/opt/ros/kinetic/lib/python2.7/dist-packages/rospy/topics.py", line 750, in _invoke_callback
    cb(msg)
  File "sonar_get_min_dist.py", line 28, in sonar_callback
    self.back_left_min, self.back_right_min = self.process_sonar_data(data)
  File "sonar_get_min_dist.py", line 56, in process_sonar_data
    self.pub_dists([bl_min,br_min])
  File "sonar_get_min_dist.py", line 70, in pub_dists
    rospy.init_node('list_publisher',anonymous=True)
  File "/opt/ros/kinetic/lib/python2.7/dist-packages/rospy/client.py", line 274, in init_node
    raise rospy.exceptions.ROSException("rospy.init_node() has already been called with different arguments: "+str(_init_node_args))
ROSException: rospy.init_node() has already been called with different arguments: ('sonar_processor', ['sonar_get_min_dist.py'], True, None, False, False)

[rosout][ERROR] 2025-03-27 14:23:07,323: bad callback: <bound method SonarProcessor.sonar_callback of <__main__.SonarProcessor instance at 0x7fa92a5a91b8>>
Traceback (most recent call last):
  File "/opt/ros/kinetic/lib/python2.7/dist-packages/rospy/topics.py", line 750, in _invoke_callback
    cb(msg)
  File "sonar_get_min_dist.py", line 28, in sonar_callback
    self.back_left_min, self.back_right_min = self.process_sonar_data(data)
  File "sonar_get_min_dist.py", line 56, in process_sonar_data
    self.pub_dists([bl_min,br_min])
  File "sonar_get_min_dist.py", line 70, in pub_dists
    rospy.init_node('list_publisher',anonymous=True)
  File "/opt/ros/kinetic/lib/python2.7/dist-packages/rospy/client.py", line 274, in init_node
    raise rospy.exceptions.ROSException("rospy.init_node() has already been called with different arguments: "+str(_init_node_args))
ROSException: rospy.init_node() has already been called with different arguments: ('sonar_processor', ['sonar_get_min_dist.py'], True, None, False, False)

[rosout][ERROR] 2025-03-27 14:23:07,426: bad callback: <bound method SonarProcessor.sonar_callback of <__main__.SonarProcessor instance at 0x7fa92a5a91b8>>
Traceback (most recent call last):
  File "/opt/ros/kinetic/lib/python2.7/dist-packages/rospy/topics.py", line 750, in _invoke_callback
    cb(msg)
  File "sonar_get_min_dist.py", line 28, in sonar_callback
    self.back_left_min, self.back_right_min = self.process_sonar_data(data)
  File "sonar_get_min_dist.py", line 56, in process_sonar_data
    self.pub_dists([bl_min,br_min])
  File "sonar_get_min_dist.py", line 70, in pub_dists
    rospy.init_node('list_publisher',anonymous=True)
  File "/opt/ros/kinetic/lib/python2.7/dist-packages/rospy/client.py", line 274, in init_node
    raise rospy.exceptions.ROSException("rospy.init_node() has already been called with different arguments: "+str(_init_node_args))
ROSException: rospy.init_node() has already been called with different arguments: ('sonar_processor', ['sonar_get_min_dist.py'], True, None, False, False)

[rosout][ERROR] 2025-03-27 14:23:07,523: bad callback: <bound method SonarProcessor.sonar_callback of <__main__.SonarProcessor instance at 0x7fa92a5a91b8>>
Traceback (most recent call last):
  File "/opt/ros/kinetic/lib/python2.7/dist-packages/rospy/topics.py", line 750, in _invoke_callback
    cb(msg)
  File "sonar_get_min_dist.py", line 28, in sonar_callback
    self.back_left_min, self.back_right_min = self.process_sonar_data(data)
  File "sonar_get_min_dist.py", line 56, in process_sonar_data
    self.pub_dists([bl_min,br_min])
  File "sonar_get_min_dist.py", line 70, in pub_dists
    rospy.init_node('list_publisher',anonymous=True)
  File "/opt/ros/kinetic/lib/python2.7/dist-packages/rospy/client.py", line 274, in init_node
    raise rospy.exceptions.ROSException("rospy.init_node() has already been called with different arguments: "+str(_init_node_args))
ROSException: rospy.init_node() has already been called with different arguments: ('sonar_processor', ['sonar_get_min_dist.py'], True, None, False, False)

[rosout][ERROR] 2025-03-27 14:23:07,626: bad callback: <bound method SonarProcessor.sonar_callback of <__main__.SonarProcessor instance at 0x7fa92a5a91b8>>
Traceback (most recent call last):
  File "/opt/ros/kinetic/lib/python2.7/dist-packages/rospy/topics.py", line 750, in _invoke_callback
    cb(msg)
  File "sonar_get_min_dist.py", line 28, in sonar_callback
    self.back_left_min, self.back_right_min = self.process_sonar_data(data)
  File "sonar_get_min_dist.py", line 56, in process_sonar_data
    self.pub_dists([bl_min,br_min])
  File "sonar_get_min_dist.py", line 70, in pub_dists
    rospy.init_node('list_publisher',anonymous=True)
  File "/opt/ros/kinetic/lib/python2.7/dist-packages/rospy/client.py", line 274, in init_node
    raise rospy.exceptions.ROSException("rospy.init_node() has already been called with different arguments: "+str(_init_node_args))
ROSException: rospy.init_node() has already been called with different arguments: ('sonar_processor', ['sonar_get_min_dist.py'], True, None, False, False)

[rosout][ERROR] 2025-03-27 14:23:07,723: bad callback: <bound method SonarProcessor.sonar_callback of <__main__.SonarProcessor instance at 0x7fa92a5a91b8>>
Traceback (most recent call last):
  File "/opt/ros/kinetic/lib/python2.7/dist-packages/rospy/topics.py", line 750, in _invoke_callback
    cb(msg)
  File "sonar_get_min_dist.py", line 28, in sonar_callback
    self.back_left_min, self.back_right_min = self.process_sonar_data(data)
  File "sonar_get_min_dist.py", line 56, in process_sonar_data
    self.pub_dists([bl_min,br_min])
  File "sonar_get_min_dist.py", line 70, in pub_dists
    rospy.init_node('list_publisher',anonymous=True)
  File "/opt/ros/kinetic/lib/python2.7/dist-packages/rospy/client.py", line 274, in init_node
    raise rospy.exceptions.ROSException("rospy.init_node() has already been called with different arguments: "+str(_init_node_args))
ROSException: rospy.init_node() has already been called with different arguments: ('sonar_processor', ['sonar_get_min_dist.py'], True, None, False, False)

[rosout][ERROR] 2025-03-27 14:23:07,826: bad callback: <bound method SonarProcessor.sonar_callback of <__main__.SonarProcessor instance at 0x7fa92a5a91b8>>
Traceback (most recent call last):
  File "/opt/ros/kinetic/lib/python2.7/dist-packages/rospy/topics.py", line 750, in _invoke_callback
    cb(msg)
  File "sonar_get_min_dist.py", line 28, in sonar_callback
    self.back_left_min, self.back_right_min = self.process_sonar_data(data)
  File "sonar_get_min_dist.py", line 56, in process_sonar_data
    self.pub_dists([bl_min,br_min])
  File "sonar_get_min_dist.py", line 70, in pub_dists
    rospy.init_node('list_publisher',anonymous=True)
  File "/opt/ros/kinetic/lib/python2.7/dist-packages/rospy/client.py", line 274, in init_node
    raise rospy.exceptions.ROSException("rospy.init_node() has already been called with different arguments: "+str(_init_node_args))
ROSException: rospy.init_node() has already been called with different arguments: ('sonar_processor', ['sonar_get_min_dist.py'], True, None, False, False)

[rosout][ERROR] 2025-03-27 14:23:07,923: bad callback: <bound method SonarProcessor.sonar_callback of <__main__.SonarProcessor instance at 0x7fa92a5a91b8>>
Traceback (most recent call last):
  File "/opt/ros/kinetic/lib/python2.7/dist-packages/rospy/topics.py", line 750, in _invoke_callback
    cb(msg)
  File "sonar_get_min_dist.py", line 28, in sonar_callback
    self.back_left_min, self.back_right_min = self.process_sonar_data(data)
  File "sonar_get_min_dist.py", line 56, in process_sonar_data
    self.pub_dists([bl_min,br_min])
  File "sonar_get_min_dist.py", line 70, in pub_dists
    rospy.init_node('list_publisher',anonymous=True)
  File "/opt/ros/kinetic/lib/python2.7/dist-packages/rospy/client.py", line 274, in init_node
    raise rospy.exceptions.ROSException("rospy.init_node() has already been called with different arguments: "+str(_init_node_args))
ROSException: rospy.init_node() has already been called with different arguments: ('sonar_processor', ['sonar_get_min_dist.py'], True, None, False, False)

[rosout][ERROR] 2025-03-27 14:23:08,026: bad callback: <bound method SonarProcessor.sonar_callback of <__main__.SonarProcessor instance at 0x7fa92a5a91b8>>
Traceback (most recent call last):
  File "/opt/ros/kinetic/lib/python2.7/dist-packages/rospy/topics.py", line 750, in _invoke_callback
    cb(msg)
  File "sonar_get_min_dist.py", line 28, in sonar_callback
    self.back_left_min, self.back_right_min = self.process_sonar_data(data)
  File "sonar_get_min_dist.py", line 56, in process_sonar_data
    self.pub_dists([bl_min,br_min])
  File "sonar_get_min_dist.py", line 70, in pub_dists
    rospy.init_node('list_publisher',anonymous=True)
  File "/opt/ros/kinetic/lib/python2.7/dist-packages/rospy/client.py", line 274, in init_node
    raise rospy.exceptions.ROSException("rospy.init_node() has already been called with different arguments: "+str(_init_node_args))
ROSException: rospy.init_node() has already been called with different arguments: ('sonar_processor', ['sonar_get_min_dist.py'], True, None, False, False)

[rosout][ERROR] 2025-03-27 14:23:08,123: bad callback: <bound method SonarProcessor.sonar_callback of <__main__.SonarProcessor instance at 0x7fa92a5a91b8>>
Traceback (most recent call last):
  File "/opt/ros/kinetic/lib/python2.7/dist-packages/rospy/topics.py", line 750, in _invoke_callback
    cb(msg)
  File "sonar_get_min_dist.py", line 28, in sonar_callback
    self.back_left_min, self.back_right_min = self.process_sonar_data(data)
  File "sonar_get_min_dist.py", line 56, in process_sonar_data
    self.pub_dists([bl_min,br_min])
  File "sonar_get_min_dist.py", line 70, in pub_dists
    rospy.init_node('list_publisher',anonymous=True)
  File "/opt/ros/kinetic/lib/python2.7/dist-packages/rospy/client.py", line 274, in init_node
    raise rospy.exceptions.ROSException("rospy.init_node() has already been called with different arguments: "+str(_init_node_args))
ROSException: rospy.init_node() has already been called with different arguments: ('sonar_processor', ['sonar_get_min_dist.py'], True, None, False, False)

[rosout][ERROR] 2025-03-27 14:23:08,227: bad callback: <bound method SonarProcessor.sonar_callback of <__main__.SonarProcessor instance at 0x7fa92a5a91b8>>
Traceback (most recent call last):
  File "/opt/ros/kinetic/lib/python2.7/dist-packages/rospy/topics.py", line 750, in _invoke_callback
    cb(msg)
  File "sonar_get_min_dist.py", line 28, in sonar_callback
    self.back_left_min, self.back_right_min = self.process_sonar_data(data)
  File "sonar_get_min_dist.py", line 56, in process_sonar_data
    self.pub_dists([bl_min,br_min])
  File "sonar_get_min_dist.py", line 70, in pub_dists
    rospy.init_node('list_publisher',anonymous=True)
  File "/opt/ros/kinetic/lib/python2.7/dist-packages/rospy/client.py", line 274, in init_node
    raise rospy.exceptions.ROSException("rospy.init_node() has already been called with different arguments: "+str(_init_node_args))
ROSException: rospy.init_node() has already been called with different arguments: ('sonar_processor', ['sonar_get_min_dist.py'], True, None, False, False)

[rosout][ERROR] 2025-03-27 14:23:08,323: bad callback: <bound method SonarProcessor.sonar_callback of <__main__.SonarProcessor instance at 0x7fa92a5a91b8>>
Traceback (most recent call last):
  File "/opt/ros/kinetic/lib/python2.7/dist-packages/rospy/topics.py", line 750, in _invoke_callback
    cb(msg)
  File "sonar_get_min_dist.py", line 28, in sonar_callback
    self.back_left_min, self.back_right_min = self.process_sonar_data(data)
  File "sonar_get_min_dist.py", line 56, in process_sonar_data
    self.pub_dists([bl_min,br_min])
  File "sonar_get_min_dist.py", line 70, in pub_dists
    rospy.init_node('list_publisher',anonymous=True)
  File "/opt/ros/kinetic/lib/python2.7/dist-packages/rospy/client.py", line 274, in init_node
    raise rospy.exceptions.ROSException("rospy.init_node() has already been called with different arguments: "+str(_init_node_args))
ROSException: rospy.init_node() has already been called with different arguments: ('sonar_processor', ['sonar_get_min_dist.py'], True, None, False, False)

[rosout][ERROR] 2025-03-27 14:23:08,427: bad callback: <bound method SonarProcessor.sonar_callback of <__main__.SonarProcessor instance at 0x7fa92a5a91b8>>
Traceback (most recent call last):
  File "/opt/ros/kinetic/lib/python2.7/dist-packages/rospy/topics.py", line 750, in _invoke_callback
    cb(msg)
  File "sonar_get_min_dist.py", line 28, in sonar_callback
    self.back_left_min, self.back_right_min = self.process_sonar_data(data)
  File "sonar_get_min_dist.py", line 56, in process_sonar_data
    self.pub_dists([bl_min,br_min])
  File "sonar_get_min_dist.py", line 70, in pub_dists
    rospy.init_node('list_publisher',anonymous=True)
  File "/opt/ros/kinetic/lib/python2.7/dist-packages/rospy/client.py", line 274, in init_node
    raise rospy.exceptions.ROSException("rospy.init_node() has already been called with different arguments: "+str(_init_node_args))
ROSException: rospy.init_node() has already been called with different arguments: ('sonar_processor', ['sonar_get_min_dist.py'], True, None, False, False)

[rosout][ERROR] 2025-03-27 14:23:08,523: bad callback: <bound method SonarProcessor.sonar_callback of <__main__.SonarProcessor instance at 0x7fa92a5a91b8>>
Traceback (most recent call last):
  File "/opt/ros/kinetic/lib/python2.7/dist-packages/rospy/topics.py", line 750, in _invoke_callback
    cb(msg)
  File "sonar_get_min_dist.py", line 28, in sonar_callback
    self.back_left_min, self.back_right_min = self.process_sonar_data(data)
  File "sonar_get_min_dist.py", line 56, in process_sonar_data
    self.pub_dists([bl_min,br_min])
  File "sonar_get_min_dist.py", line 70, in pub_dists
    rospy.init_node('list_publisher',anonymous=True)
  File "/opt/ros/kinetic/lib/python2.7/dist-packages/rospy/client.py", line 274, in init_node
    raise rospy.exceptions.ROSException("rospy.init_node() has already been called with different arguments: "+str(_init_node_args))
ROSException: rospy.init_node() has already been called with different arguments: ('sonar_processor', ['sonar_get_min_dist.py'], True, None, False, False)

[rosout][ERROR] 2025-03-27 14:23:08,627: bad callback: <bound method SonarProcessor.sonar_callback of <__main__.SonarProcessor instance at 0x7fa92a5a91b8>>
Traceback (most recent call last):
  File "/opt/ros/kinetic/lib/python2.7/dist-packages/rospy/topics.py", line 750, in _invoke_callback
    cb(msg)
  File "sonar_get_min_dist.py", line 28, in sonar_callback
    self.back_left_min, self.back_right_min = self.process_sonar_data(data)
  File "sonar_get_min_dist.py", line 56, in process_sonar_data
    self.pub_dists([bl_min,br_min])
  File "sonar_get_min_dist.py", line 70, in pub_dists
    rospy.init_node('list_publisher',anonymous=True)
  File "/opt/ros/kinetic/lib/python2.7/dist-packages/rospy/client.py", line 274, in init_node
    raise rospy.exceptions.ROSException("rospy.init_node() has already been called with different arguments: "+str(_init_node_args))
ROSException: rospy.init_node() has already been called with different arguments: ('sonar_processor', ['sonar_get_min_dist.py'], True, None, False, False)

[rosout][ERROR] 2025-03-27 14:23:08,724: bad callback: <bound method SonarProcessor.sonar_callback of <__main__.SonarProcessor instance at 0x7fa92a5a91b8>>
Traceback (most recent call last):
  File "/opt/ros/kinetic/lib/python2.7/dist-packages/rospy/topics.py", line 750, in _invoke_callback
    cb(msg)
  File "sonar_get_min_dist.py", line 28, in sonar_callback
    self.back_left_min, self.back_right_min = self.process_sonar_data(data)
  File "sonar_get_min_dist.py", line 56, in process_sonar_data
    self.pub_dists([bl_min,br_min])
  File "sonar_get_min_dist.py", line 70, in pub_dists
    rospy.init_node('list_publisher',anonymous=True)
  File "/opt/ros/kinetic/lib/python2.7/dist-packages/rospy/client.py", line 274, in init_node
    raise rospy.exceptions.ROSException("rospy.init_node() has already been called with different arguments: "+str(_init_node_args))
ROSException: rospy.init_node() has already been called with different arguments: ('sonar_processor', ['sonar_get_min_dist.py'], True, None, False, False)

[rosout][ERROR] 2025-03-27 14:23:08,827: bad callback: <bound method SonarProcessor.sonar_callback of <__main__.SonarProcessor instance at 0x7fa92a5a91b8>>
Traceback (most recent call last):
  File "/opt/ros/kinetic/lib/python2.7/dist-packages/rospy/topics.py", line 750, in _invoke_callback
    cb(msg)
  File "sonar_get_min_dist.py", line 28, in sonar_callback
    self.back_left_min, self.back_right_min = self.process_sonar_data(data)
  File "sonar_get_min_dist.py", line 56, in process_sonar_data
    self.pub_dists([bl_min,br_min])
  File "sonar_get_min_dist.py", line 70, in pub_dists
    rospy.init_node('list_publisher',anonymous=True)
  File "/opt/ros/kinetic/lib/python2.7/dist-packages/rospy/client.py", line 274, in init_node
    raise rospy.exceptions.ROSException("rospy.init_node() has already been called with different arguments: "+str(_init_node_args))
ROSException: rospy.init_node() has already been called with different arguments: ('sonar_processor', ['sonar_get_min_dist.py'], True, None, False, False)

[rosout][ERROR] 2025-03-27 14:23:08,924: bad callback: <bound method SonarProcessor.sonar_callback of <__main__.SonarProcessor instance at 0x7fa92a5a91b8>>
Traceback (most recent call last):
  File "/opt/ros/kinetic/lib/python2.7/dist-packages/rospy/topics.py", line 750, in _invoke_callback
    cb(msg)
  File "sonar_get_min_dist.py", line 28, in sonar_callback
    self.back_left_min, self.back_right_min = self.process_sonar_data(data)
  File "sonar_get_min_dist.py", line 56, in process_sonar_data
    self.pub_dists([bl_min,br_min])
  File "sonar_get_min_dist.py", line 70, in pub_dists
    rospy.init_node('list_publisher',anonymous=True)
  File "/opt/ros/kinetic/lib/python2.7/dist-packages/rospy/client.py", line 274, in init_node
    raise rospy.exceptions.ROSException("rospy.init_node() has already been called with different arguments: "+str(_init_node_args))
ROSException: rospy.init_node() has already been called with different arguments: ('sonar_processor', ['sonar_get_min_dist.py'], True, None, False, False)

[rosout][ERROR] 2025-03-27 14:23:09,027: bad callback: <bound method SonarProcessor.sonar_callback of <__main__.SonarProcessor instance at 0x7fa92a5a91b8>>
Traceback (most recent call last):
  File "/opt/ros/kinetic/lib/python2.7/dist-packages/rospy/topics.py", line 750, in _invoke_callback
    cb(msg)
  File "sonar_get_min_dist.py", line 28, in sonar_callback
    self.back_left_min, self.back_right_min = self.process_sonar_data(data)
  File "sonar_get_min_dist.py", line 56, in process_sonar_data
    self.pub_dists([bl_min,br_min])
  File "sonar_get_min_dist.py", line 70, in pub_dists
    rospy.init_node('list_publisher',anonymous=True)
  File "/opt/ros/kinetic/lib/python2.7/dist-packages/rospy/client.py", line 274, in init_node
    raise rospy.exceptions.ROSException("rospy.init_node() has already been called with different arguments: "+str(_init_node_args))
ROSException: rospy.init_node() has already been called with different arguments: ('sonar_processor', ['sonar_get_min_dist.py'], True, None, False, False)

[rosout][ERROR] 2025-03-27 14:23:09,124: bad callback: <bound method SonarProcessor.sonar_callback of <__main__.SonarProcessor instance at 0x7fa92a5a91b8>>
Traceback (most recent call last):
  File "/opt/ros/kinetic/lib/python2.7/dist-packages/rospy/topics.py", line 750, in _invoke_callback
    cb(msg)
  File "sonar_get_min_dist.py", line 28, in sonar_callback
    self.back_left_min, self.back_right_min = self.process_sonar_data(data)
  File "sonar_get_min_dist.py", line 56, in process_sonar_data
    self.pub_dists([bl_min,br_min])
  File "sonar_get_min_dist.py", line 70, in pub_dists
    rospy.init_node('list_publisher',anonymous=True)
  File "/opt/ros/kinetic/lib/python2.7/dist-packages/rospy/client.py", line 274, in init_node
    raise rospy.exceptions.ROSException("rospy.init_node() has already been called with different arguments: "+str(_init_node_args))
ROSException: rospy.init_node() has already been called with different arguments: ('sonar_processor', ['sonar_get_min_dist.py'], True, None, False, False)

[rosout][ERROR] 2025-03-27 14:23:09,227: bad callback: <bound method SonarProcessor.sonar_callback of <__main__.SonarProcessor instance at 0x7fa92a5a91b8>>
Traceback (most recent call last):
  File "/opt/ros/kinetic/lib/python2.7/dist-packages/rospy/topics.py", line 750, in _invoke_callback
    cb(msg)
  File "sonar_get_min_dist.py", line 28, in sonar_callback
    self.back_left_min, self.back_right_min = self.process_sonar_data(data)
  File "sonar_get_min_dist.py", line 56, in process_sonar_data
    self.pub_dists([bl_min,br_min])
  File "sonar_get_min_dist.py", line 70, in pub_dists
    rospy.init_node('list_publisher',anonymous=True)
  File "/opt/ros/kinetic/lib/python2.7/dist-packages/rospy/client.py", line 274, in init_node
    raise rospy.exceptions.ROSException("rospy.init_node() has already been called with different arguments: "+str(_init_node_args))
ROSException: rospy.init_node() has already been called with different arguments: ('sonar_processor', ['sonar_get_min_dist.py'], True, None, False, False)

[rosout][ERROR] 2025-03-27 14:23:09,324: bad callback: <bound method SonarProcessor.sonar_callback of <__main__.SonarProcessor instance at 0x7fa92a5a91b8>>
Traceback (most recent call last):
  File "/opt/ros/kinetic/lib/python2.7/dist-packages/rospy/topics.py", line 750, in _invoke_callback
    cb(msg)
  File "sonar_get_min_dist.py", line 28, in sonar_callback
    self.back_left_min, self.back_right_min = self.process_sonar_data(data)
  File "sonar_get_min_dist.py", line 56, in process_sonar_data
    self.pub_dists([bl_min,br_min])
  File "sonar_get_min_dist.py", line 70, in pub_dists
    rospy.init_node('list_publisher',anonymous=True)
  File "/opt/ros/kinetic/lib/python2.7/dist-packages/rospy/client.py", line 274, in init_node
    raise rospy.exceptions.ROSException("rospy.init_node() has already been called with different arguments: "+str(_init_node_args))
ROSException: rospy.init_node() has already been called with different arguments: ('sonar_processor', ['sonar_get_min_dist.py'], True, None, False, False)

[rosout][ERROR] 2025-03-27 14:23:09,427: bad callback: <bound method SonarProcessor.sonar_callback of <__main__.SonarProcessor instance at 0x7fa92a5a91b8>>
Traceback (most recent call last):
  File "/opt/ros/kinetic/lib/python2.7/dist-packages/rospy/topics.py", line 750, in _invoke_callback
    cb(msg)
  File "sonar_get_min_dist.py", line 28, in sonar_callback
    self.back_left_min, self.back_right_min = self.process_sonar_data(data)
  File "sonar_get_min_dist.py", line 56, in process_sonar_data
    self.pub_dists([bl_min,br_min])
  File "sonar_get_min_dist.py", line 70, in pub_dists
    rospy.init_node('list_publisher',anonymous=True)
  File "/opt/ros/kinetic/lib/python2.7/dist-packages/rospy/client.py", line 274, in init_node
    raise rospy.exceptions.ROSException("rospy.init_node() has already been called with different arguments: "+str(_init_node_args))
ROSException: rospy.init_node() has already been called with different arguments: ('sonar_processor', ['sonar_get_min_dist.py'], True, None, False, False)

[rosout][ERROR] 2025-03-27 14:23:09,524: bad callback: <bound method SonarProcessor.sonar_callback of <__main__.SonarProcessor instance at 0x7fa92a5a91b8>>
Traceback (most recent call last):
  File "/opt/ros/kinetic/lib/python2.7/dist-packages/rospy/topics.py", line 750, in _invoke_callback
    cb(msg)
  File "sonar_get_min_dist.py", line 28, in sonar_callback
    self.back_left_min, self.back_right_min = self.process_sonar_data(data)
  File "sonar_get_min_dist.py", line 56, in process_sonar_data
    self.pub_dists([bl_min,br_min])
  File "sonar_get_min_dist.py", line 70, in pub_dists
    rospy.init_node('list_publisher',anonymous=True)
  File "/opt/ros/kinetic/lib/python2.7/dist-packages/rospy/client.py", line 274, in init_node
    raise rospy.exceptions.ROSException("rospy.init_node() has already been called with different arguments: "+str(_init_node_args))
ROSException: rospy.init_node() has already been called with different arguments: ('sonar_processor', ['sonar_get_min_dist.py'], True, None, False, False)

[rosout][ERROR] 2025-03-27 14:23:09,627: bad callback: <bound method SonarProcessor.sonar_callback of <__main__.SonarProcessor instance at 0x7fa92a5a91b8>>
Traceback (most recent call last):
  File "/opt/ros/kinetic/lib/python2.7/dist-packages/rospy/topics.py", line 750, in _invoke_callback
    cb(msg)
  File "sonar_get_min_dist.py", line 28, in sonar_callback
    self.back_left_min, self.back_right_min = self.process_sonar_data(data)
  File "sonar_get_min_dist.py", line 56, in process_sonar_data
    self.pub_dists([bl_min,br_min])
  File "sonar_get_min_dist.py", line 70, in pub_dists
    rospy.init_node('list_publisher',anonymous=True)
  File "/opt/ros/kinetic/lib/python2.7/dist-packages/rospy/client.py", line 274, in init_node
    raise rospy.exceptions.ROSException("rospy.init_node() has already been called with different arguments: "+str(_init_node_args))
ROSException: rospy.init_node() has already been called with different arguments: ('sonar_processor', ['sonar_get_min_dist.py'], True, None, False, False)

[rosout][ERROR] 2025-03-27 14:23:09,724: bad callback: <bound method SonarProcessor.sonar_callback of <__main__.SonarProcessor instance at 0x7fa92a5a91b8>>
Traceback (most recent call last):
  File "/opt/ros/kinetic/lib/python2.7/dist-packages/rospy/topics.py", line 750, in _invoke_callback
    cb(msg)
  File "sonar_get_min_dist.py", line 28, in sonar_callback
    self.back_left_min, self.back_right_min = self.process_sonar_data(data)
  File "sonar_get_min_dist.py", line 56, in process_sonar_data
    self.pub_dists([bl_min,br_min])
  File "sonar_get_min_dist.py", line 70, in pub_dists
    rospy.init_node('list_publisher',anonymous=True)
  File "/opt/ros/kinetic/lib/python2.7/dist-packages/rospy/client.py", line 274, in init_node
    raise rospy.exceptions.ROSException("rospy.init_node() has already been called with different arguments: "+str(_init_node_args))
ROSException: rospy.init_node() has already been called with different arguments: ('sonar_processor', ['sonar_get_min_dist.py'], True, None, False, False)

[rosout][ERROR] 2025-03-27 14:23:09,827: bad callback: <bound method SonarProcessor.sonar_callback of <__main__.SonarProcessor instance at 0x7fa92a5a91b8>>
Traceback (most recent call last):
  File "/opt/ros/kinetic/lib/python2.7/dist-packages/rospy/topics.py", line 750, in _invoke_callback
    cb(msg)
  File "sonar_get_min_dist.py", line 28, in sonar_callback
    self.back_left_min, self.back_right_min = self.process_sonar_data(data)
  File "sonar_get_min_dist.py", line 56, in process_sonar_data
    self.pub_dists([bl_min,br_min])
  File "sonar_get_min_dist.py", line 70, in pub_dists
    rospy.init_node('list_publisher',anonymous=True)
  File "/opt/ros/kinetic/lib/python2.7/dist-packages/rospy/client.py", line 274, in init_node
    raise rospy.exceptions.ROSException("rospy.init_node() has already been called with different arguments: "+str(_init_node_args))
ROSException: rospy.init_node() has already been called with different arguments: ('sonar_processor', ['sonar_get_min_dist.py'], True, None, False, False)

[rosout][ERROR] 2025-03-27 14:23:09,924: bad callback: <bound method SonarProcessor.sonar_callback of <__main__.SonarProcessor instance at 0x7fa92a5a91b8>>
Traceback (most recent call last):
  File "/opt/ros/kinetic/lib/python2.7/dist-packages/rospy/topics.py", line 750, in _invoke_callback
    cb(msg)
  File "sonar_get_min_dist.py", line 28, in sonar_callback
    self.back_left_min, self.back_right_min = self.process_sonar_data(data)
  File "sonar_get_min_dist.py", line 56, in process_sonar_data
    self.pub_dists([bl_min,br_min])
  File "sonar_get_min_dist.py", line 70, in pub_dists
    rospy.init_node('list_publisher',anonymous=True)
  File "/opt/ros/kinetic/lib/python2.7/dist-packages/rospy/client.py", line 274, in init_node
    raise rospy.exceptions.ROSException("rospy.init_node() has already been called with different arguments: "+str(_init_node_args))
ROSException: rospy.init_node() has already been called with different arguments: ('sonar_processor', ['sonar_get_min_dist.py'], True, None, False, False)

[rosout][ERROR] 2025-03-27 14:23:10,027: bad callback: <bound method SonarProcessor.sonar_callback of <__main__.SonarProcessor instance at 0x7fa92a5a91b8>>
Traceback (most recent call last):
  File "/opt/ros/kinetic/lib/python2.7/dist-packages/rospy/topics.py", line 750, in _invoke_callback
    cb(msg)
  File "sonar_get_min_dist.py", line 28, in sonar_callback
    self.back_left_min, self.back_right_min = self.process_sonar_data(data)
  File "sonar_get_min_dist.py", line 56, in process_sonar_data
    self.pub_dists([bl_min,br_min])
  File "sonar_get_min_dist.py", line 70, in pub_dists
    rospy.init_node('list_publisher',anonymous=True)
  File "/opt/ros/kinetic/lib/python2.7/dist-packages/rospy/client.py", line 274, in init_node
    raise rospy.exceptions.ROSException("rospy.init_node() has already been called with different arguments: "+str(_init_node_args))
ROSException: rospy.init_node() has already been called with different arguments: ('sonar_processor', ['sonar_get_min_dist.py'], True, None, False, False)

[rosout][ERROR] 2025-03-27 14:23:10,124: bad callback: <bound method SonarProcessor.sonar_callback of <__main__.SonarProcessor instance at 0x7fa92a5a91b8>>
Traceback (most recent call last):
  File "/opt/ros/kinetic/lib/python2.7/dist-packages/rospy/topics.py", line 750, in _invoke_callback
    cb(msg)
  File "sonar_get_min_dist.py", line 28, in sonar_callback
    self.back_left_min, self.back_right_min = self.process_sonar_data(data)
  File "sonar_get_min_dist.py", line 56, in process_sonar_data
    self.pub_dists([bl_min,br_min])
  File "sonar_get_min_dist.py", line 70, in pub_dists
    rospy.init_node('list_publisher',anonymous=True)
  File "/opt/ros/kinetic/lib/python2.7/dist-packages/rospy/client.py", line 274, in init_node
    raise rospy.exceptions.ROSException("rospy.init_node() has already been called with different arguments: "+str(_init_node_args))
ROSException: rospy.init_node() has already been called with different arguments: ('sonar_processor', ['sonar_get_min_dist.py'], True, None, False, False)

[rosout][ERROR] 2025-03-27 14:23:10,227: bad callback: <bound method SonarProcessor.sonar_callback of <__main__.SonarProcessor instance at 0x7fa92a5a91b8>>
Traceback (most recent call last):
  File "/opt/ros/kinetic/lib/python2.7/dist-packages/rospy/topics.py", line 750, in _invoke_callback
    cb(msg)
  File "sonar_get_min_dist.py", line 28, in sonar_callback
    self.back_left_min, self.back_right_min = self.process_sonar_data(data)
  File "sonar_get_min_dist.py", line 56, in process_sonar_data
    self.pub_dists([bl_min,br_min])
  File "sonar_get_min_dist.py", line 70, in pub_dists
    rospy.init_node('list_publisher',anonymous=True)
  File "/opt/ros/kinetic/lib/python2.7/dist-packages/rospy/client.py", line 274, in init_node
    raise rospy.exceptions.ROSException("rospy.init_node() has already been called with different arguments: "+str(_init_node_args))
ROSException: rospy.init_node() has already been called with different arguments: ('sonar_processor', ['sonar_get_min_dist.py'], True, None, False, False)

[rosout][ERROR] 2025-03-27 14:23:10,324: bad callback: <bound method SonarProcessor.sonar_callback of <__main__.SonarProcessor instance at 0x7fa92a5a91b8>>
Traceback (most recent call last):
  File "/opt/ros/kinetic/lib/python2.7/dist-packages/rospy/topics.py", line 750, in _invoke_callback
    cb(msg)
  File "sonar_get_min_dist.py", line 28, in sonar_callback
    self.back_left_min, self.back_right_min = self.process_sonar_data(data)
  File "sonar_get_min_dist.py", line 56, in process_sonar_data
    self.pub_dists([bl_min,br_min])
  File "sonar_get_min_dist.py", line 70, in pub_dists
    rospy.init_node('list_publisher',anonymous=True)
  File "/opt/ros/kinetic/lib/python2.7/dist-packages/rospy/client.py", line 274, in init_node
    raise rospy.exceptions.ROSException("rospy.init_node() has already been called with different arguments: "+str(_init_node_args))
ROSException: rospy.init_node() has already been called with different arguments: ('sonar_processor', ['sonar_get_min_dist.py'], True, None, False, False)

[rosout][ERROR] 2025-03-27 14:23:10,427: bad callback: <bound method SonarProcessor.sonar_callback of <__main__.SonarProcessor instance at 0x7fa92a5a91b8>>
Traceback (most recent call last):
  File "/opt/ros/kinetic/lib/python2.7/dist-packages/rospy/topics.py", line 750, in _invoke_callback
    cb(msg)
  File "sonar_get_min_dist.py", line 28, in sonar_callback
    self.back_left_min, self.back_right_min = self.process_sonar_data(data)
  File "sonar_get_min_dist.py", line 56, in process_sonar_data
    self.pub_dists([bl_min,br_min])
  File "sonar_get_min_dist.py", line 70, in pub_dists
    rospy.init_node('list_publisher',anonymous=True)
  File "/opt/ros/kinetic/lib/python2.7/dist-packages/rospy/client.py", line 274, in init_node
    raise rospy.exceptions.ROSException("rospy.init_node() has already been called with different arguments: "+str(_init_node_args))
ROSException: rospy.init_node() has already been called with different arguments: ('sonar_processor', ['sonar_get_min_dist.py'], True, None, False, False)

[rosout][ERROR] 2025-03-27 14:23:10,524: bad callback: <bound method SonarProcessor.sonar_callback of <__main__.SonarProcessor instance at 0x7fa92a5a91b8>>
Traceback (most recent call last):
  File "/opt/ros/kinetic/lib/python2.7/dist-packages/rospy/topics.py", line 750, in _invoke_callback
    cb(msg)
  File "sonar_get_min_dist.py", line 28, in sonar_callback
    self.back_left_min, self.back_right_min = self.process_sonar_data(data)
  File "sonar_get_min_dist.py", line 56, in process_sonar_data
    self.pub_dists([bl_min,br_min])
  File "sonar_get_min_dist.py", line 70, in pub_dists
    rospy.init_node('list_publisher',anonymous=True)
  File "/opt/ros/kinetic/lib/python2.7/dist-packages/rospy/client.py", line 274, in init_node
    raise rospy.exceptions.ROSException("rospy.init_node() has already been called with different arguments: "+str(_init_node_args))
ROSException: rospy.init_node() has already been called with different arguments: ('sonar_processor', ['sonar_get_min_dist.py'], True, None, False, False)

[rosout][ERROR] 2025-03-27 14:23:10,627: bad callback: <bound method SonarProcessor.sonar_callback of <__main__.SonarProcessor instance at 0x7fa92a5a91b8>>
Traceback (most recent call last):
  File "/opt/ros/kinetic/lib/python2.7/dist-packages/rospy/topics.py", line 750, in _invoke_callback
    cb(msg)
  File "sonar_get_min_dist.py", line 28, in sonar_callback
    self.back_left_min, self.back_right_min = self.process_sonar_data(data)
  File "sonar_get_min_dist.py", line 56, in process_sonar_data
    self.pub_dists([bl_min,br_min])
  File "sonar_get_min_dist.py", line 70, in pub_dists
    rospy.init_node('list_publisher',anonymous=True)
  File "/opt/ros/kinetic/lib/python2.7/dist-packages/rospy/client.py", line 274, in init_node
    raise rospy.exceptions.ROSException("rospy.init_node() has already been called with different arguments: "+str(_init_node_args))
ROSException: rospy.init_node() has already been called with different arguments: ('sonar_processor', ['sonar_get_min_dist.py'], True, None, False, False)

[rosout][ERROR] 2025-03-27 14:23:10,724: bad callback: <bound method SonarProcessor.sonar_callback of <__main__.SonarProcessor instance at 0x7fa92a5a91b8>>
Traceback (most recent call last):
  File "/opt/ros/kinetic/lib/python2.7/dist-packages/rospy/topics.py", line 750, in _invoke_callback
    cb(msg)
  File "sonar_get_min_dist.py", line 28, in sonar_callback
    self.back_left_min, self.back_right_min = self.process_sonar_data(data)
  File "sonar_get_min_dist.py", line 56, in process_sonar_data
    self.pub_dists([bl_min,br_min])
  File "sonar_get_min_dist.py", line 70, in pub_dists
    rospy.init_node('list_publisher',anonymous=True)
  File "/opt/ros/kinetic/lib/python2.7/dist-packages/rospy/client.py", line 274, in init_node
    raise rospy.exceptions.ROSException("rospy.init_node() has already been called with different arguments: "+str(_init_node_args))
ROSException: rospy.init_node() has already been called with different arguments: ('sonar_processor', ['sonar_get_min_dist.py'], True, None, False, False)

[rosout][ERROR] 2025-03-27 14:23:10,828: bad callback: <bound method SonarProcessor.sonar_callback of <__main__.SonarProcessor instance at 0x7fa92a5a91b8>>
Traceback (most recent call last):
  File "/opt/ros/kinetic/lib/python2.7/dist-packages/rospy/topics.py", line 750, in _invoke_callback
    cb(msg)
  File "sonar_get_min_dist.py", line 28, in sonar_callback
    self.back_left_min, self.back_right_min = self.process_sonar_data(data)
  File "sonar_get_min_dist.py", line 56, in process_sonar_data
    self.pub_dists([bl_min,br_min])
  File "sonar_get_min_dist.py", line 70, in pub_dists
    rospy.init_node('list_publisher',anonymous=True)
  File "/opt/ros/kinetic/lib/python2.7/dist-packages/rospy/client.py", line 274, in init_node
    raise rospy.exceptions.ROSException("rospy.init_node() has already been called with different arguments: "+str(_init_node_args))
ROSException: rospy.init_node() has already been called with different arguments: ('sonar_processor', ['sonar_get_min_dist.py'], True, None, False, False)

[rosout][ERROR] 2025-03-27 14:23:10,924: bad callback: <bound method SonarProcessor.sonar_callback of <__main__.SonarProcessor instance at 0x7fa92a5a91b8>>
Traceback (most recent call last):
  File "/opt/ros/kinetic/lib/python2.7/dist-packages/rospy/topics.py", line 750, in _invoke_callback
    cb(msg)
  File "sonar_get_min_dist.py", line 28, in sonar_callback
    self.back_left_min, self.back_right_min = self.process_sonar_data(data)
  File "sonar_get_min_dist.py", line 56, in process_sonar_data
    self.pub_dists([bl_min,br_min])
  File "sonar_get_min_dist.py", line 70, in pub_dists
    rospy.init_node('list_publisher',anonymous=True)
  File "/opt/ros/kinetic/lib/python2.7/dist-packages/rospy/client.py", line 274, in init_node
    raise rospy.exceptions.ROSException("rospy.init_node() has already been called with different arguments: "+str(_init_node_args))
ROSException: rospy.init_node() has already been called with different arguments: ('sonar_processor', ['sonar_get_min_dist.py'], True, None, False, False)

[rosout][ERROR] 2025-03-27 14:23:11,028: bad callback: <bound method SonarProcessor.sonar_callback of <__main__.SonarProcessor instance at 0x7fa92a5a91b8>>
Traceback (most recent call last):
  File "/opt/ros/kinetic/lib/python2.7/dist-packages/rospy/topics.py", line 750, in _invoke_callback
    cb(msg)
  File "sonar_get_min_dist.py", line 28, in sonar_callback
    self.back_left_min, self.back_right_min = self.process_sonar_data(data)
  File "sonar_get_min_dist.py", line 56, in process_sonar_data
    self.pub_dists([bl_min,br_min])
  File "sonar_get_min_dist.py", line 70, in pub_dists
    rospy.init_node('list_publisher',anonymous=True)
  File "/opt/ros/kinetic/lib/python2.7/dist-packages/rospy/client.py", line 274, in init_node
    raise rospy.exceptions.ROSException("rospy.init_node() has already been called with different arguments: "+str(_init_node_args))
ROSException: rospy.init_node() has already been called with different arguments: ('sonar_processor', ['sonar_get_min_dist.py'], True, None, False, False)

[rosout][ERROR] 2025-03-27 14:23:11,124: bad callback: <bound method SonarProcessor.sonar_callback of <__main__.SonarProcessor instance at 0x7fa92a5a91b8>>
Traceback (most recent call last):
  File "/opt/ros/kinetic/lib/python2.7/dist-packages/rospy/topics.py", line 750, in _invoke_callback
    cb(msg)
  File "sonar_get_min_dist.py", line 28, in sonar_callback
    self.back_left_min, self.back_right_min = self.process_sonar_data(data)
  File "sonar_get_min_dist.py", line 56, in process_sonar_data
    self.pub_dists([bl_min,br_min])
  File "sonar_get_min_dist.py", line 70, in pub_dists
    rospy.init_node('list_publisher',anonymous=True)
  File "/opt/ros/kinetic/lib/python2.7/dist-packages/rospy/client.py", line 274, in init_node
    raise rospy.exceptions.ROSException("rospy.init_node() has already been called with different arguments: "+str(_init_node_args))
ROSException: rospy.init_node() has already been called with different arguments: ('sonar_processor', ['sonar_get_min_dist.py'], True, None, False, False)

[rosout][ERROR] 2025-03-27 14:23:11,228: bad callback: <bound method SonarProcessor.sonar_callback of <__main__.SonarProcessor instance at 0x7fa92a5a91b8>>
Traceback (most recent call last):
  File "/opt/ros/kinetic/lib/python2.7/dist-packages/rospy/topics.py", line 750, in _invoke_callback
    cb(msg)
  File "sonar_get_min_dist.py", line 28, in sonar_callback
    self.back_left_min, self.back_right_min = self.process_sonar_data(data)
  File "sonar_get_min_dist.py", line 56, in process_sonar_data
    self.pub_dists([bl_min,br_min])
  File "sonar_get_min_dist.py", line 70, in pub_dists
    rospy.init_node('list_publisher',anonymous=True)
  File "/opt/ros/kinetic/lib/python2.7/dist-packages/rospy/client.py", line 274, in init_node
    raise rospy.exceptions.ROSException("rospy.init_node() has already been called with different arguments: "+str(_init_node_args))
ROSException: rospy.init_node() has already been called with different arguments: ('sonar_processor', ['sonar_get_min_dist.py'], True, None, False, False)

[rosout][ERROR] 2025-03-27 14:23:11,325: bad callback: <bound method SonarProcessor.sonar_callback of <__main__.SonarProcessor instance at 0x7fa92a5a91b8>>
Traceback (most recent call last):
  File "/opt/ros/kinetic/lib/python2.7/dist-packages/rospy/topics.py", line 750, in _invoke_callback
    cb(msg)
  File "sonar_get_min_dist.py", line 28, in sonar_callback
    self.back_left_min, self.back_right_min = self.process_sonar_data(data)
  File "sonar_get_min_dist.py", line 56, in process_sonar_data
    self.pub_dists([bl_min,br_min])
  File "sonar_get_min_dist.py", line 70, in pub_dists
    rospy.init_node('list_publisher',anonymous=True)
  File "/opt/ros/kinetic/lib/python2.7/dist-packages/rospy/client.py", line 274, in init_node
    raise rospy.exceptions.ROSException("rospy.init_node() has already been called with different arguments: "+str(_init_node_args))
ROSException: rospy.init_node() has already been called with different arguments: ('sonar_processor', ['sonar_get_min_dist.py'], True, None, False, False)

[rosout][ERROR] 2025-03-27 14:23:11,428: bad callback: <bound method SonarProcessor.sonar_callback of <__main__.SonarProcessor instance at 0x7fa92a5a91b8>>
Traceback (most recent call last):
  File "/opt/ros/kinetic/lib/python2.7/dist-packages/rospy/topics.py", line 750, in _invoke_callback
    cb(msg)
  File "sonar_get_min_dist.py", line 28, in sonar_callback
    self.back_left_min, self.back_right_min = self.process_sonar_data(data)
  File "sonar_get_min_dist.py", line 56, in process_sonar_data
    self.pub_dists([bl_min,br_min])
  File "sonar_get_min_dist.py", line 70, in pub_dists
    rospy.init_node('list_publisher',anonymous=True)
  File "/opt/ros/kinetic/lib/python2.7/dist-packages/rospy/client.py", line 274, in init_node
    raise rospy.exceptions.ROSException("rospy.init_node() has already been called with different arguments: "+str(_init_node_args))
ROSException: rospy.init_node() has already been called with different arguments: ('sonar_processor', ['sonar_get_min_dist.py'], True, None, False, False)

[rosout][ERROR] 2025-03-27 14:23:11,525: bad callback: <bound method SonarProcessor.sonar_callback of <__main__.SonarProcessor instance at 0x7fa92a5a91b8>>
Traceback (most recent call last):
  File "/opt/ros/kinetic/lib/python2.7/dist-packages/rospy/topics.py", line 750, in _invoke_callback
    cb(msg)
  File "sonar_get_min_dist.py", line 28, in sonar_callback
    self.back_left_min, self.back_right_min = self.process_sonar_data(data)
  File "sonar_get_min_dist.py", line 56, in process_sonar_data
    self.pub_dists([bl_min,br_min])
  File "sonar_get_min_dist.py", line 70, in pub_dists
    rospy.init_node('list_publisher',anonymous=True)
  File "/opt/ros/kinetic/lib/python2.7/dist-packages/rospy/client.py", line 274, in init_node
    raise rospy.exceptions.ROSException("rospy.init_node() has already been called with different arguments: "+str(_init_node_args))
ROSException: rospy.init_node() has already been called with different arguments: ('sonar_processor', ['sonar_get_min_dist.py'], True, None, False, False)

[rosout][ERROR] 2025-03-27 14:23:11,628: bad callback: <bound method SonarProcessor.sonar_callback of <__main__.SonarProcessor instance at 0x7fa92a5a91b8>>
Traceback (most recent call last):
  File "/opt/ros/kinetic/lib/python2.7/dist-packages/rospy/topics.py", line 750, in _invoke_callback
    cb(msg)
  File "sonar_get_min_dist.py", line 28, in sonar_callback
    self.back_left_min, self.back_right_min = self.process_sonar_data(data)
  File "sonar_get_min_dist.py", line 56, in process_sonar_data
    self.pub_dists([bl_min,br_min])
  File "sonar_get_min_dist.py", line 70, in pub_dists
    rospy.init_node('list_publisher',anonymous=True)
  File "/opt/ros/kinetic/lib/python2.7/dist-packages/rospy/client.py", line 274, in init_node
    raise rospy.exceptions.ROSException("rospy.init_node() has already been called with different arguments: "+str(_init_node_args))
ROSException: rospy.init_node() has already been called with different arguments: ('sonar_processor', ['sonar_get_min_dist.py'], True, None, False, False)

[rosout][ERROR] 2025-03-27 14:23:11,725: bad callback: <bound method SonarProcessor.sonar_callback of <__main__.SonarProcessor instance at 0x7fa92a5a91b8>>
Traceback (most recent call last):
  File "/opt/ros/kinetic/lib/python2.7/dist-packages/rospy/topics.py", line 750, in _invoke_callback
    cb(msg)
  File "sonar_get_min_dist.py", line 28, in sonar_callback
    self.back_left_min, self.back_right_min = self.process_sonar_data(data)
  File "sonar_get_min_dist.py", line 56, in process_sonar_data
    self.pub_dists([bl_min,br_min])
  File "sonar_get_min_dist.py", line 70, in pub_dists
    rospy.init_node('list_publisher',anonymous=True)
  File "/opt/ros/kinetic/lib/python2.7/dist-packages/rospy/client.py", line 274, in init_node
    raise rospy.exceptions.ROSException("rospy.init_node() has already been called with different arguments: "+str(_init_node_args))
ROSException: rospy.init_node() has already been called with different arguments: ('sonar_processor', ['sonar_get_min_dist.py'], True, None, False, False)

[rosout][ERROR] 2025-03-27 14:23:11,828: bad callback: <bound method SonarProcessor.sonar_callback of <__main__.SonarProcessor instance at 0x7fa92a5a91b8>>
Traceback (most recent call last):
  File "/opt/ros/kinetic/lib/python2.7/dist-packages/rospy/topics.py", line 750, in _invoke_callback
    cb(msg)
  File "sonar_get_min_dist.py", line 28, in sonar_callback
    self.back_left_min, self.back_right_min = self.process_sonar_data(data)
  File "sonar_get_min_dist.py", line 56, in process_sonar_data
    self.pub_dists([bl_min,br_min])
  File "sonar_get_min_dist.py", line 70, in pub_dists
    rospy.init_node('list_publisher',anonymous=True)
  File "/opt/ros/kinetic/lib/python2.7/dist-packages/rospy/client.py", line 274, in init_node
    raise rospy.exceptions.ROSException("rospy.init_node() has already been called with different arguments: "+str(_init_node_args))
ROSException: rospy.init_node() has already been called with different arguments: ('sonar_processor', ['sonar_get_min_dist.py'], True, None, False, False)

[rosout][ERROR] 2025-03-27 14:23:11,925: bad callback: <bound method SonarProcessor.sonar_callback of <__main__.SonarProcessor instance at 0x7fa92a5a91b8>>
Traceback (most recent call last):
  File "/opt/ros/kinetic/lib/python2.7/dist-packages/rospy/topics.py", line 750, in _invoke_callback
    cb(msg)
  File "sonar_get_min_dist.py", line 28, in sonar_callback
    self.back_left_min, self.back_right_min = self.process_sonar_data(data)
  File "sonar_get_min_dist.py", line 56, in process_sonar_data
    self.pub_dists([bl_min,br_min])
  File "sonar_get_min_dist.py", line 70, in pub_dists
    rospy.init_node('list_publisher',anonymous=True)
  File "/opt/ros/kinetic/lib/python2.7/dist-packages/rospy/client.py", line 274, in init_node
    raise rospy.exceptions.ROSException("rospy.init_node() has already been called with different arguments: "+str(_init_node_args))
ROSException: rospy.init_node() has already been called with different arguments: ('sonar_processor', ['sonar_get_min_dist.py'], True, None, False, False)

[rosout][ERROR] 2025-03-27 14:23:12,028: bad callback: <bound method SonarProcessor.sonar_callback of <__main__.SonarProcessor instance at 0x7fa92a5a91b8>>
Traceback (most recent call last):
  File "/opt/ros/kinetic/lib/python2.7/dist-packages/rospy/topics.py", line 750, in _invoke_callback
    cb(msg)
  File "sonar_get_min_dist.py", line 28, in sonar_callback
    self.back_left_min, self.back_right_min = self.process_sonar_data(data)
  File "sonar_get_min_dist.py", line 56, in process_sonar_data
    self.pub_dists([bl_min,br_min])
  File "sonar_get_min_dist.py", line 70, in pub_dists
    rospy.init_node('list_publisher',anonymous=True)
  File "/opt/ros/kinetic/lib/python2.7/dist-packages/rospy/client.py", line 274, in init_node
    raise rospy.exceptions.ROSException("rospy.init_node() has already been called with different arguments: "+str(_init_node_args))
ROSException: rospy.init_node() has already been called with different arguments: ('sonar_processor', ['sonar_get_min_dist.py'], True, None, False, False)

[rosout][ERROR] 2025-03-27 14:23:12,125: bad callback: <bound method SonarProcessor.sonar_callback of <__main__.SonarProcessor instance at 0x7fa92a5a91b8>>
Traceback (most recent call last):
  File "/opt/ros/kinetic/lib/python2.7/dist-packages/rospy/topics.py", line 750, in _invoke_callback
    cb(msg)
  File "sonar_get_min_dist.py", line 28, in sonar_callback
    self.back_left_min, self.back_right_min = self.process_sonar_data(data)
  File "sonar_get_min_dist.py", line 56, in process_sonar_data
    self.pub_dists([bl_min,br_min])
  File "sonar_get_min_dist.py", line 70, in pub_dists
    rospy.init_node('list_publisher',anonymous=True)
  File "/opt/ros/kinetic/lib/python2.7/dist-packages/rospy/client.py", line 274, in init_node
    raise rospy.exceptions.ROSException("rospy.init_node() has already been called with different arguments: "+str(_init_node_args))
ROSException: rospy.init_node() has already been called with different arguments: ('sonar_processor', ['sonar_get_min_dist.py'], True, None, False, False)

[rosout][ERROR] 2025-03-27 14:23:12,228: bad callback: <bound method SonarProcessor.sonar_callback of <__main__.SonarProcessor instance at 0x7fa92a5a91b8>>
Traceback (most recent call last):
  File "/opt/ros/kinetic/lib/python2.7/dist-packages/rospy/topics.py", line 750, in _invoke_callback
    cb(msg)
  File "sonar_get_min_dist.py", line 28, in sonar_callback
    self.back_left_min, self.back_right_min = self.process_sonar_data(data)
  File "sonar_get_min_dist.py", line 56, in process_sonar_data
    self.pub_dists([bl_min,br_min])
  File "sonar_get_min_dist.py", line 70, in pub_dists
    rospy.init_node('list_publisher',anonymous=True)
  File "/opt/ros/kinetic/lib/python2.7/dist-packages/rospy/client.py", line 274, in init_node
    raise rospy.exceptions.ROSException("rospy.init_node() has already been called with different arguments: "+str(_init_node_args))
ROSException: rospy.init_node() has already been called with different arguments: ('sonar_processor', ['sonar_get_min_dist.py'], True, None, False, False)

[rosout][ERROR] 2025-03-27 14:23:12,325: bad callback: <bound method SonarProcessor.sonar_callback of <__main__.SonarProcessor instance at 0x7fa92a5a91b8>>
Traceback (most recent call last):
  File "/opt/ros/kinetic/lib/python2.7/dist-packages/rospy/topics.py", line 750, in _invoke_callback
    cb(msg)
  File "sonar_get_min_dist.py", line 28, in sonar_callback
    self.back_left_min, self.back_right_min = self.process_sonar_data(data)
  File "sonar_get_min_dist.py", line 56, in process_sonar_data
    self.pub_dists([bl_min,br_min])
  File "sonar_get_min_dist.py", line 70, in pub_dists
    rospy.init_node('list_publisher',anonymous=True)
  File "/opt/ros/kinetic/lib/python2.7/dist-packages/rospy/client.py", line 274, in init_node
    raise rospy.exceptions.ROSException("rospy.init_node() has already been called with different arguments: "+str(_init_node_args))
ROSException: rospy.init_node() has already been called with different arguments: ('sonar_processor', ['sonar_get_min_dist.py'], True, None, False, False)

[rosout][ERROR] 2025-03-27 14:23:12,428: bad callback: <bound method SonarProcessor.sonar_callback of <__main__.SonarProcessor instance at 0x7fa92a5a91b8>>
Traceback (most recent call last):
  File "/opt/ros/kinetic/lib/python2.7/dist-packages/rospy/topics.py", line 750, in _invoke_callback
    cb(msg)
  File "sonar_get_min_dist.py", line 28, in sonar_callback
    self.back_left_min, self.back_right_min = self.process_sonar_data(data)
  File "sonar_get_min_dist.py", line 56, in process_sonar_data
    self.pub_dists([bl_min,br_min])
  File "sonar_get_min_dist.py", line 70, in pub_dists
    rospy.init_node('list_publisher',anonymous=True)
  File "/opt/ros/kinetic/lib/python2.7/dist-packages/rospy/client.py", line 274, in init_node
    raise rospy.exceptions.ROSException("rospy.init_node() has already been called with different arguments: "+str(_init_node_args))
ROSException: rospy.init_node() has already been called with different arguments: ('sonar_processor', ['sonar_get_min_dist.py'], True, None, False, False)

[rosout][ERROR] 2025-03-27 14:23:12,525: bad callback: <bound method SonarProcessor.sonar_callback of <__main__.SonarProcessor instance at 0x7fa92a5a91b8>>
Traceback (most recent call last):
  File "/opt/ros/kinetic/lib/python2.7/dist-packages/rospy/topics.py", line 750, in _invoke_callback
    cb(msg)
  File "sonar_get_min_dist.py", line 28, in sonar_callback
    self.back_left_min, self.back_right_min = self.process_sonar_data(data)
  File "sonar_get_min_dist.py", line 56, in process_sonar_data
    self.pub_dists([bl_min,br_min])
  File "sonar_get_min_dist.py", line 70, in pub_dists
    rospy.init_node('list_publisher',anonymous=True)
  File "/opt/ros/kinetic/lib/python2.7/dist-packages/rospy/client.py", line 274, in init_node
    raise rospy.exceptions.ROSException("rospy.init_node() has already been called with different arguments: "+str(_init_node_args))
ROSException: rospy.init_node() has already been called with different arguments: ('sonar_processor', ['sonar_get_min_dist.py'], True, None, False, False)

[rosout][ERROR] 2025-03-27 14:23:12,628: bad callback: <bound method SonarProcessor.sonar_callback of <__main__.SonarProcessor instance at 0x7fa92a5a91b8>>
Traceback (most recent call last):
  File "/opt/ros/kinetic/lib/python2.7/dist-packages/rospy/topics.py", line 750, in _invoke_callback
    cb(msg)
  File "sonar_get_min_dist.py", line 28, in sonar_callback
    self.back_left_min, self.back_right_min = self.process_sonar_data(data)
  File "sonar_get_min_dist.py", line 56, in process_sonar_data
    self.pub_dists([bl_min,br_min])
  File "sonar_get_min_dist.py", line 70, in pub_dists
    rospy.init_node('list_publisher',anonymous=True)
  File "/opt/ros/kinetic/lib/python2.7/dist-packages/rospy/client.py", line 274, in init_node
    raise rospy.exceptions.ROSException("rospy.init_node() has already been called with different arguments: "+str(_init_node_args))
ROSException: rospy.init_node() has already been called with different arguments: ('sonar_processor', ['sonar_get_min_dist.py'], True, None, False, False)

[rosout][ERROR] 2025-03-27 14:23:12,725: bad callback: <bound method SonarProcessor.sonar_callback of <__main__.SonarProcessor instance at 0x7fa92a5a91b8>>
Traceback (most recent call last):
  File "/opt/ros/kinetic/lib/python2.7/dist-packages/rospy/topics.py", line 750, in _invoke_callback
    cb(msg)
  File "sonar_get_min_dist.py", line 28, in sonar_callback
    self.back_left_min, self.back_right_min = self.process_sonar_data(data)
  File "sonar_get_min_dist.py", line 56, in process_sonar_data
    self.pub_dists([bl_min,br_min])
  File "sonar_get_min_dist.py", line 70, in pub_dists
    rospy.init_node('list_publisher',anonymous=True)
  File "/opt/ros/kinetic/lib/python2.7/dist-packages/rospy/client.py", line 274, in init_node
    raise rospy.exceptions.ROSException("rospy.init_node() has already been called with different arguments: "+str(_init_node_args))
ROSException: rospy.init_node() has already been called with different arguments: ('sonar_processor', ['sonar_get_min_dist.py'], True, None, False, False)

[rosout][ERROR] 2025-03-27 14:23:12,828: bad callback: <bound method SonarProcessor.sonar_callback of <__main__.SonarProcessor instance at 0x7fa92a5a91b8>>
Traceback (most recent call last):
  File "/opt/ros/kinetic/lib/python2.7/dist-packages/rospy/topics.py", line 750, in _invoke_callback
    cb(msg)
  File "sonar_get_min_dist.py", line 28, in sonar_callback
    self.back_left_min, self.back_right_min = self.process_sonar_data(data)
  File "sonar_get_min_dist.py", line 56, in process_sonar_data
    self.pub_dists([bl_min,br_min])
  File "sonar_get_min_dist.py", line 70, in pub_dists
    rospy.init_node('list_publisher',anonymous=True)
  File "/opt/ros/kinetic/lib/python2.7/dist-packages/rospy/client.py", line 274, in init_node
    raise rospy.exceptions.ROSException("rospy.init_node() has already been called with different arguments: "+str(_init_node_args))
ROSException: rospy.init_node() has already been called with different arguments: ('sonar_processor', ['sonar_get_min_dist.py'], True, None, False, False)

[rosout][ERROR] 2025-03-27 14:23:12,925: bad callback: <bound method SonarProcessor.sonar_callback of <__main__.SonarProcessor instance at 0x7fa92a5a91b8>>
Traceback (most recent call last):
  File "/opt/ros/kinetic/lib/python2.7/dist-packages/rospy/topics.py", line 750, in _invoke_callback
    cb(msg)
  File "sonar_get_min_dist.py", line 28, in sonar_callback
    self.back_left_min, self.back_right_min = self.process_sonar_data(data)
  File "sonar_get_min_dist.py", line 56, in process_sonar_data
    self.pub_dists([bl_min,br_min])
  File "sonar_get_min_dist.py", line 70, in pub_dists
    rospy.init_node('list_publisher',anonymous=True)
  File "/opt/ros/kinetic/lib/python2.7/dist-packages/rospy/client.py", line 274, in init_node
    raise rospy.exceptions.ROSException("rospy.init_node() has already been called with different arguments: "+str(_init_node_args))
ROSException: rospy.init_node() has already been called with different arguments: ('sonar_processor', ['sonar_get_min_dist.py'], True, None, False, False)

[rosout][ERROR] 2025-03-27 14:23:13,028: bad callback: <bound method SonarProcessor.sonar_callback of <__main__.SonarProcessor instance at 0x7fa92a5a91b8>>
Traceback (most recent call last):
  File "/opt/ros/kinetic/lib/python2.7/dist-packages/rospy/topics.py", line 750, in _invoke_callback
    cb(msg)
  File "sonar_get_min_dist.py", line 28, in sonar_callback
    self.back_left_min, self.back_right_min = self.process_sonar_data(data)
  File "sonar_get_min_dist.py", line 56, in process_sonar_data
    self.pub_dists([bl_min,br_min])
  File "sonar_get_min_dist.py", line 70, in pub_dists
    rospy.init_node('list_publisher',anonymous=True)
  File "/opt/ros/kinetic/lib/python2.7/dist-packages/rospy/client.py", line 274, in init_node
    raise rospy.exceptions.ROSException("rospy.init_node() has already been called with different arguments: "+str(_init_node_args))
ROSException: rospy.init_node() has already been called with different arguments: ('sonar_processor', ['sonar_get_min_dist.py'], True, None, False, False)

[rosout][ERROR] 2025-03-27 14:23:13,125: bad callback: <bound method SonarProcessor.sonar_callback of <__main__.SonarProcessor instance at 0x7fa92a5a91b8>>
Traceback (most recent call last):
  File "/opt/ros/kinetic/lib/python2.7/dist-packages/rospy/topics.py", line 750, in _invoke_callback
    cb(msg)
  File "sonar_get_min_dist.py", line 28, in sonar_callback
    self.back_left_min, self.back_right_min = self.process_sonar_data(data)
  File "sonar_get_min_dist.py", line 56, in process_sonar_data
    self.pub_dists([bl_min,br_min])
  File "sonar_get_min_dist.py", line 70, in pub_dists
    rospy.init_node('list_publisher',anonymous=True)
  File "/opt/ros/kinetic/lib/python2.7/dist-packages/rospy/client.py", line 274, in init_node
    raise rospy.exceptions.ROSException("rospy.init_node() has already been called with different arguments: "+str(_init_node_args))
ROSException: rospy.init_node() has already been called with different arguments: ('sonar_processor', ['sonar_get_min_dist.py'], True, None, False, False)

[rosout][ERROR] 2025-03-27 14:23:13,228: bad callback: <bound method SonarProcessor.sonar_callback of <__main__.SonarProcessor instance at 0x7fa92a5a91b8>>
Traceback (most recent call last):
  File "/opt/ros/kinetic/lib/python2.7/dist-packages/rospy/topics.py", line 750, in _invoke_callback
    cb(msg)
  File "sonar_get_min_dist.py", line 28, in sonar_callback
    self.back_left_min, self.back_right_min = self.process_sonar_data(data)
  File "sonar_get_min_dist.py", line 56, in process_sonar_data
    self.pub_dists([bl_min,br_min])
  File "sonar_get_min_dist.py", line 70, in pub_dists
    rospy.init_node('list_publisher',anonymous=True)
  File "/opt/ros/kinetic/lib/python2.7/dist-packages/rospy/client.py", line 274, in init_node
    raise rospy.exceptions.ROSException("rospy.init_node() has already been called with different arguments: "+str(_init_node_args))
ROSException: rospy.init_node() has already been called with different arguments: ('sonar_processor', ['sonar_get_min_dist.py'], True, None, False, False)

[rosout][ERROR] 2025-03-27 14:23:13,325: bad callback: <bound method SonarProcessor.sonar_callback of <__main__.SonarProcessor instance at 0x7fa92a5a91b8>>
Traceback (most recent call last):
  File "/opt/ros/kinetic/lib/python2.7/dist-packages/rospy/topics.py", line 750, in _invoke_callback
    cb(msg)
  File "sonar_get_min_dist.py", line 28, in sonar_callback
    self.back_left_min, self.back_right_min = self.process_sonar_data(data)
  File "sonar_get_min_dist.py", line 56, in process_sonar_data
    self.pub_dists([bl_min,br_min])
  File "sonar_get_min_dist.py", line 70, in pub_dists
    rospy.init_node('list_publisher',anonymous=True)
  File "/opt/ros/kinetic/lib/python2.7/dist-packages/rospy/client.py", line 274, in init_node
    raise rospy.exceptions.ROSException("rospy.init_node() has already been called with different arguments: "+str(_init_node_args))
ROSException: rospy.init_node() has already been called with different arguments: ('sonar_processor', ['sonar_get_min_dist.py'], True, None, False, False)

[rosout][ERROR] 2025-03-27 14:23:13,429: bad callback: <bound method SonarProcessor.sonar_callback of <__main__.SonarProcessor instance at 0x7fa92a5a91b8>>
Traceback (most recent call last):
  File "/opt/ros/kinetic/lib/python2.7/dist-packages/rospy/topics.py", line 750, in _invoke_callback
    cb(msg)
  File "sonar_get_min_dist.py", line 28, in sonar_callback
    self.back_left_min, self.back_right_min = self.process_sonar_data(data)
  File "sonar_get_min_dist.py", line 56, in process_sonar_data
    self.pub_dists([bl_min,br_min])
  File "sonar_get_min_dist.py", line 70, in pub_dists
    rospy.init_node('list_publisher',anonymous=True)
  File "/opt/ros/kinetic/lib/python2.7/dist-packages/rospy/client.py", line 274, in init_node
    raise rospy.exceptions.ROSException("rospy.init_node() has already been called with different arguments: "+str(_init_node_args))
ROSException: rospy.init_node() has already been called with different arguments: ('sonar_processor', ['sonar_get_min_dist.py'], True, None, False, False)

[rosout][ERROR] 2025-03-27 14:23:13,525: bad callback: <bound method SonarProcessor.sonar_callback of <__main__.SonarProcessor instance at 0x7fa92a5a91b8>>
Traceback (most recent call last):
  File "/opt/ros/kinetic/lib/python2.7/dist-packages/rospy/topics.py", line 750, in _invoke_callback
    cb(msg)
  File "sonar_get_min_dist.py", line 28, in sonar_callback
    self.back_left_min, self.back_right_min = self.process_sonar_data(data)
  File "sonar_get_min_dist.py", line 56, in process_sonar_data
    self.pub_dists([bl_min,br_min])
  File "sonar_get_min_dist.py", line 70, in pub_dists
    rospy.init_node('list_publisher',anonymous=True)
  File "/opt/ros/kinetic/lib/python2.7/dist-packages/rospy/client.py", line 274, in init_node
    raise rospy.exceptions.ROSException("rospy.init_node() has already been called with different arguments: "+str(_init_node_args))
ROSException: rospy.init_node() has already been called with different arguments: ('sonar_processor', ['sonar_get_min_dist.py'], True, None, False, False)

[rosout][ERROR] 2025-03-27 14:23:13,629: bad callback: <bound method SonarProcessor.sonar_callback of <__main__.SonarProcessor instance at 0x7fa92a5a91b8>>
Traceback (most recent call last):
  File "/opt/ros/kinetic/lib/python2.7/dist-packages/rospy/topics.py", line 750, in _invoke_callback
    cb(msg)
  File "sonar_get_min_dist.py", line 28, in sonar_callback
    self.back_left_min, self.back_right_min = self.process_sonar_data(data)
  File "sonar_get_min_dist.py", line 56, in process_sonar_data
    self.pub_dists([bl_min,br_min])
  File "sonar_get_min_dist.py", line 70, in pub_dists
    rospy.init_node('list_publisher',anonymous=True)
  File "/opt/ros/kinetic/lib/python2.7/dist-packages/rospy/client.py", line 274, in init_node
    raise rospy.exceptions.ROSException("rospy.init_node() has already been called with different arguments: "+str(_init_node_args))
ROSException: rospy.init_node() has already been called with different arguments: ('sonar_processor', ['sonar_get_min_dist.py'], True, None, False, False)

[rosout][ERROR] 2025-03-27 14:23:13,726: bad callback: <bound method SonarProcessor.sonar_callback of <__main__.SonarProcessor instance at 0x7fa92a5a91b8>>
Traceback (most recent call last):
  File "/opt/ros/kinetic/lib/python2.7/dist-packages/rospy/topics.py", line 750, in _invoke_callback
    cb(msg)
  File "sonar_get_min_dist.py", line 28, in sonar_callback
    self.back_left_min, self.back_right_min = self.process_sonar_data(data)
  File "sonar_get_min_dist.py", line 56, in process_sonar_data
    self.pub_dists([bl_min,br_min])
  File "sonar_get_min_dist.py", line 70, in pub_dists
    rospy.init_node('list_publisher',anonymous=True)
  File "/opt/ros/kinetic/lib/python2.7/dist-packages/rospy/client.py", line 274, in init_node
    raise rospy.exceptions.ROSException("rospy.init_node() has already been called with different arguments: "+str(_init_node_args))
ROSException: rospy.init_node() has already been called with different arguments: ('sonar_processor', ['sonar_get_min_dist.py'], True, None, False, False)

[rosout][ERROR] 2025-03-27 14:23:13,829: bad callback: <bound method SonarProcessor.sonar_callback of <__main__.SonarProcessor instance at 0x7fa92a5a91b8>>
Traceback (most recent call last):
  File "/opt/ros/kinetic/lib/python2.7/dist-packages/rospy/topics.py", line 750, in _invoke_callback
    cb(msg)
  File "sonar_get_min_dist.py", line 28, in sonar_callback
    self.back_left_min, self.back_right_min = self.process_sonar_data(data)
  File "sonar_get_min_dist.py", line 56, in process_sonar_data
    self.pub_dists([bl_min,br_min])
  File "sonar_get_min_dist.py", line 70, in pub_dists
    rospy.init_node('list_publisher',anonymous=True)
  File "/opt/ros/kinetic/lib/python2.7/dist-packages/rospy/client.py", line 274, in init_node
    raise rospy.exceptions.ROSException("rospy.init_node() has already been called with different arguments: "+str(_init_node_args))
ROSException: rospy.init_node() has already been called with different arguments: ('sonar_processor', ['sonar_get_min_dist.py'], True, None, False, False)

[rosout][ERROR] 2025-03-27 14:23:13,926: bad callback: <bound method SonarProcessor.sonar_callback of <__main__.SonarProcessor instance at 0x7fa92a5a91b8>>
Traceback (most recent call last):
  File "/opt/ros/kinetic/lib/python2.7/dist-packages/rospy/topics.py", line 750, in _invoke_callback
    cb(msg)
  File "sonar_get_min_dist.py", line 28, in sonar_callback
    self.back_left_min, self.back_right_min = self.process_sonar_data(data)
  File "sonar_get_min_dist.py", line 56, in process_sonar_data
    self.pub_dists([bl_min,br_min])
  File "sonar_get_min_dist.py", line 70, in pub_dists
    rospy.init_node('list_publisher',anonymous=True)
  File "/opt/ros/kinetic/lib/python2.7/dist-packages/rospy/client.py", line 274, in init_node
    raise rospy.exceptions.ROSException("rospy.init_node() has already been called with different arguments: "+str(_init_node_args))
ROSException: rospy.init_node() has already been called with different arguments: ('sonar_processor', ['sonar_get_min_dist.py'], True, None, False, False)

[rosout][ERROR] 2025-03-27 14:23:14,029: bad callback: <bound method SonarProcessor.sonar_callback of <__main__.SonarProcessor instance at 0x7fa92a5a91b8>>
Traceback (most recent call last):
  File "/opt/ros/kinetic/lib/python2.7/dist-packages/rospy/topics.py", line 750, in _invoke_callback
    cb(msg)
  File "sonar_get_min_dist.py", line 28, in sonar_callback
    self.back_left_min, self.back_right_min = self.process_sonar_data(data)
  File "sonar_get_min_dist.py", line 56, in process_sonar_data
    self.pub_dists([bl_min,br_min])
  File "sonar_get_min_dist.py", line 70, in pub_dists
    rospy.init_node('list_publisher',anonymous=True)
  File "/opt/ros/kinetic/lib/python2.7/dist-packages/rospy/client.py", line 274, in init_node
    raise rospy.exceptions.ROSException("rospy.init_node() has already been called with different arguments: "+str(_init_node_args))
ROSException: rospy.init_node() has already been called with different arguments: ('sonar_processor', ['sonar_get_min_dist.py'], True, None, False, False)

[rosout][ERROR] 2025-03-27 14:23:14,126: bad callback: <bound method SonarProcessor.sonar_callback of <__main__.SonarProcessor instance at 0x7fa92a5a91b8>>
Traceback (most recent call last):
  File "/opt/ros/kinetic/lib/python2.7/dist-packages/rospy/topics.py", line 750, in _invoke_callback
    cb(msg)
  File "sonar_get_min_dist.py", line 28, in sonar_callback
    self.back_left_min, self.back_right_min = self.process_sonar_data(data)
  File "sonar_get_min_dist.py", line 56, in process_sonar_data
    self.pub_dists([bl_min,br_min])
  File "sonar_get_min_dist.py", line 70, in pub_dists
    rospy.init_node('list_publisher',anonymous=True)
  File "/opt/ros/kinetic/lib/python2.7/dist-packages/rospy/client.py", line 274, in init_node
    raise rospy.exceptions.ROSException("rospy.init_node() has already been called with different arguments: "+str(_init_node_args))
ROSException: rospy.init_node() has already been called with different arguments: ('sonar_processor', ['sonar_get_min_dist.py'], True, None, False, False)

[rosout][ERROR] 2025-03-27 14:23:14,229: bad callback: <bound method SonarProcessor.sonar_callback of <__main__.SonarProcessor instance at 0x7fa92a5a91b8>>
Traceback (most recent call last):
  File "/opt/ros/kinetic/lib/python2.7/dist-packages/rospy/topics.py", line 750, in _invoke_callback
    cb(msg)
  File "sonar_get_min_dist.py", line 28, in sonar_callback
    self.back_left_min, self.back_right_min = self.process_sonar_data(data)
  File "sonar_get_min_dist.py", line 56, in process_sonar_data
    self.pub_dists([bl_min,br_min])
  File "sonar_get_min_dist.py", line 70, in pub_dists
    rospy.init_node('list_publisher',anonymous=True)
  File "/opt/ros/kinetic/lib/python2.7/dist-packages/rospy/client.py", line 274, in init_node
    raise rospy.exceptions.ROSException("rospy.init_node() has already been called with different arguments: "+str(_init_node_args))
ROSException: rospy.init_node() has already been called with different arguments: ('sonar_processor', ['sonar_get_min_dist.py'], True, None, False, False)

[rosout][ERROR] 2025-03-27 14:23:14,326: bad callback: <bound method SonarProcessor.sonar_callback of <__main__.SonarProcessor instance at 0x7fa92a5a91b8>>
Traceback (most recent call last):
  File "/opt/ros/kinetic/lib/python2.7/dist-packages/rospy/topics.py", line 750, in _invoke_callback
    cb(msg)
  File "sonar_get_min_dist.py", line 28, in sonar_callback
    self.back_left_min, self.back_right_min = self.process_sonar_data(data)
  File "sonar_get_min_dist.py", line 56, in process_sonar_data
    self.pub_dists([bl_min,br_min])
  File "sonar_get_min_dist.py", line 70, in pub_dists
    rospy.init_node('list_publisher',anonymous=True)
  File "/opt/ros/kinetic/lib/python2.7/dist-packages/rospy/client.py", line 274, in init_node
    raise rospy.exceptions.ROSException("rospy.init_node() has already been called with different arguments: "+str(_init_node_args))
ROSException: rospy.init_node() has already been called with different arguments: ('sonar_processor', ['sonar_get_min_dist.py'], True, None, False, False)

[rosout][ERROR] 2025-03-27 14:23:14,429: bad callback: <bound method SonarProcessor.sonar_callback of <__main__.SonarProcessor instance at 0x7fa92a5a91b8>>
Traceback (most recent call last):
  File "/opt/ros/kinetic/lib/python2.7/dist-packages/rospy/topics.py", line 750, in _invoke_callback
    cb(msg)
  File "sonar_get_min_dist.py", line 28, in sonar_callback
    self.back_left_min, self.back_right_min = self.process_sonar_data(data)
  File "sonar_get_min_dist.py", line 56, in process_sonar_data
    self.pub_dists([bl_min,br_min])
  File "sonar_get_min_dist.py", line 70, in pub_dists
    rospy.init_node('list_publisher',anonymous=True)
  File "/opt/ros/kinetic/lib/python2.7/dist-packages/rospy/client.py", line 274, in init_node
    raise rospy.exceptions.ROSException("rospy.init_node() has already been called with different arguments: "+str(_init_node_args))
ROSException: rospy.init_node() has already been called with different arguments: ('sonar_processor', ['sonar_get_min_dist.py'], True, None, False, False)

[rosout][ERROR] 2025-03-27 14:23:14,526: bad callback: <bound method SonarProcessor.sonar_callback of <__main__.SonarProcessor instance at 0x7fa92a5a91b8>>
Traceback (most recent call last):
  File "/opt/ros/kinetic/lib/python2.7/dist-packages/rospy/topics.py", line 750, in _invoke_callback
    cb(msg)
  File "sonar_get_min_dist.py", line 28, in sonar_callback
    self.back_left_min, self.back_right_min = self.process_sonar_data(data)
  File "sonar_get_min_dist.py", line 56, in process_sonar_data
    self.pub_dists([bl_min,br_min])
  File "sonar_get_min_dist.py", line 70, in pub_dists
    rospy.init_node('list_publisher',anonymous=True)
  File "/opt/ros/kinetic/lib/python2.7/dist-packages/rospy/client.py", line 274, in init_node
    raise rospy.exceptions.ROSException("rospy.init_node() has already been called with different arguments: "+str(_init_node_args))
ROSException: rospy.init_node() has already been called with different arguments: ('sonar_processor', ['sonar_get_min_dist.py'], True, None, False, False)

[rosout][ERROR] 2025-03-27 14:23:14,629: bad callback: <bound method SonarProcessor.sonar_callback of <__main__.SonarProcessor instance at 0x7fa92a5a91b8>>
Traceback (most recent call last):
  File "/opt/ros/kinetic/lib/python2.7/dist-packages/rospy/topics.py", line 750, in _invoke_callback
    cb(msg)
  File "sonar_get_min_dist.py", line 28, in sonar_callback
    self.back_left_min, self.back_right_min = self.process_sonar_data(data)
  File "sonar_get_min_dist.py", line 56, in process_sonar_data
    self.pub_dists([bl_min,br_min])
  File "sonar_get_min_dist.py", line 70, in pub_dists
    rospy.init_node('list_publisher',anonymous=True)
  File "/opt/ros/kinetic/lib/python2.7/dist-packages/rospy/client.py", line 274, in init_node
    raise rospy.exceptions.ROSException("rospy.init_node() has already been called with different arguments: "+str(_init_node_args))
ROSException: rospy.init_node() has already been called with different arguments: ('sonar_processor', ['sonar_get_min_dist.py'], True, None, False, False)

[rospy.core][INFO] 2025-03-27 14:23:14,634: signal_shutdown [signal-2]
[rospy.internal][INFO] 2025-03-27 14:23:14,640: topic[/rosout] removing connection to /rosout
[rospy.internal][INFO] 2025-03-27 14:23:14,641: topic[/RosAria/sonar] removing connection to http://localhost:37299/
[rospy.impl.masterslave][INFO] 2025-03-27 14:23:14,642: signal-2
[rospy.internal][WARNING] 2025-03-27 14:23:14,643: Unknown error initiating TCP/IP socket to localhost:60417 (http://localhost:37299/): Traceback (most recent call last):
  File "/opt/ros/kinetic/lib/python2.7/dist-packages/rospy/impl/tcpros_base.py", line 559, in connect
    self.local_endpoint = self.socket.getsockname()
AttributeError: 'NoneType' object has no attribute 'getsockname'

[rospy.core][INFO] 2025-03-27 14:23:14,751: signal_shutdown [atexit]
