[rospy.client][INFO] 2025-03-27 13:47:41,342: init_node, name[/sonar_processor_4027_1743058061330], pid[4027]
[xmlrpc][INFO] 2025-03-27 13:47:41,342: XML-RPC server binding to 127.0.0.1:0
[xmlrpc][INFO] 2025-03-27 13:47:41,342: Started XML-RPC server [http://localhost:42181/]
[rospy.init][INFO] 2025-03-27 13:47:41,342: ROS Slave URI: [http://localhost:42181/]
[rospy.impl.masterslave][INFO] 2025-03-27 13:47:41,342: _ready: http://localhost:42181/
[rospy.registration][INFO] 2025-03-27 13:47:41,343: Registering with master node http://localhost:11311
[xmlrpc][INFO] 2025-03-27 13:47:41,343: xml rpc node: starting XML-RPC server
[rospy.init][INFO] 2025-03-27 13:47:41,443: registered with master
[rospy.rosout][INFO] 2025-03-27 13:47:41,443: initializing /rosout core topic
[rospy.rosout][INFO] 2025-03-27 13:47:41,449: connected to core topic /rosout
[rospy.simtime][INFO] 2025-03-27 13:47:41,452: /use_sim_time is not set, will not subscribe to simulated time [/clock] topic
[rosout][INFO] 2025-03-27 13:47:41,465: Sonar processor initialized
[rospy.internal][INFO] 2025-03-27 13:47:41,510: topic[/RosAria/sonar] adding connection to [http://localhost:37299/], count 0
[rosout][INFO] 2025-03-27 13:47:41,602: Back Left Min: 0.00, Back Right Min: 0.00
[rosout][INFO] 2025-03-27 13:47:41,702: Back Left Min: 0.00, Back Right Min: 0.00
[rospy.internal][INFO] 2025-03-27 13:47:41,716: topic[/rosout] adding connection to [/rosout], count 0
[rosout][INFO] 2025-03-27 13:47:41,805: Back Left Min: 0.76, Back Right Min: 0.80
[rosout][INFO] 2025-03-27 13:47:41,902: Back Left Min: 0.76, Back Right Min: 0.80
[rosout][INFO] 2025-03-27 13:47:42,006: Back Left Min: 0.76, Back Right Min: 0.80
[rosout][INFO] 2025-03-27 13:47:42,102: Back Left Min: 2.05, Back Right Min: 0.80
[rosout][INFO] 2025-03-27 13:47:42,206: Back Left Min: 2.05, Back Right Min: 0.80
[rosout][INFO] 2025-03-27 13:47:42,303: Back Left Min: 2.05, Back Right Min: 0.80
[rosout][INFO] 2025-03-27 13:47:42,406: Back Left Min: 2.05, Back Right Min: 0.80
[rosout][INFO] 2025-03-27 13:47:42,503: Back Left Min: 2.05, Back Right Min: 0.80
[rosout][INFO] 2025-03-27 13:47:42,606: Back Left Min: 2.05, Back Right Min: 0.80
[rosout][INFO] 2025-03-27 13:47:42,703: Back Left Min: 2.05, Back Right Min: 0.80
[rosout][INFO] 2025-03-27 13:47:42,806: Back Left Min: 2.05, Back Right Min: 0.80
[rosout][INFO] 2025-03-27 13:47:42,903: Back Left Min: 2.05, Back Right Min: 0.80
[rosout][INFO] 2025-03-27 13:47:43,006: Back Left Min: 2.05, Back Right Min: 0.80
[rosout][INFO] 2025-03-27 13:47:43,103: Back Left Min: 2.05, Back Right Min: 0.80
[rosout][INFO] 2025-03-27 13:47:43,207: Back Left Min: 2.05, Back Right Min: 0.80
[rosout][INFO] 2025-03-27 13:47:43,303: Back Left Min: 2.05, Back Right Min: 0.80
[rosout][INFO] 2025-03-27 13:47:43,406: Back Left Min: 2.05, Back Right Min: 0.80
[rosout][INFO] 2025-03-27 13:47:43,503: Back Left Min: 2.05, Back Right Min: 0.80
[rosout][INFO] 2025-03-27 13:47:43,606: Back Left Min: 2.05, Back Right Min: 0.80
[rosout][INFO] 2025-03-27 13:47:43,703: Back Left Min: 2.05, Back Right Min: 0.80
[rosout][INFO] 2025-03-27 13:47:43,806: Back Left Min: 2.05, Back Right Min: 0.80
[rosout][INFO] 2025-03-27 13:47:43,903: Back Left Min: 2.05, Back Right Min: 0.80
[rosout][INFO] 2025-03-27 13:47:44,006: Back Left Min: 2.05, Back Right Min: 0.80
[rosout][INFO] 2025-03-27 13:47:44,103: Back Left Min: 2.05, Back Right Min: 0.80
[rosout][INFO] 2025-03-27 13:47:44,206: Back Left Min: 2.05, Back Right Min: 0.80
[rosout][INFO] 2025-03-27 13:47:44,303: Back Left Min: 2.05, Back Right Min: 0.80
[rosout][INFO] 2025-03-27 13:47:44,407: Back Left Min: 2.05, Back Right Min: 0.80
[rosout][INFO] 2025-03-27 13:47:44,504: Back Left Min: 2.05, Back Right Min: 0.80
[rosout][INFO] 2025-03-27 13:47:44,607: Back Left Min: 2.05, Back Right Min: 0.80
[rosout][INFO] 2025-03-27 13:47:44,704: Back Left Min: 2.05, Back Right Min: 0.80
[rosout][INFO] 2025-03-27 13:47:44,807: Back Left Min: 2.05, Back Right Min: 0.80
[rosout][INFO] 2025-03-27 13:47:44,904: Back Left Min: 2.05, Back Right Min: 0.80
[rosout][INFO] 2025-03-27 13:47:45,007: Back Left Min: 2.05, Back Right Min: 0.80
[rosout][INFO] 2025-03-27 13:47:45,104: Back Left Min: 2.05, Back Right Min: 0.80
[rosout][INFO] 2025-03-27 13:47:45,207: Back Left Min: 2.05, Back Right Min: 0.80
[rosout][INFO] 2025-03-27 13:47:45,304: Back Left Min: 2.05, Back Right Min: 0.80
[rosout][INFO] 2025-03-27 13:47:45,407: Back Left Min: 2.05, Back Right Min: 0.80
[rosout][INFO] 2025-03-27 13:47:45,504: Back Left Min: 2.05, Back Right Min: 0.80
[rosout][INFO] 2025-03-27 13:47:45,607: Back Left Min: 2.05, Back Right Min: 0.80
[rosout][INFO] 2025-03-27 13:47:45,704: Back Left Min: 2.05, Back Right Min: 0.80
[rosout][INFO] 2025-03-27 13:47:45,807: Back Left Min: 2.05, Back Right Min: 0.80
[rosout][INFO] 2025-03-27 13:47:45,904: Back Left Min: 2.05, Back Right Min: 0.80
[rosout][INFO] 2025-03-27 13:47:46,007: Back Left Min: 2.05, Back Right Min: 0.80
[rosout][INFO] 2025-03-27 13:47:46,104: Back Left Min: 2.05, Back Right Min: 0.80
[rosout][INFO] 2025-03-27 13:47:46,207: Back Left Min: 2.05, Back Right Min: 0.80
[rosout][INFO] 2025-03-27 13:47:46,304: Back Left Min: 2.05, Back Right Min: 0.80
[rosout][INFO] 2025-03-27 13:47:46,407: Back Left Min: 2.05, Back Right Min: 0.80
[rosout][INFO] 2025-03-27 13:47:46,504: Back Left Min: 2.05, Back Right Min: 0.80
[rosout][INFO] 2025-03-27 13:47:46,607: Back Left Min: 2.05, Back Right Min: 0.80
[rosout][INFO] 2025-03-27 13:47:46,705: Back Left Min: 2.05, Back Right Min: 0.80
[rosout][INFO] 2025-03-27 13:47:46,808: Back Left Min: 2.05, Back Right Min: 0.80
[rosout][INFO] 2025-03-27 13:47:46,904: Back Left Min: 2.05, Back Right Min: 0.80
[rosout][INFO] 2025-03-27 13:47:47,008: Back Left Min: 2.05, Back Right Min: 0.80
[rosout][INFO] 2025-03-27 13:47:47,105: Back Left Min: 2.05, Back Right Min: 0.80
[rosout][INFO] 2025-03-27 13:47:47,208: Back Left Min: 2.05, Back Right Min: 0.80
[rosout][INFO] 2025-03-27 13:47:47,305: Back Left Min: 2.05, Back Right Min: 0.80
[rosout][INFO] 2025-03-27 13:47:47,408: Back Left Min: 2.05, Back Right Min: 0.80
[rosout][INFO] 2025-03-27 13:47:47,505: Back Left Min: 2.05, Back Right Min: 0.80
[rosout][INFO] 2025-03-27 13:47:47,608: Back Left Min: 2.05, Back Right Min: 0.80
[rosout][INFO] 2025-03-27 13:47:47,705: Back Left Min: 2.05, Back Right Min: 0.80
[rosout][INFO] 2025-03-27 13:47:47,808: Back Left Min: 2.05, Back Right Min: 0.80
[rosout][INFO] 2025-03-27 13:47:47,905: Back Left Min: 2.05, Back Right Min: 0.80
[rosout][INFO] 2025-03-27 13:47:48,008: Back Left Min: 2.05, Back Right Min: 0.80
[rosout][INFO] 2025-03-27 13:47:48,105: Back Left Min: 2.05, Back Right Min: 0.80
[rosout][INFO] 2025-03-27 13:47:48,208: Back Left Min: 2.05, Back Right Min: 0.80
[rosout][INFO] 2025-03-27 13:47:48,305: Back Left Min: 2.05, Back Right Min: 0.80
[rosout][INFO] 2025-03-27 13:47:48,408: Back Left Min: 2.05, Back Right Min: 0.80
[rosout][INFO] 2025-03-27 13:47:48,505: Back Left Min: 2.05, Back Right Min: 0.80
[rosout][INFO] 2025-03-27 13:47:48,608: Back Left Min: 2.05, Back Right Min: 0.80
[rosout][INFO] 2025-03-27 13:47:48,705: Back Left Min: 2.05, Back Right Min: 0.80
[rosout][INFO] 2025-03-27 13:47:48,808: Back Left Min: 2.05, Back Right Min: 0.80
[rosout][INFO] 2025-03-27 13:47:48,905: Back Left Min: 2.05, Back Right Min: 0.80
[rosout][INFO] 2025-03-27 13:47:49,008: Back Left Min: 2.05, Back Right Min: 0.80
[rosout][INFO] 2025-03-27 13:47:49,105: Back Left Min: 2.05, Back Right Min: 0.80
[rosout][INFO] 2025-03-27 13:47:49,209: Back Left Min: 2.05, Back Right Min: 0.80
[rosout][INFO] 2025-03-27 13:47:49,305: Back Left Min: 2.05, Back Right Min: 0.80
[rosout][INFO] 2025-03-27 13:47:49,409: Back Left Min: 2.05, Back Right Min: 0.80
[rosout][INFO] 2025-03-27 13:47:49,505: Back Left Min: 2.05, Back Right Min: 0.80
[rosout][INFO] 2025-03-27 13:47:49,609: Back Left Min: 2.05, Back Right Min: 0.80
[rosout][INFO] 2025-03-27 13:47:49,706: Back Left Min: 2.05, Back Right Min: 0.80
[rosout][INFO] 2025-03-27 13:47:49,809: Back Left Min: 2.05, Back Right Min: 0.80
[rosout][INFO] 2025-03-27 13:47:49,906: Back Left Min: 2.05, Back Right Min: 0.80
[rosout][INFO] 2025-03-27 13:47:50,009: Back Left Min: 2.05, Back Right Min: 0.80
[rosout][INFO] 2025-03-27 13:47:50,106: Back Left Min: 2.05, Back Right Min: 0.80
[rosout][INFO] 2025-03-27 13:47:50,209: Back Left Min: 2.05, Back Right Min: 0.80
[rosout][INFO] 2025-03-27 13:47:50,306: Back Left Min: 2.05, Back Right Min: 0.80
[rosout][INFO] 2025-03-27 13:47:50,409: Back Left Min: 2.05, Back Right Min: 0.80
[rosout][INFO] 2025-03-27 13:47:50,506: Back Left Min: 2.05, Back Right Min: 0.80
[rosout][INFO] 2025-03-27 13:47:50,609: Back Left Min: 2.05, Back Right Min: 0.80
[rosout][INFO] 2025-03-27 13:47:50,706: Back Left Min: 2.05, Back Right Min: 0.80
[rosout][INFO] 2025-03-27 13:47:50,809: Back Left Min: 2.05, Back Right Min: 0.80
[rosout][INFO] 2025-03-27 13:47:50,906: Back Left Min: 2.05, Back Right Min: 0.80
[rosout][INFO] 2025-03-27 13:47:51,009: Back Left Min: 2.05, Back Right Min: 0.80
[rosout][INFO] 2025-03-27 13:47:51,106: Back Left Min: 2.05, Back Right Min: 0.80
[rosout][INFO] 2025-03-27 13:47:51,209: Back Left Min: 2.05, Back Right Min: 0.80
[rosout][INFO] 2025-03-27 13:47:51,306: Back Left Min: 2.05, Back Right Min: 0.80
[rosout][INFO] 2025-03-27 13:47:51,409: Back Left Min: 2.05, Back Right Min: 0.80
[rosout][INFO] 2025-03-27 13:47:51,506: Back Left Min: 2.05, Back Right Min: 0.80
[rosout][INFO] 2025-03-27 13:47:51,610: Back Left Min: 2.05, Back Right Min: 0.80
[rosout][INFO] 2025-03-27 13:47:51,706: Back Left Min: 2.05, Back Right Min: 0.80
[rosout][INFO] 2025-03-27 13:47:51,810: Back Left Min: 2.05, Back Right Min: 0.80
[rosout][INFO] 2025-03-27 13:47:51,907: Back Left Min: 2.05, Back Right Min: 0.80
[rosout][INFO] 2025-03-27 13:47:52,010: Back Left Min: 2.05, Back Right Min: 0.80
[rosout][INFO] 2025-03-27 13:47:52,107: Back Left Min: 2.05, Back Right Min: 0.80
[rosout][INFO] 2025-03-27 13:47:52,210: Back Left Min: 2.05, Back Right Min: 0.80
[rosout][INFO] 2025-03-27 13:47:52,307: Back Left Min: 2.05, Back Right Min: 0.80
[rosout][INFO] 2025-03-27 13:47:52,410: Back Left Min: 2.05, Back Right Min: 0.80
[rosout][INFO] 2025-03-27 13:47:52,507: Back Left Min: 2.05, Back Right Min: 0.80
[rosout][INFO] 2025-03-27 13:47:52,610: Back Left Min: 2.05, Back Right Min: 0.80
[rosout][INFO] 2025-03-27 13:47:52,707: Back Left Min: 2.05, Back Right Min: 0.80
[rosout][INFO] 2025-03-27 13:47:52,810: Back Left Min: 2.05, Back Right Min: 0.80
[rosout][INFO] 2025-03-27 13:47:52,907: Back Left Min: 2.05, Back Right Min: 0.80
[rosout][INFO] 2025-03-27 13:47:53,010: Back Left Min: 2.05, Back Right Min: 0.80
[rosout][INFO] 2025-03-27 13:47:53,107: Back Left Min: 2.05, Back Right Min: 0.80
[rosout][INFO] 2025-03-27 13:47:53,210: Back Left Min: 2.05, Back Right Min: 0.80
[rosout][INFO] 2025-03-27 13:47:53,307: Back Left Min: 2.05, Back Right Min: 0.80
[rosout][INFO] 2025-03-27 13:47:53,410: Back Left Min: 2.05, Back Right Min: 0.80
[rosout][INFO] 2025-03-27 13:47:53,507: Back Left Min: 2.05, Back Right Min: 0.80
[rosout][INFO] 2025-03-27 13:47:53,610: Back Left Min: 2.05, Back Right Min: 0.80
[rosout][INFO] 2025-03-27 13:47:53,707: Back Left Min: 2.05, Back Right Min: 0.80
[rosout][INFO] 2025-03-27 13:47:53,810: Back Left Min: 2.05, Back Right Min: 0.80
[rosout][INFO] 2025-03-27 13:47:53,907: Back Left Min: 2.05, Back Right Min: 0.80
[rosout][INFO] 2025-03-27 13:47:54,010: Back Left Min: 2.05, Back Right Min: 0.80
[rosout][INFO] 2025-03-27 13:47:54,108: Back Left Min: 2.05, Back Right Min: 0.80
[rosout][INFO] 2025-03-27 13:47:54,211: Back Left Min: 2.05, Back Right Min: 0.80
[rosout][INFO] 2025-03-27 13:47:54,308: Back Left Min: 2.05, Back Right Min: 0.80
[rosout][INFO] 2025-03-27 13:47:54,411: Back Left Min: 2.05, Back Right Min: 0.80
[rosout][INFO] 2025-03-27 13:47:54,508: Back Left Min: 2.05, Back Right Min: 0.80
[rosout][INFO] 2025-03-27 13:47:54,611: Back Left Min: 2.05, Back Right Min: 0.80
[rosout][INFO] 2025-03-27 13:47:54,708: Back Left Min: 2.05, Back Right Min: 0.80
[rosout][INFO] 2025-03-27 13:47:54,811: Back Left Min: 2.05, Back Right Min: 0.80
[rosout][INFO] 2025-03-27 13:47:54,908: Back Left Min: 2.05, Back Right Min: 0.80
[rosout][INFO] 2025-03-27 13:47:55,011: Back Left Min: 2.05, Back Right Min: 0.80
[rosout][INFO] 2025-03-27 13:47:55,108: Back Left Min: 2.05, Back Right Min: 0.80
[rosout][INFO] 2025-03-27 13:47:55,211: Back Left Min: 2.05, Back Right Min: 0.80
[rosout][INFO] 2025-03-27 13:47:55,308: Back Left Min: 2.05, Back Right Min: 0.80
[rosout][INFO] 2025-03-27 13:47:55,411: Back Left Min: 2.05, Back Right Min: 0.80
[rosout][INFO] 2025-03-27 13:47:55,508: Back Left Min: 2.05, Back Right Min: 0.80
[rosout][INFO] 2025-03-27 13:47:55,611: Back Left Min: 2.05, Back Right Min: 0.80
[rosout][INFO] 2025-03-27 13:47:55,708: Back Left Min: 2.05, Back Right Min: 0.80
[rosout][INFO] 2025-03-27 13:47:55,811: Back Left Min: 2.05, Back Right Min: 0.80
[rosout][INFO] 2025-03-27 13:47:55,908: Back Left Min: 2.05, Back Right Min: 0.80
[rosout][INFO] 2025-03-27 13:47:56,011: Back Left Min: 2.05, Back Right Min: 0.80
[rosout][INFO] 2025-03-27 13:47:56,108: Back Left Min: 2.05, Back Right Min: 0.80
[rosout][INFO] 2025-03-27 13:47:56,211: Back Left Min: 2.05, Back Right Min: 0.80
[rosout][INFO] 2025-03-27 13:47:56,308: Back Left Min: 2.05, Back Right Min: 0.80
[rosout][INFO] 2025-03-27 13:47:56,412: Back Left Min: 2.05, Back Right Min: 0.80
[rosout][INFO] 2025-03-27 13:47:56,508: Back Left Min: 2.05, Back Right Min: 0.80
[rosout][INFO] 2025-03-27 13:47:56,612: Back Left Min: 2.05, Back Right Min: 0.80
[rosout][INFO] 2025-03-27 13:47:56,708: Back Left Min: 2.05, Back Right Min: 0.80
[rosout][INFO] 2025-03-27 13:47:56,812: Back Left Min: 2.05, Back Right Min: 0.80
[rosout][INFO] 2025-03-27 13:47:56,909: Back Left Min: 2.05, Back Right Min: 0.80
[rosout][INFO] 2025-03-27 13:47:57,012: Back Left Min: 2.05, Back Right Min: 0.80
[rosout][INFO] 2025-03-27 13:47:57,109: Back Left Min: 2.05, Back Right Min: 0.80
[rosout][INFO] 2025-03-27 13:47:57,212: Back Left Min: 2.05, Back Right Min: 0.80
[rosout][INFO] 2025-03-27 13:47:57,309: Back Left Min: 2.05, Back Right Min: 0.80
[rosout][INFO] 2025-03-27 13:47:57,412: Back Left Min: 2.05, Back Right Min: 0.80
[rosout][INFO] 2025-03-27 13:47:57,509: Back Left Min: 2.05, Back Right Min: 0.80
[rosout][INFO] 2025-03-27 13:47:57,612: Back Left Min: 2.05, Back Right Min: 0.80
[rosout][INFO] 2025-03-27 13:47:57,709: Back Left Min: 2.05, Back Right Min: 0.80
[rosout][INFO] 2025-03-27 13:47:57,812: Back Left Min: 2.05, Back Right Min: 0.80
[rosout][INFO] 2025-03-27 13:47:57,909: Back Left Min: 2.05, Back Right Min: 0.80
[rosout][INFO] 2025-03-27 13:47:58,012: Back Left Min: 2.05, Back Right Min: 0.80
[rosout][INFO] 2025-03-27 13:47:58,109: Back Left Min: 2.05, Back Right Min: 0.80
[rosout][INFO] 2025-03-27 13:47:58,212: Back Left Min: 2.05, Back Right Min: 0.80
[rosout][INFO] 2025-03-27 13:47:58,309: Back Left Min: 2.05, Back Right Min: 0.80
[rosout][INFO] 2025-03-27 13:47:58,412: Back Left Min: 2.05, Back Right Min: 0.80
[rosout][INFO] 2025-03-27 13:47:58,509: Back Left Min: 2.05, Back Right Min: 0.80
[rosout][INFO] 2025-03-27 13:47:58,612: Back Left Min: 2.05, Back Right Min: 0.80
[rosout][INFO] 2025-03-27 13:47:58,709: Back Left Min: 2.05, Back Right Min: 0.80
[rosout][INFO] 2025-03-27 13:47:58,812: Back Left Min: 2.05, Back Right Min: 0.80
[rosout][INFO] 2025-03-27 13:47:58,909: Back Left Min: 2.05, Back Right Min: 0.80
[rosout][INFO] 2025-03-27 13:47:59,013: Back Left Min: 2.05, Back Right Min: 0.80
[rosout][INFO] 2025-03-27 13:47:59,109: Back Left Min: 2.05, Back Right Min: 0.80
[rosout][INFO] 2025-03-27 13:47:59,213: Back Left Min: 2.05, Back Right Min: 0.80
[rosout][INFO] 2025-03-27 13:47:59,310: Back Left Min: 2.05, Back Right Min: 0.80
[rosout][INFO] 2025-03-27 13:47:59,413: Back Left Min: 2.05, Back Right Min: 0.80
[rosout][INFO] 2025-03-27 13:47:59,510: Back Left Min: 2.05, Back Right Min: 0.80
[rosout][INFO] 2025-03-27 13:47:59,613: Back Left Min: 2.05, Back Right Min: 0.80
[rosout][INFO] 2025-03-27 13:47:59,710: Back Left Min: 2.05, Back Right Min: 0.80
[rosout][INFO] 2025-03-27 13:47:59,813: Back Left Min: 2.05, Back Right Min: 0.80
[rosout][INFO] 2025-03-27 13:47:59,910: Back Left Min: 2.05, Back Right Min: 0.80
[rosout][INFO] 2025-03-27 13:48:00,013: Back Left Min: 2.05, Back Right Min: 0.80
[rosout][INFO] 2025-03-27 13:48:00,110: Back Left Min: 2.05, Back Right Min: 0.80
[rosout][INFO] 2025-03-27 13:48:00,214: Back Left Min: 2.05, Back Right Min: 0.80
[rosout][INFO] 2025-03-27 13:48:00,310: Back Left Min: 2.05, Back Right Min: 0.80
[rosout][INFO] 2025-03-27 13:48:00,414: Back Left Min: 2.05, Back Right Min: 0.80
[rosout][INFO] 2025-03-27 13:48:00,510: Back Left Min: 2.05, Back Right Min: 0.80
[rosout][INFO] 2025-03-27 13:48:00,613: Back Left Min: 2.05, Back Right Min: 0.80
[rosout][INFO] 2025-03-27 13:48:00,710: Back Left Min: 2.05, Back Right Min: 0.80
[rosout][INFO] 2025-03-27 13:48:00,813: Back Left Min: 2.05, Back Right Min: 0.80
[rosout][INFO] 2025-03-27 13:48:00,910: Back Left Min: 2.05, Back Right Min: 0.80
[rosout][INFO] 2025-03-27 13:48:01,013: Back Left Min: 2.05, Back Right Min: 0.80
[rosout][INFO] 2025-03-27 13:48:01,110: Back Left Min: 2.05, Back Right Min: 0.80
[rosout][INFO] 2025-03-27 13:48:01,213: Back Left Min: 2.05, Back Right Min: 0.80
[rosout][INFO] 2025-03-27 13:48:01,310: Back Left Min: 2.05, Back Right Min: 0.80
[rosout][INFO] 2025-03-27 13:48:01,414: Back Left Min: 2.05, Back Right Min: 0.80
[rosout][INFO] 2025-03-27 13:48:01,511: Back Left Min: 2.05, Back Right Min: 0.80
[rosout][INFO] 2025-03-27 13:48:01,614: Back Left Min: 2.05, Back Right Min: 0.80
[rosout][INFO] 2025-03-27 13:48:01,711: Back Left Min: 2.05, Back Right Min: 0.80
[rosout][INFO] 2025-03-27 13:48:01,814: Back Left Min: 2.05, Back Right Min: 0.80
[rosout][INFO] 2025-03-27 13:48:01,911: Back Left Min: 2.05, Back Right Min: 0.80
[rosout][INFO] 2025-03-27 13:48:02,014: Back Left Min: 2.05, Back Right Min: 0.80
[rosout][INFO] 2025-03-27 13:48:02,111: Back Left Min: 2.05, Back Right Min: 0.80
[rosout][INFO] 2025-03-27 13:48:02,214: Back Left Min: 2.05, Back Right Min: 0.80
[rosout][INFO] 2025-03-27 13:48:02,311: Back Left Min: 2.05, Back Right Min: 0.80
[rosout][INFO] 2025-03-27 13:48:02,414: Back Left Min: 2.05, Back Right Min: 0.80
[rosout][INFO] 2025-03-27 13:48:02,511: Back Left Min: 2.05, Back Right Min: 0.80
[rosout][INFO] 2025-03-27 13:48:02,615: Back Left Min: 2.05, Back Right Min: 0.80
[rosout][INFO] 2025-03-27 13:48:02,711: Back Left Min: 2.05, Back Right Min: 0.80
[rosout][INFO] 2025-03-27 13:48:02,815: Back Left Min: 2.05, Back Right Min: 0.80
[rosout][INFO] 2025-03-27 13:48:02,912: Back Left Min: 2.05, Back Right Min: 0.80
[rosout][INFO] 2025-03-27 13:48:03,015: Back Left Min: 2.05, Back Right Min: 0.80
[rosout][INFO] 2025-03-27 13:48:03,111: Back Left Min: 2.05, Back Right Min: 0.80
[rosout][INFO] 2025-03-27 13:48:03,214: Back Left Min: 2.05, Back Right Min: 0.80
[rosout][INFO] 2025-03-27 13:48:03,311: Back Left Min: 2.05, Back Right Min: 0.80
[rosout][INFO] 2025-03-27 13:48:03,414: Back Left Min: 2.05, Back Right Min: 0.80
[rosout][INFO] 2025-03-27 13:48:03,511: Back Left Min: 2.05, Back Right Min: 0.80
[rosout][INFO] 2025-03-27 13:48:03,615: Back Left Min: 2.05, Back Right Min: 0.80
[rosout][INFO] 2025-03-27 13:48:03,711: Back Left Min: 2.05, Back Right Min: 0.80
[rosout][INFO] 2025-03-27 13:48:03,815: Back Left Min: 2.05, Back Right Min: 0.80
[rosout][INFO] 2025-03-27 13:48:03,912: Back Left Min: 2.05, Back Right Min: 0.80
[rosout][INFO] 2025-03-27 13:48:04,015: Back Left Min: 2.05, Back Right Min: 0.80
[rosout][INFO] 2025-03-27 13:48:04,112: Back Left Min: 2.05, Back Right Min: 0.80
[rosout][INFO] 2025-03-27 13:48:04,215: Back Left Min: 2.05, Back Right Min: 0.80
[rosout][INFO] 2025-03-27 13:48:04,312: Back Left Min: 2.05, Back Right Min: 0.80
[rosout][INFO] 2025-03-27 13:48:04,415: Back Left Min: 2.05, Back Right Min: 0.80
[rosout][INFO] 2025-03-27 13:48:04,512: Back Left Min: 2.05, Back Right Min: 0.80
[rosout][INFO] 2025-03-27 13:48:04,615: Back Left Min: 2.05, Back Right Min: 0.80
[rosout][INFO] 2025-03-27 13:48:04,712: Back Left Min: 2.05, Back Right Min: 0.80
[rosout][INFO] 2025-03-27 13:48:04,815: Back Left Min: 2.05, Back Right Min: 0.80
[rosout][INFO] 2025-03-27 13:48:04,912: Back Left Min: 2.05, Back Right Min: 0.80
[rosout][INFO] 2025-03-27 13:48:05,015: Back Left Min: 2.05, Back Right Min: 0.80
[rosout][INFO] 2025-03-27 13:48:05,112: Back Left Min: 2.05, Back Right Min: 0.80
[rosout][INFO] 2025-03-27 13:48:05,215: Back Left Min: 2.05, Back Right Min: 0.80
[rosout][INFO] 2025-03-27 13:48:05,312: Back Left Min: 2.05, Back Right Min: 0.80
[rosout][INFO] 2025-03-27 13:48:05,415: Back Left Min: 1.38, Back Right Min: 0.80
[rosout][INFO] 2025-03-27 13:48:05,512: Back Left Min: 1.38, Back Right Min: 0.80
[rosout][INFO] 2025-03-27 13:48:05,615: Back Left Min: 1.19, Back Right Min: 0.80
[rosout][INFO] 2025-03-27 13:48:05,712: Back Left Min: 1.19, Back Right Min: 0.80
[rosout][INFO] 2025-03-27 13:48:05,815: Back Left Min: 1.19, Back Right Min: 0.80
[rosout][INFO] 2025-03-27 13:48:05,912: Back Left Min: 1.19, Back Right Min: 0.80
[rosout][INFO] 2025-03-27 13:48:06,015: Back Left Min: 1.19, Back Right Min: 0.80
[rosout][INFO] 2025-03-27 13:48:06,112: Back Left Min: 1.19, Back Right Min: 0.80
[rosout][INFO] 2025-03-27 13:48:06,216: Back Left Min: 5.48, Back Right Min: 0.80
[rosout][INFO] 2025-03-27 13:48:06,312: Back Left Min: 5.48, Back Right Min: 0.80
[rosout][INFO] 2025-03-27 13:48:06,416: Back Left Min: 5.48, Back Right Min: 0.80
[rosout][INFO] 2025-03-27 13:48:06,513: Back Left Min: 1.01, Back Right Min: 0.80
[rosout][INFO] 2025-03-27 13:48:06,616: Back Left Min: 1.01, Back Right Min: 0.80
[rosout][INFO] 2025-03-27 13:48:06,713: Back Left Min: 1.01, Back Right Min: 0.80
[rosout][INFO] 2025-03-27 13:48:06,816: Back Left Min: 0.94, Back Right Min: 0.80
[rosout][INFO] 2025-03-27 13:48:06,913: Back Left Min: 0.94, Back Right Min: 0.80
[rosout][INFO] 2025-03-27 13:48:07,016: Back Left Min: 0.91, Back Right Min: 0.80
[rosout][INFO] 2025-03-27 13:48:07,113: Back Left Min: 0.91, Back Right Min: 0.80
[rosout][INFO] 2025-03-27 13:48:07,216: Back Left Min: 0.91, Back Right Min: 0.80
[rosout][INFO] 2025-03-27 13:48:07,313: Back Left Min: 0.92, Back Right Min: 0.80
[rosout][INFO] 2025-03-27 13:48:07,416: Back Left Min: 0.92, Back Right Min: 0.80
[rosout][INFO] 2025-03-27 13:48:07,513: Back Left Min: 0.92, Back Right Min: 0.80
[rosout][INFO] 2025-03-27 13:48:07,616: Back Left Min: 0.77, Back Right Min: 0.80
[rosout][INFO] 2025-03-27 13:48:07,713: Back Left Min: 0.77, Back Right Min: 0.80
[rosout][INFO] 2025-03-27 13:48:07,816: Back Left Min: 0.77, Back Right Min: 0.80
[rosout][INFO] 2025-03-27 13:48:07,913: Back Left Min: 0.72, Back Right Min: 0.80
[rosout][INFO] 2025-03-27 13:48:08,016: Back Left Min: 0.72, Back Right Min: 0.80
[rosout][INFO] 2025-03-27 13:48:08,113: Back Left Min: 0.72, Back Right Min: 0.80
[rosout][INFO] 2025-03-27 13:48:08,216: Back Left Min: 0.71, Back Right Min: 0.80
[rosout][INFO] 2025-03-27 13:48:08,313: Back Left Min: 0.71, Back Right Min: 0.80
[rosout][INFO] 2025-03-27 13:48:08,416: Back Left Min: 0.89, Back Right Min: 0.80
[rosout][INFO] 2025-03-27 13:48:08,513: Back Left Min: 0.89, Back Right Min: 0.80
[rosout][INFO] 2025-03-27 13:48:08,617: Back Left Min: 0.89, Back Right Min: 0.80
[rosout][INFO] 2025-03-27 13:48:08,713: Back Left Min: 0.90, Back Right Min: 0.80
[rosout][INFO] 2025-03-27 13:48:08,817: Back Left Min: 0.90, Back Right Min: 0.80
[rosout][INFO] 2025-03-27 13:48:08,914: Back Left Min: 0.90, Back Right Min: 0.80
[rosout][INFO] 2025-03-27 13:48:09,017: Back Left Min: 0.89, Back Right Min: 0.80
[rosout][INFO] 2025-03-27 13:48:09,114: Back Left Min: 0.89, Back Right Min: 0.80
[rosout][INFO] 2025-03-27 13:48:09,217: Back Left Min: 0.89, Back Right Min: 0.80
[rosout][INFO] 2025-03-27 13:48:09,314: Back Left Min: 0.89, Back Right Min: 0.80
[rosout][INFO] 2025-03-27 13:48:09,417: Back Left Min: 0.89, Back Right Min: 0.80
[rosout][INFO] 2025-03-27 13:48:09,514: Back Left Min: 0.89, Back Right Min: 0.80
[rosout][INFO] 2025-03-27 13:48:09,617: Back Left Min: 0.90, Back Right Min: 0.80
[rosout][INFO] 2025-03-27 13:48:09,714: Back Left Min: 0.90, Back Right Min: 0.80
[rosout][INFO] 2025-03-27 13:48:09,817: Back Left Min: 0.90, Back Right Min: 0.80
[rosout][INFO] 2025-03-27 13:48:09,914: Back Left Min: 0.90, Back Right Min: 0.80
[rosout][INFO] 2025-03-27 13:48:10,017: Back Left Min: 0.90, Back Right Min: 0.80
[rosout][INFO] 2025-03-27 13:48:10,114: Back Left Min: 0.76, Back Right Min: 0.80
[rosout][INFO] 2025-03-27 13:48:10,217: Back Left Min: 0.76, Back Right Min: 0.80
[rosout][INFO] 2025-03-27 13:48:10,314: Back Left Min: 0.76, Back Right Min: 0.80
[rosout][INFO] 2025-03-27 13:48:10,417: Back Left Min: 0.71, Back Right Min: 0.80
[rosout][INFO] 2025-03-27 13:48:10,514: Back Left Min: 0.71, Back Right Min: 0.80
[rosout][INFO] 2025-03-27 13:48:10,617: Back Left Min: 0.71, Back Right Min: 0.80
[rosout][INFO] 2025-03-27 13:48:10,714: Back Left Min: 0.72, Back Right Min: 0.80
[rosout][INFO] 2025-03-27 13:48:10,817: Back Left Min: 0.72, Back Right Min: 0.80
[rosout][INFO] 2025-03-27 13:48:10,914: Back Left Min: 0.72, Back Right Min: 0.80
[rosout][INFO] 2025-03-27 13:48:11,018: Back Left Min: 0.77, Back Right Min: 0.80
[rosout][INFO] 2025-03-27 13:48:11,114: Back Left Min: 0.77, Back Right Min: 0.80
[rosout][INFO] 2025-03-27 13:48:11,218: Back Left Min: 0.75, Back Right Min: 0.80
[rosout][INFO] 2025-03-27 13:48:11,315: Back Left Min: 0.75, Back Right Min: 0.80
[rosout][INFO] 2025-03-27 13:48:11,418: Back Left Min: 0.75, Back Right Min: 0.80
[rosout][INFO] 2025-03-27 13:48:11,515: Back Left Min: 0.76, Back Right Min: 0.80
[rosout][INFO] 2025-03-27 13:48:11,618: Back Left Min: 0.76, Back Right Min: 0.80
[rosout][INFO] 2025-03-27 13:48:11,715: Back Left Min: 0.76, Back Right Min: 0.80
[rosout][INFO] 2025-03-27 13:48:11,818: Back Left Min: 0.74, Back Right Min: 0.80
[rosout][INFO] 2025-03-27 13:48:11,915: Back Left Min: 0.74, Back Right Min: 0.80
[rosout][INFO] 2025-03-27 13:48:12,018: Back Left Min: 0.74, Back Right Min: 0.80
[rosout][INFO] 2025-03-27 13:48:12,115: Back Left Min: 0.76, Back Right Min: 0.80
[rosout][INFO] 2025-03-27 13:48:12,218: Back Left Min: 0.76, Back Right Min: 0.80
[rosout][INFO] 2025-03-27 13:48:12,315: Back Left Min: 0.76, Back Right Min: 0.80
[rosout][INFO] 2025-03-27 13:48:12,418: Back Left Min: 0.73, Back Right Min: 0.80
[rosout][INFO] 2025-03-27 13:48:12,515: Back Left Min: 0.73, Back Right Min: 0.80
[rosout][INFO] 2025-03-27 13:48:12,618: Back Left Min: 0.71, Back Right Min: 0.80
[rosout][INFO] 2025-03-27 13:48:12,716: Back Left Min: 0.71, Back Right Min: 0.80
[rosout][INFO] 2025-03-27 13:48:12,818: Back Left Min: 0.71, Back Right Min: 0.80
[rosout][INFO] 2025-03-27 13:48:12,915: Back Left Min: 0.71, Back Right Min: 0.80
[rosout][INFO] 2025-03-27 13:48:13,018: Back Left Min: 0.71, Back Right Min: 0.80
[rosout][INFO] 2025-03-27 13:48:13,115: Back Left Min: 0.71, Back Right Min: 0.80
[rosout][INFO] 2025-03-27 13:48:13,218: Back Left Min: 0.72, Back Right Min: 0.80
[rosout][INFO] 2025-03-27 13:48:13,315: Back Left Min: 0.72, Back Right Min: 0.80
[rosout][INFO] 2025-03-27 13:48:13,419: Back Left Min: 0.72, Back Right Min: 0.80
[rosout][INFO] 2025-03-27 13:48:13,515: Back Left Min: 0.71, Back Right Min: 0.80
[rosout][INFO] 2025-03-27 13:48:13,619: Back Left Min: 0.71, Back Right Min: 0.80
[rosout][INFO] 2025-03-27 13:48:13,716: Back Left Min: 0.71, Back Right Min: 0.80
[rosout][INFO] 2025-03-27 13:48:13,819: Back Left Min: 0.72, Back Right Min: 0.80
[rosout][INFO] 2025-03-27 13:48:13,916: Back Left Min: 0.72, Back Right Min: 0.80
[rosout][INFO] 2025-03-27 13:48:14,019: Back Left Min: 0.77, Back Right Min: 0.80
[rosout][INFO] 2025-03-27 13:48:14,116: Back Left Min: 0.77, Back Right Min: 0.80
[rosout][INFO] 2025-03-27 13:48:14,219: Back Left Min: 0.77, Back Right Min: 0.80
[rosout][INFO] 2025-03-27 13:48:14,316: Back Left Min: 1.22, Back Right Min: 0.80
[rosout][INFO] 2025-03-27 13:48:14,419: Back Left Min: 1.22, Back Right Min: 0.80
[rosout][INFO] 2025-03-27 13:48:14,516: Back Left Min: 1.22, Back Right Min: 0.80
[rosout][INFO] 2025-03-27 13:48:14,619: Back Left Min: 5.48, Back Right Min: 0.80
[rosout][INFO] 2025-03-27 13:48:14,716: Back Left Min: 5.48, Back Right Min: 0.80
[rosout][INFO] 2025-03-27 13:48:14,819: Back Left Min: 5.48, Back Right Min: 0.80
[rosout][INFO] 2025-03-27 13:48:14,916: Back Left Min: 1.42, Back Right Min: 0.80
[rosout][INFO] 2025-03-27 13:48:15,019: Back Left Min: 1.42, Back Right Min: 0.80
[rosout][INFO] 2025-03-27 13:48:15,116: Back Left Min: 1.42, Back Right Min: 0.80
[rosout][INFO] 2025-03-27 13:48:15,219: Back Left Min: 0.76, Back Right Min: 0.80
[rosout][INFO] 2025-03-27 13:48:15,316: Back Left Min: 0.76, Back Right Min: 0.80
[rosout][INFO] 2025-03-27 13:48:15,419: Back Left Min: 1.24, Back Right Min: 0.80
[rosout][INFO] 2025-03-27 13:48:15,516: Back Left Min: 1.24, Back Right Min: 0.80
[rosout][INFO] 2025-03-27 13:48:15,619: Back Left Min: 1.24, Back Right Min: 0.80
[rosout][INFO] 2025-03-27 13:48:15,716: Back Left Min: 0.76, Back Right Min: 0.80
[rosout][INFO] 2025-03-27 13:48:15,820: Back Left Min: 0.76, Back Right Min: 0.80
[rosout][INFO] 2025-03-27 13:48:15,916: Back Left Min: 0.76, Back Right Min: 0.80
[rosout][INFO] 2025-03-27 13:48:16,020: Back Left Min: 0.93, Back Right Min: 0.80
[rosout][INFO] 2025-03-27 13:48:16,117: Back Left Min: 0.93, Back Right Min: 0.80
[rosout][INFO] 2025-03-27 13:48:16,220: Back Left Min: 0.93, Back Right Min: 0.80
[rosout][INFO] 2025-03-27 13:48:16,317: Back Left Min: 1.05, Back Right Min: 0.80
[rosout][INFO] 2025-03-27 13:48:16,420: Back Left Min: 1.05, Back Right Min: 0.80
[rosout][INFO] 2025-03-27 13:48:16,517: Back Left Min: 1.05, Back Right Min: 0.80
[rosout][INFO] 2025-03-27 13:48:16,620: Back Left Min: 1.05, Back Right Min: 0.80
[rosout][INFO] 2025-03-27 13:48:16,717: Back Left Min: 1.05, Back Right Min: 0.80
[rosout][INFO] 2025-03-27 13:48:16,820: Back Left Min: 0.93, Back Right Min: 0.80
[rosout][INFO] 2025-03-27 13:48:16,917: Back Left Min: 0.93, Back Right Min: 0.80
[rosout][INFO] 2025-03-27 13:48:17,020: Back Left Min: 0.93, Back Right Min: 0.80
[rosout][INFO] 2025-03-27 13:48:17,117: Back Left Min: 1.27, Back Right Min: 0.80
[rosout][INFO] 2025-03-27 13:48:17,220: Back Left Min: 1.27, Back Right Min: 0.80
[rosout][INFO] 2025-03-27 13:48:17,317: Back Left Min: 1.27, Back Right Min: 0.80
[rosout][INFO] 2025-03-27 13:48:17,420: Back Left Min: 1.23, Back Right Min: 0.80
[rosout][INFO] 2025-03-27 13:48:17,517: Back Left Min: 1.23, Back Right Min: 0.80
[rosout][INFO] 2025-03-27 13:48:17,620: Back Left Min: 1.23, Back Right Min: 0.80
[rosout][INFO] 2025-03-27 13:48:17,717: Back Left Min: 1.02, Back Right Min: 0.80
[rosout][INFO] 2025-03-27 13:48:17,820: Back Left Min: 1.02, Back Right Min: 0.80
[rosout][INFO] 2025-03-27 13:48:17,917: Back Left Min: 1.02, Back Right Min: 0.80
[rosout][INFO] 2025-03-27 13:48:18,020: Back Left Min: 1.22, Back Right Min: 0.80
[rosout][INFO] 2025-03-27 13:48:18,117: Back Left Min: 1.22, Back Right Min: 0.80
[rosout][INFO] 2025-03-27 13:48:18,221: Back Left Min: 1.06, Back Right Min: 0.80
[rosout][INFO] 2025-03-27 13:48:18,317: Back Left Min: 1.06, Back Right Min: 0.80
[rosout][INFO] 2025-03-27 13:48:18,421: Back Left Min: 1.06, Back Right Min: 0.80
[rosout][INFO] 2025-03-27 13:48:18,517: Back Left Min: 5.48, Back Right Min: 0.80
[rosout][INFO] 2025-03-27 13:48:18,621: Back Left Min: 5.48, Back Right Min: 0.80
[rosout][INFO] 2025-03-27 13:48:18,718: Back Left Min: 5.48, Back Right Min: 0.80
[rosout][INFO] 2025-03-27 13:48:18,821: Back Left Min: 1.26, Back Right Min: 0.80
[rosout][INFO] 2025-03-27 13:48:18,918: Back Left Min: 1.26, Back Right Min: 0.80
[rosout][INFO] 2025-03-27 13:48:19,021: Back Left Min: 1.26, Back Right Min: 0.80
[rosout][INFO] 2025-03-27 13:48:19,118: Back Left Min: 5.48, Back Right Min: 0.80
[rosout][INFO] 2025-03-27 13:48:19,221: Back Left Min: 5.48, Back Right Min: 0.80
[rosout][INFO] 2025-03-27 13:48:19,318: Back Left Min: 5.48, Back Right Min: 0.80
[rosout][INFO] 2025-03-27 13:48:19,421: Back Left Min: 5.48, Back Right Min: 0.80
[rosout][INFO] 2025-03-27 13:48:19,518: Back Left Min: 5.48, Back Right Min: 0.80
[rosout][INFO] 2025-03-27 13:48:19,621: Back Left Min: 5.48, Back Right Min: 0.80
[rosout][INFO] 2025-03-27 13:48:19,718: Back Left Min: 5.48, Back Right Min: 0.80
[rosout][INFO] 2025-03-27 13:48:19,821: Back Left Min: 5.48, Back Right Min: 0.80
[rosout][INFO] 2025-03-27 13:48:19,918: Back Left Min: 0.94, Back Right Min: 0.80
[rosout][INFO] 2025-03-27 13:48:20,021: Back Left Min: 0.94, Back Right Min: 0.80
[rosout][INFO] 2025-03-27 13:48:20,118: Back Left Min: 0.94, Back Right Min: 0.80
[rosout][INFO] 2025-03-27 13:48:20,221: Back Left Min: 0.93, Back Right Min: 0.80
[rosout][INFO] 2025-03-27 13:48:20,318: Back Left Min: 0.93, Back Right Min: 0.80
[rosout][INFO] 2025-03-27 13:48:20,421: Back Left Min: 0.93, Back Right Min: 0.80
[rosout][INFO] 2025-03-27 13:48:20,518: Back Left Min: 5.48, Back Right Min: 0.80
[rosout][INFO] 2025-03-27 13:48:20,622: Back Left Min: 5.48, Back Right Min: 0.80
[rosout][INFO] 2025-03-27 13:48:20,719: Back Left Min: 5.48, Back Right Min: 0.80
[rosout][INFO] 2025-03-27 13:48:20,822: Back Left Min: 5.48, Back Right Min: 0.80
[rosout][INFO] 2025-03-27 13:48:20,919: Back Left Min: 5.48, Back Right Min: 0.80
[rosout][INFO] 2025-03-27 13:48:21,022: Back Left Min: 0.93, Back Right Min: 0.80
[rosout][INFO] 2025-03-27 13:48:21,119: Back Left Min: 0.93, Back Right Min: 0.80
[rosout][INFO] 2025-03-27 13:48:21,222: Back Left Min: 0.93, Back Right Min: 0.80
[rosout][INFO] 2025-03-27 13:48:21,319: Back Left Min: 0.92, Back Right Min: 0.80
[rosout][INFO] 2025-03-27 13:48:21,422: Back Left Min: 0.92, Back Right Min: 0.80
[rosout][INFO] 2025-03-27 13:48:21,519: Back Left Min: 0.92, Back Right Min: 0.80
[rosout][INFO] 2025-03-27 13:48:21,622: Back Left Min: 5.48, Back Right Min: 0.80
[rosout][INFO] 2025-03-27 13:48:21,719: Back Left Min: 5.48, Back Right Min: 0.80
[rosout][INFO] 2025-03-27 13:48:21,822: Back Left Min: 5.48, Back Right Min: 0.80
[rosout][INFO] 2025-03-27 13:48:21,919: Back Left Min: 5.48, Back Right Min: 0.80
[rosout][INFO] 2025-03-27 13:48:22,022: Back Left Min: 5.48, Back Right Min: 0.80
[rosout][INFO] 2025-03-27 13:48:22,119: Back Left Min: 5.48, Back Right Min: 0.80
[rosout][INFO] 2025-03-27 13:48:22,222: Back Left Min: 5.48, Back Right Min: 0.80
[rosout][INFO] 2025-03-27 13:48:22,319: Back Left Min: 5.48, Back Right Min: 0.80
[rosout][INFO] 2025-03-27 13:48:22,422: Back Left Min: 5.48, Back Right Min: 0.80
[rosout][INFO] 2025-03-27 13:48:22,519: Back Left Min: 5.48, Back Right Min: 0.80
[rosout][INFO] 2025-03-27 13:48:22,622: Back Left Min: 5.48, Back Right Min: 0.80
[rosout][INFO] 2025-03-27 13:48:22,719: Back Left Min: 5.48, Back Right Min: 0.80
[rosout][INFO] 2025-03-27 13:48:22,822: Back Left Min: 5.48, Back Right Min: 0.80
[rosout][INFO] 2025-03-27 13:48:22,919: Back Left Min: 5.48, Back Right Min: 0.80
[rosout][INFO] 2025-03-27 13:48:23,023: Back Left Min: 5.48, Back Right Min: 0.80
[rosout][INFO] 2025-03-27 13:48:23,119: Back Left Min: 5.48, Back Right Min: 0.80
[rosout][INFO] 2025-03-27 13:48:23,223: Back Left Min: 5.48, Back Right Min: 0.80
[rosout][INFO] 2025-03-27 13:48:23,319: Back Left Min: 5.48, Back Right Min: 0.80
[rosout][INFO] 2025-03-27 13:48:23,423: Back Left Min: 5.48, Back Right Min: 0.80
[rosout][INFO] 2025-03-27 13:48:23,520: Back Left Min: 5.48, Back Right Min: 0.80
[rosout][INFO] 2025-03-27 13:48:23,623: Back Left Min: 5.48, Back Right Min: 0.80
[rosout][INFO] 2025-03-27 13:48:23,720: Back Left Min: 5.48, Back Right Min: 0.80
[rosout][INFO] 2025-03-27 13:48:23,823: Back Left Min: 0.73, Back Right Min: 0.80
[rosout][INFO] 2025-03-27 13:48:23,920: Back Left Min: 0.73, Back Right Min: 0.80
[rosout][INFO] 2025-03-27 13:48:24,023: Back Left Min: 0.73, Back Right Min: 0.80
[rosout][INFO] 2025-03-27 13:48:24,120: Back Left Min: 0.76, Back Right Min: 0.80
[rosout][INFO] 2025-03-27 13:48:24,223: Back Left Min: 0.76, Back Right Min: 0.80
[rosout][INFO] 2025-03-27 13:48:24,320: Back Left Min: 0.76, Back Right Min: 0.80
[rosout][INFO] 2025-03-27 13:48:24,423: Back Left Min: 4.09, Back Right Min: 0.80
[rosout][INFO] 2025-03-27 13:48:24,520: Back Left Min: 4.09, Back Right Min: 0.80
[rosout][INFO] 2025-03-27 13:48:24,623: Back Left Min: 4.09, Back Right Min: 0.80
[rosout][INFO] 2025-03-27 13:48:24,720: Back Left Min: 5.48, Back Right Min: 0.80
[rosout][INFO] 2025-03-27 13:48:24,823: Back Left Min: 5.48, Back Right Min: 0.80
[rosout][INFO] 2025-03-27 13:48:24,920: Back Left Min: 5.48, Back Right Min: 0.80
[rosout][INFO] 2025-03-27 13:48:25,023: Back Left Min: 0.76, Back Right Min: 0.80
[rosout][INFO] 2025-03-27 13:48:25,120: Back Left Min: 0.76, Back Right Min: 0.80
[rosout][INFO] 2025-03-27 13:48:25,223: Back Left Min: 0.75, Back Right Min: 0.80
[rosout][INFO] 2025-03-27 13:48:25,320: Back Left Min: 0.75, Back Right Min: 0.80
[rosout][INFO] 2025-03-27 13:48:25,424: Back Left Min: 0.75, Back Right Min: 0.80
[rosout][INFO] 2025-03-27 13:48:25,520: Back Left Min: 5.48, Back Right Min: 0.80
[rosout][INFO] 2025-03-27 13:48:25,624: Back Left Min: 5.48, Back Right Min: 0.80
[rosout][INFO] 2025-03-27 13:48:25,720: Back Left Min: 5.48, Back Right Min: 0.80
[rosout][INFO] 2025-03-27 13:48:25,824: Back Left Min: 0.72, Back Right Min: 0.80
[rosout][INFO] 2025-03-27 13:48:25,921: Back Left Min: 0.72, Back Right Min: 0.80
[rosout][INFO] 2025-03-27 13:48:26,024: Back Left Min: 0.72, Back Right Min: 0.80
[rosout][INFO] 2025-03-27 13:48:26,121: Back Left Min: 5.48, Back Right Min: 0.80
[rosout][INFO] 2025-03-27 13:48:26,224: Back Left Min: 5.48, Back Right Min: 0.80
[rosout][INFO] 2025-03-27 13:48:26,321: Back Left Min: 5.48, Back Right Min: 0.80
[rosout][INFO] 2025-03-27 13:48:26,424: Back Left Min: 4.08, Back Right Min: 0.80
[rosout][INFO] 2025-03-27 13:48:26,521: Back Left Min: 4.08, Back Right Min: 0.80
[rosout][INFO] 2025-03-27 13:48:26,624: Back Left Min: 5.48, Back Right Min: 0.80
[rosout][INFO] 2025-03-27 13:48:26,721: Back Left Min: 5.48, Back Right Min: 0.80
[rosout][INFO] 2025-03-27 13:48:26,824: Back Left Min: 5.48, Back Right Min: 0.80
[rosout][INFO] 2025-03-27 13:48:26,921: Back Left Min: 0.77, Back Right Min: 0.80
[rosout][INFO] 2025-03-27 13:48:27,024: Back Left Min: 0.77, Back Right Min: 0.80
[rosout][INFO] 2025-03-27 13:48:27,121: Back Left Min: 0.77, Back Right Min: 0.80
[rosout][INFO] 2025-03-27 13:48:27,224: Back Left Min: 5.48, Back Right Min: 0.80
[rosout][INFO] 2025-03-27 13:48:27,321: Back Left Min: 5.48, Back Right Min: 0.80
[rosout][INFO] 2025-03-27 13:48:27,424: Back Left Min: 5.48, Back Right Min: 0.80
[rosout][INFO] 2025-03-27 13:48:27,521: Back Left Min: 5.48, Back Right Min: 0.80
[rosout][INFO] 2025-03-27 13:48:27,624: Back Left Min: 5.48, Back Right Min: 0.80
[rosout][INFO] 2025-03-27 13:48:27,721: Back Left Min: 5.48, Back Right Min: 0.80
[rosout][INFO] 2025-03-27 13:48:27,824: Back Left Min: 0.77, Back Right Min: 0.80
[rosout][INFO] 2025-03-27 13:48:27,921: Back Left Min: 0.77, Back Right Min: 0.80
[rosout][INFO] 2025-03-27 13:48:28,025: Back Left Min: 5.48, Back Right Min: 0.80
[rosout][INFO] 2025-03-27 13:48:28,121: Back Left Min: 5.48, Back Right Min: 0.80
[rosout][INFO] 2025-03-27 13:48:28,225: Back Left Min: 5.48, Back Right Min: 0.80
[rosout][INFO] 2025-03-27 13:48:28,322: Back Left Min: 5.48, Back Right Min: 0.80
[rosout][INFO] 2025-03-27 13:48:28,425: Back Left Min: 5.48, Back Right Min: 0.80
[rosout][INFO] 2025-03-27 13:48:28,522: Back Left Min: 5.48, Back Right Min: 0.80
[rosout][INFO] 2025-03-27 13:48:28,625: Back Left Min: 5.48, Back Right Min: 0.80
[rosout][INFO] 2025-03-27 13:48:28,722: Back Left Min: 5.48, Back Right Min: 0.80
[rosout][INFO] 2025-03-27 13:48:28,825: Back Left Min: 5.48, Back Right Min: 0.80
[rosout][INFO] 2025-03-27 13:48:28,922: Back Left Min: 5.48, Back Right Min: 0.80
[rosout][INFO] 2025-03-27 13:48:29,025: Back Left Min: 5.48, Back Right Min: 0.80
[rosout][INFO] 2025-03-27 13:48:29,122: Back Left Min: 5.48, Back Right Min: 0.80
[rosout][INFO] 2025-03-27 13:48:29,225: Back Left Min: 5.48, Back Right Min: 0.80
[rosout][INFO] 2025-03-27 13:48:29,322: Back Left Min: 5.48, Back Right Min: 0.80
[rosout][INFO] 2025-03-27 13:48:29,425: Back Left Min: 5.48, Back Right Min: 0.80
[rosout][INFO] 2025-03-27 13:48:29,522: Back Left Min: 5.48, Back Right Min: 0.80
[rosout][INFO] 2025-03-27 13:48:29,625: Back Left Min: 5.48, Back Right Min: 0.80
[rosout][INFO] 2025-03-27 13:48:29,722: Back Left Min: 5.48, Back Right Min: 0.80
[rosout][INFO] 2025-03-27 13:48:29,825: Back Left Min: 5.48, Back Right Min: 0.80
[rosout][INFO] 2025-03-27 13:48:29,922: Back Left Min: 5.48, Back Right Min: 0.80
[rosout][INFO] 2025-03-27 13:48:30,025: Back Left Min: 5.48, Back Right Min: 0.80
[rosout][INFO] 2025-03-27 13:48:30,122: Back Left Min: 5.48, Back Right Min: 0.80
[rosout][INFO] 2025-03-27 13:48:30,225: Back Left Min: 5.48, Back Right Min: 0.80
[rosout][INFO] 2025-03-27 13:48:30,322: Back Left Min: 5.48, Back Right Min: 0.80
[rosout][INFO] 2025-03-27 13:48:30,426: Back Left Min: 5.48, Back Right Min: 0.80
[rosout][INFO] 2025-03-27 13:48:30,523: Back Left Min: 5.48, Back Right Min: 0.80
[rosout][INFO] 2025-03-27 13:48:30,626: Back Left Min: 5.48, Back Right Min: 0.80
[rosout][INFO] 2025-03-27 13:48:30,723: Back Left Min: 5.48, Back Right Min: 0.80
[rosout][INFO] 2025-03-27 13:48:30,826: Back Left Min: 5.48, Back Right Min: 0.80
[rosout][INFO] 2025-03-27 13:48:30,923: Back Left Min: 5.48, Back Right Min: 0.80
[rosout][INFO] 2025-03-27 13:48:31,026: Back Left Min: 5.48, Back Right Min: 0.80
[rosout][INFO] 2025-03-27 13:48:31,123: Back Left Min: 5.48, Back Right Min: 0.80
[rosout][INFO] 2025-03-27 13:48:31,226: Back Left Min: 5.48, Back Right Min: 0.80
[rosout][INFO] 2025-03-27 13:48:31,323: Back Left Min: 5.48, Back Right Min: 0.80
[rosout][INFO] 2025-03-27 13:48:31,426: Back Left Min: 5.48, Back Right Min: 0.80
[rosout][INFO] 2025-03-27 13:48:31,523: Back Left Min: 5.48, Back Right Min: 0.80
[rosout][INFO] 2025-03-27 13:48:31,626: Back Left Min: 5.48, Back Right Min: 0.80
[rosout][INFO] 2025-03-27 13:48:31,724: Back Left Min: 0.85, Back Right Min: 0.80
[rosout][INFO] 2025-03-27 13:48:31,826: Back Left Min: 0.85, Back Right Min: 0.80
[rosout][INFO] 2025-03-27 13:48:31,923: Back Left Min: 0.85, Back Right Min: 0.80
[rosout][INFO] 2025-03-27 13:48:32,026: Back Left Min: 0.87, Back Right Min: 0.80
[rosout][INFO] 2025-03-27 13:48:32,123: Back Left Min: 0.87, Back Right Min: 0.80
[rosout][INFO] 2025-03-27 13:48:32,226: Back Left Min: 0.86, Back Right Min: 0.80
[rosout][INFO] 2025-03-27 13:48:32,323: Back Left Min: 0.86, Back Right Min: 0.80
[rosout][INFO] 2025-03-27 13:48:32,426: Back Left Min: 0.86, Back Right Min: 0.80
[rosout][INFO] 2025-03-27 13:48:32,523: Back Left Min: 0.85, Back Right Min: 0.80
[rosout][INFO] 2025-03-27 13:48:32,626: Back Left Min: 0.85, Back Right Min: 0.80
[rosout][INFO] 2025-03-27 13:48:32,723: Back Left Min: 0.85, Back Right Min: 0.80
[rosout][INFO] 2025-03-27 13:48:32,826: Back Left Min: 0.85, Back Right Min: 0.80
[rosout][INFO] 2025-03-27 13:48:32,923: Back Left Min: 0.85, Back Right Min: 0.80
[rosout][INFO] 2025-03-27 13:48:33,027: Back Left Min: 0.85, Back Right Min: 0.80
[rosout][INFO] 2025-03-27 13:48:33,124: Back Left Min: 0.85, Back Right Min: 0.80
[rosout][INFO] 2025-03-27 13:48:33,227: Back Left Min: 0.85, Back Right Min: 0.80
[rosout][INFO] 2025-03-27 13:48:33,324: Back Left Min: 0.85, Back Right Min: 0.80
[rosout][INFO] 2025-03-27 13:48:33,427: Back Left Min: 0.85, Back Right Min: 0.80
[rosout][INFO] 2025-03-27 13:48:33,524: Back Left Min: 0.85, Back Right Min: 0.80
[rosout][INFO] 2025-03-27 13:48:33,627: Back Left Min: 0.86, Back Right Min: 0.80
[rosout][INFO] 2025-03-27 13:48:33,724: Back Left Min: 0.86, Back Right Min: 0.80
[rosout][INFO] 2025-03-27 13:48:33,827: Back Left Min: 0.86, Back Right Min: 0.80
[rosout][INFO] 2025-03-27 13:48:33,924: Back Left Min: 0.86, Back Right Min: 0.80
[rosout][INFO] 2025-03-27 13:48:34,027: Back Left Min: 0.86, Back Right Min: 0.80
[rosout][INFO] 2025-03-27 13:48:34,124: Back Left Min: 0.86, Back Right Min: 0.80
[rosout][INFO] 2025-03-27 13:48:34,227: Back Left Min: 0.85, Back Right Min: 0.80
[rosout][INFO] 2025-03-27 13:48:34,324: Back Left Min: 0.85, Back Right Min: 0.80
[rosout][INFO] 2025-03-27 13:48:34,427: Back Left Min: 0.85, Back Right Min: 0.80
[rosout][INFO] 2025-03-27 13:48:34,524: Back Left Min: 0.85, Back Right Min: 0.80
[rosout][INFO] 2025-03-27 13:48:34,627: Back Left Min: 0.85, Back Right Min: 0.80
[rosout][INFO] 2025-03-27 13:48:34,724: Back Left Min: 0.85, Back Right Min: 0.80
[rosout][INFO] 2025-03-27 13:48:34,827: Back Left Min: 0.86, Back Right Min: 0.80
[rosout][INFO] 2025-03-27 13:48:34,924: Back Left Min: 0.86, Back Right Min: 0.80
[rosout][INFO] 2025-03-27 13:48:35,027: Back Left Min: 0.85, Back Right Min: 0.80
[rosout][INFO] 2025-03-27 13:48:35,124: Back Left Min: 0.85, Back Right Min: 0.80
[rosout][INFO] 2025-03-27 13:48:35,228: Back Left Min: 0.85, Back Right Min: 0.80
[rosout][INFO] 2025-03-27 13:48:35,324: Back Left Min: 0.85, Back Right Min: 0.80
[rosout][INFO] 2025-03-27 13:48:35,428: Back Left Min: 0.85, Back Right Min: 0.80
[rosout][INFO] 2025-03-27 13:48:35,524: Back Left Min: 0.85, Back Right Min: 0.80
[rosout][INFO] 2025-03-27 13:48:35,628: Back Left Min: 0.86, Back Right Min: 0.80
[rosout][INFO] 2025-03-27 13:48:35,725: Back Left Min: 0.86, Back Right Min: 0.80
[rosout][INFO] 2025-03-27 13:48:35,828: Back Left Min: 0.86, Back Right Min: 0.80
[rosout][INFO] 2025-03-27 13:48:35,925: Back Left Min: 0.85, Back Right Min: 0.80
[rosout][INFO] 2025-03-27 13:48:36,028: Back Left Min: 0.85, Back Right Min: 0.80
[rosout][INFO] 2025-03-27 13:48:36,125: Back Left Min: 0.85, Back Right Min: 0.80
[rosout][INFO] 2025-03-27 13:48:36,228: Back Left Min: 0.85, Back Right Min: 0.80
[rosout][INFO] 2025-03-27 13:48:36,325: Back Left Min: 0.85, Back Right Min: 0.80
[rosout][INFO] 2025-03-27 13:48:36,428: Back Left Min: 0.86, Back Right Min: 0.80
[rosout][INFO] 2025-03-27 13:48:36,525: Back Left Min: 0.86, Back Right Min: 0.80
[rosout][INFO] 2025-03-27 13:48:36,628: Back Left Min: 0.86, Back Right Min: 0.80
[rosout][INFO] 2025-03-27 13:48:36,725: Back Left Min: 0.88, Back Right Min: 0.80
[rosout][INFO] 2025-03-27 13:48:36,828: Back Left Min: 0.88, Back Right Min: 0.80
[rosout][INFO] 2025-03-27 13:48:36,925: Back Left Min: 0.88, Back Right Min: 0.80
[rosout][INFO] 2025-03-27 13:48:37,028: Back Left Min: 0.91, Back Right Min: 0.80
[rosout][INFO] 2025-03-27 13:48:37,125: Back Left Min: 0.91, Back Right Min: 0.80
[rosout][INFO] 2025-03-27 13:48:37,228: Back Left Min: 0.91, Back Right Min: 0.80
[rosout][INFO] 2025-03-27 13:48:37,325: Back Left Min: 0.98, Back Right Min: 0.80
[rosout][INFO] 2025-03-27 13:48:37,428: Back Left Min: 0.98, Back Right Min: 0.80
[rosout][INFO] 2025-03-27 13:48:37,525: Back Left Min: 0.98, Back Right Min: 0.80
[rosout][INFO] 2025-03-27 13:48:37,628: Back Left Min: 0.99, Back Right Min: 0.80
[rosout][INFO] 2025-03-27 13:48:37,725: Back Left Min: 0.99, Back Right Min: 0.80
[rosout][INFO] 2025-03-27 13:48:37,829: Back Left Min: 1.22, Back Right Min: 0.80
[rosout][INFO] 2025-03-27 13:48:37,926: Back Left Min: 1.22, Back Right Min: 0.80
[rosout][INFO] 2025-03-27 13:48:38,029: Back Left Min: 1.22, Back Right Min: 0.80
[rosout][INFO] 2025-03-27 13:48:38,126: Back Left Min: 2.74, Back Right Min: 0.80
[rosout][INFO] 2025-03-27 13:48:38,229: Back Left Min: 2.74, Back Right Min: 0.80
[rosout][INFO] 2025-03-27 13:48:38,326: Back Left Min: 2.74, Back Right Min: 0.80
[rosout][INFO] 2025-03-27 13:48:38,429: Back Left Min: 1.48, Back Right Min: 0.80
[rosout][INFO] 2025-03-27 13:48:38,526: Back Left Min: 1.48, Back Right Min: 0.80
[rosout][INFO] 2025-03-27 13:48:38,629: Back Left Min: 1.48, Back Right Min: 0.80
[rosout][INFO] 2025-03-27 13:48:38,726: Back Left Min: 1.61, Back Right Min: 0.80
[rosout][INFO] 2025-03-27 13:48:38,829: Back Left Min: 1.61, Back Right Min: 0.80
[rosout][INFO] 2025-03-27 13:48:38,926: Back Left Min: 1.61, Back Right Min: 0.80
[rosout][INFO] 2025-03-27 13:48:39,029: Back Left Min: 2.05, Back Right Min: 0.80
[rosout][INFO] 2025-03-27 13:48:39,126: Back Left Min: 2.05, Back Right Min: 0.80
[rosout][INFO] 2025-03-27 13:48:39,229: Back Left Min: 2.05, Back Right Min: 0.80
[rosout][INFO] 2025-03-27 13:48:39,327: Back Left Min: 2.05, Back Right Min: 0.80
[rosout][INFO] 2025-03-27 13:48:39,429: Back Left Min: 2.05, Back Right Min: 0.80
[rosout][INFO] 2025-03-27 13:48:39,526: Back Left Min: 2.05, Back Right Min: 0.80
[rosout][INFO] 2025-03-27 13:48:39,629: Back Left Min: 2.05, Back Right Min: 0.80
[rosout][INFO] 2025-03-27 13:48:39,726: Back Left Min: 2.05, Back Right Min: 0.80
[rosout][INFO] 2025-03-27 13:48:39,829: Back Left Min: 2.05, Back Right Min: 0.80
[rosout][INFO] 2025-03-27 13:48:39,926: Back Left Min: 2.05, Back Right Min: 0.80
[rosout][INFO] 2025-03-27 13:48:40,030: Back Left Min: 2.05, Back Right Min: 0.80
[rosout][INFO] 2025-03-27 13:48:40,126: Back Left Min: 2.05, Back Right Min: 0.80
[rosout][INFO] 2025-03-27 13:48:40,230: Back Left Min: 2.05, Back Right Min: 0.80
[rosout][INFO] 2025-03-27 13:48:40,327: Back Left Min: 2.05, Back Right Min: 0.80
[rosout][INFO] 2025-03-27 13:48:40,430: Back Left Min: 2.05, Back Right Min: 0.80
[rosout][INFO] 2025-03-27 13:48:40,527: Back Left Min: 2.05, Back Right Min: 0.80
[rosout][INFO] 2025-03-27 13:48:40,630: Back Left Min: 2.05, Back Right Min: 0.80
[rosout][INFO] 2025-03-27 13:48:40,727: Back Left Min: 2.05, Back Right Min: 0.80
[rosout][INFO] 2025-03-27 13:48:40,830: Back Left Min: 2.05, Back Right Min: 0.80
[rosout][INFO] 2025-03-27 13:48:40,927: Back Left Min: 2.05, Back Right Min: 0.80
[rosout][INFO] 2025-03-27 13:48:41,030: Back Left Min: 2.05, Back Right Min: 0.80
[rosout][INFO] 2025-03-27 13:48:41,127: Back Left Min: 2.05, Back Right Min: 0.80
[rosout][INFO] 2025-03-27 13:48:41,230: Back Left Min: 2.05, Back Right Min: 0.80
[rosout][INFO] 2025-03-27 13:48:41,327: Back Left Min: 2.05, Back Right Min: 0.80
[rosout][INFO] 2025-03-27 13:48:41,430: Back Left Min: 2.05, Back Right Min: 0.80
[rosout][INFO] 2025-03-27 13:48:41,527: Back Left Min: 2.05, Back Right Min: 0.80
[rosout][INFO] 2025-03-27 13:48:41,630: Back Left Min: 2.05, Back Right Min: 0.80
[rosout][INFO] 2025-03-27 13:48:41,727: Back Left Min: 2.05, Back Right Min: 0.80
[rosout][INFO] 2025-03-27 13:48:41,830: Back Left Min: 2.05, Back Right Min: 0.80
[rosout][INFO] 2025-03-27 13:48:41,927: Back Left Min: 2.05, Back Right Min: 0.80
[rosout][INFO] 2025-03-27 13:48:42,030: Back Left Min: 2.05, Back Right Min: 0.80
[rosout][INFO] 2025-03-27 13:48:42,127: Back Left Min: 2.05, Back Right Min: 0.80
[rosout][INFO] 2025-03-27 13:48:42,230: Back Left Min: 2.05, Back Right Min: 0.80
[rosout][INFO] 2025-03-27 13:48:42,327: Back Left Min: 2.05, Back Right Min: 0.80
[rosout][INFO] 2025-03-27 13:48:42,430: Back Left Min: 2.05, Back Right Min: 0.80
[rosout][INFO] 2025-03-27 13:48:42,528: Back Left Min: 2.05, Back Right Min: 0.80
[rosout][INFO] 2025-03-27 13:48:42,631: Back Left Min: 2.05, Back Right Min: 0.80
[rosout][INFO] 2025-03-27 13:48:42,728: Back Left Min: 2.05, Back Right Min: 0.80
[rosout][INFO] 2025-03-27 13:48:42,831: Back Left Min: 2.05, Back Right Min: 0.80
[rosout][INFO] 2025-03-27 13:48:42,928: Back Left Min: 2.05, Back Right Min: 0.80
[rosout][INFO] 2025-03-27 13:48:43,031: Back Left Min: 2.05, Back Right Min: 0.80
[rosout][INFO] 2025-03-27 13:48:43,128: Back Left Min: 2.05, Back Right Min: 0.80
[rosout][INFO] 2025-03-27 13:48:43,231: Back Left Min: 2.05, Back Right Min: 0.80
[rosout][INFO] 2025-03-27 13:48:43,328: Back Left Min: 2.05, Back Right Min: 0.80
[rosout][INFO] 2025-03-27 13:48:43,431: Back Left Min: 2.05, Back Right Min: 0.80
[rosout][INFO] 2025-03-27 13:48:43,528: Back Left Min: 2.05, Back Right Min: 0.80
[rosout][INFO] 2025-03-27 13:48:43,631: Back Left Min: 2.05, Back Right Min: 0.80
[rosout][INFO] 2025-03-27 13:48:43,728: Back Left Min: 2.05, Back Right Min: 0.80
[rosout][INFO] 2025-03-27 13:48:43,831: Back Left Min: 2.05, Back Right Min: 0.80
[rosout][INFO] 2025-03-27 13:48:43,928: Back Left Min: 2.05, Back Right Min: 0.80
[rosout][INFO] 2025-03-27 13:48:44,031: Back Left Min: 2.05, Back Right Min: 0.80
[rosout][INFO] 2025-03-27 13:48:44,128: Back Left Min: 2.05, Back Right Min: 0.80
[rosout][INFO] 2025-03-27 13:48:44,231: Back Left Min: 2.05, Back Right Min: 0.80
[rosout][INFO] 2025-03-27 13:48:44,328: Back Left Min: 2.05, Back Right Min: 0.80
[rosout][INFO] 2025-03-27 13:48:44,431: Back Left Min: 2.05, Back Right Min: 0.80
[rosout][INFO] 2025-03-27 13:48:44,528: Back Left Min: 2.05, Back Right Min: 0.80
[rosout][INFO] 2025-03-27 13:48:44,631: Back Left Min: 2.05, Back Right Min: 0.80
[rosout][INFO] 2025-03-27 13:48:44,729: Back Left Min: 2.05, Back Right Min: 0.80
[rosout][INFO] 2025-03-27 13:48:44,832: Back Left Min: 2.05, Back Right Min: 0.80
[rosout][INFO] 2025-03-27 13:48:44,929: Back Left Min: 2.05, Back Right Min: 0.80
[rosout][INFO] 2025-03-27 13:48:45,032: Back Left Min: 2.05, Back Right Min: 0.80
[rosout][INFO] 2025-03-27 13:48:45,129: Back Left Min: 2.05, Back Right Min: 0.80
[rosout][INFO] 2025-03-27 13:48:45,232: Back Left Min: 2.05, Back Right Min: 0.80
[rosout][INFO] 2025-03-27 13:48:45,329: Back Left Min: 2.05, Back Right Min: 0.80
[rosout][INFO] 2025-03-27 13:48:45,432: Back Left Min: 2.05, Back Right Min: 0.80
[rosout][INFO] 2025-03-27 13:48:45,529: Back Left Min: 2.05, Back Right Min: 0.80
[rosout][INFO] 2025-03-27 13:48:45,632: Back Left Min: 2.05, Back Right Min: 0.80
[rosout][INFO] 2025-03-27 13:48:45,729: Back Left Min: 2.05, Back Right Min: 0.80
[rosout][INFO] 2025-03-27 13:48:45,832: Back Left Min: 2.05, Back Right Min: 0.80
[rosout][INFO] 2025-03-27 13:48:45,929: Back Left Min: 2.05, Back Right Min: 0.80
[rosout][INFO] 2025-03-27 13:48:46,032: Back Left Min: 2.05, Back Right Min: 0.80
[rosout][INFO] 2025-03-27 13:48:46,129: Back Left Min: 2.05, Back Right Min: 0.80
[rosout][INFO] 2025-03-27 13:48:46,232: Back Left Min: 2.05, Back Right Min: 0.80
[rosout][INFO] 2025-03-27 13:48:46,329: Back Left Min: 2.05, Back Right Min: 0.80
[rosout][INFO] 2025-03-27 13:48:46,433: Back Left Min: 2.05, Back Right Min: 0.80
[rosout][INFO] 2025-03-27 13:48:46,529: Back Left Min: 2.05, Back Right Min: 0.80
[rosout][INFO] 2025-03-27 13:48:46,632: Back Left Min: 2.05, Back Right Min: 0.80
[rosout][INFO] 2025-03-27 13:48:46,729: Back Left Min: 2.05, Back Right Min: 0.80
[rosout][INFO] 2025-03-27 13:48:46,832: Back Left Min: 2.05, Back Right Min: 0.80
[rosout][INFO] 2025-03-27 13:48:46,929: Back Left Min: 2.05, Back Right Min: 0.80
[rosout][INFO] 2025-03-27 13:48:47,032: Back Left Min: 2.05, Back Right Min: 0.80
[rosout][INFO] 2025-03-27 13:48:47,129: Back Left Min: 2.05, Back Right Min: 0.80
[rosout][INFO] 2025-03-27 13:48:47,232: Back Left Min: 2.05, Back Right Min: 0.80
[rosout][INFO] 2025-03-27 13:48:47,329: Back Left Min: 2.05, Back Right Min: 0.80
[rosout][INFO] 2025-03-27 13:48:47,433: Back Left Min: 2.05, Back Right Min: 0.80
[rosout][INFO] 2025-03-27 13:48:47,529: Back Left Min: 2.05, Back Right Min: 0.80
[rosout][INFO] 2025-03-27 13:48:47,632: Back Left Min: 2.05, Back Right Min: 0.80
[rosout][INFO] 2025-03-27 13:48:47,730: Back Left Min: 2.05, Back Right Min: 0.80
[rosout][INFO] 2025-03-27 13:48:47,833: Back Left Min: 2.05, Back Right Min: 0.80
[rosout][INFO] 2025-03-27 13:48:47,930: Back Left Min: 2.05, Back Right Min: 0.80
[rosout][INFO] 2025-03-27 13:48:48,033: Back Left Min: 2.05, Back Right Min: 0.80
[rosout][INFO] 2025-03-27 13:48:48,130: Back Left Min: 2.05, Back Right Min: 0.80
[rosout][INFO] 2025-03-27 13:48:48,233: Back Left Min: 2.05, Back Right Min: 0.80
[rosout][INFO] 2025-03-27 13:48:48,330: Back Left Min: 2.05, Back Right Min: 0.80
[rosout][INFO] 2025-03-27 13:48:48,433: Back Left Min: 2.05, Back Right Min: 0.80
[rosout][INFO] 2025-03-27 13:48:48,530: Back Left Min: 2.05, Back Right Min: 0.80
[rosout][INFO] 2025-03-27 13:48:48,633: Back Left Min: 2.05, Back Right Min: 0.80
[rosout][INFO] 2025-03-27 13:48:48,730: Back Left Min: 2.05, Back Right Min: 0.80
[rosout][INFO] 2025-03-27 13:48:48,833: Back Left Min: 2.05, Back Right Min: 0.80
[rosout][INFO] 2025-03-27 13:48:48,930: Back Left Min: 2.05, Back Right Min: 0.80
[rosout][INFO] 2025-03-27 13:48:49,033: Back Left Min: 2.05, Back Right Min: 0.80
[rosout][INFO] 2025-03-27 13:48:49,130: Back Left Min: 2.05, Back Right Min: 0.80
[rosout][INFO] 2025-03-27 13:48:49,233: Back Left Min: 2.05, Back Right Min: 0.80
[rosout][INFO] 2025-03-27 13:48:49,330: Back Left Min: 2.04, Back Right Min: 0.80
[rosout][INFO] 2025-03-27 13:48:49,433: Back Left Min: 2.04, Back Right Min: 0.80
[rosout][INFO] 2025-03-27 13:48:49,530: Back Left Min: 2.04, Back Right Min: 0.80
[rosout][INFO] 2025-03-27 13:48:49,633: Back Left Min: 1.52, Back Right Min: 0.80
[rosout][INFO] 2025-03-27 13:48:49,730: Back Left Min: 1.52, Back Right Min: 0.80
[rosout][INFO] 2025-03-27 13:48:49,834: Back Left Min: 1.52, Back Right Min: 0.80
[rosout][INFO] 2025-03-27 13:48:49,931: Back Left Min: 1.57, Back Right Min: 0.80
[rosout][INFO] 2025-03-27 13:48:50,034: Back Left Min: 1.57, Back Right Min: 0.80
[rosout][INFO] 2025-03-27 13:48:50,131: Back Left Min: 1.57, Back Right Min: 0.80
[rosout][INFO] 2025-03-27 13:48:50,234: Back Left Min: 1.69, Back Right Min: 0.80
[rosout][INFO] 2025-03-27 13:48:50,331: Back Left Min: 1.69, Back Right Min: 0.80
[rosout][INFO] 2025-03-27 13:48:50,434: Back Left Min: 2.05, Back Right Min: 0.80
[rosout][INFO] 2025-03-27 13:48:50,531: Back Left Min: 2.05, Back Right Min: 0.80
[rosout][INFO] 2025-03-27 13:48:50,634: Back Left Min: 2.05, Back Right Min: 0.80
[rosout][INFO] 2025-03-27 13:48:50,731: Back Left Min: 2.05, Back Right Min: 0.80
[rosout][INFO] 2025-03-27 13:48:50,834: Back Left Min: 2.05, Back Right Min: 0.80
[rosout][INFO] 2025-03-27 13:48:50,931: Back Left Min: 2.05, Back Right Min: 0.80
[rosout][INFO] 2025-03-27 13:48:51,034: Back Left Min: 2.05, Back Right Min: 0.80
[rosout][INFO] 2025-03-27 13:48:51,131: Back Left Min: 2.05, Back Right Min: 0.80
[rosout][INFO] 2025-03-27 13:48:51,234: Back Left Min: 2.05, Back Right Min: 0.80
[rosout][INFO] 2025-03-27 13:48:51,331: Back Left Min: 2.04, Back Right Min: 0.80
[rosout][INFO] 2025-03-27 13:48:51,434: Back Left Min: 2.04, Back Right Min: 0.80
[rosout][INFO] 2025-03-27 13:48:51,531: Back Left Min: 2.04, Back Right Min: 0.80
[rosout][INFO] 2025-03-27 13:48:51,634: Back Left Min: 2.05, Back Right Min: 0.80
[rosout][INFO] 2025-03-27 13:48:51,731: Back Left Min: 2.05, Back Right Min: 0.80
[rosout][INFO] 2025-03-27 13:48:51,834: Back Left Min: 2.05, Back Right Min: 0.80
[rosout][INFO] 2025-03-27 13:48:51,931: Back Left Min: 2.05, Back Right Min: 0.80
[rosout][INFO] 2025-03-27 13:48:52,034: Back Left Min: 2.05, Back Right Min: 0.80
[rosout][INFO] 2025-03-27 13:48:52,131: Back Left Min: 2.05, Back Right Min: 0.80
[rosout][INFO] 2025-03-27 13:48:52,235: Back Left Min: 2.05, Back Right Min: 0.80
[rosout][INFO] 2025-03-27 13:48:52,331: Back Left Min: 2.05, Back Right Min: 0.80
[rosout][INFO] 2025-03-27 13:48:52,435: Back Left Min: 2.05, Back Right Min: 0.80
[rosout][INFO] 2025-03-27 13:48:52,531: Back Left Min: 2.05, Back Right Min: 0.80
[rosout][INFO] 2025-03-27 13:48:52,635: Back Left Min: 2.05, Back Right Min: 0.80
[rosout][INFO] 2025-03-27 13:48:52,732: Back Left Min: 2.05, Back Right Min: 0.80
[rosout][INFO] 2025-03-27 13:48:52,835: Back Left Min: 2.05, Back Right Min: 0.80
[rosout][INFO] 2025-03-27 13:48:52,932: Back Left Min: 2.05, Back Right Min: 0.80
[rosout][INFO] 2025-03-27 13:48:53,035: Back Left Min: 2.05, Back Right Min: 0.80
[rosout][INFO] 2025-03-27 13:48:53,132: Back Left Min: 2.05, Back Right Min: 0.80
[rosout][INFO] 2025-03-27 13:48:53,235: Back Left Min: 2.05, Back Right Min: 0.80
[rosout][INFO] 2025-03-27 13:48:53,332: Back Left Min: 2.05, Back Right Min: 0.80
[rosout][INFO] 2025-03-27 13:48:53,435: Back Left Min: 2.05, Back Right Min: 0.80
[rosout][INFO] 2025-03-27 13:48:53,532: Back Left Min: 2.05, Back Right Min: 0.80
[rosout][INFO] 2025-03-27 13:48:53,635: Back Left Min: 2.05, Back Right Min: 0.80
[rosout][INFO] 2025-03-27 13:48:53,732: Back Left Min: 2.05, Back Right Min: 0.80
[rosout][INFO] 2025-03-27 13:48:53,835: Back Left Min: 2.05, Back Right Min: 0.80
[rosout][INFO] 2025-03-27 13:48:53,932: Back Left Min: 2.05, Back Right Min: 0.80
[rosout][INFO] 2025-03-27 13:48:54,035: Back Left Min: 2.05, Back Right Min: 0.80
[rosout][INFO] 2025-03-27 13:48:54,132: Back Left Min: 2.05, Back Right Min: 0.80
[rosout][INFO] 2025-03-27 13:48:54,235: Back Left Min: 2.05, Back Right Min: 0.80
[rosout][INFO] 2025-03-27 13:48:54,332: Back Left Min: 2.05, Back Right Min: 0.80
[rosout][INFO] 2025-03-27 13:48:54,435: Back Left Min: 2.05, Back Right Min: 0.80
[rosout][INFO] 2025-03-27 13:48:54,532: Back Left Min: 2.05, Back Right Min: 0.80
[rosout][INFO] 2025-03-27 13:48:54,636: Back Left Min: 2.05, Back Right Min: 0.80
[rosout][INFO] 2025-03-27 13:48:54,732: Back Left Min: 2.05, Back Right Min: 0.80
[rosout][INFO] 2025-03-27 13:48:54,836: Back Left Min: 2.05, Back Right Min: 0.80
[rosout][INFO] 2025-03-27 13:48:54,933: Back Left Min: 2.05, Back Right Min: 0.80
[rosout][INFO] 2025-03-27 13:48:55,036: Back Left Min: 2.05, Back Right Min: 0.80
[rosout][INFO] 2025-03-27 13:48:55,133: Back Left Min: 2.05, Back Right Min: 0.80
[rosout][INFO] 2025-03-27 13:48:55,236: Back Left Min: 2.05, Back Right Min: 0.80
[rosout][INFO] 2025-03-27 13:48:55,333: Back Left Min: 2.05, Back Right Min: 0.80
[rosout][INFO] 2025-03-27 13:48:55,436: Back Left Min: 2.05, Back Right Min: 0.80
[rosout][INFO] 2025-03-27 13:48:55,533: Back Left Min: 2.05, Back Right Min: 0.80
[rosout][INFO] 2025-03-27 13:48:55,636: Back Left Min: 2.05, Back Right Min: 0.80
[rosout][INFO] 2025-03-27 13:48:55,733: Back Left Min: 2.05, Back Right Min: 0.80
[rosout][INFO] 2025-03-27 13:48:55,836: Back Left Min: 2.05, Back Right Min: 0.80
[rosout][INFO] 2025-03-27 13:48:55,933: Back Left Min: 2.05, Back Right Min: 0.80
[rosout][INFO] 2025-03-27 13:48:56,036: Back Left Min: 2.05, Back Right Min: 0.80
[rosout][INFO] 2025-03-27 13:48:56,133: Back Left Min: 2.05, Back Right Min: 0.80
[rosout][INFO] 2025-03-27 13:48:56,236: Back Left Min: 2.05, Back Right Min: 0.80
[rosout][INFO] 2025-03-27 13:48:56,333: Back Left Min: 2.05, Back Right Min: 0.80
[rosout][INFO] 2025-03-27 13:48:56,436: Back Left Min: 2.05, Back Right Min: 0.80
[rosout][INFO] 2025-03-27 13:48:56,533: Back Left Min: 2.05, Back Right Min: 0.80
[rosout][INFO] 2025-03-27 13:48:56,636: Back Left Min: 2.05, Back Right Min: 0.80
[rosout][INFO] 2025-03-27 13:48:56,733: Back Left Min: 2.05, Back Right Min: 0.80
[rosout][INFO] 2025-03-27 13:48:56,836: Back Left Min: 2.05, Back Right Min: 0.80
[rosout][INFO] 2025-03-27 13:48:56,933: Back Left Min: 2.05, Back Right Min: 0.56
[rosout][INFO] 2025-03-27 13:48:57,037: Back Left Min: 2.05, Back Right Min: 0.56
[rosout][INFO] 2025-03-27 13:48:57,133: Back Left Min: 2.05, Back Right Min: 0.56
[rosout][INFO] 2025-03-27 13:48:57,237: Back Left Min: 2.05, Back Right Min: 5.29
[rosout][INFO] 2025-03-27 13:48:57,333: Back Left Min: 2.05, Back Right Min: 5.29
[rosout][INFO] 2025-03-27 13:48:57,437: Back Left Min: 2.05, Back Right Min: 5.29
[rosout][INFO] 2025-03-27 13:48:57,534: Back Left Min: 2.05, Back Right Min: 5.29
[rosout][INFO] 2025-03-27 13:48:57,637: Back Left Min: 2.05, Back Right Min: 5.29
[rosout][INFO] 2025-03-27 13:48:57,734: Back Left Min: 2.05, Back Right Min: 5.29
[rosout][INFO] 2025-03-27 13:48:57,837: Back Left Min: 2.05, Back Right Min: 5.29
[rosout][INFO] 2025-03-27 13:48:57,934: Back Left Min: 2.05, Back Right Min: 5.29
[rosout][INFO] 2025-03-27 13:48:58,037: Back Left Min: 2.05, Back Right Min: 5.29
[rosout][INFO] 2025-03-27 13:48:58,134: Back Left Min: 2.05, Back Right Min: 5.29
[rosout][INFO] 2025-03-27 13:48:58,237: Back Left Min: 2.05, Back Right Min: 5.29
[rosout][INFO] 2025-03-27 13:48:58,334: Back Left Min: 2.05, Back Right Min: 0.59
[rosout][INFO] 2025-03-27 13:48:58,437: Back Left Min: 2.05, Back Right Min: 0.59
[rosout][INFO] 2025-03-27 13:48:58,534: Back Left Min: 2.05, Back Right Min: 0.59
[rosout][INFO] 2025-03-27 13:48:58,637: Back Left Min: 2.05, Back Right Min: 0.60
[rosout][INFO] 2025-03-27 13:48:58,734: Back Left Min: 2.05, Back Right Min: 0.60
[rosout][INFO] 2025-03-27 13:48:58,837: Back Left Min: 2.05, Back Right Min: 5.29
[rosout][INFO] 2025-03-27 13:48:58,934: Back Left Min: 2.05, Back Right Min: 5.29
[rosout][INFO] 2025-03-27 13:48:59,037: Back Left Min: 2.05, Back Right Min: 5.29
[rosout][INFO] 2025-03-27 13:48:59,134: Back Left Min: 2.05, Back Right Min: 5.29
[rosout][INFO] 2025-03-27 13:48:59,237: Back Left Min: 2.05, Back Right Min: 5.29
[rosout][INFO] 2025-03-27 13:48:59,334: Back Left Min: 2.05, Back Right Min: 5.29
[rosout][INFO] 2025-03-27 13:48:59,438: Back Left Min: 2.05, Back Right Min: 5.29
[rosout][INFO] 2025-03-27 13:48:59,534: Back Left Min: 2.05, Back Right Min: 5.29
[rosout][INFO] 2025-03-27 13:48:59,638: Back Left Min: 2.05, Back Right Min: 5.29
[rosout][INFO] 2025-03-27 13:48:59,734: Back Left Min: 2.05, Back Right Min: 5.29
[rosout][INFO] 2025-03-27 13:48:59,838: Back Left Min: 2.05, Back Right Min: 5.29
[rosout][INFO] 2025-03-27 13:48:59,935: Back Left Min: 2.05, Back Right Min: 5.29
[rosout][INFO] 2025-03-27 13:49:00,038: Back Left Min: 2.05, Back Right Min: 0.58
[rosout][INFO] 2025-03-27 13:49:00,135: Back Left Min: 2.05, Back Right Min: 0.58
[rosout][INFO] 2025-03-27 13:49:00,238: Back Left Min: 2.05, Back Right Min: 0.55
[rosout][INFO] 2025-03-27 13:49:00,335: Back Left Min: 2.05, Back Right Min: 0.55
[rosout][INFO] 2025-03-27 13:49:00,438: Back Left Min: 2.05, Back Right Min: 0.55
[rosout][INFO] 2025-03-27 13:49:00,535: Back Left Min: 2.05, Back Right Min: 0.79
[rosout][INFO] 2025-03-27 13:49:00,638: Back Left Min: 2.05, Back Right Min: 0.79
[rosout][INFO] 2025-03-27 13:49:00,735: Back Left Min: 2.05, Back Right Min: 0.79
[rosout][INFO] 2025-03-27 13:49:00,838: Back Left Min: 2.05, Back Right Min: 0.80
[rosout][INFO] 2025-03-27 13:49:00,935: Back Left Min: 2.05, Back Right Min: 0.80
[rosout][INFO] 2025-03-27 13:49:01,038: Back Left Min: 2.05, Back Right Min: 0.80
[rosout][INFO] 2025-03-27 13:49:01,135: Back Left Min: 2.05, Back Right Min: 0.80
[rosout][INFO] 2025-03-27 13:49:01,238: Back Left Min: 2.05, Back Right Min: 0.80
[rosout][INFO] 2025-03-27 13:49:01,335: Back Left Min: 2.05, Back Right Min: 0.80
[rosout][INFO] 2025-03-27 13:49:01,438: Back Left Min: 2.05, Back Right Min: 0.80
[rosout][INFO] 2025-03-27 13:49:01,535: Back Left Min: 2.05, Back Right Min: 0.80
[rosout][INFO] 2025-03-27 13:49:01,638: Back Left Min: 2.05, Back Right Min: 0.80
[rosout][INFO] 2025-03-27 13:49:01,736: Back Left Min: 2.05, Back Right Min: 0.80
[rosout][INFO] 2025-03-27 13:49:01,839: Back Left Min: 2.05, Back Right Min: 0.80
[rosout][INFO] 2025-03-27 13:49:01,936: Back Left Min: 2.05, Back Right Min: 0.80
[rosout][INFO] 2025-03-27 13:49:02,039: Back Left Min: 2.05, Back Right Min: 0.80
[rosout][INFO] 2025-03-27 13:49:02,136: Back Left Min: 2.05, Back Right Min: 0.80
[rosout][INFO] 2025-03-27 13:49:02,239: Back Left Min: 2.05, Back Right Min: 0.80
[rosout][INFO] 2025-03-27 13:49:02,336: Back Left Min: 2.05, Back Right Min: 0.80
[rosout][INFO] 2025-03-27 13:49:02,439: Back Left Min: 2.05, Back Right Min: 0.80
[rosout][INFO] 2025-03-27 13:49:02,536: Back Left Min: 2.05, Back Right Min: 0.80
[rosout][INFO] 2025-03-27 13:49:02,639: Back Left Min: 2.05, Back Right Min: 0.80
[rosout][INFO] 2025-03-27 13:49:02,736: Back Left Min: 2.05, Back Right Min: 0.80
[rosout][INFO] 2025-03-27 13:49:02,839: Back Left Min: 2.05, Back Right Min: 0.80
[rosout][INFO] 2025-03-27 13:49:02,936: Back Left Min: 2.05, Back Right Min: 0.80
[rosout][INFO] 2025-03-27 13:49:03,039: Back Left Min: 2.05, Back Right Min: 0.80
[rosout][INFO] 2025-03-27 13:49:03,136: Back Left Min: 2.05, Back Right Min: 0.80
[rosout][INFO] 2025-03-27 13:49:03,239: Back Left Min: 2.05, Back Right Min: 0.80
[rosout][INFO] 2025-03-27 13:49:03,336: Back Left Min: 2.05, Back Right Min: 0.80
[rosout][INFO] 2025-03-27 13:49:03,439: Back Left Min: 2.05, Back Right Min: 0.80
[rosout][INFO] 2025-03-27 13:49:03,536: Back Left Min: 2.05, Back Right Min: 0.80
[rosout][INFO] 2025-03-27 13:49:03,639: Back Left Min: 2.05, Back Right Min: 0.80
[rosout][INFO] 2025-03-27 13:49:03,736: Back Left Min: 2.05, Back Right Min: 0.80
[rosout][INFO] 2025-03-27 13:49:03,839: Back Left Min: 2.05, Back Right Min: 0.80
[rosout][INFO] 2025-03-27 13:49:03,936: Back Left Min: 2.05, Back Right Min: 0.80
[rosout][INFO] 2025-03-27 13:49:04,039: Back Left Min: 2.05, Back Right Min: 0.80
[rosout][INFO] 2025-03-27 13:49:04,136: Back Left Min: 2.05, Back Right Min: 0.80
[rosout][INFO] 2025-03-27 13:49:04,240: Back Left Min: 2.05, Back Right Min: 0.80
[rosout][INFO] 2025-03-27 13:49:04,336: Back Left Min: 2.05, Back Right Min: 0.80
[rosout][INFO] 2025-03-27 13:49:04,440: Back Left Min: 2.05, Back Right Min: 0.80
[rosout][INFO] 2025-03-27 13:49:04,536: Back Left Min: 2.05, Back Right Min: 0.80
[rosout][INFO] 2025-03-27 13:49:04,640: Back Left Min: 2.05, Back Right Min: 0.80
[rosout][INFO] 2025-03-27 13:49:04,737: Back Left Min: 2.05, Back Right Min: 0.80
[rosout][INFO] 2025-03-27 13:49:04,840: Back Left Min: 2.05, Back Right Min: 0.80
[rosout][INFO] 2025-03-27 13:49:04,937: Back Left Min: 2.05, Back Right Min: 0.80
[rosout][INFO] 2025-03-27 13:49:05,040: Back Left Min: 2.05, Back Right Min: 0.80
[rosout][INFO] 2025-03-27 13:49:05,137: Back Left Min: 2.05, Back Right Min: 0.80
[rosout][INFO] 2025-03-27 13:49:05,240: Back Left Min: 2.05, Back Right Min: 0.80
[rosout][INFO] 2025-03-27 13:49:05,337: Back Left Min: 2.05, Back Right Min: 0.80
[rosout][INFO] 2025-03-27 13:49:05,440: Back Left Min: 2.05, Back Right Min: 0.80
[rosout][INFO] 2025-03-27 13:49:05,537: Back Left Min: 2.05, Back Right Min: 0.80
[rosout][INFO] 2025-03-27 13:49:05,640: Back Left Min: 2.05, Back Right Min: 0.80
[rosout][INFO] 2025-03-27 13:49:05,737: Back Left Min: 2.05, Back Right Min: 0.80
[rosout][INFO] 2025-03-27 13:49:05,840: Back Left Min: 2.05, Back Right Min: 0.80
[rosout][INFO] 2025-03-27 13:49:05,937: Back Left Min: 2.05, Back Right Min: 0.80
[rosout][INFO] 2025-03-27 13:49:06,040: Back Left Min: 2.05, Back Right Min: 0.80
[rosout][INFO] 2025-03-27 13:49:06,137: Back Left Min: 2.05, Back Right Min: 0.80
[rosout][INFO] 2025-03-27 13:49:06,240: Back Left Min: 2.05, Back Right Min: 0.80
[rosout][INFO] 2025-03-27 13:49:06,337: Back Left Min: 2.05, Back Right Min: 0.80
[rosout][INFO] 2025-03-27 13:49:06,440: Back Left Min: 2.05, Back Right Min: 0.80
[rosout][INFO] 2025-03-27 13:49:06,537: Back Left Min: 2.05, Back Right Min: 0.80
[rosout][INFO] 2025-03-27 13:49:06,641: Back Left Min: 2.05, Back Right Min: 0.80
[rosout][INFO] 2025-03-27 13:49:06,737: Back Left Min: 2.05, Back Right Min: 0.80
[rosout][INFO] 2025-03-27 13:49:06,841: Back Left Min: 2.05, Back Right Min: 0.80
[rosout][INFO] 2025-03-27 13:49:06,938: Back Left Min: 2.05, Back Right Min: 0.80
[rosout][INFO] 2025-03-27 13:49:07,041: Back Left Min: 2.05, Back Right Min: 0.80
[rosout][INFO] 2025-03-27 13:49:07,138: Back Left Min: 2.05, Back Right Min: 0.80
[rosout][INFO] 2025-03-27 13:49:07,241: Back Left Min: 2.05, Back Right Min: 0.80
[rosout][INFO] 2025-03-27 13:49:07,338: Back Left Min: 2.05, Back Right Min: 0.80
[rosout][INFO] 2025-03-27 13:49:07,441: Back Left Min: 2.05, Back Right Min: 0.80
[rosout][INFO] 2025-03-27 13:49:07,538: Back Left Min: 2.05, Back Right Min: 0.80
[rosout][INFO] 2025-03-27 13:49:07,641: Back Left Min: 2.05, Back Right Min: 0.80
[rosout][INFO] 2025-03-27 13:49:07,738: Back Left Min: 2.05, Back Right Min: 0.80
[rosout][INFO] 2025-03-27 13:49:07,841: Back Left Min: 2.05, Back Right Min: 0.80
[rosout][INFO] 2025-03-27 13:49:07,938: Back Left Min: 2.05, Back Right Min: 0.80
[rosout][INFO] 2025-03-27 13:49:08,041: Back Left Min: 2.05, Back Right Min: 0.80
[rosout][INFO] 2025-03-27 13:49:08,138: Back Left Min: 2.05, Back Right Min: 0.80
[rosout][INFO] 2025-03-27 13:49:08,241: Back Left Min: 2.05, Back Right Min: 0.80
[rosout][INFO] 2025-03-27 13:49:08,338: Back Left Min: 2.05, Back Right Min: 0.80
[rosout][INFO] 2025-03-27 13:49:08,442: Back Left Min: 2.05, Back Right Min: 0.80
[rosout][INFO] 2025-03-27 13:49:08,538: Back Left Min: 2.05, Back Right Min: 0.80
[rosout][INFO] 2025-03-27 13:49:08,641: Back Left Min: 2.05, Back Right Min: 0.80
[rosout][INFO] 2025-03-27 13:49:08,738: Back Left Min: 2.05, Back Right Min: 0.80
[rosout][INFO] 2025-03-27 13:49:08,842: Back Left Min: 2.05, Back Right Min: 0.80
[rosout][INFO] 2025-03-27 13:49:08,938: Back Left Min: 2.05, Back Right Min: 0.80
[rosout][INFO] 2025-03-27 13:49:09,041: Back Left Min: 2.05, Back Right Min: 0.80
[rosout][INFO] 2025-03-27 13:49:09,138: Back Left Min: 2.05, Back Right Min: 0.80
[rosout][INFO] 2025-03-27 13:49:09,242: Back Left Min: 2.05, Back Right Min: 0.80
[rosout][INFO] 2025-03-27 13:49:09,339: Back Left Min: 2.05, Back Right Min: 0.80
[rosout][INFO] 2025-03-27 13:49:09,442: Back Left Min: 2.05, Back Right Min: 0.80
[rosout][INFO] 2025-03-27 13:49:09,539: Back Left Min: 2.05, Back Right Min: 0.80
[rosout][INFO] 2025-03-27 13:49:09,642: Back Left Min: 2.05, Back Right Min: 0.80
[rosout][INFO] 2025-03-27 13:49:09,739: Back Left Min: 2.05, Back Right Min: 0.80
[rosout][INFO] 2025-03-27 13:49:09,842: Back Left Min: 2.05, Back Right Min: 0.80
[rosout][INFO] 2025-03-27 13:49:09,939: Back Left Min: 2.05, Back Right Min: 0.80
[rosout][INFO] 2025-03-27 13:49:10,042: Back Left Min: 2.05, Back Right Min: 0.80
[rosout][INFO] 2025-03-27 13:49:10,139: Back Left Min: 2.05, Back Right Min: 0.80
[rosout][INFO] 2025-03-27 13:49:10,242: Back Left Min: 2.05, Back Right Min: 0.80
[rosout][INFO] 2025-03-27 13:49:10,339: Back Left Min: 2.05, Back Right Min: 0.80
[rosout][INFO] 2025-03-27 13:49:10,442: Back Left Min: 2.05, Back Right Min: 0.80
[rosout][INFO] 2025-03-27 13:49:10,539: Back Left Min: 2.05, Back Right Min: 0.80
[rosout][INFO] 2025-03-27 13:49:10,642: Back Left Min: 2.05, Back Right Min: 0.80
[rosout][INFO] 2025-03-27 13:49:10,739: Back Left Min: 2.05, Back Right Min: 0.80
[rosout][INFO] 2025-03-27 13:49:10,842: Back Left Min: 2.05, Back Right Min: 0.80
[rosout][INFO] 2025-03-27 13:49:10,939: Back Left Min: 2.05, Back Right Min: 0.80
[rosout][INFO] 2025-03-27 13:49:11,042: Back Left Min: 2.05, Back Right Min: 0.80
[rosout][INFO] 2025-03-27 13:49:11,140: Back Left Min: 2.05, Back Right Min: 0.80
[rosout][INFO] 2025-03-27 13:49:11,243: Back Left Min: 2.05, Back Right Min: 0.80
[rosout][INFO] 2025-03-27 13:49:11,340: Back Left Min: 2.05, Back Right Min: 0.80
[rosout][INFO] 2025-03-27 13:49:11,443: Back Left Min: 2.05, Back Right Min: 0.80
[rosout][INFO] 2025-03-27 13:49:11,540: Back Left Min: 2.05, Back Right Min: 0.80
[rosout][INFO] 2025-03-27 13:49:11,643: Back Left Min: 2.05, Back Right Min: 0.80
[rosout][INFO] 2025-03-27 13:49:11,740: Back Left Min: 2.05, Back Right Min: 0.80
[rosout][INFO] 2025-03-27 13:49:11,843: Back Left Min: 2.05, Back Right Min: 0.80
[rosout][INFO] 2025-03-27 13:49:11,940: Back Left Min: 2.05, Back Right Min: 0.80
[rosout][INFO] 2025-03-27 13:49:12,043: Back Left Min: 2.05, Back Right Min: 0.80
[rosout][INFO] 2025-03-27 13:49:12,140: Back Left Min: 2.05, Back Right Min: 0.80
[rosout][INFO] 2025-03-27 13:49:12,243: Back Left Min: 2.05, Back Right Min: 0.80
[rosout][INFO] 2025-03-27 13:49:12,340: Back Left Min: 2.05, Back Right Min: 0.80
[rosout][INFO] 2025-03-27 13:49:12,443: Back Left Min: 2.05, Back Right Min: 0.80
[rosout][INFO] 2025-03-27 13:49:12,540: Back Left Min: 2.05, Back Right Min: 0.80
[rosout][INFO] 2025-03-27 13:49:12,643: Back Left Min: 2.05, Back Right Min: 0.80
[rosout][INFO] 2025-03-27 13:49:12,740: Back Left Min: 2.05, Back Right Min: 0.80
[rosout][INFO] 2025-03-27 13:49:12,843: Back Left Min: 2.05, Back Right Min: 0.80
[rosout][INFO] 2025-03-27 13:49:12,940: Back Left Min: 2.05, Back Right Min: 0.80
[rosout][INFO] 2025-03-27 13:49:13,044: Back Left Min: 2.05, Back Right Min: 0.80
[rosout][INFO] 2025-03-27 13:49:13,141: Back Left Min: 2.05, Back Right Min: 0.80
[rosout][INFO] 2025-03-27 13:49:13,244: Back Left Min: 2.05, Back Right Min: 0.80
[rosout][INFO] 2025-03-27 13:49:13,340: Back Left Min: 2.05, Back Right Min: 0.80
[rosout][INFO] 2025-03-27 13:49:13,443: Back Left Min: 2.05, Back Right Min: 0.80
[rosout][INFO] 2025-03-27 13:49:13,540: Back Left Min: 2.05, Back Right Min: 0.80
[rosout][INFO] 2025-03-27 13:49:13,643: Back Left Min: 2.05, Back Right Min: 0.80
[rosout][INFO] 2025-03-27 13:49:13,740: Back Left Min: 0.67, Back Right Min: 0.80
[rosout][INFO] 2025-03-27 13:49:13,843: Back Left Min: 0.67, Back Right Min: 0.80
[rosout][INFO] 2025-03-27 13:49:13,940: Back Left Min: 0.67, Back Right Min: 0.80
[rosout][INFO] 2025-03-27 13:49:14,044: Back Left Min: 0.66, Back Right Min: 0.80
[rosout][INFO] 2025-03-27 13:49:14,140: Back Left Min: 0.66, Back Right Min: 0.80
[rosout][INFO] 2025-03-27 13:49:14,244: Back Left Min: 0.68, Back Right Min: 0.80
[rosout][INFO] 2025-03-27 13:49:14,341: Back Left Min: 0.68, Back Right Min: 0.80
[rosout][INFO] 2025-03-27 13:49:14,444: Back Left Min: 0.68, Back Right Min: 0.80
[rosout][INFO] 2025-03-27 13:49:14,541: Back Left Min: 5.48, Back Right Min: 0.80
[rosout][INFO] 2025-03-27 13:49:14,644: Back Left Min: 5.48, Back Right Min: 0.80
[rosout][INFO] 2025-03-27 13:49:14,741: Back Left Min: 5.48, Back Right Min: 0.80
[rosout][INFO] 2025-03-27 13:49:14,844: Back Left Min: 5.48, Back Right Min: 0.80
[rosout][INFO] 2025-03-27 13:49:14,941: Back Left Min: 5.48, Back Right Min: 0.80
[rosout][INFO] 2025-03-27 13:49:15,044: Back Left Min: 5.48, Back Right Min: 0.80
[rosout][INFO] 2025-03-27 13:49:15,141: Back Left Min: 5.48, Back Right Min: 0.80
[rosout][INFO] 2025-03-27 13:49:15,244: Back Left Min: 5.48, Back Right Min: 0.80
[rosout][INFO] 2025-03-27 13:49:15,341: Back Left Min: 5.48, Back Right Min: 0.80
[rosout][INFO] 2025-03-27 13:49:15,444: Back Left Min: 0.66, Back Right Min: 0.80
[rosout][INFO] 2025-03-27 13:49:15,541: Back Left Min: 0.66, Back Right Min: 0.80
[rosout][INFO] 2025-03-27 13:49:15,644: Back Left Min: 0.69, Back Right Min: 0.80
[rosout][INFO] 2025-03-27 13:49:15,741: Back Left Min: 0.69, Back Right Min: 0.80
[rosout][INFO] 2025-03-27 13:49:15,844: Back Left Min: 0.69, Back Right Min: 0.80
[rosout][INFO] 2025-03-27 13:49:15,941: Back Left Min: 0.70, Back Right Min: 0.80
[rosout][INFO] 2025-03-27 13:49:16,044: Back Left Min: 0.70, Back Right Min: 0.80
[rosout][INFO] 2025-03-27 13:49:16,141: Back Left Min: 0.70, Back Right Min: 0.80
[rosout][INFO] 2025-03-27 13:49:16,244: Back Left Min: 0.70, Back Right Min: 0.80
[rosout][INFO] 2025-03-27 13:49:16,341: Back Left Min: 0.70, Back Right Min: 0.80
[rosout][INFO] 2025-03-27 13:49:16,444: Back Left Min: 0.70, Back Right Min: 0.80
[rosout][INFO] 2025-03-27 13:49:16,541: Back Left Min: 0.70, Back Right Min: 0.80
[rosout][INFO] 2025-03-27 13:49:16,645: Back Left Min: 0.70, Back Right Min: 0.80
[rosout][INFO] 2025-03-27 13:49:16,741: Back Left Min: 0.70, Back Right Min: 0.80
[rosout][INFO] 2025-03-27 13:49:16,845: Back Left Min: 0.65, Back Right Min: 0.80
[rosout][INFO] 2025-03-27 13:49:16,942: Back Left Min: 0.65, Back Right Min: 0.80
[rosout][INFO] 2025-03-27 13:49:17,045: Back Left Min: 0.68, Back Right Min: 0.80
[rosout][INFO] 2025-03-27 13:49:17,142: Back Left Min: 0.68, Back Right Min: 0.80
[rosout][INFO] 2025-03-27 13:49:17,245: Back Left Min: 0.68, Back Right Min: 0.80
[rosout][INFO] 2025-03-27 13:49:17,342: Back Left Min: 0.67, Back Right Min: 0.80
[rosout][INFO] 2025-03-27 13:49:17,445: Back Left Min: 0.67, Back Right Min: 0.80
[rosout][INFO] 2025-03-27 13:49:17,542: Back Left Min: 0.67, Back Right Min: 0.80
[rosout][INFO] 2025-03-27 13:49:17,644: Back Left Min: 2.18, Back Right Min: 0.80
[rosout][INFO] 2025-03-27 13:49:17,742: Back Left Min: 2.18, Back Right Min: 0.80
[rosout][INFO] 2025-03-27 13:49:17,845: Back Left Min: 2.18, Back Right Min: 0.80
[rosout][INFO] 2025-03-27 13:49:17,942: Back Left Min: 2.06, Back Right Min: 0.80
[rosout][INFO] 2025-03-27 13:49:18,045: Back Left Min: 2.06, Back Right Min: 0.80
[rosout][INFO] 2025-03-27 13:49:18,142: Back Left Min: 2.06, Back Right Min: 0.80
[rosout][INFO] 2025-03-27 13:49:18,245: Back Left Min: 0.65, Back Right Min: 0.80
[rosout][INFO] 2025-03-27 13:49:18,342: Back Left Min: 0.65, Back Right Min: 0.80
[rosout][INFO] 2025-03-27 13:49:18,445: Back Left Min: 0.71, Back Right Min: 0.80
[rosout][INFO] 2025-03-27 13:49:18,542: Back Left Min: 0.71, Back Right Min: 0.80
[rosout][INFO] 2025-03-27 13:49:18,645: Back Left Min: 0.71, Back Right Min: 0.80
[rosout][INFO] 2025-03-27 13:49:18,742: Back Left Min: 0.73, Back Right Min: 0.80
[rosout][INFO] 2025-03-27 13:49:18,845: Back Left Min: 0.73, Back Right Min: 0.80
[rosout][INFO] 2025-03-27 13:49:18,942: Back Left Min: 0.73, Back Right Min: 0.80
[rosout][INFO] 2025-03-27 13:49:19,045: Back Left Min: 2.05, Back Right Min: 0.80
[rosout][INFO] 2025-03-27 13:49:19,142: Back Left Min: 2.05, Back Right Min: 0.80
[rosout][INFO] 2025-03-27 13:49:19,246: Back Left Min: 2.05, Back Right Min: 0.80
[rosout][INFO] 2025-03-27 13:49:19,342: Back Left Min: 2.05, Back Right Min: 0.80
[rosout][INFO] 2025-03-27 13:49:19,446: Back Left Min: 2.05, Back Right Min: 0.80
[rosout][INFO] 2025-03-27 13:49:19,543: Back Left Min: 2.05, Back Right Min: 0.80
[rosout][INFO] 2025-03-27 13:49:19,646: Back Left Min: 2.05, Back Right Min: 0.80
[rosout][INFO] 2025-03-27 13:49:19,743: Back Left Min: 2.05, Back Right Min: 0.80
[rosout][INFO] 2025-03-27 13:49:19,846: Back Left Min: 2.05, Back Right Min: 0.80
[rosout][INFO] 2025-03-27 13:49:19,943: Back Left Min: 2.05, Back Right Min: 0.80
[rosout][INFO] 2025-03-27 13:49:20,046: Back Left Min: 2.05, Back Right Min: 0.80
[rosout][INFO] 2025-03-27 13:49:20,143: Back Left Min: 2.05, Back Right Min: 0.80
[rosout][INFO] 2025-03-27 13:49:20,246: Back Left Min: 2.05, Back Right Min: 0.80
[rosout][INFO] 2025-03-27 13:49:20,343: Back Left Min: 2.05, Back Right Min: 0.80
[rosout][INFO] 2025-03-27 13:49:20,446: Back Left Min: 2.05, Back Right Min: 0.80
[rosout][INFO] 2025-03-27 13:49:20,543: Back Left Min: 2.05, Back Right Min: 0.80
[rosout][INFO] 2025-03-27 13:49:20,646: Back Left Min: 2.05, Back Right Min: 0.80
[rosout][INFO] 2025-03-27 13:49:20,743: Back Left Min: 2.05, Back Right Min: 0.80
[rosout][INFO] 2025-03-27 13:49:20,846: Back Left Min: 2.05, Back Right Min: 0.80
[rosout][INFO] 2025-03-27 13:49:20,943: Back Left Min: 2.05, Back Right Min: 0.80
[rosout][INFO] 2025-03-27 13:49:21,046: Back Left Min: 2.05, Back Right Min: 0.80
[rosout][INFO] 2025-03-27 13:49:21,143: Back Left Min: 2.05, Back Right Min: 0.80
[rosout][INFO] 2025-03-27 13:49:21,246: Back Left Min: 2.05, Back Right Min: 0.80
[rosout][INFO] 2025-03-27 13:49:21,343: Back Left Min: 2.05, Back Right Min: 0.80
[rosout][INFO] 2025-03-27 13:49:21,446: Back Left Min: 2.05, Back Right Min: 0.80
[rosout][INFO] 2025-03-27 13:49:21,543: Back Left Min: 0.66, Back Right Min: 0.80
[rosout][INFO] 2025-03-27 13:49:21,647: Back Left Min: 0.66, Back Right Min: 0.80
[rosout][INFO] 2025-03-27 13:49:21,744: Back Left Min: 0.66, Back Right Min: 0.80
[rosout][INFO] 2025-03-27 13:49:21,847: Back Left Min: 0.65, Back Right Min: 0.80
[rosout][INFO] 2025-03-27 13:49:21,944: Back Left Min: 0.65, Back Right Min: 0.80
[rosout][INFO] 2025-03-27 13:49:22,047: Back Left Min: 0.65, Back Right Min: 0.80
[rosout][INFO] 2025-03-27 13:49:22,144: Back Left Min: 0.65, Back Right Min: 0.80
[rosout][INFO] 2025-03-27 13:49:22,247: Back Left Min: 0.65, Back Right Min: 0.80
[rosout][INFO] 2025-03-27 13:49:22,344: Back Left Min: 0.65, Back Right Min: 0.80
[rosout][INFO] 2025-03-27 13:49:22,447: Back Left Min: 0.65, Back Right Min: 0.80
[rosout][INFO] 2025-03-27 13:49:22,544: Back Left Min: 0.65, Back Right Min: 0.80
[rosout][INFO] 2025-03-27 13:49:22,648: Back Left Min: 0.77, Back Right Min: 0.80
[rosout][INFO] 2025-03-27 13:49:22,744: Back Left Min: 0.77, Back Right Min: 0.80
[rosout][INFO] 2025-03-27 13:49:22,848: Back Left Min: 0.77, Back Right Min: 0.80
[rosout][INFO] 2025-03-27 13:49:22,944: Back Left Min: 2.05, Back Right Min: 0.80
[rosout][INFO] 2025-03-27 13:49:23,048: Back Left Min: 2.05, Back Right Min: 0.80
[rosout][INFO] 2025-03-27 13:49:23,144: Back Left Min: 2.05, Back Right Min: 0.80
[rosout][INFO] 2025-03-27 13:49:23,248: Back Left Min: 2.05, Back Right Min: 0.80
[rosout][INFO] 2025-03-27 13:49:23,345: Back Left Min: 2.05, Back Right Min: 0.80
[rosout][INFO] 2025-03-27 13:49:23,448: Back Left Min: 2.05, Back Right Min: 0.80
[rosout][INFO] 2025-03-27 13:49:23,545: Back Left Min: 2.05, Back Right Min: 0.80
[rosout][INFO] 2025-03-27 13:49:23,648: Back Left Min: 2.05, Back Right Min: 0.80
[rosout][INFO] 2025-03-27 13:49:23,745: Back Left Min: 2.05, Back Right Min: 0.80
[rosout][INFO] 2025-03-27 13:49:23,848: Back Left Min: 2.05, Back Right Min: 0.80
[rosout][INFO] 2025-03-27 13:49:23,945: Back Left Min: 2.05, Back Right Min: 0.80
[rosout][INFO] 2025-03-27 13:49:24,048: Back Left Min: 2.05, Back Right Min: 0.80
[rosout][INFO] 2025-03-27 13:49:24,145: Back Left Min: 2.05, Back Right Min: 0.80
[rosout][INFO] 2025-03-27 13:49:24,248: Back Left Min: 2.05, Back Right Min: 0.80
[rosout][INFO] 2025-03-27 13:49:24,345: Back Left Min: 2.05, Back Right Min: 0.80
[rosout][INFO] 2025-03-27 13:49:24,448: Back Left Min: 2.05, Back Right Min: 0.80
[rosout][INFO] 2025-03-27 13:49:24,545: Back Left Min: 2.05, Back Right Min: 0.80
[rosout][INFO] 2025-03-27 13:49:24,648: Back Left Min: 2.05, Back Right Min: 0.80
[rosout][INFO] 2025-03-27 13:49:24,745: Back Left Min: 2.05, Back Right Min: 0.80
[rosout][INFO] 2025-03-27 13:49:24,849: Back Left Min: 2.05, Back Right Min: 0.80
[rosout][INFO] 2025-03-27 13:49:24,945: Back Left Min: 2.05, Back Right Min: 0.80
[rosout][INFO] 2025-03-27 13:49:25,049: Back Left Min: 2.05, Back Right Min: 0.80
[rosout][INFO] 2025-03-27 13:49:25,145: Back Left Min: 2.05, Back Right Min: 0.80
[rosout][INFO] 2025-03-27 13:49:25,249: Back Left Min: 2.05, Back Right Min: 0.80
[rosout][INFO] 2025-03-27 13:49:25,346: Back Left Min: 2.05, Back Right Min: 0.80
[rosout][INFO] 2025-03-27 13:49:25,448: Back Left Min: 2.05, Back Right Min: 0.80
[rosout][INFO] 2025-03-27 13:49:25,545: Back Left Min: 2.05, Back Right Min: 0.80
[rosout][INFO] 2025-03-27 13:49:25,648: Back Left Min: 2.05, Back Right Min: 0.80
[rosout][INFO] 2025-03-27 13:49:25,745: Back Left Min: 2.05, Back Right Min: 0.80
[rosout][INFO] 2025-03-27 13:49:25,848: Back Left Min: 2.05, Back Right Min: 0.80
[rosout][INFO] 2025-03-27 13:49:25,945: Back Left Min: 2.05, Back Right Min: 0.80
[rosout][INFO] 2025-03-27 13:49:26,049: Back Left Min: 2.05, Back Right Min: 0.80
[rosout][INFO] 2025-03-27 13:49:26,145: Back Left Min: 2.05, Back Right Min: 0.80
[rosout][INFO] 2025-03-27 13:49:26,249: Back Left Min: 2.05, Back Right Min: 0.80
[rosout][INFO] 2025-03-27 13:49:26,345: Back Left Min: 0.70, Back Right Min: 0.80
[rosout][INFO] 2025-03-27 13:49:26,449: Back Left Min: 0.70, Back Right Min: 0.80
[rosout][INFO] 2025-03-27 13:49:26,546: Back Left Min: 0.70, Back Right Min: 0.80
[rosout][INFO] 2025-03-27 13:49:26,649: Back Left Min: 0.79, Back Right Min: 0.80
[rosout][INFO] 2025-03-27 13:49:26,746: Back Left Min: 0.79, Back Right Min: 0.80
[rosout][INFO] 2025-03-27 13:49:26,849: Back Left Min: 0.78, Back Right Min: 0.80
[rosout][INFO] 2025-03-27 13:49:26,946: Back Left Min: 0.78, Back Right Min: 0.80
[rosout][INFO] 2025-03-27 13:49:27,049: Back Left Min: 0.78, Back Right Min: 0.80
[rosout][INFO] 2025-03-27 13:49:27,146: Back Left Min: 0.74, Back Right Min: 0.80
[rosout][INFO] 2025-03-27 13:49:27,249: Back Left Min: 0.74, Back Right Min: 0.80
[rosout][INFO] 2025-03-27 13:49:27,346: Back Left Min: 0.74, Back Right Min: 0.80
[rosout][INFO] 2025-03-27 13:49:27,449: Back Left Min: 0.72, Back Right Min: 0.80
[rosout][INFO] 2025-03-27 13:49:27,546: Back Left Min: 0.72, Back Right Min: 0.80
[rosout][INFO] 2025-03-27 13:49:27,650: Back Left Min: 0.72, Back Right Min: 0.80
[rosout][INFO] 2025-03-27 13:49:27,746: Back Left Min: 0.68, Back Right Min: 0.80
[rosout][INFO] 2025-03-27 13:49:27,849: Back Left Min: 0.68, Back Right Min: 0.80
[rosout][INFO] 2025-03-27 13:49:27,946: Back Left Min: 0.68, Back Right Min: 0.80
[rosout][INFO] 2025-03-27 13:49:28,049: Back Left Min: 2.07, Back Right Min: 0.80
[rosout][INFO] 2025-03-27 13:49:28,146: Back Left Min: 2.07, Back Right Min: 0.80
[rosout][INFO] 2025-03-27 13:49:28,249: Back Left Min: 2.74, Back Right Min: 0.80
[rosout][INFO] 2025-03-27 13:49:28,346: Back Left Min: 2.74, Back Right Min: 0.80
[rosout][INFO] 2025-03-27 13:49:28,449: Back Left Min: 2.74, Back Right Min: 0.80
[rosout][INFO] 2025-03-27 13:49:28,546: Back Left Min: 2.74, Back Right Min: 0.80
[rosout][INFO] 2025-03-27 13:49:28,650: Back Left Min: 2.74, Back Right Min: 0.80
[rosout][INFO] 2025-03-27 13:49:28,746: Back Left Min: 2.74, Back Right Min: 0.80
[rosout][INFO] 2025-03-27 13:49:28,850: Back Left Min: 2.75, Back Right Min: 0.80
[rosout][INFO] 2025-03-27 13:49:28,946: Back Left Min: 2.75, Back Right Min: 0.80
[rosout][INFO] 2025-03-27 13:49:29,050: Back Left Min: 2.75, Back Right Min: 0.80
[rosout][INFO] 2025-03-27 13:49:29,147: Back Left Min: 0.67, Back Right Min: 0.80
[rosout][INFO] 2025-03-27 13:49:29,250: Back Left Min: 0.67, Back Right Min: 0.80
[rosout][INFO] 2025-03-27 13:49:29,347: Back Left Min: 0.67, Back Right Min: 0.80
[rosout][INFO] 2025-03-27 13:49:29,450: Back Left Min: 2.75, Back Right Min: 0.80
[rosout][INFO] 2025-03-27 13:49:29,546: Back Left Min: 2.75, Back Right Min: 0.80
[rosout][INFO] 2025-03-27 13:49:29,650: Back Left Min: 2.07, Back Right Min: 0.80
[rosout][INFO] 2025-03-27 13:49:29,747: Back Left Min: 2.07, Back Right Min: 0.80
[rosout][INFO] 2025-03-27 13:49:29,850: Back Left Min: 2.07, Back Right Min: 0.80
[rosout][INFO] 2025-03-27 13:49:29,947: Back Left Min: 0.68, Back Right Min: 0.80
[rosout][INFO] 2025-03-27 13:49:30,050: Back Left Min: 0.68, Back Right Min: 0.80
[rosout][INFO] 2025-03-27 13:49:30,147: Back Left Min: 0.68, Back Right Min: 0.80
[rosout][INFO] 2025-03-27 13:49:30,250: Back Left Min: 2.05, Back Right Min: 0.80
[rosout][INFO] 2025-03-27 13:49:30,347: Back Left Min: 2.05, Back Right Min: 0.80
[rosout][INFO] 2025-03-27 13:49:30,450: Back Left Min: 2.05, Back Right Min: 0.80
[rosout][INFO] 2025-03-27 13:49:30,547: Back Left Min: 2.05, Back Right Min: 0.80
[rosout][INFO] 2025-03-27 13:49:30,650: Back Left Min: 2.05, Back Right Min: 0.80
[rosout][INFO] 2025-03-27 13:49:30,747: Back Left Min: 2.05, Back Right Min: 0.80
[rosout][INFO] 2025-03-27 13:49:30,850: Back Left Min: 2.05, Back Right Min: 0.80
[rosout][INFO] 2025-03-27 13:49:30,947: Back Left Min: 2.05, Back Right Min: 0.80
[rosout][INFO] 2025-03-27 13:49:31,051: Back Left Min: 2.05, Back Right Min: 0.80
[rosout][INFO] 2025-03-27 13:49:31,147: Back Left Min: 2.05, Back Right Min: 0.80
[rosout][INFO] 2025-03-27 13:49:31,251: Back Left Min: 2.05, Back Right Min: 0.80
[rosout][INFO] 2025-03-27 13:49:31,348: Back Left Min: 2.05, Back Right Min: 0.80
[rosout][INFO] 2025-03-27 13:49:31,451: Back Left Min: 2.05, Back Right Min: 0.80
[rosout][INFO] 2025-03-27 13:49:31,548: Back Left Min: 2.05, Back Right Min: 0.80
[rosout][INFO] 2025-03-27 13:49:31,651: Back Left Min: 2.05, Back Right Min: 0.80
[rosout][INFO] 2025-03-27 13:49:31,748: Back Left Min: 2.05, Back Right Min: 0.80
[rosout][INFO] 2025-03-27 13:49:31,851: Back Left Min: 2.05, Back Right Min: 0.80
[rosout][INFO] 2025-03-27 13:49:31,948: Back Left Min: 2.05, Back Right Min: 0.80
[rosout][INFO] 2025-03-27 13:49:32,051: Back Left Min: 2.05, Back Right Min: 0.80
[rosout][INFO] 2025-03-27 13:49:32,148: Back Left Min: 2.05, Back Right Min: 0.80
[rosout][INFO] 2025-03-27 13:49:32,251: Back Left Min: 2.05, Back Right Min: 0.80
[rosout][INFO] 2025-03-27 13:49:32,348: Back Left Min: 2.05, Back Right Min: 0.80
[rosout][INFO] 2025-03-27 13:49:32,451: Back Left Min: 2.05, Back Right Min: 0.80
[rosout][INFO] 2025-03-27 13:49:32,548: Back Left Min: 2.05, Back Right Min: 0.80
[rosout][INFO] 2025-03-27 13:49:32,651: Back Left Min: 2.05, Back Right Min: 0.80
[rosout][INFO] 2025-03-27 13:49:32,748: Back Left Min: 0.74, Back Right Min: 0.80
[rosout][INFO] 2025-03-27 13:49:32,851: Back Left Min: 0.74, Back Right Min: 0.80
[rosout][INFO] 2025-03-27 13:49:32,948: Back Left Min: 0.74, Back Right Min: 0.80
[rosout][INFO] 2025-03-27 13:49:33,051: Back Left Min: 2.05, Back Right Min: 0.80
[rosout][INFO] 2025-03-27 13:49:33,148: Back Left Min: 2.05, Back Right Min: 0.80
[rosout][INFO] 2025-03-27 13:49:33,252: Back Left Min: 2.05, Back Right Min: 0.80
[rosout][INFO] 2025-03-27 13:49:33,348: Back Left Min: 2.05, Back Right Min: 0.80
[rosout][INFO] 2025-03-27 13:49:33,451: Back Left Min: 2.05, Back Right Min: 0.80
[rosout][INFO] 2025-03-27 13:49:33,548: Back Left Min: 2.05, Back Right Min: 0.80
[rosout][INFO] 2025-03-27 13:49:33,652: Back Left Min: 2.05, Back Right Min: 0.80
[rosout][INFO] 2025-03-27 13:49:33,748: Back Left Min: 2.05, Back Right Min: 0.80
[rosout][INFO] 2025-03-27 13:49:33,852: Back Left Min: 2.05, Back Right Min: 0.80
[rosout][INFO] 2025-03-27 13:49:33,949: Back Left Min: 2.05, Back Right Min: 0.80
[rosout][INFO] 2025-03-27 13:49:34,052: Back Left Min: 2.05, Back Right Min: 0.80
[rosout][INFO] 2025-03-27 13:49:34,149: Back Left Min: 2.05, Back Right Min: 0.80
[rosout][INFO] 2025-03-27 13:49:34,252: Back Left Min: 2.05, Back Right Min: 0.80
[rosout][INFO] 2025-03-27 13:49:34,349: Back Left Min: 2.05, Back Right Min: 0.80
[rosout][INFO] 2025-03-27 13:49:34,452: Back Left Min: 2.05, Back Right Min: 0.82
[rosout][INFO] 2025-03-27 13:49:34,549: Back Left Min: 2.05, Back Right Min: 0.82
[rosout][INFO] 2025-03-27 13:49:34,652: Back Left Min: 2.05, Back Right Min: 0.82
[rosout][INFO] 2025-03-27 13:49:34,749: Back Left Min: 2.05, Back Right Min: 0.57
[rosout][INFO] 2025-03-27 13:49:34,852: Back Left Min: 2.05, Back Right Min: 0.57
[rosout][INFO] 2025-03-27 13:49:34,949: Back Left Min: 2.05, Back Right Min: 0.57
[rosout][INFO] 2025-03-27 13:49:35,052: Back Left Min: 2.05, Back Right Min: 0.56
[rosout][INFO] 2025-03-27 13:49:35,149: Back Left Min: 2.05, Back Right Min: 0.56
[rosout][INFO] 2025-03-27 13:49:35,252: Back Left Min: 2.05, Back Right Min: 0.56
[rosout][INFO] 2025-03-27 13:49:35,349: Back Left Min: 2.05, Back Right Min: 0.56
[rosout][INFO] 2025-03-27 13:49:35,452: Back Left Min: 2.05, Back Right Min: 0.56
[rosout][INFO] 2025-03-27 13:49:35,549: Back Left Min: 2.05, Back Right Min: 0.54
[rosout][INFO] 2025-03-27 13:49:35,652: Back Left Min: 2.05, Back Right Min: 0.54
[rosout][INFO] 2025-03-27 13:49:35,749: Back Left Min: 2.05, Back Right Min: 0.54
[rosout][INFO] 2025-03-27 13:49:35,852: Back Left Min: 2.05, Back Right Min: 5.29
[rosout][INFO] 2025-03-27 13:49:35,949: Back Left Min: 2.05, Back Right Min: 5.29
[rosout][INFO] 2025-03-27 13:49:36,053: Back Left Min: 2.05, Back Right Min: 5.29
[rosout][INFO] 2025-03-27 13:49:36,149: Back Left Min: 2.05, Back Right Min: 0.80
[rosout][INFO] 2025-03-27 13:49:36,253: Back Left Min: 2.05, Back Right Min: 0.80
[rosout][INFO] 2025-03-27 13:49:36,350: Back Left Min: 2.05, Back Right Min: 0.80
[rosout][INFO] 2025-03-27 13:49:36,453: Back Left Min: 2.05, Back Right Min: 0.80
[rosout][INFO] 2025-03-27 13:49:36,550: Back Left Min: 2.05, Back Right Min: 0.80
[rosout][INFO] 2025-03-27 13:49:36,653: Back Left Min: 2.05, Back Right Min: 0.80
[rosout][INFO] 2025-03-27 13:49:36,750: Back Left Min: 2.05, Back Right Min: 0.80
[rosout][INFO] 2025-03-27 13:49:36,853: Back Left Min: 2.05, Back Right Min: 0.80
[rosout][INFO] 2025-03-27 13:49:36,950: Back Left Min: 2.05, Back Right Min: 0.80
[rosout][INFO] 2025-03-27 13:49:37,053: Back Left Min: 2.05, Back Right Min: 0.80
[rosout][INFO] 2025-03-27 13:49:37,150: Back Left Min: 2.05, Back Right Min: 0.80
[rosout][INFO] 2025-03-27 13:49:37,253: Back Left Min: 2.05, Back Right Min: 0.80
[rosout][INFO] 2025-03-27 13:49:37,350: Back Left Min: 2.05, Back Right Min: 0.80
[rosout][INFO] 2025-03-27 13:49:37,453: Back Left Min: 2.05, Back Right Min: 0.80
[rosout][INFO] 2025-03-27 13:49:37,550: Back Left Min: 2.05, Back Right Min: 0.80
[rosout][INFO] 2025-03-27 13:49:37,653: Back Left Min: 2.05, Back Right Min: 0.80
[rosout][INFO] 2025-03-27 13:49:37,750: Back Left Min: 2.05, Back Right Min: 0.80
[rosout][INFO] 2025-03-27 13:49:37,853: Back Left Min: 2.05, Back Right Min: 0.80
[rosout][INFO] 2025-03-27 13:49:37,950: Back Left Min: 2.05, Back Right Min: 0.80
[rosout][INFO] 2025-03-27 13:49:38,053: Back Left Min: 2.05, Back Right Min: 0.80
[rosout][INFO] 2025-03-27 13:49:38,150: Back Left Min: 2.05, Back Right Min: 0.80
[rosout][INFO] 2025-03-27 13:49:38,253: Back Left Min: 2.05, Back Right Min: 0.80
[rosout][INFO] 2025-03-27 13:49:38,350: Back Left Min: 2.05, Back Right Min: 0.80
[rosout][INFO] 2025-03-27 13:49:38,454: Back Left Min: 2.05, Back Right Min: 0.80
[rosout][INFO] 2025-03-27 13:49:38,550: Back Left Min: 2.05, Back Right Min: 0.80
[rosout][INFO] 2025-03-27 13:49:38,654: Back Left Min: 2.05, Back Right Min: 0.80
[rosout][INFO] 2025-03-27 13:49:38,751: Back Left Min: 2.05, Back Right Min: 0.80
[rosout][INFO] 2025-03-27 13:49:38,854: Back Left Min: 2.05, Back Right Min: 0.80
[rosout][INFO] 2025-03-27 13:49:38,951: Back Left Min: 2.05, Back Right Min: 0.80
[rosout][INFO] 2025-03-27 13:49:39,054: Back Left Min: 2.05, Back Right Min: 0.80
[rosout][INFO] 2025-03-27 13:49:39,151: Back Left Min: 2.05, Back Right Min: 0.80
[rosout][INFO] 2025-03-27 13:49:39,254: Back Left Min: 2.05, Back Right Min: 0.80
[rosout][INFO] 2025-03-27 13:49:39,351: Back Left Min: 2.05, Back Right Min: 0.80
[rosout][INFO] 2025-03-27 13:49:39,454: Back Left Min: 2.05, Back Right Min: 0.80
[rosout][INFO] 2025-03-27 13:49:39,551: Back Left Min: 2.05, Back Right Min: 0.80
[rosout][INFO] 2025-03-27 13:49:39,654: Back Left Min: 2.05, Back Right Min: 0.80
[rosout][INFO] 2025-03-27 13:49:39,751: Back Left Min: 2.05, Back Right Min: 0.80
[rosout][INFO] 2025-03-27 13:49:39,854: Back Left Min: 2.05, Back Right Min: 0.80
[rosout][INFO] 2025-03-27 13:49:39,951: Back Left Min: 2.05, Back Right Min: 0.80
[rosout][INFO] 2025-03-27 13:49:40,054: Back Left Min: 2.05, Back Right Min: 0.80
[rosout][INFO] 2025-03-27 13:49:40,151: Back Left Min: 2.05, Back Right Min: 0.80
[rosout][INFO] 2025-03-27 13:49:40,254: Back Left Min: 2.05, Back Right Min: 0.80
[rosout][INFO] 2025-03-27 13:49:40,351: Back Left Min: 2.05, Back Right Min: 0.80
[rosout][INFO] 2025-03-27 13:49:40,454: Back Left Min: 2.05, Back Right Min: 0.80
[rosout][INFO] 2025-03-27 13:49:40,551: Back Left Min: 2.05, Back Right Min: 0.80
[rosout][INFO] 2025-03-27 13:49:40,654: Back Left Min: 2.05, Back Right Min: 0.80
[rosout][INFO] 2025-03-27 13:49:40,751: Back Left Min: 2.05, Back Right Min: 0.80
[rosout][INFO] 2025-03-27 13:49:40,855: Back Left Min: 2.05, Back Right Min: 0.80
[rosout][INFO] 2025-03-27 13:49:40,952: Back Left Min: 2.05, Back Right Min: 0.80
[rosout][INFO] 2025-03-27 13:49:41,055: Back Left Min: 2.05, Back Right Min: 0.80
[rosout][INFO] 2025-03-27 13:49:41,152: Back Left Min: 2.05, Back Right Min: 0.80
[rosout][INFO] 2025-03-27 13:49:41,255: Back Left Min: 2.05, Back Right Min: 0.80
[rosout][INFO] 2025-03-27 13:49:41,352: Back Left Min: 2.05, Back Right Min: 0.80
[rosout][INFO] 2025-03-27 13:49:41,455: Back Left Min: 2.05, Back Right Min: 0.80
[rosout][INFO] 2025-03-27 13:49:41,552: Back Left Min: 2.05, Back Right Min: 0.80
[rosout][INFO] 2025-03-27 13:49:41,655: Back Left Min: 2.05, Back Right Min: 0.80
[rosout][INFO] 2025-03-27 13:49:41,752: Back Left Min: 2.05, Back Right Min: 0.80
[rosout][INFO] 2025-03-27 13:49:41,855: Back Left Min: 2.05, Back Right Min: 0.80
[rosout][INFO] 2025-03-27 13:49:41,952: Back Left Min: 2.05, Back Right Min: 0.80
[rosout][INFO] 2025-03-27 13:49:42,055: Back Left Min: 2.05, Back Right Min: 0.80
[rosout][INFO] 2025-03-27 13:49:42,152: Back Left Min: 2.05, Back Right Min: 0.80
[rosout][INFO] 2025-03-27 13:49:42,255: Back Left Min: 2.05, Back Right Min: 0.80
[rosout][INFO] 2025-03-27 13:49:42,352: Back Left Min: 2.05, Back Right Min: 0.80
[rosout][INFO] 2025-03-27 13:49:42,455: Back Left Min: 2.05, Back Right Min: 0.80
[rosout][INFO] 2025-03-27 13:49:42,552: Back Left Min: 2.05, Back Right Min: 0.80
[rosout][INFO] 2025-03-27 13:49:42,655: Back Left Min: 2.05, Back Right Min: 0.80
[rosout][INFO] 2025-03-27 13:49:42,752: Back Left Min: 2.05, Back Right Min: 0.80
[rosout][INFO] 2025-03-27 13:49:42,855: Back Left Min: 2.05, Back Right Min: 0.80
[rosout][INFO] 2025-03-27 13:49:42,952: Back Left Min: 2.05, Back Right Min: 0.80
[rosout][INFO] 2025-03-27 13:49:43,055: Back Left Min: 2.05, Back Right Min: 0.80
[rosout][INFO] 2025-03-27 13:49:43,152: Back Left Min: 2.05, Back Right Min: 0.80
[rosout][INFO] 2025-03-27 13:49:43,256: Back Left Min: 2.05, Back Right Min: 0.80
[rosout][INFO] 2025-03-27 13:49:43,352: Back Left Min: 2.05, Back Right Min: 0.80
[rosout][INFO] 2025-03-27 13:49:43,456: Back Left Min: 2.05, Back Right Min: 0.80
[rosout][INFO] 2025-03-27 13:49:43,553: Back Left Min: 2.05, Back Right Min: 0.80
[rosout][INFO] 2025-03-27 13:49:43,656: Back Left Min: 2.05, Back Right Min: 0.80
[rosout][INFO] 2025-03-27 13:49:43,753: Back Left Min: 2.05, Back Right Min: 0.80
[rosout][INFO] 2025-03-27 13:49:43,856: Back Left Min: 2.05, Back Right Min: 0.80
[rosout][INFO] 2025-03-27 13:49:43,953: Back Left Min: 2.05, Back Right Min: 0.60
[rosout][INFO] 2025-03-27 13:49:44,056: Back Left Min: 2.05, Back Right Min: 0.60
[rosout][INFO] 2025-03-27 13:49:44,153: Back Left Min: 2.05, Back Right Min: 0.60
[rosout][INFO] 2025-03-27 13:49:44,256: Back Left Min: 2.05, Back Right Min: 1.93
[rosout][INFO] 2025-03-27 13:49:44,353: Back Left Min: 2.05, Back Right Min: 1.93
[rosout][INFO] 2025-03-27 13:49:44,456: Back Left Min: 2.05, Back Right Min: 1.93
[rosout][INFO] 2025-03-27 13:49:44,553: Back Left Min: 2.05, Back Right Min: 1.93
[rosout][INFO] 2025-03-27 13:49:44,656: Back Left Min: 2.05, Back Right Min: 1.93
[rosout][INFO] 2025-03-27 13:49:44,753: Back Left Min: 2.05, Back Right Min: 1.93
[rosout][INFO] 2025-03-27 13:49:44,856: Back Left Min: 2.05, Back Right Min: 1.92
[rosout][INFO] 2025-03-27 13:49:44,953: Back Left Min: 2.05, Back Right Min: 1.92
[rosout][INFO] 2025-03-27 13:49:45,056: Back Left Min: 2.05, Back Right Min: 1.92
[rosout][INFO] 2025-03-27 13:49:45,153: Back Left Min: 2.05, Back Right Min: 1.92
[rosout][INFO] 2025-03-27 13:49:45,256: Back Left Min: 2.05, Back Right Min: 1.92
[rosout][INFO] 2025-03-27 13:49:45,353: Back Left Min: 2.05, Back Right Min: 1.92
[rosout][INFO] 2025-03-27 13:49:45,457: Back Left Min: 2.05, Back Right Min: 1.92
[rosout][INFO] 2025-03-27 13:49:45,554: Back Left Min: 2.05, Back Right Min: 1.92
[rosout][INFO] 2025-03-27 13:49:45,657: Back Left Min: 2.05, Back Right Min: 1.92
[rosout][INFO] 2025-03-27 13:49:45,754: Back Left Min: 2.05, Back Right Min: 1.92
[rosout][INFO] 2025-03-27 13:49:45,857: Back Left Min: 2.05, Back Right Min: 1.92
[rosout][INFO] 2025-03-27 13:49:45,954: Back Left Min: 2.05, Back Right Min: 1.92
[rosout][INFO] 2025-03-27 13:49:46,057: Back Left Min: 2.05, Back Right Min: 1.92
[rosout][INFO] 2025-03-27 13:49:46,154: Back Left Min: 2.05, Back Right Min: 1.92
[rosout][INFO] 2025-03-27 13:49:46,257: Back Left Min: 2.05, Back Right Min: 1.92
[rosout][INFO] 2025-03-27 13:49:46,354: Back Left Min: 2.05, Back Right Min: 1.92
[rosout][INFO] 2025-03-27 13:49:46,457: Back Left Min: 2.05, Back Right Min: 1.92
[rosout][INFO] 2025-03-27 13:49:46,554: Back Left Min: 2.05, Back Right Min: 1.92
[rosout][INFO] 2025-03-27 13:49:46,657: Back Left Min: 2.05, Back Right Min: 1.92
[rosout][INFO] 2025-03-27 13:49:46,754: Back Left Min: 2.05, Back Right Min: 1.92
[rosout][INFO] 2025-03-27 13:49:46,857: Back Left Min: 2.05, Back Right Min: 1.92
[rosout][INFO] 2025-03-27 13:49:46,954: Back Left Min: 2.05, Back Right Min: 1.92
[rosout][INFO] 2025-03-27 13:49:47,057: Back Left Min: 2.05, Back Right Min: 1.92
[rosout][INFO] 2025-03-27 13:49:47,154: Back Left Min: 2.05, Back Right Min: 1.92
[rosout][INFO] 2025-03-27 13:49:47,257: Back Left Min: 2.05, Back Right Min: 1.92
[rosout][INFO] 2025-03-27 13:49:47,354: Back Left Min: 2.05, Back Right Min: 1.92
[rosout][INFO] 2025-03-27 13:49:47,457: Back Left Min: 2.05, Back Right Min: 1.92
[rosout][INFO] 2025-03-27 13:49:47,554: Back Left Min: 2.05, Back Right Min: 1.92
[rosout][INFO] 2025-03-27 13:49:47,657: Back Left Min: 2.05, Back Right Min: 1.93
[rosout][INFO] 2025-03-27 13:49:47,754: Back Left Min: 2.05, Back Right Min: 1.93
[rosout][INFO] 2025-03-27 13:49:47,857: Back Left Min: 2.05, Back Right Min: 0.55
[rosout][INFO] 2025-03-27 13:49:47,954: Back Left Min: 2.05, Back Right Min: 0.55
[rosout][INFO] 2025-03-27 13:49:48,058: Back Left Min: 2.05, Back Right Min: 0.55
[rosout][INFO] 2025-03-27 13:49:48,154: Back Left Min: 2.05, Back Right Min: 0.80
[rosout][INFO] 2025-03-27 13:49:48,258: Back Left Min: 2.05, Back Right Min: 0.80
[rosout][INFO] 2025-03-27 13:49:48,355: Back Left Min: 2.05, Back Right Min: 0.80
[rosout][INFO] 2025-03-27 13:49:48,458: Back Left Min: 2.05, Back Right Min: 0.77
[rosout][INFO] 2025-03-27 13:49:48,555: Back Left Min: 2.05, Back Right Min: 0.77
[rosout][INFO] 2025-03-27 13:49:48,658: Back Left Min: 2.05, Back Right Min: 0.77
[rosout][INFO] 2025-03-27 13:49:48,755: Back Left Min: 2.05, Back Right Min: 0.80
[rosout][INFO] 2025-03-27 13:49:48,858: Back Left Min: 2.05, Back Right Min: 0.80
[rosout][INFO] 2025-03-27 13:49:48,955: Back Left Min: 2.05, Back Right Min: 0.80
[rosout][INFO] 2025-03-27 13:49:49,058: Back Left Min: 2.05, Back Right Min: 0.80
[rosout][INFO] 2025-03-27 13:49:49,155: Back Left Min: 2.05, Back Right Min: 0.80
[rosout][INFO] 2025-03-27 13:49:49,258: Back Left Min: 2.05, Back Right Min: 0.80
[rosout][INFO] 2025-03-27 13:49:49,355: Back Left Min: 2.05, Back Right Min: 0.80
[rosout][INFO] 2025-03-27 13:49:49,458: Back Left Min: 2.05, Back Right Min: 0.80
[rosout][INFO] 2025-03-27 13:49:49,555: Back Left Min: 2.05, Back Right Min: 0.80
[rosout][INFO] 2025-03-27 13:49:49,658: Back Left Min: 2.05, Back Right Min: 0.80
[rosout][INFO] 2025-03-27 13:49:49,755: Back Left Min: 2.05, Back Right Min: 0.80
[rosout][INFO] 2025-03-27 13:49:49,858: Back Left Min: 2.05, Back Right Min: 0.80
[rosout][INFO] 2025-03-27 13:49:49,955: Back Left Min: 2.05, Back Right Min: 0.80
[rosout][INFO] 2025-03-27 13:49:50,058: Back Left Min: 2.05, Back Right Min: 0.80
[rosout][INFO] 2025-03-27 13:49:50,155: Back Left Min: 2.05, Back Right Min: 0.80
[rosout][INFO] 2025-03-27 13:49:50,258: Back Left Min: 2.05, Back Right Min: 0.80
[rosout][INFO] 2025-03-27 13:49:50,355: Back Left Min: 2.05, Back Right Min: 0.80
[rosout][INFO] 2025-03-27 13:49:50,459: Back Left Min: 2.05, Back Right Min: 0.78
[rosout][INFO] 2025-03-27 13:49:50,556: Back Left Min: 2.05, Back Right Min: 0.78
[rosout][INFO] 2025-03-27 13:49:50,659: Back Left Min: 2.05, Back Right Min: 0.80
[rosout][INFO] 2025-03-27 13:49:50,756: Back Left Min: 2.05, Back Right Min: 0.80
[rosout][INFO] 2025-03-27 13:49:50,859: Back Left Min: 2.05, Back Right Min: 0.80
[rosout][INFO] 2025-03-27 13:49:50,956: Back Left Min: 2.05, Back Right Min: 0.83
[rosout][INFO] 2025-03-27 13:49:51,059: Back Left Min: 2.05, Back Right Min: 0.83
[rosout][INFO] 2025-03-27 13:49:51,156: Back Left Min: 2.05, Back Right Min: 0.83
[rosout][INFO] 2025-03-27 13:49:51,259: Back Left Min: 2.05, Back Right Min: 0.61
[rosout][INFO] 2025-03-27 13:49:51,356: Back Left Min: 2.05, Back Right Min: 0.61
[rosout][INFO] 2025-03-27 13:49:51,459: Back Left Min: 2.05, Back Right Min: 0.61
[rosout][INFO] 2025-03-27 13:49:51,556: Back Left Min: 2.05, Back Right Min: 0.79
[rosout][INFO] 2025-03-27 13:49:51,659: Back Left Min: 2.05, Back Right Min: 0.79
[rosout][INFO] 2025-03-27 13:49:51,756: Back Left Min: 2.05, Back Right Min: 0.79
[rosout][INFO] 2025-03-27 13:49:51,859: Back Left Min: 2.05, Back Right Min: 0.80
[rosout][INFO] 2025-03-27 13:49:51,956: Back Left Min: 2.05, Back Right Min: 0.80
[rosout][INFO] 2025-03-27 13:49:52,059: Back Left Min: 2.05, Back Right Min: 0.80
[rosout][INFO] 2025-03-27 13:49:52,156: Back Left Min: 2.05, Back Right Min: 0.80
[rosout][INFO] 2025-03-27 13:49:52,259: Back Left Min: 2.05, Back Right Min: 0.80
[rosout][INFO] 2025-03-27 13:49:52,356: Back Left Min: 2.05, Back Right Min: 0.80
[rosout][INFO] 2025-03-27 13:49:52,460: Back Left Min: 2.05, Back Right Min: 0.80
[rosout][INFO] 2025-03-27 13:49:52,556: Back Left Min: 2.05, Back Right Min: 0.80
[rosout][INFO] 2025-03-27 13:49:52,660: Back Left Min: 2.05, Back Right Min: 0.80
[rosout][INFO] 2025-03-27 13:49:52,756: Back Left Min: 2.05, Back Right Min: 0.80
[rosout][INFO] 2025-03-27 13:49:52,860: Back Left Min: 2.05, Back Right Min: 0.80
[rosout][INFO] 2025-03-27 13:49:52,957: Back Left Min: 2.05, Back Right Min: 0.80
[rosout][INFO] 2025-03-27 13:49:53,060: Back Left Min: 2.05, Back Right Min: 0.80
[rosout][INFO] 2025-03-27 13:49:53,157: Back Left Min: 2.05, Back Right Min: 0.80
[rosout][INFO] 2025-03-27 13:49:53,260: Back Left Min: 2.05, Back Right Min: 0.80
[rosout][INFO] 2025-03-27 13:49:53,357: Back Left Min: 2.05, Back Right Min: 0.80
[rosout][INFO] 2025-03-27 13:49:53,460: Back Left Min: 2.05, Back Right Min: 0.80
[rosout][INFO] 2025-03-27 13:49:53,557: Back Left Min: 2.05, Back Right Min: 0.80
[rosout][INFO] 2025-03-27 13:49:53,660: Back Left Min: 2.05, Back Right Min: 0.80
[rosout][INFO] 2025-03-27 13:49:53,757: Back Left Min: 2.05, Back Right Min: 0.80
[rosout][INFO] 2025-03-27 13:49:53,860: Back Left Min: 2.05, Back Right Min: 0.80
[rosout][INFO] 2025-03-27 13:49:53,957: Back Left Min: 2.05, Back Right Min: 0.80
[rosout][INFO] 2025-03-27 13:49:54,060: Back Left Min: 2.05, Back Right Min: 0.80
[rosout][INFO] 2025-03-27 13:49:54,157: Back Left Min: 2.05, Back Right Min: 0.80
[rosout][INFO] 2025-03-27 13:49:54,260: Back Left Min: 2.05, Back Right Min: 0.80
[rosout][INFO] 2025-03-27 13:49:54,357: Back Left Min: 2.05, Back Right Min: 0.80
[rosout][INFO] 2025-03-27 13:49:54,460: Back Left Min: 2.05, Back Right Min: 0.80
[rosout][INFO] 2025-03-27 13:49:54,557: Back Left Min: 2.05, Back Right Min: 0.80
[rosout][INFO] 2025-03-27 13:49:54,660: Back Left Min: 2.05, Back Right Min: 0.80
[rosout][INFO] 2025-03-27 13:49:54,757: Back Left Min: 2.05, Back Right Min: 0.80
[rosout][INFO] 2025-03-27 13:49:54,861: Back Left Min: 2.74, Back Right Min: 0.80
[rosout][INFO] 2025-03-27 13:49:54,957: Back Left Min: 2.74, Back Right Min: 0.80
[rosout][INFO] 2025-03-27 13:49:55,061: Back Left Min: 2.74, Back Right Min: 0.80
[rosout][INFO] 2025-03-27 13:49:55,157: Back Left Min: 0.87, Back Right Min: 0.80
[rosout][INFO] 2025-03-27 13:49:55,261: Back Left Min: 0.87, Back Right Min: 0.80
[rosout][INFO] 2025-03-27 13:49:55,357: Back Left Min: 0.87, Back Right Min: 0.80
[rosout][INFO] 2025-03-27 13:49:55,461: Back Left Min: 0.89, Back Right Min: 0.80
[rosout][INFO] 2025-03-27 13:49:55,558: Back Left Min: 0.89, Back Right Min: 0.80
[rosout][INFO] 2025-03-27 13:49:55,661: Back Left Min: 0.89, Back Right Min: 0.80
[rosout][INFO] 2025-03-27 13:49:55,758: Back Left Min: 0.96, Back Right Min: 0.80
[rosout][INFO] 2025-03-27 13:49:55,861: Back Left Min: 0.96, Back Right Min: 0.80
[rosout][INFO] 2025-03-27 13:49:55,958: Back Left Min: 0.96, Back Right Min: 0.80
[rosout][INFO] 2025-03-27 13:49:56,061: Back Left Min: 0.99, Back Right Min: 0.80
[rosout][INFO] 2025-03-27 13:49:56,158: Back Left Min: 0.99, Back Right Min: 0.80
[rosout][INFO] 2025-03-27 13:49:56,261: Back Left Min: 1.01, Back Right Min: 0.80
[rosout][INFO] 2025-03-27 13:49:56,358: Back Left Min: 1.01, Back Right Min: 0.80
[rosout][INFO] 2025-03-27 13:49:56,461: Back Left Min: 1.01, Back Right Min: 0.80
[rosout][INFO] 2025-03-27 13:49:56,558: Back Left Min: 1.03, Back Right Min: 0.80
[rosout][INFO] 2025-03-27 13:49:56,661: Back Left Min: 1.03, Back Right Min: 0.80
[rosout][INFO] 2025-03-27 13:49:56,758: Back Left Min: 1.03, Back Right Min: 0.80
[rosout][INFO] 2025-03-27 13:49:56,861: Back Left Min: 1.05, Back Right Min: 0.80
[rosout][INFO] 2025-03-27 13:49:56,958: Back Left Min: 1.05, Back Right Min: 0.80
[rosout][INFO] 2025-03-27 13:49:57,061: Back Left Min: 1.05, Back Right Min: 0.80
[rosout][INFO] 2025-03-27 13:49:57,158: Back Left Min: 1.10, Back Right Min: 0.80
[rosout][INFO] 2025-03-27 13:49:57,261: Back Left Min: 1.10, Back Right Min: 0.80
[rosout][INFO] 2025-03-27 13:49:57,358: Back Left Min: 1.10, Back Right Min: 0.80
[rosout][INFO] 2025-03-27 13:49:57,462: Back Left Min: 0.66, Back Right Min: 0.80
[rosout][INFO] 2025-03-27 13:49:57,558: Back Left Min: 0.66, Back Right Min: 0.80
[rosout][INFO] 2025-03-27 13:49:57,662: Back Left Min: 0.66, Back Right Min: 0.80
[rosout][INFO] 2025-03-27 13:49:57,758: Back Left Min: 0.66, Back Right Min: 0.80
[rosout][INFO] 2025-03-27 13:49:57,862: Back Left Min: 0.66, Back Right Min: 0.80
[rosout][INFO] 2025-03-27 13:49:57,959: Back Left Min: 0.72, Back Right Min: 0.80
[rosout][INFO] 2025-03-27 13:49:58,062: Back Left Min: 0.72, Back Right Min: 0.80
[rosout][INFO] 2025-03-27 13:49:58,159: Back Left Min: 0.72, Back Right Min: 0.80
[rosout][INFO] 2025-03-27 13:49:58,262: Back Left Min: 1.14, Back Right Min: 0.80
[rosout][INFO] 2025-03-27 13:49:58,359: Back Left Min: 1.14, Back Right Min: 0.80
[rosout][INFO] 2025-03-27 13:49:58,461: Back Left Min: 1.14, Back Right Min: 0.80
[rosout][INFO] 2025-03-27 13:49:58,559: Back Left Min: 1.14, Back Right Min: 0.80
[rosout][INFO] 2025-03-27 13:49:58,662: Back Left Min: 1.14, Back Right Min: 0.80
[rosout][INFO] 2025-03-27 13:49:58,759: Back Left Min: 1.14, Back Right Min: 0.80
[rosout][INFO] 2025-03-27 13:49:58,862: Back Left Min: 1.15, Back Right Min: 0.80
[rosout][INFO] 2025-03-27 13:49:58,959: Back Left Min: 1.15, Back Right Min: 0.80
[rosout][INFO] 2025-03-27 13:49:59,062: Back Left Min: 1.13, Back Right Min: 0.80
[rosout][INFO] 2025-03-27 13:49:59,159: Back Left Min: 1.13, Back Right Min: 0.80
[rosout][INFO] 2025-03-27 13:49:59,262: Back Left Min: 1.13, Back Right Min: 0.80
[rosout][INFO] 2025-03-27 13:49:59,359: Back Left Min: 1.12, Back Right Min: 0.80
[rosout][INFO] 2025-03-27 13:49:59,462: Back Left Min: 1.12, Back Right Min: 0.80
[rosout][INFO] 2025-03-27 13:49:59,559: Back Left Min: 1.12, Back Right Min: 0.80
[rosout][INFO] 2025-03-27 13:49:59,662: Back Left Min: 1.13, Back Right Min: 0.80
[rosout][INFO] 2025-03-27 13:49:59,759: Back Left Min: 1.13, Back Right Min: 0.80
[rosout][INFO] 2025-03-27 13:49:59,863: Back Left Min: 1.13, Back Right Min: 0.80
[rosout][INFO] 2025-03-27 13:49:59,959: Back Left Min: 1.16, Back Right Min: 0.80
[rosout][INFO] 2025-03-27 13:50:00,063: Back Left Min: 1.16, Back Right Min: 0.80
[rosout][INFO] 2025-03-27 13:50:00,160: Back Left Min: 1.16, Back Right Min: 0.80
[rosout][INFO] 2025-03-27 13:50:00,263: Back Left Min: 1.13, Back Right Min: 0.80
[rosout][INFO] 2025-03-27 13:50:00,360: Back Left Min: 1.13, Back Right Min: 0.80
[rosout][INFO] 2025-03-27 13:50:00,463: Back Left Min: 1.17, Back Right Min: 0.79
[rosout][INFO] 2025-03-27 13:50:00,560: Back Left Min: 1.17, Back Right Min: 0.79
[rosout][INFO] 2025-03-27 13:50:00,663: Back Left Min: 1.17, Back Right Min: 0.79
[rosout][INFO] 2025-03-27 13:50:00,760: Back Left Min: 1.18, Back Right Min: 0.79
[rosout][INFO] 2025-03-27 13:50:00,863: Back Left Min: 1.18, Back Right Min: 0.79
[rosout][INFO] 2025-03-27 13:50:00,960: Back Left Min: 1.18, Back Right Min: 0.79
[rosout][INFO] 2025-03-27 13:50:01,063: Back Left Min: 1.15, Back Right Min: 0.78
[rosout][INFO] 2025-03-27 13:50:01,160: Back Left Min: 1.15, Back Right Min: 0.78
[rosout][INFO] 2025-03-27 13:50:01,263: Back Left Min: 1.15, Back Right Min: 0.78
[rosout][INFO] 2025-03-27 13:50:01,360: Back Left Min: 1.16, Back Right Min: 0.78
[rosout][INFO] 2025-03-27 13:50:01,463: Back Left Min: 1.16, Back Right Min: 0.78
[rosout][INFO] 2025-03-27 13:50:01,560: Back Left Min: 1.16, Back Right Min: 0.78
[rosout][INFO] 2025-03-27 13:50:01,663: Back Left Min: 1.16, Back Right Min: 0.78
[rosout][INFO] 2025-03-27 13:50:01,760: Back Left Min: 1.16, Back Right Min: 0.78
[rosout][INFO] 2025-03-27 13:50:01,863: Back Left Min: 0.67, Back Right Min: 0.78
[rosout][INFO] 2025-03-27 13:50:01,960: Back Left Min: 0.67, Back Right Min: 0.78
[rosout][INFO] 2025-03-27 13:50:02,063: Back Left Min: 0.67, Back Right Min: 0.78
[rosout][INFO] 2025-03-27 13:50:02,160: Back Left Min: 1.16, Back Right Min: 0.77
[rosout][INFO] 2025-03-27 13:50:02,263: Back Left Min: 1.16, Back Right Min: 0.77
[rosout][INFO] 2025-03-27 13:50:02,360: Back Left Min: 1.16, Back Right Min: 0.77
[rosout][INFO] 2025-03-27 13:50:02,463: Back Left Min: 1.15, Back Right Min: 0.78
[rosout][INFO] 2025-03-27 13:50:02,560: Back Left Min: 1.15, Back Right Min: 0.78
[rosout][INFO] 2025-03-27 13:50:02,664: Back Left Min: 1.15, Back Right Min: 0.78
[rosout][INFO] 2025-03-27 13:50:02,760: Back Left Min: 1.15, Back Right Min: 0.78
[rosout][INFO] 2025-03-27 13:50:02,864: Back Left Min: 1.15, Back Right Min: 0.78
[rosout][INFO] 2025-03-27 13:50:02,961: Back Left Min: 1.15, Back Right Min: 0.78
[rosout][INFO] 2025-03-27 13:50:03,064: Back Left Min: 1.15, Back Right Min: 0.78
[rosout][INFO] 2025-03-27 13:50:03,161: Back Left Min: 1.15, Back Right Min: 0.78
[rosout][INFO] 2025-03-27 13:50:03,264: Back Left Min: 0.66, Back Right Min: 0.78
[rosout][INFO] 2025-03-27 13:50:03,361: Back Left Min: 0.66, Back Right Min: 0.78
[rosout][INFO] 2025-03-27 13:50:03,464: Back Left Min: 0.66, Back Right Min: 0.78
[rosout][INFO] 2025-03-27 13:50:03,561: Back Left Min: 1.16, Back Right Min: 0.77
[rosout][INFO] 2025-03-27 13:50:03,664: Back Left Min: 1.16, Back Right Min: 0.77
[rosout][INFO] 2025-03-27 13:50:03,761: Back Left Min: 1.16, Back Right Min: 0.77
[rosout][INFO] 2025-03-27 13:50:03,864: Back Left Min: 0.66, Back Right Min: 0.77
[rosout][INFO] 2025-03-27 13:50:03,961: Back Left Min: 0.66, Back Right Min: 0.77
[rosout][INFO] 2025-03-27 13:50:04,064: Back Left Min: 0.66, Back Right Min: 0.77
[rosout][INFO] 2025-03-27 13:50:04,161: Back Left Min: 1.17, Back Right Min: 0.77
[rosout][INFO] 2025-03-27 13:50:04,264: Back Left Min: 1.17, Back Right Min: 0.77
[rosout][INFO] 2025-03-27 13:50:04,361: Back Left Min: 1.17, Back Right Min: 0.77
[rosout][INFO] 2025-03-27 13:50:04,464: Back Left Min: 0.66, Back Right Min: 0.77
[rosout][INFO] 2025-03-27 13:50:04,561: Back Left Min: 0.66, Back Right Min: 0.77
[rosout][INFO] 2025-03-27 13:50:04,664: Back Left Min: 1.18, Back Right Min: 0.77
[rosout][INFO] 2025-03-27 13:50:04,761: Back Left Min: 1.18, Back Right Min: 0.77
[rosout][INFO] 2025-03-27 13:50:04,864: Back Left Min: 1.18, Back Right Min: 0.77
[rosout][INFO] 2025-03-27 13:50:04,961: Back Left Min: 0.67, Back Right Min: 0.77
[rosout][INFO] 2025-03-27 13:50:05,065: Back Left Min: 0.67, Back Right Min: 0.77
[rosout][INFO] 2025-03-27 13:50:05,161: Back Left Min: 0.67, Back Right Min: 0.77
[rosout][INFO] 2025-03-27 13:50:05,265: Back Left Min: 1.22, Back Right Min: 0.77
[rosout][INFO] 2025-03-27 13:50:05,362: Back Left Min: 1.22, Back Right Min: 0.77
[rosout][INFO] 2025-03-27 13:50:05,465: Back Left Min: 1.22, Back Right Min: 0.77
[rosout][INFO] 2025-03-27 13:50:05,562: Back Left Min: 0.69, Back Right Min: 0.77
[rosout][INFO] 2025-03-27 13:50:05,665: Back Left Min: 0.69, Back Right Min: 0.77
[rosout][INFO] 2025-03-27 13:50:05,762: Back Left Min: 0.69, Back Right Min: 0.77
[rosout][INFO] 2025-03-27 13:50:05,865: Back Left Min: 0.68, Back Right Min: 0.77
[rosout][INFO] 2025-03-27 13:50:05,962: Back Left Min: 0.68, Back Right Min: 0.77
[rosout][INFO] 2025-03-27 13:50:06,065: Back Left Min: 1.22, Back Right Min: 0.77
[rosout][INFO] 2025-03-27 13:50:06,162: Back Left Min: 1.22, Back Right Min: 0.77
[rosout][INFO] 2025-03-27 13:50:06,265: Back Left Min: 1.22, Back Right Min: 0.77
[rosout][INFO] 2025-03-27 13:50:06,362: Back Left Min: 0.67, Back Right Min: 0.77
[rosout][INFO] 2025-03-27 13:50:06,465: Back Left Min: 0.67, Back Right Min: 0.77
[rosout][INFO] 2025-03-27 13:50:06,562: Back Left Min: 0.67, Back Right Min: 0.77
[rosout][INFO] 2025-03-27 13:50:06,665: Back Left Min: 1.24, Back Right Min: 0.77
[rosout][INFO] 2025-03-27 13:50:06,762: Back Left Min: 1.24, Back Right Min: 0.77
[rosout][INFO] 2025-03-27 13:50:06,866: Back Left Min: 1.24, Back Right Min: 0.77
[rosout][INFO] 2025-03-27 13:50:06,962: Back Left Min: 0.67, Back Right Min: 0.77
[rosout][INFO] 2025-03-27 13:50:07,065: Back Left Min: 0.67, Back Right Min: 0.77
[rosout][INFO] 2025-03-27 13:50:07,162: Back Left Min: 0.67, Back Right Min: 0.77
[rosout][INFO] 2025-03-27 13:50:07,265: Back Left Min: 2.11, Back Right Min: 0.77
[rosout][INFO] 2025-03-27 13:50:07,362: Back Left Min: 2.11, Back Right Min: 0.77
[rosout][INFO] 2025-03-27 13:50:07,466: Back Left Min: 0.71, Back Right Min: 0.76
[rosout][INFO] 2025-03-27 13:50:07,562: Back Left Min: 0.71, Back Right Min: 0.76
[rosout][INFO] 2025-03-27 13:50:07,666: Back Left Min: 0.71, Back Right Min: 0.76
[rosout][INFO] 2025-03-27 13:50:07,763: Back Left Min: 2.13, Back Right Min: 0.76
[rosout][INFO] 2025-03-27 13:50:07,866: Back Left Min: 2.13, Back Right Min: 0.76
[rosout][INFO] 2025-03-27 13:50:07,963: Back Left Min: 2.13, Back Right Min: 0.76
[rosout][INFO] 2025-03-27 13:50:08,066: Back Left Min: 2.14, Back Right Min: 0.76
[rosout][INFO] 2025-03-27 13:50:08,163: Back Left Min: 2.14, Back Right Min: 0.76
[rosout][INFO] 2025-03-27 13:50:08,266: Back Left Min: 2.14, Back Right Min: 0.76
[rosout][INFO] 2025-03-27 13:50:08,363: Back Left Min: 2.15, Back Right Min: 0.76
[rosout][INFO] 2025-03-27 13:50:08,465: Back Left Min: 2.15, Back Right Min: 0.76
[rosout][INFO] 2025-03-27 13:50:08,563: Back Left Min: 2.15, Back Right Min: 0.76
[rosout][INFO] 2025-03-27 13:50:08,666: Back Left Min: 1.27, Back Right Min: 0.75
[rosout][INFO] 2025-03-27 13:50:08,763: Back Left Min: 1.27, Back Right Min: 0.75
[rosout][INFO] 2025-03-27 13:50:08,866: Back Left Min: 0.66, Back Right Min: 0.75
[rosout][INFO] 2025-03-27 13:50:08,963: Back Left Min: 0.66, Back Right Min: 0.75
[rosout][INFO] 2025-03-27 13:50:09,067: Back Left Min: 0.66, Back Right Min: 0.75
[rosout][INFO] 2025-03-27 13:50:09,163: Back Left Min: 0.66, Back Right Min: 0.75
[rosout][INFO] 2025-03-27 13:50:09,267: Back Left Min: 0.66, Back Right Min: 0.75
[rosout][INFO] 2025-03-27 13:50:09,363: Back Left Min: 0.66, Back Right Min: 0.75
[rosout][INFO] 2025-03-27 13:50:09,467: Back Left Min: 0.65, Back Right Min: 0.75
[rosout][INFO] 2025-03-27 13:50:09,563: Back Left Min: 0.65, Back Right Min: 0.75
[rosout][INFO] 2025-03-27 13:50:09,667: Back Left Min: 0.65, Back Right Min: 0.75
[rosout][INFO] 2025-03-27 13:50:09,763: Back Left Min: 0.65, Back Right Min: 0.75
[rosout][INFO] 2025-03-27 13:50:09,867: Back Left Min: 0.65, Back Right Min: 0.75
[rosout][INFO] 2025-03-27 13:50:09,963: Back Left Min: 0.65, Back Right Min: 0.75
[rosout][INFO] 2025-03-27 13:50:10,067: Back Left Min: 0.65, Back Right Min: 0.75
[rosout][INFO] 2025-03-27 13:50:10,164: Back Left Min: 0.65, Back Right Min: 0.75
[rosout][INFO] 2025-03-27 13:50:10,267: Back Left Min: 0.66, Back Right Min: 0.75
[rosout][INFO] 2025-03-27 13:50:10,364: Back Left Min: 0.66, Back Right Min: 0.75
[rosout][INFO] 2025-03-27 13:50:10,467: Back Left Min: 0.66, Back Right Min: 0.75
[rosout][INFO] 2025-03-27 13:50:10,564: Back Left Min: 0.66, Back Right Min: 0.75
[rosout][INFO] 2025-03-27 13:50:10,667: Back Left Min: 0.66, Back Right Min: 0.75
[rosout][INFO] 2025-03-27 13:50:10,764: Back Left Min: 0.66, Back Right Min: 0.75
[rosout][INFO] 2025-03-27 13:50:10,867: Back Left Min: 0.66, Back Right Min: 0.75
[rosout][INFO] 2025-03-27 13:50:10,964: Back Left Min: 0.66, Back Right Min: 0.75
[rosout][INFO] 2025-03-27 13:50:11,067: Back Left Min: 0.66, Back Right Min: 0.75
[rosout][INFO] 2025-03-27 13:50:11,164: Back Left Min: 2.16, Back Right Min: 0.75
[rosout][INFO] 2025-03-27 13:50:11,267: Back Left Min: 2.16, Back Right Min: 0.75
[rosout][INFO] 2025-03-27 13:50:11,364: Back Left Min: 2.16, Back Right Min: 0.75
[rosout][INFO] 2025-03-27 13:50:11,467: Back Left Min: 2.17, Back Right Min: 0.75
[rosout][INFO] 2025-03-27 13:50:11,564: Back Left Min: 2.17, Back Right Min: 0.75
[rosout][INFO] 2025-03-27 13:50:11,668: Back Left Min: 0.66, Back Right Min: 0.75
[rosout][INFO] 2025-03-27 13:50:11,764: Back Left Min: 0.66, Back Right Min: 0.75
[rosout][INFO] 2025-03-27 13:50:11,867: Back Left Min: 0.66, Back Right Min: 0.75
[rosout][INFO] 2025-03-27 13:50:11,964: Back Left Min: 2.20, Back Right Min: 0.75
[rosout][INFO] 2025-03-27 13:50:12,067: Back Left Min: 2.20, Back Right Min: 0.75
[rosout][INFO] 2025-03-27 13:50:12,164: Back Left Min: 2.20, Back Right Min: 0.75
[rosout][INFO] 2025-03-27 13:50:12,268: Back Left Min: 0.66, Back Right Min: 0.75
[rosout][INFO] 2025-03-27 13:50:12,365: Back Left Min: 0.66, Back Right Min: 0.75
[rosout][INFO] 2025-03-27 13:50:12,468: Back Left Min: 0.66, Back Right Min: 0.75
[rosout][INFO] 2025-03-27 13:50:12,565: Back Left Min: 2.23, Back Right Min: 0.76
[rosout][INFO] 2025-03-27 13:50:12,668: Back Left Min: 2.23, Back Right Min: 0.76
[rosout][INFO] 2025-03-27 13:50:12,765: Back Left Min: 2.23, Back Right Min: 0.76
[rosout][INFO] 2025-03-27 13:50:12,868: Back Left Min: 2.25, Back Right Min: 0.75
[rosout][INFO] 2025-03-27 13:50:12,965: Back Left Min: 2.25, Back Right Min: 0.75
[rosout][INFO] 2025-03-27 13:50:13,068: Back Left Min: 2.26, Back Right Min: 0.74
[rosout][INFO] 2025-03-27 13:50:13,165: Back Left Min: 2.26, Back Right Min: 0.74
[rosout][INFO] 2025-03-27 13:50:13,268: Back Left Min: 2.26, Back Right Min: 0.74
[rosout][INFO] 2025-03-27 13:50:13,365: Back Left Min: 0.68, Back Right Min: 0.75
[rosout][INFO] 2025-03-27 13:50:13,469: Back Left Min: 0.68, Back Right Min: 0.75
[rosout][INFO] 2025-03-27 13:50:13,565: Back Left Min: 0.68, Back Right Min: 0.75
[rosout][INFO] 2025-03-27 13:50:13,668: Back Left Min: 0.66, Back Right Min: 0.76
[rosout][INFO] 2025-03-27 13:50:13,765: Back Left Min: 0.66, Back Right Min: 0.76
[rosout][INFO] 2025-03-27 13:50:13,869: Back Left Min: 0.66, Back Right Min: 0.76
[rosout][INFO] 2025-03-27 13:50:13,965: Back Left Min: 0.66, Back Right Min: 0.76
[rosout][INFO] 2025-03-27 13:50:14,068: Back Left Min: 0.66, Back Right Min: 0.76
[rosout][INFO] 2025-03-27 13:50:14,165: Back Left Min: 0.66, Back Right Min: 0.76
[rosout][INFO] 2025-03-27 13:50:14,268: Back Left Min: 0.65, Back Right Min: 0.76
[rosout][INFO] 2025-03-27 13:50:14,365: Back Left Min: 0.65, Back Right Min: 0.76
[rosout][INFO] 2025-03-27 13:50:14,468: Back Left Min: 0.66, Back Right Min: 0.76
[rosout][INFO] 2025-03-27 13:50:14,565: Back Left Min: 0.66, Back Right Min: 0.76
[rosout][INFO] 2025-03-27 13:50:14,669: Back Left Min: 0.66, Back Right Min: 0.76
[rosout][INFO] 2025-03-27 13:50:14,765: Back Left Min: 0.66, Back Right Min: 0.77
[rosout][INFO] 2025-03-27 13:50:14,869: Back Left Min: 0.66, Back Right Min: 0.77
[rosout][INFO] 2025-03-27 13:50:14,966: Back Left Min: 0.66, Back Right Min: 0.77
[rosout][INFO] 2025-03-27 13:50:15,069: Back Left Min: 2.28, Back Right Min: 0.76
[rosout][INFO] 2025-03-27 13:50:15,166: Back Left Min: 2.28, Back Right Min: 0.76
[rosout][INFO] 2025-03-27 13:50:15,269: Back Left Min: 2.28, Back Right Min: 0.76
[rosout][INFO] 2025-03-27 13:50:15,366: Back Left Min: 2.27, Back Right Min: 0.75
[rosout][INFO] 2025-03-27 13:50:15,469: Back Left Min: 2.27, Back Right Min: 0.75
[rosout][INFO] 2025-03-27 13:50:15,566: Back Left Min: 2.27, Back Right Min: 0.75
[rosout][INFO] 2025-03-27 13:50:15,669: Back Left Min: 2.27, Back Right Min: 0.75
[rosout][INFO] 2025-03-27 13:50:15,766: Back Left Min: 2.27, Back Right Min: 0.75
[rosout][INFO] 2025-03-27 13:50:15,869: Back Left Min: 2.27, Back Right Min: 0.75
[rosout][INFO] 2025-03-27 13:50:15,966: Back Left Min: 2.27, Back Right Min: 0.75
[rosout][INFO] 2025-03-27 13:50:16,069: Back Left Min: 2.27, Back Right Min: 0.75
[rosout][INFO] 2025-03-27 13:50:16,166: Back Left Min: 2.27, Back Right Min: 0.75
[rosout][INFO] 2025-03-27 13:50:16,269: Back Left Min: 2.27, Back Right Min: 0.75
[rosout][INFO] 2025-03-27 13:50:16,366: Back Left Min: 2.27, Back Right Min: 0.75
[rosout][INFO] 2025-03-27 13:50:16,469: Back Left Min: 0.65, Back Right Min: 0.75
[rosout][INFO] 2025-03-27 13:50:16,566: Back Left Min: 0.65, Back Right Min: 0.75
[rosout][INFO] 2025-03-27 13:50:16,669: Back Left Min: 0.65, Back Right Min: 0.75
[rosout][INFO] 2025-03-27 13:50:16,767: Back Left Min: 0.67, Back Right Min: 0.75
[rosout][INFO] 2025-03-27 13:50:16,869: Back Left Min: 0.67, Back Right Min: 0.75
[rosout][INFO] 2025-03-27 13:50:16,967: Back Left Min: 0.67, Back Right Min: 0.75
[rosout][INFO] 2025-03-27 13:50:17,070: Back Left Min: 0.72, Back Right Min: 0.75
[rosout][INFO] 2025-03-27 13:50:17,167: Back Left Min: 0.72, Back Right Min: 0.75
[rosout][INFO] 2025-03-27 13:50:17,270: Back Left Min: 0.75, Back Right Min: 0.75
[rosout][INFO] 2025-03-27 13:50:17,367: Back Left Min: 0.75, Back Right Min: 0.75
[rosout][INFO] 2025-03-27 13:50:17,470: Back Left Min: 0.75, Back Right Min: 0.75
[rosout][INFO] 2025-03-27 13:50:17,567: Back Left Min: 2.27, Back Right Min: 0.75
[rosout][INFO] 2025-03-27 13:50:17,669: Back Left Min: 2.27, Back Right Min: 0.75
[rosout][INFO] 2025-03-27 13:50:17,767: Back Left Min: 2.27, Back Right Min: 0.75
[rosout][INFO] 2025-03-27 13:50:17,870: Back Left Min: 2.27, Back Right Min: 0.75
[rosout][INFO] 2025-03-27 13:50:17,967: Back Left Min: 2.27, Back Right Min: 0.75
[rosout][INFO] 2025-03-27 13:50:18,070: Back Left Min: 2.27, Back Right Min: 0.75
[rosout][INFO] 2025-03-27 13:50:18,167: Back Left Min: 2.27, Back Right Min: 0.75
[rosout][INFO] 2025-03-27 13:50:18,270: Back Left Min: 2.27, Back Right Min: 0.75
[rosout][INFO] 2025-03-27 13:50:18,367: Back Left Min: 2.27, Back Right Min: 0.75
[rosout][INFO] 2025-03-27 13:50:18,470: Back Left Min: 2.27, Back Right Min: 0.75
[rosout][INFO] 2025-03-27 13:50:18,566: Back Left Min: 2.27, Back Right Min: 0.75
[rosout][INFO] 2025-03-27 13:50:18,671: Back Left Min: 2.27, Back Right Min: 0.75
[rosout][INFO] 2025-03-27 13:50:18,767: Back Left Min: 2.27, Back Right Min: 0.75
[rosout][INFO] 2025-03-27 13:50:18,870: Back Left Min: 2.27, Back Right Min: 0.75
[rosout][INFO] 2025-03-27 13:50:18,967: Back Left Min: 2.27, Back Right Min: 0.75
[rosout][INFO] 2025-03-27 13:50:19,070: Back Left Min: 2.27, Back Right Min: 0.75
[rosout][INFO] 2025-03-27 13:50:19,167: Back Left Min: 2.27, Back Right Min: 0.75
[rosout][INFO] 2025-03-27 13:50:19,270: Back Left Min: 0.76, Back Right Min: 0.75
[rosout][INFO] 2025-03-27 13:50:19,367: Back Left Min: 0.76, Back Right Min: 0.75
[rosout][INFO] 2025-03-27 13:50:19,471: Back Left Min: 0.76, Back Right Min: 0.75
[rosout][INFO] 2025-03-27 13:50:19,567: Back Left Min: 0.75, Back Right Min: 0.75
[rosout][INFO] 2025-03-27 13:50:19,670: Back Left Min: 0.75, Back Right Min: 0.75
[rosout][INFO] 2025-03-27 13:50:19,767: Back Left Min: 0.75, Back Right Min: 0.75
[rosout][INFO] 2025-03-27 13:50:19,871: Back Left Min: 2.27, Back Right Min: 0.75
[rosout][INFO] 2025-03-27 13:50:19,967: Back Left Min: 2.27, Back Right Min: 0.75
[rosout][INFO] 2025-03-27 13:50:20,071: Back Left Min: 0.77, Back Right Min: 0.75
[rosout][INFO] 2025-03-27 13:50:20,168: Back Left Min: 0.77, Back Right Min: 0.75
[rosout][INFO] 2025-03-27 13:50:20,271: Back Left Min: 0.77, Back Right Min: 0.75
[rosout][INFO] 2025-03-27 13:50:20,368: Back Left Min: 0.83, Back Right Min: 0.75
[rosout][INFO] 2025-03-27 13:50:20,471: Back Left Min: 0.83, Back Right Min: 0.75
[rosout][INFO] 2025-03-27 13:50:20,568: Back Left Min: 0.83, Back Right Min: 0.75
[rosout][INFO] 2025-03-27 13:50:20,671: Back Left Min: 0.96, Back Right Min: 0.75
[rosout][INFO] 2025-03-27 13:50:20,768: Back Left Min: 0.96, Back Right Min: 0.75
[rosout][INFO] 2025-03-27 13:50:20,871: Back Left Min: 0.96, Back Right Min: 0.75
[rosout][INFO] 2025-03-27 13:50:20,968: Back Left Min: 0.77, Back Right Min: 0.75
[rosout][INFO] 2025-03-27 13:50:21,071: Back Left Min: 0.77, Back Right Min: 0.75
[rosout][INFO] 2025-03-27 13:50:21,168: Back Left Min: 0.77, Back Right Min: 0.75
[rosout][INFO] 2025-03-27 13:50:21,271: Back Left Min: 0.83, Back Right Min: 0.75
[rosout][INFO] 2025-03-27 13:50:21,368: Back Left Min: 0.83, Back Right Min: 0.75
[rosout][INFO] 2025-03-27 13:50:21,471: Back Left Min: 0.77, Back Right Min: 0.75
[rosout][INFO] 2025-03-27 13:50:21,568: Back Left Min: 0.77, Back Right Min: 0.75
[rosout][INFO] 2025-03-27 13:50:21,671: Back Left Min: 0.77, Back Right Min: 0.75
[rosout][INFO] 2025-03-27 13:50:21,768: Back Left Min: 0.89, Back Right Min: 0.75
[rosout][INFO] 2025-03-27 13:50:21,872: Back Left Min: 0.89, Back Right Min: 0.75
[rosout][INFO] 2025-03-27 13:50:21,968: Back Left Min: 0.89, Back Right Min: 0.75
[rosout][INFO] 2025-03-27 13:50:22,071: Back Left Min: 0.77, Back Right Min: 0.75
[rosout][INFO] 2025-03-27 13:50:22,168: Back Left Min: 0.77, Back Right Min: 0.75
[rosout][INFO] 2025-03-27 13:50:22,272: Back Left Min: 0.77, Back Right Min: 0.75
[rosout][INFO] 2025-03-27 13:50:22,368: Back Left Min: 0.77, Back Right Min: 0.75
[rosout][INFO] 2025-03-27 13:50:22,472: Back Left Min: 0.77, Back Right Min: 0.75
[rosout][INFO] 2025-03-27 13:50:22,569: Back Left Min: 0.77, Back Right Min: 0.75
[rosout][INFO] 2025-03-27 13:50:22,672: Back Left Min: 0.89, Back Right Min: 0.75
[rosout][INFO] 2025-03-27 13:50:22,769: Back Left Min: 0.89, Back Right Min: 0.75
[rosout][INFO] 2025-03-27 13:50:22,872: Back Left Min: 0.77, Back Right Min: 0.75
[rosout][INFO] 2025-03-27 13:50:22,969: Back Left Min: 0.77, Back Right Min: 0.75
[rosout][INFO] 2025-03-27 13:50:23,072: Back Left Min: 0.77, Back Right Min: 0.75
[rosout][INFO] 2025-03-27 13:50:23,169: Back Left Min: 0.77, Back Right Min: 0.75
[rosout][INFO] 2025-03-27 13:50:23,272: Back Left Min: 0.77, Back Right Min: 0.75
[rosout][INFO] 2025-03-27 13:50:23,369: Back Left Min: 0.77, Back Right Min: 0.75
[rosout][INFO] 2025-03-27 13:50:23,472: Back Left Min: 0.92, Back Right Min: 0.75
[rosout][INFO] 2025-03-27 13:50:23,569: Back Left Min: 0.92, Back Right Min: 0.75
[rosout][INFO] 2025-03-27 13:50:23,672: Back Left Min: 0.92, Back Right Min: 0.75
[rosout][INFO] 2025-03-27 13:50:23,769: Back Left Min: 0.77, Back Right Min: 0.75
[rosout][INFO] 2025-03-27 13:50:23,872: Back Left Min: 0.77, Back Right Min: 0.75
[rosout][INFO] 2025-03-27 13:50:23,969: Back Left Min: 0.77, Back Right Min: 0.75
[rosout][INFO] 2025-03-27 13:50:24,072: Back Left Min: 0.80, Back Right Min: 0.75
[rosout][INFO] 2025-03-27 13:50:24,169: Back Left Min: 0.80, Back Right Min: 0.75
[rosout][INFO] 2025-03-27 13:50:24,272: Back Left Min: 0.78, Back Right Min: 0.75
[rosout][INFO] 2025-03-27 13:50:24,369: Back Left Min: 0.78, Back Right Min: 0.75
[rosout][INFO] 2025-03-27 13:50:24,473: Back Left Min: 0.78, Back Right Min: 0.75
[rosout][INFO] 2025-03-27 13:50:24,569: Back Left Min: 0.77, Back Right Min: 0.75
[rosout][INFO] 2025-03-27 13:50:24,673: Back Left Min: 0.77, Back Right Min: 0.75
[rosout][INFO] 2025-03-27 13:50:24,770: Back Left Min: 0.77, Back Right Min: 0.75
[rosout][INFO] 2025-03-27 13:50:24,873: Back Left Min: 0.77, Back Right Min: 0.75
[rosout][INFO] 2025-03-27 13:50:24,970: Back Left Min: 0.77, Back Right Min: 0.75
[rosout][INFO] 2025-03-27 13:50:25,073: Back Left Min: 0.77, Back Right Min: 0.75
[rosout][INFO] 2025-03-27 13:50:25,170: Back Left Min: 0.77, Back Right Min: 0.75
[rosout][INFO] 2025-03-27 13:50:25,273: Back Left Min: 0.77, Back Right Min: 0.75
[rosout][INFO] 2025-03-27 13:50:25,370: Back Left Min: 0.77, Back Right Min: 0.75
[rosout][INFO] 2025-03-27 13:50:25,473: Back Left Min: 0.77, Back Right Min: 0.75
[rosout][INFO] 2025-03-27 13:50:25,570: Back Left Min: 0.77, Back Right Min: 0.75
[rosout][INFO] 2025-03-27 13:50:25,673: Back Left Min: 0.77, Back Right Min: 0.75
[rosout][INFO] 2025-03-27 13:50:25,770: Back Left Min: 0.77, Back Right Min: 0.75
[rosout][INFO] 2025-03-27 13:50:25,873: Back Left Min: 0.77, Back Right Min: 0.75
[rosout][INFO] 2025-03-27 13:50:25,970: Back Left Min: 0.77, Back Right Min: 0.75
[rosout][INFO] 2025-03-27 13:50:26,073: Back Left Min: 0.77, Back Right Min: 0.75
[rosout][INFO] 2025-03-27 13:50:26,170: Back Left Min: 0.77, Back Right Min: 0.75
[rosout][INFO] 2025-03-27 13:50:26,273: Back Left Min: 0.80, Back Right Min: 0.75
[rosout][INFO] 2025-03-27 13:50:26,370: Back Left Min: 0.80, Back Right Min: 0.75
[rosout][INFO] 2025-03-27 13:50:26,473: Back Left Min: 0.80, Back Right Min: 0.75
[rosout][INFO] 2025-03-27 13:50:26,570: Back Left Min: 0.77, Back Right Min: 0.75
[rosout][INFO] 2025-03-27 13:50:26,673: Back Left Min: 0.77, Back Right Min: 0.75
[rosout][INFO] 2025-03-27 13:50:26,770: Back Left Min: 0.77, Back Right Min: 0.75
[rosout][INFO] 2025-03-27 13:50:26,874: Back Left Min: 0.77, Back Right Min: 0.75
[rosout][INFO] 2025-03-27 13:50:26,970: Back Left Min: 0.77, Back Right Min: 0.75
[rosout][INFO] 2025-03-27 13:50:27,074: Back Left Min: 0.80, Back Right Min: 0.75
[rosout][INFO] 2025-03-27 13:50:27,170: Back Left Min: 0.80, Back Right Min: 0.75
[rosout][INFO] 2025-03-27 13:50:27,274: Back Left Min: 0.80, Back Right Min: 0.75
[rosout][INFO] 2025-03-27 13:50:27,371: Back Left Min: 0.78, Back Right Min: 0.75
[rosout][INFO] 2025-03-27 13:50:27,473: Back Left Min: 0.78, Back Right Min: 0.75
[rosout][INFO] 2025-03-27 13:50:27,570: Back Left Min: 0.78, Back Right Min: 0.75
[rosout][INFO] 2025-03-27 13:50:27,674: Back Left Min: 0.80, Back Right Min: 0.75
[rosout][INFO] 2025-03-27 13:50:27,771: Back Left Min: 0.80, Back Right Min: 0.75
[rosout][INFO] 2025-03-27 13:50:27,874: Back Left Min: 0.80, Back Right Min: 0.75
[rosout][INFO] 2025-03-27 13:50:27,971: Back Left Min: 0.80, Back Right Min: 0.75
[rosout][INFO] 2025-03-27 13:50:28,074: Back Left Min: 0.80, Back Right Min: 0.75
[rosout][INFO] 2025-03-27 13:50:28,171: Back Left Min: 0.80, Back Right Min: 0.75
[rosout][INFO] 2025-03-27 13:50:28,274: Back Left Min: 0.77, Back Right Min: 0.75
[rosout][INFO] 2025-03-27 13:50:28,371: Back Left Min: 0.77, Back Right Min: 0.75
[rosout][INFO] 2025-03-27 13:50:28,474: Back Left Min: 0.77, Back Right Min: 0.75
[rosout][INFO] 2025-03-27 13:50:28,571: Back Left Min: 0.77, Back Right Min: 0.75
[rosout][INFO] 2025-03-27 13:50:28,674: Back Left Min: 0.77, Back Right Min: 0.75
[rosout][INFO] 2025-03-27 13:50:28,771: Back Left Min: 0.80, Back Right Min: 0.75
[rosout][INFO] 2025-03-27 13:50:28,875: Back Left Min: 0.80, Back Right Min: 0.75
[rosout][INFO] 2025-03-27 13:50:28,972: Back Left Min: 0.80, Back Right Min: 0.75
[rosout][INFO] 2025-03-27 13:50:29,075: Back Left Min: 0.80, Back Right Min: 0.75
[rosout][INFO] 2025-03-27 13:50:29,172: Back Left Min: 0.80, Back Right Min: 0.75
[rosout][INFO] 2025-03-27 13:50:29,275: Back Left Min: 0.80, Back Right Min: 0.75
[rosout][INFO] 2025-03-27 13:50:29,370: Back Left Min: 0.77, Back Right Min: 0.75
[rosout][INFO] 2025-03-27 13:50:29,474: Back Left Min: 0.77, Back Right Min: 0.75
[rosout][INFO] 2025-03-27 13:50:29,571: Back Left Min: 0.77, Back Right Min: 0.75
[rosout][INFO] 2025-03-27 13:50:29,675: Back Left Min: 0.80, Back Right Min: 0.75
[rosout][INFO] 2025-03-27 13:50:29,771: Back Left Min: 0.80, Back Right Min: 0.75
[rosout][INFO] 2025-03-27 13:50:29,875: Back Left Min: 0.77, Back Right Min: 0.75
[rosout][INFO] 2025-03-27 13:50:29,971: Back Left Min: 0.77, Back Right Min: 0.75
[rosout][INFO] 2025-03-27 13:50:30,076: Back Left Min: 0.77, Back Right Min: 0.75
[rosout][INFO] 2025-03-27 13:50:30,172: Back Left Min: 0.78, Back Right Min: 0.75
[rosout][INFO] 2025-03-27 13:50:30,275: Back Left Min: 0.78, Back Right Min: 0.75
[rosout][INFO] 2025-03-27 13:50:30,371: Back Left Min: 0.78, Back Right Min: 0.75
[rosout][INFO] 2025-03-27 13:50:30,474: Back Left Min: 0.80, Back Right Min: 0.75
[rosout][INFO] 2025-03-27 13:50:30,572: Back Left Min: 0.80, Back Right Min: 0.75
[rosout][INFO] 2025-03-27 13:50:30,674: Back Left Min: 0.80, Back Right Min: 0.75
[rosout][INFO] 2025-03-27 13:50:30,771: Back Left Min: 0.78, Back Right Min: 0.75
[rosout][INFO] 2025-03-27 13:50:30,874: Back Left Min: 0.78, Back Right Min: 0.75
[rosout][INFO] 2025-03-27 13:50:30,972: Back Left Min: 0.78, Back Right Min: 0.75
[rosout][INFO] 2025-03-27 13:50:31,075: Back Left Min: 0.77, Back Right Min: 0.75
[rosout][INFO] 2025-03-27 13:50:31,172: Back Left Min: 0.77, Back Right Min: 0.75
[rosout][INFO] 2025-03-27 13:50:31,275: Back Left Min: 0.77, Back Right Min: 0.75
[rosout][INFO] 2025-03-27 13:50:31,372: Back Left Min: 0.77, Back Right Min: 0.75
[rosout][INFO] 2025-03-27 13:50:31,475: Back Left Min: 0.77, Back Right Min: 0.75
[rosout][INFO] 2025-03-27 13:50:31,572: Back Left Min: 0.78, Back Right Min: 0.75
[rosout][INFO] 2025-03-27 13:50:31,676: Back Left Min: 0.78, Back Right Min: 0.75
[rosout][INFO] 2025-03-27 13:50:31,772: Back Left Min: 0.78, Back Right Min: 0.75
[rosout][INFO] 2025-03-27 13:50:31,876: Back Left Min: 0.78, Back Right Min: 0.75
[rosout][INFO] 2025-03-27 13:50:31,973: Back Left Min: 0.78, Back Right Min: 0.75
[rosout][INFO] 2025-03-27 13:50:32,076: Back Left Min: 0.78, Back Right Min: 0.75
[rosout][INFO] 2025-03-27 13:50:32,172: Back Left Min: 0.80, Back Right Min: 0.75
[rosout][INFO] 2025-03-27 13:50:32,276: Back Left Min: 0.80, Back Right Min: 0.75
[rosout][INFO] 2025-03-27 13:50:32,373: Back Left Min: 0.80, Back Right Min: 0.75
[rosout][INFO] 2025-03-27 13:50:32,475: Back Left Min: 0.80, Back Right Min: 0.75
[rosout][INFO] 2025-03-27 13:50:32,573: Back Left Min: 0.80, Back Right Min: 0.75
[rosout][INFO] 2025-03-27 13:50:32,675: Back Left Min: 0.77, Back Right Min: 0.75
[rosout][INFO] 2025-03-27 13:50:32,772: Back Left Min: 0.77, Back Right Min: 0.75
[rosout][INFO] 2025-03-27 13:50:32,876: Back Left Min: 0.77, Back Right Min: 0.75
[rosout][INFO] 2025-03-27 13:50:32,972: Back Left Min: 0.78, Back Right Min: 0.75
[rosout][INFO] 2025-03-27 13:50:33,075: Back Left Min: 0.78, Back Right Min: 0.75
[rosout][INFO] 2025-03-27 13:50:33,173: Back Left Min: 0.78, Back Right Min: 0.75
[rosout][INFO] 2025-03-27 13:50:33,276: Back Left Min: 0.80, Back Right Min: 0.75
[rosout][INFO] 2025-03-27 13:50:33,373: Back Left Min: 0.80, Back Right Min: 0.75
[rosout][INFO] 2025-03-27 13:50:33,476: Back Left Min: 0.80, Back Right Min: 0.75
[rosout][INFO] 2025-03-27 13:50:33,573: Back Left Min: 0.80, Back Right Min: 0.75
[rosout][INFO] 2025-03-27 13:50:33,676: Back Left Min: 0.80, Back Right Min: 0.75
[rosout][INFO] 2025-03-27 13:50:33,773: Back Left Min: 0.80, Back Right Min: 0.75
[rosout][INFO] 2025-03-27 13:50:33,876: Back Left Min: 0.78, Back Right Min: 0.75
[rosout][INFO] 2025-03-27 13:50:33,973: Back Left Min: 0.78, Back Right Min: 0.75
[rosout][INFO] 2025-03-27 13:50:34,077: Back Left Min: 0.78, Back Right Min: 0.75
[rosout][INFO] 2025-03-27 13:50:34,173: Back Left Min: 0.78, Back Right Min: 0.75
[rosout][INFO] 2025-03-27 13:50:34,277: Back Left Min: 0.78, Back Right Min: 0.75
[rosout][INFO] 2025-03-27 13:50:34,373: Back Left Min: 0.78, Back Right Min: 0.75
[rosout][INFO] 2025-03-27 13:50:34,477: Back Left Min: 0.78, Back Right Min: 0.75
[rosout][INFO] 2025-03-27 13:50:34,573: Back Left Min: 0.78, Back Right Min: 0.75
[rosout][INFO] 2025-03-27 13:50:34,677: Back Left Min: 0.80, Back Right Min: 0.75
[rosout][INFO] 2025-03-27 13:50:34,774: Back Left Min: 0.80, Back Right Min: 0.75
[rosout][INFO] 2025-03-27 13:50:34,877: Back Left Min: 0.80, Back Right Min: 0.75
[rosout][INFO] 2025-03-27 13:50:34,974: Back Left Min: 0.80, Back Right Min: 0.75
[rosout][INFO] 2025-03-27 13:50:35,077: Back Left Min: 0.80, Back Right Min: 0.75
[rosout][INFO] 2025-03-27 13:50:35,174: Back Left Min: 0.80, Back Right Min: 0.75
[rosout][INFO] 2025-03-27 13:50:35,277: Back Left Min: 0.78, Back Right Min: 0.75
[rosout][INFO] 2025-03-27 13:50:35,374: Back Left Min: 0.78, Back Right Min: 0.75
[rosout][INFO] 2025-03-27 13:50:35,477: Back Left Min: 0.80, Back Right Min: 0.75
[rosout][INFO] 2025-03-27 13:50:35,574: Back Left Min: 0.80, Back Right Min: 0.75
[rosout][INFO] 2025-03-27 13:50:35,677: Back Left Min: 0.80, Back Right Min: 0.75
[rosout][INFO] 2025-03-27 13:50:35,774: Back Left Min: 0.80, Back Right Min: 0.75
[rosout][INFO] 2025-03-27 13:50:35,877: Back Left Min: 0.80, Back Right Min: 0.75
[rosout][INFO] 2025-03-27 13:50:35,974: Back Left Min: 0.80, Back Right Min: 0.75
[rosout][INFO] 2025-03-27 13:50:36,078: Back Left Min: 0.80, Back Right Min: 0.75
[rosout][INFO] 2025-03-27 13:50:36,174: Back Left Min: 0.80, Back Right Min: 0.75
[rosout][INFO] 2025-03-27 13:50:36,277: Back Left Min: 0.80, Back Right Min: 0.75
[rosout][INFO] 2025-03-27 13:50:36,374: Back Left Min: 0.79, Back Right Min: 0.75
[rosout][INFO] 2025-03-27 13:50:36,476: Back Left Min: 0.79, Back Right Min: 0.75
[rosout][INFO] 2025-03-27 13:50:36,573: Back Left Min: 0.79, Back Right Min: 0.75
[rosout][INFO] 2025-03-27 13:50:36,677: Back Left Min: 0.80, Back Right Min: 0.75
[rosout][INFO] 2025-03-27 13:50:36,774: Back Left Min: 0.80, Back Right Min: 0.75
[rosout][INFO] 2025-03-27 13:50:36,878: Back Left Min: 0.78, Back Right Min: 0.75
[rosout][INFO] 2025-03-27 13:50:36,974: Back Left Min: 0.78, Back Right Min: 0.75
[rosout][INFO] 2025-03-27 13:50:37,078: Back Left Min: 0.78, Back Right Min: 0.75
[rosout][INFO] 2025-03-27 13:50:37,175: Back Left Min: 0.78, Back Right Min: 0.75
[rosout][INFO] 2025-03-27 13:50:37,277: Back Left Min: 0.78, Back Right Min: 0.75
[rosout][INFO] 2025-03-27 13:50:37,374: Back Left Min: 0.78, Back Right Min: 0.75
[rosout][INFO] 2025-03-27 13:50:37,478: Back Left Min: 0.78, Back Right Min: 0.75
[rosout][INFO] 2025-03-27 13:50:37,575: Back Left Min: 0.78, Back Right Min: 0.75
[rosout][INFO] 2025-03-27 13:50:37,678: Back Left Min: 0.78, Back Right Min: 0.75
[rosout][INFO] 2025-03-27 13:50:37,775: Back Left Min: 0.81, Back Right Min: 0.75
[rosout][INFO] 2025-03-27 13:50:37,878: Back Left Min: 0.81, Back Right Min: 0.75
[rosout][INFO] 2025-03-27 13:50:37,975: Back Left Min: 0.81, Back Right Min: 0.75
[rosout][INFO] 2025-03-27 13:50:38,078: Back Left Min: 0.80, Back Right Min: 0.75
[rosout][INFO] 2025-03-27 13:50:38,175: Back Left Min: 0.80, Back Right Min: 0.75
[rosout][INFO] 2025-03-27 13:50:38,278: Back Left Min: 0.80, Back Right Min: 0.75
[rosout][INFO] 2025-03-27 13:50:38,375: Back Left Min: 0.80, Back Right Min: 0.75
[rosout][INFO] 2025-03-27 13:50:38,478: Back Left Min: 0.80, Back Right Min: 0.75
[rosout][INFO] 2025-03-27 13:50:38,575: Back Left Min: 0.83, Back Right Min: 0.75
[rosout][INFO] 2025-03-27 13:50:38,679: Back Left Min: 0.83, Back Right Min: 0.75
[rosout][INFO] 2025-03-27 13:50:38,775: Back Left Min: 0.83, Back Right Min: 0.75
[rosout][INFO] 2025-03-27 13:50:38,878: Back Left Min: 0.78, Back Right Min: 0.75
[rosout][INFO] 2025-03-27 13:50:38,975: Back Left Min: 0.78, Back Right Min: 0.75
[rosout][INFO] 2025-03-27 13:50:39,079: Back Left Min: 0.78, Back Right Min: 0.75
[rosout][INFO] 2025-03-27 13:50:39,176: Back Left Min: 0.80, Back Right Min: 0.75
[rosout][INFO] 2025-03-27 13:50:39,279: Back Left Min: 0.80, Back Right Min: 0.75
[rosout][INFO] 2025-03-27 13:50:39,375: Back Left Min: 0.80, Back Right Min: 0.75
[rosout][INFO] 2025-03-27 13:50:39,479: Back Left Min: 0.78, Back Right Min: 0.75
[rosout][INFO] 2025-03-27 13:50:39,576: Back Left Min: 0.78, Back Right Min: 0.75
[rosout][INFO] 2025-03-27 13:50:39,679: Back Left Min: 0.83, Back Right Min: 0.75
[rosout][INFO] 2025-03-27 13:50:39,776: Back Left Min: 0.83, Back Right Min: 0.75
[rosout][INFO] 2025-03-27 13:50:39,879: Back Left Min: 0.83, Back Right Min: 0.75
[rosout][INFO] 2025-03-27 13:50:39,976: Back Left Min: 0.80, Back Right Min: 0.75
[rosout][INFO] 2025-03-27 13:50:40,079: Back Left Min: 0.80, Back Right Min: 0.75
[rosout][INFO] 2025-03-27 13:50:40,176: Back Left Min: 0.80, Back Right Min: 0.75
[rosout][INFO] 2025-03-27 13:50:40,279: Back Left Min: 0.78, Back Right Min: 0.75
[rosout][INFO] 2025-03-27 13:50:40,376: Back Left Min: 0.78, Back Right Min: 0.75
[rosout][INFO] 2025-03-27 13:50:40,479: Back Left Min: 0.78, Back Right Min: 0.75
[rosout][INFO] 2025-03-27 13:50:40,576: Back Left Min: 0.78, Back Right Min: 0.75
[rosout][INFO] 2025-03-27 13:50:40,679: Back Left Min: 0.78, Back Right Min: 0.75
[rosout][INFO] 2025-03-27 13:50:40,776: Back Left Min: 0.78, Back Right Min: 0.75
[rosout][INFO] 2025-03-27 13:50:40,879: Back Left Min: 0.81, Back Right Min: 0.75
[rosout][INFO] 2025-03-27 13:50:40,976: Back Left Min: 0.81, Back Right Min: 0.75
[rosout][INFO] 2025-03-27 13:50:41,079: Back Left Min: 0.80, Back Right Min: 0.75
[rosout][INFO] 2025-03-27 13:50:41,176: Back Left Min: 0.80, Back Right Min: 0.75
[rosout][INFO] 2025-03-27 13:50:41,280: Back Left Min: 0.80, Back Right Min: 0.75
[rosout][INFO] 2025-03-27 13:50:41,376: Back Left Min: 0.80, Back Right Min: 0.75
[rosout][INFO] 2025-03-27 13:50:41,480: Back Left Min: 0.80, Back Right Min: 0.75
[rosout][INFO] 2025-03-27 13:50:41,576: Back Left Min: 0.80, Back Right Min: 0.75
[rosout][INFO] 2025-03-27 13:50:41,680: Back Left Min: 0.80, Back Right Min: 0.75
[rosout][INFO] 2025-03-27 13:50:41,777: Back Left Min: 0.80, Back Right Min: 0.75
[rosout][INFO] 2025-03-27 13:50:41,880: Back Left Min: 0.80, Back Right Min: 0.75
[rosout][INFO] 2025-03-27 13:50:41,977: Back Left Min: 0.81, Back Right Min: 0.75
[rosout][INFO] 2025-03-27 13:50:42,080: Back Left Min: 0.81, Back Right Min: 0.75
[rosout][INFO] 2025-03-27 13:50:42,176: Back Left Min: 0.81, Back Right Min: 0.75
[rosout][INFO] 2025-03-27 13:50:42,280: Back Left Min: 0.81, Back Right Min: 0.75
[rosout][INFO] 2025-03-27 13:50:42,377: Back Left Min: 0.81, Back Right Min: 0.75
[rosout][INFO] 2025-03-27 13:50:42,480: Back Left Min: 0.80, Back Right Min: 0.75
[rosout][INFO] 2025-03-27 13:50:42,577: Back Left Min: 0.80, Back Right Min: 0.75
[rosout][INFO] 2025-03-27 13:50:42,680: Back Left Min: 0.80, Back Right Min: 0.75
[rosout][INFO] 2025-03-27 13:50:42,777: Back Left Min: 0.80, Back Right Min: 0.75
[rosout][INFO] 2025-03-27 13:50:42,880: Back Left Min: 0.80, Back Right Min: 0.75
[rosout][INFO] 2025-03-27 13:50:42,977: Back Left Min: 0.80, Back Right Min: 0.75
[rosout][INFO] 2025-03-27 13:50:43,080: Back Left Min: 0.80, Back Right Min: 0.75
[rosout][INFO] 2025-03-27 13:50:43,177: Back Left Min: 0.80, Back Right Min: 0.75
[rosout][INFO] 2025-03-27 13:50:43,280: Back Left Min: 0.80, Back Right Min: 0.75
[rosout][INFO] 2025-03-27 13:50:43,377: Back Left Min: 0.80, Back Right Min: 0.75
[rosout][INFO] 2025-03-27 13:50:43,480: Back Left Min: 0.80, Back Right Min: 0.75
[rosout][INFO] 2025-03-27 13:50:43,577: Back Left Min: 0.80, Back Right Min: 0.75
[rosout][INFO] 2025-03-27 13:50:43,680: Back Left Min: 0.80, Back Right Min: 0.75
[rosout][INFO] 2025-03-27 13:50:43,777: Back Left Min: 0.80, Back Right Min: 0.75
[rosout][INFO] 2025-03-27 13:50:43,880: Back Left Min: 0.80, Back Right Min: 0.75
[rosout][INFO] 2025-03-27 13:50:43,977: Back Left Min: 0.80, Back Right Min: 0.75
[rosout][INFO] 2025-03-27 13:50:44,080: Back Left Min: 0.80, Back Right Min: 0.75
[rosout][INFO] 2025-03-27 13:50:44,177: Back Left Min: 0.80, Back Right Min: 0.75
[rosout][INFO] 2025-03-27 13:50:44,281: Back Left Min: 0.80, Back Right Min: 0.75
[rosout][INFO] 2025-03-27 13:50:44,378: Back Left Min: 0.80, Back Right Min: 0.75
[rosout][INFO] 2025-03-27 13:50:44,481: Back Left Min: 0.81, Back Right Min: 0.75
[rosout][INFO] 2025-03-27 13:50:44,578: Back Left Min: 0.81, Back Right Min: 0.75
[rosout][INFO] 2025-03-27 13:50:44,681: Back Left Min: 0.81, Back Right Min: 0.75
[rosout][INFO] 2025-03-27 13:50:44,777: Back Left Min: 0.81, Back Right Min: 0.75
[rosout][INFO] 2025-03-27 13:50:44,880: Back Left Min: 0.81, Back Right Min: 0.75
[rosout][INFO] 2025-03-27 13:50:44,977: Back Left Min: 0.81, Back Right Min: 0.75
[rosout][INFO] 2025-03-27 13:50:45,081: Back Left Min: 0.81, Back Right Min: 0.75
[rosout][INFO] 2025-03-27 13:50:45,178: Back Left Min: 0.81, Back Right Min: 0.75
[rosout][INFO] 2025-03-27 13:50:45,281: Back Left Min: 0.77, Back Right Min: 0.75
[rosout][INFO] 2025-03-27 13:50:45,377: Back Left Min: 0.77, Back Right Min: 0.75
[rosout][INFO] 2025-03-27 13:50:45,481: Back Left Min: 0.77, Back Right Min: 0.75
[rosout][INFO] 2025-03-27 13:50:45,578: Back Left Min: 0.80, Back Right Min: 0.75
[rosout][INFO] 2025-03-27 13:50:45,681: Back Left Min: 0.80, Back Right Min: 0.75
[rosout][INFO] 2025-03-27 13:50:45,778: Back Left Min: 0.80, Back Right Min: 0.75
[rosout][INFO] 2025-03-27 13:50:45,880: Back Left Min: 0.80, Back Right Min: 0.75
[rosout][INFO] 2025-03-27 13:50:45,977: Back Left Min: 0.80, Back Right Min: 0.75
[rosout][INFO] 2025-03-27 13:50:46,082: Back Left Min: 0.80, Back Right Min: 0.75
[rosout][INFO] 2025-03-27 13:50:46,179: Back Left Min: 0.80, Back Right Min: 0.75
[rosout][INFO] 2025-03-27 13:50:46,282: Back Left Min: 0.80, Back Right Min: 0.75
[rosout][INFO] 2025-03-27 13:50:46,379: Back Left Min: 0.80, Back Right Min: 0.75
[rosout][INFO] 2025-03-27 13:50:46,482: Back Left Min: 0.80, Back Right Min: 0.75
[rosout][INFO] 2025-03-27 13:50:46,578: Back Left Min: 0.80, Back Right Min: 0.75
[rosout][INFO] 2025-03-27 13:50:46,682: Back Left Min: 0.80, Back Right Min: 0.75
[rosout][INFO] 2025-03-27 13:50:46,778: Back Left Min: 0.80, Back Right Min: 0.75
[rosout][INFO] 2025-03-27 13:50:46,882: Back Left Min: 0.80, Back Right Min: 0.75
[rosout][INFO] 2025-03-27 13:50:46,979: Back Left Min: 0.80, Back Right Min: 0.75
[rosout][INFO] 2025-03-27 13:50:47,082: Back Left Min: 0.80, Back Right Min: 0.75
[rosout][INFO] 2025-03-27 13:50:47,179: Back Left Min: 0.80, Back Right Min: 0.75
[rosout][INFO] 2025-03-27 13:50:47,282: Back Left Min: 0.80, Back Right Min: 0.75
[rosout][INFO] 2025-03-27 13:50:47,379: Back Left Min: 0.80, Back Right Min: 0.75
[rosout][INFO] 2025-03-27 13:50:47,482: Back Left Min: 0.80, Back Right Min: 0.75
[rosout][INFO] 2025-03-27 13:50:47,579: Back Left Min: 0.81, Back Right Min: 0.75
[rosout][INFO] 2025-03-27 13:50:47,681: Back Left Min: 0.81, Back Right Min: 0.75
[rosout][INFO] 2025-03-27 13:50:47,779: Back Left Min: 0.81, Back Right Min: 0.75
[rosout][INFO] 2025-03-27 13:50:47,882: Back Left Min: 0.80, Back Right Min: 0.75
[rosout][INFO] 2025-03-27 13:50:47,979: Back Left Min: 0.80, Back Right Min: 0.75
[rosout][INFO] 2025-03-27 13:50:48,082: Back Left Min: 0.80, Back Right Min: 0.75
[rosout][INFO] 2025-03-27 13:50:48,179: Back Left Min: 0.80, Back Right Min: 0.75
[rosout][INFO] 2025-03-27 13:50:48,282: Back Left Min: 0.80, Back Right Min: 0.75
[rosout][INFO] 2025-03-27 13:50:48,379: Back Left Min: 0.80, Back Right Min: 0.75
[rosout][INFO] 2025-03-27 13:50:48,482: Back Left Min: 0.80, Back Right Min: 0.75
[rosout][INFO] 2025-03-27 13:50:48,580: Back Left Min: 0.80, Back Right Min: 0.75
[rosout][INFO] 2025-03-27 13:50:48,683: Back Left Min: 0.81, Back Right Min: 0.75
[rosout][INFO] 2025-03-27 13:50:48,780: Back Left Min: 0.81, Back Right Min: 0.75
[rosout][INFO] 2025-03-27 13:50:48,883: Back Left Min: 0.81, Back Right Min: 0.75
[rosout][INFO] 2025-03-27 13:50:48,979: Back Left Min: 0.83, Back Right Min: 0.75
[rosout][INFO] 2025-03-27 13:50:49,083: Back Left Min: 0.83, Back Right Min: 0.75
[rosout][INFO] 2025-03-27 13:50:49,179: Back Left Min: 0.83, Back Right Min: 0.75
[rosout][INFO] 2025-03-27 13:50:49,282: Back Left Min: 0.80, Back Right Min: 0.75
[rosout][INFO] 2025-03-27 13:50:49,380: Back Left Min: 0.80, Back Right Min: 0.75
[rosout][INFO] 2025-03-27 13:50:49,483: Back Left Min: 0.80, Back Right Min: 0.75
[rosout][INFO] 2025-03-27 13:50:49,580: Back Left Min: 0.80, Back Right Min: 0.75
[rosout][INFO] 2025-03-27 13:50:49,683: Back Left Min: 0.80, Back Right Min: 0.75
[rosout][INFO] 2025-03-27 13:50:49,780: Back Left Min: 0.80, Back Right Min: 0.75
[rosout][INFO] 2025-03-27 13:50:49,883: Back Left Min: 0.80, Back Right Min: 0.75
[rosout][INFO] 2025-03-27 13:50:49,980: Back Left Min: 0.80, Back Right Min: 0.75
[rosout][INFO] 2025-03-27 13:50:50,083: Back Left Min: 0.83, Back Right Min: 0.75
[rosout][INFO] 2025-03-27 13:50:50,180: Back Left Min: 0.83, Back Right Min: 0.75
[rosout][INFO] 2025-03-27 13:50:50,283: Back Left Min: 0.83, Back Right Min: 0.75
[rosout][INFO] 2025-03-27 13:50:50,380: Back Left Min: 0.81, Back Right Min: 0.75
[rosout][INFO] 2025-03-27 13:50:50,483: Back Left Min: 0.81, Back Right Min: 0.75
[rosout][INFO] 2025-03-27 13:50:50,580: Back Left Min: 0.81, Back Right Min: 0.75
[rosout][INFO] 2025-03-27 13:50:50,684: Back Left Min: 0.80, Back Right Min: 0.75
[rosout][INFO] 2025-03-27 13:50:50,780: Back Left Min: 0.80, Back Right Min: 0.75
[rosout][INFO] 2025-03-27 13:50:50,883: Back Left Min: 0.80, Back Right Min: 0.75
[rosout][INFO] 2025-03-27 13:50:50,980: Back Left Min: 0.80, Back Right Min: 0.75
[rosout][INFO] 2025-03-27 13:50:51,084: Back Left Min: 0.80, Back Right Min: 0.75
[rosout][INFO] 2025-03-27 13:50:51,180: Back Left Min: 0.80, Back Right Min: 0.75
[rosout][INFO] 2025-03-27 13:50:51,284: Back Left Min: 0.80, Back Right Min: 0.75
[rosout][INFO] 2025-03-27 13:50:51,381: Back Left Min: 0.80, Back Right Min: 0.75
[rosout][INFO] 2025-03-27 13:50:51,484: Back Left Min: 0.81, Back Right Min: 0.75
[rosout][INFO] 2025-03-27 13:50:51,581: Back Left Min: 0.81, Back Right Min: 0.75
[rosout][INFO] 2025-03-27 13:50:51,684: Back Left Min: 0.81, Back Right Min: 0.75
[rosout][INFO] 2025-03-27 13:50:51,781: Back Left Min: 0.80, Back Right Min: 0.75
[rosout][INFO] 2025-03-27 13:50:51,884: Back Left Min: 0.80, Back Right Min: 0.75
[rosout][INFO] 2025-03-27 13:50:51,981: Back Left Min: 0.80, Back Right Min: 0.75
[rosout][INFO] 2025-03-27 13:50:52,084: Back Left Min: 0.81, Back Right Min: 0.75
[rosout][INFO] 2025-03-27 13:50:52,181: Back Left Min: 0.81, Back Right Min: 0.75
[rosout][INFO] 2025-03-27 13:50:52,284: Back Left Min: 0.80, Back Right Min: 0.75
[rosout][INFO] 2025-03-27 13:50:52,381: Back Left Min: 0.80, Back Right Min: 0.75
[rosout][INFO] 2025-03-27 13:50:52,484: Back Left Min: 0.80, Back Right Min: 0.75
[rosout][INFO] 2025-03-27 13:50:52,581: Back Left Min: 0.80, Back Right Min: 0.75
[rosout][INFO] 2025-03-27 13:50:52,684: Back Left Min: 0.80, Back Right Min: 0.75
[rosout][INFO] 2025-03-27 13:50:52,781: Back Left Min: 0.80, Back Right Min: 0.75
[rosout][INFO] 2025-03-27 13:50:52,884: Back Left Min: 0.79, Back Right Min: 0.75
[rosout][INFO] 2025-03-27 13:50:52,981: Back Left Min: 0.79, Back Right Min: 0.75
[rosout][INFO] 2025-03-27 13:50:53,084: Back Left Min: 0.79, Back Right Min: 0.75
[rosout][INFO] 2025-03-27 13:50:53,181: Back Left Min: 0.76, Back Right Min: 0.75
[rosout][INFO] 2025-03-27 13:50:53,284: Back Left Min: 0.76, Back Right Min: 0.75
[rosout][INFO] 2025-03-27 13:50:53,381: Back Left Min: 0.76, Back Right Min: 0.75
[rosout][INFO] 2025-03-27 13:50:53,484: Back Left Min: 0.80, Back Right Min: 0.75
[rosout][INFO] 2025-03-27 13:50:53,581: Back Left Min: 0.80, Back Right Min: 0.75
[rosout][INFO] 2025-03-27 13:50:53,685: Back Left Min: 2.26, Back Right Min: 0.75
[rosout][INFO] 2025-03-27 13:50:53,782: Back Left Min: 2.26, Back Right Min: 0.75
[rosout][INFO] 2025-03-27 13:50:53,885: Back Left Min: 2.26, Back Right Min: 0.75
[rosout][INFO] 2025-03-27 13:50:53,982: Back Left Min: 0.67, Back Right Min: 0.75
[rosout][INFO] 2025-03-27 13:50:54,085: Back Left Min: 0.67, Back Right Min: 0.75
[rosout][INFO] 2025-03-27 13:50:54,182: Back Left Min: 0.67, Back Right Min: 0.75
[rosout][INFO] 2025-03-27 13:50:54,285: Back Left Min: 1.00, Back Right Min: 0.75
[rosout][INFO] 2025-03-27 13:50:54,382: Back Left Min: 1.00, Back Right Min: 0.75
[rosout][INFO] 2025-03-27 13:50:54,485: Back Left Min: 1.00, Back Right Min: 0.75
[rosout][INFO] 2025-03-27 13:50:54,582: Back Left Min: 2.26, Back Right Min: 0.75
[rosout][INFO] 2025-03-27 13:50:54,685: Back Left Min: 2.26, Back Right Min: 0.75
[rosout][INFO] 2025-03-27 13:50:54,782: Back Left Min: 2.26, Back Right Min: 0.75
[rosout][INFO] 2025-03-27 13:50:54,885: Back Left Min: 0.69, Back Right Min: 0.75
[rosout][INFO] 2025-03-27 13:50:54,982: Back Left Min: 0.69, Back Right Min: 0.75
[rosout][INFO] 2025-03-27 13:50:55,085: Back Left Min: 2.27, Back Right Min: 0.75
[rosout][INFO] 2025-03-27 13:50:55,182: Back Left Min: 2.27, Back Right Min: 0.75
[rosout][INFO] 2025-03-27 13:50:55,285: Back Left Min: 2.27, Back Right Min: 0.75
[rosout][INFO] 2025-03-27 13:50:55,382: Back Left Min: 2.27, Back Right Min: 0.75
[rosout][INFO] 2025-03-27 13:50:55,485: Back Left Min: 2.27, Back Right Min: 0.75
[rosout][INFO] 2025-03-27 13:50:55,582: Back Left Min: 2.27, Back Right Min: 0.75
[rosout][INFO] 2025-03-27 13:50:55,685: Back Left Min: 0.67, Back Right Min: 0.75
[rosout][INFO] 2025-03-27 13:50:55,782: Back Left Min: 0.67, Back Right Min: 0.75
[rosout][INFO] 2025-03-27 13:50:55,886: Back Left Min: 0.67, Back Right Min: 0.75
[rosout][INFO] 2025-03-27 13:50:55,982: Back Left Min: 2.27, Back Right Min: 0.75
[rosout][INFO] 2025-03-27 13:50:56,086: Back Left Min: 2.27, Back Right Min: 0.75
[rosout][INFO] 2025-03-27 13:50:56,182: Back Left Min: 2.27, Back Right Min: 0.75
[rosout][INFO] 2025-03-27 13:50:56,286: Back Left Min: 2.27, Back Right Min: 0.75
[rosout][INFO] 2025-03-27 13:50:56,383: Back Left Min: 2.27, Back Right Min: 0.75
[rosout][INFO] 2025-03-27 13:50:56,486: Back Left Min: 0.67, Back Right Min: 0.75
[rosout][INFO] 2025-03-27 13:50:56,583: Back Left Min: 0.67, Back Right Min: 0.75
[rosout][INFO] 2025-03-27 13:50:56,686: Back Left Min: 0.67, Back Right Min: 0.75
[rosout][INFO] 2025-03-27 13:50:56,783: Back Left Min: 2.27, Back Right Min: 0.75
[rosout][INFO] 2025-03-27 13:50:56,886: Back Left Min: 2.27, Back Right Min: 0.75
[rosout][INFO] 2025-03-27 13:50:56,983: Back Left Min: 2.27, Back Right Min: 0.75
[rosout][INFO] 2025-03-27 13:50:57,086: Back Left Min: 2.27, Back Right Min: 0.75
[rosout][INFO] 2025-03-27 13:50:57,183: Back Left Min: 2.27, Back Right Min: 0.75
[rosout][INFO] 2025-03-27 13:50:57,286: Back Left Min: 2.27, Back Right Min: 0.75
[rosout][INFO] 2025-03-27 13:50:57,383: Back Left Min: 0.69, Back Right Min: 0.75
[rosout][INFO] 2025-03-27 13:50:57,487: Back Left Min: 0.69, Back Right Min: 0.75
[rosout][INFO] 2025-03-27 13:50:57,583: Back Left Min: 0.69, Back Right Min: 0.75
[rosout][INFO] 2025-03-27 13:50:57,686: Back Left Min: 2.27, Back Right Min: 0.75
[rosout][INFO] 2025-03-27 13:50:57,783: Back Left Min: 2.27, Back Right Min: 0.75
[rosout][INFO] 2025-03-27 13:50:57,886: Back Left Min: 0.67, Back Right Min: 0.76
[rosout][INFO] 2025-03-27 13:50:57,983: Back Left Min: 0.67, Back Right Min: 0.76
[rosout][INFO] 2025-03-27 13:50:58,086: Back Left Min: 0.67, Back Right Min: 0.76
[rosout][INFO] 2025-03-27 13:50:58,183: Back Left Min: 0.67, Back Right Min: 0.79
[rosout][INFO] 2025-03-27 13:50:58,287: Back Left Min: 0.67, Back Right Min: 0.79
[rosout][INFO] 2025-03-27 13:50:58,383: Back Left Min: 0.67, Back Right Min: 0.79
[rosout][INFO] 2025-03-27 13:50:58,487: Back Left Min: 1.00, Back Right Min: 0.79
[rosout][INFO] 2025-03-27 13:50:58,584: Back Left Min: 1.00, Back Right Min: 0.79
[rosout][INFO] 2025-03-27 13:50:58,687: Back Left Min: 1.00, Back Right Min: 0.79
[rosout][INFO] 2025-03-27 13:50:58,784: Back Left Min: 0.67, Back Right Min: 0.79
[rosout][INFO] 2025-03-27 13:50:58,887: Back Left Min: 0.67, Back Right Min: 0.79
[rosout][INFO] 2025-03-27 13:50:58,984: Back Left Min: 0.67, Back Right Min: 0.79
[rosout][INFO] 2025-03-27 13:50:59,087: Back Left Min: 1.01, Back Right Min: 0.79
[rosout][INFO] 2025-03-27 13:50:59,184: Back Left Min: 1.01, Back Right Min: 0.79
[rosout][INFO] 2025-03-27 13:50:59,287: Back Left Min: 1.02, Back Right Min: 0.77
[rosout][INFO] 2025-03-27 13:50:59,384: Back Left Min: 1.02, Back Right Min: 0.77
[rosout][INFO] 2025-03-27 13:50:59,487: Back Left Min: 1.02, Back Right Min: 0.77
[rosout][INFO] 2025-03-27 13:50:59,584: Back Left Min: 2.52, Back Right Min: 0.76
[rosout][INFO] 2025-03-27 13:50:59,687: Back Left Min: 2.52, Back Right Min: 0.76
[rosout][INFO] 2025-03-27 13:50:59,784: Back Left Min: 2.52, Back Right Min: 0.76
[rosout][INFO] 2025-03-27 13:50:59,887: Back Left Min: 2.52, Back Right Min: 0.75
[rosout][INFO] 2025-03-27 13:50:59,984: Back Left Min: 2.52, Back Right Min: 0.75
[rosout][INFO] 2025-03-27 13:51:00,087: Back Left Min: 2.52, Back Right Min: 0.75
[rosout][INFO] 2025-03-27 13:51:00,184: Back Left Min: 2.55, Back Right Min: 0.75
[rosout][INFO] 2025-03-27 13:51:00,287: Back Left Min: 2.55, Back Right Min: 0.75
[rosout][INFO] 2025-03-27 13:51:00,384: Back Left Min: 2.55, Back Right Min: 0.75
[rosout][INFO] 2025-03-27 13:51:00,488: Back Left Min: 1.01, Back Right Min: 0.75
[rosout][INFO] 2025-03-27 13:51:00,584: Back Left Min: 1.01, Back Right Min: 0.75
[rosout][INFO] 2025-03-27 13:51:00,688: Back Left Min: 0.70, Back Right Min: 0.75
[rosout][INFO] 2025-03-27 13:51:00,784: Back Left Min: 0.70, Back Right Min: 0.75
[rosout][INFO] 2025-03-27 13:51:00,888: Back Left Min: 0.70, Back Right Min: 0.75
[rosout][INFO] 2025-03-27 13:51:00,984: Back Left Min: 0.65, Back Right Min: 0.75
[rosout][INFO] 2025-03-27 13:51:01,088: Back Left Min: 0.65, Back Right Min: 0.75
[rosout][INFO] 2025-03-27 13:51:01,185: Back Left Min: 0.65, Back Right Min: 0.75
[rosout][INFO] 2025-03-27 13:51:01,288: Back Left Min: 0.65, Back Right Min: 0.75
[rosout][INFO] 2025-03-27 13:51:01,385: Back Left Min: 0.65, Back Right Min: 0.75
[rosout][INFO] 2025-03-27 13:51:01,488: Back Left Min: 0.65, Back Right Min: 0.75
[rosout][INFO] 2025-03-27 13:51:01,585: Back Left Min: 0.65, Back Right Min: 0.76
[rosout][INFO] 2025-03-27 13:51:01,689: Back Left Min: 0.65, Back Right Min: 0.76
[rosout][INFO] 2025-03-27 13:51:01,785: Back Left Min: 0.65, Back Right Min: 0.76
[rosout][INFO] 2025-03-27 13:51:01,888: Back Left Min: 0.65, Back Right Min: 0.77
[rosout][INFO] 2025-03-27 13:51:01,985: Back Left Min: 0.65, Back Right Min: 0.77
[rosout][INFO] 2025-03-27 13:51:02,088: Back Left Min: 0.66, Back Right Min: 0.77
[rosout][INFO] 2025-03-27 13:51:02,185: Back Left Min: 0.66, Back Right Min: 0.77
[rosout][INFO] 2025-03-27 13:51:02,289: Back Left Min: 0.66, Back Right Min: 0.77
[rosout][INFO] 2025-03-27 13:51:02,385: Back Left Min: 0.66, Back Right Min: 0.77
[rosout][INFO] 2025-03-27 13:51:02,488: Back Left Min: 0.66, Back Right Min: 0.77
[rosout][INFO] 2025-03-27 13:51:02,585: Back Left Min: 0.66, Back Right Min: 0.77
[rosout][INFO] 2025-03-27 13:51:02,688: Back Left Min: 0.73, Back Right Min: 0.77
[rosout][INFO] 2025-03-27 13:51:02,785: Back Left Min: 0.73, Back Right Min: 0.77
[rosout][INFO] 2025-03-27 13:51:02,888: Back Left Min: 0.73, Back Right Min: 0.77
[rosout][INFO] 2025-03-27 13:51:02,985: Back Left Min: 0.93, Back Right Min: 0.77
[rosout][INFO] 2025-03-27 13:51:03,089: Back Left Min: 0.93, Back Right Min: 0.77
[rosout][INFO] 2025-03-27 13:51:03,185: Back Left Min: 0.93, Back Right Min: 0.77
[rosout][INFO] 2025-03-27 13:51:03,288: Back Left Min: 0.66, Back Right Min: 0.77
[rosout][INFO] 2025-03-27 13:51:03,385: Back Left Min: 0.66, Back Right Min: 0.77
[rosout][INFO] 2025-03-27 13:51:03,489: Back Left Min: 0.66, Back Right Min: 0.77
[rosout][INFO] 2025-03-27 13:51:03,585: Back Left Min: 0.66, Back Right Min: 0.77
[rosout][INFO] 2025-03-27 13:51:03,689: Back Left Min: 0.66, Back Right Min: 0.77
[rosout][INFO] 2025-03-27 13:51:03,786: Back Left Min: 0.66, Back Right Min: 0.77
[rosout][INFO] 2025-03-27 13:51:03,889: Back Left Min: 0.66, Back Right Min: 0.77
[rosout][INFO] 2025-03-27 13:51:03,986: Back Left Min: 0.66, Back Right Min: 0.77
[rosout][INFO] 2025-03-27 13:51:04,089: Back Left Min: 0.65, Back Right Min: 0.77
[rosout][INFO] 2025-03-27 13:51:04,186: Back Left Min: 0.65, Back Right Min: 0.77
[rosout][INFO] 2025-03-27 13:51:04,289: Back Left Min: 0.65, Back Right Min: 0.77
[rosout][INFO] 2025-03-27 13:51:04,386: Back Left Min: 0.65, Back Right Min: 0.77
[rosout][INFO] 2025-03-27 13:51:04,489: Back Left Min: 0.65, Back Right Min: 0.77
[rosout][INFO] 2025-03-27 13:51:04,586: Back Left Min: 0.65, Back Right Min: 0.77
[rosout][INFO] 2025-03-27 13:51:04,689: Back Left Min: 0.65, Back Right Min: 0.77
[rosout][INFO] 2025-03-27 13:51:04,786: Back Left Min: 0.65, Back Right Min: 0.77
[rosout][INFO] 2025-03-27 13:51:04,889: Back Left Min: 0.65, Back Right Min: 0.77
[rosout][INFO] 2025-03-27 13:51:04,986: Back Left Min: 0.65, Back Right Min: 0.77
[rosout][INFO] 2025-03-27 13:51:05,089: Back Left Min: 0.65, Back Right Min: 0.77
[rosout][INFO] 2025-03-27 13:51:05,186: Back Left Min: 0.65, Back Right Min: 0.77
[rosout][INFO] 2025-03-27 13:51:05,289: Back Left Min: 0.65, Back Right Min: 0.77
[rosout][INFO] 2025-03-27 13:51:05,386: Back Left Min: 0.65, Back Right Min: 0.77
[rosout][INFO] 2025-03-27 13:51:05,490: Back Left Min: 0.65, Back Right Min: 0.77
[rosout][INFO] 2025-03-27 13:51:05,586: Back Left Min: 0.65, Back Right Min: 0.77
[rosout][INFO] 2025-03-27 13:51:05,689: Back Left Min: 0.65, Back Right Min: 0.77
[rosout][INFO] 2025-03-27 13:51:05,786: Back Left Min: 0.65, Back Right Min: 0.77
[rosout][INFO] 2025-03-27 13:51:05,890: Back Left Min: 0.65, Back Right Min: 0.77
[rosout][INFO] 2025-03-27 13:51:05,985: Back Left Min: 0.65, Back Right Min: 0.77
[rosout][INFO] 2025-03-27 13:51:06,090: Back Left Min: 0.66, Back Right Min: 0.77
[rosout][INFO] 2025-03-27 13:51:06,187: Back Left Min: 0.66, Back Right Min: 0.77
[rosout][INFO] 2025-03-27 13:51:06,290: Back Left Min: 0.65, Back Right Min: 0.77
[rosout][INFO] 2025-03-27 13:51:06,387: Back Left Min: 0.65, Back Right Min: 0.77
[rosout][INFO] 2025-03-27 13:51:06,490: Back Left Min: 0.65, Back Right Min: 0.77
[rosout][INFO] 2025-03-27 13:51:06,587: Back Left Min: 0.66, Back Right Min: 0.77
[rosout][INFO] 2025-03-27 13:51:06,690: Back Left Min: 0.66, Back Right Min: 0.77
[rosout][INFO] 2025-03-27 13:51:06,787: Back Left Min: 0.66, Back Right Min: 0.77
[rosout][INFO] 2025-03-27 13:51:06,890: Back Left Min: 0.66, Back Right Min: 0.77
[rosout][INFO] 2025-03-27 13:51:06,987: Back Left Min: 0.66, Back Right Min: 0.77
[rosout][INFO] 2025-03-27 13:51:07,090: Back Left Min: 0.66, Back Right Min: 0.77
[rosout][INFO] 2025-03-27 13:51:07,187: Back Left Min: 0.65, Back Right Min: 0.77
[rosout][INFO] 2025-03-27 13:51:07,290: Back Left Min: 0.65, Back Right Min: 0.77
[rosout][INFO] 2025-03-27 13:51:07,387: Back Left Min: 0.65, Back Right Min: 0.77
[rosout][INFO] 2025-03-27 13:51:07,490: Back Left Min: 0.66, Back Right Min: 0.77
[rosout][INFO] 2025-03-27 13:51:07,587: Back Left Min: 0.66, Back Right Min: 0.77
[rosout][INFO] 2025-03-27 13:51:07,690: Back Left Min: 0.65, Back Right Min: 0.77
[rosout][INFO] 2025-03-27 13:51:07,787: Back Left Min: 0.65, Back Right Min: 0.77
[rosout][INFO] 2025-03-27 13:51:07,890: Back Left Min: 0.65, Back Right Min: 0.77
[rosout][INFO] 2025-03-27 13:51:07,988: Back Left Min: 0.65, Back Right Min: 0.77
[rosout][INFO] 2025-03-27 13:51:08,091: Back Left Min: 0.65, Back Right Min: 0.77
[rosout][INFO] 2025-03-27 13:51:08,187: Back Left Min: 0.65, Back Right Min: 0.77
[rosout][INFO] 2025-03-27 13:51:08,291: Back Left Min: 0.65, Back Right Min: 0.77
[rosout][INFO] 2025-03-27 13:51:08,388: Back Left Min: 0.65, Back Right Min: 0.77
[rosout][INFO] 2025-03-27 13:51:08,491: Back Left Min: 0.65, Back Right Min: 0.77
[rosout][INFO] 2025-03-27 13:51:08,588: Back Left Min: 0.66, Back Right Min: 0.77
[rosout][INFO] 2025-03-27 13:51:08,691: Back Left Min: 0.66, Back Right Min: 0.77
[rosout][INFO] 2025-03-27 13:51:08,788: Back Left Min: 0.66, Back Right Min: 0.77
[rosout][INFO] 2025-03-27 13:51:08,891: Back Left Min: 0.66, Back Right Min: 0.77
[rosout][INFO] 2025-03-27 13:51:08,988: Back Left Min: 0.66, Back Right Min: 0.77
[rosout][INFO] 2025-03-27 13:51:09,091: Back Left Min: 1.00, Back Right Min: 0.77
[rosout][INFO] 2025-03-27 13:51:09,188: Back Left Min: 1.00, Back Right Min: 0.77
[rosout][INFO] 2025-03-27 13:51:09,291: Back Left Min: 1.00, Back Right Min: 0.77
[rosout][INFO] 2025-03-27 13:51:09,388: Back Left Min: 1.05, Back Right Min: 0.77
[rosout][INFO] 2025-03-27 13:51:09,491: Back Left Min: 1.05, Back Right Min: 0.77
[rosout][INFO] 2025-03-27 13:51:09,588: Back Left Min: 1.05, Back Right Min: 0.77
[rosout][INFO] 2025-03-27 13:51:09,691: Back Left Min: 1.06, Back Right Min: 0.77
[rosout][INFO] 2025-03-27 13:51:09,788: Back Left Min: 1.06, Back Right Min: 0.77
[rosout][INFO] 2025-03-27 13:51:09,891: Back Left Min: 1.06, Back Right Min: 0.77
[rosout][INFO] 2025-03-27 13:51:09,988: Back Left Min: 1.06, Back Right Min: 0.77
[rosout][INFO] 2025-03-27 13:51:10,092: Back Left Min: 1.06, Back Right Min: 0.77
[rosout][INFO] 2025-03-27 13:51:10,188: Back Left Min: 1.06, Back Right Min: 0.77
[rosout][INFO] 2025-03-27 13:51:10,292: Back Left Min: 1.06, Back Right Min: 1.00
[rosout][INFO] 2025-03-27 13:51:10,388: Back Left Min: 1.06, Back Right Min: 1.00
[rosout][INFO] 2025-03-27 13:51:10,492: Back Left Min: 0.67, Back Right Min: 1.45
[rosout][INFO] 2025-03-27 13:51:10,588: Back Left Min: 0.67, Back Right Min: 1.45
[rosout][INFO] 2025-03-27 13:51:10,692: Back Left Min: 0.67, Back Right Min: 1.45
[rosout][INFO] 2025-03-27 13:51:10,788: Back Left Min: 0.66, Back Right Min: 1.45
[rosout][INFO] 2025-03-27 13:51:10,892: Back Left Min: 0.66, Back Right Min: 1.45
[rosout][INFO] 2025-03-27 13:51:10,989: Back Left Min: 0.66, Back Right Min: 1.45
[rosout][INFO] 2025-03-27 13:51:11,092: Back Left Min: 1.07, Back Right Min: 1.43
[rosout][INFO] 2025-03-27 13:51:11,189: Back Left Min: 1.07, Back Right Min: 1.43
[rosout][INFO] 2025-03-27 13:51:11,292: Back Left Min: 1.07, Back Right Min: 1.43
[rosout][INFO] 2025-03-27 13:51:11,389: Back Left Min: 0.66, Back Right Min: 1.44
[rosout][INFO] 2025-03-27 13:51:11,492: Back Left Min: 0.66, Back Right Min: 1.44
[rosout][INFO] 2025-03-27 13:51:11,589: Back Left Min: 0.66, Back Right Min: 1.44
[rosout][INFO] 2025-03-27 13:51:11,692: Back Left Min: 1.08, Back Right Min: 1.44
[rosout][INFO] 2025-03-27 13:51:11,789: Back Left Min: 1.08, Back Right Min: 1.44
[rosout][INFO] 2025-03-27 13:51:11,892: Back Left Min: 0.66, Back Right Min: 1.44
[rosout][INFO] 2025-03-27 13:51:11,989: Back Left Min: 0.66, Back Right Min: 1.44
[rosout][INFO] 2025-03-27 13:51:12,092: Back Left Min: 0.66, Back Right Min: 1.44
[rosout][INFO] 2025-03-27 13:51:12,189: Back Left Min: 1.08, Back Right Min: 1.44
[rosout][INFO] 2025-03-27 13:51:12,292: Back Left Min: 1.08, Back Right Min: 1.44
[rosout][INFO] 2025-03-27 13:51:12,389: Back Left Min: 1.08, Back Right Min: 1.44
[rosout][INFO] 2025-03-27 13:51:12,492: Back Left Min: 0.66, Back Right Min: 1.45
[rosout][INFO] 2025-03-27 13:51:12,589: Back Left Min: 0.66, Back Right Min: 1.45
[rosout][INFO] 2025-03-27 13:51:12,693: Back Left Min: 0.66, Back Right Min: 1.45
[rosout][INFO] 2025-03-27 13:51:12,789: Back Left Min: 1.08, Back Right Min: 1.45
[rosout][INFO] 2025-03-27 13:51:12,893: Back Left Min: 1.08, Back Right Min: 1.45
[rosout][INFO] 2025-03-27 13:51:12,989: Back Left Min: 1.08, Back Right Min: 1.45
[rosout][INFO] 2025-03-27 13:51:13,093: Back Left Min: 0.66, Back Right Min: 1.44
[rosout][INFO] 2025-03-27 13:51:13,190: Back Left Min: 0.66, Back Right Min: 1.44
[rosout][INFO] 2025-03-27 13:51:13,293: Back Left Min: 0.67, Back Right Min: 1.45
[rosout][INFO] 2025-03-27 13:51:13,390: Back Left Min: 0.67, Back Right Min: 1.45
[rosout][INFO] 2025-03-27 13:51:13,493: Back Left Min: 0.67, Back Right Min: 1.45
[rosout][INFO] 2025-03-27 13:51:13,590: Back Left Min: 0.66, Back Right Min: 1.26
[rosout][INFO] 2025-03-27 13:51:13,693: Back Left Min: 0.66, Back Right Min: 1.26
[rosout][INFO] 2025-03-27 13:51:13,790: Back Left Min: 0.66, Back Right Min: 1.26
[rosout][INFO] 2025-03-27 13:51:13,893: Back Left Min: 0.66, Back Right Min: 1.28
[rosout][INFO] 2025-03-27 13:51:13,990: Back Left Min: 0.66, Back Right Min: 1.28
[rosout][INFO] 2025-03-27 13:51:14,093: Back Left Min: 0.66, Back Right Min: 1.28
[rosout][INFO] 2025-03-27 13:51:14,190: Back Left Min: 0.67, Back Right Min: 2.09
[rosout][INFO] 2025-03-27 13:51:14,293: Back Left Min: 0.67, Back Right Min: 2.09
[rosout][INFO] 2025-03-27 13:51:14,390: Back Left Min: 0.67, Back Right Min: 2.09
[rosout][INFO] 2025-03-27 13:51:14,493: Back Left Min: 0.66, Back Right Min: 2.18
[rosout][INFO] 2025-03-27 13:51:14,590: Back Left Min: 0.66, Back Right Min: 2.18
[rosout][INFO] 2025-03-27 13:51:14,693: Back Left Min: 0.66, Back Right Min: 2.09
[rosout][INFO] 2025-03-27 13:51:14,790: Back Left Min: 0.66, Back Right Min: 2.09
[rosout][INFO] 2025-03-27 13:51:14,893: Back Left Min: 0.66, Back Right Min: 2.09
[rosout][INFO] 2025-03-27 13:51:14,990: Back Left Min: 0.66, Back Right Min: 2.07
[rosout][INFO] 2025-03-27 13:51:15,094: Back Left Min: 0.66, Back Right Min: 2.07
[rosout][INFO] 2025-03-27 13:51:15,190: Back Left Min: 0.66, Back Right Min: 2.07
[rosout][INFO] 2025-03-27 13:51:15,293: Back Left Min: 0.66, Back Right Min: 2.08
[rosout][INFO] 2025-03-27 13:51:15,390: Back Left Min: 0.66, Back Right Min: 2.08
[rosout][INFO] 2025-03-27 13:51:15,494: Back Left Min: 0.66, Back Right Min: 2.08
[rosout][INFO] 2025-03-27 13:51:15,591: Back Left Min: 0.66, Back Right Min: 2.09
[rosout][INFO] 2025-03-27 13:51:15,694: Back Left Min: 0.66, Back Right Min: 2.09
[rosout][INFO] 2025-03-27 13:51:15,791: Back Left Min: 0.66, Back Right Min: 2.09
[rosout][INFO] 2025-03-27 13:51:15,894: Back Left Min: 0.66, Back Right Min: 2.09
[rosout][INFO] 2025-03-27 13:51:15,991: Back Left Min: 0.66, Back Right Min: 2.09
[rosout][INFO] 2025-03-27 13:51:16,094: Back Left Min: 0.66, Back Right Min: 2.17
[rosout][INFO] 2025-03-27 13:51:16,191: Back Left Min: 0.66, Back Right Min: 2.17
[rosout][INFO] 2025-03-27 13:51:16,294: Back Left Min: 0.66, Back Right Min: 2.17
[rosout][INFO] 2025-03-27 13:51:16,391: Back Left Min: 0.66, Back Right Min: 2.17
[rosout][INFO] 2025-03-27 13:51:16,494: Back Left Min: 0.66, Back Right Min: 2.17
[rosout][INFO] 2025-03-27 13:51:16,591: Back Left Min: 0.66, Back Right Min: 2.17
[rosout][INFO] 2025-03-27 13:51:16,694: Back Left Min: 0.67, Back Right Min: 1.74
[rosout][INFO] 2025-03-27 13:51:16,791: Back Left Min: 0.67, Back Right Min: 1.74
[rosout][INFO] 2025-03-27 13:51:16,894: Back Left Min: 0.67, Back Right Min: 1.74
[rosout][INFO] 2025-03-27 13:51:16,991: Back Left Min: 0.66, Back Right Min: 2.17
[rosout][INFO] 2025-03-27 13:51:17,094: Back Left Min: 0.66, Back Right Min: 2.17
[rosout][INFO] 2025-03-27 13:51:17,191: Back Left Min: 0.66, Back Right Min: 2.17
[rosout][INFO] 2025-03-27 13:51:17,294: Back Left Min: 1.18, Back Right Min: 1.74
[rosout][INFO] 2025-03-27 13:51:17,391: Back Left Min: 1.18, Back Right Min: 1.74
[rosout][INFO] 2025-03-27 13:51:17,495: Back Left Min: 0.66, Back Right Min: 2.17
[rosout][INFO] 2025-03-27 13:51:17,591: Back Left Min: 0.66, Back Right Min: 2.17
[rosout][INFO] 2025-03-27 13:51:17,695: Back Left Min: 0.66, Back Right Min: 2.17
[rosout][INFO] 2025-03-27 13:51:17,792: Back Left Min: 1.18, Back Right Min: 1.66
[rosout][INFO] 2025-03-27 13:51:17,895: Back Left Min: 1.18, Back Right Min: 1.66
[rosout][INFO] 2025-03-27 13:51:17,992: Back Left Min: 1.18, Back Right Min: 1.66
[rosout][INFO] 2025-03-27 13:51:18,095: Back Left Min: 0.67, Back Right Min: 1.62
[rosout][INFO] 2025-03-27 13:51:18,192: Back Left Min: 0.67, Back Right Min: 1.62
[rosout][INFO] 2025-03-27 13:51:18,295: Back Left Min: 0.67, Back Right Min: 1.62
[rosout][INFO] 2025-03-27 13:51:18,392: Back Left Min: 1.37, Back Right Min: 1.55
[rosout][INFO] 2025-03-27 13:51:18,495: Back Left Min: 1.37, Back Right Min: 1.55
[rosout][INFO] 2025-03-27 13:51:18,592: Back Left Min: 1.37, Back Right Min: 1.55
[rosout][INFO] 2025-03-27 13:51:18,695: Back Left Min: 1.37, Back Right Min: 1.55
[rosout][INFO] 2025-03-27 13:51:18,792: Back Left Min: 1.37, Back Right Min: 1.55
[rosout][INFO] 2025-03-27 13:51:18,895: Back Left Min: 1.38, Back Right Min: 1.55
[rosout][INFO] 2025-03-27 13:51:18,992: Back Left Min: 1.38, Back Right Min: 1.55
[rosout][INFO] 2025-03-27 13:51:19,095: Back Left Min: 1.38, Back Right Min: 1.55
[rosout][INFO] 2025-03-27 13:51:19,192: Back Left Min: 1.21, Back Right Min: 1.55
[rosout][INFO] 2025-03-27 13:51:19,295: Back Left Min: 1.21, Back Right Min: 1.55
[rosout][INFO] 2025-03-27 13:51:19,392: Back Left Min: 1.21, Back Right Min: 1.55
[rosout][INFO] 2025-03-27 13:51:19,495: Back Left Min: 1.37, Back Right Min: 1.55
[rosout][INFO] 2025-03-27 13:51:19,592: Back Left Min: 1.37, Back Right Min: 1.55
[rosout][INFO] 2025-03-27 13:51:19,695: Back Left Min: 1.37, Back Right Min: 1.55
[rosout][INFO] 2025-03-27 13:51:19,792: Back Left Min: 1.21, Back Right Min: 1.55
[rosout][INFO] 2025-03-27 13:51:19,896: Back Left Min: 1.21, Back Right Min: 1.55
[rosout][INFO] 2025-03-27 13:51:19,992: Back Left Min: 1.21, Back Right Min: 1.55
[rosout][INFO] 2025-03-27 13:51:20,096: Back Left Min: 1.38, Back Right Min: 1.56
[rosout][INFO] 2025-03-27 13:51:20,192: Back Left Min: 1.38, Back Right Min: 1.56
[rosout][INFO] 2025-03-27 13:51:20,296: Back Left Min: 1.37, Back Right Min: 1.55
[rosout][INFO] 2025-03-27 13:51:20,393: Back Left Min: 1.37, Back Right Min: 1.55
[rosout][INFO] 2025-03-27 13:51:20,496: Back Left Min: 1.37, Back Right Min: 1.55
[rosout][INFO] 2025-03-27 13:51:20,593: Back Left Min: 1.38, Back Right Min: 1.55
[rosout][INFO] 2025-03-27 13:51:20,696: Back Left Min: 1.38, Back Right Min: 1.55
[rosout][INFO] 2025-03-27 13:51:20,793: Back Left Min: 1.38, Back Right Min: 1.55
[rosout][INFO] 2025-03-27 13:51:20,896: Back Left Min: 1.38, Back Right Min: 1.55
[rosout][INFO] 2025-03-27 13:51:20,993: Back Left Min: 1.38, Back Right Min: 1.55
[rosout][INFO] 2025-03-27 13:51:21,096: Back Left Min: 1.38, Back Right Min: 1.55
[rosout][INFO] 2025-03-27 13:51:21,193: Back Left Min: 1.38, Back Right Min: 1.55
[rosout][INFO] 2025-03-27 13:51:21,296: Back Left Min: 1.38, Back Right Min: 1.55
[rosout][INFO] 2025-03-27 13:51:21,393: Back Left Min: 1.38, Back Right Min: 1.55
[rosout][INFO] 2025-03-27 13:51:21,496: Back Left Min: 1.38, Back Right Min: 1.55
[rosout][INFO] 2025-03-27 13:51:21,593: Back Left Min: 1.38, Back Right Min: 1.55
[rosout][INFO] 2025-03-27 13:51:21,696: Back Left Min: 1.38, Back Right Min: 1.55
[rosout][INFO] 2025-03-27 13:51:21,793: Back Left Min: 1.38, Back Right Min: 1.55
[rosout][INFO] 2025-03-27 13:51:21,896: Back Left Min: 1.38, Back Right Min: 1.55
[rosout][INFO] 2025-03-27 13:51:21,993: Back Left Min: 1.38, Back Right Min: 1.55
[rosout][INFO] 2025-03-27 13:51:22,096: Back Left Min: 1.38, Back Right Min: 1.55
[rosout][INFO] 2025-03-27 13:51:22,193: Back Left Min: 1.38, Back Right Min: 1.55
[rosout][INFO] 2025-03-27 13:51:22,296: Back Left Min: 1.40, Back Right Min: 1.56
[rosout][INFO] 2025-03-27 13:51:22,393: Back Left Min: 1.40, Back Right Min: 1.56
[rosout][INFO] 2025-03-27 13:51:22,496: Back Left Min: 1.40, Back Right Min: 1.56
[rosout][INFO] 2025-03-27 13:51:22,593: Back Left Min: 0.67, Back Right Min: 1.56
[rosout][INFO] 2025-03-27 13:51:22,697: Back Left Min: 0.67, Back Right Min: 1.56
[rosout][INFO] 2025-03-27 13:51:22,794: Back Left Min: 0.67, Back Right Min: 1.56
[rosout][INFO] 2025-03-27 13:51:22,897: Back Left Min: 0.66, Back Right Min: 1.56
[rosout][INFO] 2025-03-27 13:51:22,993: Back Left Min: 0.66, Back Right Min: 1.56
[rosout][INFO] 2025-03-27 13:51:23,097: Back Left Min: 0.65, Back Right Min: 1.56
[rosout][INFO] 2025-03-27 13:51:23,194: Back Left Min: 0.65, Back Right Min: 1.56
[rosout][INFO] 2025-03-27 13:51:23,297: Back Left Min: 0.65, Back Right Min: 1.56
[rosout][INFO] 2025-03-27 13:51:23,394: Back Left Min: 0.65, Back Right Min: 1.56
[rosout][INFO] 2025-03-27 13:51:23,497: Back Left Min: 0.65, Back Right Min: 1.56
[rosout][INFO] 2025-03-27 13:51:23,594: Back Left Min: 0.65, Back Right Min: 1.56
[rosout][INFO] 2025-03-27 13:51:23,697: Back Left Min: 0.65, Back Right Min: 1.55
[rosout][INFO] 2025-03-27 13:51:23,794: Back Left Min: 0.65, Back Right Min: 1.55
[rosout][INFO] 2025-03-27 13:51:23,897: Back Left Min: 0.65, Back Right Min: 1.55
[rosout][INFO] 2025-03-27 13:51:23,994: Back Left Min: 0.65, Back Right Min: 1.55
[rosout][INFO] 2025-03-27 13:51:24,097: Back Left Min: 0.65, Back Right Min: 1.55
[rosout][INFO] 2025-03-27 13:51:24,194: Back Left Min: 0.65, Back Right Min: 1.55
[rosout][INFO] 2025-03-27 13:51:24,297: Back Left Min: 0.65, Back Right Min: 1.55
[rosout][INFO] 2025-03-27 13:51:24,394: Back Left Min: 0.65, Back Right Min: 1.55
[rosout][INFO] 2025-03-27 13:51:24,497: Back Left Min: 0.66, Back Right Min: 1.54
[rosout][INFO] 2025-03-27 13:51:24,594: Back Left Min: 0.66, Back Right Min: 1.54
[rosout][INFO] 2025-03-27 13:51:24,698: Back Left Min: 0.66, Back Right Min: 1.54
[rosout][INFO] 2025-03-27 13:51:24,795: Back Left Min: 0.65, Back Right Min: 1.36
[rosout][INFO] 2025-03-27 13:51:24,898: Back Left Min: 0.65, Back Right Min: 1.36
[rosout][INFO] 2025-03-27 13:51:24,995: Back Left Min: 0.65, Back Right Min: 1.36
[rosout][INFO] 2025-03-27 13:51:25,098: Back Left Min: 0.65, Back Right Min: 1.69
[rosout][INFO] 2025-03-27 13:51:25,195: Back Left Min: 0.65, Back Right Min: 1.69
[rosout][INFO] 2025-03-27 13:51:25,298: Back Left Min: 0.65, Back Right Min: 1.69
[rosout][INFO] 2025-03-27 13:51:25,395: Back Left Min: 0.65, Back Right Min: 1.02
[rosout][INFO] 2025-03-27 13:51:25,498: Back Left Min: 0.65, Back Right Min: 1.02
[rosout][INFO] 2025-03-27 13:51:25,595: Back Left Min: 0.65, Back Right Min: 1.02
[rosout][INFO] 2025-03-27 13:51:25,698: Back Left Min: 0.66, Back Right Min: 1.44
[rosout][INFO] 2025-03-27 13:51:25,795: Back Left Min: 0.66, Back Right Min: 1.44
[rosout][INFO] 2025-03-27 13:51:25,898: Back Left Min: 0.66, Back Right Min: 0.99
[rosout][INFO] 2025-03-27 13:51:25,995: Back Left Min: 0.66, Back Right Min: 0.99
[rosout][INFO] 2025-03-27 13:51:26,098: Back Left Min: 0.66, Back Right Min: 0.99
[rosout][INFO] 2025-03-27 13:51:26,195: Back Left Min: 2.48, Back Right Min: 0.75
[rosout][INFO] 2025-03-27 13:51:26,298: Back Left Min: 2.48, Back Right Min: 0.75
[rosout][INFO] 2025-03-27 13:51:26,395: Back Left Min: 2.48, Back Right Min: 0.75
[rosout][INFO] 2025-03-27 13:51:26,498: Back Left Min: 2.44, Back Right Min: 0.75
[rosout][INFO] 2025-03-27 13:51:26,595: Back Left Min: 2.44, Back Right Min: 0.75
[rosout][INFO] 2025-03-27 13:51:26,698: Back Left Min: 2.44, Back Right Min: 0.75
[rosout][INFO] 2025-03-27 13:51:26,795: Back Left Min: 2.51, Back Right Min: 0.76
[rosout][INFO] 2025-03-27 13:51:26,898: Back Left Min: 2.51, Back Right Min: 0.76
[rosout][INFO] 2025-03-27 13:51:26,995: Back Left Min: 2.51, Back Right Min: 0.76
[rosout][INFO] 2025-03-27 13:51:27,099: Back Left Min: 2.60, Back Right Min: 0.77
[rosout][INFO] 2025-03-27 13:51:27,196: Back Left Min: 2.60, Back Right Min: 0.77
[rosout][INFO] 2025-03-27 13:51:27,298: Back Left Min: 2.37, Back Right Min: 0.80
[rosout][INFO] 2025-03-27 13:51:27,395: Back Left Min: 2.37, Back Right Min: 0.80
[rosout][INFO] 2025-03-27 13:51:27,499: Back Left Min: 2.37, Back Right Min: 0.80
[rosout][INFO] 2025-03-27 13:51:27,595: Back Left Min: 2.35, Back Right Min: 0.79
[rosout][INFO] 2025-03-27 13:51:27,699: Back Left Min: 2.35, Back Right Min: 0.79
[rosout][INFO] 2025-03-27 13:51:27,796: Back Left Min: 2.35, Back Right Min: 0.79
[rosout][INFO] 2025-03-27 13:51:27,899: Back Left Min: 2.35, Back Right Min: 0.80
[rosout][INFO] 2025-03-27 13:51:27,996: Back Left Min: 2.35, Back Right Min: 0.80
[rosout][INFO] 2025-03-27 13:51:28,099: Back Left Min: 2.35, Back Right Min: 0.80
[rosout][INFO] 2025-03-27 13:51:28,196: Back Left Min: 2.35, Back Right Min: 0.79
[rosout][INFO] 2025-03-27 13:51:28,299: Back Left Min: 2.35, Back Right Min: 0.79
[rosout][INFO] 2025-03-27 13:51:28,399: Back Left Min: 2.35, Back Right Min: 0.79
[rosout][INFO] 2025-03-27 13:51:28,499: Back Left Min: 2.35, Back Right Min: 0.79
[rosout][INFO] 2025-03-27 13:51:28,596: Back Left Min: 2.35, Back Right Min: 0.79
[rosout][INFO] 2025-03-27 13:51:28,699: Back Left Min: 2.35, Back Right Min: 0.81
[rosout][INFO] 2025-03-27 13:51:28,796: Back Left Min: 2.35, Back Right Min: 0.81
[rosout][INFO] 2025-03-27 13:51:28,899: Back Left Min: 2.35, Back Right Min: 0.81
[rosout][INFO] 2025-03-27 13:51:28,996: Back Left Min: 2.37, Back Right Min: 0.83
[rosout][INFO] 2025-03-27 13:51:29,099: Back Left Min: 2.37, Back Right Min: 0.83
[rosout][INFO] 2025-03-27 13:51:29,196: Back Left Min: 2.37, Back Right Min: 0.83
[rosout][INFO] 2025-03-27 13:51:29,300: Back Left Min: 3.02, Back Right Min: 0.84
[rosout][INFO] 2025-03-27 13:51:29,396: Back Left Min: 3.02, Back Right Min: 0.84
[rosout][INFO] 2025-03-27 13:51:29,499: Back Left Min: 3.02, Back Right Min: 0.84
[rosout][INFO] 2025-03-27 13:51:29,596: Back Left Min: 3.02, Back Right Min: 0.84
[rosout][INFO] 2025-03-27 13:51:29,700: Back Left Min: 3.02, Back Right Min: 0.84
[rosout][INFO] 2025-03-27 13:51:29,796: Back Left Min: 3.02, Back Right Min: 0.84
[rosout][INFO] 2025-03-27 13:51:29,900: Back Left Min: 3.02, Back Right Min: 0.84
[rosout][INFO] 2025-03-27 13:51:29,996: Back Left Min: 3.02, Back Right Min: 0.84
[rosout][INFO] 2025-03-27 13:51:30,100: Back Left Min: 3.02, Back Right Min: 0.84
[rosout][INFO] 2025-03-27 13:51:30,197: Back Left Min: 3.02, Back Right Min: 0.84
[rosout][INFO] 2025-03-27 13:51:30,300: Back Left Min: 3.02, Back Right Min: 0.84
[rosout][INFO] 2025-03-27 13:51:30,397: Back Left Min: 3.02, Back Right Min: 0.83
[rosout][INFO] 2025-03-27 13:51:30,500: Back Left Min: 3.02, Back Right Min: 0.83
[rosout][INFO] 2025-03-27 13:51:30,597: Back Left Min: 3.02, Back Right Min: 0.83
[rosout][INFO] 2025-03-27 13:51:30,700: Back Left Min: 3.01, Back Right Min: 0.84
[rosout][INFO] 2025-03-27 13:51:30,797: Back Left Min: 3.01, Back Right Min: 0.84
[rosout][INFO] 2025-03-27 13:51:30,900: Back Left Min: 3.01, Back Right Min: 0.84
[rosout][INFO] 2025-03-27 13:51:30,997: Back Left Min: 2.99, Back Right Min: 0.84
[rosout][INFO] 2025-03-27 13:51:31,100: Back Left Min: 2.99, Back Right Min: 0.84
[rosout][INFO] 2025-03-27 13:51:31,197: Back Left Min: 2.99, Back Right Min: 0.84
[rosout][INFO] 2025-03-27 13:51:31,300: Back Left Min: 2.98, Back Right Min: 0.84
[rosout][INFO] 2025-03-27 13:51:31,397: Back Left Min: 2.98, Back Right Min: 0.84
[rosout][INFO] 2025-03-27 13:51:31,500: Back Left Min: 2.96, Back Right Min: 0.84
[rosout][INFO] 2025-03-27 13:51:31,597: Back Left Min: 2.96, Back Right Min: 0.84
[rosout][INFO] 2025-03-27 13:51:31,700: Back Left Min: 2.96, Back Right Min: 0.84
[rosout][INFO] 2025-03-27 13:51:31,797: Back Left Min: 2.94, Back Right Min: 0.84
[rosout][INFO] 2025-03-27 13:51:31,900: Back Left Min: 2.94, Back Right Min: 0.84
[rosout][INFO] 2025-03-27 13:51:31,997: Back Left Min: 2.94, Back Right Min: 0.84
[rosout][INFO] 2025-03-27 13:51:32,100: Back Left Min: 2.93, Back Right Min: 0.85
[rosout][INFO] 2025-03-27 13:51:32,197: Back Left Min: 2.93, Back Right Min: 0.85
[rosout][INFO] 2025-03-27 13:51:32,300: Back Left Min: 2.93, Back Right Min: 0.85
[rosout][INFO] 2025-03-27 13:51:32,397: Back Left Min: 2.92, Back Right Min: 0.85
[rosout][INFO] 2025-03-27 13:51:32,501: Back Left Min: 2.92, Back Right Min: 0.85
[rosout][INFO] 2025-03-27 13:51:32,597: Back Left Min: 2.92, Back Right Min: 0.85
[rosout][INFO] 2025-03-27 13:51:32,701: Back Left Min: 2.92, Back Right Min: 0.85
[rosout][INFO] 2025-03-27 13:51:32,798: Back Left Min: 2.92, Back Right Min: 0.85
[rosout][INFO] 2025-03-27 13:51:32,901: Back Left Min: 2.92, Back Right Min: 0.84
[rosout][INFO] 2025-03-27 13:51:32,998: Back Left Min: 2.92, Back Right Min: 0.84
[rosout][INFO] 2025-03-27 13:51:33,101: Back Left Min: 2.92, Back Right Min: 0.84
[rosout][INFO] 2025-03-27 13:51:33,198: Back Left Min: 2.91, Back Right Min: 0.84
[rosout][INFO] 2025-03-27 13:51:33,301: Back Left Min: 2.91, Back Right Min: 0.84
[rosout][INFO] 2025-03-27 13:51:33,398: Back Left Min: 2.91, Back Right Min: 0.84
[rosout][INFO] 2025-03-27 13:51:33,501: Back Left Min: 2.26, Back Right Min: 0.83
[rosout][INFO] 2025-03-27 13:51:33,598: Back Left Min: 2.26, Back Right Min: 0.83
[rosout][INFO] 2025-03-27 13:51:33,701: Back Left Min: 2.26, Back Right Min: 0.83
[rosout][INFO] 2025-03-27 13:51:33,798: Back Left Min: 2.25, Back Right Min: 0.83
[rosout][INFO] 2025-03-27 13:51:33,901: Back Left Min: 2.25, Back Right Min: 0.83
[rosout][INFO] 2025-03-27 13:51:33,999: Back Left Min: 2.25, Back Right Min: 0.83
[rosout][INFO] 2025-03-27 13:51:34,101: Back Left Min: 2.24, Back Right Min: 0.82
[rosout][INFO] 2025-03-27 13:51:34,198: Back Left Min: 2.24, Back Right Min: 0.82
[rosout][INFO] 2025-03-27 13:51:34,301: Back Left Min: 2.24, Back Right Min: 0.82
[rosout][INFO] 2025-03-27 13:51:34,399: Back Left Min: 2.24, Back Right Min: 0.82
[rosout][INFO] 2025-03-27 13:51:34,502: Back Left Min: 2.24, Back Right Min: 0.82
[rosout][INFO] 2025-03-27 13:51:34,598: Back Left Min: 2.24, Back Right Min: 0.81
[rosout][INFO] 2025-03-27 13:51:34,701: Back Left Min: 2.24, Back Right Min: 0.81
[rosout][INFO] 2025-03-27 13:51:34,798: Back Left Min: 2.24, Back Right Min: 0.81
[rosout][INFO] 2025-03-27 13:51:34,902: Back Left Min: 2.24, Back Right Min: 0.81
[rosout][INFO] 2025-03-27 13:51:34,998: Back Left Min: 2.24, Back Right Min: 0.81
[rosout][INFO] 2025-03-27 13:51:35,102: Back Left Min: 2.24, Back Right Min: 0.81
[rosout][INFO] 2025-03-27 13:51:35,199: Back Left Min: 2.23, Back Right Min: 0.81
[rosout][INFO] 2025-03-27 13:51:35,302: Back Left Min: 2.23, Back Right Min: 0.81
[rosout][INFO] 2025-03-27 13:51:35,399: Back Left Min: 2.23, Back Right Min: 0.81
[rosout][INFO] 2025-03-27 13:51:35,502: Back Left Min: 2.23, Back Right Min: 0.81
[rosout][INFO] 2025-03-27 13:51:35,599: Back Left Min: 2.23, Back Right Min: 0.81
[rosout][INFO] 2025-03-27 13:51:35,702: Back Left Min: 2.23, Back Right Min: 0.81
[rosout][INFO] 2025-03-27 13:51:35,799: Back Left Min: 2.23, Back Right Min: 0.81
[rosout][INFO] 2025-03-27 13:51:35,902: Back Left Min: 2.23, Back Right Min: 0.81
[rosout][INFO] 2025-03-27 13:51:35,999: Back Left Min: 2.23, Back Right Min: 0.81
[rosout][INFO] 2025-03-27 13:51:36,102: Back Left Min: 2.23, Back Right Min: 0.81
[rosout][INFO] 2025-03-27 13:51:36,199: Back Left Min: 2.23, Back Right Min: 0.81
[rosout][INFO] 2025-03-27 13:51:36,302: Back Left Min: 2.23, Back Right Min: 0.81
[rosout][INFO] 2025-03-27 13:51:36,399: Back Left Min: 2.23, Back Right Min: 0.81
[rosout][INFO] 2025-03-27 13:51:36,502: Back Left Min: 2.23, Back Right Min: 0.81
[rosout][INFO] 2025-03-27 13:51:36,599: Back Left Min: 2.22, Back Right Min: 0.80
[rosout][INFO] 2025-03-27 13:51:36,702: Back Left Min: 2.22, Back Right Min: 0.80
[rosout][INFO] 2025-03-27 13:51:36,799: Back Left Min: 2.22, Back Right Min: 0.80
[rosout][INFO] 2025-03-27 13:51:36,902: Back Left Min: 2.20, Back Right Min: 0.81
[rosout][INFO] 2025-03-27 13:51:36,999: Back Left Min: 2.20, Back Right Min: 0.81
[rosout][INFO] 2025-03-27 13:51:37,103: Back Left Min: 2.18, Back Right Min: 0.80
[rosout][INFO] 2025-03-27 13:51:37,199: Back Left Min: 2.18, Back Right Min: 0.80
[rosout][INFO] 2025-03-27 13:51:37,303: Back Left Min: 2.18, Back Right Min: 0.80
[rosout][INFO] 2025-03-27 13:51:37,400: Back Left Min: 2.15, Back Right Min: 0.80
[rosout][INFO] 2025-03-27 13:51:37,503: Back Left Min: 2.15, Back Right Min: 0.80
[rosout][INFO] 2025-03-27 13:51:37,600: Back Left Min: 2.15, Back Right Min: 0.80
[rosout][INFO] 2025-03-27 13:51:37,703: Back Left Min: 2.12, Back Right Min: 0.80
[rosout][INFO] 2025-03-27 13:51:37,800: Back Left Min: 2.12, Back Right Min: 0.80
[rosout][INFO] 2025-03-27 13:51:37,903: Back Left Min: 2.12, Back Right Min: 0.80
[rosout][INFO] 2025-03-27 13:51:38,000: Back Left Min: 2.09, Back Right Min: 0.80
[rosout][INFO] 2025-03-27 13:51:38,103: Back Left Min: 2.09, Back Right Min: 0.80
[rosout][INFO] 2025-03-27 13:51:38,200: Back Left Min: 2.09, Back Right Min: 0.80
[rosout][INFO] 2025-03-27 13:51:38,303: Back Left Min: 2.06, Back Right Min: 0.81
[rosout][INFO] 2025-03-27 13:51:38,400: Back Left Min: 2.06, Back Right Min: 0.81
[rosout][INFO] 2025-03-27 13:51:38,503: Back Left Min: 2.04, Back Right Min: 0.81
[rosout][INFO] 2025-03-27 13:51:38,600: Back Left Min: 2.04, Back Right Min: 0.81
[rosout][INFO] 2025-03-27 13:51:38,703: Back Left Min: 2.04, Back Right Min: 0.81
[rosout][INFO] 2025-03-27 13:51:38,800: Back Left Min: 2.01, Back Right Min: 0.81
[rosout][INFO] 2025-03-27 13:51:38,903: Back Left Min: 2.01, Back Right Min: 0.81
[rosout][INFO] 2025-03-27 13:51:39,000: Back Left Min: 2.01, Back Right Min: 0.81
[rosout][INFO] 2025-03-27 13:51:39,103: Back Left Min: 1.98, Back Right Min: 0.83
[rosout][INFO] 2025-03-27 13:51:39,200: Back Left Min: 1.98, Back Right Min: 0.83
[rosout][INFO] 2025-03-27 13:51:39,304: Back Left Min: 1.98, Back Right Min: 0.83
[rosout][INFO] 2025-03-27 13:51:39,400: Back Left Min: 1.95, Back Right Min: 0.83
[rosout][INFO] 2025-03-27 13:51:39,504: Back Left Min: 1.95, Back Right Min: 0.83
[rosout][INFO] 2025-03-27 13:51:39,600: Back Left Min: 1.95, Back Right Min: 0.83
[rosout][INFO] 2025-03-27 13:51:39,704: Back Left Min: 1.92, Back Right Min: 0.83
[rosout][INFO] 2025-03-27 13:51:39,800: Back Left Min: 1.92, Back Right Min: 0.83
[rosout][INFO] 2025-03-27 13:51:39,904: Back Left Min: 1.90, Back Right Min: 0.82
[rosout][INFO] 2025-03-27 13:51:40,001: Back Left Min: 1.90, Back Right Min: 0.82
[rosout][INFO] 2025-03-27 13:51:40,104: Back Left Min: 1.90, Back Right Min: 0.82
[rosout][INFO] 2025-03-27 13:51:40,201: Back Left Min: 0.68, Back Right Min: 0.82
[rosout][INFO] 2025-03-27 13:51:40,304: Back Left Min: 0.68, Back Right Min: 0.82
[rosout][INFO] 2025-03-27 13:51:40,401: Back Left Min: 0.68, Back Right Min: 0.82
[rosout][INFO] 2025-03-27 13:51:40,504: Back Left Min: 0.66, Back Right Min: 0.82
[rosout][INFO] 2025-03-27 13:51:40,601: Back Left Min: 0.66, Back Right Min: 0.82
[rosout][INFO] 2025-03-27 13:51:40,704: Back Left Min: 0.66, Back Right Min: 0.82
[rosout][INFO] 2025-03-27 13:51:40,801: Back Left Min: 0.65, Back Right Min: 0.82
[rosout][INFO] 2025-03-27 13:51:40,904: Back Left Min: 0.65, Back Right Min: 0.82
[rosout][INFO] 2025-03-27 13:51:41,001: Back Left Min: 0.65, Back Right Min: 0.82
[rosout][INFO] 2025-03-27 13:51:41,104: Back Left Min: 0.65, Back Right Min: 0.82
[rosout][INFO] 2025-03-27 13:51:41,201: Back Left Min: 0.65, Back Right Min: 0.82
[rosout][INFO] 2025-03-27 13:51:41,304: Back Left Min: 0.65, Back Right Min: 0.82
[rosout][INFO] 2025-03-27 13:51:41,401: Back Left Min: 0.65, Back Right Min: 0.82
[rosout][INFO] 2025-03-27 13:51:41,504: Back Left Min: 0.65, Back Right Min: 0.82
[rosout][INFO] 2025-03-27 13:51:41,601: Back Left Min: 0.65, Back Right Min: 0.82
[rosout][INFO] 2025-03-27 13:51:41,704: Back Left Min: 0.65, Back Right Min: 0.82
[rosout][INFO] 2025-03-27 13:51:41,801: Back Left Min: 0.65, Back Right Min: 0.82
[rosout][INFO] 2025-03-27 13:51:41,904: Back Left Min: 0.66, Back Right Min: 0.82
[rosout][INFO] 2025-03-27 13:51:42,001: Back Left Min: 0.66, Back Right Min: 0.82
[rosout][INFO] 2025-03-27 13:51:42,105: Back Left Min: 0.66, Back Right Min: 0.82
[rosout][INFO] 2025-03-27 13:51:42,201: Back Left Min: 0.66, Back Right Min: 0.82
[rosout][INFO] 2025-03-27 13:51:42,305: Back Left Min: 0.66, Back Right Min: 0.82
[rosout][INFO] 2025-03-27 13:51:42,402: Back Left Min: 0.66, Back Right Min: 0.82
[rosout][INFO] 2025-03-27 13:51:42,505: Back Left Min: 0.65, Back Right Min: 0.82
[rosout][INFO] 2025-03-27 13:51:42,602: Back Left Min: 0.65, Back Right Min: 0.82
[rosout][INFO] 2025-03-27 13:51:42,705: Back Left Min: 0.65, Back Right Min: 0.82
[rosout][INFO] 2025-03-27 13:51:42,802: Back Left Min: 0.65, Back Right Min: 0.82
[rosout][INFO] 2025-03-27 13:51:42,905: Back Left Min: 0.65, Back Right Min: 0.82
[rosout][INFO] 2025-03-27 13:51:43,002: Back Left Min: 0.66, Back Right Min: 0.82
[rosout][INFO] 2025-03-27 13:51:43,105: Back Left Min: 0.66, Back Right Min: 0.82
[rosout][INFO] 2025-03-27 13:51:43,202: Back Left Min: 0.66, Back Right Min: 0.82
[rosout][INFO] 2025-03-27 13:51:43,305: Back Left Min: 0.66, Back Right Min: 0.82
[rosout][INFO] 2025-03-27 13:51:43,402: Back Left Min: 0.66, Back Right Min: 0.82
[rosout][INFO] 2025-03-27 13:51:43,505: Back Left Min: 0.66, Back Right Min: 0.82
[rosout][INFO] 2025-03-27 13:51:43,602: Back Left Min: 0.66, Back Right Min: 0.82
[rosout][INFO] 2025-03-27 13:51:43,705: Back Left Min: 0.66, Back Right Min: 0.82
[rosout][INFO] 2025-03-27 13:51:43,802: Back Left Min: 0.66, Back Right Min: 0.82
[rosout][INFO] 2025-03-27 13:51:43,905: Back Left Min: 0.66, Back Right Min: 0.82
[rosout][INFO] 2025-03-27 13:51:44,002: Back Left Min: 0.66, Back Right Min: 0.82
[rosout][INFO] 2025-03-27 13:51:44,105: Back Left Min: 0.66, Back Right Min: 0.82
[rosout][INFO] 2025-03-27 13:51:44,202: Back Left Min: 0.66, Back Right Min: 0.82
[rosout][INFO] 2025-03-27 13:51:44,305: Back Left Min: 0.66, Back Right Min: 0.82
[rosout][INFO] 2025-03-27 13:51:44,402: Back Left Min: 0.65, Back Right Min: 0.82
[rosout][INFO] 2025-03-27 13:51:44,506: Back Left Min: 0.65, Back Right Min: 0.82
[rosout][INFO] 2025-03-27 13:51:44,602: Back Left Min: 0.65, Back Right Min: 0.82
[rosout][INFO] 2025-03-27 13:51:44,706: Back Left Min: 0.65, Back Right Min: 0.82
[rosout][INFO] 2025-03-27 13:51:44,802: Back Left Min: 0.65, Back Right Min: 0.82
[rosout][INFO] 2025-03-27 13:51:44,906: Back Left Min: 0.65, Back Right Min: 0.82
[rosout][INFO] 2025-03-27 13:51:45,003: Back Left Min: 0.65, Back Right Min: 0.82
[rosout][INFO] 2025-03-27 13:51:45,106: Back Left Min: 0.65, Back Right Min: 0.82
[rosout][INFO] 2025-03-27 13:51:45,203: Back Left Min: 0.65, Back Right Min: 0.82
[rosout][INFO] 2025-03-27 13:51:45,306: Back Left Min: 0.65, Back Right Min: 0.82
[rosout][INFO] 2025-03-27 13:51:45,403: Back Left Min: 0.65, Back Right Min: 0.82
[rosout][INFO] 2025-03-27 13:51:45,506: Back Left Min: 0.65, Back Right Min: 0.82
[rosout][INFO] 2025-03-27 13:51:45,603: Back Left Min: 0.65, Back Right Min: 0.82
[rosout][INFO] 2025-03-27 13:51:45,706: Back Left Min: 0.65, Back Right Min: 0.82
[rosout][INFO] 2025-03-27 13:51:45,803: Back Left Min: 0.65, Back Right Min: 0.82
[rosout][INFO] 2025-03-27 13:51:45,906: Back Left Min: 0.65, Back Right Min: 0.82
[rosout][INFO] 2025-03-27 13:51:46,003: Back Left Min: 0.65, Back Right Min: 0.82
[rosout][INFO] 2025-03-27 13:51:46,106: Back Left Min: 1.66, Back Right Min: 0.82
[rosout][INFO] 2025-03-27 13:51:46,203: Back Left Min: 1.66, Back Right Min: 0.82
[rosout][INFO] 2025-03-27 13:51:46,306: Back Left Min: 1.66, Back Right Min: 0.82
[rosout][INFO] 2025-03-27 13:51:46,403: Back Left Min: 1.66, Back Right Min: 0.82
[rosout][INFO] 2025-03-27 13:51:46,506: Back Left Min: 1.66, Back Right Min: 0.82
[rosout][INFO] 2025-03-27 13:51:46,603: Back Left Min: 1.66, Back Right Min: 0.82
[rosout][INFO] 2025-03-27 13:51:46,706: Back Left Min: 1.66, Back Right Min: 0.82
[rosout][INFO] 2025-03-27 13:51:46,803: Back Left Min: 1.66, Back Right Min: 0.82
[rosout][INFO] 2025-03-27 13:51:46,906: Back Left Min: 1.66, Back Right Min: 0.82
[rosout][INFO] 2025-03-27 13:51:47,003: Back Left Min: 1.66, Back Right Min: 0.82
[rosout][INFO] 2025-03-27 13:51:47,107: Back Left Min: 1.66, Back Right Min: 0.82
[rosout][INFO] 2025-03-27 13:51:47,204: Back Left Min: 1.66, Back Right Min: 0.82
[rosout][INFO] 2025-03-27 13:51:47,307: Back Left Min: 1.66, Back Right Min: 0.82
[rosout][INFO] 2025-03-27 13:51:47,404: Back Left Min: 1.66, Back Right Min: 0.82
[rosout][INFO] 2025-03-27 13:51:47,507: Back Left Min: 1.66, Back Right Min: 0.82
[rosout][INFO] 2025-03-27 13:51:47,604: Back Left Min: 1.66, Back Right Min: 0.82
[rosout][INFO] 2025-03-27 13:51:47,707: Back Left Min: 1.66, Back Right Min: 0.82
[rosout][INFO] 2025-03-27 13:51:47,804: Back Left Min: 1.65, Back Right Min: 0.82
[rosout][INFO] 2025-03-27 13:51:47,907: Back Left Min: 1.65, Back Right Min: 0.82
[rosout][INFO] 2025-03-27 13:51:48,004: Back Left Min: 1.65, Back Right Min: 0.82
[rosout][INFO] 2025-03-27 13:51:48,107: Back Left Min: 1.66, Back Right Min: 0.82
[rosout][INFO] 2025-03-27 13:51:48,204: Back Left Min: 1.66, Back Right Min: 0.82
[rosout][INFO] 2025-03-27 13:51:48,307: Back Left Min: 1.66, Back Right Min: 0.82
[rosout][INFO] 2025-03-27 13:51:48,404: Back Left Min: 1.66, Back Right Min: 0.82
[rosout][INFO] 2025-03-27 13:51:48,507: Back Left Min: 1.66, Back Right Min: 0.82
[rosout][INFO] 2025-03-27 13:51:48,604: Back Left Min: 1.66, Back Right Min: 0.82
[rosout][INFO] 2025-03-27 13:51:48,707: Back Left Min: 1.66, Back Right Min: 0.82
[rosout][INFO] 2025-03-27 13:51:48,804: Back Left Min: 1.66, Back Right Min: 0.82
[rosout][INFO] 2025-03-27 13:51:48,907: Back Left Min: 1.66, Back Right Min: 0.82
[rosout][INFO] 2025-03-27 13:51:49,004: Back Left Min: 1.66, Back Right Min: 0.82
[rosout][INFO] 2025-03-27 13:51:49,107: Back Left Min: 1.66, Back Right Min: 0.82
[rosout][INFO] 2025-03-27 13:51:49,204: Back Left Min: 1.66, Back Right Min: 0.82
[rosout][INFO] 2025-03-27 13:51:49,308: Back Left Min: 1.66, Back Right Min: 0.82
[rosout][INFO] 2025-03-27 13:51:49,404: Back Left Min: 1.66, Back Right Min: 0.82
[rosout][INFO] 2025-03-27 13:51:49,508: Back Left Min: 1.66, Back Right Min: 0.82
[rosout][INFO] 2025-03-27 13:51:49,605: Back Left Min: 1.66, Back Right Min: 0.82
[rosout][INFO] 2025-03-27 13:51:49,708: Back Left Min: 1.66, Back Right Min: 0.82
[rosout][INFO] 2025-03-27 13:51:49,805: Back Left Min: 1.66, Back Right Min: 0.82
[rosout][INFO] 2025-03-27 13:51:49,908: Back Left Min: 1.66, Back Right Min: 0.82
[rosout][INFO] 2025-03-27 13:51:50,005: Back Left Min: 1.66, Back Right Min: 0.82
[rosout][INFO] 2025-03-27 13:51:50,108: Back Left Min: 1.66, Back Right Min: 0.82
[rosout][INFO] 2025-03-27 13:51:50,205: Back Left Min: 1.66, Back Right Min: 0.82
[rosout][INFO] 2025-03-27 13:51:50,308: Back Left Min: 1.66, Back Right Min: 0.82
[rosout][INFO] 2025-03-27 13:51:50,405: Back Left Min: 1.66, Back Right Min: 0.82
[rosout][INFO] 2025-03-27 13:51:50,508: Back Left Min: 1.66, Back Right Min: 0.82
[rosout][INFO] 2025-03-27 13:51:50,605: Back Left Min: 1.66, Back Right Min: 0.82
[rosout][INFO] 2025-03-27 13:51:50,708: Back Left Min: 1.66, Back Right Min: 0.82
[rosout][INFO] 2025-03-27 13:51:50,805: Back Left Min: 1.66, Back Right Min: 0.82
[rosout][INFO] 2025-03-27 13:51:50,908: Back Left Min: 1.66, Back Right Min: 0.82
[rosout][INFO] 2025-03-27 13:51:51,005: Back Left Min: 1.66, Back Right Min: 0.82
[rosout][INFO] 2025-03-27 13:51:51,108: Back Left Min: 1.66, Back Right Min: 0.82
[rosout][INFO] 2025-03-27 13:51:51,205: Back Left Min: 1.66, Back Right Min: 0.82
[rosout][INFO] 2025-03-27 13:51:51,308: Back Left Min: 1.66, Back Right Min: 0.82
[rosout][INFO] 2025-03-27 13:51:51,405: Back Left Min: 1.66, Back Right Min: 0.82
[rosout][INFO] 2025-03-27 13:51:51,508: Back Left Min: 1.66, Back Right Min: 0.82
[rosout][INFO] 2025-03-27 13:51:51,605: Back Left Min: 1.66, Back Right Min: 0.82
[rosout][INFO] 2025-03-27 13:51:51,709: Back Left Min: 1.66, Back Right Min: 0.82
[rosout][INFO] 2025-03-27 13:51:51,805: Back Left Min: 1.66, Back Right Min: 0.82
[rosout][INFO] 2025-03-27 13:51:51,909: Back Left Min: 1.66, Back Right Min: 0.82
[rosout][INFO] 2025-03-27 13:51:52,006: Back Left Min: 1.66, Back Right Min: 0.82
[rosout][INFO] 2025-03-27 13:51:52,109: Back Left Min: 1.66, Back Right Min: 0.82
[rosout][INFO] 2025-03-27 13:51:52,206: Back Left Min: 1.66, Back Right Min: 0.82
[rosout][INFO] 2025-03-27 13:51:52,309: Back Left Min: 1.66, Back Right Min: 0.82
[rosout][INFO] 2025-03-27 13:51:52,406: Back Left Min: 1.66, Back Right Min: 0.82
[rosout][INFO] 2025-03-27 13:51:52,509: Back Left Min: 1.66, Back Right Min: 0.82
[rosout][INFO] 2025-03-27 13:51:52,606: Back Left Min: 1.66, Back Right Min: 0.82
[rosout][INFO] 2025-03-27 13:51:52,709: Back Left Min: 1.66, Back Right Min: 0.82
[rosout][INFO] 2025-03-27 13:51:52,806: Back Left Min: 1.66, Back Right Min: 0.82
[rosout][INFO] 2025-03-27 13:51:52,909: Back Left Min: 1.66, Back Right Min: 0.82
[rosout][INFO] 2025-03-27 13:51:53,006: Back Left Min: 1.66, Back Right Min: 0.82
[rosout][INFO] 2025-03-27 13:51:53,109: Back Left Min: 1.66, Back Right Min: 0.82
[rosout][INFO] 2025-03-27 13:51:53,206: Back Left Min: 1.66, Back Right Min: 0.82
[rosout][INFO] 2025-03-27 13:51:53,309: Back Left Min: 1.66, Back Right Min: 0.82
[rosout][INFO] 2025-03-27 13:51:53,406: Back Left Min: 1.65, Back Right Min: 0.82
[rosout][INFO] 2025-03-27 13:51:53,509: Back Left Min: 1.65, Back Right Min: 0.82
[rosout][INFO] 2025-03-27 13:51:53,606: Back Left Min: 1.65, Back Right Min: 0.82
[rosout][INFO] 2025-03-27 13:51:53,709: Back Left Min: 1.66, Back Right Min: 0.82
[rosout][INFO] 2025-03-27 13:51:53,806: Back Left Min: 1.66, Back Right Min: 0.82
[rosout][INFO] 2025-03-27 13:51:53,910: Back Left Min: 0.66, Back Right Min: 0.82
[rosout][INFO] 2025-03-27 13:51:54,006: Back Left Min: 0.66, Back Right Min: 0.82
[rosout][INFO] 2025-03-27 13:51:54,110: Back Left Min: 0.66, Back Right Min: 0.82
[rosout][INFO] 2025-03-27 13:51:54,206: Back Left Min: 0.65, Back Right Min: 0.82
[rosout][INFO] 2025-03-27 13:51:54,310: Back Left Min: 0.65, Back Right Min: 0.82
[rosout][INFO] 2025-03-27 13:51:54,406: Back Left Min: 0.65, Back Right Min: 0.82
[rosout][INFO] 2025-03-27 13:51:54,510: Back Left Min: 0.65, Back Right Min: 0.82
[rosout][INFO] 2025-03-27 13:51:54,607: Back Left Min: 0.65, Back Right Min: 0.82
[rosout][INFO] 2025-03-27 13:51:54,710: Back Left Min: 0.65, Back Right Min: 0.82
[rosout][INFO] 2025-03-27 13:51:54,807: Back Left Min: 1.66, Back Right Min: 0.82
[rosout][INFO] 2025-03-27 13:51:54,910: Back Left Min: 1.66, Back Right Min: 0.82
[rosout][INFO] 2025-03-27 13:51:55,007: Back Left Min: 1.66, Back Right Min: 0.82
[rosout][INFO] 2025-03-27 13:51:55,110: Back Left Min: 0.73, Back Right Min: 0.82
[rosout][INFO] 2025-03-27 13:51:55,207: Back Left Min: 0.73, Back Right Min: 0.82
[rosout][INFO] 2025-03-27 13:51:55,310: Back Left Min: 1.66, Back Right Min: 0.82
[rosout][INFO] 2025-03-27 13:51:55,407: Back Left Min: 1.66, Back Right Min: 0.82
[rosout][INFO] 2025-03-27 13:51:55,510: Back Left Min: 1.66, Back Right Min: 0.82
[rosout][INFO] 2025-03-27 13:51:55,607: Back Left Min: 0.75, Back Right Min: 0.82
[rosout][INFO] 2025-03-27 13:51:55,710: Back Left Min: 0.75, Back Right Min: 0.82
[rosout][INFO] 2025-03-27 13:51:55,807: Back Left Min: 0.75, Back Right Min: 0.82
[rosout][INFO] 2025-03-27 13:51:55,910: Back Left Min: 0.72, Back Right Min: 0.82
[rosout][INFO] 2025-03-27 13:51:56,007: Back Left Min: 0.72, Back Right Min: 0.82
[rosout][INFO] 2025-03-27 13:51:56,110: Back Left Min: 0.72, Back Right Min: 0.82
[rosout][INFO] 2025-03-27 13:51:56,207: Back Left Min: 1.66, Back Right Min: 0.82
[rosout][INFO] 2025-03-27 13:51:56,311: Back Left Min: 1.66, Back Right Min: 0.82
[rosout][INFO] 2025-03-27 13:51:56,407: Back Left Min: 1.66, Back Right Min: 0.82
[rosout][INFO] 2025-03-27 13:51:56,511: Back Left Min: 0.75, Back Right Min: 0.82
[rosout][INFO] 2025-03-27 13:51:56,608: Back Left Min: 0.75, Back Right Min: 0.82
[rosout][INFO] 2025-03-27 13:51:56,711: Back Left Min: 0.75, Back Right Min: 0.82
[rosout][INFO] 2025-03-27 13:51:56,808: Back Left Min: 0.75, Back Right Min: 0.82
[rosout][INFO] 2025-03-27 13:51:56,911: Back Left Min: 0.75, Back Right Min: 0.82
[rosout][INFO] 2025-03-27 13:51:57,008: Back Left Min: 0.75, Back Right Min: 0.82
[rosout][INFO] 2025-03-27 13:51:57,111: Back Left Min: 0.75, Back Right Min: 0.82
[rosout][INFO] 2025-03-27 13:51:57,208: Back Left Min: 0.75, Back Right Min: 0.82
[rosout][INFO] 2025-03-27 13:51:57,311: Back Left Min: 1.66, Back Right Min: 0.82
[rosout][INFO] 2025-03-27 13:51:57,408: Back Left Min: 1.66, Back Right Min: 0.82
[rosout][INFO] 2025-03-27 13:51:57,511: Back Left Min: 1.66, Back Right Min: 0.82
[rosout][INFO] 2025-03-27 13:51:57,608: Back Left Min: 0.72, Back Right Min: 0.82
[rosout][INFO] 2025-03-27 13:51:57,711: Back Left Min: 0.72, Back Right Min: 0.82
[rosout][INFO] 2025-03-27 13:51:57,808: Back Left Min: 0.72, Back Right Min: 0.82
[rosout][INFO] 2025-03-27 13:51:57,911: Back Left Min: 0.74, Back Right Min: 0.82
[rosout][INFO] 2025-03-27 13:51:58,008: Back Left Min: 0.74, Back Right Min: 0.82
[rosout][INFO] 2025-03-27 13:51:58,111: Back Left Min: 1.66, Back Right Min: 0.82
[rosout][INFO] 2025-03-27 13:51:58,208: Back Left Min: 1.66, Back Right Min: 0.82
[rosout][INFO] 2025-03-27 13:51:58,311: Back Left Min: 1.66, Back Right Min: 0.82
[rosout][INFO] 2025-03-27 13:51:58,408: Back Left Min: 0.73, Back Right Min: 0.82
[rosout][INFO] 2025-03-27 13:51:58,511: Back Left Min: 0.73, Back Right Min: 0.82
[rosout][INFO] 2025-03-27 13:51:58,608: Back Left Min: 0.73, Back Right Min: 0.82
[rosout][INFO] 2025-03-27 13:51:58,712: Back Left Min: 0.73, Back Right Min: 0.82
[rosout][INFO] 2025-03-27 13:51:58,808: Back Left Min: 0.73, Back Right Min: 0.82
[rosout][INFO] 2025-03-27 13:51:58,912: Back Left Min: 0.73, Back Right Min: 0.82
[rosout][INFO] 2025-03-27 13:51:59,008: Back Left Min: 1.66, Back Right Min: 0.82
[rosout][INFO] 2025-03-27 13:51:59,112: Back Left Min: 1.66, Back Right Min: 0.82
[rosout][INFO] 2025-03-27 13:51:59,208: Back Left Min: 1.66, Back Right Min: 0.82
[rosout][INFO] 2025-03-27 13:51:59,312: Back Left Min: 0.76, Back Right Min: 0.82
[rosout][INFO] 2025-03-27 13:51:59,409: Back Left Min: 0.76, Back Right Min: 0.82
[rosout][INFO] 2025-03-27 13:51:59,512: Back Left Min: 0.72, Back Right Min: 0.82
[rosout][INFO] 2025-03-27 13:51:59,609: Back Left Min: 0.72, Back Right Min: 0.82
[rosout][INFO] 2025-03-27 13:51:59,712: Back Left Min: 0.72, Back Right Min: 0.82
[rosout][INFO] 2025-03-27 13:51:59,809: Back Left Min: 0.76, Back Right Min: 0.82
[rosout][INFO] 2025-03-27 13:51:59,912: Back Left Min: 0.76, Back Right Min: 0.82
[rosout][INFO] 2025-03-27 13:52:00,009: Back Left Min: 0.76, Back Right Min: 0.82
[rosout][INFO] 2025-03-27 13:52:00,112: Back Left Min: 0.76, Back Right Min: 0.82
[rosout][INFO] 2025-03-27 13:52:00,209: Back Left Min: 0.76, Back Right Min: 0.82
[rosout][INFO] 2025-03-27 13:52:00,313: Back Left Min: 0.76, Back Right Min: 0.82
[rosout][INFO] 2025-03-27 13:52:00,409: Back Left Min: 0.72, Back Right Min: 0.82
[rosout][INFO] 2025-03-27 13:52:00,512: Back Left Min: 0.72, Back Right Min: 0.82
[rosout][INFO] 2025-03-27 13:52:00,609: Back Left Min: 0.72, Back Right Min: 0.82
[rosout][INFO] 2025-03-27 13:52:00,712: Back Left Min: 0.73, Back Right Min: 0.82
[rosout][INFO] 2025-03-27 13:52:00,809: Back Left Min: 0.73, Back Right Min: 0.82
[rosout][INFO] 2025-03-27 13:52:00,912: Back Left Min: 1.66, Back Right Min: 0.82
[rosout][INFO] 2025-03-27 13:52:01,009: Back Left Min: 1.66, Back Right Min: 0.82
[rosout][INFO] 2025-03-27 13:52:01,112: Back Left Min: 1.66, Back Right Min: 0.82
[rosout][INFO] 2025-03-27 13:52:01,209: Back Left Min: 0.73, Back Right Min: 0.82
[rosout][INFO] 2025-03-27 13:52:01,312: Back Left Min: 0.73, Back Right Min: 0.82
[rosout][INFO] 2025-03-27 13:52:01,409: Back Left Min: 0.73, Back Right Min: 0.82
[rosout][INFO] 2025-03-27 13:52:01,513: Back Left Min: 0.73, Back Right Min: 0.55
[rosout][INFO] 2025-03-27 13:52:01,609: Back Left Min: 0.73, Back Right Min: 0.55
[rosout][INFO] 2025-03-27 13:52:01,713: Back Left Min: 0.73, Back Right Min: 0.55
[rosout][INFO] 2025-03-27 13:52:01,809: Back Left Min: 0.76, Back Right Min: 0.54
[rosout][INFO] 2025-03-27 13:52:01,913: Back Left Min: 0.76, Back Right Min: 0.54
[rosout][INFO] 2025-03-27 13:52:02,010: Back Left Min: 0.76, Back Right Min: 0.54
[rosout][INFO] 2025-03-27 13:52:02,113: Back Left Min: 0.73, Back Right Min: 0.54
[rosout][INFO] 2025-03-27 13:52:02,210: Back Left Min: 0.73, Back Right Min: 0.54
[rosout][INFO] 2025-03-27 13:52:02,313: Back Left Min: 0.72, Back Right Min: 0.54
[rosout][INFO] 2025-03-27 13:52:02,410: Back Left Min: 0.72, Back Right Min: 0.54
[rosout][INFO] 2025-03-27 13:52:02,513: Back Left Min: 0.72, Back Right Min: 0.54
[rosout][INFO] 2025-03-27 13:52:02,610: Back Left Min: 0.75, Back Right Min: 0.55
[rosout][INFO] 2025-03-27 13:52:02,713: Back Left Min: 0.75, Back Right Min: 0.55
[rosout][INFO] 2025-03-27 13:52:02,810: Back Left Min: 0.75, Back Right Min: 0.55
[rosout][INFO] 2025-03-27 13:52:02,913: Back Left Min: 0.73, Back Right Min: 0.56
[rosout][INFO] 2025-03-27 13:52:03,010: Back Left Min: 0.73, Back Right Min: 0.56
[rosout][INFO] 2025-03-27 13:52:03,113: Back Left Min: 0.73, Back Right Min: 0.56
[rosout][INFO] 2025-03-27 13:52:03,210: Back Left Min: 0.72, Back Right Min: 0.54
[rosout][INFO] 2025-03-27 13:52:03,313: Back Left Min: 0.72, Back Right Min: 0.54
[rosout][INFO] 2025-03-27 13:52:03,410: Back Left Min: 0.72, Back Right Min: 0.54
[rosout][INFO] 2025-03-27 13:52:03,513: Back Left Min: 0.73, Back Right Min: 0.54
[rosout][INFO] 2025-03-27 13:52:03,611: Back Left Min: 0.73, Back Right Min: 0.54
[rosout][INFO] 2025-03-27 13:52:03,714: Back Left Min: 0.74, Back Right Min: 0.55
[rosout][INFO] 2025-03-27 13:52:03,811: Back Left Min: 0.74, Back Right Min: 0.55
[rosout][INFO] 2025-03-27 13:52:03,914: Back Left Min: 0.74, Back Right Min: 0.55
[rosout][INFO] 2025-03-27 13:52:04,011: Back Left Min: 0.73, Back Right Min: 0.56
[rosout][INFO] 2025-03-27 13:52:04,114: Back Left Min: 0.73, Back Right Min: 0.56
[rosout][INFO] 2025-03-27 13:52:04,211: Back Left Min: 0.73, Back Right Min: 0.56
[rosout][INFO] 2025-03-27 13:52:04,314: Back Left Min: 0.73, Back Right Min: 0.54
[rosout][INFO] 2025-03-27 13:52:04,411: Back Left Min: 0.73, Back Right Min: 0.54
[rosout][INFO] 2025-03-27 13:52:04,514: Back Left Min: 0.73, Back Right Min: 0.54
[rosout][INFO] 2025-03-27 13:52:04,611: Back Left Min: 0.74, Back Right Min: 0.55
[rosout][INFO] 2025-03-27 13:52:04,714: Back Left Min: 0.74, Back Right Min: 0.55
[rosout][INFO] 2025-03-27 13:52:04,811: Back Left Min: 0.74, Back Right Min: 0.55
[rosout][INFO] 2025-03-27 13:52:04,914: Back Left Min: 0.73, Back Right Min: 0.54
[rosout][INFO] 2025-03-27 13:52:05,011: Back Left Min: 0.73, Back Right Min: 0.54
[rosout][INFO] 2025-03-27 13:52:05,114: Back Left Min: 0.73, Back Right Min: 0.54
[rosout][INFO] 2025-03-27 13:52:05,211: Back Left Min: 0.73, Back Right Min: 0.54
[rosout][INFO] 2025-03-27 13:52:05,314: Back Left Min: 0.73, Back Right Min: 0.54
[rosout][INFO] 2025-03-27 13:52:05,411: Back Left Min: 0.74, Back Right Min: 0.55
[rosout][INFO] 2025-03-27 13:52:05,514: Back Left Min: 0.74, Back Right Min: 0.55
[rosout][INFO] 2025-03-27 13:52:05,611: Back Left Min: 0.74, Back Right Min: 0.55
[rosout][INFO] 2025-03-27 13:52:05,714: Back Left Min: 0.73, Back Right Min: 0.54
[rosout][INFO] 2025-03-27 13:52:05,811: Back Left Min: 0.73, Back Right Min: 0.54
[rosout][INFO] 2025-03-27 13:52:05,914: Back Left Min: 0.73, Back Right Min: 0.54
[rosout][INFO] 2025-03-27 13:52:06,011: Back Left Min: 0.73, Back Right Min: 0.55
[rosout][INFO] 2025-03-27 13:52:06,115: Back Left Min: 0.73, Back Right Min: 0.55
[rosout][INFO] 2025-03-27 13:52:06,211: Back Left Min: 0.73, Back Right Min: 0.55
[rosout][INFO] 2025-03-27 13:52:06,315: Back Left Min: 0.73, Back Right Min: 0.82
[rosout][INFO] 2025-03-27 13:52:06,412: Back Left Min: 0.73, Back Right Min: 0.82
[rosout][INFO] 2025-03-27 13:52:06,515: Back Left Min: 0.73, Back Right Min: 0.82
[rosout][INFO] 2025-03-27 13:52:06,612: Back Left Min: 0.73, Back Right Min: 0.82
[rosout][INFO] 2025-03-27 13:52:06,715: Back Left Min: 0.73, Back Right Min: 0.82
[rosout][INFO] 2025-03-27 13:52:06,812: Back Left Min: 0.73, Back Right Min: 0.82
[rosout][INFO] 2025-03-27 13:52:06,915: Back Left Min: 0.73, Back Right Min: 0.82
[rosout][INFO] 2025-03-27 13:52:07,012: Back Left Min: 0.73, Back Right Min: 0.82
[rosout][INFO] 2025-03-27 13:52:07,115: Back Left Min: 0.73, Back Right Min: 0.82
[rosout][INFO] 2025-03-27 13:52:07,212: Back Left Min: 0.73, Back Right Min: 0.82
[rosout][INFO] 2025-03-27 13:52:07,315: Back Left Min: 0.73, Back Right Min: 0.82
[rosout][INFO] 2025-03-27 13:52:07,412: Back Left Min: 0.73, Back Right Min: 0.82
[rosout][INFO] 2025-03-27 13:52:07,515: Back Left Min: 0.73, Back Right Min: 0.82
[rosout][INFO] 2025-03-27 13:52:07,612: Back Left Min: 0.73, Back Right Min: 0.82
[rosout][INFO] 2025-03-27 13:52:07,715: Back Left Min: 0.73, Back Right Min: 0.82
[rosout][INFO] 2025-03-27 13:52:07,812: Back Left Min: 0.73, Back Right Min: 0.82
[rosout][INFO] 2025-03-27 13:52:07,916: Back Left Min: 0.73, Back Right Min: 0.82
[rosout][INFO] 2025-03-27 13:52:08,012: Back Left Min: 0.73, Back Right Min: 0.82
[rosout][INFO] 2025-03-27 13:52:08,115: Back Left Min: 0.73, Back Right Min: 0.82
[rosout][INFO] 2025-03-27 13:52:08,212: Back Left Min: 0.73, Back Right Min: 0.82
[rosout][INFO] 2025-03-27 13:52:08,315: Back Left Min: 0.73, Back Right Min: 0.82
[rosout][INFO] 2025-03-27 13:52:08,412: Back Left Min: 0.73, Back Right Min: 0.82
[rosout][INFO] 2025-03-27 13:52:08,516: Back Left Min: 0.73, Back Right Min: 0.82
[rosout][INFO] 2025-03-27 13:52:08,612: Back Left Min: 0.73, Back Right Min: 0.82
[rosout][INFO] 2025-03-27 13:52:08,716: Back Left Min: 0.73, Back Right Min: 0.82
[rosout][INFO] 2025-03-27 13:52:08,812: Back Left Min: 0.73, Back Right Min: 0.82
[rosout][INFO] 2025-03-27 13:52:08,916: Back Left Min: 0.73, Back Right Min: 0.82
[rosout][INFO] 2025-03-27 13:52:09,013: Back Left Min: 0.73, Back Right Min: 0.82
[rosout][INFO] 2025-03-27 13:52:09,116: Back Left Min: 0.73, Back Right Min: 0.82
[rosout][INFO] 2025-03-27 13:52:09,213: Back Left Min: 0.73, Back Right Min: 0.82
[rosout][INFO] 2025-03-27 13:52:09,316: Back Left Min: 0.73, Back Right Min: 0.82
[rosout][INFO] 2025-03-27 13:52:09,413: Back Left Min: 0.73, Back Right Min: 0.82
[rosout][INFO] 2025-03-27 13:52:09,516: Back Left Min: 0.73, Back Right Min: 0.82
[rosout][INFO] 2025-03-27 13:52:09,613: Back Left Min: 0.73, Back Right Min: 0.82
[rosout][INFO] 2025-03-27 13:52:09,716: Back Left Min: 0.73, Back Right Min: 0.82
[rosout][INFO] 2025-03-27 13:52:09,813: Back Left Min: 0.73, Back Right Min: 0.82
[rosout][INFO] 2025-03-27 13:52:09,916: Back Left Min: 0.73, Back Right Min: 0.82
[rosout][INFO] 2025-03-27 13:52:10,013: Back Left Min: 0.73, Back Right Min: 0.82
[rosout][INFO] 2025-03-27 13:52:10,116: Back Left Min: 0.73, Back Right Min: 0.82
[rosout][INFO] 2025-03-27 13:52:10,213: Back Left Min: 0.73, Back Right Min: 0.82
[rosout][INFO] 2025-03-27 13:52:10,316: Back Left Min: 0.73, Back Right Min: 0.82
[rosout][INFO] 2025-03-27 13:52:10,413: Back Left Min: 0.73, Back Right Min: 0.82
[rosout][INFO] 2025-03-27 13:52:10,516: Back Left Min: 0.73, Back Right Min: 0.82
[rosout][INFO] 2025-03-27 13:52:10,613: Back Left Min: 0.73, Back Right Min: 0.82
[rosout][INFO] 2025-03-27 13:52:10,716: Back Left Min: 0.73, Back Right Min: 0.82
[rosout][INFO] 2025-03-27 13:52:10,813: Back Left Min: 0.73, Back Right Min: 0.82
[rosout][INFO] 2025-03-27 13:52:10,916: Back Left Min: 0.73, Back Right Min: 0.82
[rosout][INFO] 2025-03-27 13:52:11,013: Back Left Min: 0.73, Back Right Min: 0.82
[rosout][INFO] 2025-03-27 13:52:11,116: Back Left Min: 0.73, Back Right Min: 0.82
[rosout][INFO] 2025-03-27 13:52:11,213: Back Left Min: 0.73, Back Right Min: 0.82
[rosout][INFO] 2025-03-27 13:52:11,317: Back Left Min: 0.73, Back Right Min: 0.82
[rosout][INFO] 2025-03-27 13:52:11,413: Back Left Min: 0.73, Back Right Min: 0.82
[rosout][INFO] 2025-03-27 13:52:11,517: Back Left Min: 0.73, Back Right Min: 0.82
[rosout][INFO] 2025-03-27 13:52:11,614: Back Left Min: 0.73, Back Right Min: 0.82
[rosout][INFO] 2025-03-27 13:52:11,717: Back Left Min: 0.73, Back Right Min: 0.82
[rosout][INFO] 2025-03-27 13:52:11,814: Back Left Min: 0.73, Back Right Min: 0.82
[rosout][INFO] 2025-03-27 13:52:11,917: Back Left Min: 0.73, Back Right Min: 0.82
[rosout][INFO] 2025-03-27 13:52:12,014: Back Left Min: 0.73, Back Right Min: 0.82
[rosout][INFO] 2025-03-27 13:52:12,117: Back Left Min: 0.73, Back Right Min: 0.82
[rosout][INFO] 2025-03-27 13:52:12,214: Back Left Min: 0.73, Back Right Min: 0.82
[rosout][INFO] 2025-03-27 13:52:12,317: Back Left Min: 0.73, Back Right Min: 0.82
[rosout][INFO] 2025-03-27 13:52:12,414: Back Left Min: 0.73, Back Right Min: 0.82
[rosout][INFO] 2025-03-27 13:52:12,517: Back Left Min: 0.73, Back Right Min: 0.82
[rosout][INFO] 2025-03-27 13:52:12,614: Back Left Min: 0.73, Back Right Min: 0.82
[rosout][INFO] 2025-03-27 13:52:12,717: Back Left Min: 0.73, Back Right Min: 0.82
[rosout][INFO] 2025-03-27 13:52:12,814: Back Left Min: 0.73, Back Right Min: 0.82
[rosout][INFO] 2025-03-27 13:52:12,917: Back Left Min: 0.73, Back Right Min: 0.82
[rosout][INFO] 2025-03-27 13:52:13,014: Back Left Min: 0.73, Back Right Min: 0.82
[rosout][INFO] 2025-03-27 13:52:13,117: Back Left Min: 0.73, Back Right Min: 0.82
[rosout][INFO] 2025-03-27 13:52:13,214: Back Left Min: 0.73, Back Right Min: 0.82
[rosout][INFO] 2025-03-27 13:52:13,317: Back Left Min: 0.73, Back Right Min: 0.82
[rosout][INFO] 2025-03-27 13:52:13,414: Back Left Min: 0.73, Back Right Min: 0.82
[rosout][INFO] 2025-03-27 13:52:13,517: Back Left Min: 0.73, Back Right Min: 0.82
[rosout][INFO] 2025-03-27 13:52:13,614: Back Left Min: 0.73, Back Right Min: 0.82
[rosout][INFO] 2025-03-27 13:52:13,718: Back Left Min: 0.73, Back Right Min: 0.82
[rosout][INFO] 2025-03-27 13:52:13,814: Back Left Min: 0.73, Back Right Min: 0.82
[rosout][INFO] 2025-03-27 13:52:13,918: Back Left Min: 0.73, Back Right Min: 0.82
[rosout][INFO] 2025-03-27 13:52:14,015: Back Left Min: 0.73, Back Right Min: 0.82
[rosout][INFO] 2025-03-27 13:52:14,118: Back Left Min: 0.73, Back Right Min: 0.82
[rosout][INFO] 2025-03-27 13:52:14,215: Back Left Min: 0.73, Back Right Min: 0.82
[rosout][INFO] 2025-03-27 13:52:14,318: Back Left Min: 0.73, Back Right Min: 0.82
[rosout][INFO] 2025-03-27 13:52:14,415: Back Left Min: 0.73, Back Right Min: 0.82
[rosout][INFO] 2025-03-27 13:52:14,518: Back Left Min: 0.73, Back Right Min: 0.82
[rosout][INFO] 2025-03-27 13:52:14,615: Back Left Min: 0.73, Back Right Min: 0.82
[rosout][INFO] 2025-03-27 13:52:14,718: Back Left Min: 0.73, Back Right Min: 0.82
[rosout][INFO] 2025-03-27 13:52:14,815: Back Left Min: 0.73, Back Right Min: 0.82
[rosout][INFO] 2025-03-27 13:52:14,918: Back Left Min: 0.73, Back Right Min: 0.82
[rosout][INFO] 2025-03-27 13:52:15,015: Back Left Min: 0.73, Back Right Min: 0.82
[rosout][INFO] 2025-03-27 13:52:15,118: Back Left Min: 0.73, Back Right Min: 0.82
[rosout][INFO] 2025-03-27 13:52:15,215: Back Left Min: 0.73, Back Right Min: 0.82
[rosout][INFO] 2025-03-27 13:52:15,318: Back Left Min: 0.73, Back Right Min: 0.82
[rosout][INFO] 2025-03-27 13:52:15,415: Back Left Min: 0.73, Back Right Min: 0.82
[rosout][INFO] 2025-03-27 13:52:15,518: Back Left Min: 0.73, Back Right Min: 0.82
[rosout][INFO] 2025-03-27 13:52:15,615: Back Left Min: 0.73, Back Right Min: 0.82
[rosout][INFO] 2025-03-27 13:52:15,718: Back Left Min: 0.73, Back Right Min: 0.82
[rosout][INFO] 2025-03-27 13:52:15,815: Back Left Min: 0.73, Back Right Min: 0.82
[rosout][INFO] 2025-03-27 13:52:15,919: Back Left Min: 0.73, Back Right Min: 0.82
[rosout][INFO] 2025-03-27 13:52:16,015: Back Left Min: 0.73, Back Right Min: 0.82
[rosout][INFO] 2025-03-27 13:52:16,119: Back Left Min: 0.73, Back Right Min: 0.82
[rosout][INFO] 2025-03-27 13:52:16,215: Back Left Min: 0.73, Back Right Min: 0.82
[rosout][INFO] 2025-03-27 13:52:16,319: Back Left Min: 0.73, Back Right Min: 0.82
[rosout][INFO] 2025-03-27 13:52:16,416: Back Left Min: 0.73, Back Right Min: 0.82
[rosout][INFO] 2025-03-27 13:52:16,519: Back Left Min: 0.73, Back Right Min: 0.82
[rosout][INFO] 2025-03-27 13:52:16,616: Back Left Min: 0.73, Back Right Min: 0.82
[rosout][INFO] 2025-03-27 13:52:16,719: Back Left Min: 0.73, Back Right Min: 0.82
[rosout][INFO] 2025-03-27 13:52:16,816: Back Left Min: 0.73, Back Right Min: 0.82
[rosout][INFO] 2025-03-27 13:52:16,919: Back Left Min: 0.73, Back Right Min: 0.82
[rosout][INFO] 2025-03-27 13:52:17,016: Back Left Min: 0.73, Back Right Min: 0.82
[rosout][INFO] 2025-03-27 13:52:17,119: Back Left Min: 0.73, Back Right Min: 0.82
[rosout][INFO] 2025-03-27 13:52:17,216: Back Left Min: 0.73, Back Right Min: 0.82
[rosout][INFO] 2025-03-27 13:52:17,319: Back Left Min: 0.73, Back Right Min: 0.82
[rosout][INFO] 2025-03-27 13:52:17,416: Back Left Min: 0.73, Back Right Min: 0.82
[rosout][INFO] 2025-03-27 13:52:17,519: Back Left Min: 0.73, Back Right Min: 0.82
[rosout][INFO] 2025-03-27 13:52:17,616: Back Left Min: 0.73, Back Right Min: 0.82
[rosout][INFO] 2025-03-27 13:52:17,719: Back Left Min: 0.73, Back Right Min: 0.82
[rosout][INFO] 2025-03-27 13:52:17,816: Back Left Min: 0.73, Back Right Min: 0.82
[rosout][INFO] 2025-03-27 13:52:17,919: Back Left Min: 0.73, Back Right Min: 0.82
[rosout][INFO] 2025-03-27 13:52:18,016: Back Left Min: 0.73, Back Right Min: 0.82
[rosout][INFO] 2025-03-27 13:52:18,120: Back Left Min: 0.73, Back Right Min: 0.82
[rosout][INFO] 2025-03-27 13:52:18,216: Back Left Min: 0.73, Back Right Min: 0.82
[rosout][INFO] 2025-03-27 13:52:18,320: Back Left Min: 0.73, Back Right Min: 0.82
[rosout][INFO] 2025-03-27 13:52:18,417: Back Left Min: 0.73, Back Right Min: 0.82
[rosout][INFO] 2025-03-27 13:52:18,520: Back Left Min: 0.73, Back Right Min: 0.82
[rosout][INFO] 2025-03-27 13:52:18,616: Back Left Min: 0.73, Back Right Min: 0.82
[rosout][INFO] 2025-03-27 13:52:18,720: Back Left Min: 0.73, Back Right Min: 0.82
[rosout][INFO] 2025-03-27 13:52:18,816: Back Left Min: 0.73, Back Right Min: 0.82
[rosout][INFO] 2025-03-27 13:52:18,920: Back Left Min: 0.73, Back Right Min: 0.82
[rosout][INFO] 2025-03-27 13:52:19,017: Back Left Min: 0.73, Back Right Min: 0.82
[rosout][INFO] 2025-03-27 13:52:19,120: Back Left Min: 0.73, Back Right Min: 0.82
[rosout][INFO] 2025-03-27 13:52:19,217: Back Left Min: 0.73, Back Right Min: 0.82
[rosout][INFO] 2025-03-27 13:52:19,320: Back Left Min: 0.73, Back Right Min: 0.82
[rosout][INFO] 2025-03-27 13:52:19,417: Back Left Min: 0.73, Back Right Min: 0.82
[rosout][INFO] 2025-03-27 13:52:19,520: Back Left Min: 0.73, Back Right Min: 0.82
[rosout][INFO] 2025-03-27 13:52:19,617: Back Left Min: 0.73, Back Right Min: 0.82
[rosout][INFO] 2025-03-27 13:52:19,720: Back Left Min: 0.73, Back Right Min: 0.82
[rosout][INFO] 2025-03-27 13:52:19,817: Back Left Min: 0.73, Back Right Min: 0.82
[rosout][INFO] 2025-03-27 13:52:19,920: Back Left Min: 0.73, Back Right Min: 0.82
[rosout][INFO] 2025-03-27 13:52:20,017: Back Left Min: 0.73, Back Right Min: 0.82
[rosout][INFO] 2025-03-27 13:52:20,120: Back Left Min: 0.73, Back Right Min: 0.82
[rosout][INFO] 2025-03-27 13:52:20,218: Back Left Min: 0.73, Back Right Min: 0.82
[rosout][INFO] 2025-03-27 13:52:20,321: Back Left Min: 0.73, Back Right Min: 0.82
[rosout][INFO] 2025-03-27 13:52:20,418: Back Left Min: 0.73, Back Right Min: 0.82
[rosout][INFO] 2025-03-27 13:52:20,521: Back Left Min: 0.73, Back Right Min: 0.82
[rosout][INFO] 2025-03-27 13:52:20,618: Back Left Min: 0.73, Back Right Min: 0.82
[rosout][INFO] 2025-03-27 13:52:20,721: Back Left Min: 0.73, Back Right Min: 0.82
[rosout][INFO] 2025-03-27 13:52:20,818: Back Left Min: 0.73, Back Right Min: 0.82
[rosout][INFO] 2025-03-27 13:52:20,921: Back Left Min: 0.73, Back Right Min: 0.82
[rosout][INFO] 2025-03-27 13:52:21,017: Back Left Min: 0.73, Back Right Min: 0.82
[rosout][INFO] 2025-03-27 13:52:21,121: Back Left Min: 0.73, Back Right Min: 0.82
[rosout][INFO] 2025-03-27 13:52:21,218: Back Left Min: 0.73, Back Right Min: 0.82
[rosout][INFO] 2025-03-27 13:52:21,321: Back Left Min: 0.73, Back Right Min: 0.82
[rosout][INFO] 2025-03-27 13:52:21,418: Back Left Min: 0.73, Back Right Min: 0.82
[rosout][INFO] 2025-03-27 13:52:21,521: Back Left Min: 0.73, Back Right Min: 0.82
[rosout][INFO] 2025-03-27 13:52:21,618: Back Left Min: 0.73, Back Right Min: 0.82
[rosout][INFO] 2025-03-27 13:52:21,721: Back Left Min: 0.73, Back Right Min: 0.82
[rosout][INFO] 2025-03-27 13:52:21,818: Back Left Min: 0.73, Back Right Min: 0.82
[rosout][INFO] 2025-03-27 13:52:21,921: Back Left Min: 0.73, Back Right Min: 0.82
[rosout][INFO] 2025-03-27 13:52:22,018: Back Left Min: 0.73, Back Right Min: 0.82
[rosout][INFO] 2025-03-27 13:52:22,121: Back Left Min: 0.73, Back Right Min: 0.82
[rosout][INFO] 2025-03-27 13:52:22,218: Back Left Min: 0.73, Back Right Min: 0.82
[rosout][INFO] 2025-03-27 13:52:22,321: Back Left Min: 0.73, Back Right Min: 0.82
[rosout][INFO] 2025-03-27 13:52:22,418: Back Left Min: 0.73, Back Right Min: 0.82
[rosout][INFO] 2025-03-27 13:52:22,521: Back Left Min: 0.73, Back Right Min: 0.82
[rosout][INFO] 2025-03-27 13:52:22,618: Back Left Min: 0.73, Back Right Min: 0.82
[rosout][INFO] 2025-03-27 13:52:22,721: Back Left Min: 0.73, Back Right Min: 0.82
[rosout][INFO] 2025-03-27 13:52:22,818: Back Left Min: 0.73, Back Right Min: 0.82
[rosout][INFO] 2025-03-27 13:52:22,921: Back Left Min: 0.73, Back Right Min: 0.82
[rosout][INFO] 2025-03-27 13:52:23,018: Back Left Min: 0.73, Back Right Min: 0.82
[rosout][INFO] 2025-03-27 13:52:23,121: Back Left Min: 0.73, Back Right Min: 0.82
[rosout][INFO] 2025-03-27 13:52:23,218: Back Left Min: 0.73, Back Right Min: 0.82
[rosout][INFO] 2025-03-27 13:52:23,322: Back Left Min: 0.73, Back Right Min: 0.82
[rosout][INFO] 2025-03-27 13:52:23,418: Back Left Min: 0.73, Back Right Min: 0.82
[rosout][INFO] 2025-03-27 13:52:23,522: Back Left Min: 0.73, Back Right Min: 0.82
[rosout][INFO] 2025-03-27 13:52:23,618: Back Left Min: 0.73, Back Right Min: 0.82
[rosout][INFO] 2025-03-27 13:52:23,722: Back Left Min: 0.73, Back Right Min: 0.82
[rosout][INFO] 2025-03-27 13:52:23,819: Back Left Min: 0.73, Back Right Min: 0.82
[rosout][INFO] 2025-03-27 13:52:23,922: Back Left Min: 0.73, Back Right Min: 0.82
[rosout][INFO] 2025-03-27 13:52:24,019: Back Left Min: 0.73, Back Right Min: 0.82
[rosout][INFO] 2025-03-27 13:52:24,122: Back Left Min: 0.73, Back Right Min: 0.82
[rosout][INFO] 2025-03-27 13:52:24,219: Back Left Min: 0.73, Back Right Min: 0.82
[rosout][INFO] 2025-03-27 13:52:24,322: Back Left Min: 0.73, Back Right Min: 0.82
[rosout][INFO] 2025-03-27 13:52:24,419: Back Left Min: 0.73, Back Right Min: 0.82
[rosout][INFO] 2025-03-27 13:52:24,523: Back Left Min: 0.73, Back Right Min: 0.82
[rosout][INFO] 2025-03-27 13:52:24,619: Back Left Min: 0.73, Back Right Min: 0.82
[rosout][INFO] 2025-03-27 13:52:24,723: Back Left Min: 0.73, Back Right Min: 0.82
[rosout][INFO] 2025-03-27 13:52:24,819: Back Left Min: 0.73, Back Right Min: 0.82
[rosout][INFO] 2025-03-27 13:52:24,923: Back Left Min: 0.73, Back Right Min: 0.82
[rosout][INFO] 2025-03-27 13:52:25,019: Back Left Min: 0.73, Back Right Min: 0.82
[rosout][INFO] 2025-03-27 13:52:25,122: Back Left Min: 0.73, Back Right Min: 0.82
[rosout][INFO] 2025-03-27 13:52:25,219: Back Left Min: 0.73, Back Right Min: 0.82
[rosout][INFO] 2025-03-27 13:52:25,323: Back Left Min: 0.73, Back Right Min: 0.82
[rosout][INFO] 2025-03-27 13:52:25,419: Back Left Min: 0.73, Back Right Min: 0.82
[rosout][INFO] 2025-03-27 13:52:25,523: Back Left Min: 0.73, Back Right Min: 0.82
[rosout][INFO] 2025-03-27 13:52:25,619: Back Left Min: 0.73, Back Right Min: 0.82
[rosout][INFO] 2025-03-27 13:52:25,723: Back Left Min: 0.73, Back Right Min: 0.82
[rosout][INFO] 2025-03-27 13:52:25,820: Back Left Min: 0.73, Back Right Min: 0.82
[rosout][INFO] 2025-03-27 13:52:25,923: Back Left Min: 0.73, Back Right Min: 0.82
[rosout][INFO] 2025-03-27 13:52:26,020: Back Left Min: 0.73, Back Right Min: 0.82
[rosout][INFO] 2025-03-27 13:52:26,123: Back Left Min: 0.73, Back Right Min: 0.82
[rosout][INFO] 2025-03-27 13:52:26,220: Back Left Min: 0.73, Back Right Min: 0.82
[rosout][INFO] 2025-03-27 13:52:26,323: Back Left Min: 0.73, Back Right Min: 0.82
[rosout][INFO] 2025-03-27 13:52:26,420: Back Left Min: 0.73, Back Right Min: 0.82
[rosout][INFO] 2025-03-27 13:52:26,523: Back Left Min: 0.73, Back Right Min: 0.82
[rosout][INFO] 2025-03-27 13:52:26,620: Back Left Min: 0.73, Back Right Min: 0.82
[rosout][INFO] 2025-03-27 13:52:26,723: Back Left Min: 0.73, Back Right Min: 0.82
[rosout][INFO] 2025-03-27 13:52:26,820: Back Left Min: 0.73, Back Right Min: 0.82
[rosout][INFO] 2025-03-27 13:52:26,923: Back Left Min: 0.73, Back Right Min: 0.82
[rosout][INFO] 2025-03-27 13:52:27,020: Back Left Min: 0.73, Back Right Min: 0.82
[rosout][INFO] 2025-03-27 13:52:27,123: Back Left Min: 0.73, Back Right Min: 0.82
[rosout][INFO] 2025-03-27 13:52:27,220: Back Left Min: 0.73, Back Right Min: 0.82
[rosout][INFO] 2025-03-27 13:52:27,323: Back Left Min: 0.73, Back Right Min: 0.82
[rosout][INFO] 2025-03-27 13:52:27,420: Back Left Min: 0.73, Back Right Min: 0.82
[rosout][INFO] 2025-03-27 13:52:27,523: Back Left Min: 0.73, Back Right Min: 0.82
[rosout][INFO] 2025-03-27 13:52:27,620: Back Left Min: 0.73, Back Right Min: 0.82
[rosout][INFO] 2025-03-27 13:52:27,724: Back Left Min: 0.73, Back Right Min: 0.82
[rosout][INFO] 2025-03-27 13:52:27,820: Back Left Min: 0.73, Back Right Min: 0.82
[rosout][INFO] 2025-03-27 13:52:27,924: Back Left Min: 0.73, Back Right Min: 0.82
[rosout][INFO] 2025-03-27 13:52:28,020: Back Left Min: 0.73, Back Right Min: 0.82
[rosout][INFO] 2025-03-27 13:52:28,124: Back Left Min: 0.73, Back Right Min: 0.82
[rosout][INFO] 2025-03-27 13:52:28,221: Back Left Min: 0.73, Back Right Min: 0.82
[rosout][INFO] 2025-03-27 13:52:28,324: Back Left Min: 0.73, Back Right Min: 0.82
[rosout][INFO] 2025-03-27 13:52:28,421: Back Left Min: 0.73, Back Right Min: 0.82
[rosout][INFO] 2025-03-27 13:52:28,524: Back Left Min: 0.73, Back Right Min: 0.82
[rosout][INFO] 2025-03-27 13:52:28,621: Back Left Min: 0.73, Back Right Min: 0.82
[rosout][INFO] 2025-03-27 13:52:28,724: Back Left Min: 0.73, Back Right Min: 0.82
[rosout][INFO] 2025-03-27 13:52:28,821: Back Left Min: 0.73, Back Right Min: 0.82
[rosout][INFO] 2025-03-27 13:52:28,924: Back Left Min: 0.73, Back Right Min: 0.82
[rosout][INFO] 2025-03-27 13:52:29,021: Back Left Min: 0.73, Back Right Min: 0.82
[rosout][INFO] 2025-03-27 13:52:29,124: Back Left Min: 0.73, Back Right Min: 0.82
[rosout][INFO] 2025-03-27 13:52:29,221: Back Left Min: 0.73, Back Right Min: 0.82
[rosout][INFO] 2025-03-27 13:52:29,324: Back Left Min: 0.73, Back Right Min: 0.82
[rosout][INFO] 2025-03-27 13:52:29,421: Back Left Min: 0.73, Back Right Min: 0.82
[rosout][INFO] 2025-03-27 13:52:29,524: Back Left Min: 0.73, Back Right Min: 0.82
[rosout][INFO] 2025-03-27 13:52:29,621: Back Left Min: 0.73, Back Right Min: 0.82
[rosout][INFO] 2025-03-27 13:52:29,724: Back Left Min: 0.73, Back Right Min: 0.82
[rosout][INFO] 2025-03-27 13:52:29,821: Back Left Min: 0.73, Back Right Min: 0.82
[rosout][INFO] 2025-03-27 13:52:29,924: Back Left Min: 0.73, Back Right Min: 0.82
[rosout][INFO] 2025-03-27 13:52:30,021: Back Left Min: 0.73, Back Right Min: 0.82
[rosout][INFO] 2025-03-27 13:52:30,125: Back Left Min: 0.73, Back Right Min: 0.82
[rosout][INFO] 2025-03-27 13:52:30,221: Back Left Min: 0.73, Back Right Min: 0.82
[rosout][INFO] 2025-03-27 13:52:30,325: Back Left Min: 0.73, Back Right Min: 0.82
[rosout][INFO] 2025-03-27 13:52:30,421: Back Left Min: 0.73, Back Right Min: 0.82
[rosout][INFO] 2025-03-27 13:52:30,525: Back Left Min: 0.73, Back Right Min: 0.82
[rosout][INFO] 2025-03-27 13:52:30,622: Back Left Min: 0.73, Back Right Min: 0.82
[rosout][INFO] 2025-03-27 13:52:30,725: Back Left Min: 0.73, Back Right Min: 0.82
[rosout][INFO] 2025-03-27 13:52:30,822: Back Left Min: 0.73, Back Right Min: 0.82
[rosout][INFO] 2025-03-27 13:52:30,925: Back Left Min: 0.73, Back Right Min: 0.82
[rosout][INFO] 2025-03-27 13:52:31,022: Back Left Min: 0.73, Back Right Min: 0.82
[rosout][INFO] 2025-03-27 13:52:31,125: Back Left Min: 0.73, Back Right Min: 0.82
[rosout][INFO] 2025-03-27 13:52:31,222: Back Left Min: 0.73, Back Right Min: 0.82
[rosout][INFO] 2025-03-27 13:52:31,325: Back Left Min: 0.73, Back Right Min: 0.82
[rosout][INFO] 2025-03-27 13:52:31,422: Back Left Min: 0.73, Back Right Min: 0.82
[rosout][INFO] 2025-03-27 13:52:31,525: Back Left Min: 0.73, Back Right Min: 0.82
[rosout][INFO] 2025-03-27 13:52:31,622: Back Left Min: 0.73, Back Right Min: 0.82
[rosout][INFO] 2025-03-27 13:52:31,725: Back Left Min: 0.73, Back Right Min: 0.82
[rosout][INFO] 2025-03-27 13:52:31,822: Back Left Min: 0.73, Back Right Min: 0.82
[rosout][INFO] 2025-03-27 13:52:31,925: Back Left Min: 0.73, Back Right Min: 0.82
[rosout][INFO] 2025-03-27 13:52:32,022: Back Left Min: 0.73, Back Right Min: 0.82
[rosout][INFO] 2025-03-27 13:52:32,125: Back Left Min: 0.73, Back Right Min: 0.82
[rosout][INFO] 2025-03-27 13:52:32,222: Back Left Min: 0.73, Back Right Min: 0.82
[rosout][INFO] 2025-03-27 13:52:32,325: Back Left Min: 0.73, Back Right Min: 0.82
[rosout][INFO] 2025-03-27 13:52:32,422: Back Left Min: 0.73, Back Right Min: 0.82
[rosout][INFO] 2025-03-27 13:52:32,526: Back Left Min: 0.73, Back Right Min: 0.82
[rosout][INFO] 2025-03-27 13:52:32,622: Back Left Min: 0.73, Back Right Min: 0.82
[rosout][INFO] 2025-03-27 13:52:32,725: Back Left Min: 0.73, Back Right Min: 0.82
[rosout][INFO] 2025-03-27 13:52:32,822: Back Left Min: 0.73, Back Right Min: 0.82
[rosout][INFO] 2025-03-27 13:52:32,925: Back Left Min: 0.73, Back Right Min: 0.82
[rosout][INFO] 2025-03-27 13:52:33,022: Back Left Min: 0.73, Back Right Min: 0.82
[rosout][INFO] 2025-03-27 13:52:33,126: Back Left Min: 0.73, Back Right Min: 0.82
[rosout][INFO] 2025-03-27 13:52:33,222: Back Left Min: 0.73, Back Right Min: 0.82
[rosout][INFO] 2025-03-27 13:52:33,326: Back Left Min: 0.73, Back Right Min: 0.82
[rosout][INFO] 2025-03-27 13:52:33,423: Back Left Min: 0.73, Back Right Min: 0.82
[rosout][INFO] 2025-03-27 13:52:33,526: Back Left Min: 0.73, Back Right Min: 0.82
[rosout][INFO] 2025-03-27 13:52:33,623: Back Left Min: 0.73, Back Right Min: 0.82
[rosout][INFO] 2025-03-27 13:52:33,726: Back Left Min: 0.73, Back Right Min: 0.82
[rosout][INFO] 2025-03-27 13:52:33,823: Back Left Min: 0.73, Back Right Min: 0.82
[rosout][INFO] 2025-03-27 13:52:33,926: Back Left Min: 0.73, Back Right Min: 0.82
[rosout][INFO] 2025-03-27 13:52:34,023: Back Left Min: 0.73, Back Right Min: 0.82
[rosout][INFO] 2025-03-27 13:52:34,126: Back Left Min: 0.73, Back Right Min: 0.82
[rosout][INFO] 2025-03-27 13:52:34,223: Back Left Min: 0.73, Back Right Min: 0.82
[rosout][INFO] 2025-03-27 13:52:34,326: Back Left Min: 0.73, Back Right Min: 0.82
[rosout][INFO] 2025-03-27 13:52:34,423: Back Left Min: 0.73, Back Right Min: 0.82
[rosout][INFO] 2025-03-27 13:52:34,526: Back Left Min: 0.73, Back Right Min: 0.82
[rosout][INFO] 2025-03-27 13:52:34,623: Back Left Min: 0.73, Back Right Min: 0.82
[rosout][INFO] 2025-03-27 13:52:34,726: Back Left Min: 0.73, Back Right Min: 0.82
[rosout][INFO] 2025-03-27 13:52:34,824: Back Left Min: 0.73, Back Right Min: 0.82
[rosout][INFO] 2025-03-27 13:52:34,927: Back Left Min: 0.73, Back Right Min: 0.82
[rosout][INFO] 2025-03-27 13:52:35,023: Back Left Min: 0.73, Back Right Min: 0.82
[rosout][INFO] 2025-03-27 13:52:35,127: Back Left Min: 0.73, Back Right Min: 0.82
[rosout][INFO] 2025-03-27 13:52:35,223: Back Left Min: 0.73, Back Right Min: 0.82
[rosout][INFO] 2025-03-27 13:52:35,327: Back Left Min: 0.73, Back Right Min: 0.82
[rosout][INFO] 2025-03-27 13:52:35,424: Back Left Min: 0.73, Back Right Min: 0.82
[rosout][INFO] 2025-03-27 13:52:35,527: Back Left Min: 0.73, Back Right Min: 0.82
[rosout][INFO] 2025-03-27 13:52:35,624: Back Left Min: 0.73, Back Right Min: 0.82
[rosout][INFO] 2025-03-27 13:52:35,727: Back Left Min: 0.73, Back Right Min: 0.82
[rosout][INFO] 2025-03-27 13:52:35,824: Back Left Min: 0.73, Back Right Min: 0.82
[rosout][INFO] 2025-03-27 13:52:35,927: Back Left Min: 0.73, Back Right Min: 0.82
[rosout][INFO] 2025-03-27 13:52:36,024: Back Left Min: 0.73, Back Right Min: 0.82
[rosout][INFO] 2025-03-27 13:52:36,127: Back Left Min: 0.73, Back Right Min: 0.82
[rosout][INFO] 2025-03-27 13:52:36,224: Back Left Min: 0.73, Back Right Min: 0.82
[rosout][INFO] 2025-03-27 13:52:36,327: Back Left Min: 0.73, Back Right Min: 0.82
[rosout][INFO] 2025-03-27 13:52:36,424: Back Left Min: 0.73, Back Right Min: 0.82
[rosout][INFO] 2025-03-27 13:52:36,527: Back Left Min: 0.73, Back Right Min: 0.82
[rosout][INFO] 2025-03-27 13:52:36,624: Back Left Min: 0.73, Back Right Min: 0.82
[rosout][INFO] 2025-03-27 13:52:36,727: Back Left Min: 0.73, Back Right Min: 0.82
[rosout][INFO] 2025-03-27 13:52:36,824: Back Left Min: 0.73, Back Right Min: 0.82
[rosout][INFO] 2025-03-27 13:52:36,927: Back Left Min: 0.73, Back Right Min: 0.82
[rosout][INFO] 2025-03-27 13:52:37,024: Back Left Min: 0.73, Back Right Min: 0.82
[rosout][INFO] 2025-03-27 13:52:37,127: Back Left Min: 0.73, Back Right Min: 0.82
[rosout][INFO] 2025-03-27 13:52:37,224: Back Left Min: 0.73, Back Right Min: 0.82
[rosout][INFO] 2025-03-27 13:52:37,327: Back Left Min: 0.73, Back Right Min: 0.82
[rosout][INFO] 2025-03-27 13:52:37,424: Back Left Min: 0.73, Back Right Min: 0.82
[rosout][INFO] 2025-03-27 13:52:37,527: Back Left Min: 0.73, Back Right Min: 0.82
[rosout][INFO] 2025-03-27 13:52:37,624: Back Left Min: 0.73, Back Right Min: 0.82
[rosout][INFO] 2025-03-27 13:52:37,728: Back Left Min: 0.73, Back Right Min: 0.82
[rosout][INFO] 2025-03-27 13:52:37,824: Back Left Min: 0.73, Back Right Min: 0.82
[rosout][INFO] 2025-03-27 13:52:37,928: Back Left Min: 0.73, Back Right Min: 0.82
[rosout][INFO] 2025-03-27 13:52:38,024: Back Left Min: 0.73, Back Right Min: 0.82
[rosout][INFO] 2025-03-27 13:52:38,128: Back Left Min: 0.73, Back Right Min: 0.82
[rosout][INFO] 2025-03-27 13:52:38,225: Back Left Min: 0.73, Back Right Min: 0.82
[rosout][INFO] 2025-03-27 13:52:38,328: Back Left Min: 0.73, Back Right Min: 0.82
[rosout][INFO] 2025-03-27 13:52:38,425: Back Left Min: 0.73, Back Right Min: 0.82
[rosout][INFO] 2025-03-27 13:52:38,528: Back Left Min: 0.73, Back Right Min: 0.82
[rosout][INFO] 2025-03-27 13:52:38,625: Back Left Min: 0.73, Back Right Min: 0.82
[rosout][INFO] 2025-03-27 13:52:38,728: Back Left Min: 0.73, Back Right Min: 0.82
[rosout][INFO] 2025-03-27 13:52:38,825: Back Left Min: 0.73, Back Right Min: 0.82
[rosout][INFO] 2025-03-27 13:52:38,928: Back Left Min: 0.73, Back Right Min: 0.82
[rosout][INFO] 2025-03-27 13:52:39,025: Back Left Min: 0.73, Back Right Min: 0.82
[rosout][INFO] 2025-03-27 13:52:39,128: Back Left Min: 0.73, Back Right Min: 0.82
[rosout][INFO] 2025-03-27 13:52:39,225: Back Left Min: 0.73, Back Right Min: 0.82
[rosout][INFO] 2025-03-27 13:52:39,328: Back Left Min: 0.73, Back Right Min: 0.82
[rosout][INFO] 2025-03-27 13:52:39,425: Back Left Min: 0.73, Back Right Min: 0.82
[rosout][INFO] 2025-03-27 13:52:39,528: Back Left Min: 0.73, Back Right Min: 0.82
[rosout][INFO] 2025-03-27 13:52:39,625: Back Left Min: 0.73, Back Right Min: 0.82
[rosout][INFO] 2025-03-27 13:52:39,728: Back Left Min: 0.73, Back Right Min: 0.82
[rosout][INFO] 2025-03-27 13:52:39,825: Back Left Min: 0.73, Back Right Min: 0.82
[rosout][INFO] 2025-03-27 13:52:39,928: Back Left Min: 0.73, Back Right Min: 0.82
[rosout][INFO] 2025-03-27 13:52:40,025: Back Left Min: 0.73, Back Right Min: 0.82
[rosout][INFO] 2025-03-27 13:52:40,128: Back Left Min: 0.73, Back Right Min: 0.82
[rosout][INFO] 2025-03-27 13:52:40,225: Back Left Min: 0.73, Back Right Min: 0.82
[rosout][INFO] 2025-03-27 13:52:40,329: Back Left Min: 0.73, Back Right Min: 0.82
[rosout][INFO] 2025-03-27 13:52:40,425: Back Left Min: 0.73, Back Right Min: 0.82
[rosout][INFO] 2025-03-27 13:52:40,529: Back Left Min: 0.73, Back Right Min: 0.82
[rosout][INFO] 2025-03-27 13:52:40,626: Back Left Min: 0.73, Back Right Min: 0.82
[rosout][INFO] 2025-03-27 13:52:40,729: Back Left Min: 0.73, Back Right Min: 0.82
[rosout][INFO] 2025-03-27 13:52:40,826: Back Left Min: 0.73, Back Right Min: 0.82
[rosout][INFO] 2025-03-27 13:52:40,929: Back Left Min: 0.73, Back Right Min: 0.82
[rosout][INFO] 2025-03-27 13:52:41,026: Back Left Min: 0.73, Back Right Min: 0.82
[rosout][INFO] 2025-03-27 13:52:41,129: Back Left Min: 0.73, Back Right Min: 0.82
[rosout][INFO] 2025-03-27 13:52:41,226: Back Left Min: 0.73, Back Right Min: 0.82
[rosout][INFO] 2025-03-27 13:52:41,329: Back Left Min: 0.73, Back Right Min: 0.82
[rosout][INFO] 2025-03-27 13:52:41,426: Back Left Min: 0.73, Back Right Min: 0.82
[rosout][INFO] 2025-03-27 13:52:41,529: Back Left Min: 0.73, Back Right Min: 0.82
[rosout][INFO] 2025-03-27 13:52:41,626: Back Left Min: 0.73, Back Right Min: 0.82
[rosout][INFO] 2025-03-27 13:52:41,729: Back Left Min: 0.73, Back Right Min: 0.82
[rosout][INFO] 2025-03-27 13:52:41,826: Back Left Min: 0.73, Back Right Min: 0.82
[rosout][INFO] 2025-03-27 13:52:41,929: Back Left Min: 0.73, Back Right Min: 0.82
[rosout][INFO] 2025-03-27 13:52:42,026: Back Left Min: 0.73, Back Right Min: 0.82
[rosout][INFO] 2025-03-27 13:52:42,129: Back Left Min: 0.73, Back Right Min: 0.82
[rosout][INFO] 2025-03-27 13:52:42,226: Back Left Min: 0.73, Back Right Min: 0.82
[rosout][INFO] 2025-03-27 13:52:42,329: Back Left Min: 0.73, Back Right Min: 0.82
[rosout][INFO] 2025-03-27 13:52:42,426: Back Left Min: 0.73, Back Right Min: 0.82
[rosout][INFO] 2025-03-27 13:52:42,529: Back Left Min: 0.73, Back Right Min: 0.82
[rosout][INFO] 2025-03-27 13:52:42,626: Back Left Min: 0.73, Back Right Min: 0.82
[rosout][INFO] 2025-03-27 13:52:42,730: Back Left Min: 0.72, Back Right Min: 0.82
[rosout][INFO] 2025-03-27 13:52:42,826: Back Left Min: 0.72, Back Right Min: 0.82
[rosout][INFO] 2025-03-27 13:52:42,930: Back Left Min: 0.72, Back Right Min: 0.82
[rosout][INFO] 2025-03-27 13:52:43,026: Back Left Min: 0.72, Back Right Min: 0.82
[rosout][INFO] 2025-03-27 13:52:43,130: Back Left Min: 0.72, Back Right Min: 0.82
[rosout][INFO] 2025-03-27 13:52:43,227: Back Left Min: 0.72, Back Right Min: 0.82
[rosout][INFO] 2025-03-27 13:52:43,330: Back Left Min: 0.72, Back Right Min: 0.82
[rosout][INFO] 2025-03-27 13:52:43,427: Back Left Min: 0.72, Back Right Min: 0.82
[rosout][INFO] 2025-03-27 13:52:43,530: Back Left Min: 0.72, Back Right Min: 0.82
[rosout][INFO] 2025-03-27 13:52:43,627: Back Left Min: 0.72, Back Right Min: 0.82
[rosout][INFO] 2025-03-27 13:52:43,730: Back Left Min: 0.72, Back Right Min: 0.82
[rosout][INFO] 2025-03-27 13:52:43,827: Back Left Min: 0.72, Back Right Min: 0.82
[rosout][INFO] 2025-03-27 13:52:43,930: Back Left Min: 0.72, Back Right Min: 0.82
[rosout][INFO] 2025-03-27 13:52:44,027: Back Left Min: 0.72, Back Right Min: 0.82
[rosout][INFO] 2025-03-27 13:52:44,130: Back Left Min: 0.75, Back Right Min: 0.82
[rosout][INFO] 2025-03-27 13:52:44,227: Back Left Min: 0.75, Back Right Min: 0.82
[rosout][INFO] 2025-03-27 13:52:44,330: Back Left Min: 0.72, Back Right Min: 0.82
[rosout][INFO] 2025-03-27 13:52:44,427: Back Left Min: 0.72, Back Right Min: 0.82
[rosout][INFO] 2025-03-27 13:52:44,530: Back Left Min: 0.72, Back Right Min: 0.82
[rosout][INFO] 2025-03-27 13:52:44,628: Back Left Min: 0.77, Back Right Min: 0.82
[rosout][INFO] 2025-03-27 13:52:44,731: Back Left Min: 0.77, Back Right Min: 0.82
[rosout][INFO] 2025-03-27 13:52:44,827: Back Left Min: 0.77, Back Right Min: 0.82
[rosout][INFO] 2025-03-27 13:52:44,931: Back Left Min: 0.72, Back Right Min: 0.82
[rosout][INFO] 2025-03-27 13:52:45,027: Back Left Min: 0.72, Back Right Min: 0.82
[rosout][INFO] 2025-03-27 13:52:45,131: Back Left Min: 0.72, Back Right Min: 0.82
[rosout][INFO] 2025-03-27 13:52:45,228: Back Left Min: 0.76, Back Right Min: 0.83
[rosout][INFO] 2025-03-27 13:52:45,331: Back Left Min: 0.76, Back Right Min: 0.83
[rosout][INFO] 2025-03-27 13:52:45,428: Back Left Min: 0.76, Back Right Min: 0.83
[rosout][INFO] 2025-03-27 13:52:45,531: Back Left Min: 0.72, Back Right Min: 0.83
[rosout][INFO] 2025-03-27 13:52:45,628: Back Left Min: 0.72, Back Right Min: 0.83
[rosout][INFO] 2025-03-27 13:52:45,731: Back Left Min: 0.76, Back Right Min: 0.83
[rosout][INFO] 2025-03-27 13:52:45,828: Back Left Min: 0.76, Back Right Min: 0.83
[rosout][INFO] 2025-03-27 13:52:45,931: Back Left Min: 0.76, Back Right Min: 0.83
[rosout][INFO] 2025-03-27 13:52:46,028: Back Left Min: 0.72, Back Right Min: 0.82
[rosout][INFO] 2025-03-27 13:52:46,131: Back Left Min: 0.72, Back Right Min: 0.82
[rosout][INFO] 2025-03-27 13:52:46,228: Back Left Min: 0.72, Back Right Min: 0.82
[rosout][INFO] 2025-03-27 13:52:46,331: Back Left Min: 0.76, Back Right Min: 0.81
[rosout][INFO] 2025-03-27 13:52:46,428: Back Left Min: 0.76, Back Right Min: 0.81
[rosout][INFO] 2025-03-27 13:52:46,531: Back Left Min: 0.76, Back Right Min: 0.81
[rosout][INFO] 2025-03-27 13:52:46,628: Back Left Min: 0.72, Back Right Min: 0.80
[rosout][INFO] 2025-03-27 13:52:46,731: Back Left Min: 0.72, Back Right Min: 0.80
[rosout][INFO] 2025-03-27 13:52:46,828: Back Left Min: 0.72, Back Right Min: 0.80
[rosout][INFO] 2025-03-27 13:52:46,931: Back Left Min: 2.08, Back Right Min: 0.80
[rosout][INFO] 2025-03-27 13:52:47,028: Back Left Min: 2.08, Back Right Min: 0.80
[rosout][INFO] 2025-03-27 13:52:47,132: Back Left Min: 0.72, Back Right Min: 0.80
[rosout][INFO] 2025-03-27 13:52:47,228: Back Left Min: 0.72, Back Right Min: 0.80
[rosout][INFO] 2025-03-27 13:52:47,332: Back Left Min: 0.72, Back Right Min: 0.80
[rosout][INFO] 2025-03-27 13:52:47,428: Back Left Min: 1.12, Back Right Min: 0.80
[rosout][INFO] 2025-03-27 13:52:47,532: Back Left Min: 1.12, Back Right Min: 0.80
[rosout][INFO] 2025-03-27 13:52:47,629: Back Left Min: 1.12, Back Right Min: 0.80
[rosout][INFO] 2025-03-27 13:52:47,732: Back Left Min: 0.72, Back Right Min: 0.80
[rosout][INFO] 2025-03-27 13:52:47,829: Back Left Min: 0.72, Back Right Min: 0.80
[rosout][INFO] 2025-03-27 13:52:47,932: Back Left Min: 0.72, Back Right Min: 0.80
[rosout][INFO] 2025-03-27 13:52:48,029: Back Left Min: 0.76, Back Right Min: 0.80
[rosout][INFO] 2025-03-27 13:52:48,132: Back Left Min: 0.76, Back Right Min: 0.80
[rosout][INFO] 2025-03-27 13:52:48,229: Back Left Min: 0.76, Back Right Min: 0.80
[rosout][INFO] 2025-03-27 13:52:48,332: Back Left Min: 0.76, Back Right Min: 0.80
[rosout][INFO] 2025-03-27 13:52:48,429: Back Left Min: 0.76, Back Right Min: 0.80
[rosout][INFO] 2025-03-27 13:52:48,532: Back Left Min: 0.73, Back Right Min: 0.80
[rosout][INFO] 2025-03-27 13:52:48,629: Back Left Min: 0.73, Back Right Min: 0.80
[rosout][INFO] 2025-03-27 13:52:48,732: Back Left Min: 0.73, Back Right Min: 0.80
[rosout][INFO] 2025-03-27 13:52:48,829: Back Left Min: 2.19, Back Right Min: 0.80
[rosout][INFO] 2025-03-27 13:52:48,932: Back Left Min: 2.19, Back Right Min: 0.80
[rosout][INFO] 2025-03-27 13:52:49,029: Back Left Min: 2.19, Back Right Min: 0.80
[rosout][INFO] 2025-03-27 13:52:49,132: Back Left Min: 0.72, Back Right Min: 0.80
[rosout][INFO] 2025-03-27 13:52:49,229: Back Left Min: 0.72, Back Right Min: 0.80
[rosout][INFO] 2025-03-27 13:52:49,332: Back Left Min: 0.72, Back Right Min: 0.80
[rosout][INFO] 2025-03-27 13:52:49,429: Back Left Min: 0.81, Back Right Min: 0.80
[rosout][INFO] 2025-03-27 13:52:49,532: Back Left Min: 0.81, Back Right Min: 0.80
[rosout][INFO] 2025-03-27 13:52:49,629: Back Left Min: 0.81, Back Right Min: 0.80
[rosout][INFO] 2025-03-27 13:52:49,733: Back Left Min: 0.73, Back Right Min: 0.80
[rosout][INFO] 2025-03-27 13:52:49,829: Back Left Min: 0.73, Back Right Min: 0.80
[rosout][INFO] 2025-03-27 13:52:49,933: Back Left Min: 0.82, Back Right Min: 0.80
[rosout][INFO] 2025-03-27 13:52:50,029: Back Left Min: 0.82, Back Right Min: 0.80
[rosout][INFO] 2025-03-27 13:52:50,133: Back Left Min: 0.82, Back Right Min: 0.80
[rosout][INFO] 2025-03-27 13:52:50,229: Back Left Min: 0.83, Back Right Min: 0.80
[rosout][INFO] 2025-03-27 13:52:50,333: Back Left Min: 0.83, Back Right Min: 0.80
[rosout][INFO] 2025-03-27 13:52:50,430: Back Left Min: 0.83, Back Right Min: 0.80
[rosout][INFO] 2025-03-27 13:52:50,533: Back Left Min: 0.83, Back Right Min: 0.80
[rosout][INFO] 2025-03-27 13:52:50,630: Back Left Min: 0.83, Back Right Min: 0.80
[rosout][INFO] 2025-03-27 13:52:50,733: Back Left Min: 0.83, Back Right Min: 0.80
[rosout][INFO] 2025-03-27 13:52:50,830: Back Left Min: 0.72, Back Right Min: 0.80
[rosout][INFO] 2025-03-27 13:52:50,933: Back Left Min: 0.72, Back Right Min: 0.80
[rosout][INFO] 2025-03-27 13:52:51,030: Back Left Min: 0.72, Back Right Min: 0.80
[rosout][INFO] 2025-03-27 13:52:51,133: Back Left Min: 0.86, Back Right Min: 0.80
[rosout][INFO] 2025-03-27 13:52:51,230: Back Left Min: 0.86, Back Right Min: 0.80
[rosout][INFO] 2025-03-27 13:52:51,333: Back Left Min: 0.74, Back Right Min: 0.80
[rosout][INFO] 2025-03-27 13:52:51,430: Back Left Min: 0.74, Back Right Min: 0.80
[rosout][INFO] 2025-03-27 13:52:51,533: Back Left Min: 0.74, Back Right Min: 0.80
[rosout][INFO] 2025-03-27 13:52:51,630: Back Left Min: 0.77, Back Right Min: 0.80
[rosout][INFO] 2025-03-27 13:52:51,733: Back Left Min: 0.77, Back Right Min: 0.80
[rosout][INFO] 2025-03-27 13:52:51,830: Back Left Min: 0.77, Back Right Min: 0.80
[rosout][INFO] 2025-03-27 13:52:51,933: Back Left Min: 0.73, Back Right Min: 0.80
[rosout][INFO] 2025-03-27 13:52:52,030: Back Left Min: 0.73, Back Right Min: 0.80
[rosout][INFO] 2025-03-27 13:52:52,133: Back Left Min: 0.73, Back Right Min: 0.80
[rosout][INFO] 2025-03-27 13:52:52,230: Back Left Min: 0.81, Back Right Min: 0.80
[rosout][INFO] 2025-03-27 13:52:52,334: Back Left Min: 0.81, Back Right Min: 0.80
[rosout][INFO] 2025-03-27 13:52:52,430: Back Left Min: 0.81, Back Right Min: 0.80
[rosout][INFO] 2025-03-27 13:52:52,534: Back Left Min: 0.72, Back Right Min: 0.80
[rosout][INFO] 2025-03-27 13:52:52,630: Back Left Min: 0.72, Back Right Min: 0.80
[rosout][INFO] 2025-03-27 13:52:52,734: Back Left Min: 1.02, Back Right Min: 0.80
[rosout][INFO] 2025-03-27 13:52:52,831: Back Left Min: 1.02, Back Right Min: 0.80
[rosout][INFO] 2025-03-27 13:52:52,934: Back Left Min: 1.02, Back Right Min: 0.80
[rosout][INFO] 2025-03-27 13:52:53,031: Back Left Min: 0.68, Back Right Min: 0.80
[rosout][INFO] 2025-03-27 13:52:53,134: Back Left Min: 0.68, Back Right Min: 0.80
[rosout][INFO] 2025-03-27 13:52:53,231: Back Left Min: 0.68, Back Right Min: 0.80
[rosout][INFO] 2025-03-27 13:52:53,334: Back Left Min: 0.99, Back Right Min: 0.80
[rosout][INFO] 2025-03-27 13:52:53,431: Back Left Min: 0.99, Back Right Min: 0.80
[rosout][INFO] 2025-03-27 13:52:53,534: Back Left Min: 0.99, Back Right Min: 0.80
[rosout][INFO] 2025-03-27 13:52:53,631: Back Left Min: 0.98, Back Right Min: 0.80
[rosout][INFO] 2025-03-27 13:52:53,734: Back Left Min: 0.98, Back Right Min: 0.80
[rosout][INFO] 2025-03-27 13:52:53,831: Back Left Min: 0.98, Back Right Min: 0.80
[rosout][INFO] 2025-03-27 13:52:53,934: Back Left Min: 0.96, Back Right Min: 0.80
[rosout][INFO] 2025-03-27 13:52:54,031: Back Left Min: 0.96, Back Right Min: 0.80
[rosout][INFO] 2025-03-27 13:52:54,134: Back Left Min: 0.95, Back Right Min: 0.80
[rosout][INFO] 2025-03-27 13:52:54,231: Back Left Min: 0.95, Back Right Min: 0.80
[rosout][INFO] 2025-03-27 13:52:54,334: Back Left Min: 0.95, Back Right Min: 0.80
[rosout][INFO] 2025-03-27 13:52:54,431: Back Left Min: 0.95, Back Right Min: 0.80
[rosout][INFO] 2025-03-27 13:52:54,534: Back Left Min: 0.95, Back Right Min: 0.80
[rosout][INFO] 2025-03-27 13:52:54,631: Back Left Min: 0.95, Back Right Min: 0.80
[rosout][INFO] 2025-03-27 13:52:54,734: Back Left Min: 0.93, Back Right Min: 0.80
[rosout][INFO] 2025-03-27 13:52:54,831: Back Left Min: 0.93, Back Right Min: 0.80
[rosout][INFO] 2025-03-27 13:52:54,935: Back Left Min: 0.93, Back Right Min: 0.80
[rosout][INFO] 2025-03-27 13:52:55,031: Back Left Min: 0.65, Back Right Min: 0.80
[rosout][INFO] 2025-03-27 13:52:55,135: Back Left Min: 0.65, Back Right Min: 0.80
[rosout][INFO] 2025-03-27 13:52:55,232: Back Left Min: 0.65, Back Right Min: 0.80
[rosout][INFO] 2025-03-27 13:52:55,335: Back Left Min: 0.65, Back Right Min: 0.80
[rosout][INFO] 2025-03-27 13:52:55,432: Back Left Min: 0.65, Back Right Min: 0.80
[rosout][INFO] 2025-03-27 13:52:55,535: Back Left Min: 2.11, Back Right Min: 0.79
[rosout][INFO] 2025-03-27 13:52:55,632: Back Left Min: 2.11, Back Right Min: 0.79
[rosout][INFO] 2025-03-27 13:52:55,735: Back Left Min: 2.11, Back Right Min: 0.79
[rosout][INFO] 2025-03-27 13:52:55,832: Back Left Min: 0.66, Back Right Min: 0.77
[rosout][INFO] 2025-03-27 13:52:55,935: Back Left Min: 0.66, Back Right Min: 0.77
[rosout][INFO] 2025-03-27 13:52:56,032: Back Left Min: 0.66, Back Right Min: 0.77
[rosout][INFO] 2025-03-27 13:52:56,135: Back Left Min: 0.68, Back Right Min: 0.77
[rosout][INFO] 2025-03-27 13:52:56,232: Back Left Min: 0.68, Back Right Min: 0.77
[rosout][INFO] 2025-03-27 13:52:56,335: Back Left Min: 0.68, Back Right Min: 0.77
[rosout][INFO] 2025-03-27 13:52:56,432: Back Left Min: 0.66, Back Right Min: 0.76
[rosout][INFO] 2025-03-27 13:52:56,535: Back Left Min: 0.66, Back Right Min: 0.76
[rosout][INFO] 2025-03-27 13:52:56,632: Back Left Min: 0.66, Back Right Min: 0.76
[rosout][INFO] 2025-03-27 13:52:56,735: Back Left Min: 0.65, Back Right Min: 0.76
[rosout][INFO] 2025-03-27 13:52:56,832: Back Left Min: 0.65, Back Right Min: 0.76
[rosout][INFO] 2025-03-27 13:52:56,936: Back Left Min: 1.24, Back Right Min: 0.75
[rosout][INFO] 2025-03-27 13:52:57,032: Back Left Min: 1.24, Back Right Min: 0.75
[rosout][INFO] 2025-03-27 13:52:57,136: Back Left Min: 1.24, Back Right Min: 0.75
[rosout][INFO] 2025-03-27 13:52:57,232: Back Left Min: 1.24, Back Right Min: 0.77
[rosout][INFO] 2025-03-27 13:52:57,336: Back Left Min: 1.24, Back Right Min: 0.77
[rosout][INFO] 2025-03-27 13:52:57,433: Back Left Min: 1.24, Back Right Min: 0.77
[rosout][INFO] 2025-03-27 13:52:57,536: Back Left Min: 2.13, Back Right Min: 0.77
[rosout][INFO] 2025-03-27 13:52:57,633: Back Left Min: 2.13, Back Right Min: 0.77
[rosout][INFO] 2025-03-27 13:52:57,736: Back Left Min: 2.13, Back Right Min: 0.77
[rosout][INFO] 2025-03-27 13:52:57,833: Back Left Min: 2.10, Back Right Min: 0.78
[rosout][INFO] 2025-03-27 13:52:57,936: Back Left Min: 2.10, Back Right Min: 0.78
[rosout][INFO] 2025-03-27 13:52:58,033: Back Left Min: 2.10, Back Right Min: 0.78
[rosout][INFO] 2025-03-27 13:52:58,136: Back Left Min: 2.14, Back Right Min: 0.80
[rosout][INFO] 2025-03-27 13:52:58,233: Back Left Min: 2.14, Back Right Min: 0.80
[rosout][INFO] 2025-03-27 13:52:58,336: Back Left Min: 2.24, Back Right Min: 0.79
[rosout][INFO] 2025-03-27 13:52:58,433: Back Left Min: 2.24, Back Right Min: 0.79
[rosout][INFO] 2025-03-27 13:52:58,536: Back Left Min: 2.24, Back Right Min: 0.79
[rosout][INFO] 2025-03-27 13:52:58,633: Back Left Min: 2.20, Back Right Min: 0.78
[rosout][INFO] 2025-03-27 13:52:58,736: Back Left Min: 2.20, Back Right Min: 0.78
[rosout][INFO] 2025-03-27 13:52:58,833: Back Left Min: 2.20, Back Right Min: 0.78
[rosout][INFO] 2025-03-27 13:52:58,936: Back Left Min: 2.23, Back Right Min: 0.77
[rosout][INFO] 2025-03-27 13:52:59,033: Back Left Min: 2.23, Back Right Min: 0.77
[rosout][INFO] 2025-03-27 13:52:59,136: Back Left Min: 2.23, Back Right Min: 0.77
[rosout][INFO] 2025-03-27 13:52:59,233: Back Left Min: 2.26, Back Right Min: 0.78
[rosout][INFO] 2025-03-27 13:52:59,336: Back Left Min: 2.26, Back Right Min: 0.78
[rosout][INFO] 2025-03-27 13:52:59,433: Back Left Min: 2.26, Back Right Min: 0.78
[rosout][INFO] 2025-03-27 13:52:59,537: Back Left Min: 2.30, Back Right Min: 1.72
[rosout][INFO] 2025-03-27 13:52:59,633: Back Left Min: 2.30, Back Right Min: 1.72
[rosout][INFO] 2025-03-27 13:52:59,737: Back Left Min: 1.29, Back Right Min: 1.07
[rosout][INFO] 2025-03-27 13:52:59,833: Back Left Min: 1.29, Back Right Min: 1.07
[rosout][INFO] 2025-03-27 13:52:59,937: Back Left Min: 1.29, Back Right Min: 1.07
[rosout][INFO] 2025-03-27 13:53:00,034: Back Left Min: 1.32, Back Right Min: 1.06
[rosout][INFO] 2025-03-27 13:53:00,137: Back Left Min: 1.32, Back Right Min: 1.06
[rosout][INFO] 2025-03-27 13:53:00,234: Back Left Min: 1.32, Back Right Min: 1.06
[rosout][INFO] 2025-03-27 13:53:00,337: Back Left Min: 1.34, Back Right Min: 1.07
[rosout][INFO] 2025-03-27 13:53:00,434: Back Left Min: 1.34, Back Right Min: 1.07
[rosout][INFO] 2025-03-27 13:53:00,537: Back Left Min: 1.34, Back Right Min: 1.07
[rosout][INFO] 2025-03-27 13:53:00,634: Back Left Min: 1.37, Back Right Min: 1.12
[rosout][INFO] 2025-03-27 13:53:00,737: Back Left Min: 1.37, Back Right Min: 1.12
[rosout][INFO] 2025-03-27 13:53:00,835: Back Left Min: 1.37, Back Right Min: 1.12
[rosout][INFO] 2025-03-27 13:53:00,938: Back Left Min: 1.40, Back Right Min: 1.10
[rosout][INFO] 2025-03-27 13:53:01,034: Back Left Min: 1.40, Back Right Min: 1.10
[rosout][INFO] 2025-03-27 13:53:01,138: Back Left Min: 1.43, Back Right Min: 1.09
[rosout][INFO] 2025-03-27 13:53:01,235: Back Left Min: 1.43, Back Right Min: 1.09
[rosout][INFO] 2025-03-27 13:53:01,337: Back Left Min: 1.43, Back Right Min: 1.09
[rosout][INFO] 2025-03-27 13:53:01,434: Back Left Min: 1.46, Back Right Min: 2.03
[rosout][INFO] 2025-03-27 13:53:01,537: Back Left Min: 1.46, Back Right Min: 2.03
[rosout][INFO] 2025-03-27 13:53:01,634: Back Left Min: 1.46, Back Right Min: 2.03
[rosout][INFO] 2025-03-27 13:53:01,737: Back Left Min: 1.49, Back Right Min: 2.06
[rosout][INFO] 2025-03-27 13:53:01,834: Back Left Min: 1.49, Back Right Min: 2.06
[rosout][INFO] 2025-03-27 13:53:01,937: Back Left Min: 1.49, Back Right Min: 2.06
[rosout][INFO] 2025-03-27 13:53:02,034: Back Left Min: 1.52, Back Right Min: 2.03
[rosout][INFO] 2025-03-27 13:53:02,138: Back Left Min: 1.52, Back Right Min: 2.03
[rosout][INFO] 2025-03-27 13:53:02,234: Back Left Min: 1.52, Back Right Min: 2.03
[rosout][INFO] 2025-03-27 13:53:02,338: Back Left Min: 1.54, Back Right Min: 2.09
[rosout][INFO] 2025-03-27 13:53:02,435: Back Left Min: 1.54, Back Right Min: 2.09
[rosout][INFO] 2025-03-27 13:53:02,538: Back Left Min: 0.65, Back Right Min: 2.07
[rosout][INFO] 2025-03-27 13:53:02,635: Back Left Min: 0.65, Back Right Min: 2.07
[rosout][INFO] 2025-03-27 13:53:02,738: Back Left Min: 0.65, Back Right Min: 2.07
[rosout][INFO] 2025-03-27 13:53:02,835: Back Left Min: 0.68, Back Right Min: 2.01
[rosout][INFO] 2025-03-27 13:53:02,938: Back Left Min: 0.68, Back Right Min: 2.01
[rosout][INFO] 2025-03-27 13:53:03,035: Back Left Min: 0.68, Back Right Min: 2.01
[rosout][INFO] 2025-03-27 13:53:03,138: Back Left Min: 1.01, Back Right Min: 1.71
[rosout][INFO] 2025-03-27 13:53:03,235: Back Left Min: 1.01, Back Right Min: 1.71
[rosout][INFO] 2025-03-27 13:53:03,338: Back Left Min: 1.01, Back Right Min: 1.71
[rosout][INFO] 2025-03-27 13:53:03,435: Back Left Min: 0.98, Back Right Min: 2.23
[rosout][INFO] 2025-03-27 13:53:03,538: Back Left Min: 0.98, Back Right Min: 2.23
[rosout][INFO] 2025-03-27 13:53:03,635: Back Left Min: 0.98, Back Right Min: 2.23
[rosout][INFO] 2025-03-27 13:53:03,738: Back Left Min: 0.72, Back Right Min: 2.24
[rosout][INFO] 2025-03-27 13:53:03,835: Back Left Min: 0.72, Back Right Min: 2.24
[rosout][INFO] 2025-03-27 13:53:03,938: Back Left Min: 0.81, Back Right Min: 2.24
[rosout][INFO] 2025-03-27 13:53:04,035: Back Left Min: 0.81, Back Right Min: 2.24
[rosout][INFO] 2025-03-27 13:53:04,138: Back Left Min: 0.81, Back Right Min: 2.24
[rosout][INFO] 2025-03-27 13:53:04,235: Back Left Min: 0.72, Back Right Min: 2.24
[rosout][INFO] 2025-03-27 13:53:04,339: Back Left Min: 0.72, Back Right Min: 2.24
[rosout][INFO] 2025-03-27 13:53:04,435: Back Left Min: 0.72, Back Right Min: 2.24
[rosout][INFO] 2025-03-27 13:53:04,539: Back Left Min: 0.87, Back Right Min: 2.24
[rosout][INFO] 2025-03-27 13:53:04,635: Back Left Min: 0.87, Back Right Min: 2.24
[rosout][INFO] 2025-03-27 13:53:04,739: Back Left Min: 0.87, Back Right Min: 2.24
[rosout][INFO] 2025-03-27 13:53:04,836: Back Left Min: 0.71, Back Right Min: 1.32
[rosout][INFO] 2025-03-27 13:53:04,939: Back Left Min: 0.71, Back Right Min: 1.32
[rosout][INFO] 2025-03-27 13:53:05,036: Back Left Min: 0.71, Back Right Min: 1.32
[rosout][INFO] 2025-03-27 13:53:05,139: Back Left Min: 0.70, Back Right Min: 1.69
[rosout][INFO] 2025-03-27 13:53:05,236: Back Left Min: 0.70, Back Right Min: 1.69
[rosout][INFO] 2025-03-27 13:53:05,339: Back Left Min: 0.66, Back Right Min: 2.22
[rosout][INFO] 2025-03-27 13:53:05,436: Back Left Min: 0.66, Back Right Min: 2.22
[rosout][INFO] 2025-03-27 13:53:05,539: Back Left Min: 0.66, Back Right Min: 2.22
[rosout][INFO] 2025-03-27 13:53:05,636: Back Left Min: 0.65, Back Right Min: 2.22
[rosout][INFO] 2025-03-27 13:53:05,739: Back Left Min: 0.65, Back Right Min: 2.22
[rosout][INFO] 2025-03-27 13:53:05,836: Back Left Min: 0.65, Back Right Min: 2.22
[rosout][INFO] 2025-03-27 13:53:05,939: Back Left Min: 0.65, Back Right Min: 2.20
[rosout][INFO] 2025-03-27 13:53:06,036: Back Left Min: 0.65, Back Right Min: 2.20
[rosout][INFO] 2025-03-27 13:53:06,139: Back Left Min: 0.65, Back Right Min: 2.20
[rosout][INFO] 2025-03-27 13:53:06,236: Back Left Min: 0.65, Back Right Min: 2.21
[rosout][INFO] 2025-03-27 13:53:06,339: Back Left Min: 0.65, Back Right Min: 2.21
[rosout][INFO] 2025-03-27 13:53:06,436: Back Left Min: 0.65, Back Right Min: 2.21
[rosout][INFO] 2025-03-27 13:53:06,540: Back Left Min: 0.65, Back Right Min: 2.22
[rosout][INFO] 2025-03-27 13:53:06,636: Back Left Min: 0.65, Back Right Min: 2.22
[rosout][INFO] 2025-03-27 13:53:06,739: Back Left Min: 0.65, Back Right Min: 1.38
[rosout][INFO] 2025-03-27 13:53:06,836: Back Left Min: 0.65, Back Right Min: 1.38
[rosout][INFO] 2025-03-27 13:53:06,940: Back Left Min: 0.65, Back Right Min: 1.38
[rosout][INFO] 2025-03-27 13:53:07,036: Back Left Min: 0.66, Back Right Min: 2.21
[rosout][INFO] 2025-03-27 13:53:07,140: Back Left Min: 0.66, Back Right Min: 2.21
[rosout][INFO] 2025-03-27 13:53:07,237: Back Left Min: 0.66, Back Right Min: 2.21
[rosout][INFO] 2025-03-27 13:53:07,340: Back Left Min: 0.65, Back Right Min: 1.37
[rosout][INFO] 2025-03-27 13:53:07,437: Back Left Min: 0.65, Back Right Min: 1.37
[rosout][INFO] 2025-03-27 13:53:07,540: Back Left Min: 0.65, Back Right Min: 1.37
[rosout][INFO] 2025-03-27 13:53:07,637: Back Left Min: 0.66, Back Right Min: 1.37
[rosout][INFO] 2025-03-27 13:53:07,740: Back Left Min: 0.66, Back Right Min: 1.37
[rosout][INFO] 2025-03-27 13:53:07,837: Back Left Min: 0.66, Back Right Min: 1.37
[rosout][INFO] 2025-03-27 13:53:07,940: Back Left Min: 0.65, Back Right Min: 1.37
[rosout][INFO] 2025-03-27 13:53:08,037: Back Left Min: 0.65, Back Right Min: 1.37
[rosout][INFO] 2025-03-27 13:53:08,140: Back Left Min: 0.66, Back Right Min: 2.21
[rosout][INFO] 2025-03-27 13:53:08,237: Back Left Min: 0.66, Back Right Min: 2.21
[rosout][INFO] 2025-03-27 13:53:08,340: Back Left Min: 0.66, Back Right Min: 2.21
[rosout][INFO] 2025-03-27 13:53:08,437: Back Left Min: 0.66, Back Right Min: 2.14
[rosout][INFO] 2025-03-27 13:53:08,541: Back Left Min: 0.66, Back Right Min: 2.14
[rosout][INFO] 2025-03-27 13:53:08,638: Back Left Min: 0.66, Back Right Min: 2.14
[rosout][INFO] 2025-03-27 13:53:08,741: Back Left Min: 0.67, Back Right Min: 1.34
[rosout][INFO] 2025-03-27 13:53:08,838: Back Left Min: 0.67, Back Right Min: 1.34
[rosout][INFO] 2025-03-27 13:53:08,941: Back Left Min: 0.67, Back Right Min: 1.34
[rosout][INFO] 2025-03-27 13:53:09,038: Back Left Min: 0.66, Back Right Min: 1.32
[rosout][INFO] 2025-03-27 13:53:09,140: Back Left Min: 0.66, Back Right Min: 1.32
[rosout][INFO] 2025-03-27 13:53:09,238: Back Left Min: 0.66, Back Right Min: 1.32
[rosout][INFO] 2025-03-27 13:53:09,341: Back Left Min: 1.16, Back Right Min: 1.30
[rosout][INFO] 2025-03-27 13:53:09,438: Back Left Min: 1.16, Back Right Min: 1.30
[rosout][INFO] 2025-03-27 13:53:09,541: Back Left Min: 1.15, Back Right Min: 1.28
[rosout][INFO] 2025-03-27 13:53:09,638: Back Left Min: 1.15, Back Right Min: 1.28
[rosout][INFO] 2025-03-27 13:53:09,741: Back Left Min: 1.15, Back Right Min: 1.28
[rosout][INFO] 2025-03-27 13:53:09,838: Back Left Min: 1.16, Back Right Min: 1.29
[rosout][INFO] 2025-03-27 13:53:09,941: Back Left Min: 1.16, Back Right Min: 1.29
[rosout][INFO] 2025-03-27 13:53:10,038: Back Left Min: 1.16, Back Right Min: 1.29
[rosout][INFO] 2025-03-27 13:53:10,141: Back Left Min: 1.36, Back Right Min: 1.28
[rosout][INFO] 2025-03-27 13:53:10,238: Back Left Min: 1.36, Back Right Min: 1.28
[rosout][INFO] 2025-03-27 13:53:10,342: Back Left Min: 1.36, Back Right Min: 1.28
[rosout][INFO] 2025-03-27 13:53:10,438: Back Left Min: 1.36, Back Right Min: 1.21
[rosout][INFO] 2025-03-27 13:53:10,541: Back Left Min: 1.36, Back Right Min: 1.21
[rosout][INFO] 2025-03-27 13:53:10,638: Back Left Min: 1.36, Back Right Min: 1.21
[rosout][INFO] 2025-03-27 13:53:10,742: Back Left Min: 1.33, Back Right Min: 1.20
[rosout][INFO] 2025-03-27 13:53:10,838: Back Left Min: 1.33, Back Right Min: 1.20
[rosout][INFO] 2025-03-27 13:53:10,942: Back Left Min: 1.30, Back Right Min: 1.18
[rosout][INFO] 2025-03-27 13:53:11,039: Back Left Min: 1.30, Back Right Min: 1.18
[rosout][INFO] 2025-03-27 13:53:11,142: Back Left Min: 1.30, Back Right Min: 1.18
[rosout][INFO] 2025-03-27 13:53:11,239: Back Left Min: 1.29, Back Right Min: 1.17
[rosout][INFO] 2025-03-27 13:53:11,341: Back Left Min: 1.29, Back Right Min: 1.17
[rosout][INFO] 2025-03-27 13:53:11,438: Back Left Min: 1.29, Back Right Min: 1.17
[rosout][INFO] 2025-03-27 13:53:11,541: Back Left Min: 1.29, Back Right Min: 1.17
[rosout][INFO] 2025-03-27 13:53:11,638: Back Left Min: 1.29, Back Right Min: 1.17
[rosout][INFO] 2025-03-27 13:53:11,741: Back Left Min: 1.29, Back Right Min: 1.17
[rosout][INFO] 2025-03-27 13:53:11,838: Back Left Min: 1.29, Back Right Min: 1.17
[rosout][INFO] 2025-03-27 13:53:11,942: Back Left Min: 1.29, Back Right Min: 1.17
[rosout][INFO] 2025-03-27 13:53:12,038: Back Left Min: 1.29, Back Right Min: 1.17
[rosout][INFO] 2025-03-27 13:53:12,142: Back Left Min: 1.29, Back Right Min: 1.17
[rosout][INFO] 2025-03-27 13:53:12,239: Back Left Min: 1.29, Back Right Min: 1.17
[rosout][INFO] 2025-03-27 13:53:12,342: Back Left Min: 1.28, Back Right Min: 1.17
[rosout][INFO] 2025-03-27 13:53:12,439: Back Left Min: 1.28, Back Right Min: 1.17
[rosout][INFO] 2025-03-27 13:53:12,542: Back Left Min: 1.28, Back Right Min: 1.17
[rosout][INFO] 2025-03-27 13:53:12,639: Back Left Min: 0.98, Back Right Min: 1.17
[rosout][INFO] 2025-03-27 13:53:12,742: Back Left Min: 0.98, Back Right Min: 1.17
[rosout][INFO] 2025-03-27 13:53:12,839: Back Left Min: 0.98, Back Right Min: 1.17
[rosout][INFO] 2025-03-27 13:53:12,942: Back Left Min: 0.97, Back Right Min: 1.17
[rosout][INFO] 2025-03-27 13:53:13,039: Back Left Min: 0.97, Back Right Min: 1.17
[rosout][INFO] 2025-03-27 13:53:13,142: Back Left Min: 0.97, Back Right Min: 1.17
[rosout][INFO] 2025-03-27 13:53:13,239: Back Left Min: 0.99, Back Right Min: 1.17
[rosout][INFO] 2025-03-27 13:53:13,342: Back Left Min: 0.99, Back Right Min: 1.17
[rosout][INFO] 2025-03-27 13:53:13,439: Back Left Min: 0.99, Back Right Min: 1.17
[rosout][INFO] 2025-03-27 13:53:13,542: Back Left Min: 0.77, Back Right Min: 1.17
[rosout][INFO] 2025-03-27 13:53:13,639: Back Left Min: 0.77, Back Right Min: 1.17
[rosout][INFO] 2025-03-27 13:53:13,742: Back Left Min: 0.90, Back Right Min: 1.17
[rosout][INFO] 2025-03-27 13:53:13,839: Back Left Min: 0.90, Back Right Min: 1.17
[rosout][INFO] 2025-03-27 13:53:13,942: Back Left Min: 0.90, Back Right Min: 1.17
[rosout][INFO] 2025-03-27 13:53:14,039: Back Left Min: 0.91, Back Right Min: 1.17
[rosout][INFO] 2025-03-27 13:53:14,142: Back Left Min: 0.91, Back Right Min: 1.17
[rosout][INFO] 2025-03-27 13:53:14,239: Back Left Min: 0.91, Back Right Min: 1.17
[rosout][INFO] 2025-03-27 13:53:14,343: Back Left Min: 0.93, Back Right Min: 1.17
[rosout][INFO] 2025-03-27 13:53:14,440: Back Left Min: 0.93, Back Right Min: 1.17
[rosout][INFO] 2025-03-27 13:53:14,543: Back Left Min: 0.93, Back Right Min: 1.17
[rosout][INFO] 2025-03-27 13:53:14,640: Back Left Min: 0.93, Back Right Min: 1.17
[rosout][INFO] 2025-03-27 13:53:14,743: Back Left Min: 0.93, Back Right Min: 1.17
[rosout][INFO] 2025-03-27 13:53:14,840: Back Left Min: 0.93, Back Right Min: 1.17
[rosout][INFO] 2025-03-27 13:53:14,943: Back Left Min: 0.91, Back Right Min: 1.17
[rosout][INFO] 2025-03-27 13:53:15,040: Back Left Min: 0.91, Back Right Min: 1.17
[rosout][INFO] 2025-03-27 13:53:15,143: Back Left Min: 0.88, Back Right Min: 1.17
[rosout][INFO] 2025-03-27 13:53:15,240: Back Left Min: 0.88, Back Right Min: 1.17
[rosout][INFO] 2025-03-27 13:53:15,343: Back Left Min: 0.88, Back Right Min: 1.17
[rosout][INFO] 2025-03-27 13:53:15,440: Back Left Min: 0.93, Back Right Min: 1.17
[rosout][INFO] 2025-03-27 13:53:15,543: Back Left Min: 0.93, Back Right Min: 1.17
[rosout][INFO] 2025-03-27 13:53:15,640: Back Left Min: 0.93, Back Right Min: 1.17
[rosout][INFO] 2025-03-27 13:53:15,744: Back Left Min: 0.92, Back Right Min: 1.17
[rosout][INFO] 2025-03-27 13:53:15,840: Back Left Min: 0.92, Back Right Min: 1.17
[rosout][INFO] 2025-03-27 13:53:15,944: Back Left Min: 0.92, Back Right Min: 1.17
[rosout][INFO] 2025-03-27 13:53:16,040: Back Left Min: 0.92, Back Right Min: 1.17
[rosout][INFO] 2025-03-27 13:53:16,143: Back Left Min: 0.92, Back Right Min: 1.17
[rosout][INFO] 2025-03-27 13:53:16,240: Back Left Min: 0.92, Back Right Min: 1.17
[rosout][INFO] 2025-03-27 13:53:16,343: Back Left Min: 0.92, Back Right Min: 1.17
[rosout][INFO] 2025-03-27 13:53:16,440: Back Left Min: 0.92, Back Right Min: 1.17
[rosout][INFO] 2025-03-27 13:53:16,544: Back Left Min: 0.93, Back Right Min: 1.17
[rosout][INFO] 2025-03-27 13:53:16,640: Back Left Min: 0.93, Back Right Min: 1.17
[rosout][INFO] 2025-03-27 13:53:16,744: Back Left Min: 0.93, Back Right Min: 1.17
[rosout][INFO] 2025-03-27 13:53:16,841: Back Left Min: 0.93, Back Right Min: 1.17
[rosout][INFO] 2025-03-27 13:53:16,944: Back Left Min: 0.93, Back Right Min: 1.17
[rosout][INFO] 2025-03-27 13:53:17,041: Back Left Min: 0.93, Back Right Min: 1.17
[rosout][INFO] 2025-03-27 13:53:17,144: Back Left Min: 0.93, Back Right Min: 1.17
[rosout][INFO] 2025-03-27 13:53:17,241: Back Left Min: 0.93, Back Right Min: 1.17
[rosout][INFO] 2025-03-27 13:53:17,344: Back Left Min: 0.93, Back Right Min: 1.17
[rosout][INFO] 2025-03-27 13:53:17,441: Back Left Min: 0.93, Back Right Min: 1.17
[rosout][INFO] 2025-03-27 13:53:17,544: Back Left Min: 0.93, Back Right Min: 1.17
[rosout][INFO] 2025-03-27 13:53:17,641: Back Left Min: 0.93, Back Right Min: 1.17
[rosout][INFO] 2025-03-27 13:53:17,744: Back Left Min: 0.93, Back Right Min: 1.17
[rosout][INFO] 2025-03-27 13:53:17,841: Back Left Min: 0.93, Back Right Min: 1.17
[rosout][INFO] 2025-03-27 13:53:17,944: Back Left Min: 0.93, Back Right Min: 1.17
[rosout][INFO] 2025-03-27 13:53:18,041: Back Left Min: 0.93, Back Right Min: 1.17
[rosout][INFO] 2025-03-27 13:53:18,144: Back Left Min: 0.93, Back Right Min: 1.17
[rosout][INFO] 2025-03-27 13:53:18,242: Back Left Min: 0.93, Back Right Min: 1.17
[rosout][INFO] 2025-03-27 13:53:18,344: Back Left Min: 0.93, Back Right Min: 1.17
[rosout][INFO] 2025-03-27 13:53:18,441: Back Left Min: 0.93, Back Right Min: 1.17
[rosout][INFO] 2025-03-27 13:53:18,544: Back Left Min: 0.94, Back Right Min: 1.17
[rosout][INFO] 2025-03-27 13:53:18,641: Back Left Min: 0.94, Back Right Min: 1.17
[rosout][INFO] 2025-03-27 13:53:18,744: Back Left Min: 0.94, Back Right Min: 1.17
[rosout][INFO] 2025-03-27 13:53:18,841: Back Left Min: 0.94, Back Right Min: 1.17
[rosout][INFO] 2025-03-27 13:53:18,944: Back Left Min: 0.94, Back Right Min: 1.17
[rosout][INFO] 2025-03-27 13:53:19,041: Back Left Min: 0.94, Back Right Min: 1.17
[rosout][INFO] 2025-03-27 13:53:19,145: Back Left Min: 0.94, Back Right Min: 1.17
[rosout][INFO] 2025-03-27 13:53:19,241: Back Left Min: 0.94, Back Right Min: 1.17
[rosout][INFO] 2025-03-27 13:53:19,345: Back Left Min: 0.93, Back Right Min: 1.17
[rosout][INFO] 2025-03-27 13:53:19,442: Back Left Min: 0.93, Back Right Min: 1.17
[rosout][INFO] 2025-03-27 13:53:19,545: Back Left Min: 0.93, Back Right Min: 1.17
[rosout][INFO] 2025-03-27 13:53:19,642: Back Left Min: 0.93, Back Right Min: 1.17
[rosout][INFO] 2025-03-27 13:53:19,745: Back Left Min: 0.93, Back Right Min: 1.17
[rosout][INFO] 2025-03-27 13:53:19,842: Back Left Min: 0.93, Back Right Min: 1.17
[rosout][INFO] 2025-03-27 13:53:19,945: Back Left Min: 0.93, Back Right Min: 1.17
[rosout][INFO] 2025-03-27 13:53:20,042: Back Left Min: 0.93, Back Right Min: 1.17
[rosout][INFO] 2025-03-27 13:53:20,145: Back Left Min: 0.93, Back Right Min: 1.17
[rosout][INFO] 2025-03-27 13:53:20,242: Back Left Min: 0.93, Back Right Min: 1.17
[rosout][INFO] 2025-03-27 13:53:20,345: Back Left Min: 0.93, Back Right Min: 1.17
[rosout][INFO] 2025-03-27 13:53:20,442: Back Left Min: 0.93, Back Right Min: 1.17
[rosout][INFO] 2025-03-27 13:53:20,545: Back Left Min: 0.93, Back Right Min: 1.17
[rosout][INFO] 2025-03-27 13:53:20,643: Back Left Min: 0.93, Back Right Min: 1.17
[rosout][INFO] 2025-03-27 13:53:20,745: Back Left Min: 0.93, Back Right Min: 1.17
[rosout][INFO] 2025-03-27 13:53:20,842: Back Left Min: 0.93, Back Right Min: 1.17
[rosout][INFO] 2025-03-27 13:53:20,945: Back Left Min: 0.93, Back Right Min: 1.17
[rosout][INFO] 2025-03-27 13:53:21,042: Back Left Min: 0.93, Back Right Min: 1.17
[rosout][INFO] 2025-03-27 13:53:21,145: Back Left Min: 0.93, Back Right Min: 1.17
[rosout][INFO] 2025-03-27 13:53:21,242: Back Left Min: 0.93, Back Right Min: 1.17
[rosout][INFO] 2025-03-27 13:53:21,345: Back Left Min: 0.93, Back Right Min: 1.17
[rosout][INFO] 2025-03-27 13:53:21,442: Back Left Min: 0.93, Back Right Min: 1.17
[rosout][INFO] 2025-03-27 13:53:21,546: Back Left Min: 0.93, Back Right Min: 1.17
[rosout][INFO] 2025-03-27 13:53:21,642: Back Left Min: 0.93, Back Right Min: 1.17
[rosout][INFO] 2025-03-27 13:53:21,746: Back Left Min: 0.93, Back Right Min: 1.17
[rosout][INFO] 2025-03-27 13:53:21,843: Back Left Min: 0.93, Back Right Min: 1.17
[rosout][INFO] 2025-03-27 13:53:21,946: Back Left Min: 0.93, Back Right Min: 1.17
[rosout][INFO] 2025-03-27 13:53:22,043: Back Left Min: 0.93, Back Right Min: 1.17
[rosout][INFO] 2025-03-27 13:53:22,146: Back Left Min: 0.93, Back Right Min: 1.17
[rosout][INFO] 2025-03-27 13:53:22,243: Back Left Min: 0.93, Back Right Min: 1.17
[rosout][INFO] 2025-03-27 13:53:22,346: Back Left Min: 0.93, Back Right Min: 1.17
[rosout][INFO] 2025-03-27 13:53:22,443: Back Left Min: 0.93, Back Right Min: 1.17
[rosout][INFO] 2025-03-27 13:53:22,546: Back Left Min: 0.93, Back Right Min: 1.17
[rosout][INFO] 2025-03-27 13:53:22,643: Back Left Min: 0.93, Back Right Min: 1.17
[rosout][INFO] 2025-03-27 13:53:22,746: Back Left Min: 0.93, Back Right Min: 1.17
[rosout][INFO] 2025-03-27 13:53:22,843: Back Left Min: 0.93, Back Right Min: 1.17
[rosout][INFO] 2025-03-27 13:53:22,946: Back Left Min: 0.93, Back Right Min: 1.17
[rosout][INFO] 2025-03-27 13:53:23,043: Back Left Min: 0.93, Back Right Min: 1.17
[rosout][INFO] 2025-03-27 13:53:23,146: Back Left Min: 0.93, Back Right Min: 1.17
[rosout][INFO] 2025-03-27 13:53:23,243: Back Left Min: 0.93, Back Right Min: 1.17
[rosout][INFO] 2025-03-27 13:53:23,346: Back Left Min: 0.93, Back Right Min: 1.17
[rosout][INFO] 2025-03-27 13:53:23,443: Back Left Min: 0.93, Back Right Min: 1.17
[rosout][INFO] 2025-03-27 13:53:23,546: Back Left Min: 0.93, Back Right Min: 1.17
[rosout][INFO] 2025-03-27 13:53:23,643: Back Left Min: 0.93, Back Right Min: 1.17
[rosout][INFO] 2025-03-27 13:53:23,746: Back Left Min: 0.93, Back Right Min: 1.17
[rosout][INFO] 2025-03-27 13:53:23,843: Back Left Min: 0.93, Back Right Min: 1.17
[rosout][INFO] 2025-03-27 13:53:23,947: Back Left Min: 0.93, Back Right Min: 1.17
[rosout][INFO] 2025-03-27 13:53:24,043: Back Left Min: 0.93, Back Right Min: 1.17
[rosout][INFO] 2025-03-27 13:53:24,147: Back Left Min: 0.93, Back Right Min: 1.17
[rosout][INFO] 2025-03-27 13:53:24,244: Back Left Min: 0.93, Back Right Min: 1.17
[rosout][INFO] 2025-03-27 13:53:24,347: Back Left Min: 0.93, Back Right Min: 1.17
[rosout][INFO] 2025-03-27 13:53:24,444: Back Left Min: 0.93, Back Right Min: 1.17
[rosout][INFO] 2025-03-27 13:53:24,547: Back Left Min: 0.93, Back Right Min: 1.17
[rosout][INFO] 2025-03-27 13:53:24,644: Back Left Min: 0.93, Back Right Min: 1.17
[rosout][INFO] 2025-03-27 13:53:24,747: Back Left Min: 0.93, Back Right Min: 1.17
[rosout][INFO] 2025-03-27 13:53:24,844: Back Left Min: 0.93, Back Right Min: 1.17
[rosout][INFO] 2025-03-27 13:53:24,947: Back Left Min: 0.93, Back Right Min: 1.17
[rosout][INFO] 2025-03-27 13:53:25,044: Back Left Min: 0.93, Back Right Min: 1.17
[rosout][INFO] 2025-03-27 13:53:25,147: Back Left Min: 0.93, Back Right Min: 1.17
[rosout][INFO] 2025-03-27 13:53:25,244: Back Left Min: 0.93, Back Right Min: 1.17
[rosout][INFO] 2025-03-27 13:53:25,347: Back Left Min: 0.93, Back Right Min: 1.17
[rosout][INFO] 2025-03-27 13:53:25,444: Back Left Min: 0.93, Back Right Min: 1.17
[rosout][INFO] 2025-03-27 13:53:25,547: Back Left Min: 0.93, Back Right Min: 1.17
[rosout][INFO] 2025-03-27 13:53:25,644: Back Left Min: 0.93, Back Right Min: 1.17
[rosout][INFO] 2025-03-27 13:53:25,747: Back Left Min: 0.93, Back Right Min: 1.17
[rosout][INFO] 2025-03-27 13:53:25,844: Back Left Min: 0.93, Back Right Min: 1.17
[rosout][INFO] 2025-03-27 13:53:25,948: Back Left Min: 0.93, Back Right Min: 1.17
[rosout][INFO] 2025-03-27 13:53:26,044: Back Left Min: 0.93, Back Right Min: 1.17
[rosout][INFO] 2025-03-27 13:53:26,148: Back Left Min: 0.93, Back Right Min: 1.17
[rosout][INFO] 2025-03-27 13:53:26,244: Back Left Min: 0.93, Back Right Min: 1.17
[rosout][INFO] 2025-03-27 13:53:26,348: Back Left Min: 0.93, Back Right Min: 1.17
[rosout][INFO] 2025-03-27 13:53:26,444: Back Left Min: 0.93, Back Right Min: 1.17
[rosout][INFO] 2025-03-27 13:53:26,548: Back Left Min: 0.93, Back Right Min: 1.17
[rosout][INFO] 2025-03-27 13:53:26,645: Back Left Min: 0.93, Back Right Min: 1.17
[rosout][INFO] 2025-03-27 13:53:26,748: Back Left Min: 0.93, Back Right Min: 1.17
[rosout][INFO] 2025-03-27 13:53:26,845: Back Left Min: 0.93, Back Right Min: 1.17
[rosout][INFO] 2025-03-27 13:53:26,948: Back Left Min: 0.93, Back Right Min: 1.17
[rosout][INFO] 2025-03-27 13:53:27,045: Back Left Min: 0.93, Back Right Min: 1.17
[rosout][INFO] 2025-03-27 13:53:27,148: Back Left Min: 0.93, Back Right Min: 1.17
[rosout][INFO] 2025-03-27 13:53:27,245: Back Left Min: 0.93, Back Right Min: 1.17
[rosout][INFO] 2025-03-27 13:53:27,348: Back Left Min: 0.93, Back Right Min: 1.17
[rosout][INFO] 2025-03-27 13:53:27,445: Back Left Min: 0.93, Back Right Min: 1.17
[rosout][INFO] 2025-03-27 13:53:27,548: Back Left Min: 0.93, Back Right Min: 1.17
[rosout][INFO] 2025-03-27 13:53:27,645: Back Left Min: 0.93, Back Right Min: 1.17
[rosout][INFO] 2025-03-27 13:53:27,748: Back Left Min: 0.93, Back Right Min: 1.17
[rosout][INFO] 2025-03-27 13:53:27,845: Back Left Min: 0.93, Back Right Min: 1.17
[rosout][INFO] 2025-03-27 13:53:27,948: Back Left Min: 0.93, Back Right Min: 1.17
[rosout][INFO] 2025-03-27 13:53:28,045: Back Left Min: 0.93, Back Right Min: 1.17
[rosout][INFO] 2025-03-27 13:53:28,148: Back Left Min: 0.93, Back Right Min: 1.17
[rosout][INFO] 2025-03-27 13:53:28,245: Back Left Min: 0.93, Back Right Min: 1.17
[rosout][INFO] 2025-03-27 13:53:28,348: Back Left Min: 0.93, Back Right Min: 1.17
[rosout][INFO] 2025-03-27 13:53:28,445: Back Left Min: 0.93, Back Right Min: 1.17
[rosout][INFO] 2025-03-27 13:53:28,548: Back Left Min: 0.93, Back Right Min: 1.17
[rosout][INFO] 2025-03-27 13:53:28,645: Back Left Min: 0.93, Back Right Min: 1.17
[rosout][INFO] 2025-03-27 13:53:28,748: Back Left Min: 0.93, Back Right Min: 1.17
[rosout][INFO] 2025-03-27 13:53:28,845: Back Left Min: 0.93, Back Right Min: 1.17
[rosout][INFO] 2025-03-27 13:53:28,949: Back Left Min: 0.93, Back Right Min: 1.17
[rosout][INFO] 2025-03-27 13:53:29,045: Back Left Min: 0.93, Back Right Min: 1.17
[rosout][INFO] 2025-03-27 13:53:29,149: Back Left Min: 0.93, Back Right Min: 1.17
[rosout][INFO] 2025-03-27 13:53:29,246: Back Left Min: 0.93, Back Right Min: 1.17
[rosout][INFO] 2025-03-27 13:53:29,349: Back Left Min: 0.93, Back Right Min: 1.17
[rosout][INFO] 2025-03-27 13:53:29,446: Back Left Min: 0.93, Back Right Min: 1.17
[rosout][INFO] 2025-03-27 13:53:29,549: Back Left Min: 0.93, Back Right Min: 1.17
[rosout][INFO] 2025-03-27 13:53:29,646: Back Left Min: 0.93, Back Right Min: 1.17
[rosout][INFO] 2025-03-27 13:53:29,749: Back Left Min: 0.93, Back Right Min: 1.17
[rosout][INFO] 2025-03-27 13:53:29,846: Back Left Min: 0.93, Back Right Min: 1.17
[rosout][INFO] 2025-03-27 13:53:29,949: Back Left Min: 0.93, Back Right Min: 1.17
[rosout][INFO] 2025-03-27 13:53:30,046: Back Left Min: 0.93, Back Right Min: 1.17
[rosout][INFO] 2025-03-27 13:53:30,149: Back Left Min: 0.93, Back Right Min: 1.17
[rosout][INFO] 2025-03-27 13:53:30,246: Back Left Min: 0.93, Back Right Min: 1.17
[rosout][INFO] 2025-03-27 13:53:30,349: Back Left Min: 0.93, Back Right Min: 1.17
[rosout][INFO] 2025-03-27 13:53:30,446: Back Left Min: 0.93, Back Right Min: 1.17
[rosout][INFO] 2025-03-27 13:53:30,549: Back Left Min: 0.93, Back Right Min: 1.17
[rosout][INFO] 2025-03-27 13:53:30,646: Back Left Min: 0.93, Back Right Min: 1.17
[rosout][INFO] 2025-03-27 13:53:30,749: Back Left Min: 0.93, Back Right Min: 1.17
[rosout][INFO] 2025-03-27 13:53:30,846: Back Left Min: 0.93, Back Right Min: 1.17
[rosout][INFO] 2025-03-27 13:53:30,949: Back Left Min: 0.93, Back Right Min: 1.17
[rosout][INFO] 2025-03-27 13:53:31,046: Back Left Min: 0.93, Back Right Min: 1.17
[rosout][INFO] 2025-03-27 13:53:31,150: Back Left Min: 0.94, Back Right Min: 1.17
[rosout][INFO] 2025-03-27 13:53:31,246: Back Left Min: 0.94, Back Right Min: 1.17
[rosout][INFO] 2025-03-27 13:53:31,350: Back Left Min: 0.94, Back Right Min: 1.17
[rosout][INFO] 2025-03-27 13:53:31,446: Back Left Min: 0.94, Back Right Min: 1.17
[rosout][INFO] 2025-03-27 13:53:31,550: Back Left Min: 0.94, Back Right Min: 1.17
[rosout][INFO] 2025-03-27 13:53:31,647: Back Left Min: 0.94, Back Right Min: 1.17
[rosout][INFO] 2025-03-27 13:53:31,750: Back Left Min: 0.94, Back Right Min: 1.17
[rosout][INFO] 2025-03-27 13:53:31,847: Back Left Min: 0.94, Back Right Min: 1.17
[rosout][INFO] 2025-03-27 13:53:31,950: Back Left Min: 0.91, Back Right Min: 1.17
[rosout][INFO] 2025-03-27 13:53:32,047: Back Left Min: 0.91, Back Right Min: 1.17
[rosout][INFO] 2025-03-27 13:53:32,150: Back Left Min: 0.91, Back Right Min: 1.17
[rosout][INFO] 2025-03-27 13:53:32,247: Back Left Min: 0.94, Back Right Min: 1.17
[rosout][INFO] 2025-03-27 13:53:32,350: Back Left Min: 0.94, Back Right Min: 1.17
[rosout][INFO] 2025-03-27 13:53:32,447: Back Left Min: 0.94, Back Right Min: 1.17
[rosout][INFO] 2025-03-27 13:53:32,550: Back Left Min: 0.92, Back Right Min: 1.17
[rosout][INFO] 2025-03-27 13:53:32,647: Back Left Min: 0.92, Back Right Min: 1.17
[rosout][INFO] 2025-03-27 13:53:32,750: Back Left Min: 0.92, Back Right Min: 1.17
[rosout][INFO] 2025-03-27 13:53:32,847: Back Left Min: 0.92, Back Right Min: 1.17
[rosout][INFO] 2025-03-27 13:53:32,950: Back Left Min: 0.92, Back Right Min: 1.17
[rosout][INFO] 2025-03-27 13:53:33,047: Back Left Min: 0.92, Back Right Min: 1.17
[rosout][INFO] 2025-03-27 13:53:33,150: Back Left Min: 0.90, Back Right Min: 1.17
[rosout][INFO] 2025-03-27 13:53:33,247: Back Left Min: 0.90, Back Right Min: 1.17
[rosout][INFO] 2025-03-27 13:53:33,350: Back Left Min: 0.91, Back Right Min: 1.17
[rosout][INFO] 2025-03-27 13:53:33,447: Back Left Min: 0.91, Back Right Min: 1.17
[rosout][INFO] 2025-03-27 13:53:33,551: Back Left Min: 0.91, Back Right Min: 1.17
[rosout][INFO] 2025-03-27 13:53:33,647: Back Left Min: 0.92, Back Right Min: 1.17
[rosout][INFO] 2025-03-27 13:53:33,751: Back Left Min: 0.92, Back Right Min: 1.17
[rosout][INFO] 2025-03-27 13:53:33,847: Back Left Min: 0.92, Back Right Min: 1.17
[rosout][INFO] 2025-03-27 13:53:33,951: Back Left Min: 0.92, Back Right Min: 1.17
[rosout][INFO] 2025-03-27 13:53:34,048: Back Left Min: 0.92, Back Right Min: 1.17
[rosout][INFO] 2025-03-27 13:53:34,151: Back Left Min: 0.92, Back Right Min: 1.17
[rosout][INFO] 2025-03-27 13:53:34,248: Back Left Min: 0.92, Back Right Min: 1.17
[rosout][INFO] 2025-03-27 13:53:34,351: Back Left Min: 0.92, Back Right Min: 1.17
[rosout][INFO] 2025-03-27 13:53:34,448: Back Left Min: 0.92, Back Right Min: 1.17
[rosout][INFO] 2025-03-27 13:53:34,551: Back Left Min: 0.92, Back Right Min: 1.17
[rosout][INFO] 2025-03-27 13:53:34,648: Back Left Min: 0.92, Back Right Min: 1.17
[rosout][INFO] 2025-03-27 13:53:34,751: Back Left Min: 0.91, Back Right Min: 1.17
[rosout][INFO] 2025-03-27 13:53:34,848: Back Left Min: 0.91, Back Right Min: 1.17
[rosout][INFO] 2025-03-27 13:53:34,951: Back Left Min: 0.91, Back Right Min: 1.17
[rosout][INFO] 2025-03-27 13:53:35,048: Back Left Min: 0.91, Back Right Min: 1.17
[rosout][INFO] 2025-03-27 13:53:35,151: Back Left Min: 0.91, Back Right Min: 1.17
[rosout][INFO] 2025-03-27 13:53:35,248: Back Left Min: 0.91, Back Right Min: 1.17
[rosout][INFO] 2025-03-27 13:53:35,351: Back Left Min: 0.92, Back Right Min: 1.17
[rosout][INFO] 2025-03-27 13:53:35,448: Back Left Min: 0.92, Back Right Min: 1.17
[rosout][INFO] 2025-03-27 13:53:35,552: Back Left Min: 0.92, Back Right Min: 1.17
[rosout][INFO] 2025-03-27 13:53:35,648: Back Left Min: 0.92, Back Right Min: 1.17
[rosout][INFO] 2025-03-27 13:53:35,752: Back Left Min: 0.92, Back Right Min: 1.17
[rosout][INFO] 2025-03-27 13:53:35,849: Back Left Min: 0.92, Back Right Min: 1.17
[rosout][INFO] 2025-03-27 13:53:35,952: Back Left Min: 0.92, Back Right Min: 1.17
[rosout][INFO] 2025-03-27 13:53:36,049: Back Left Min: 0.92, Back Right Min: 1.17
[rosout][INFO] 2025-03-27 13:53:36,152: Back Left Min: 0.94, Back Right Min: 1.17
[rosout][INFO] 2025-03-27 13:53:36,248: Back Left Min: 0.94, Back Right Min: 1.17
[rosout][INFO] 2025-03-27 13:53:36,352: Back Left Min: 0.94, Back Right Min: 1.17
[rosout][INFO] 2025-03-27 13:53:36,449: Back Left Min: 0.94, Back Right Min: 1.17
[rosout][INFO] 2025-03-27 13:53:36,552: Back Left Min: 0.94, Back Right Min: 1.17
[rosout][INFO] 2025-03-27 13:53:36,649: Back Left Min: 0.94, Back Right Min: 1.17
[rosout][INFO] 2025-03-27 13:53:36,752: Back Left Min: 0.94, Back Right Min: 1.17
[rosout][INFO] 2025-03-27 13:53:36,849: Back Left Min: 0.94, Back Right Min: 1.17
[rosout][INFO] 2025-03-27 13:53:36,952: Back Left Min: 0.94, Back Right Min: 1.17
[rosout][INFO] 2025-03-27 13:53:37,049: Back Left Min: 0.94, Back Right Min: 1.17
[rosout][INFO] 2025-03-27 13:53:37,152: Back Left Min: 0.94, Back Right Min: 1.17
[rosout][INFO] 2025-03-27 13:53:37,249: Back Left Min: 0.94, Back Right Min: 1.17
[rosout][INFO] 2025-03-27 13:53:37,352: Back Left Min: 0.93, Back Right Min: 1.17
[rosout][INFO] 2025-03-27 13:53:37,449: Back Left Min: 0.93, Back Right Min: 1.17
[rosout][INFO] 2025-03-27 13:53:37,552: Back Left Min: 0.92, Back Right Min: 1.17
[rosout][INFO] 2025-03-27 13:53:37,649: Back Left Min: 0.92, Back Right Min: 1.17
[rosout][INFO] 2025-03-27 13:53:37,752: Back Left Min: 0.92, Back Right Min: 1.17
[rosout][INFO] 2025-03-27 13:53:37,849: Back Left Min: 0.92, Back Right Min: 1.17
[rosout][INFO] 2025-03-27 13:53:37,952: Back Left Min: 0.92, Back Right Min: 1.17
[rosout][INFO] 2025-03-27 13:53:38,049: Back Left Min: 0.92, Back Right Min: 1.17
[rosout][INFO] 2025-03-27 13:53:38,152: Back Left Min: 0.92, Back Right Min: 1.17
[rosout][INFO] 2025-03-27 13:53:38,249: Back Left Min: 0.92, Back Right Min: 1.17
[rosout][INFO] 2025-03-27 13:53:38,352: Back Left Min: 0.92, Back Right Min: 1.17
[rosout][INFO] 2025-03-27 13:53:38,449: Back Left Min: 0.93, Back Right Min: 1.17
[rosout][INFO] 2025-03-27 13:53:38,553: Back Left Min: 0.93, Back Right Min: 1.17
[rosout][INFO] 2025-03-27 13:53:38,649: Back Left Min: 0.93, Back Right Min: 1.17
[rosout][INFO] 2025-03-27 13:53:38,753: Back Left Min: 0.92, Back Right Min: 1.17
[rosout][INFO] 2025-03-27 13:53:38,850: Back Left Min: 0.92, Back Right Min: 1.17
[rosout][INFO] 2025-03-27 13:53:38,953: Back Left Min: 0.92, Back Right Min: 1.17
[rosout][INFO] 2025-03-27 13:53:39,050: Back Left Min: 0.92, Back Right Min: 1.17
[rosout][INFO] 2025-03-27 13:53:39,153: Back Left Min: 0.92, Back Right Min: 1.17
[rosout][INFO] 2025-03-27 13:53:39,250: Back Left Min: 0.98, Back Right Min: 1.17
[rosout][INFO] 2025-03-27 13:53:39,353: Back Left Min: 0.98, Back Right Min: 1.17
[rosout][INFO] 2025-03-27 13:53:39,450: Back Left Min: 0.98, Back Right Min: 1.17
[rosout][INFO] 2025-03-27 13:53:39,553: Back Left Min: 0.92, Back Right Min: 1.17
[rosout][INFO] 2025-03-27 13:53:39,650: Back Left Min: 0.92, Back Right Min: 1.17
[rosout][INFO] 2025-03-27 13:53:39,753: Back Left Min: 0.92, Back Right Min: 1.17
[rosout][INFO] 2025-03-27 13:53:39,850: Back Left Min: 0.91, Back Right Min: 1.17
[rosout][INFO] 2025-03-27 13:53:39,953: Back Left Min: 0.91, Back Right Min: 1.17
[rosout][INFO] 2025-03-27 13:53:40,050: Back Left Min: 0.91, Back Right Min: 1.17
[rosout][INFO] 2025-03-27 13:53:40,153: Back Left Min: 0.92, Back Right Min: 1.17
[rosout][INFO] 2025-03-27 13:53:40,250: Back Left Min: 0.92, Back Right Min: 1.17
[rosout][INFO] 2025-03-27 13:53:40,354: Back Left Min: 0.91, Back Right Min: 1.17
[rosout][INFO] 2025-03-27 13:53:40,450: Back Left Min: 0.91, Back Right Min: 1.17
[rosout][INFO] 2025-03-27 13:53:40,553: Back Left Min: 0.91, Back Right Min: 1.17
[rosout][INFO] 2025-03-27 13:53:40,650: Back Left Min: 0.91, Back Right Min: 1.17
[rosout][INFO] 2025-03-27 13:53:40,754: Back Left Min: 0.91, Back Right Min: 1.17
[rosout][INFO] 2025-03-27 13:53:40,850: Back Left Min: 0.91, Back Right Min: 1.17
[rosout][INFO] 2025-03-27 13:53:40,954: Back Left Min: 0.91, Back Right Min: 1.17
[rosout][INFO] 2025-03-27 13:53:41,050: Back Left Min: 0.91, Back Right Min: 1.17
[rosout][INFO] 2025-03-27 13:53:41,154: Back Left Min: 0.91, Back Right Min: 1.17
[rosout][INFO] 2025-03-27 13:53:41,251: Back Left Min: 0.93, Back Right Min: 1.17
[rosout][INFO] 2025-03-27 13:53:41,354: Back Left Min: 0.93, Back Right Min: 1.17
[rosout][INFO] 2025-03-27 13:53:41,451: Back Left Min: 0.93, Back Right Min: 1.17
[rosout][INFO] 2025-03-27 13:53:41,554: Back Left Min: 0.92, Back Right Min: 1.17
[rosout][INFO] 2025-03-27 13:53:41,651: Back Left Min: 0.92, Back Right Min: 1.17
[rosout][INFO] 2025-03-27 13:53:41,754: Back Left Min: 0.92, Back Right Min: 1.17
[rosout][INFO] 2025-03-27 13:53:41,851: Back Left Min: 0.92, Back Right Min: 1.17
[rosout][INFO] 2025-03-27 13:53:41,954: Back Left Min: 0.92, Back Right Min: 1.17
[rosout][INFO] 2025-03-27 13:53:42,051: Back Left Min: 0.92, Back Right Min: 1.17
[rosout][INFO] 2025-03-27 13:53:42,154: Back Left Min: 0.92, Back Right Min: 1.17
[rosout][INFO] 2025-03-27 13:53:42,251: Back Left Min: 0.92, Back Right Min: 1.17
[rosout][INFO] 2025-03-27 13:53:42,354: Back Left Min: 0.92, Back Right Min: 1.17
[rosout][INFO] 2025-03-27 13:53:42,451: Back Left Min: 0.92, Back Right Min: 1.17
[rosout][INFO] 2025-03-27 13:53:42,554: Back Left Min: 0.92, Back Right Min: 1.17
[rosout][INFO] 2025-03-27 13:53:42,651: Back Left Min: 0.92, Back Right Min: 1.17
[rosout][INFO] 2025-03-27 13:53:42,754: Back Left Min: 0.92, Back Right Min: 1.17
[rosout][INFO] 2025-03-27 13:53:42,851: Back Left Min: 0.92, Back Right Min: 1.17
[rosout][INFO] 2025-03-27 13:53:42,954: Back Left Min: 0.92, Back Right Min: 1.17
[rosout][INFO] 2025-03-27 13:53:43,051: Back Left Min: 0.92, Back Right Min: 1.17
[rosout][INFO] 2025-03-27 13:53:43,154: Back Left Min: 0.92, Back Right Min: 1.17
[rosout][INFO] 2025-03-27 13:53:43,251: Back Left Min: 0.92, Back Right Min: 1.17
[rosout][INFO] 2025-03-27 13:53:43,354: Back Left Min: 0.92, Back Right Min: 1.17
[rosout][INFO] 2025-03-27 13:53:43,451: Back Left Min: 0.92, Back Right Min: 1.17
[rosout][INFO] 2025-03-27 13:53:43,555: Back Left Min: 0.92, Back Right Min: 1.17
[rosout][INFO] 2025-03-27 13:53:43,651: Back Left Min: 0.92, Back Right Min: 1.17
[rosout][INFO] 2025-03-27 13:53:43,755: Back Left Min: 0.92, Back Right Min: 1.17
[rosout][INFO] 2025-03-27 13:53:43,852: Back Left Min: 0.92, Back Right Min: 1.17
[rosout][INFO] 2025-03-27 13:53:43,955: Back Left Min: 0.92, Back Right Min: 1.17
[rosout][INFO] 2025-03-27 13:53:44,052: Back Left Min: 0.92, Back Right Min: 1.17
[rosout][INFO] 2025-03-27 13:53:44,155: Back Left Min: 0.92, Back Right Min: 1.17
[rosout][INFO] 2025-03-27 13:53:44,252: Back Left Min: 0.92, Back Right Min: 1.17
[rosout][INFO] 2025-03-27 13:53:44,355: Back Left Min: 0.92, Back Right Min: 1.17
[rosout][INFO] 2025-03-27 13:53:44,452: Back Left Min: 0.92, Back Right Min: 1.17
[rosout][INFO] 2025-03-27 13:53:44,555: Back Left Min: 0.92, Back Right Min: 1.17
[rosout][INFO] 2025-03-27 13:53:44,652: Back Left Min: 0.92, Back Right Min: 1.17
[rosout][INFO] 2025-03-27 13:53:44,755: Back Left Min: 0.92, Back Right Min: 1.17
[rosout][INFO] 2025-03-27 13:53:44,852: Back Left Min: 0.92, Back Right Min: 1.17
[rosout][INFO] 2025-03-27 13:53:44,955: Back Left Min: 0.92, Back Right Min: 1.17
[rosout][INFO] 2025-03-27 13:53:45,052: Back Left Min: 0.92, Back Right Min: 1.17
[rosout][INFO] 2025-03-27 13:53:45,156: Back Left Min: 0.91, Back Right Min: 1.17
[rosout][INFO] 2025-03-27 13:53:45,253: Back Left Min: 0.91, Back Right Min: 1.17
[rosout][INFO] 2025-03-27 13:53:45,356: Back Left Min: 0.91, Back Right Min: 1.17
[rosout][INFO] 2025-03-27 13:53:45,453: Back Left Min: 0.92, Back Right Min: 1.17
[rosout][INFO] 2025-03-27 13:53:45,556: Back Left Min: 0.92, Back Right Min: 1.17
[rosout][INFO] 2025-03-27 13:53:45,653: Back Left Min: 0.92, Back Right Min: 1.17
[rosout][INFO] 2025-03-27 13:53:45,756: Back Left Min: 0.92, Back Right Min: 1.17
[rosout][INFO] 2025-03-27 13:53:45,852: Back Left Min: 0.92, Back Right Min: 1.17
[rosout][INFO] 2025-03-27 13:53:45,956: Back Left Min: 0.94, Back Right Min: 1.17
[rosout][INFO] 2025-03-27 13:53:46,053: Back Left Min: 0.94, Back Right Min: 1.17
[rosout][INFO] 2025-03-27 13:53:46,156: Back Left Min: 0.94, Back Right Min: 1.17
[rosout][INFO] 2025-03-27 13:53:46,253: Back Left Min: 0.93, Back Right Min: 1.17
[rosout][INFO] 2025-03-27 13:53:46,356: Back Left Min: 0.93, Back Right Min: 1.17
[rosout][INFO] 2025-03-27 13:53:46,453: Back Left Min: 0.93, Back Right Min: 1.17
[rosout][INFO] 2025-03-27 13:53:46,556: Back Left Min: 0.92, Back Right Min: 1.17
[rosout][INFO] 2025-03-27 13:53:46,653: Back Left Min: 0.92, Back Right Min: 1.17
[rosout][INFO] 2025-03-27 13:53:46,756: Back Left Min: 0.92, Back Right Min: 1.17
[rosout][INFO] 2025-03-27 13:53:46,853: Back Left Min: 0.92, Back Right Min: 1.17
[rosout][INFO] 2025-03-27 13:53:46,956: Back Left Min: 0.92, Back Right Min: 1.17
[rosout][INFO] 2025-03-27 13:53:47,053: Back Left Min: 0.92, Back Right Min: 1.17
[rosout][INFO] 2025-03-27 13:53:47,156: Back Left Min: 0.91, Back Right Min: 1.17
[rosout][INFO] 2025-03-27 13:53:47,253: Back Left Min: 0.91, Back Right Min: 1.17
[rosout][INFO] 2025-03-27 13:53:47,356: Back Left Min: 0.92, Back Right Min: 1.17
[rosout][INFO] 2025-03-27 13:53:47,453: Back Left Min: 0.92, Back Right Min: 1.17
[rosout][INFO] 2025-03-27 13:53:47,556: Back Left Min: 0.92, Back Right Min: 1.17
[rosout][INFO] 2025-03-27 13:53:47,653: Back Left Min: 0.91, Back Right Min: 1.17
[rosout][INFO] 2025-03-27 13:53:47,756: Back Left Min: 0.91, Back Right Min: 1.17
[rosout][INFO] 2025-03-27 13:53:47,853: Back Left Min: 0.91, Back Right Min: 1.17
[rosout][INFO] 2025-03-27 13:53:47,956: Back Left Min: 0.91, Back Right Min: 1.17
[rosout][INFO] 2025-03-27 13:53:48,053: Back Left Min: 0.91, Back Right Min: 1.17
[rosout][INFO] 2025-03-27 13:53:48,157: Back Left Min: 0.91, Back Right Min: 1.17
[rosout][INFO] 2025-03-27 13:53:48,253: Back Left Min: 0.91, Back Right Min: 1.17
[rosout][INFO] 2025-03-27 13:53:48,357: Back Left Min: 0.91, Back Right Min: 1.17
[rosout][INFO] 2025-03-27 13:53:48,453: Back Left Min: 0.91, Back Right Min: 1.17
[rosout][INFO] 2025-03-27 13:53:48,557: Back Left Min: 0.91, Back Right Min: 1.17
[rosout][INFO] 2025-03-27 13:53:48,654: Back Left Min: 0.91, Back Right Min: 1.17
[rosout][INFO] 2025-03-27 13:53:48,757: Back Left Min: 0.91, Back Right Min: 1.17
[rosout][INFO] 2025-03-27 13:53:48,854: Back Left Min: 0.91, Back Right Min: 1.17
[rosout][INFO] 2025-03-27 13:53:48,957: Back Left Min: 0.91, Back Right Min: 1.17
[rosout][INFO] 2025-03-27 13:53:49,054: Back Left Min: 0.91, Back Right Min: 1.17
[rosout][INFO] 2025-03-27 13:53:49,157: Back Left Min: 0.91, Back Right Min: 1.17
[rosout][INFO] 2025-03-27 13:53:49,254: Back Left Min: 0.91, Back Right Min: 1.17
[rosout][INFO] 2025-03-27 13:53:49,357: Back Left Min: 0.91, Back Right Min: 1.17
[rosout][INFO] 2025-03-27 13:53:49,454: Back Left Min: 0.91, Back Right Min: 1.17
[rosout][INFO] 2025-03-27 13:53:49,557: Back Left Min: 0.91, Back Right Min: 1.17
[rosout][INFO] 2025-03-27 13:53:49,654: Back Left Min: 0.91, Back Right Min: 1.17
[rosout][INFO] 2025-03-27 13:53:49,757: Back Left Min: 0.91, Back Right Min: 1.17
[rosout][INFO] 2025-03-27 13:53:49,854: Back Left Min: 0.91, Back Right Min: 1.17
[rosout][INFO] 2025-03-27 13:53:49,957: Back Left Min: 0.91, Back Right Min: 1.17
[rosout][INFO] 2025-03-27 13:53:50,054: Back Left Min: 0.91, Back Right Min: 1.17
[rosout][INFO] 2025-03-27 13:53:50,158: Back Left Min: 0.92, Back Right Min: 1.17
[rosout][INFO] 2025-03-27 13:53:50,254: Back Left Min: 0.92, Back Right Min: 1.17
[rosout][INFO] 2025-03-27 13:53:50,358: Back Left Min: 0.92, Back Right Min: 1.17
[rosout][INFO] 2025-03-27 13:53:50,454: Back Left Min: 0.91, Back Right Min: 1.17
[rosout][INFO] 2025-03-27 13:53:50,558: Back Left Min: 0.91, Back Right Min: 1.17
[rosout][INFO] 2025-03-27 13:53:50,654: Back Left Min: 0.91, Back Right Min: 1.17
[rosout][INFO] 2025-03-27 13:53:50,758: Back Left Min: 0.91, Back Right Min: 1.17
[rosout][INFO] 2025-03-27 13:53:50,855: Back Left Min: 0.91, Back Right Min: 1.17
[rosout][INFO] 2025-03-27 13:53:50,958: Back Left Min: 0.91, Back Right Min: 1.17
[rosout][INFO] 2025-03-27 13:53:51,055: Back Left Min: 0.92, Back Right Min: 1.17
[rosout][INFO] 2025-03-27 13:53:51,158: Back Left Min: 0.92, Back Right Min: 1.17
[rosout][INFO] 2025-03-27 13:53:51,255: Back Left Min: 0.92, Back Right Min: 1.17
[rosout][INFO] 2025-03-27 13:53:51,358: Back Left Min: 0.92, Back Right Min: 1.17
[rosout][INFO] 2025-03-27 13:53:51,455: Back Left Min: 0.92, Back Right Min: 1.17
[rosout][INFO] 2025-03-27 13:53:51,558: Back Left Min: 0.92, Back Right Min: 1.17
[rosout][INFO] 2025-03-27 13:53:51,655: Back Left Min: 0.92, Back Right Min: 1.17
[rosout][INFO] 2025-03-27 13:53:51,758: Back Left Min: 0.92, Back Right Min: 1.17
[rosout][INFO] 2025-03-27 13:53:51,855: Back Left Min: 0.92, Back Right Min: 1.17
[rosout][INFO] 2025-03-27 13:53:51,958: Back Left Min: 0.92, Back Right Min: 1.17
[rosout][INFO] 2025-03-27 13:53:52,055: Back Left Min: 0.92, Back Right Min: 1.17
[rosout][INFO] 2025-03-27 13:53:52,158: Back Left Min: 0.93, Back Right Min: 1.17
[rosout][INFO] 2025-03-27 13:53:52,255: Back Left Min: 0.93, Back Right Min: 1.17
[rosout][INFO] 2025-03-27 13:53:52,358: Back Left Min: 0.93, Back Right Min: 1.17
[rosout][INFO] 2025-03-27 13:53:52,455: Back Left Min: 0.93, Back Right Min: 1.17
[rosout][INFO] 2025-03-27 13:53:52,558: Back Left Min: 0.93, Back Right Min: 1.17
[rosout][INFO] 2025-03-27 13:53:52,655: Back Left Min: 0.93, Back Right Min: 1.17
[rosout][INFO] 2025-03-27 13:53:52,758: Back Left Min: 0.93, Back Right Min: 1.17
[rosout][INFO] 2025-03-27 13:53:52,855: Back Left Min: 0.93, Back Right Min: 1.17
[rosout][INFO] 2025-03-27 13:53:52,959: Back Left Min: 0.93, Back Right Min: 1.17
[rosout][INFO] 2025-03-27 13:53:53,055: Back Left Min: 0.93, Back Right Min: 1.17
[rosout][INFO] 2025-03-27 13:53:53,159: Back Left Min: 0.93, Back Right Min: 1.17
[rosout][INFO] 2025-03-27 13:53:53,256: Back Left Min: 0.92, Back Right Min: 1.17
[rosout][INFO] 2025-03-27 13:53:53,359: Back Left Min: 0.92, Back Right Min: 1.17
[rosout][INFO] 2025-03-27 13:53:53,456: Back Left Min: 0.92, Back Right Min: 1.17
[rosout][INFO] 2025-03-27 13:53:53,559: Back Left Min: 0.92, Back Right Min: 1.17
[rosout][INFO] 2025-03-27 13:53:53,656: Back Left Min: 0.92, Back Right Min: 1.17
[rosout][INFO] 2025-03-27 13:53:53,759: Back Left Min: 0.92, Back Right Min: 1.17
[rosout][INFO] 2025-03-27 13:53:53,856: Back Left Min: 0.92, Back Right Min: 1.17
[rosout][INFO] 2025-03-27 13:53:53,959: Back Left Min: 0.92, Back Right Min: 1.17
[rosout][INFO] 2025-03-27 13:53:54,056: Back Left Min: 0.92, Back Right Min: 1.17
[rosout][INFO] 2025-03-27 13:53:54,159: Back Left Min: 0.92, Back Right Min: 1.17
[rosout][INFO] 2025-03-27 13:53:54,256: Back Left Min: 0.92, Back Right Min: 1.17
[rosout][INFO] 2025-03-27 13:53:54,359: Back Left Min: 0.92, Back Right Min: 1.17
[rosout][INFO] 2025-03-27 13:53:54,456: Back Left Min: 0.92, Back Right Min: 1.17
[rosout][INFO] 2025-03-27 13:53:54,559: Back Left Min: 0.92, Back Right Min: 1.17
[rosout][INFO] 2025-03-27 13:53:54,656: Back Left Min: 0.91, Back Right Min: 1.17
[rosout][INFO] 2025-03-27 13:53:54,759: Back Left Min: 0.91, Back Right Min: 1.17
[rosout][INFO] 2025-03-27 13:53:54,856: Back Left Min: 0.91, Back Right Min: 1.17
[rosout][INFO] 2025-03-27 13:53:54,960: Back Left Min: 0.91, Back Right Min: 1.17
[rosout][INFO] 2025-03-27 13:53:55,056: Back Left Min: 0.91, Back Right Min: 1.17
[rosout][INFO] 2025-03-27 13:53:55,159: Back Left Min: 0.91, Back Right Min: 1.17
[rosout][INFO] 2025-03-27 13:53:55,256: Back Left Min: 0.91, Back Right Min: 1.17
[rosout][INFO] 2025-03-27 13:53:55,360: Back Left Min: 0.91, Back Right Min: 1.17
[rosout][INFO] 2025-03-27 13:53:55,456: Back Left Min: 0.91, Back Right Min: 1.17
[rosout][INFO] 2025-03-27 13:53:55,560: Back Left Min: 0.91, Back Right Min: 1.17
[rosout][INFO] 2025-03-27 13:53:55,657: Back Left Min: 0.91, Back Right Min: 1.17
[rosout][INFO] 2025-03-27 13:53:55,760: Back Left Min: 0.92, Back Right Min: 1.17
[rosout][INFO] 2025-03-27 13:53:55,857: Back Left Min: 0.92, Back Right Min: 1.17
[rosout][INFO] 2025-03-27 13:53:55,960: Back Left Min: 0.92, Back Right Min: 1.17
[rosout][INFO] 2025-03-27 13:53:56,057: Back Left Min: 0.92, Back Right Min: 1.17
[rosout][INFO] 2025-03-27 13:53:56,160: Back Left Min: 0.92, Back Right Min: 1.17
[rosout][INFO] 2025-03-27 13:53:56,257: Back Left Min: 0.92, Back Right Min: 1.17
[rosout][INFO] 2025-03-27 13:53:56,360: Back Left Min: 0.92, Back Right Min: 1.17
[rosout][INFO] 2025-03-27 13:53:56,457: Back Left Min: 0.92, Back Right Min: 1.17
[rosout][INFO] 2025-03-27 13:53:56,560: Back Left Min: 0.92, Back Right Min: 1.17
[rosout][INFO] 2025-03-27 13:53:56,657: Back Left Min: 0.92, Back Right Min: 1.17
[rosout][INFO] 2025-03-27 13:53:56,760: Back Left Min: 0.92, Back Right Min: 1.17
[rosout][INFO] 2025-03-27 13:53:56,857: Back Left Min: 0.92, Back Right Min: 1.17
[rosout][INFO] 2025-03-27 13:53:56,960: Back Left Min: 0.93, Back Right Min: 1.17
[rosout][INFO] 2025-03-27 13:53:57,057: Back Left Min: 0.93, Back Right Min: 1.17
[rosout][INFO] 2025-03-27 13:53:57,160: Back Left Min: 0.93, Back Right Min: 1.17
[rosout][INFO] 2025-03-27 13:53:57,257: Back Left Min: 0.93, Back Right Min: 1.17
[rosout][INFO] 2025-03-27 13:53:57,360: Back Left Min: 0.93, Back Right Min: 1.17
[rosout][INFO] 2025-03-27 13:53:57,457: Back Left Min: 0.93, Back Right Min: 1.17
[rosout][INFO] 2025-03-27 13:53:57,560: Back Left Min: 0.93, Back Right Min: 1.17
[rosout][INFO] 2025-03-27 13:53:57,657: Back Left Min: 0.93, Back Right Min: 1.17
[rosout][INFO] 2025-03-27 13:53:57,760: Back Left Min: 0.94, Back Right Min: 1.17
[rosout][INFO] 2025-03-27 13:53:57,857: Back Left Min: 0.94, Back Right Min: 1.17
[rosout][INFO] 2025-03-27 13:53:57,961: Back Left Min: 0.94, Back Right Min: 1.17
[rosout][INFO] 2025-03-27 13:53:58,057: Back Left Min: 0.94, Back Right Min: 1.17
[rosout][INFO] 2025-03-27 13:53:58,161: Back Left Min: 0.94, Back Right Min: 1.17
[rosout][INFO] 2025-03-27 13:53:58,257: Back Left Min: 0.94, Back Right Min: 1.17
[rosout][INFO] 2025-03-27 13:53:58,361: Back Left Min: 0.94, Back Right Min: 1.17
[rosout][INFO] 2025-03-27 13:53:58,458: Back Left Min: 0.94, Back Right Min: 1.17
[rosout][INFO] 2025-03-27 13:53:58,561: Back Left Min: 0.94, Back Right Min: 1.17
[rosout][INFO] 2025-03-27 13:53:58,658: Back Left Min: 0.94, Back Right Min: 1.17
[rosout][INFO] 2025-03-27 13:53:58,761: Back Left Min: 0.94, Back Right Min: 1.17
[rosout][INFO] 2025-03-27 13:53:58,858: Back Left Min: 0.94, Back Right Min: 1.17
[rosout][INFO] 2025-03-27 13:53:58,961: Back Left Min: 0.94, Back Right Min: 1.17
[rosout][INFO] 2025-03-27 13:53:59,058: Back Left Min: 0.94, Back Right Min: 1.17
[rosout][INFO] 2025-03-27 13:53:59,161: Back Left Min: 0.94, Back Right Min: 1.17
[rosout][INFO] 2025-03-27 13:53:59,258: Back Left Min: 0.94, Back Right Min: 1.17
[rosout][INFO] 2025-03-27 13:53:59,361: Back Left Min: 0.94, Back Right Min: 1.17
[rosout][INFO] 2025-03-27 13:53:59,458: Back Left Min: 0.94, Back Right Min: 1.17
[rosout][INFO] 2025-03-27 13:53:59,561: Back Left Min: 0.94, Back Right Min: 1.17
[rosout][INFO] 2025-03-27 13:53:59,658: Back Left Min: 0.94, Back Right Min: 1.17
[rosout][INFO] 2025-03-27 13:53:59,761: Back Left Min: 0.94, Back Right Min: 1.17
[rosout][INFO] 2025-03-27 13:53:59,858: Back Left Min: 0.94, Back Right Min: 1.17
[rosout][INFO] 2025-03-27 13:53:59,961: Back Left Min: 0.94, Back Right Min: 1.17
[rosout][INFO] 2025-03-27 13:54:00,058: Back Left Min: 0.94, Back Right Min: 1.17
[rosout][INFO] 2025-03-27 13:54:00,161: Back Left Min: 0.94, Back Right Min: 1.17
[rosout][INFO] 2025-03-27 13:54:00,259: Back Left Min: 0.94, Back Right Min: 1.17
[rosout][INFO] 2025-03-27 13:54:00,362: Back Left Min: 0.94, Back Right Min: 1.17
[rosout][INFO] 2025-03-27 13:54:00,459: Back Left Min: 0.94, Back Right Min: 1.17
[rosout][INFO] 2025-03-27 13:54:00,562: Back Left Min: 0.94, Back Right Min: 1.17
[rosout][INFO] 2025-03-27 13:54:00,659: Back Left Min: 0.94, Back Right Min: 1.17
[rosout][INFO] 2025-03-27 13:54:00,762: Back Left Min: 0.94, Back Right Min: 1.17
[rosout][INFO] 2025-03-27 13:54:00,859: Back Left Min: 0.94, Back Right Min: 1.17
[rosout][INFO] 2025-03-27 13:54:00,962: Back Left Min: 0.94, Back Right Min: 1.17
[rosout][INFO] 2025-03-27 13:54:01,059: Back Left Min: 0.94, Back Right Min: 1.17
[rosout][INFO] 2025-03-27 13:54:01,162: Back Left Min: 0.94, Back Right Min: 1.17
[rosout][INFO] 2025-03-27 13:54:01,259: Back Left Min: 0.94, Back Right Min: 1.17
[rosout][INFO] 2025-03-27 13:54:01,362: Back Left Min: 0.94, Back Right Min: 1.17
[rosout][INFO] 2025-03-27 13:54:01,459: Back Left Min: 0.94, Back Right Min: 1.17
[rosout][INFO] 2025-03-27 13:54:01,562: Back Left Min: 0.94, Back Right Min: 1.17
[rosout][INFO] 2025-03-27 13:54:01,659: Back Left Min: 0.94, Back Right Min: 1.17
[rosout][INFO] 2025-03-27 13:54:01,762: Back Left Min: 0.94, Back Right Min: 1.17
[rosout][INFO] 2025-03-27 13:54:01,859: Back Left Min: 0.94, Back Right Min: 1.17
[rosout][INFO] 2025-03-27 13:54:01,962: Back Left Min: 0.94, Back Right Min: 1.17
[rosout][INFO] 2025-03-27 13:54:02,059: Back Left Min: 0.94, Back Right Min: 1.17
[rosout][INFO] 2025-03-27 13:54:02,162: Back Left Min: 0.94, Back Right Min: 1.17
[rosout][INFO] 2025-03-27 13:54:02,259: Back Left Min: 0.94, Back Right Min: 1.17
[rosout][INFO] 2025-03-27 13:54:02,362: Back Left Min: 0.94, Back Right Min: 1.17
[rosout][INFO] 2025-03-27 13:54:02,459: Back Left Min: 0.94, Back Right Min: 1.17
[rosout][INFO] 2025-03-27 13:54:02,562: Back Left Min: 0.94, Back Right Min: 1.17
[rosout][INFO] 2025-03-27 13:54:02,659: Back Left Min: 0.94, Back Right Min: 1.17
[rosout][INFO] 2025-03-27 13:54:02,763: Back Left Min: 0.94, Back Right Min: 1.17
[rosout][INFO] 2025-03-27 13:54:02,859: Back Left Min: 0.94, Back Right Min: 1.17
[rosout][INFO] 2025-03-27 13:54:02,963: Back Left Min: 0.94, Back Right Min: 1.17
[rosout][INFO] 2025-03-27 13:54:03,060: Back Left Min: 0.94, Back Right Min: 1.17
[rosout][INFO] 2025-03-27 13:54:03,163: Back Left Min: 0.94, Back Right Min: 1.17
[rosout][INFO] 2025-03-27 13:54:03,260: Back Left Min: 0.94, Back Right Min: 1.17
[rosout][INFO] 2025-03-27 13:54:03,363: Back Left Min: 0.94, Back Right Min: 1.17
[rosout][INFO] 2025-03-27 13:54:03,460: Back Left Min: 0.94, Back Right Min: 1.17
[rosout][INFO] 2025-03-27 13:54:03,563: Back Left Min: 0.94, Back Right Min: 1.17
[rosout][INFO] 2025-03-27 13:54:03,660: Back Left Min: 0.94, Back Right Min: 1.17
[rosout][INFO] 2025-03-27 13:54:03,763: Back Left Min: 0.94, Back Right Min: 1.17
[rosout][INFO] 2025-03-27 13:54:03,860: Back Left Min: 0.94, Back Right Min: 1.17
[rosout][INFO] 2025-03-27 13:54:03,963: Back Left Min: 0.94, Back Right Min: 1.17
[rosout][INFO] 2025-03-27 13:54:04,060: Back Left Min: 0.94, Back Right Min: 1.17
[rosout][INFO] 2025-03-27 13:54:04,163: Back Left Min: 0.94, Back Right Min: 1.17
[rosout][INFO] 2025-03-27 13:54:04,260: Back Left Min: 0.94, Back Right Min: 1.17
[rosout][INFO] 2025-03-27 13:54:04,363: Back Left Min: 0.94, Back Right Min: 1.17
[rosout][INFO] 2025-03-27 13:54:04,460: Back Left Min: 0.94, Back Right Min: 1.17
[rosout][INFO] 2025-03-27 13:54:04,564: Back Left Min: 0.94, Back Right Min: 1.17
[rosout][INFO] 2025-03-27 13:54:04,660: Back Left Min: 0.94, Back Right Min: 1.17
[rosout][INFO] 2025-03-27 13:54:04,763: Back Left Min: 0.94, Back Right Min: 1.17
[rosout][INFO] 2025-03-27 13:54:04,860: Back Left Min: 0.94, Back Right Min: 1.17
[rosout][INFO] 2025-03-27 13:54:04,963: Back Left Min: 0.94, Back Right Min: 1.17
[rosout][INFO] 2025-03-27 13:54:05,060: Back Left Min: 0.94, Back Right Min: 1.17
[rosout][INFO] 2025-03-27 13:54:05,164: Back Left Min: 0.94, Back Right Min: 1.17
[rosout][INFO] 2025-03-27 13:54:05,261: Back Left Min: 0.94, Back Right Min: 1.17
[rosout][INFO] 2025-03-27 13:54:05,364: Back Left Min: 0.94, Back Right Min: 1.17
[rosout][INFO] 2025-03-27 13:54:05,461: Back Left Min: 0.94, Back Right Min: 1.17
[rosout][INFO] 2025-03-27 13:54:05,564: Back Left Min: 0.94, Back Right Min: 1.17
[rosout][INFO] 2025-03-27 13:54:05,661: Back Left Min: 0.94, Back Right Min: 1.17
[rosout][INFO] 2025-03-27 13:54:05,764: Back Left Min: 0.94, Back Right Min: 1.17
[rosout][INFO] 2025-03-27 13:54:05,861: Back Left Min: 0.94, Back Right Min: 1.17
[rosout][INFO] 2025-03-27 13:54:05,964: Back Left Min: 0.94, Back Right Min: 1.17
[rosout][INFO] 2025-03-27 13:54:06,061: Back Left Min: 0.94, Back Right Min: 1.17
[rosout][INFO] 2025-03-27 13:54:06,164: Back Left Min: 0.94, Back Right Min: 1.17
[rosout][INFO] 2025-03-27 13:54:06,261: Back Left Min: 0.94, Back Right Min: 1.17
[rosout][INFO] 2025-03-27 13:54:06,364: Back Left Min: 0.94, Back Right Min: 1.17
[rosout][INFO] 2025-03-27 13:54:06,461: Back Left Min: 0.94, Back Right Min: 1.17
[rosout][INFO] 2025-03-27 13:54:06,564: Back Left Min: 0.94, Back Right Min: 1.17
[rosout][INFO] 2025-03-27 13:54:06,661: Back Left Min: 0.94, Back Right Min: 1.17
[rosout][INFO] 2025-03-27 13:54:06,764: Back Left Min: 0.94, Back Right Min: 1.17
[rosout][INFO] 2025-03-27 13:54:06,861: Back Left Min: 0.94, Back Right Min: 1.17
[rosout][INFO] 2025-03-27 13:54:06,964: Back Left Min: 0.94, Back Right Min: 1.17
[rosout][INFO] 2025-03-27 13:54:07,061: Back Left Min: 0.94, Back Right Min: 1.17
[rosout][INFO] 2025-03-27 13:54:07,164: Back Left Min: 0.94, Back Right Min: 1.17
[rosout][INFO] 2025-03-27 13:54:07,261: Back Left Min: 0.94, Back Right Min: 1.17
[rosout][INFO] 2025-03-27 13:54:07,364: Back Left Min: 0.94, Back Right Min: 1.17
[rosout][INFO] 2025-03-27 13:54:07,461: Back Left Min: 0.94, Back Right Min: 1.17
[rosout][INFO] 2025-03-27 13:54:07,564: Back Left Min: 0.94, Back Right Min: 1.17
[rosout][INFO] 2025-03-27 13:54:07,661: Back Left Min: 0.94, Back Right Min: 1.17
[rosout][INFO] 2025-03-27 13:54:07,765: Back Left Min: 0.94, Back Right Min: 1.17
[rosout][INFO] 2025-03-27 13:54:07,861: Back Left Min: 0.94, Back Right Min: 1.17
[rosout][INFO] 2025-03-27 13:54:07,965: Back Left Min: 0.94, Back Right Min: 1.17
[rosout][INFO] 2025-03-27 13:54:08,062: Back Left Min: 0.94, Back Right Min: 1.17
[rosout][INFO] 2025-03-27 13:54:08,165: Back Left Min: 0.94, Back Right Min: 1.17
[rosout][INFO] 2025-03-27 13:54:08,262: Back Left Min: 0.94, Back Right Min: 1.17
[rosout][INFO] 2025-03-27 13:54:08,365: Back Left Min: 0.94, Back Right Min: 1.17
[rosout][INFO] 2025-03-27 13:54:08,462: Back Left Min: 0.94, Back Right Min: 1.17
[rosout][INFO] 2025-03-27 13:54:08,565: Back Left Min: 0.94, Back Right Min: 1.17
[rosout][INFO] 2025-03-27 13:54:08,662: Back Left Min: 0.94, Back Right Min: 1.17
[rosout][INFO] 2025-03-27 13:54:08,765: Back Left Min: 0.94, Back Right Min: 1.17
[rosout][INFO] 2025-03-27 13:54:08,862: Back Left Min: 0.94, Back Right Min: 1.17
[rosout][INFO] 2025-03-27 13:54:08,965: Back Left Min: 0.94, Back Right Min: 1.17
[rosout][INFO] 2025-03-27 13:54:09,062: Back Left Min: 0.94, Back Right Min: 1.17
[rosout][INFO] 2025-03-27 13:54:09,165: Back Left Min: 0.94, Back Right Min: 1.17
[rosout][INFO] 2025-03-27 13:54:09,262: Back Left Min: 0.94, Back Right Min: 1.17
[rosout][INFO] 2025-03-27 13:54:09,365: Back Left Min: 0.94, Back Right Min: 1.17
[rosout][INFO] 2025-03-27 13:54:09,462: Back Left Min: 0.94, Back Right Min: 1.17
[rosout][INFO] 2025-03-27 13:54:09,565: Back Left Min: 0.94, Back Right Min: 1.17
[rosout][INFO] 2025-03-27 13:54:09,662: Back Left Min: 0.94, Back Right Min: 1.17
[rosout][INFO] 2025-03-27 13:54:09,765: Back Left Min: 0.94, Back Right Min: 1.17
[rosout][INFO] 2025-03-27 13:54:09,862: Back Left Min: 0.94, Back Right Min: 1.17
[rosout][INFO] 2025-03-27 13:54:09,966: Back Left Min: 0.94, Back Right Min: 1.17
[rosout][INFO] 2025-03-27 13:54:10,062: Back Left Min: 0.94, Back Right Min: 1.17
[rosout][INFO] 2025-03-27 13:54:10,166: Back Left Min: 0.94, Back Right Min: 1.17
[rosout][INFO] 2025-03-27 13:54:10,263: Back Left Min: 0.94, Back Right Min: 1.17
[rosout][INFO] 2025-03-27 13:54:10,366: Back Left Min: 0.94, Back Right Min: 1.17
[rosout][INFO] 2025-03-27 13:54:10,463: Back Left Min: 0.94, Back Right Min: 1.17
[rosout][INFO] 2025-03-27 13:54:10,566: Back Left Min: 0.94, Back Right Min: 1.17
[rosout][INFO] 2025-03-27 13:54:10,663: Back Left Min: 0.94, Back Right Min: 1.17
[rosout][INFO] 2025-03-27 13:54:10,766: Back Left Min: 0.94, Back Right Min: 1.17
[rosout][INFO] 2025-03-27 13:54:10,863: Back Left Min: 0.94, Back Right Min: 1.17
[rosout][INFO] 2025-03-27 13:54:10,966: Back Left Min: 0.94, Back Right Min: 1.17
[rosout][INFO] 2025-03-27 13:54:11,063: Back Left Min: 0.94, Back Right Min: 1.17
[rosout][INFO] 2025-03-27 13:54:11,167: Back Left Min: 0.94, Back Right Min: 1.17
[rosout][INFO] 2025-03-27 13:54:11,263: Back Left Min: 0.94, Back Right Min: 1.17
[rosout][INFO] 2025-03-27 13:54:11,367: Back Left Min: 0.94, Back Right Min: 1.17
[rosout][INFO] 2025-03-27 13:54:11,463: Back Left Min: 0.94, Back Right Min: 1.17
[rosout][INFO] 2025-03-27 13:54:11,566: Back Left Min: 0.94, Back Right Min: 1.17
[rosout][INFO] 2025-03-27 13:54:11,663: Back Left Min: 0.94, Back Right Min: 1.17
[rosout][INFO] 2025-03-27 13:54:11,767: Back Left Min: 0.94, Back Right Min: 1.17
[rosout][INFO] 2025-03-27 13:54:11,863: Back Left Min: 0.94, Back Right Min: 1.17
[rosout][INFO] 2025-03-27 13:54:11,967: Back Left Min: 0.94, Back Right Min: 1.17
[rosout][INFO] 2025-03-27 13:54:12,063: Back Left Min: 0.94, Back Right Min: 1.17
[rosout][INFO] 2025-03-27 13:54:12,167: Back Left Min: 0.94, Back Right Min: 1.17
[rosout][INFO] 2025-03-27 13:54:12,263: Back Left Min: 0.94, Back Right Min: 1.17
[rosout][INFO] 2025-03-27 13:54:12,367: Back Left Min: 0.94, Back Right Min: 1.17
[rosout][INFO] 2025-03-27 13:54:12,463: Back Left Min: 0.94, Back Right Min: 1.17
[rosout][INFO] 2025-03-27 13:54:12,567: Back Left Min: 0.94, Back Right Min: 1.17
[rosout][INFO] 2025-03-27 13:54:12,663: Back Left Min: 0.94, Back Right Min: 1.17
[rosout][INFO] 2025-03-27 13:54:12,767: Back Left Min: 0.94, Back Right Min: 1.17
[rosout][INFO] 2025-03-27 13:54:12,864: Back Left Min: 0.94, Back Right Min: 1.17
[rosout][INFO] 2025-03-27 13:54:12,967: Back Left Min: 0.94, Back Right Min: 1.17
[rosout][INFO] 2025-03-27 13:54:13,064: Back Left Min: 0.94, Back Right Min: 1.17
[rosout][INFO] 2025-03-27 13:54:13,167: Back Left Min: 0.94, Back Right Min: 1.17
[rosout][INFO] 2025-03-27 13:54:13,264: Back Left Min: 0.94, Back Right Min: 1.17
[rosout][INFO] 2025-03-27 13:54:13,367: Back Left Min: 0.94, Back Right Min: 1.17
[rosout][INFO] 2025-03-27 13:54:13,464: Back Left Min: 0.94, Back Right Min: 1.17
[rosout][INFO] 2025-03-27 13:54:13,567: Back Left Min: 0.94, Back Right Min: 1.17
[rosout][INFO] 2025-03-27 13:54:13,664: Back Left Min: 0.94, Back Right Min: 1.17
[rosout][INFO] 2025-03-27 13:54:13,767: Back Left Min: 0.94, Back Right Min: 1.17
[rosout][INFO] 2025-03-27 13:54:13,864: Back Left Min: 0.94, Back Right Min: 1.17
[rosout][INFO] 2025-03-27 13:54:13,967: Back Left Min: 0.94, Back Right Min: 1.17
[rosout][INFO] 2025-03-27 13:54:14,064: Back Left Min: 0.94, Back Right Min: 1.17
[rosout][INFO] 2025-03-27 13:54:14,167: Back Left Min: 0.94, Back Right Min: 1.17
[rosout][INFO] 2025-03-27 13:54:14,264: Back Left Min: 0.94, Back Right Min: 1.17
[rosout][INFO] 2025-03-27 13:54:14,367: Back Left Min: 0.94, Back Right Min: 1.17
[rosout][INFO] 2025-03-27 13:54:14,464: Back Left Min: 0.94, Back Right Min: 1.17
[rosout][INFO] 2025-03-27 13:54:14,567: Back Left Min: 0.94, Back Right Min: 1.17
[rosout][INFO] 2025-03-27 13:54:14,664: Back Left Min: 0.94, Back Right Min: 1.17
[rosout][INFO] 2025-03-27 13:54:14,767: Back Left Min: 0.94, Back Right Min: 1.17
[rosout][INFO] 2025-03-27 13:54:14,864: Back Left Min: 0.94, Back Right Min: 1.17
[rosout][INFO] 2025-03-27 13:54:14,968: Back Left Min: 0.94, Back Right Min: 1.17
[rosout][INFO] 2025-03-27 13:54:15,064: Back Left Min: 0.94, Back Right Min: 1.17
[rosout][INFO] 2025-03-27 13:54:15,168: Back Left Min: 0.94, Back Right Min: 1.17
[rosout][INFO] 2025-03-27 13:54:15,264: Back Left Min: 0.94, Back Right Min: 1.17
[rosout][INFO] 2025-03-27 13:54:15,368: Back Left Min: 0.94, Back Right Min: 1.17
[rosout][INFO] 2025-03-27 13:54:15,465: Back Left Min: 0.94, Back Right Min: 1.17
[rosout][INFO] 2025-03-27 13:54:15,568: Back Left Min: 0.94, Back Right Min: 1.17
[rosout][INFO] 2025-03-27 13:54:15,665: Back Left Min: 0.94, Back Right Min: 1.17
[rosout][INFO] 2025-03-27 13:54:15,768: Back Left Min: 0.94, Back Right Min: 1.17
[rosout][INFO] 2025-03-27 13:54:15,865: Back Left Min: 0.94, Back Right Min: 1.17
[rosout][INFO] 2025-03-27 13:54:15,968: Back Left Min: 0.94, Back Right Min: 1.17
[rosout][INFO] 2025-03-27 13:54:16,065: Back Left Min: 0.94, Back Right Min: 1.17
[rosout][INFO] 2025-03-27 13:54:16,168: Back Left Min: 0.94, Back Right Min: 1.17
[rosout][INFO] 2025-03-27 13:54:16,265: Back Left Min: 0.94, Back Right Min: 1.17
[rosout][INFO] 2025-03-27 13:54:16,368: Back Left Min: 0.94, Back Right Min: 1.17
[rosout][INFO] 2025-03-27 13:54:16,465: Back Left Min: 0.94, Back Right Min: 1.17
[rosout][INFO] 2025-03-27 13:54:16,567: Back Left Min: 0.94, Back Right Min: 1.17
[rosout][INFO] 2025-03-27 13:54:16,665: Back Left Min: 0.94, Back Right Min: 1.17
[rosout][INFO] 2025-03-27 13:54:16,768: Back Left Min: 0.94, Back Right Min: 1.17
[rosout][INFO] 2025-03-27 13:54:16,865: Back Left Min: 0.94, Back Right Min: 1.17
[rosout][INFO] 2025-03-27 13:54:16,968: Back Left Min: 0.94, Back Right Min: 1.17
[rosout][INFO] 2025-03-27 13:54:17,065: Back Left Min: 0.94, Back Right Min: 1.17
[rosout][INFO] 2025-03-27 13:54:17,168: Back Left Min: 0.94, Back Right Min: 1.17
[rosout][INFO] 2025-03-27 13:54:17,265: Back Left Min: 0.94, Back Right Min: 1.17
[rosout][INFO] 2025-03-27 13:54:17,369: Back Left Min: 0.94, Back Right Min: 1.17
[rosout][INFO] 2025-03-27 13:54:17,465: Back Left Min: 0.94, Back Right Min: 1.17
[rosout][INFO] 2025-03-27 13:54:17,569: Back Left Min: 0.94, Back Right Min: 1.17
[rosout][INFO] 2025-03-27 13:54:17,666: Back Left Min: 0.94, Back Right Min: 1.17
[rosout][INFO] 2025-03-27 13:54:17,769: Back Left Min: 0.94, Back Right Min: 1.17
[rosout][INFO] 2025-03-27 13:54:17,865: Back Left Min: 0.94, Back Right Min: 1.17
[rosout][INFO] 2025-03-27 13:54:17,969: Back Left Min: 0.94, Back Right Min: 1.17
[rosout][INFO] 2025-03-27 13:54:18,066: Back Left Min: 0.94, Back Right Min: 1.17
[rosout][INFO] 2025-03-27 13:54:18,169: Back Left Min: 0.94, Back Right Min: 1.17
[rosout][INFO] 2025-03-27 13:54:18,266: Back Left Min: 0.94, Back Right Min: 1.17
[rosout][INFO] 2025-03-27 13:54:18,369: Back Left Min: 0.94, Back Right Min: 1.17
[rosout][INFO] 2025-03-27 13:54:18,466: Back Left Min: 0.94, Back Right Min: 1.17
[rosout][INFO] 2025-03-27 13:54:18,569: Back Left Min: 0.94, Back Right Min: 1.17
[rosout][INFO] 2025-03-27 13:54:18,666: Back Left Min: 0.94, Back Right Min: 1.17
[rosout][INFO] 2025-03-27 13:54:18,769: Back Left Min: 0.94, Back Right Min: 1.17
[rosout][INFO] 2025-03-27 13:54:18,866: Back Left Min: 0.94, Back Right Min: 1.17
[rosout][INFO] 2025-03-27 13:54:18,969: Back Left Min: 0.94, Back Right Min: 1.17
[rosout][INFO] 2025-03-27 13:54:19,066: Back Left Min: 0.94, Back Right Min: 1.17
[rosout][INFO] 2025-03-27 13:54:19,169: Back Left Min: 0.94, Back Right Min: 1.17
[rosout][INFO] 2025-03-27 13:54:19,267: Back Left Min: 0.94, Back Right Min: 1.17
[rosout][INFO] 2025-03-27 13:54:19,369: Back Left Min: 0.94, Back Right Min: 1.17
[rosout][INFO] 2025-03-27 13:54:19,467: Back Left Min: 0.94, Back Right Min: 1.17
[rosout][INFO] 2025-03-27 13:54:19,569: Back Left Min: 0.94, Back Right Min: 1.17
[rosout][INFO] 2025-03-27 13:54:19,667: Back Left Min: 0.94, Back Right Min: 1.17
[rosout][INFO] 2025-03-27 13:54:19,770: Back Left Min: 0.94, Back Right Min: 1.17
[rosout][INFO] 2025-03-27 13:54:19,867: Back Left Min: 0.94, Back Right Min: 1.17
[rosout][INFO] 2025-03-27 13:54:19,970: Back Left Min: 0.94, Back Right Min: 1.17
[rosout][INFO] 2025-03-27 13:54:20,067: Back Left Min: 0.94, Back Right Min: 1.17
[rosout][INFO] 2025-03-27 13:54:20,170: Back Left Min: 0.94, Back Right Min: 1.17
[rosout][INFO] 2025-03-27 13:54:20,267: Back Left Min: 0.94, Back Right Min: 1.17
[rosout][INFO] 2025-03-27 13:54:20,370: Back Left Min: 0.94, Back Right Min: 1.17
[rosout][INFO] 2025-03-27 13:54:20,467: Back Left Min: 0.94, Back Right Min: 1.17
[rosout][INFO] 2025-03-27 13:54:20,570: Back Left Min: 0.94, Back Right Min: 1.17
[rosout][INFO] 2025-03-27 13:54:20,667: Back Left Min: 0.94, Back Right Min: 1.17
[rosout][INFO] 2025-03-27 13:54:20,770: Back Left Min: 0.94, Back Right Min: 1.17
[rosout][INFO] 2025-03-27 13:54:20,868: Back Left Min: 0.94, Back Right Min: 1.17
[rosout][INFO] 2025-03-27 13:54:20,970: Back Left Min: 0.94, Back Right Min: 1.17
[rosout][INFO] 2025-03-27 13:54:21,068: Back Left Min: 0.94, Back Right Min: 1.17
[rosout][INFO] 2025-03-27 13:54:21,170: Back Left Min: 0.94, Back Right Min: 1.17
[rosout][INFO] 2025-03-27 13:54:21,267: Back Left Min: 0.94, Back Right Min: 1.17
[rosout][INFO] 2025-03-27 13:54:21,370: Back Left Min: 0.94, Back Right Min: 1.17
[rosout][INFO] 2025-03-27 13:54:21,467: Back Left Min: 0.94, Back Right Min: 1.17
[rosout][INFO] 2025-03-27 13:54:21,571: Back Left Min: 0.94, Back Right Min: 1.17
[rosout][INFO] 2025-03-27 13:54:21,667: Back Left Min: 0.94, Back Right Min: 1.17
[rosout][INFO] 2025-03-27 13:54:21,770: Back Left Min: 0.94, Back Right Min: 1.17
[rosout][INFO] 2025-03-27 13:54:21,867: Back Left Min: 0.94, Back Right Min: 1.17
[rosout][INFO] 2025-03-27 13:54:21,970: Back Left Min: 0.94, Back Right Min: 1.17
[rosout][INFO] 2025-03-27 13:54:22,067: Back Left Min: 0.94, Back Right Min: 1.17
[rosout][INFO] 2025-03-27 13:54:22,171: Back Left Min: 0.94, Back Right Min: 1.17
[rosout][INFO] 2025-03-27 13:54:22,267: Back Left Min: 0.94, Back Right Min: 1.17
[rosout][INFO] 2025-03-27 13:54:22,371: Back Left Min: 0.94, Back Right Min: 1.17
[rosout][INFO] 2025-03-27 13:54:22,468: Back Left Min: 0.94, Back Right Min: 1.17
[rosout][INFO] 2025-03-27 13:54:22,571: Back Left Min: 0.94, Back Right Min: 1.17
[rosout][INFO] 2025-03-27 13:54:22,668: Back Left Min: 0.94, Back Right Min: 1.17
[rosout][INFO] 2025-03-27 13:54:22,771: Back Left Min: 0.94, Back Right Min: 1.17
[rosout][INFO] 2025-03-27 13:54:22,868: Back Left Min: 0.94, Back Right Min: 1.17
[rosout][INFO] 2025-03-27 13:54:22,971: Back Left Min: 0.94, Back Right Min: 1.17
[rosout][INFO] 2025-03-27 13:54:23,068: Back Left Min: 0.94, Back Right Min: 1.17
[rosout][INFO] 2025-03-27 13:54:23,171: Back Left Min: 0.94, Back Right Min: 1.17
[rosout][INFO] 2025-03-27 13:54:23,268: Back Left Min: 0.94, Back Right Min: 1.17
[rosout][INFO] 2025-03-27 13:54:23,371: Back Left Min: 0.94, Back Right Min: 1.17
[rosout][INFO] 2025-03-27 13:54:23,468: Back Left Min: 0.94, Back Right Min: 1.17
[rosout][INFO] 2025-03-27 13:54:23,571: Back Left Min: 0.94, Back Right Min: 1.17
[rosout][INFO] 2025-03-27 13:54:23,668: Back Left Min: 0.94, Back Right Min: 1.17
[rosout][INFO] 2025-03-27 13:54:23,771: Back Left Min: 0.94, Back Right Min: 1.17
[rosout][INFO] 2025-03-27 13:54:23,868: Back Left Min: 0.94, Back Right Min: 1.17
[rosout][INFO] 2025-03-27 13:54:23,971: Back Left Min: 0.94, Back Right Min: 1.17
[rosout][INFO] 2025-03-27 13:54:24,068: Back Left Min: 0.94, Back Right Min: 1.17
[rosout][INFO] 2025-03-27 13:54:24,171: Back Left Min: 0.94, Back Right Min: 1.17
[rosout][INFO] 2025-03-27 13:54:24,268: Back Left Min: 0.94, Back Right Min: 1.17
[rosout][INFO] 2025-03-27 13:54:24,371: Back Left Min: 0.94, Back Right Min: 1.17
[rosout][INFO] 2025-03-27 13:54:24,468: Back Left Min: 0.94, Back Right Min: 1.17
[rosout][INFO] 2025-03-27 13:54:24,572: Back Left Min: 0.94, Back Right Min: 1.17
[rosout][INFO] 2025-03-27 13:54:24,668: Back Left Min: 0.94, Back Right Min: 1.17
[rosout][INFO] 2025-03-27 13:54:24,772: Back Left Min: 0.94, Back Right Min: 1.17
[rosout][INFO] 2025-03-27 13:54:24,868: Back Left Min: 0.94, Back Right Min: 1.17
[rosout][INFO] 2025-03-27 13:54:24,972: Back Left Min: 0.94, Back Right Min: 1.17
[rosout][INFO] 2025-03-27 13:54:25,069: Back Left Min: 0.94, Back Right Min: 1.17
[rosout][INFO] 2025-03-27 13:54:25,172: Back Left Min: 0.94, Back Right Min: 1.17
[rosout][INFO] 2025-03-27 13:54:25,269: Back Left Min: 0.94, Back Right Min: 1.17
[rosout][INFO] 2025-03-27 13:54:25,372: Back Left Min: 0.94, Back Right Min: 1.17
[rosout][INFO] 2025-03-27 13:54:25,469: Back Left Min: 0.94, Back Right Min: 1.17
[rosout][INFO] 2025-03-27 13:54:25,572: Back Left Min: 0.94, Back Right Min: 1.17
[rosout][INFO] 2025-03-27 13:54:25,669: Back Left Min: 0.94, Back Right Min: 1.17
[rosout][INFO] 2025-03-27 13:54:25,772: Back Left Min: 0.93, Back Right Min: 1.17
[rosout][INFO] 2025-03-27 13:54:25,869: Back Left Min: 0.93, Back Right Min: 1.17
[rosout][INFO] 2025-03-27 13:54:25,972: Back Left Min: 0.93, Back Right Min: 1.17
[rosout][INFO] 2025-03-27 13:54:26,069: Back Left Min: 0.94, Back Right Min: 1.17
[rosout][INFO] 2025-03-27 13:54:26,172: Back Left Min: 0.94, Back Right Min: 1.17
[rosout][INFO] 2025-03-27 13:54:26,269: Back Left Min: 0.94, Back Right Min: 1.17
[rosout][INFO] 2025-03-27 13:54:26,372: Back Left Min: 0.94, Back Right Min: 1.17
[rosout][INFO] 2025-03-27 13:54:26,469: Back Left Min: 0.94, Back Right Min: 1.17
[rosout][INFO] 2025-03-27 13:54:26,572: Back Left Min: 0.94, Back Right Min: 1.17
[rosout][INFO] 2025-03-27 13:54:26,668: Back Left Min: 0.94, Back Right Min: 1.17
[rosout][INFO] 2025-03-27 13:54:26,772: Back Left Min: 0.94, Back Right Min: 1.17
[rosout][INFO] 2025-03-27 13:54:26,869: Back Left Min: 0.94, Back Right Min: 1.17
[rosout][INFO] 2025-03-27 13:54:26,972: Back Left Min: 0.94, Back Right Min: 1.17
[rosout][INFO] 2025-03-27 13:54:27,069: Back Left Min: 0.94, Back Right Min: 1.17
[rosout][INFO] 2025-03-27 13:54:27,173: Back Left Min: 0.94, Back Right Min: 1.17
[rosout][INFO] 2025-03-27 13:54:27,269: Back Left Min: 0.94, Back Right Min: 1.17
[rosout][INFO] 2025-03-27 13:54:27,373: Back Left Min: 0.94, Back Right Min: 1.17
[rosout][INFO] 2025-03-27 13:54:27,470: Back Left Min: 0.94, Back Right Min: 1.17
[rosout][INFO] 2025-03-27 13:54:27,573: Back Left Min: 0.94, Back Right Min: 1.17
[rosout][INFO] 2025-03-27 13:54:27,670: Back Left Min: 0.94, Back Right Min: 1.17
[rosout][INFO] 2025-03-27 13:54:27,773: Back Left Min: 0.94, Back Right Min: 1.17
[rosout][INFO] 2025-03-27 13:54:27,870: Back Left Min: 0.94, Back Right Min: 1.17
[rosout][INFO] 2025-03-27 13:54:27,973: Back Left Min: 0.94, Back Right Min: 1.17
[rosout][INFO] 2025-03-27 13:54:28,070: Back Left Min: 0.94, Back Right Min: 1.17
[rosout][INFO] 2025-03-27 13:54:28,173: Back Left Min: 0.94, Back Right Min: 1.17
[rosout][INFO] 2025-03-27 13:54:28,270: Back Left Min: 0.93, Back Right Min: 1.17
[rosout][INFO] 2025-03-27 13:54:28,373: Back Left Min: 0.93, Back Right Min: 1.17
[rosout][INFO] 2025-03-27 13:54:28,470: Back Left Min: 0.93, Back Right Min: 1.17
[rosout][INFO] 2025-03-27 13:54:28,573: Back Left Min: 0.93, Back Right Min: 1.17
[rosout][INFO] 2025-03-27 13:54:28,670: Back Left Min: 0.93, Back Right Min: 1.17
[rosout][INFO] 2025-03-27 13:54:28,773: Back Left Min: 0.93, Back Right Min: 1.17
[rosout][INFO] 2025-03-27 13:54:28,870: Back Left Min: 0.92, Back Right Min: 1.17
[rosout][INFO] 2025-03-27 13:54:28,973: Back Left Min: 0.92, Back Right Min: 1.17
[rosout][INFO] 2025-03-27 13:54:29,070: Back Left Min: 0.92, Back Right Min: 1.17
[rosout][INFO] 2025-03-27 13:54:29,173: Back Left Min: 0.95, Back Right Min: 1.17
[rosout][INFO] 2025-03-27 13:54:29,270: Back Left Min: 0.95, Back Right Min: 1.17
[rosout][INFO] 2025-03-27 13:54:29,374: Back Left Min: 0.93, Back Right Min: 1.17
[rosout][INFO] 2025-03-27 13:54:29,470: Back Left Min: 0.93, Back Right Min: 1.17
[rosout][INFO] 2025-03-27 13:54:29,574: Back Left Min: 0.93, Back Right Min: 1.17
[rosout][INFO] 2025-03-27 13:54:29,670: Back Left Min: 1.45, Back Right Min: 1.17
[rosout][INFO] 2025-03-27 13:54:29,774: Back Left Min: 1.45, Back Right Min: 1.17
[rosout][INFO] 2025-03-27 13:54:29,871: Back Left Min: 1.45, Back Right Min: 1.17
[rosout][INFO] 2025-03-27 13:54:29,974: Back Left Min: 0.92, Back Right Min: 1.17
[rosout][INFO] 2025-03-27 13:54:30,071: Back Left Min: 0.92, Back Right Min: 1.17
[rosout][INFO] 2025-03-27 13:54:30,174: Back Left Min: 0.92, Back Right Min: 1.17
[rosout][INFO] 2025-03-27 13:54:30,271: Back Left Min: 1.35, Back Right Min: 1.17
[rosout][INFO] 2025-03-27 13:54:30,374: Back Left Min: 1.35, Back Right Min: 1.17
[rosout][INFO] 2025-03-27 13:54:30,471: Back Left Min: 1.35, Back Right Min: 1.17
[rosout][INFO] 2025-03-27 13:54:30,574: Back Left Min: 1.35, Back Right Min: 1.17
[rosout][INFO] 2025-03-27 13:54:30,671: Back Left Min: 1.35, Back Right Min: 1.17
[rosout][INFO] 2025-03-27 13:54:30,774: Back Left Min: 1.35, Back Right Min: 1.17
[rosout][INFO] 2025-03-27 13:54:30,871: Back Left Min: 1.35, Back Right Min: 1.17
[rosout][INFO] 2025-03-27 13:54:30,974: Back Left Min: 1.35, Back Right Min: 1.17
[rosout][INFO] 2025-03-27 13:54:31,071: Back Left Min: 1.35, Back Right Min: 1.17
[rosout][INFO] 2025-03-27 13:54:31,175: Back Left Min: 1.35, Back Right Min: 1.17
[rosout][INFO] 2025-03-27 13:54:31,272: Back Left Min: 1.35, Back Right Min: 1.17
[rosout][INFO] 2025-03-27 13:54:31,375: Back Left Min: 1.35, Back Right Min: 1.17
[rosout][INFO] 2025-03-27 13:54:31,471: Back Left Min: 1.35, Back Right Min: 1.17
[rosout][INFO] 2025-03-27 13:54:31,575: Back Left Min: 1.35, Back Right Min: 1.17
[rosout][INFO] 2025-03-27 13:54:31,671: Back Left Min: 1.35, Back Right Min: 1.17
[rosout][INFO] 2025-03-27 13:54:31,775: Back Left Min: 1.35, Back Right Min: 1.17
[rosout][INFO] 2025-03-27 13:54:31,871: Back Left Min: 1.35, Back Right Min: 1.17
[rosout][INFO] 2025-03-27 13:54:31,975: Back Left Min: 1.35, Back Right Min: 1.17
[rosout][INFO] 2025-03-27 13:54:32,071: Back Left Min: 1.35, Back Right Min: 1.17
[rosout][INFO] 2025-03-27 13:54:32,175: Back Left Min: 1.35, Back Right Min: 1.17
[rosout][INFO] 2025-03-27 13:54:32,272: Back Left Min: 1.35, Back Right Min: 1.17
[rosout][INFO] 2025-03-27 13:54:32,375: Back Left Min: 1.35, Back Right Min: 1.17
[rosout][INFO] 2025-03-27 13:54:32,472: Back Left Min: 1.35, Back Right Min: 1.17
[rosout][INFO] 2025-03-27 13:54:32,575: Back Left Min: 1.35, Back Right Min: 1.17
[rosout][INFO] 2025-03-27 13:54:32,672: Back Left Min: 1.35, Back Right Min: 1.17
[rosout][INFO] 2025-03-27 13:54:32,775: Back Left Min: 1.35, Back Right Min: 1.17
[rosout][INFO] 2025-03-27 13:54:32,872: Back Left Min: 1.35, Back Right Min: 1.17
[rosout][INFO] 2025-03-27 13:54:32,975: Back Left Min: 1.35, Back Right Min: 1.17
[rosout][INFO] 2025-03-27 13:54:33,072: Back Left Min: 1.35, Back Right Min: 1.17
[rosout][INFO] 2025-03-27 13:54:33,175: Back Left Min: 1.35, Back Right Min: 1.17
[rosout][INFO] 2025-03-27 13:54:33,272: Back Left Min: 1.35, Back Right Min: 1.17
[rosout][INFO] 2025-03-27 13:54:33,375: Back Left Min: 1.35, Back Right Min: 1.17
[rosout][INFO] 2025-03-27 13:54:33,472: Back Left Min: 1.35, Back Right Min: 1.17
[rosout][INFO] 2025-03-27 13:54:33,575: Back Left Min: 1.35, Back Right Min: 1.17
[rosout][INFO] 2025-03-27 13:54:33,672: Back Left Min: 1.35, Back Right Min: 1.17
[rosout][INFO] 2025-03-27 13:54:33,776: Back Left Min: 1.35, Back Right Min: 1.17
[rosout][INFO] 2025-03-27 13:54:33,872: Back Left Min: 1.35, Back Right Min: 1.17
[rosout][INFO] 2025-03-27 13:54:33,976: Back Left Min: 1.35, Back Right Min: 1.17
[rosout][INFO] 2025-03-27 13:54:34,072: Back Left Min: 1.35, Back Right Min: 1.17
[rosout][INFO] 2025-03-27 13:54:34,176: Back Left Min: 1.35, Back Right Min: 1.17
[rosout][INFO] 2025-03-27 13:54:34,272: Back Left Min: 1.35, Back Right Min: 1.17
[rosout][INFO] 2025-03-27 13:54:34,376: Back Left Min: 1.35, Back Right Min: 1.17
[rosout][INFO] 2025-03-27 13:54:34,473: Back Left Min: 1.35, Back Right Min: 1.17
[rosout][INFO] 2025-03-27 13:54:34,576: Back Left Min: 1.35, Back Right Min: 1.17
[rosout][INFO] 2025-03-27 13:54:34,673: Back Left Min: 1.35, Back Right Min: 1.17
[rosout][INFO] 2025-03-27 13:54:34,776: Back Left Min: 1.35, Back Right Min: 1.17
[rosout][INFO] 2025-03-27 13:54:34,873: Back Left Min: 1.35, Back Right Min: 1.17
[rosout][INFO] 2025-03-27 13:54:34,976: Back Left Min: 1.35, Back Right Min: 1.17
[rosout][INFO] 2025-03-27 13:54:35,073: Back Left Min: 1.35, Back Right Min: 1.17
[rosout][INFO] 2025-03-27 13:54:35,176: Back Left Min: 1.35, Back Right Min: 1.17
[rosout][INFO] 2025-03-27 13:54:35,273: Back Left Min: 1.35, Back Right Min: 1.17
[rosout][INFO] 2025-03-27 13:54:35,376: Back Left Min: 1.35, Back Right Min: 1.17
[rosout][INFO] 2025-03-27 13:54:35,473: Back Left Min: 1.35, Back Right Min: 1.17
[rosout][INFO] 2025-03-27 13:54:35,576: Back Left Min: 1.35, Back Right Min: 1.17
[rosout][INFO] 2025-03-27 13:54:35,673: Back Left Min: 1.35, Back Right Min: 1.17
[rosout][INFO] 2025-03-27 13:54:35,776: Back Left Min: 1.35, Back Right Min: 1.17
[rosout][INFO] 2025-03-27 13:54:35,873: Back Left Min: 1.35, Back Right Min: 1.17
[rosout][INFO] 2025-03-27 13:54:35,976: Back Left Min: 1.35, Back Right Min: 1.17
[rosout][INFO] 2025-03-27 13:54:36,073: Back Left Min: 1.35, Back Right Min: 1.17
[rosout][INFO] 2025-03-27 13:54:36,176: Back Left Min: 1.35, Back Right Min: 1.17
[rosout][INFO] 2025-03-27 13:54:36,273: Back Left Min: 1.35, Back Right Min: 1.17
[rosout][INFO] 2025-03-27 13:54:36,376: Back Left Min: 1.35, Back Right Min: 1.17
[rosout][INFO] 2025-03-27 13:54:36,473: Back Left Min: 1.35, Back Right Min: 1.17
[rosout][INFO] 2025-03-27 13:54:36,576: Back Left Min: 1.35, Back Right Min: 1.17
[rosout][INFO] 2025-03-27 13:54:36,672: Back Left Min: 1.35, Back Right Min: 1.17
[rosout][INFO] 2025-03-27 13:54:36,777: Back Left Min: 1.35, Back Right Min: 1.17
[rosout][INFO] 2025-03-27 13:54:36,873: Back Left Min: 1.35, Back Right Min: 1.17
[rosout][INFO] 2025-03-27 13:54:36,977: Back Left Min: 1.35, Back Right Min: 1.17
[rosout][INFO] 2025-03-27 13:54:37,074: Back Left Min: 1.35, Back Right Min: 1.17
[rosout][INFO] 2025-03-27 13:54:37,177: Back Left Min: 1.35, Back Right Min: 1.17
[rosout][INFO] 2025-03-27 13:54:37,274: Back Left Min: 1.35, Back Right Min: 1.17
[rosout][INFO] 2025-03-27 13:54:37,377: Back Left Min: 1.35, Back Right Min: 1.17
[rosout][INFO] 2025-03-27 13:54:37,474: Back Left Min: 1.35, Back Right Min: 1.17
[rosout][INFO] 2025-03-27 13:54:37,577: Back Left Min: 1.35, Back Right Min: 1.17
[rosout][INFO] 2025-03-27 13:54:37,674: Back Left Min: 1.35, Back Right Min: 1.17
[rosout][INFO] 2025-03-27 13:54:37,777: Back Left Min: 1.35, Back Right Min: 1.17
[rosout][INFO] 2025-03-27 13:54:37,874: Back Left Min: 1.35, Back Right Min: 1.17
[rosout][INFO] 2025-03-27 13:54:37,977: Back Left Min: 1.35, Back Right Min: 1.17
[rosout][INFO] 2025-03-27 13:54:38,074: Back Left Min: 1.35, Back Right Min: 1.17
[rosout][INFO] 2025-03-27 13:54:38,177: Back Left Min: 1.35, Back Right Min: 1.17
[rosout][INFO] 2025-03-27 13:54:38,274: Back Left Min: 1.35, Back Right Min: 1.17
[rosout][INFO] 2025-03-27 13:54:38,377: Back Left Min: 1.35, Back Right Min: 1.17
[rosout][INFO] 2025-03-27 13:54:38,474: Back Left Min: 1.35, Back Right Min: 1.17
[rosout][INFO] 2025-03-27 13:54:38,577: Back Left Min: 1.35, Back Right Min: 1.17
[rosout][INFO] 2025-03-27 13:54:38,674: Back Left Min: 1.35, Back Right Min: 1.17
[rosout][INFO] 2025-03-27 13:54:38,777: Back Left Min: 1.35, Back Right Min: 1.17
[rosout][INFO] 2025-03-27 13:54:38,874: Back Left Min: 1.35, Back Right Min: 1.17
[rosout][INFO] 2025-03-27 13:54:38,977: Back Left Min: 1.35, Back Right Min: 1.17
[rosout][INFO] 2025-03-27 13:54:39,074: Back Left Min: 1.35, Back Right Min: 1.17
[rosout][INFO] 2025-03-27 13:54:39,178: Back Left Min: 1.35, Back Right Min: 1.17
[rosout][INFO] 2025-03-27 13:54:39,275: Back Left Min: 1.35, Back Right Min: 1.17
[rosout][INFO] 2025-03-27 13:54:39,378: Back Left Min: 1.35, Back Right Min: 1.17
[rosout][INFO] 2025-03-27 13:54:39,475: Back Left Min: 1.35, Back Right Min: 1.17
[rosout][INFO] 2025-03-27 13:54:39,578: Back Left Min: 1.35, Back Right Min: 1.17
[rosout][INFO] 2025-03-27 13:54:39,675: Back Left Min: 1.35, Back Right Min: 1.17
[rosout][INFO] 2025-03-27 13:54:39,778: Back Left Min: 1.35, Back Right Min: 1.17
[rosout][INFO] 2025-03-27 13:54:39,875: Back Left Min: 1.35, Back Right Min: 1.17
[rosout][INFO] 2025-03-27 13:54:39,978: Back Left Min: 1.35, Back Right Min: 1.17
[rosout][INFO] 2025-03-27 13:54:40,075: Back Left Min: 1.35, Back Right Min: 1.17
[rosout][INFO] 2025-03-27 13:54:40,178: Back Left Min: 1.35, Back Right Min: 1.17
[rosout][INFO] 2025-03-27 13:54:40,275: Back Left Min: 1.35, Back Right Min: 1.17
[rosout][INFO] 2025-03-27 13:54:40,378: Back Left Min: 1.35, Back Right Min: 1.17
[rosout][INFO] 2025-03-27 13:54:40,475: Back Left Min: 1.35, Back Right Min: 1.17
[rosout][INFO] 2025-03-27 13:54:40,578: Back Left Min: 1.35, Back Right Min: 1.17
[rosout][INFO] 2025-03-27 13:54:40,675: Back Left Min: 1.35, Back Right Min: 1.17
[rosout][INFO] 2025-03-27 13:54:40,778: Back Left Min: 1.35, Back Right Min: 1.17
[rosout][INFO] 2025-03-27 13:54:40,875: Back Left Min: 1.35, Back Right Min: 1.17
[rosout][INFO] 2025-03-27 13:54:40,978: Back Left Min: 1.35, Back Right Min: 1.17
[rosout][INFO] 2025-03-27 13:54:41,075: Back Left Min: 1.35, Back Right Min: 1.17
[rosout][INFO] 2025-03-27 13:54:41,178: Back Left Min: 1.35, Back Right Min: 1.17
[rosout][INFO] 2025-03-27 13:54:41,275: Back Left Min: 1.35, Back Right Min: 1.17
[rosout][INFO] 2025-03-27 13:54:41,378: Back Left Min: 1.35, Back Right Min: 1.17
[rosout][INFO] 2025-03-27 13:54:41,475: Back Left Min: 1.35, Back Right Min: 1.17
[rosout][INFO] 2025-03-27 13:54:41,579: Back Left Min: 1.35, Back Right Min: 1.17
[rosout][INFO] 2025-03-27 13:54:41,675: Back Left Min: 1.35, Back Right Min: 1.17
[rosout][INFO] 2025-03-27 13:54:41,779: Back Left Min: 1.35, Back Right Min: 1.17
[rosout][INFO] 2025-03-27 13:54:41,875: Back Left Min: 1.35, Back Right Min: 1.17
[rosout][INFO] 2025-03-27 13:54:41,979: Back Left Min: 1.35, Back Right Min: 1.17
[rosout][INFO] 2025-03-27 13:54:42,076: Back Left Min: 1.35, Back Right Min: 1.17
[rosout][INFO] 2025-03-27 13:54:42,179: Back Left Min: 1.35, Back Right Min: 1.17
[rosout][INFO] 2025-03-27 13:54:42,276: Back Left Min: 1.35, Back Right Min: 1.17
[rosout][INFO] 2025-03-27 13:54:42,379: Back Left Min: 1.35, Back Right Min: 1.17
[rosout][INFO] 2025-03-27 13:54:42,476: Back Left Min: 1.35, Back Right Min: 1.17
[rosout][INFO] 2025-03-27 13:54:42,579: Back Left Min: 1.35, Back Right Min: 1.17
[rosout][INFO] 2025-03-27 13:54:42,676: Back Left Min: 1.35, Back Right Min: 1.17
[rosout][INFO] 2025-03-27 13:54:42,779: Back Left Min: 1.35, Back Right Min: 1.17
[rosout][INFO] 2025-03-27 13:54:42,876: Back Left Min: 1.35, Back Right Min: 1.17
[rosout][INFO] 2025-03-27 13:54:42,979: Back Left Min: 1.35, Back Right Min: 1.17
[rosout][INFO] 2025-03-27 13:54:43,076: Back Left Min: 1.35, Back Right Min: 1.17
[rosout][INFO] 2025-03-27 13:54:43,179: Back Left Min: 1.35, Back Right Min: 1.17
[rosout][INFO] 2025-03-27 13:54:43,276: Back Left Min: 1.35, Back Right Min: 1.17
[rosout][INFO] 2025-03-27 13:54:43,379: Back Left Min: 1.35, Back Right Min: 1.17
[rosout][INFO] 2025-03-27 13:54:43,476: Back Left Min: 1.35, Back Right Min: 1.17
[rosout][INFO] 2025-03-27 13:54:43,579: Back Left Min: 1.35, Back Right Min: 1.17
[rosout][INFO] 2025-03-27 13:54:43,676: Back Left Min: 1.35, Back Right Min: 1.17
[rosout][INFO] 2025-03-27 13:54:43,779: Back Left Min: 1.35, Back Right Min: 1.17
[rosout][INFO] 2025-03-27 13:54:43,876: Back Left Min: 1.35, Back Right Min: 1.17
[rosout][INFO] 2025-03-27 13:54:43,980: Back Left Min: 1.35, Back Right Min: 1.17
[rosout][INFO] 2025-03-27 13:54:44,076: Back Left Min: 1.35, Back Right Min: 1.17
[rosout][INFO] 2025-03-27 13:54:44,180: Back Left Min: 1.35, Back Right Min: 1.17
[rosout][INFO] 2025-03-27 13:54:44,276: Back Left Min: 1.35, Back Right Min: 1.17
[rosout][INFO] 2025-03-27 13:54:44,380: Back Left Min: 1.35, Back Right Min: 1.17
[rosout][INFO] 2025-03-27 13:54:44,477: Back Left Min: 1.35, Back Right Min: 1.17
[rosout][INFO] 2025-03-27 13:54:44,580: Back Left Min: 1.35, Back Right Min: 1.17
[rosout][INFO] 2025-03-27 13:54:44,677: Back Left Min: 1.35, Back Right Min: 1.17
[rosout][INFO] 2025-03-27 13:54:44,780: Back Left Min: 1.35, Back Right Min: 1.17
[rosout][INFO] 2025-03-27 13:54:44,877: Back Left Min: 1.35, Back Right Min: 1.17
[rosout][INFO] 2025-03-27 13:54:44,980: Back Left Min: 1.35, Back Right Min: 1.17
[rosout][INFO] 2025-03-27 13:54:45,077: Back Left Min: 1.35, Back Right Min: 1.17
[rosout][INFO] 2025-03-27 13:54:45,180: Back Left Min: 1.35, Back Right Min: 1.17
[rosout][INFO] 2025-03-27 13:54:45,277: Back Left Min: 1.35, Back Right Min: 1.17
[rosout][INFO] 2025-03-27 13:54:45,381: Back Left Min: 1.35, Back Right Min: 1.17
[rosout][INFO] 2025-03-27 13:54:45,477: Back Left Min: 1.35, Back Right Min: 1.17
[rosout][INFO] 2025-03-27 13:54:45,580: Back Left Min: 1.35, Back Right Min: 1.17
[rosout][INFO] 2025-03-27 13:54:45,677: Back Left Min: 1.35, Back Right Min: 1.17
[rosout][INFO] 2025-03-27 13:54:45,780: Back Left Min: 1.35, Back Right Min: 1.17
[rosout][INFO] 2025-03-27 13:54:45,877: Back Left Min: 1.35, Back Right Min: 1.17
[rosout][INFO] 2025-03-27 13:54:45,980: Back Left Min: 1.35, Back Right Min: 1.17
[rosout][INFO] 2025-03-27 13:54:46,077: Back Left Min: 1.35, Back Right Min: 1.17
[rosout][INFO] 2025-03-27 13:54:46,181: Back Left Min: 1.35, Back Right Min: 1.17
[rosout][INFO] 2025-03-27 13:54:46,277: Back Left Min: 1.35, Back Right Min: 1.17
[rosout][INFO] 2025-03-27 13:54:46,381: Back Left Min: 1.35, Back Right Min: 1.17
[rosout][INFO] 2025-03-27 13:54:46,477: Back Left Min: 1.35, Back Right Min: 1.17
[rosout][INFO] 2025-03-27 13:54:46,581: Back Left Min: 1.35, Back Right Min: 1.17
[rosout][INFO] 2025-03-27 13:54:46,677: Back Left Min: 1.35, Back Right Min: 1.17
[rosout][INFO] 2025-03-27 13:54:46,781: Back Left Min: 1.35, Back Right Min: 1.17
[rosout][INFO] 2025-03-27 13:54:46,878: Back Left Min: 1.35, Back Right Min: 1.17
[rosout][INFO] 2025-03-27 13:54:46,981: Back Left Min: 1.35, Back Right Min: 1.17
[rosout][INFO] 2025-03-27 13:54:47,078: Back Left Min: 1.35, Back Right Min: 1.17
[rosout][INFO] 2025-03-27 13:54:47,181: Back Left Min: 1.35, Back Right Min: 1.17
[rosout][INFO] 2025-03-27 13:54:47,278: Back Left Min: 1.35, Back Right Min: 1.17
[rosout][INFO] 2025-03-27 13:54:47,381: Back Left Min: 1.35, Back Right Min: 1.17
[rosout][INFO] 2025-03-27 13:54:47,478: Back Left Min: 1.35, Back Right Min: 1.17
[rosout][INFO] 2025-03-27 13:54:47,581: Back Left Min: 1.35, Back Right Min: 1.17
[rosout][INFO] 2025-03-27 13:54:47,678: Back Left Min: 1.35, Back Right Min: 1.17
[rosout][INFO] 2025-03-27 13:54:47,781: Back Left Min: 1.35, Back Right Min: 1.17
[rosout][INFO] 2025-03-27 13:54:47,878: Back Left Min: 1.35, Back Right Min: 1.17
[rosout][INFO] 2025-03-27 13:54:47,981: Back Left Min: 1.35, Back Right Min: 1.17
[rosout][INFO] 2025-03-27 13:54:48,078: Back Left Min: 1.35, Back Right Min: 1.17
[rosout][INFO] 2025-03-27 13:54:48,181: Back Left Min: 1.35, Back Right Min: 1.17
[rosout][INFO] 2025-03-27 13:54:48,278: Back Left Min: 1.35, Back Right Min: 1.17
[rosout][INFO] 2025-03-27 13:54:48,381: Back Left Min: 1.35, Back Right Min: 1.17
[rosout][INFO] 2025-03-27 13:54:48,478: Back Left Min: 1.35, Back Right Min: 1.17
[rosout][INFO] 2025-03-27 13:54:48,581: Back Left Min: 1.35, Back Right Min: 1.17
[rosout][INFO] 2025-03-27 13:54:48,678: Back Left Min: 1.35, Back Right Min: 1.17
[rosout][INFO] 2025-03-27 13:54:48,782: Back Left Min: 1.35, Back Right Min: 1.17
[rosout][INFO] 2025-03-27 13:54:48,878: Back Left Min: 1.35, Back Right Min: 1.17
[rosout][INFO] 2025-03-27 13:54:48,982: Back Left Min: 1.35, Back Right Min: 1.17
[rosout][INFO] 2025-03-27 13:54:49,078: Back Left Min: 1.35, Back Right Min: 1.17
[rosout][INFO] 2025-03-27 13:54:49,182: Back Left Min: 1.35, Back Right Min: 1.17
[rosout][INFO] 2025-03-27 13:54:49,279: Back Left Min: 1.35, Back Right Min: 1.17
[rosout][INFO] 2025-03-27 13:54:49,382: Back Left Min: 1.35, Back Right Min: 1.17
[rosout][INFO] 2025-03-27 13:54:49,479: Back Left Min: 1.35, Back Right Min: 1.17
[rosout][INFO] 2025-03-27 13:54:49,582: Back Left Min: 1.35, Back Right Min: 1.17
[rosout][INFO] 2025-03-27 13:54:49,679: Back Left Min: 1.35, Back Right Min: 1.17
[rosout][INFO] 2025-03-27 13:54:49,782: Back Left Min: 1.35, Back Right Min: 1.17
[rosout][INFO] 2025-03-27 13:54:49,879: Back Left Min: 1.35, Back Right Min: 1.17
[rosout][INFO] 2025-03-27 13:54:49,982: Back Left Min: 1.35, Back Right Min: 1.17
[rosout][INFO] 2025-03-27 13:54:50,079: Back Left Min: 1.35, Back Right Min: 1.17
[rosout][INFO] 2025-03-27 13:54:50,182: Back Left Min: 1.35, Back Right Min: 1.17
[rosout][INFO] 2025-03-27 13:54:50,279: Back Left Min: 1.35, Back Right Min: 1.17
[rosout][INFO] 2025-03-27 13:54:50,382: Back Left Min: 1.35, Back Right Min: 1.17
[rosout][INFO] 2025-03-27 13:54:50,479: Back Left Min: 1.35, Back Right Min: 1.17
[rosout][INFO] 2025-03-27 13:54:50,582: Back Left Min: 1.35, Back Right Min: 1.17
[rosout][INFO] 2025-03-27 13:54:50,679: Back Left Min: 1.35, Back Right Min: 1.17
[rosout][INFO] 2025-03-27 13:54:50,782: Back Left Min: 1.35, Back Right Min: 1.17
[rosout][INFO] 2025-03-27 13:54:50,879: Back Left Min: 1.35, Back Right Min: 1.17
[rosout][INFO] 2025-03-27 13:54:50,982: Back Left Min: 1.35, Back Right Min: 1.17
[rosout][INFO] 2025-03-27 13:54:51,079: Back Left Min: 1.35, Back Right Min: 1.17
[rosout][INFO] 2025-03-27 13:54:51,182: Back Left Min: 1.35, Back Right Min: 1.17
[rosout][INFO] 2025-03-27 13:54:51,279: Back Left Min: 1.35, Back Right Min: 1.17
[rosout][INFO] 2025-03-27 13:54:51,382: Back Left Min: 1.35, Back Right Min: 1.17
[rosout][INFO] 2025-03-27 13:54:51,479: Back Left Min: 1.35, Back Right Min: 1.17
[rosout][INFO] 2025-03-27 13:54:51,583: Back Left Min: 1.35, Back Right Min: 1.17
[rosout][INFO] 2025-03-27 13:54:51,679: Back Left Min: 1.35, Back Right Min: 1.17
[rosout][INFO] 2025-03-27 13:54:51,783: Back Left Min: 1.35, Back Right Min: 1.17
[rosout][INFO] 2025-03-27 13:54:51,880: Back Left Min: 1.35, Back Right Min: 1.17
[rosout][INFO] 2025-03-27 13:54:51,983: Back Left Min: 1.35, Back Right Min: 1.17
[rosout][INFO] 2025-03-27 13:54:52,080: Back Left Min: 1.35, Back Right Min: 1.17
[rosout][INFO] 2025-03-27 13:54:52,183: Back Left Min: 1.35, Back Right Min: 1.17
[rosout][INFO] 2025-03-27 13:54:52,280: Back Left Min: 1.35, Back Right Min: 1.17
[rosout][INFO] 2025-03-27 13:54:52,383: Back Left Min: 1.35, Back Right Min: 1.17
[rosout][INFO] 2025-03-27 13:54:52,480: Back Left Min: 1.35, Back Right Min: 1.17
[rosout][INFO] 2025-03-27 13:54:52,583: Back Left Min: 1.35, Back Right Min: 1.17
[rosout][INFO] 2025-03-27 13:54:52,680: Back Left Min: 1.35, Back Right Min: 1.17
[rosout][INFO] 2025-03-27 13:54:52,783: Back Left Min: 1.35, Back Right Min: 1.17
[rosout][INFO] 2025-03-27 13:54:52,880: Back Left Min: 1.35, Back Right Min: 1.17
[rosout][INFO] 2025-03-27 13:54:52,983: Back Left Min: 1.35, Back Right Min: 1.17
[rosout][INFO] 2025-03-27 13:54:53,080: Back Left Min: 1.35, Back Right Min: 1.17
[rosout][INFO] 2025-03-27 13:54:53,183: Back Left Min: 1.35, Back Right Min: 1.17
[rosout][INFO] 2025-03-27 13:54:53,280: Back Left Min: 1.35, Back Right Min: 1.17
[rosout][INFO] 2025-03-27 13:54:53,383: Back Left Min: 1.35, Back Right Min: 1.17
[rosout][INFO] 2025-03-27 13:54:53,480: Back Left Min: 1.35, Back Right Min: 1.17
[rosout][INFO] 2025-03-27 13:54:53,584: Back Left Min: 1.35, Back Right Min: 1.17
[rosout][INFO] 2025-03-27 13:54:53,681: Back Left Min: 1.35, Back Right Min: 1.17
[rosout][INFO] 2025-03-27 13:54:53,784: Back Left Min: 1.35, Back Right Min: 1.17
[rosout][INFO] 2025-03-27 13:54:53,881: Back Left Min: 1.35, Back Right Min: 1.17
[rosout][INFO] 2025-03-27 13:54:53,984: Back Left Min: 1.35, Back Right Min: 1.17
[rosout][INFO] 2025-03-27 13:54:54,081: Back Left Min: 1.35, Back Right Min: 1.17
[rosout][INFO] 2025-03-27 13:54:54,184: Back Left Min: 1.35, Back Right Min: 1.17
[rosout][INFO] 2025-03-27 13:54:54,281: Back Left Min: 1.35, Back Right Min: 1.17
[rosout][INFO] 2025-03-27 13:54:54,384: Back Left Min: 1.35, Back Right Min: 1.17
[rosout][INFO] 2025-03-27 13:54:54,481: Back Left Min: 1.35, Back Right Min: 1.17
[rosout][INFO] 2025-03-27 13:54:54,584: Back Left Min: 1.35, Back Right Min: 1.17
[rosout][INFO] 2025-03-27 13:54:54,681: Back Left Min: 1.35, Back Right Min: 1.17
[rosout][INFO] 2025-03-27 13:54:54,784: Back Left Min: 1.35, Back Right Min: 1.17
[rosout][INFO] 2025-03-27 13:54:54,881: Back Left Min: 1.35, Back Right Min: 1.17
[rosout][INFO] 2025-03-27 13:54:54,984: Back Left Min: 1.35, Back Right Min: 1.17
[rosout][INFO] 2025-03-27 13:54:55,081: Back Left Min: 1.35, Back Right Min: 1.17
[rosout][INFO] 2025-03-27 13:54:55,184: Back Left Min: 1.35, Back Right Min: 1.17
[rosout][INFO] 2025-03-27 13:54:55,282: Back Left Min: 1.35, Back Right Min: 1.17
[rosout][INFO] 2025-03-27 13:54:55,385: Back Left Min: 1.35, Back Right Min: 1.17
[rosout][INFO] 2025-03-27 13:54:55,482: Back Left Min: 1.35, Back Right Min: 1.17
[rosout][INFO] 2025-03-27 13:54:55,585: Back Left Min: 1.35, Back Right Min: 1.17
[rosout][INFO] 2025-03-27 13:54:55,681: Back Left Min: 1.35, Back Right Min: 1.17
[rosout][INFO] 2025-03-27 13:54:55,784: Back Left Min: 1.35, Back Right Min: 1.17
[rosout][INFO] 2025-03-27 13:54:55,881: Back Left Min: 1.35, Back Right Min: 1.17
[rosout][INFO] 2025-03-27 13:54:55,984: Back Left Min: 1.35, Back Right Min: 1.17
[rosout][INFO] 2025-03-27 13:54:56,081: Back Left Min: 1.35, Back Right Min: 1.17
[rosout][INFO] 2025-03-27 13:54:56,185: Back Left Min: 1.35, Back Right Min: 1.17
[rosout][INFO] 2025-03-27 13:54:56,281: Back Left Min: 1.35, Back Right Min: 1.17
[rosout][INFO] 2025-03-27 13:54:56,385: Back Left Min: 1.35, Back Right Min: 1.17
[rosout][INFO] 2025-03-27 13:54:56,481: Back Left Min: 1.35, Back Right Min: 1.17
[rosout][INFO] 2025-03-27 13:54:56,585: Back Left Min: 1.35, Back Right Min: 1.17
[rosout][INFO] 2025-03-27 13:54:56,682: Back Left Min: 1.35, Back Right Min: 1.17
[rosout][INFO] 2025-03-27 13:54:56,785: Back Left Min: 1.35, Back Right Min: 1.17
[rosout][INFO] 2025-03-27 13:54:56,882: Back Left Min: 1.35, Back Right Min: 1.17
[rosout][INFO] 2025-03-27 13:54:56,985: Back Left Min: 1.35, Back Right Min: 1.17
[rosout][INFO] 2025-03-27 13:54:57,082: Back Left Min: 1.35, Back Right Min: 1.17
[rosout][INFO] 2025-03-27 13:54:57,185: Back Left Min: 1.35, Back Right Min: 1.17
[rosout][INFO] 2025-03-27 13:54:57,282: Back Left Min: 1.35, Back Right Min: 1.17
[rosout][INFO] 2025-03-27 13:54:57,385: Back Left Min: 1.35, Back Right Min: 1.17
[rosout][INFO] 2025-03-27 13:54:57,481: Back Left Min: 1.35, Back Right Min: 1.17
[rosout][INFO] 2025-03-27 13:54:57,585: Back Left Min: 1.35, Back Right Min: 1.17
[rosout][INFO] 2025-03-27 13:54:57,682: Back Left Min: 1.35, Back Right Min: 1.17
[rosout][INFO] 2025-03-27 13:54:57,785: Back Left Min: 1.35, Back Right Min: 1.17
[rosout][INFO] 2025-03-27 13:54:57,882: Back Left Min: 1.35, Back Right Min: 1.17
[rosout][INFO] 2025-03-27 13:54:57,986: Back Left Min: 1.35, Back Right Min: 1.17
[rosout][INFO] 2025-03-27 13:54:58,082: Back Left Min: 1.35, Back Right Min: 1.17
[rosout][INFO] 2025-03-27 13:54:58,186: Back Left Min: 1.35, Back Right Min: 1.17
[rosout][INFO] 2025-03-27 13:54:58,283: Back Left Min: 1.35, Back Right Min: 1.17
[rosout][INFO] 2025-03-27 13:54:58,386: Back Left Min: 1.35, Back Right Min: 1.17
[rosout][INFO] 2025-03-27 13:54:58,483: Back Left Min: 1.35, Back Right Min: 1.17
[rosout][INFO] 2025-03-27 13:54:58,586: Back Left Min: 1.35, Back Right Min: 1.17
[rosout][INFO] 2025-03-27 13:54:58,683: Back Left Min: 1.35, Back Right Min: 1.17
[rosout][INFO] 2025-03-27 13:54:58,786: Back Left Min: 1.35, Back Right Min: 1.17
[rosout][INFO] 2025-03-27 13:54:58,883: Back Left Min: 1.35, Back Right Min: 1.17
[rosout][INFO] 2025-03-27 13:54:58,986: Back Left Min: 1.35, Back Right Min: 1.17
[rosout][INFO] 2025-03-27 13:54:59,083: Back Left Min: 1.35, Back Right Min: 1.17
[rosout][INFO] 2025-03-27 13:54:59,186: Back Left Min: 1.35, Back Right Min: 1.17
[rosout][INFO] 2025-03-27 13:54:59,283: Back Left Min: 1.35, Back Right Min: 1.17
[rosout][INFO] 2025-03-27 13:54:59,386: Back Left Min: 1.35, Back Right Min: 1.17
[rosout][INFO] 2025-03-27 13:54:59,483: Back Left Min: 1.35, Back Right Min: 1.17
[rosout][INFO] 2025-03-27 13:54:59,586: Back Left Min: 1.35, Back Right Min: 1.17
[rosout][INFO] 2025-03-27 13:54:59,683: Back Left Min: 1.35, Back Right Min: 1.17
[rosout][INFO] 2025-03-27 13:54:59,786: Back Left Min: 1.35, Back Right Min: 1.17
[rosout][INFO] 2025-03-27 13:54:59,883: Back Left Min: 1.35, Back Right Min: 1.17
[rosout][INFO] 2025-03-27 13:54:59,986: Back Left Min: 1.35, Back Right Min: 1.17
[rosout][INFO] 2025-03-27 13:55:00,083: Back Left Min: 1.35, Back Right Min: 1.17
[rosout][INFO] 2025-03-27 13:55:00,186: Back Left Min: 1.35, Back Right Min: 1.17
[rosout][INFO] 2025-03-27 13:55:00,283: Back Left Min: 1.35, Back Right Min: 1.17
[rosout][INFO] 2025-03-27 13:55:00,386: Back Left Min: 1.35, Back Right Min: 1.17
[rosout][INFO] 2025-03-27 13:55:00,483: Back Left Min: 1.35, Back Right Min: 1.17
[rosout][INFO] 2025-03-27 13:55:00,586: Back Left Min: 1.35, Back Right Min: 1.17
[rosout][INFO] 2025-03-27 13:55:00,683: Back Left Min: 1.35, Back Right Min: 1.17
[rosout][INFO] 2025-03-27 13:55:00,786: Back Left Min: 1.35, Back Right Min: 1.17
[rosout][INFO] 2025-03-27 13:55:00,883: Back Left Min: 1.35, Back Right Min: 1.17
[rosout][INFO] 2025-03-27 13:55:00,986: Back Left Min: 1.35, Back Right Min: 1.17
[rosout][INFO] 2025-03-27 13:55:01,083: Back Left Min: 1.35, Back Right Min: 1.17
[rosout][INFO] 2025-03-27 13:55:01,187: Back Left Min: 1.35, Back Right Min: 1.17
[rosout][INFO] 2025-03-27 13:55:01,284: Back Left Min: 1.35, Back Right Min: 1.17
[rosout][INFO] 2025-03-27 13:55:01,387: Back Left Min: 1.35, Back Right Min: 1.17
[rosout][INFO] 2025-03-27 13:55:01,484: Back Left Min: 1.35, Back Right Min: 1.17
[rosout][INFO] 2025-03-27 13:55:01,587: Back Left Min: 1.35, Back Right Min: 1.17
[rosout][INFO] 2025-03-27 13:55:01,684: Back Left Min: 1.35, Back Right Min: 1.17
[rosout][INFO] 2025-03-27 13:55:01,787: Back Left Min: 1.35, Back Right Min: 1.17
[rosout][INFO] 2025-03-27 13:55:01,884: Back Left Min: 1.35, Back Right Min: 0.54
[rosout][INFO] 2025-03-27 13:55:01,987: Back Left Min: 1.35, Back Right Min: 0.54
[rosout][INFO] 2025-03-27 13:55:02,084: Back Left Min: 1.35, Back Right Min: 0.54
[rosout][INFO] 2025-03-27 13:55:02,187: Back Left Min: 1.35, Back Right Min: 0.56
[rosout][INFO] 2025-03-27 13:55:02,284: Back Left Min: 1.35, Back Right Min: 0.56
[rosout][INFO] 2025-03-27 13:55:02,388: Back Left Min: 1.35, Back Right Min: 0.56
[rosout][INFO] 2025-03-27 13:55:02,484: Back Left Min: 1.35, Back Right Min: 0.54
[rosout][INFO] 2025-03-27 13:55:02,588: Back Left Min: 1.35, Back Right Min: 0.54
[rosout][INFO] 2025-03-27 13:55:02,685: Back Left Min: 1.35, Back Right Min: 0.54
[rosout][INFO] 2025-03-27 13:55:02,787: Back Left Min: 1.35, Back Right Min: 0.54
[rosout][INFO] 2025-03-27 13:55:02,884: Back Left Min: 1.35, Back Right Min: 0.54
[rosout][INFO] 2025-03-27 13:55:02,987: Back Left Min: 1.35, Back Right Min: 0.54
[rosout][INFO] 2025-03-27 13:55:03,084: Back Left Min: 1.35, Back Right Min: 0.54
[rosout][INFO] 2025-03-27 13:55:03,188: Back Left Min: 1.35, Back Right Min: 0.54
[rosout][INFO] 2025-03-27 13:55:03,284: Back Left Min: 1.35, Back Right Min: 5.29
[rosout][INFO] 2025-03-27 13:55:03,388: Back Left Min: 1.35, Back Right Min: 5.29
[rosout][INFO] 2025-03-27 13:55:03,484: Back Left Min: 1.35, Back Right Min: 5.29
[rosout][INFO] 2025-03-27 13:55:03,588: Back Left Min: 1.35, Back Right Min: 5.29
[rosout][INFO] 2025-03-27 13:55:03,684: Back Left Min: 1.35, Back Right Min: 5.29
[rosout][INFO] 2025-03-27 13:55:03,788: Back Left Min: 1.35, Back Right Min: 5.29
[rosout][INFO] 2025-03-27 13:55:03,885: Back Left Min: 1.35, Back Right Min: 0.54
[rosout][INFO] 2025-03-27 13:55:03,988: Back Left Min: 1.35, Back Right Min: 0.54
[rosout][INFO] 2025-03-27 13:55:04,085: Back Left Min: 1.35, Back Right Min: 0.54
[rosout][INFO] 2025-03-27 13:55:04,188: Back Left Min: 1.35, Back Right Min: 0.54
[rosout][INFO] 2025-03-27 13:55:04,285: Back Left Min: 1.35, Back Right Min: 0.54
[rosout][INFO] 2025-03-27 13:55:04,388: Back Left Min: 1.35, Back Right Min: 0.54
[rosout][INFO] 2025-03-27 13:55:04,485: Back Left Min: 1.35, Back Right Min: 0.54
[rosout][INFO] 2025-03-27 13:55:04,588: Back Left Min: 1.35, Back Right Min: 0.54
[rosout][INFO] 2025-03-27 13:55:04,685: Back Left Min: 1.35, Back Right Min: 0.54
[rosout][INFO] 2025-03-27 13:55:04,788: Back Left Min: 1.35, Back Right Min: 0.54
[rosout][INFO] 2025-03-27 13:55:04,885: Back Left Min: 1.35, Back Right Min: 0.54
[rosout][INFO] 2025-03-27 13:55:04,988: Back Left Min: 1.35, Back Right Min: 0.54
[rosout][INFO] 2025-03-27 13:55:05,085: Back Left Min: 1.35, Back Right Min: 0.54
[rosout][INFO] 2025-03-27 13:55:05,188: Back Left Min: 1.35, Back Right Min: 0.54
[rosout][INFO] 2025-03-27 13:55:05,285: Back Left Min: 1.35, Back Right Min: 0.54
[rosout][INFO] 2025-03-27 13:55:05,388: Back Left Min: 1.35, Back Right Min: 0.54
[rosout][INFO] 2025-03-27 13:55:05,485: Back Left Min: 1.35, Back Right Min: 0.54
[rosout][INFO] 2025-03-27 13:55:05,589: Back Left Min: 1.35, Back Right Min: 0.54
[rosout][INFO] 2025-03-27 13:55:05,685: Back Left Min: 1.35, Back Right Min: 0.54
[rosout][INFO] 2025-03-27 13:55:05,788: Back Left Min: 1.35, Back Right Min: 0.54
[rosout][INFO] 2025-03-27 13:55:05,885: Back Left Min: 1.35, Back Right Min: 0.54
[rosout][INFO] 2025-03-27 13:55:05,988: Back Left Min: 1.35, Back Right Min: 0.54
[rosout][INFO] 2025-03-27 13:55:06,085: Back Left Min: 1.35, Back Right Min: 0.54
[rosout][INFO] 2025-03-27 13:55:06,189: Back Left Min: 1.35, Back Right Min: 0.54
[rosout][INFO] 2025-03-27 13:55:06,286: Back Left Min: 1.35, Back Right Min: 0.54
[rosout][INFO] 2025-03-27 13:55:06,389: Back Left Min: 1.35, Back Right Min: 0.54
[rosout][INFO] 2025-03-27 13:55:06,486: Back Left Min: 1.35, Back Right Min: 0.54
[rosout][INFO] 2025-03-27 13:55:06,589: Back Left Min: 1.35, Back Right Min: 0.54
[rosout][INFO] 2025-03-27 13:55:06,686: Back Left Min: 1.35, Back Right Min: 0.54
[rosout][INFO] 2025-03-27 13:55:06,789: Back Left Min: 1.35, Back Right Min: 0.54
[rosout][INFO] 2025-03-27 13:55:06,886: Back Left Min: 1.35, Back Right Min: 0.54
[rosout][INFO] 2025-03-27 13:55:06,989: Back Left Min: 1.35, Back Right Min: 0.54
[rosout][INFO] 2025-03-27 13:55:07,086: Back Left Min: 1.35, Back Right Min: 0.54
[rosout][INFO] 2025-03-27 13:55:07,189: Back Left Min: 1.35, Back Right Min: 0.54
[rosout][INFO] 2025-03-27 13:55:07,286: Back Left Min: 1.35, Back Right Min: 0.54
[rosout][INFO] 2025-03-27 13:55:07,389: Back Left Min: 1.35, Back Right Min: 0.54
[rosout][INFO] 2025-03-27 13:55:07,486: Back Left Min: 1.35, Back Right Min: 1.17
[rosout][INFO] 2025-03-27 13:55:07,589: Back Left Min: 1.35, Back Right Min: 1.17
[rosout][INFO] 2025-03-27 13:55:07,686: Back Left Min: 1.35, Back Right Min: 1.17
[rosout][INFO] 2025-03-27 13:55:07,789: Back Left Min: 1.35, Back Right Min: 1.17
[rosout][INFO] 2025-03-27 13:55:07,886: Back Left Min: 1.35, Back Right Min: 1.17
[rosout][INFO] 2025-03-27 13:55:07,989: Back Left Min: 1.35, Back Right Min: 1.17
[rosout][INFO] 2025-03-27 13:55:08,086: Back Left Min: 1.35, Back Right Min: 1.17
[rosout][INFO] 2025-03-27 13:55:08,189: Back Left Min: 1.35, Back Right Min: 1.17
[rosout][INFO] 2025-03-27 13:55:08,286: Back Left Min: 1.35, Back Right Min: 1.17
[rosout][INFO] 2025-03-27 13:55:08,390: Back Left Min: 1.35, Back Right Min: 1.17
[rosout][INFO] 2025-03-27 13:55:08,486: Back Left Min: 1.35, Back Right Min: 1.17
[rosout][INFO] 2025-03-27 13:55:08,590: Back Left Min: 1.35, Back Right Min: 1.17
[rosout][INFO] 2025-03-27 13:55:08,686: Back Left Min: 1.35, Back Right Min: 1.17
[rosout][INFO] 2025-03-27 13:55:08,790: Back Left Min: 1.35, Back Right Min: 1.17
[rosout][INFO] 2025-03-27 13:55:08,887: Back Left Min: 1.35, Back Right Min: 1.17
[rosout][INFO] 2025-03-27 13:55:08,990: Back Left Min: 1.35, Back Right Min: 1.17
[rosout][INFO] 2025-03-27 13:55:09,087: Back Left Min: 1.35, Back Right Min: 1.17
[rosout][INFO] 2025-03-27 13:55:09,190: Back Left Min: 1.35, Back Right Min: 1.17
[rosout][INFO] 2025-03-27 13:55:09,287: Back Left Min: 1.35, Back Right Min: 1.17
[rosout][INFO] 2025-03-27 13:55:09,390: Back Left Min: 1.35, Back Right Min: 1.17
[rosout][INFO] 2025-03-27 13:55:09,487: Back Left Min: 1.35, Back Right Min: 1.17
[rosout][INFO] 2025-03-27 13:55:09,590: Back Left Min: 1.35, Back Right Min: 1.17
[rosout][INFO] 2025-03-27 13:55:09,687: Back Left Min: 1.35, Back Right Min: 1.17
[rosout][INFO] 2025-03-27 13:55:09,790: Back Left Min: 1.35, Back Right Min: 1.17
[rosout][INFO] 2025-03-27 13:55:09,887: Back Left Min: 1.35, Back Right Min: 1.17
[rosout][INFO] 2025-03-27 13:55:09,990: Back Left Min: 1.35, Back Right Min: 1.17
[rosout][INFO] 2025-03-27 13:55:10,087: Back Left Min: 1.35, Back Right Min: 1.17
[rosout][INFO] 2025-03-27 13:55:10,191: Back Left Min: 1.35, Back Right Min: 1.17
[rosout][INFO] 2025-03-27 13:55:10,287: Back Left Min: 1.35, Back Right Min: 0.55
[rosout][INFO] 2025-03-27 13:55:10,391: Back Left Min: 1.35, Back Right Min: 0.55
[rosout][INFO] 2025-03-27 13:55:10,487: Back Left Min: 1.35, Back Right Min: 0.55
[rosout][INFO] 2025-03-27 13:55:10,590: Back Left Min: 1.35, Back Right Min: 0.56
[rosout][INFO] 2025-03-27 13:55:10,687: Back Left Min: 1.35, Back Right Min: 0.56
[rosout][INFO] 2025-03-27 13:55:10,791: Back Left Min: 1.35, Back Right Min: 0.56
[rosout][INFO] 2025-03-27 13:55:10,888: Back Left Min: 1.35, Back Right Min: 0.54
[rosout][INFO] 2025-03-27 13:55:10,991: Back Left Min: 1.35, Back Right Min: 0.54
[rosout][INFO] 2025-03-27 13:55:11,088: Back Left Min: 1.35, Back Right Min: 0.54
[rosout][INFO] 2025-03-27 13:55:11,191: Back Left Min: 1.35, Back Right Min: 0.54
[rosout][INFO] 2025-03-27 13:55:11,288: Back Left Min: 1.35, Back Right Min: 0.54
[rosout][INFO] 2025-03-27 13:55:11,391: Back Left Min: 1.35, Back Right Min: 0.54
[rosout][INFO] 2025-03-27 13:55:11,488: Back Left Min: 1.35, Back Right Min: 0.54
[rosout][INFO] 2025-03-27 13:55:11,591: Back Left Min: 1.35, Back Right Min: 0.54
[rosout][INFO] 2025-03-27 13:55:11,688: Back Left Min: 1.35, Back Right Min: 0.54
[rosout][INFO] 2025-03-27 13:55:11,791: Back Left Min: 1.35, Back Right Min: 0.54
[rosout][INFO] 2025-03-27 13:55:11,888: Back Left Min: 1.35, Back Right Min: 0.54
[rosout][INFO] 2025-03-27 13:55:11,991: Back Left Min: 1.35, Back Right Min: 0.54
[rosout][INFO] 2025-03-27 13:55:12,088: Back Left Min: 1.35, Back Right Min: 0.54
[rosout][INFO] 2025-03-27 13:55:12,191: Back Left Min: 1.35, Back Right Min: 0.54
[rosout][INFO] 2025-03-27 13:55:12,288: Back Left Min: 1.35, Back Right Min: 0.54
[rosout][INFO] 2025-03-27 13:55:12,391: Back Left Min: 1.35, Back Right Min: 0.54
[rosout][INFO] 2025-03-27 13:55:12,488: Back Left Min: 1.35, Back Right Min: 0.54
[rosout][INFO] 2025-03-27 13:55:12,591: Back Left Min: 1.35, Back Right Min: 0.54
[rosout][INFO] 2025-03-27 13:55:12,688: Back Left Min: 1.35, Back Right Min: 0.54
[rosout][INFO] 2025-03-27 13:55:12,791: Back Left Min: 1.35, Back Right Min: 0.54
[rosout][INFO] 2025-03-27 13:55:12,888: Back Left Min: 1.35, Back Right Min: 0.54
[rosout][INFO] 2025-03-27 13:55:12,991: Back Left Min: 1.35, Back Right Min: 0.54
[rosout][INFO] 2025-03-27 13:55:13,088: Back Left Min: 1.35, Back Right Min: 0.54
[rosout][INFO] 2025-03-27 13:55:13,192: Back Left Min: 1.35, Back Right Min: 0.54
[rosout][INFO] 2025-03-27 13:55:13,288: Back Left Min: 1.35, Back Right Min: 0.54
[rosout][INFO] 2025-03-27 13:55:13,392: Back Left Min: 1.35, Back Right Min: 0.54
[rosout][INFO] 2025-03-27 13:55:13,489: Back Left Min: 1.35, Back Right Min: 0.54
[rosout][INFO] 2025-03-27 13:55:13,592: Back Left Min: 1.35, Back Right Min: 0.54
[rosout][INFO] 2025-03-27 13:55:13,689: Back Left Min: 1.35, Back Right Min: 0.54
[rosout][INFO] 2025-03-27 13:55:13,792: Back Left Min: 1.35, Back Right Min: 0.54
[rosout][INFO] 2025-03-27 13:55:13,889: Back Left Min: 1.35, Back Right Min: 0.54
[rosout][INFO] 2025-03-27 13:55:13,992: Back Left Min: 1.35, Back Right Min: 0.54
[rosout][INFO] 2025-03-27 13:55:14,089: Back Left Min: 1.35, Back Right Min: 0.54
[rosout][INFO] 2025-03-27 13:55:14,192: Back Left Min: 1.35, Back Right Min: 0.54
[rosout][INFO] 2025-03-27 13:55:14,289: Back Left Min: 1.35, Back Right Min: 0.54
[rosout][INFO] 2025-03-27 13:55:14,392: Back Left Min: 1.35, Back Right Min: 0.54
[rosout][INFO] 2025-03-27 13:55:14,489: Back Left Min: 1.35, Back Right Min: 0.54
[rosout][INFO] 2025-03-27 13:55:14,592: Back Left Min: 1.35, Back Right Min: 0.54
[rosout][INFO] 2025-03-27 13:55:14,689: Back Left Min: 1.35, Back Right Min: 0.54
[rosout][INFO] 2025-03-27 13:55:14,792: Back Left Min: 1.35, Back Right Min: 0.55
[rosout][INFO] 2025-03-27 13:55:14,889: Back Left Min: 1.35, Back Right Min: 0.55
[rosout][INFO] 2025-03-27 13:55:14,992: Back Left Min: 1.35, Back Right Min: 0.55
[rosout][INFO] 2025-03-27 13:55:15,089: Back Left Min: 1.35, Back Right Min: 1.17
[rosout][INFO] 2025-03-27 13:55:15,192: Back Left Min: 1.35, Back Right Min: 1.17
[rosout][INFO] 2025-03-27 13:55:15,289: Back Left Min: 1.35, Back Right Min: 1.17
[rosout][INFO] 2025-03-27 13:55:15,392: Back Left Min: 1.35, Back Right Min: 1.17
[rosout][INFO] 2025-03-27 13:55:15,489: Back Left Min: 1.35, Back Right Min: 1.17
[rosout][INFO] 2025-03-27 13:55:15,593: Back Left Min: 1.35, Back Right Min: 1.17
[rosout][INFO] 2025-03-27 13:55:15,690: Back Left Min: 1.35, Back Right Min: 1.17
[rosout][INFO] 2025-03-27 13:55:15,793: Back Left Min: 1.35, Back Right Min: 1.17
[rosout][INFO] 2025-03-27 13:55:15,889: Back Left Min: 1.35, Back Right Min: 1.17
[rosout][INFO] 2025-03-27 13:55:15,993: Back Left Min: 1.35, Back Right Min: 1.17
[rosout][INFO] 2025-03-27 13:55:16,090: Back Left Min: 1.35, Back Right Min: 1.17
[rosout][INFO] 2025-03-27 13:55:16,193: Back Left Min: 1.35, Back Right Min: 1.17
[rosout][INFO] 2025-03-27 13:55:16,290: Back Left Min: 1.35, Back Right Min: 1.17
[rosout][INFO] 2025-03-27 13:55:16,393: Back Left Min: 1.35, Back Right Min: 1.17
[rosout][INFO] 2025-03-27 13:55:16,490: Back Left Min: 1.35, Back Right Min: 1.17
[rosout][INFO] 2025-03-27 13:55:16,593: Back Left Min: 1.35, Back Right Min: 1.17
[rosout][INFO] 2025-03-27 13:55:16,690: Back Left Min: 1.35, Back Right Min: 1.17
[rosout][INFO] 2025-03-27 13:55:16,793: Back Left Min: 1.35, Back Right Min: 1.17
[rosout][INFO] 2025-03-27 13:55:16,890: Back Left Min: 1.35, Back Right Min: 1.17
[rosout][INFO] 2025-03-27 13:55:16,993: Back Left Min: 1.35, Back Right Min: 1.17
[rosout][INFO] 2025-03-27 13:55:17,090: Back Left Min: 1.35, Back Right Min: 1.17
[rosout][INFO] 2025-03-27 13:55:17,193: Back Left Min: 1.35, Back Right Min: 1.17
[rosout][INFO] 2025-03-27 13:55:17,290: Back Left Min: 1.35, Back Right Min: 1.17
[rosout][INFO] 2025-03-27 13:55:17,393: Back Left Min: 1.35, Back Right Min: 1.17
[rosout][INFO] 2025-03-27 13:55:17,490: Back Left Min: 1.35, Back Right Min: 1.17
[rosout][INFO] 2025-03-27 13:55:17,593: Back Left Min: 1.35, Back Right Min: 1.17
[rosout][INFO] 2025-03-27 13:55:17,690: Back Left Min: 1.35, Back Right Min: 1.17
[rosout][INFO] 2025-03-27 13:55:17,793: Back Left Min: 1.35, Back Right Min: 1.17
[rosout][INFO] 2025-03-27 13:55:17,890: Back Left Min: 1.35, Back Right Min: 1.17
[rosout][INFO] 2025-03-27 13:55:17,993: Back Left Min: 1.35, Back Right Min: 1.17
[rosout][INFO] 2025-03-27 13:55:18,090: Back Left Min: 1.35, Back Right Min: 1.17
[rosout][INFO] 2025-03-27 13:55:18,194: Back Left Min: 1.35, Back Right Min: 1.17
[rosout][INFO] 2025-03-27 13:55:18,290: Back Left Min: 1.35, Back Right Min: 1.17
[rosout][INFO] 2025-03-27 13:55:18,394: Back Left Min: 0.65, Back Right Min: 1.17
[rosout][INFO] 2025-03-27 13:55:18,491: Back Left Min: 0.65, Back Right Min: 1.17
[rosout][INFO] 2025-03-27 13:55:18,594: Back Left Min: 0.65, Back Right Min: 1.17
[rosout][INFO] 2025-03-27 13:55:18,691: Back Left Min: 0.65, Back Right Min: 1.17
[rosout][INFO] 2025-03-27 13:55:18,794: Back Left Min: 0.65, Back Right Min: 1.17
[rosout][INFO] 2025-03-27 13:55:18,891: Back Left Min: 0.65, Back Right Min: 1.17
[rosout][INFO] 2025-03-27 13:55:18,994: Back Left Min: 0.65, Back Right Min: 1.17
[rosout][INFO] 2025-03-27 13:55:19,091: Back Left Min: 0.65, Back Right Min: 1.17
[rosout][INFO] 2025-03-27 13:55:19,194: Back Left Min: 0.65, Back Right Min: 1.17
[rosout][INFO] 2025-03-27 13:55:19,291: Back Left Min: 0.65, Back Right Min: 1.17
[rosout][INFO] 2025-03-27 13:55:19,394: Back Left Min: 0.65, Back Right Min: 1.17
[rosout][INFO] 2025-03-27 13:55:19,491: Back Left Min: 0.65, Back Right Min: 1.17
[rosout][INFO] 2025-03-27 13:55:19,594: Back Left Min: 0.65, Back Right Min: 1.17
[rosout][INFO] 2025-03-27 13:55:19,691: Back Left Min: 0.65, Back Right Min: 1.17
[rosout][INFO] 2025-03-27 13:55:19,794: Back Left Min: 1.35, Back Right Min: 1.17
[rosout][INFO] 2025-03-27 13:55:19,891: Back Left Min: 1.35, Back Right Min: 1.17
[rosout][INFO] 2025-03-27 13:55:19,994: Back Left Min: 1.35, Back Right Min: 1.17
[rosout][INFO] 2025-03-27 13:55:20,091: Back Left Min: 1.35, Back Right Min: 1.17
[rosout][INFO] 2025-03-27 13:55:20,194: Back Left Min: 1.35, Back Right Min: 1.17
[rosout][INFO] 2025-03-27 13:55:20,291: Back Left Min: 1.35, Back Right Min: 1.17
[rosout][INFO] 2025-03-27 13:55:20,395: Back Left Min: 1.35, Back Right Min: 1.17
[rosout][INFO] 2025-03-27 13:55:20,491: Back Left Min: 1.35, Back Right Min: 1.17
[rosout][INFO] 2025-03-27 13:55:20,595: Back Left Min: 1.35, Back Right Min: 1.17
[rosout][INFO] 2025-03-27 13:55:20,692: Back Left Min: 1.35, Back Right Min: 1.17
[rosout][INFO] 2025-03-27 13:55:20,795: Back Left Min: 1.35, Back Right Min: 1.17
[rosout][INFO] 2025-03-27 13:55:20,892: Back Left Min: 1.35, Back Right Min: 1.17
[rosout][INFO] 2025-03-27 13:55:20,995: Back Left Min: 0.65, Back Right Min: 1.17
[rosout][INFO] 2025-03-27 13:55:21,092: Back Left Min: 0.65, Back Right Min: 1.17
[rosout][INFO] 2025-03-27 13:55:21,195: Back Left Min: 0.65, Back Right Min: 1.17
[rosout][INFO] 2025-03-27 13:55:21,292: Back Left Min: 0.65, Back Right Min: 1.17
[rosout][INFO] 2025-03-27 13:55:21,395: Back Left Min: 0.65, Back Right Min: 1.17
[rosout][INFO] 2025-03-27 13:55:21,492: Back Left Min: 0.65, Back Right Min: 1.17
[rosout][INFO] 2025-03-27 13:55:21,595: Back Left Min: 0.65, Back Right Min: 1.17
[rosout][INFO] 2025-03-27 13:55:21,692: Back Left Min: 0.65, Back Right Min: 1.17
[rosout][INFO] 2025-03-27 13:55:21,795: Back Left Min: 0.65, Back Right Min: 1.17
[rosout][INFO] 2025-03-27 13:55:21,892: Back Left Min: 0.65, Back Right Min: 1.17
[rosout][INFO] 2025-03-27 13:55:21,995: Back Left Min: 0.65, Back Right Min: 1.17
[rosout][INFO] 2025-03-27 13:55:22,092: Back Left Min: 0.65, Back Right Min: 1.17
[rosout][INFO] 2025-03-27 13:55:22,195: Back Left Min: 0.65, Back Right Min: 1.17
[rosout][INFO] 2025-03-27 13:55:22,292: Back Left Min: 0.65, Back Right Min: 1.17
[rosout][INFO] 2025-03-27 13:55:22,395: Back Left Min: 0.65, Back Right Min: 1.17
[rosout][INFO] 2025-03-27 13:55:22,492: Back Left Min: 0.65, Back Right Min: 1.17
[rosout][INFO] 2025-03-27 13:55:22,595: Back Left Min: 0.65, Back Right Min: 1.17
[rosout][INFO] 2025-03-27 13:55:22,692: Back Left Min: 0.65, Back Right Min: 1.17
[rosout][INFO] 2025-03-27 13:55:22,796: Back Left Min: 0.65, Back Right Min: 1.17
[rosout][INFO] 2025-03-27 13:55:22,892: Back Left Min: 0.65, Back Right Min: 1.17
[rosout][INFO] 2025-03-27 13:55:22,996: Back Left Min: 0.65, Back Right Min: 1.17
[rosout][INFO] 2025-03-27 13:55:23,093: Back Left Min: 0.65, Back Right Min: 1.17
[rosout][INFO] 2025-03-27 13:55:23,196: Back Left Min: 0.65, Back Right Min: 1.17
[rosout][INFO] 2025-03-27 13:55:23,293: Back Left Min: 0.65, Back Right Min: 1.17
[rosout][INFO] 2025-03-27 13:55:23,396: Back Left Min: 0.65, Back Right Min: 1.17
[rosout][INFO] 2025-03-27 13:55:23,493: Back Left Min: 0.65, Back Right Min: 1.17
[rosout][INFO] 2025-03-27 13:55:23,596: Back Left Min: 0.65, Back Right Min: 1.17
[rosout][INFO] 2025-03-27 13:55:23,693: Back Left Min: 0.65, Back Right Min: 1.17
[rosout][INFO] 2025-03-27 13:55:23,796: Back Left Min: 0.65, Back Right Min: 1.17
[rosout][INFO] 2025-03-27 13:55:23,893: Back Left Min: 0.65, Back Right Min: 1.17
[rosout][INFO] 2025-03-27 13:55:23,996: Back Left Min: 1.35, Back Right Min: 1.17
[rosout][INFO] 2025-03-27 13:55:24,093: Back Left Min: 1.35, Back Right Min: 1.17
[rosout][INFO] 2025-03-27 13:55:24,196: Back Left Min: 1.35, Back Right Min: 1.17
[rosout][INFO] 2025-03-27 13:55:24,293: Back Left Min: 1.35, Back Right Min: 1.17
[rosout][INFO] 2025-03-27 13:55:24,396: Back Left Min: 1.35, Back Right Min: 1.17
[rosout][INFO] 2025-03-27 13:55:24,493: Back Left Min: 1.35, Back Right Min: 1.17
[rosout][INFO] 2025-03-27 13:55:24,596: Back Left Min: 1.35, Back Right Min: 1.17
[rosout][INFO] 2025-03-27 13:55:24,693: Back Left Min: 1.35, Back Right Min: 1.17
[rosout][INFO] 2025-03-27 13:55:24,796: Back Left Min: 1.35, Back Right Min: 1.17
[rosout][INFO] 2025-03-27 13:55:24,893: Back Left Min: 1.35, Back Right Min: 1.17
[rosout][INFO] 2025-03-27 13:55:24,996: Back Left Min: 1.35, Back Right Min: 1.17
[rosout][INFO] 2025-03-27 13:55:25,093: Back Left Min: 1.35, Back Right Min: 1.17
[rosout][INFO] 2025-03-27 13:55:25,196: Back Left Min: 1.35, Back Right Min: 1.17
[rosout][INFO] 2025-03-27 13:55:25,293: Back Left Min: 1.35, Back Right Min: 1.17
[rosout][INFO] 2025-03-27 13:55:25,397: Back Left Min: 1.35, Back Right Min: 1.17
[rosout][INFO] 2025-03-27 13:55:25,494: Back Left Min: 1.35, Back Right Min: 1.17
[rosout][INFO] 2025-03-27 13:55:25,597: Back Left Min: 1.35, Back Right Min: 1.17
[rosout][INFO] 2025-03-27 13:55:25,694: Back Left Min: 1.35, Back Right Min: 1.17
[rosout][INFO] 2025-03-27 13:55:25,797: Back Left Min: 1.35, Back Right Min: 1.17
[rosout][INFO] 2025-03-27 13:55:25,894: Back Left Min: 1.35, Back Right Min: 1.17
[rosout][INFO] 2025-03-27 13:55:25,997: Back Left Min: 1.35, Back Right Min: 1.17
[rosout][INFO] 2025-03-27 13:55:26,094: Back Left Min: 1.35, Back Right Min: 1.17
[rosout][INFO] 2025-03-27 13:55:26,197: Back Left Min: 1.35, Back Right Min: 1.17
[rosout][INFO] 2025-03-27 13:55:26,294: Back Left Min: 1.35, Back Right Min: 1.17
[rosout][INFO] 2025-03-27 13:55:26,397: Back Left Min: 1.35, Back Right Min: 1.17
[rosout][INFO] 2025-03-27 13:55:26,494: Back Left Min: 1.35, Back Right Min: 1.17
[rosout][INFO] 2025-03-27 13:55:26,597: Back Left Min: 1.35, Back Right Min: 1.17
[rosout][INFO] 2025-03-27 13:55:26,695: Back Left Min: 1.35, Back Right Min: 1.17
[rosout][INFO] 2025-03-27 13:55:26,797: Back Left Min: 1.35, Back Right Min: 1.17
[rosout][INFO] 2025-03-27 13:55:26,894: Back Left Min: 1.35, Back Right Min: 1.17
[rosout][INFO] 2025-03-27 13:55:26,997: Back Left Min: 1.35, Back Right Min: 1.17
[rosout][INFO] 2025-03-27 13:55:27,094: Back Left Min: 1.35, Back Right Min: 1.17
[rosout][INFO] 2025-03-27 13:55:27,197: Back Left Min: 1.35, Back Right Min: 1.17
[rosout][INFO] 2025-03-27 13:55:27,294: Back Left Min: 1.35, Back Right Min: 1.17
[rosout][INFO] 2025-03-27 13:55:27,397: Back Left Min: 1.35, Back Right Min: 1.17
[rosout][INFO] 2025-03-27 13:55:27,494: Back Left Min: 1.35, Back Right Min: 1.17
[rosout][INFO] 2025-03-27 13:55:27,597: Back Left Min: 1.35, Back Right Min: 1.17
[rosout][INFO] 2025-03-27 13:55:27,694: Back Left Min: 1.35, Back Right Min: 1.17
[rosout][INFO] 2025-03-27 13:55:27,798: Back Left Min: 1.35, Back Right Min: 1.17
[rosout][INFO] 2025-03-27 13:55:27,894: Back Left Min: 1.35, Back Right Min: 1.17
[rosout][INFO] 2025-03-27 13:55:27,998: Back Left Min: 1.35, Back Right Min: 1.17
[rosout][INFO] 2025-03-27 13:55:28,095: Back Left Min: 1.35, Back Right Min: 1.17
[rosout][INFO] 2025-03-27 13:55:28,198: Back Left Min: 1.35, Back Right Min: 1.16
[rosout][INFO] 2025-03-27 13:55:28,295: Back Left Min: 1.35, Back Right Min: 1.16
[rosout][INFO] 2025-03-27 13:55:28,398: Back Left Min: 1.35, Back Right Min: 1.16
[rosout][INFO] 2025-03-27 13:55:28,495: Back Left Min: 1.35, Back Right Min: 0.75
[rosout][INFO] 2025-03-27 13:55:28,598: Back Left Min: 1.35, Back Right Min: 0.75
[rosout][INFO] 2025-03-27 13:55:28,695: Back Left Min: 1.35, Back Right Min: 0.75
[rosout][INFO] 2025-03-27 13:55:28,798: Back Left Min: 1.35, Back Right Min: 0.77
[rosout][INFO] 2025-03-27 13:55:28,895: Back Left Min: 1.35, Back Right Min: 0.77
[rosout][INFO] 2025-03-27 13:55:28,998: Back Left Min: 1.35, Back Right Min: 0.77
[rosout][INFO] 2025-03-27 13:55:29,095: Back Left Min: 1.35, Back Right Min: 0.77
[rosout][INFO] 2025-03-27 13:55:29,198: Back Left Min: 1.35, Back Right Min: 0.77
[rosout][INFO] 2025-03-27 13:55:29,295: Back Left Min: 1.35, Back Right Min: 0.77
[rosout][INFO] 2025-03-27 13:55:29,398: Back Left Min: 1.35, Back Right Min: 0.55
[rosout][INFO] 2025-03-27 13:55:29,495: Back Left Min: 1.35, Back Right Min: 0.55
[rosout][INFO] 2025-03-27 13:55:29,598: Back Left Min: 1.35, Back Right Min: 0.55
[rosout][INFO] 2025-03-27 13:55:29,695: Back Left Min: 1.35, Back Right Min: 0.55
[rosout][INFO] 2025-03-27 13:55:29,798: Back Left Min: 1.35, Back Right Min: 0.55
[rosout][INFO] 2025-03-27 13:55:29,895: Back Left Min: 1.35, Back Right Min: 0.55
[rosout][INFO] 2025-03-27 13:55:29,998: Back Left Min: 1.35, Back Right Min: 0.55
[rosout][INFO] 2025-03-27 13:55:30,095: Back Left Min: 1.35, Back Right Min: 0.55
[rosout][INFO] 2025-03-27 13:55:30,199: Back Left Min: 1.35, Back Right Min: 0.55
[rosout][INFO] 2025-03-27 13:55:30,295: Back Left Min: 1.35, Back Right Min: 0.55
[rosout][INFO] 2025-03-27 13:55:30,399: Back Left Min: 1.35, Back Right Min: 0.55
[rosout][INFO] 2025-03-27 13:55:30,496: Back Left Min: 1.35, Back Right Min: 1.17
[rosout][INFO] 2025-03-27 13:55:30,599: Back Left Min: 1.35, Back Right Min: 1.17
[rosout][INFO] 2025-03-27 13:55:30,696: Back Left Min: 1.35, Back Right Min: 1.17
[rosout][INFO] 2025-03-27 13:55:30,799: Back Left Min: 1.35, Back Right Min: 1.17
[rosout][INFO] 2025-03-27 13:55:30,896: Back Left Min: 1.35, Back Right Min: 1.17
[rosout][INFO] 2025-03-27 13:55:30,999: Back Left Min: 1.35, Back Right Min: 1.17
[rosout][INFO] 2025-03-27 13:55:31,096: Back Left Min: 1.35, Back Right Min: 1.17
[rosout][INFO] 2025-03-27 13:55:31,199: Back Left Min: 1.35, Back Right Min: 1.17
[rosout][INFO] 2025-03-27 13:55:31,296: Back Left Min: 1.35, Back Right Min: 0.54
[rosout][INFO] 2025-03-27 13:55:31,399: Back Left Min: 1.35, Back Right Min: 0.54
[rosout][INFO] 2025-03-27 13:55:31,496: Back Left Min: 1.35, Back Right Min: 0.54
[rosout][INFO] 2025-03-27 13:55:31,599: Back Left Min: 1.35, Back Right Min: 0.54
[rosout][INFO] 2025-03-27 13:55:31,696: Back Left Min: 1.35, Back Right Min: 0.54
[rosout][INFO] 2025-03-27 13:55:31,799: Back Left Min: 1.35, Back Right Min: 0.54
[rosout][INFO] 2025-03-27 13:55:31,896: Back Left Min: 1.35, Back Right Min: 0.54
[rosout][INFO] 2025-03-27 13:55:31,999: Back Left Min: 1.35, Back Right Min: 0.54
[rosout][INFO] 2025-03-27 13:55:32,096: Back Left Min: 1.35, Back Right Min: 0.54
[rosout][INFO] 2025-03-27 13:55:32,199: Back Left Min: 1.35, Back Right Min: 0.54
[rosout][INFO] 2025-03-27 13:55:32,296: Back Left Min: 1.35, Back Right Min: 0.54
[rosout][INFO] 2025-03-27 13:55:32,399: Back Left Min: 1.35, Back Right Min: 0.54
[rosout][INFO] 2025-03-27 13:55:32,496: Back Left Min: 1.35, Back Right Min: 0.54
[rosout][INFO] 2025-03-27 13:55:32,600: Back Left Min: 1.35, Back Right Min: 0.54
[rosout][INFO] 2025-03-27 13:55:32,696: Back Left Min: 1.35, Back Right Min: 0.54
[rosout][INFO] 2025-03-27 13:55:32,800: Back Left Min: 1.35, Back Right Min: 0.54
[rosout][INFO] 2025-03-27 13:55:32,897: Back Left Min: 1.35, Back Right Min: 0.54
[rosout][INFO] 2025-03-27 13:55:33,000: Back Left Min: 1.35, Back Right Min: 0.54
[rosout][INFO] 2025-03-27 13:55:33,097: Back Left Min: 1.35, Back Right Min: 0.54
[rosout][INFO] 2025-03-27 13:55:33,200: Back Left Min: 1.35, Back Right Min: 0.54
[rosout][INFO] 2025-03-27 13:55:33,297: Back Left Min: 1.35, Back Right Min: 0.54
[rosout][INFO] 2025-03-27 13:55:33,400: Back Left Min: 1.35, Back Right Min: 0.54
[rosout][INFO] 2025-03-27 13:55:33,497: Back Left Min: 1.35, Back Right Min: 0.54
[rosout][INFO] 2025-03-27 13:55:33,600: Back Left Min: 1.35, Back Right Min: 1.17
[rosout][INFO] 2025-03-27 13:55:33,697: Back Left Min: 1.35, Back Right Min: 1.17
[rosout][INFO] 2025-03-27 13:55:33,800: Back Left Min: 1.35, Back Right Min: 1.17
[rosout][INFO] 2025-03-27 13:55:33,897: Back Left Min: 1.35, Back Right Min: 1.17
[rosout][INFO] 2025-03-27 13:55:34,000: Back Left Min: 1.35, Back Right Min: 1.17
[rosout][INFO] 2025-03-27 13:55:34,097: Back Left Min: 1.35, Back Right Min: 1.17
[rosout][INFO] 2025-03-27 13:55:34,200: Back Left Min: 1.35, Back Right Min: 1.17
[rosout][INFO] 2025-03-27 13:55:34,298: Back Left Min: 1.35, Back Right Min: 1.17
[rosout][INFO] 2025-03-27 13:55:34,401: Back Left Min: 1.35, Back Right Min: 1.17
[rosout][INFO] 2025-03-27 13:55:34,498: Back Left Min: 1.35, Back Right Min: 1.17
[rosout][INFO] 2025-03-27 13:55:34,601: Back Left Min: 1.35, Back Right Min: 1.17
[rosout][INFO] 2025-03-27 13:55:34,697: Back Left Min: 1.35, Back Right Min: 1.17
[rosout][INFO] 2025-03-27 13:55:34,800: Back Left Min: 1.35, Back Right Min: 1.17
[rosout][INFO] 2025-03-27 13:55:34,897: Back Left Min: 1.35, Back Right Min: 1.17
[rosout][INFO] 2025-03-27 13:55:35,001: Back Left Min: 1.35, Back Right Min: 1.17
[rosout][INFO] 2025-03-27 13:55:35,097: Back Left Min: 1.35, Back Right Min: 1.17
[rosout][INFO] 2025-03-27 13:55:35,201: Back Left Min: 1.35, Back Right Min: 1.17
[rosout][INFO] 2025-03-27 13:55:35,297: Back Left Min: 1.35, Back Right Min: 1.17
[rosout][INFO] 2025-03-27 13:55:35,401: Back Left Min: 1.35, Back Right Min: 1.17
[rosout][INFO] 2025-03-27 13:55:35,498: Back Left Min: 1.35, Back Right Min: 1.17
[rosout][INFO] 2025-03-27 13:55:35,601: Back Left Min: 1.35, Back Right Min: 1.17
[rosout][INFO] 2025-03-27 13:55:35,698: Back Left Min: 1.35, Back Right Min: 1.17
[rosout][INFO] 2025-03-27 13:55:35,801: Back Left Min: 1.35, Back Right Min: 1.17
[rosout][INFO] 2025-03-27 13:55:35,898: Back Left Min: 1.35, Back Right Min: 1.17
[rosout][INFO] 2025-03-27 13:55:36,001: Back Left Min: 1.35, Back Right Min: 1.17
[rosout][INFO] 2025-03-27 13:55:36,098: Back Left Min: 1.35, Back Right Min: 1.17
[rosout][INFO] 2025-03-27 13:55:36,201: Back Left Min: 1.35, Back Right Min: 1.17
[rosout][INFO] 2025-03-27 13:55:36,298: Back Left Min: 1.35, Back Right Min: 1.17
[rosout][INFO] 2025-03-27 13:55:36,401: Back Left Min: 1.35, Back Right Min: 1.17
[rosout][INFO] 2025-03-27 13:55:36,498: Back Left Min: 1.35, Back Right Min: 1.17
[rosout][INFO] 2025-03-27 13:55:36,601: Back Left Min: 1.35, Back Right Min: 1.17
[rosout][INFO] 2025-03-27 13:55:36,698: Back Left Min: 1.35, Back Right Min: 1.17
[rosout][INFO] 2025-03-27 13:55:36,801: Back Left Min: 1.35, Back Right Min: 1.17
[rosout][INFO] 2025-03-27 13:55:36,898: Back Left Min: 1.35, Back Right Min: 1.17
[rosout][INFO] 2025-03-27 13:55:37,001: Back Left Min: 1.35, Back Right Min: 1.17
[rosout][INFO] 2025-03-27 13:55:37,098: Back Left Min: 1.35, Back Right Min: 1.17
[rosout][INFO] 2025-03-27 13:55:37,201: Back Left Min: 1.35, Back Right Min: 1.17
[rosout][INFO] 2025-03-27 13:55:37,298: Back Left Min: 1.35, Back Right Min: 1.17
[rosout][INFO] 2025-03-27 13:55:37,402: Back Left Min: 1.35, Back Right Min: 1.17
[rosout][INFO] 2025-03-27 13:55:37,498: Back Left Min: 1.35, Back Right Min: 1.17
[rosout][INFO] 2025-03-27 13:55:37,602: Back Left Min: 1.35, Back Right Min: 1.17
[rosout][INFO] 2025-03-27 13:55:37,698: Back Left Min: 1.35, Back Right Min: 1.17
[rosout][INFO] 2025-03-27 13:55:37,802: Back Left Min: 1.35, Back Right Min: 1.17
[rosout][INFO] 2025-03-27 13:55:37,899: Back Left Min: 1.35, Back Right Min: 1.17
[rosout][INFO] 2025-03-27 13:55:38,002: Back Left Min: 1.35, Back Right Min: 1.17
[rosout][INFO] 2025-03-27 13:55:38,099: Back Left Min: 1.35, Back Right Min: 1.17
[rosout][INFO] 2025-03-27 13:55:38,202: Back Left Min: 1.35, Back Right Min: 1.17
[rosout][INFO] 2025-03-27 13:55:38,299: Back Left Min: 1.35, Back Right Min: 1.17
[rosout][INFO] 2025-03-27 13:55:38,402: Back Left Min: 1.35, Back Right Min: 1.17
[rosout][INFO] 2025-03-27 13:55:38,499: Back Left Min: 1.35, Back Right Min: 1.17
[rosout][INFO] 2025-03-27 13:55:38,602: Back Left Min: 1.35, Back Right Min: 1.17
[rosout][INFO] 2025-03-27 13:55:38,699: Back Left Min: 1.35, Back Right Min: 1.17
[rosout][INFO] 2025-03-27 13:55:38,802: Back Left Min: 1.35, Back Right Min: 1.17
[rosout][INFO] 2025-03-27 13:55:38,899: Back Left Min: 1.35, Back Right Min: 1.17
[rosout][INFO] 2025-03-27 13:55:39,002: Back Left Min: 1.35, Back Right Min: 1.17
[rosout][INFO] 2025-03-27 13:55:39,099: Back Left Min: 1.35, Back Right Min: 1.17
[rosout][INFO] 2025-03-27 13:55:39,202: Back Left Min: 1.35, Back Right Min: 1.17
[rosout][INFO] 2025-03-27 13:55:39,299: Back Left Min: 1.35, Back Right Min: 1.17
[rosout][INFO] 2025-03-27 13:55:39,402: Back Left Min: 1.35, Back Right Min: 1.17
[rosout][INFO] 2025-03-27 13:55:39,499: Back Left Min: 1.35, Back Right Min: 1.17
[rosout][INFO] 2025-03-27 13:55:39,602: Back Left Min: 1.35, Back Right Min: 1.17
[rosout][INFO] 2025-03-27 13:55:39,699: Back Left Min: 1.35, Back Right Min: 1.17
[rosout][INFO] 2025-03-27 13:55:39,803: Back Left Min: 1.35, Back Right Min: 1.17
[rosout][INFO] 2025-03-27 13:55:39,899: Back Left Min: 1.35, Back Right Min: 1.17
[rosout][INFO] 2025-03-27 13:55:40,003: Back Left Min: 1.35, Back Right Min: 1.17
[rosout][INFO] 2025-03-27 13:55:40,100: Back Left Min: 1.35, Back Right Min: 1.17
[rosout][INFO] 2025-03-27 13:55:40,203: Back Left Min: 1.35, Back Right Min: 1.17
[rosout][INFO] 2025-03-27 13:55:40,300: Back Left Min: 1.35, Back Right Min: 1.17
[rosout][INFO] 2025-03-27 13:55:40,403: Back Left Min: 1.35, Back Right Min: 1.17
[rosout][INFO] 2025-03-27 13:55:40,500: Back Left Min: 1.35, Back Right Min: 1.17
[rosout][INFO] 2025-03-27 13:55:40,603: Back Left Min: 1.35, Back Right Min: 1.17
[rosout][INFO] 2025-03-27 13:55:40,700: Back Left Min: 1.35, Back Right Min: 1.17
[rosout][INFO] 2025-03-27 13:55:40,803: Back Left Min: 1.35, Back Right Min: 0.75
[rosout][INFO] 2025-03-27 13:55:40,900: Back Left Min: 1.35, Back Right Min: 0.75
[rosout][INFO] 2025-03-27 13:55:41,003: Back Left Min: 1.35, Back Right Min: 0.75
[rosout][INFO] 2025-03-27 13:55:41,100: Back Left Min: 1.35, Back Right Min: 1.17
[rosout][INFO] 2025-03-27 13:55:41,203: Back Left Min: 1.35, Back Right Min: 1.17
[rosout][INFO] 2025-03-27 13:55:41,300: Back Left Min: 1.35, Back Right Min: 1.17
[rosout][INFO] 2025-03-27 13:55:41,403: Back Left Min: 1.35, Back Right Min: 1.17
[rosout][INFO] 2025-03-27 13:55:41,500: Back Left Min: 1.35, Back Right Min: 1.17
[rosout][INFO] 2025-03-27 13:55:41,603: Back Left Min: 1.35, Back Right Min: 1.17
[rosout][INFO] 2025-03-27 13:55:41,700: Back Left Min: 1.35, Back Right Min: 1.17
[rosout][INFO] 2025-03-27 13:55:41,803: Back Left Min: 1.35, Back Right Min: 1.17
[rosout][INFO] 2025-03-27 13:55:41,900: Back Left Min: 1.35, Back Right Min: 1.17
[rosout][INFO] 2025-03-27 13:55:42,004: Back Left Min: 1.35, Back Right Min: 1.17
[rosout][INFO] 2025-03-27 13:55:42,100: Back Left Min: 1.35, Back Right Min: 1.17
[rosout][INFO] 2025-03-27 13:55:42,203: Back Left Min: 1.35, Back Right Min: 1.17
[rosout][INFO] 2025-03-27 13:55:42,300: Back Left Min: 1.35, Back Right Min: 1.17
[rosout][INFO] 2025-03-27 13:55:42,404: Back Left Min: 1.35, Back Right Min: 1.17
[rosout][INFO] 2025-03-27 13:55:42,500: Back Left Min: 1.35, Back Right Min: 1.17
[rosout][INFO] 2025-03-27 13:55:42,604: Back Left Min: 1.35, Back Right Min: 1.17
[rosout][INFO] 2025-03-27 13:55:42,701: Back Left Min: 1.35, Back Right Min: 1.17
[rosout][INFO] 2025-03-27 13:55:42,804: Back Left Min: 1.35, Back Right Min: 1.17
[rosout][INFO] 2025-03-27 13:55:42,901: Back Left Min: 1.35, Back Right Min: 1.17
[rosout][INFO] 2025-03-27 13:55:43,004: Back Left Min: 1.35, Back Right Min: 1.17
[rosout][INFO] 2025-03-27 13:55:43,101: Back Left Min: 1.35, Back Right Min: 1.17
[rosout][INFO] 2025-03-27 13:55:43,204: Back Left Min: 1.35, Back Right Min: 1.17
[rosout][INFO] 2025-03-27 13:55:43,301: Back Left Min: 1.35, Back Right Min: 1.17
[rosout][INFO] 2025-03-27 13:55:43,404: Back Left Min: 1.35, Back Right Min: 1.17
[rosout][INFO] 2025-03-27 13:55:43,501: Back Left Min: 1.35, Back Right Min: 1.17
[rosout][INFO] 2025-03-27 13:55:43,604: Back Left Min: 1.35, Back Right Min: 1.17
[rosout][INFO] 2025-03-27 13:55:43,701: Back Left Min: 1.35, Back Right Min: 1.17
[rosout][INFO] 2025-03-27 13:55:43,804: Back Left Min: 1.35, Back Right Min: 1.17
[rosout][INFO] 2025-03-27 13:55:43,901: Back Left Min: 1.35, Back Right Min: 1.17
[rosout][INFO] 2025-03-27 13:55:44,004: Back Left Min: 1.35, Back Right Min: 1.17
[rosout][INFO] 2025-03-27 13:55:44,101: Back Left Min: 1.35, Back Right Min: 1.17
[rosout][INFO] 2025-03-27 13:55:44,204: Back Left Min: 1.35, Back Right Min: 1.17
[rosout][INFO] 2025-03-27 13:55:44,301: Back Left Min: 1.35, Back Right Min: 1.17
[rosout][INFO] 2025-03-27 13:55:44,404: Back Left Min: 1.35, Back Right Min: 1.17
[rosout][INFO] 2025-03-27 13:55:44,501: Back Left Min: 1.35, Back Right Min: 1.17
[rosout][INFO] 2025-03-27 13:55:44,604: Back Left Min: 1.35, Back Right Min: 1.17
[rosout][INFO] 2025-03-27 13:55:44,701: Back Left Min: 1.35, Back Right Min: 1.17
[rosout][INFO] 2025-03-27 13:55:44,805: Back Left Min: 1.35, Back Right Min: 1.17
[rosout][INFO] 2025-03-27 13:55:44,901: Back Left Min: 1.35, Back Right Min: 1.17
[rosout][INFO] 2025-03-27 13:55:45,005: Back Left Min: 1.35, Back Right Min: 1.17
[rosout][INFO] 2025-03-27 13:55:45,102: Back Left Min: 1.35, Back Right Min: 1.17
[rosout][INFO] 2025-03-27 13:55:45,205: Back Left Min: 1.35, Back Right Min: 1.17
[rosout][INFO] 2025-03-27 13:55:45,302: Back Left Min: 1.35, Back Right Min: 1.17
[rosout][INFO] 2025-03-27 13:55:45,405: Back Left Min: 1.35, Back Right Min: 1.17
[rosout][INFO] 2025-03-27 13:55:45,502: Back Left Min: 1.35, Back Right Min: 1.17
[rosout][INFO] 2025-03-27 13:55:45,605: Back Left Min: 1.35, Back Right Min: 1.17
[rosout][INFO] 2025-03-27 13:55:45,702: Back Left Min: 1.35, Back Right Min: 1.17
[rosout][INFO] 2025-03-27 13:55:45,805: Back Left Min: 1.35, Back Right Min: 1.17
[rosout][INFO] 2025-03-27 13:55:45,902: Back Left Min: 1.35, Back Right Min: 1.17
[rosout][INFO] 2025-03-27 13:55:46,005: Back Left Min: 1.35, Back Right Min: 1.17
[rosout][INFO] 2025-03-27 13:55:46,102: Back Left Min: 1.35, Back Right Min: 1.17
[rosout][INFO] 2025-03-27 13:55:46,205: Back Left Min: 1.35, Back Right Min: 1.17
[rosout][INFO] 2025-03-27 13:55:46,302: Back Left Min: 1.35, Back Right Min: 1.17
[rosout][INFO] 2025-03-27 13:55:46,405: Back Left Min: 1.35, Back Right Min: 1.17
[rosout][INFO] 2025-03-27 13:55:46,502: Back Left Min: 1.35, Back Right Min: 1.17
[rosout][INFO] 2025-03-27 13:55:46,605: Back Left Min: 1.35, Back Right Min: 1.17
[rosout][INFO] 2025-03-27 13:55:46,702: Back Left Min: 1.35, Back Right Min: 1.17
[rosout][INFO] 2025-03-27 13:55:46,805: Back Left Min: 1.35, Back Right Min: 1.17
[rosout][INFO] 2025-03-27 13:55:46,902: Back Left Min: 1.35, Back Right Min: 1.17
[rosout][INFO] 2025-03-27 13:55:47,005: Back Left Min: 1.35, Back Right Min: 1.17
[rosout][INFO] 2025-03-27 13:55:47,102: Back Left Min: 1.35, Back Right Min: 1.17
[rosout][INFO] 2025-03-27 13:55:47,206: Back Left Min: 1.35, Back Right Min: 1.17
[rosout][INFO] 2025-03-27 13:55:47,302: Back Left Min: 1.35, Back Right Min: 1.17
[rosout][INFO] 2025-03-27 13:55:47,406: Back Left Min: 1.35, Back Right Min: 1.17
[rosout][INFO] 2025-03-27 13:55:47,503: Back Left Min: 1.35, Back Right Min: 1.17
[rosout][INFO] 2025-03-27 13:55:47,606: Back Left Min: 1.35, Back Right Min: 1.17
[rosout][INFO] 2025-03-27 13:55:47,703: Back Left Min: 1.35, Back Right Min: 1.17
[rosout][INFO] 2025-03-27 13:55:47,806: Back Left Min: 1.35, Back Right Min: 1.17
[rosout][INFO] 2025-03-27 13:55:47,903: Back Left Min: 1.35, Back Right Min: 1.17
[rosout][INFO] 2025-03-27 13:55:48,006: Back Left Min: 1.35, Back Right Min: 1.17
[rosout][INFO] 2025-03-27 13:55:48,103: Back Left Min: 1.35, Back Right Min: 1.17
[rosout][INFO] 2025-03-27 13:55:48,206: Back Left Min: 1.35, Back Right Min: 1.17
[rosout][INFO] 2025-03-27 13:55:48,303: Back Left Min: 1.35, Back Right Min: 1.17
[rosout][INFO] 2025-03-27 13:55:48,406: Back Left Min: 1.35, Back Right Min: 1.17
[rosout][INFO] 2025-03-27 13:55:48,503: Back Left Min: 1.35, Back Right Min: 1.17
[rosout][INFO] 2025-03-27 13:55:48,606: Back Left Min: 1.35, Back Right Min: 1.17
[rosout][INFO] 2025-03-27 13:55:48,703: Back Left Min: 1.35, Back Right Min: 1.17
[rosout][INFO] 2025-03-27 13:55:48,806: Back Left Min: 1.35, Back Right Min: 1.17
[rosout][INFO] 2025-03-27 13:55:48,903: Back Left Min: 1.35, Back Right Min: 1.17
[rosout][INFO] 2025-03-27 13:55:49,006: Back Left Min: 1.35, Back Right Min: 1.17
[rosout][INFO] 2025-03-27 13:55:49,103: Back Left Min: 1.35, Back Right Min: 1.17
[rosout][INFO] 2025-03-27 13:55:49,206: Back Left Min: 1.35, Back Right Min: 1.17
[rosout][INFO] 2025-03-27 13:55:49,303: Back Left Min: 1.35, Back Right Min: 1.17
[rosout][INFO] 2025-03-27 13:55:49,407: Back Left Min: 1.35, Back Right Min: 1.17
[rosout][INFO] 2025-03-27 13:55:49,503: Back Left Min: 1.35, Back Right Min: 1.17
[rosout][INFO] 2025-03-27 13:55:49,607: Back Left Min: 1.35, Back Right Min: 1.17
[rosout][INFO] 2025-03-27 13:55:49,704: Back Left Min: 1.35, Back Right Min: 1.17
[rosout][INFO] 2025-03-27 13:55:49,807: Back Left Min: 1.35, Back Right Min: 1.17
[rosout][INFO] 2025-03-27 13:55:49,904: Back Left Min: 1.35, Back Right Min: 1.17
[rosout][INFO] 2025-03-27 13:55:50,007: Back Left Min: 1.35, Back Right Min: 1.17
[rosout][INFO] 2025-03-27 13:55:50,104: Back Left Min: 1.35, Back Right Min: 1.17
[rosout][INFO] 2025-03-27 13:55:50,207: Back Left Min: 1.35, Back Right Min: 1.17
[rosout][INFO] 2025-03-27 13:55:50,304: Back Left Min: 1.35, Back Right Min: 1.17
[rosout][INFO] 2025-03-27 13:55:50,407: Back Left Min: 1.35, Back Right Min: 1.17
[rosout][INFO] 2025-03-27 13:55:50,504: Back Left Min: 1.35, Back Right Min: 1.17
[rosout][INFO] 2025-03-27 13:55:50,608: Back Left Min: 1.35, Back Right Min: 1.17
[rosout][INFO] 2025-03-27 13:55:50,704: Back Left Min: 1.35, Back Right Min: 1.17
[rosout][INFO] 2025-03-27 13:55:50,808: Back Left Min: 1.35, Back Right Min: 1.17
[rosout][INFO] 2025-03-27 13:55:50,904: Back Left Min: 1.35, Back Right Min: 1.17
[rosout][INFO] 2025-03-27 13:55:51,008: Back Left Min: 1.35, Back Right Min: 1.17
[rosout][INFO] 2025-03-27 13:55:51,105: Back Left Min: 1.35, Back Right Min: 1.17
[rosout][INFO] 2025-03-27 13:55:51,207: Back Left Min: 1.35, Back Right Min: 1.17
[rosout][INFO] 2025-03-27 13:55:51,304: Back Left Min: 1.35, Back Right Min: 1.17
[rosout][INFO] 2025-03-27 13:55:51,407: Back Left Min: 1.35, Back Right Min: 1.17
[rosout][INFO] 2025-03-27 13:55:51,504: Back Left Min: 1.35, Back Right Min: 1.17
[rosout][INFO] 2025-03-27 13:55:51,607: Back Left Min: 1.35, Back Right Min: 1.17
[rosout][INFO] 2025-03-27 13:55:51,704: Back Left Min: 1.35, Back Right Min: 1.17
[rosout][INFO] 2025-03-27 13:55:51,807: Back Left Min: 1.35, Back Right Min: 1.17
[rosout][INFO] 2025-03-27 13:55:51,904: Back Left Min: 1.35, Back Right Min: 1.17
[rosout][INFO] 2025-03-27 13:55:52,008: Back Left Min: 1.35, Back Right Min: 1.17
[rosout][INFO] 2025-03-27 13:55:52,105: Back Left Min: 1.35, Back Right Min: 1.17
[rosout][INFO] 2025-03-27 13:55:52,208: Back Left Min: 1.35, Back Right Min: 1.17
[rosout][INFO] 2025-03-27 13:55:52,305: Back Left Min: 1.35, Back Right Min: 1.17
[rosout][INFO] 2025-03-27 13:55:52,408: Back Left Min: 1.35, Back Right Min: 1.17
[rosout][INFO] 2025-03-27 13:55:52,505: Back Left Min: 1.35, Back Right Min: 1.17
[rosout][INFO] 2025-03-27 13:55:52,608: Back Left Min: 1.35, Back Right Min: 1.17
[rosout][INFO] 2025-03-27 13:55:52,705: Back Left Min: 1.35, Back Right Min: 1.17
[rosout][INFO] 2025-03-27 13:55:52,808: Back Left Min: 1.35, Back Right Min: 1.17
[rosout][INFO] 2025-03-27 13:55:52,905: Back Left Min: 1.35, Back Right Min: 1.17
[rosout][INFO] 2025-03-27 13:55:53,008: Back Left Min: 1.35, Back Right Min: 1.17
[rosout][INFO] 2025-03-27 13:55:53,105: Back Left Min: 1.35, Back Right Min: 1.17
[rosout][INFO] 2025-03-27 13:55:53,208: Back Left Min: 1.35, Back Right Min: 1.17
[rosout][INFO] 2025-03-27 13:55:53,305: Back Left Min: 1.35, Back Right Min: 1.17
[rosout][INFO] 2025-03-27 13:55:53,408: Back Left Min: 1.35, Back Right Min: 1.17
[rosout][INFO] 2025-03-27 13:55:53,505: Back Left Min: 1.35, Back Right Min: 1.17
[rosout][INFO] 2025-03-27 13:55:53,608: Back Left Min: 1.35, Back Right Min: 1.17
[rosout][INFO] 2025-03-27 13:55:53,705: Back Left Min: 1.35, Back Right Min: 1.17
[rosout][INFO] 2025-03-27 13:55:53,808: Back Left Min: 1.35, Back Right Min: 1.17
[rosout][INFO] 2025-03-27 13:55:53,905: Back Left Min: 1.35, Back Right Min: 1.17
[rosout][INFO] 2025-03-27 13:55:54,008: Back Left Min: 1.35, Back Right Min: 1.17
[rosout][INFO] 2025-03-27 13:55:54,105: Back Left Min: 1.35, Back Right Min: 1.17
[rosout][INFO] 2025-03-27 13:55:54,208: Back Left Min: 1.35, Back Right Min: 1.17
[rosout][INFO] 2025-03-27 13:55:54,305: Back Left Min: 1.35, Back Right Min: 1.17
[rosout][INFO] 2025-03-27 13:55:54,409: Back Left Min: 1.35, Back Right Min: 1.17
[rosout][INFO] 2025-03-27 13:55:54,505: Back Left Min: 1.35, Back Right Min: 1.17
[rosout][INFO] 2025-03-27 13:55:54,609: Back Left Min: 1.35, Back Right Min: 1.17
[rosout][INFO] 2025-03-27 13:55:54,706: Back Left Min: 1.35, Back Right Min: 1.17
[rosout][INFO] 2025-03-27 13:55:54,809: Back Left Min: 1.35, Back Right Min: 1.17
[rosout][INFO] 2025-03-27 13:55:54,906: Back Left Min: 1.35, Back Right Min: 1.17
[rosout][INFO] 2025-03-27 13:55:55,009: Back Left Min: 1.35, Back Right Min: 1.17
[rosout][INFO] 2025-03-27 13:55:55,106: Back Left Min: 1.35, Back Right Min: 1.17
[rosout][INFO] 2025-03-27 13:55:55,209: Back Left Min: 1.35, Back Right Min: 1.17
[rosout][INFO] 2025-03-27 13:55:55,306: Back Left Min: 1.35, Back Right Min: 1.17
[rosout][INFO] 2025-03-27 13:55:55,409: Back Left Min: 1.35, Back Right Min: 1.17
[rosout][INFO] 2025-03-27 13:55:55,506: Back Left Min: 1.35, Back Right Min: 1.17
[rosout][INFO] 2025-03-27 13:55:55,609: Back Left Min: 1.35, Back Right Min: 1.17
[rosout][INFO] 2025-03-27 13:55:55,706: Back Left Min: 1.35, Back Right Min: 1.17
[rosout][INFO] 2025-03-27 13:55:55,809: Back Left Min: 1.35, Back Right Min: 1.17
[rosout][INFO] 2025-03-27 13:55:55,906: Back Left Min: 1.35, Back Right Min: 1.17
[rosout][INFO] 2025-03-27 13:55:56,009: Back Left Min: 1.35, Back Right Min: 1.17
[rosout][INFO] 2025-03-27 13:55:56,106: Back Left Min: 1.35, Back Right Min: 1.17
[rosout][INFO] 2025-03-27 13:55:56,209: Back Left Min: 1.35, Back Right Min: 1.17
[rosout][INFO] 2025-03-27 13:55:56,306: Back Left Min: 1.35, Back Right Min: 1.17
[rosout][INFO] 2025-03-27 13:55:56,410: Back Left Min: 1.35, Back Right Min: 1.17
[rosout][INFO] 2025-03-27 13:55:56,506: Back Left Min: 1.35, Back Right Min: 1.17
[rosout][INFO] 2025-03-27 13:55:56,609: Back Left Min: 1.35, Back Right Min: 1.17
[rosout][INFO] 2025-03-27 13:55:56,706: Back Left Min: 1.35, Back Right Min: 1.17
[rosout][INFO] 2025-03-27 13:55:56,809: Back Left Min: 1.35, Back Right Min: 1.17
[rosout][INFO] 2025-03-27 13:55:56,906: Back Left Min: 1.35, Back Right Min: 1.17
[rosout][INFO] 2025-03-27 13:55:57,010: Back Left Min: 1.35, Back Right Min: 1.17
[rosout][INFO] 2025-03-27 13:55:57,106: Back Left Min: 1.35, Back Right Min: 1.17
[rosout][INFO] 2025-03-27 13:55:57,210: Back Left Min: 1.35, Back Right Min: 1.17
[rosout][INFO] 2025-03-27 13:55:57,307: Back Left Min: 1.35, Back Right Min: 1.17
[rosout][INFO] 2025-03-27 13:55:57,410: Back Left Min: 1.35, Back Right Min: 1.17
[rosout][INFO] 2025-03-27 13:55:57,507: Back Left Min: 1.35, Back Right Min: 1.17
[rosout][INFO] 2025-03-27 13:55:57,610: Back Left Min: 1.35, Back Right Min: 1.17
[rosout][INFO] 2025-03-27 13:55:57,707: Back Left Min: 1.35, Back Right Min: 1.17
[rosout][INFO] 2025-03-27 13:55:57,810: Back Left Min: 1.35, Back Right Min: 1.17
[rosout][INFO] 2025-03-27 13:55:57,907: Back Left Min: 1.35, Back Right Min: 1.17
[rosout][INFO] 2025-03-27 13:55:58,010: Back Left Min: 1.35, Back Right Min: 1.17
[rosout][INFO] 2025-03-27 13:55:58,107: Back Left Min: 1.35, Back Right Min: 1.17
[rosout][INFO] 2025-03-27 13:55:58,210: Back Left Min: 1.35, Back Right Min: 1.17
[rosout][INFO] 2025-03-27 13:55:58,307: Back Left Min: 1.35, Back Right Min: 1.17
[rosout][INFO] 2025-03-27 13:55:58,410: Back Left Min: 1.35, Back Right Min: 1.17
[rosout][INFO] 2025-03-27 13:55:58,507: Back Left Min: 1.35, Back Right Min: 1.17
[rosout][INFO] 2025-03-27 13:55:58,610: Back Left Min: 1.35, Back Right Min: 1.17
[rosout][INFO] 2025-03-27 13:55:58,707: Back Left Min: 1.35, Back Right Min: 1.17
[rosout][INFO] 2025-03-27 13:55:58,810: Back Left Min: 1.35, Back Right Min: 1.17
[rosout][INFO] 2025-03-27 13:55:58,908: Back Left Min: 1.35, Back Right Min: 1.17
[rosout][INFO] 2025-03-27 13:55:59,011: Back Left Min: 1.35, Back Right Min: 1.17
[rosout][INFO] 2025-03-27 13:55:59,107: Back Left Min: 1.35, Back Right Min: 1.17
[rosout][INFO] 2025-03-27 13:55:59,211: Back Left Min: 1.35, Back Right Min: 1.17
[rosout][INFO] 2025-03-27 13:55:59,307: Back Left Min: 1.35, Back Right Min: 1.17
[rosout][INFO] 2025-03-27 13:55:59,411: Back Left Min: 1.35, Back Right Min: 1.17
[rosout][INFO] 2025-03-27 13:55:59,507: Back Left Min: 1.35, Back Right Min: 1.17
[rosout][INFO] 2025-03-27 13:55:59,611: Back Left Min: 1.35, Back Right Min: 1.17
[rosout][INFO] 2025-03-27 13:55:59,708: Back Left Min: 1.35, Back Right Min: 1.17
[rosout][INFO] 2025-03-27 13:55:59,811: Back Left Min: 1.35, Back Right Min: 1.17
[rosout][INFO] 2025-03-27 13:55:59,908: Back Left Min: 1.35, Back Right Min: 1.17
[rosout][INFO] 2025-03-27 13:56:00,011: Back Left Min: 1.35, Back Right Min: 1.17
[rosout][INFO] 2025-03-27 13:56:00,108: Back Left Min: 1.35, Back Right Min: 1.17
[rosout][INFO] 2025-03-27 13:56:00,211: Back Left Min: 1.35, Back Right Min: 1.17
[rosout][INFO] 2025-03-27 13:56:00,308: Back Left Min: 1.35, Back Right Min: 1.17
[rosout][INFO] 2025-03-27 13:56:00,411: Back Left Min: 1.35, Back Right Min: 1.17
[rosout][INFO] 2025-03-27 13:56:00,508: Back Left Min: 1.35, Back Right Min: 1.17
[rosout][INFO] 2025-03-27 13:56:00,611: Back Left Min: 1.35, Back Right Min: 1.17
[rosout][INFO] 2025-03-27 13:56:00,708: Back Left Min: 1.35, Back Right Min: 1.17
[rosout][INFO] 2025-03-27 13:56:00,811: Back Left Min: 1.35, Back Right Min: 1.17
[rosout][INFO] 2025-03-27 13:56:00,908: Back Left Min: 1.35, Back Right Min: 1.17
[rosout][INFO] 2025-03-27 13:56:01,011: Back Left Min: 1.35, Back Right Min: 1.17
[rosout][INFO] 2025-03-27 13:56:01,108: Back Left Min: 1.35, Back Right Min: 1.17
[rosout][INFO] 2025-03-27 13:56:01,211: Back Left Min: 1.35, Back Right Min: 1.17
[rosout][INFO] 2025-03-27 13:56:01,308: Back Left Min: 1.35, Back Right Min: 1.17
[rosout][INFO] 2025-03-27 13:56:01,411: Back Left Min: 1.35, Back Right Min: 1.17
[rosout][INFO] 2025-03-27 13:56:01,509: Back Left Min: 1.35, Back Right Min: 1.17
[rosout][INFO] 2025-03-27 13:56:01,612: Back Left Min: 1.35, Back Right Min: 1.17
[rosout][INFO] 2025-03-27 13:56:01,708: Back Left Min: 1.35, Back Right Min: 1.17
[rosout][INFO] 2025-03-27 13:56:01,812: Back Left Min: 1.35, Back Right Min: 1.17
[rosout][INFO] 2025-03-27 13:56:01,908: Back Left Min: 1.35, Back Right Min: 1.17
[rosout][INFO] 2025-03-27 13:56:02,012: Back Left Min: 1.35, Back Right Min: 1.17
[rosout][INFO] 2025-03-27 13:56:02,109: Back Left Min: 1.35, Back Right Min: 1.17
[rosout][INFO] 2025-03-27 13:56:02,212: Back Left Min: 1.35, Back Right Min: 1.17
[rosout][INFO] 2025-03-27 13:56:02,309: Back Left Min: 1.35, Back Right Min: 1.17
[rosout][INFO] 2025-03-27 13:56:02,412: Back Left Min: 1.35, Back Right Min: 1.17
[rosout][INFO] 2025-03-27 13:56:02,509: Back Left Min: 1.35, Back Right Min: 1.17
[rosout][INFO] 2025-03-27 13:56:02,612: Back Left Min: 1.35, Back Right Min: 1.17
[rosout][INFO] 2025-03-27 13:56:02,709: Back Left Min: 1.35, Back Right Min: 1.17
[rosout][INFO] 2025-03-27 13:56:02,812: Back Left Min: 1.35, Back Right Min: 1.17
[rosout][INFO] 2025-03-27 13:56:02,909: Back Left Min: 1.35, Back Right Min: 1.17
[rosout][INFO] 2025-03-27 13:56:03,012: Back Left Min: 1.35, Back Right Min: 1.17
[rosout][INFO] 2025-03-27 13:56:03,109: Back Left Min: 1.35, Back Right Min: 1.17
[rosout][INFO] 2025-03-27 13:56:03,212: Back Left Min: 1.35, Back Right Min: 1.17
[rosout][INFO] 2025-03-27 13:56:03,309: Back Left Min: 1.35, Back Right Min: 1.17
[rosout][INFO] 2025-03-27 13:56:03,412: Back Left Min: 1.35, Back Right Min: 1.17
[rosout][INFO] 2025-03-27 13:56:03,509: Back Left Min: 1.35, Back Right Min: 1.17
[rosout][INFO] 2025-03-27 13:56:03,612: Back Left Min: 1.35, Back Right Min: 1.17
[rosout][INFO] 2025-03-27 13:56:03,709: Back Left Min: 1.35, Back Right Min: 1.17
[rosout][INFO] 2025-03-27 13:56:03,813: Back Left Min: 1.35, Back Right Min: 1.17
[rosout][INFO] 2025-03-27 13:56:03,910: Back Left Min: 1.35, Back Right Min: 1.17
[rosout][INFO] 2025-03-27 13:56:04,012: Back Left Min: 1.35, Back Right Min: 1.17
[rosout][INFO] 2025-03-27 13:56:04,109: Back Left Min: 1.35, Back Right Min: 1.17
[rosout][INFO] 2025-03-27 13:56:04,213: Back Left Min: 1.35, Back Right Min: 1.17
[rosout][INFO] 2025-03-27 13:56:04,309: Back Left Min: 1.35, Back Right Min: 1.17
[rosout][INFO] 2025-03-27 13:56:04,413: Back Left Min: 1.35, Back Right Min: 1.17
[rosout][INFO] 2025-03-27 13:56:04,510: Back Left Min: 1.35, Back Right Min: 1.17
[rosout][INFO] 2025-03-27 13:56:04,613: Back Left Min: 1.35, Back Right Min: 1.17
[rosout][INFO] 2025-03-27 13:56:04,710: Back Left Min: 1.35, Back Right Min: 1.17
[rosout][INFO] 2025-03-27 13:56:04,813: Back Left Min: 1.35, Back Right Min: 1.17
[rosout][INFO] 2025-03-27 13:56:04,910: Back Left Min: 1.35, Back Right Min: 1.17
[rosout][INFO] 2025-03-27 13:56:05,013: Back Left Min: 1.35, Back Right Min: 1.17
[rosout][INFO] 2025-03-27 13:56:05,110: Back Left Min: 1.35, Back Right Min: 1.17
[rosout][INFO] 2025-03-27 13:56:05,213: Back Left Min: 1.35, Back Right Min: 1.17
[rosout][INFO] 2025-03-27 13:56:05,310: Back Left Min: 1.35, Back Right Min: 1.17
[rosout][INFO] 2025-03-27 13:56:05,413: Back Left Min: 1.35, Back Right Min: 1.17
[rosout][INFO] 2025-03-27 13:56:05,510: Back Left Min: 1.35, Back Right Min: 1.17
[rosout][INFO] 2025-03-27 13:56:05,613: Back Left Min: 1.35, Back Right Min: 1.17
[rosout][INFO] 2025-03-27 13:56:05,710: Back Left Min: 1.35, Back Right Min: 1.17
[rosout][INFO] 2025-03-27 13:56:05,813: Back Left Min: 1.35, Back Right Min: 1.17
[rosout][INFO] 2025-03-27 13:56:05,910: Back Left Min: 1.35, Back Right Min: 1.17
[rosout][INFO] 2025-03-27 13:56:06,013: Back Left Min: 1.35, Back Right Min: 1.17
[rosout][INFO] 2025-03-27 13:56:06,110: Back Left Min: 1.35, Back Right Min: 1.17
[rosout][INFO] 2025-03-27 13:56:06,214: Back Left Min: 1.35, Back Right Min: 1.17
[rosout][INFO] 2025-03-27 13:56:06,310: Back Left Min: 1.35, Back Right Min: 1.17
[rosout][INFO] 2025-03-27 13:56:06,414: Back Left Min: 1.35, Back Right Min: 1.17
[rosout][INFO] 2025-03-27 13:56:06,510: Back Left Min: 1.35, Back Right Min: 1.17
[rosout][INFO] 2025-03-27 13:56:06,614: Back Left Min: 1.35, Back Right Min: 1.17
[rosout][INFO] 2025-03-27 13:56:06,710: Back Left Min: 1.35, Back Right Min: 1.17
[rosout][INFO] 2025-03-27 13:56:06,814: Back Left Min: 1.35, Back Right Min: 1.17
[rosout][INFO] 2025-03-27 13:56:06,911: Back Left Min: 1.35, Back Right Min: 1.17
[rosout][INFO] 2025-03-27 13:56:07,014: Back Left Min: 1.35, Back Right Min: 1.17
[rosout][INFO] 2025-03-27 13:56:07,111: Back Left Min: 1.35, Back Right Min: 1.17
[rosout][INFO] 2025-03-27 13:56:07,214: Back Left Min: 1.35, Back Right Min: 1.17
[rosout][INFO] 2025-03-27 13:56:07,311: Back Left Min: 1.35, Back Right Min: 1.17
[rosout][INFO] 2025-03-27 13:56:07,414: Back Left Min: 1.35, Back Right Min: 1.17
[rosout][INFO] 2025-03-27 13:56:07,511: Back Left Min: 1.35, Back Right Min: 1.17
[rosout][INFO] 2025-03-27 13:56:07,614: Back Left Min: 1.35, Back Right Min: 1.17
[rosout][INFO] 2025-03-27 13:56:07,711: Back Left Min: 1.35, Back Right Min: 1.17
[rosout][INFO] 2025-03-27 13:56:07,814: Back Left Min: 1.35, Back Right Min: 1.17
[rosout][INFO] 2025-03-27 13:56:07,911: Back Left Min: 1.35, Back Right Min: 1.17
[rosout][INFO] 2025-03-27 13:56:08,014: Back Left Min: 1.35, Back Right Min: 1.17
[rosout][INFO] 2025-03-27 13:56:08,111: Back Left Min: 1.35, Back Right Min: 1.17
[rosout][INFO] 2025-03-27 13:56:08,214: Back Left Min: 1.35, Back Right Min: 1.17
[rosout][INFO] 2025-03-27 13:56:08,311: Back Left Min: 1.35, Back Right Min: 1.17
[rosout][INFO] 2025-03-27 13:56:08,414: Back Left Min: 1.35, Back Right Min: 1.17
[rosout][INFO] 2025-03-27 13:56:08,511: Back Left Min: 1.35, Back Right Min: 1.17
[rosout][INFO] 2025-03-27 13:56:08,614: Back Left Min: 1.35, Back Right Min: 1.17
[rosout][INFO] 2025-03-27 13:56:08,711: Back Left Min: 1.35, Back Right Min: 1.17
[rosout][INFO] 2025-03-27 13:56:08,814: Back Left Min: 1.35, Back Right Min: 1.17
[rosout][INFO] 2025-03-27 13:56:08,911: Back Left Min: 1.35, Back Right Min: 1.17
[rosout][INFO] 2025-03-27 13:56:09,015: Back Left Min: 1.35, Back Right Min: 1.17
[rosout][INFO] 2025-03-27 13:56:09,112: Back Left Min: 1.35, Back Right Min: 1.17
[rosout][INFO] 2025-03-27 13:56:09,215: Back Left Min: 1.35, Back Right Min: 1.17
[rosout][INFO] 2025-03-27 13:56:09,312: Back Left Min: 1.35, Back Right Min: 1.17
[rosout][INFO] 2025-03-27 13:56:09,415: Back Left Min: 1.35, Back Right Min: 1.17
[rosout][INFO] 2025-03-27 13:56:09,512: Back Left Min: 1.35, Back Right Min: 1.17
[rosout][INFO] 2025-03-27 13:56:09,615: Back Left Min: 1.35, Back Right Min: 1.17
[rosout][INFO] 2025-03-27 13:56:09,712: Back Left Min: 1.35, Back Right Min: 1.17
[rosout][INFO] 2025-03-27 13:56:09,815: Back Left Min: 1.35, Back Right Min: 1.17
[rosout][INFO] 2025-03-27 13:56:09,912: Back Left Min: 1.35, Back Right Min: 1.17
[rosout][INFO] 2025-03-27 13:56:10,015: Back Left Min: 1.35, Back Right Min: 1.17
[rosout][INFO] 2025-03-27 13:56:10,112: Back Left Min: 1.35, Back Right Min: 1.17
[rosout][INFO] 2025-03-27 13:56:10,215: Back Left Min: 1.35, Back Right Min: 1.17
[rosout][INFO] 2025-03-27 13:56:10,312: Back Left Min: 1.35, Back Right Min: 1.17
[rosout][INFO] 2025-03-27 13:56:10,415: Back Left Min: 1.35, Back Right Min: 1.17
[rosout][INFO] 2025-03-27 13:56:10,512: Back Left Min: 1.35, Back Right Min: 1.17
[rosout][INFO] 2025-03-27 13:56:10,615: Back Left Min: 1.35, Back Right Min: 1.17
[rosout][INFO] 2025-03-27 13:56:10,712: Back Left Min: 1.35, Back Right Min: 1.17
[rosout][INFO] 2025-03-27 13:56:10,815: Back Left Min: 1.35, Back Right Min: 1.17
[rosout][INFO] 2025-03-27 13:56:10,912: Back Left Min: 1.35, Back Right Min: 1.17
[rosout][INFO] 2025-03-27 13:56:11,015: Back Left Min: 1.35, Back Right Min: 1.17
[rosout][INFO] 2025-03-27 13:56:11,112: Back Left Min: 1.35, Back Right Min: 1.17
[rosout][INFO] 2025-03-27 13:56:11,216: Back Left Min: 1.35, Back Right Min: 1.17
[rosout][INFO] 2025-03-27 13:56:11,312: Back Left Min: 1.35, Back Right Min: 1.17
[rosout][INFO] 2025-03-27 13:56:11,416: Back Left Min: 1.35, Back Right Min: 1.17
[rosout][INFO] 2025-03-27 13:56:11,512: Back Left Min: 1.35, Back Right Min: 1.17
[rosout][INFO] 2025-03-27 13:56:11,616: Back Left Min: 1.35, Back Right Min: 1.17
[rosout][INFO] 2025-03-27 13:56:11,713: Back Left Min: 1.35, Back Right Min: 1.17
[rosout][INFO] 2025-03-27 13:56:11,816: Back Left Min: 1.35, Back Right Min: 1.17
[rosout][INFO] 2025-03-27 13:56:11,913: Back Left Min: 1.35, Back Right Min: 1.17
[rosout][INFO] 2025-03-27 13:56:12,016: Back Left Min: 1.35, Back Right Min: 1.17
[rosout][INFO] 2025-03-27 13:56:12,113: Back Left Min: 1.35, Back Right Min: 1.17
[rosout][INFO] 2025-03-27 13:56:12,216: Back Left Min: 1.35, Back Right Min: 1.17
[rosout][INFO] 2025-03-27 13:56:12,313: Back Left Min: 1.35, Back Right Min: 1.17
[rosout][INFO] 2025-03-27 13:56:12,416: Back Left Min: 1.35, Back Right Min: 1.17
[rosout][INFO] 2025-03-27 13:56:12,513: Back Left Min: 1.35, Back Right Min: 1.17
[rosout][INFO] 2025-03-27 13:56:12,616: Back Left Min: 1.35, Back Right Min: 1.17
[rosout][INFO] 2025-03-27 13:56:12,713: Back Left Min: 1.35, Back Right Min: 1.17
[rosout][INFO] 2025-03-27 13:56:12,816: Back Left Min: 1.35, Back Right Min: 1.17
[rosout][INFO] 2025-03-27 13:56:12,913: Back Left Min: 1.35, Back Right Min: 1.17
[rosout][INFO] 2025-03-27 13:56:13,016: Back Left Min: 1.35, Back Right Min: 1.17
[rosout][INFO] 2025-03-27 13:56:13,113: Back Left Min: 1.35, Back Right Min: 1.17
[rosout][INFO] 2025-03-27 13:56:13,216: Back Left Min: 1.35, Back Right Min: 1.17
[rosout][INFO] 2025-03-27 13:56:13,313: Back Left Min: 1.35, Back Right Min: 1.17
[rosout][INFO] 2025-03-27 13:56:13,416: Back Left Min: 1.35, Back Right Min: 1.17
[rosout][INFO] 2025-03-27 13:56:13,513: Back Left Min: 1.35, Back Right Min: 1.17
[rosout][INFO] 2025-03-27 13:56:13,617: Back Left Min: 1.35, Back Right Min: 1.17
[rosout][INFO] 2025-03-27 13:56:13,714: Back Left Min: 1.35, Back Right Min: 1.17
[rosout][INFO] 2025-03-27 13:56:13,817: Back Left Min: 1.35, Back Right Min: 1.17
[rosout][INFO] 2025-03-27 13:56:13,914: Back Left Min: 1.35, Back Right Min: 1.17
[rosout][INFO] 2025-03-27 13:56:14,017: Back Left Min: 1.35, Back Right Min: 1.17
[rosout][INFO] 2025-03-27 13:56:14,114: Back Left Min: 1.35, Back Right Min: 1.17
[rosout][INFO] 2025-03-27 13:56:14,217: Back Left Min: 1.35, Back Right Min: 1.17
[rosout][INFO] 2025-03-27 13:56:14,314: Back Left Min: 1.35, Back Right Min: 1.17
[rosout][INFO] 2025-03-27 13:56:14,417: Back Left Min: 1.35, Back Right Min: 1.17
[rosout][INFO] 2025-03-27 13:56:14,514: Back Left Min: 1.35, Back Right Min: 1.17
[rosout][INFO] 2025-03-27 13:56:14,617: Back Left Min: 1.35, Back Right Min: 1.17
[rosout][INFO] 2025-03-27 13:56:14,714: Back Left Min: 1.35, Back Right Min: 1.17
[rosout][INFO] 2025-03-27 13:56:14,817: Back Left Min: 1.35, Back Right Min: 1.17
[rosout][INFO] 2025-03-27 13:56:14,914: Back Left Min: 1.35, Back Right Min: 1.17
[rosout][INFO] 2025-03-27 13:56:15,017: Back Left Min: 1.35, Back Right Min: 1.17
[rosout][INFO] 2025-03-27 13:56:15,114: Back Left Min: 1.35, Back Right Min: 1.17
[rosout][INFO] 2025-03-27 13:56:15,217: Back Left Min: 1.35, Back Right Min: 1.17
[rosout][INFO] 2025-03-27 13:56:15,314: Back Left Min: 1.35, Back Right Min: 1.17
[rosout][INFO] 2025-03-27 13:56:15,417: Back Left Min: 1.35, Back Right Min: 1.17
[rosout][INFO] 2025-03-27 13:56:15,514: Back Left Min: 1.35, Back Right Min: 1.17
[rosout][INFO] 2025-03-27 13:56:15,617: Back Left Min: 1.35, Back Right Min: 1.17
[rosout][INFO] 2025-03-27 13:56:15,714: Back Left Min: 1.35, Back Right Min: 1.17
[rosout][INFO] 2025-03-27 13:56:15,817: Back Left Min: 1.35, Back Right Min: 1.17
[rosout][INFO] 2025-03-27 13:56:15,914: Back Left Min: 1.35, Back Right Min: 1.17
[rosout][INFO] 2025-03-27 13:56:16,017: Back Left Min: 1.35, Back Right Min: 1.17
[rosout][INFO] 2025-03-27 13:56:16,114: Back Left Min: 1.35, Back Right Min: 1.17
[rosout][INFO] 2025-03-27 13:56:16,218: Back Left Min: 1.35, Back Right Min: 1.17
[rosout][INFO] 2025-03-27 13:56:16,314: Back Left Min: 1.35, Back Right Min: 1.17
[rosout][INFO] 2025-03-27 13:56:16,418: Back Left Min: 1.35, Back Right Min: 1.17
[rosout][INFO] 2025-03-27 13:56:16,514: Back Left Min: 1.35, Back Right Min: 1.17
[rosout][INFO] 2025-03-27 13:56:16,618: Back Left Min: 1.35, Back Right Min: 1.17
[rosout][INFO] 2025-03-27 13:56:16,715: Back Left Min: 1.35, Back Right Min: 1.17
[rosout][INFO] 2025-03-27 13:56:16,818: Back Left Min: 1.35, Back Right Min: 1.17
[rosout][INFO] 2025-03-27 13:56:16,915: Back Left Min: 1.35, Back Right Min: 1.17
[rosout][INFO] 2025-03-27 13:56:17,018: Back Left Min: 1.35, Back Right Min: 1.17
[rosout][INFO] 2025-03-27 13:56:17,115: Back Left Min: 1.35, Back Right Min: 1.17
[rosout][INFO] 2025-03-27 13:56:17,218: Back Left Min: 1.35, Back Right Min: 1.17
[rosout][INFO] 2025-03-27 13:56:17,315: Back Left Min: 1.35, Back Right Min: 1.17
[rosout][INFO] 2025-03-27 13:56:17,418: Back Left Min: 1.35, Back Right Min: 1.17
[rosout][INFO] 2025-03-27 13:56:17,515: Back Left Min: 1.35, Back Right Min: 1.17
[rosout][INFO] 2025-03-27 13:56:17,618: Back Left Min: 1.35, Back Right Min: 1.17
[rosout][INFO] 2025-03-27 13:56:17,715: Back Left Min: 1.35, Back Right Min: 1.17
[rosout][INFO] 2025-03-27 13:56:17,818: Back Left Min: 1.35, Back Right Min: 1.17
[rosout][INFO] 2025-03-27 13:56:17,915: Back Left Min: 1.35, Back Right Min: 1.17
[rosout][INFO] 2025-03-27 13:56:18,017: Back Left Min: 1.35, Back Right Min: 1.17
[rosout][INFO] 2025-03-27 13:56:18,115: Back Left Min: 1.35, Back Right Min: 1.17
[rosout][INFO] 2025-03-27 13:56:18,218: Back Left Min: 1.35, Back Right Min: 1.17
[rosout][INFO] 2025-03-27 13:56:18,315: Back Left Min: 1.35, Back Right Min: 1.17
[rosout][INFO] 2025-03-27 13:56:18,418: Back Left Min: 1.35, Back Right Min: 1.17
[rosout][INFO] 2025-03-27 13:56:18,515: Back Left Min: 1.35, Back Right Min: 1.17
[rosout][INFO] 2025-03-27 13:56:18,619: Back Left Min: 1.35, Back Right Min: 1.17
[rosout][INFO] 2025-03-27 13:56:18,715: Back Left Min: 1.35, Back Right Min: 1.17
[rosout][INFO] 2025-03-27 13:56:18,819: Back Left Min: 1.35, Back Right Min: 1.17
[rosout][INFO] 2025-03-27 13:56:18,916: Back Left Min: 1.35, Back Right Min: 1.17
[rosout][INFO] 2025-03-27 13:56:19,019: Back Left Min: 1.35, Back Right Min: 1.17
[rosout][INFO] 2025-03-27 13:56:19,116: Back Left Min: 1.35, Back Right Min: 1.17
[rosout][INFO] 2025-03-27 13:56:19,219: Back Left Min: 1.35, Back Right Min: 1.17
[rosout][INFO] 2025-03-27 13:56:19,316: Back Left Min: 1.35, Back Right Min: 1.17
[rosout][INFO] 2025-03-27 13:56:19,419: Back Left Min: 1.35, Back Right Min: 1.17
[rosout][INFO] 2025-03-27 13:56:19,516: Back Left Min: 1.35, Back Right Min: 1.17
[rosout][INFO] 2025-03-27 13:56:19,619: Back Left Min: 1.35, Back Right Min: 1.17
[rosout][INFO] 2025-03-27 13:56:19,716: Back Left Min: 1.35, Back Right Min: 1.17
[rosout][INFO] 2025-03-27 13:56:19,819: Back Left Min: 1.35, Back Right Min: 1.17
[rosout][INFO] 2025-03-27 13:56:19,916: Back Left Min: 1.35, Back Right Min: 1.17
[rosout][INFO] 2025-03-27 13:56:20,019: Back Left Min: 1.35, Back Right Min: 1.17
[rosout][INFO] 2025-03-27 13:56:20,116: Back Left Min: 1.35, Back Right Min: 1.17
[rosout][INFO] 2025-03-27 13:56:20,219: Back Left Min: 1.35, Back Right Min: 1.17
[rosout][INFO] 2025-03-27 13:56:20,316: Back Left Min: 1.35, Back Right Min: 1.17
[rosout][INFO] 2025-03-27 13:56:20,419: Back Left Min: 1.35, Back Right Min: 1.17
[rosout][INFO] 2025-03-27 13:56:20,516: Back Left Min: 1.35, Back Right Min: 1.17
[rosout][INFO] 2025-03-27 13:56:20,619: Back Left Min: 1.35, Back Right Min: 1.17
[rosout][INFO] 2025-03-27 13:56:20,716: Back Left Min: 1.35, Back Right Min: 1.17
[rosout][INFO] 2025-03-27 13:56:20,819: Back Left Min: 1.35, Back Right Min: 1.17
[rosout][INFO] 2025-03-27 13:56:20,916: Back Left Min: 1.35, Back Right Min: 1.17
[rosout][INFO] 2025-03-27 13:56:21,020: Back Left Min: 1.35, Back Right Min: 1.17
[rosout][INFO] 2025-03-27 13:56:21,116: Back Left Min: 1.35, Back Right Min: 1.17
[rosout][INFO] 2025-03-27 13:56:21,220: Back Left Min: 1.35, Back Right Min: 1.17
[rosout][INFO] 2025-03-27 13:56:21,317: Back Left Min: 1.35, Back Right Min: 1.17
[rosout][INFO] 2025-03-27 13:56:21,420: Back Left Min: 1.35, Back Right Min: 1.17
[rosout][INFO] 2025-03-27 13:56:21,517: Back Left Min: 1.35, Back Right Min: 1.17
[rosout][INFO] 2025-03-27 13:56:21,620: Back Left Min: 1.35, Back Right Min: 1.17
[rosout][INFO] 2025-03-27 13:56:21,717: Back Left Min: 1.35, Back Right Min: 1.17
[rosout][INFO] 2025-03-27 13:56:21,820: Back Left Min: 1.35, Back Right Min: 1.17
[rosout][INFO] 2025-03-27 13:56:21,917: Back Left Min: 1.35, Back Right Min: 1.17
[rosout][INFO] 2025-03-27 13:56:22,020: Back Left Min: 1.35, Back Right Min: 1.17
[rosout][INFO] 2025-03-27 13:56:22,117: Back Left Min: 1.35, Back Right Min: 1.17
[rosout][INFO] 2025-03-27 13:56:22,220: Back Left Min: 1.35, Back Right Min: 1.17
[rosout][INFO] 2025-03-27 13:56:22,317: Back Left Min: 1.35, Back Right Min: 1.17
[rosout][INFO] 2025-03-27 13:56:22,420: Back Left Min: 1.35, Back Right Min: 1.17
[rosout][INFO] 2025-03-27 13:56:22,517: Back Left Min: 1.35, Back Right Min: 1.17
[rosout][INFO] 2025-03-27 13:56:22,620: Back Left Min: 1.35, Back Right Min: 1.17
[rosout][INFO] 2025-03-27 13:56:22,717: Back Left Min: 1.35, Back Right Min: 1.17
[rosout][INFO] 2025-03-27 13:56:22,820: Back Left Min: 1.35, Back Right Min: 1.17
[rosout][INFO] 2025-03-27 13:56:22,917: Back Left Min: 1.35, Back Right Min: 1.17
[rosout][INFO] 2025-03-27 13:56:23,020: Back Left Min: 1.35, Back Right Min: 1.17
[rosout][INFO] 2025-03-27 13:56:23,117: Back Left Min: 1.35, Back Right Min: 1.17
[rosout][INFO] 2025-03-27 13:56:23,220: Back Left Min: 1.35, Back Right Min: 1.17
[rosout][INFO] 2025-03-27 13:56:23,317: Back Left Min: 1.35, Back Right Min: 1.17
[rosout][INFO] 2025-03-27 13:56:23,420: Back Left Min: 1.35, Back Right Min: 1.17
[rosout][INFO] 2025-03-27 13:56:23,517: Back Left Min: 1.35, Back Right Min: 1.17
[rosout][INFO] 2025-03-27 13:56:23,621: Back Left Min: 1.35, Back Right Min: 1.17
[rosout][INFO] 2025-03-27 13:56:23,717: Back Left Min: 1.35, Back Right Min: 1.17
[rosout][INFO] 2025-03-27 13:56:23,821: Back Left Min: 1.35, Back Right Min: 1.17
[rosout][INFO] 2025-03-27 13:56:23,918: Back Left Min: 1.35, Back Right Min: 1.17
[rosout][INFO] 2025-03-27 13:56:24,021: Back Left Min: 1.35, Back Right Min: 1.17
[rosout][INFO] 2025-03-27 13:56:24,118: Back Left Min: 1.35, Back Right Min: 1.17
[rosout][INFO] 2025-03-27 13:56:24,221: Back Left Min: 1.35, Back Right Min: 1.17
[rosout][INFO] 2025-03-27 13:56:24,318: Back Left Min: 1.35, Back Right Min: 1.17
[rosout][INFO] 2025-03-27 13:56:24,421: Back Left Min: 1.35, Back Right Min: 1.17
[rosout][INFO] 2025-03-27 13:56:24,518: Back Left Min: 1.35, Back Right Min: 1.17
[rosout][INFO] 2025-03-27 13:56:24,621: Back Left Min: 1.35, Back Right Min: 1.17
[rosout][INFO] 2025-03-27 13:56:24,718: Back Left Min: 1.35, Back Right Min: 1.17
[rosout][INFO] 2025-03-27 13:56:24,821: Back Left Min: 1.35, Back Right Min: 1.17
[rosout][INFO] 2025-03-27 13:56:24,918: Back Left Min: 1.35, Back Right Min: 1.17
[rosout][INFO] 2025-03-27 13:56:25,021: Back Left Min: 1.35, Back Right Min: 1.17
[rosout][INFO] 2025-03-27 13:56:25,119: Back Left Min: 1.35, Back Right Min: 1.17
[rosout][INFO] 2025-03-27 13:56:25,221: Back Left Min: 1.35, Back Right Min: 1.17
[rosout][INFO] 2025-03-27 13:56:25,318: Back Left Min: 1.35, Back Right Min: 1.17
[rosout][INFO] 2025-03-27 13:56:25,421: Back Left Min: 1.35, Back Right Min: 1.17
[rosout][INFO] 2025-03-27 13:56:25,518: Back Left Min: 1.35, Back Right Min: 1.17
[rosout][INFO] 2025-03-27 13:56:25,621: Back Left Min: 1.35, Back Right Min: 1.17
[rosout][INFO] 2025-03-27 13:56:25,718: Back Left Min: 1.35, Back Right Min: 1.17
[rosout][INFO] 2025-03-27 13:56:25,822: Back Left Min: 1.35, Back Right Min: 1.17
[rosout][INFO] 2025-03-27 13:56:25,919: Back Left Min: 1.35, Back Right Min: 1.17
[rosout][INFO] 2025-03-27 13:56:26,022: Back Left Min: 1.35, Back Right Min: 1.17
[rosout][INFO] 2025-03-27 13:56:26,119: Back Left Min: 1.35, Back Right Min: 1.17
[rosout][INFO] 2025-03-27 13:56:26,222: Back Left Min: 1.35, Back Right Min: 1.17
[rosout][INFO] 2025-03-27 13:56:26,319: Back Left Min: 1.35, Back Right Min: 1.17
[rosout][INFO] 2025-03-27 13:56:26,422: Back Left Min: 1.35, Back Right Min: 1.17
[rosout][INFO] 2025-03-27 13:56:26,519: Back Left Min: 1.35, Back Right Min: 1.17
[rosout][INFO] 2025-03-27 13:56:26,622: Back Left Min: 1.35, Back Right Min: 1.17
[rosout][INFO] 2025-03-27 13:56:26,719: Back Left Min: 1.35, Back Right Min: 1.17
[rosout][INFO] 2025-03-27 13:56:26,822: Back Left Min: 1.35, Back Right Min: 1.17
[rosout][INFO] 2025-03-27 13:56:26,919: Back Left Min: 1.35, Back Right Min: 1.17
[rosout][INFO] 2025-03-27 13:56:27,022: Back Left Min: 1.35, Back Right Min: 1.17
[rosout][INFO] 2025-03-27 13:56:27,119: Back Left Min: 1.35, Back Right Min: 1.17
[rosout][INFO] 2025-03-27 13:56:27,222: Back Left Min: 1.35, Back Right Min: 1.17
[rosout][INFO] 2025-03-27 13:56:27,319: Back Left Min: 1.35, Back Right Min: 1.17
[rosout][INFO] 2025-03-27 13:56:27,422: Back Left Min: 1.35, Back Right Min: 1.17
[rosout][INFO] 2025-03-27 13:56:27,519: Back Left Min: 1.35, Back Right Min: 1.17
[rosout][INFO] 2025-03-27 13:56:27,622: Back Left Min: 1.35, Back Right Min: 1.17
[rosout][INFO] 2025-03-27 13:56:27,719: Back Left Min: 1.35, Back Right Min: 1.17
[rosout][INFO] 2025-03-27 13:56:27,822: Back Left Min: 1.35, Back Right Min: 1.17
[rosout][INFO] 2025-03-27 13:56:27,919: Back Left Min: 1.35, Back Right Min: 1.17
[rosout][INFO] 2025-03-27 13:56:28,022: Back Left Min: 1.35, Back Right Min: 1.17
[rosout][INFO] 2025-03-27 13:56:28,119: Back Left Min: 1.35, Back Right Min: 1.17
[rosout][INFO] 2025-03-27 13:56:28,222: Back Left Min: 1.35, Back Right Min: 1.17
[rosout][INFO] 2025-03-27 13:56:28,319: Back Left Min: 1.35, Back Right Min: 1.17
[rosout][INFO] 2025-03-27 13:56:28,423: Back Left Min: 1.35, Back Right Min: 1.17
[rosout][INFO] 2025-03-27 13:56:28,520: Back Left Min: 1.35, Back Right Min: 1.17
[rosout][INFO] 2025-03-27 13:56:28,623: Back Left Min: 1.35, Back Right Min: 1.17
[rosout][INFO] 2025-03-27 13:56:28,720: Back Left Min: 1.35, Back Right Min: 1.17
[rosout][INFO] 2025-03-27 13:56:28,823: Back Left Min: 1.35, Back Right Min: 1.17
[rosout][INFO] 2025-03-27 13:56:28,920: Back Left Min: 1.35, Back Right Min: 1.17
[rosout][INFO] 2025-03-27 13:56:29,023: Back Left Min: 1.35, Back Right Min: 1.17
[rosout][INFO] 2025-03-27 13:56:29,120: Back Left Min: 1.35, Back Right Min: 1.17
[rosout][INFO] 2025-03-27 13:56:29,223: Back Left Min: 1.35, Back Right Min: 1.17
[rosout][INFO] 2025-03-27 13:56:29,320: Back Left Min: 1.35, Back Right Min: 1.17
[rosout][INFO] 2025-03-27 13:56:29,423: Back Left Min: 1.35, Back Right Min: 1.17
[rosout][INFO] 2025-03-27 13:56:29,520: Back Left Min: 1.35, Back Right Min: 1.17
[rosout][INFO] 2025-03-27 13:56:29,623: Back Left Min: 1.35, Back Right Min: 1.17
[rosout][INFO] 2025-03-27 13:56:29,720: Back Left Min: 1.35, Back Right Min: 1.17
[rosout][INFO] 2025-03-27 13:56:29,823: Back Left Min: 1.35, Back Right Min: 1.17
[rosout][INFO] 2025-03-27 13:56:29,920: Back Left Min: 1.35, Back Right Min: 1.17
[rosout][INFO] 2025-03-27 13:56:30,024: Back Left Min: 1.35, Back Right Min: 1.17
[rosout][INFO] 2025-03-27 13:56:30,121: Back Left Min: 1.35, Back Right Min: 1.17
[rosout][INFO] 2025-03-27 13:56:30,224: Back Left Min: 1.35, Back Right Min: 1.17
[rosout][INFO] 2025-03-27 13:56:30,321: Back Left Min: 1.35, Back Right Min: 1.17
[rosout][INFO] 2025-03-27 13:56:30,424: Back Left Min: 1.35, Back Right Min: 1.17
[rosout][INFO] 2025-03-27 13:56:30,520: Back Left Min: 1.35, Back Right Min: 1.17
[rosout][INFO] 2025-03-27 13:56:30,623: Back Left Min: 1.35, Back Right Min: 1.17
[rosout][INFO] 2025-03-27 13:56:30,720: Back Left Min: 1.35, Back Right Min: 1.17
[rosout][INFO] 2025-03-27 13:56:30,824: Back Left Min: 1.35, Back Right Min: 1.17
[rosout][INFO] 2025-03-27 13:56:30,920: Back Left Min: 1.35, Back Right Min: 1.17
[rosout][INFO] 2025-03-27 13:56:31,024: Back Left Min: 1.35, Back Right Min: 1.17
[rosout][INFO] 2025-03-27 13:56:31,121: Back Left Min: 1.35, Back Right Min: 1.17
[rosout][INFO] 2025-03-27 13:56:31,224: Back Left Min: 1.35, Back Right Min: 1.17
[rosout][INFO] 2025-03-27 13:56:31,321: Back Left Min: 1.35, Back Right Min: 1.17
[rosout][INFO] 2025-03-27 13:56:31,424: Back Left Min: 1.35, Back Right Min: 1.17
[rosout][INFO] 2025-03-27 13:56:31,521: Back Left Min: 1.35, Back Right Min: 1.17
[rosout][INFO] 2025-03-27 13:56:31,624: Back Left Min: 1.35, Back Right Min: 1.17
[rosout][INFO] 2025-03-27 13:56:31,721: Back Left Min: 1.35, Back Right Min: 1.17
[rosout][INFO] 2025-03-27 13:56:31,824: Back Left Min: 1.35, Back Right Min: 1.17
[rosout][INFO] 2025-03-27 13:56:31,921: Back Left Min: 1.35, Back Right Min: 1.17
[rosout][INFO] 2025-03-27 13:56:32,024: Back Left Min: 1.35, Back Right Min: 1.17
[rosout][INFO] 2025-03-27 13:56:32,121: Back Left Min: 1.35, Back Right Min: 1.17
[rosout][INFO] 2025-03-27 13:56:32,224: Back Left Min: 1.35, Back Right Min: 1.17
[rosout][INFO] 2025-03-27 13:56:32,321: Back Left Min: 1.35, Back Right Min: 1.17
[rosout][INFO] 2025-03-27 13:56:32,424: Back Left Min: 1.35, Back Right Min: 1.17
[rosout][INFO] 2025-03-27 13:56:32,521: Back Left Min: 1.35, Back Right Min: 1.17
[rosout][INFO] 2025-03-27 13:56:32,624: Back Left Min: 1.35, Back Right Min: 1.17
[rosout][INFO] 2025-03-27 13:56:32,721: Back Left Min: 1.35, Back Right Min: 1.17
[rosout][INFO] 2025-03-27 13:56:32,824: Back Left Min: 1.35, Back Right Min: 1.17
[rosout][INFO] 2025-03-27 13:56:32,921: Back Left Min: 1.35, Back Right Min: 1.17
[rosout][INFO] 2025-03-27 13:56:33,024: Back Left Min: 1.35, Back Right Min: 1.17
[rosout][INFO] 2025-03-27 13:56:33,121: Back Left Min: 1.35, Back Right Min: 1.17
[rosout][INFO] 2025-03-27 13:56:33,225: Back Left Min: 1.35, Back Right Min: 1.17
[rosout][INFO] 2025-03-27 13:56:33,321: Back Left Min: 1.35, Back Right Min: 1.17
[rosout][INFO] 2025-03-27 13:56:33,425: Back Left Min: 1.35, Back Right Min: 1.17
[rosout][INFO] 2025-03-27 13:56:33,522: Back Left Min: 1.35, Back Right Min: 1.17
[rosout][INFO] 2025-03-27 13:56:33,625: Back Left Min: 1.35, Back Right Min: 1.17
[rosout][INFO] 2025-03-27 13:56:33,722: Back Left Min: 1.35, Back Right Min: 1.17
[rosout][INFO] 2025-03-27 13:56:33,825: Back Left Min: 1.35, Back Right Min: 1.17
[rosout][INFO] 2025-03-27 13:56:33,922: Back Left Min: 1.35, Back Right Min: 1.17
[rosout][INFO] 2025-03-27 13:56:34,025: Back Left Min: 1.35, Back Right Min: 1.17
[rosout][INFO] 2025-03-27 13:56:34,122: Back Left Min: 1.35, Back Right Min: 1.17
[rosout][INFO] 2025-03-27 13:56:34,225: Back Left Min: 1.35, Back Right Min: 1.17
[rosout][INFO] 2025-03-27 13:56:34,322: Back Left Min: 1.35, Back Right Min: 1.17
[rosout][INFO] 2025-03-27 13:56:34,425: Back Left Min: 1.35, Back Right Min: 1.17
[rosout][INFO] 2025-03-27 13:56:34,522: Back Left Min: 1.35, Back Right Min: 1.17
[rosout][INFO] 2025-03-27 13:56:34,625: Back Left Min: 1.35, Back Right Min: 1.17
[rosout][INFO] 2025-03-27 13:56:34,722: Back Left Min: 1.35, Back Right Min: 1.17
[rosout][INFO] 2025-03-27 13:56:34,825: Back Left Min: 1.35, Back Right Min: 1.17
[rosout][INFO] 2025-03-27 13:56:34,922: Back Left Min: 1.35, Back Right Min: 1.17
[rosout][INFO] 2025-03-27 13:56:35,025: Back Left Min: 1.35, Back Right Min: 1.17
[rosout][INFO] 2025-03-27 13:56:35,122: Back Left Min: 1.35, Back Right Min: 1.17
[rosout][INFO] 2025-03-27 13:56:35,225: Back Left Min: 1.35, Back Right Min: 1.17
[rosout][INFO] 2025-03-27 13:56:35,322: Back Left Min: 1.35, Back Right Min: 1.17
[rosout][INFO] 2025-03-27 13:56:35,426: Back Left Min: 1.35, Back Right Min: 1.17
[rosout][INFO] 2025-03-27 13:56:35,522: Back Left Min: 1.35, Back Right Min: 1.17
[rosout][INFO] 2025-03-27 13:56:35,626: Back Left Min: 1.35, Back Right Min: 1.17
[rosout][INFO] 2025-03-27 13:56:35,723: Back Left Min: 1.35, Back Right Min: 1.17
[rosout][INFO] 2025-03-27 13:56:35,826: Back Left Min: 1.35, Back Right Min: 1.17
[rosout][INFO] 2025-03-27 13:56:35,923: Back Left Min: 1.35, Back Right Min: 1.17
[rosout][INFO] 2025-03-27 13:56:36,026: Back Left Min: 1.35, Back Right Min: 1.17
[rosout][INFO] 2025-03-27 13:56:36,123: Back Left Min: 1.35, Back Right Min: 1.17
[rosout][INFO] 2025-03-27 13:56:36,226: Back Left Min: 1.35, Back Right Min: 1.17
[rosout][INFO] 2025-03-27 13:56:36,323: Back Left Min: 1.35, Back Right Min: 1.17
[rosout][INFO] 2025-03-27 13:56:36,426: Back Left Min: 1.35, Back Right Min: 1.17
[rosout][INFO] 2025-03-27 13:56:36,523: Back Left Min: 1.35, Back Right Min: 1.17
[rosout][INFO] 2025-03-27 13:56:36,626: Back Left Min: 1.35, Back Right Min: 1.17
[rosout][INFO] 2025-03-27 13:56:36,723: Back Left Min: 1.35, Back Right Min: 1.17
[rosout][INFO] 2025-03-27 13:56:36,826: Back Left Min: 1.35, Back Right Min: 1.17
[rosout][INFO] 2025-03-27 13:56:36,923: Back Left Min: 1.35, Back Right Min: 1.17
[rosout][INFO] 2025-03-27 13:56:37,026: Back Left Min: 1.35, Back Right Min: 1.17
[rosout][INFO] 2025-03-27 13:56:37,123: Back Left Min: 1.35, Back Right Min: 1.17
[rosout][INFO] 2025-03-27 13:56:37,226: Back Left Min: 1.35, Back Right Min: 1.17
[rosout][INFO] 2025-03-27 13:56:37,323: Back Left Min: 1.35, Back Right Min: 1.17
[rosout][INFO] 2025-03-27 13:56:37,426: Back Left Min: 1.35, Back Right Min: 1.17
[rosout][INFO] 2025-03-27 13:56:37,523: Back Left Min: 1.35, Back Right Min: 1.17
[rosout][INFO] 2025-03-27 13:56:37,626: Back Left Min: 1.35, Back Right Min: 1.17
[rosout][INFO] 2025-03-27 13:56:37,723: Back Left Min: 1.35, Back Right Min: 1.17
[rosout][INFO] 2025-03-27 13:56:37,826: Back Left Min: 1.35, Back Right Min: 1.17
[rosout][INFO] 2025-03-27 13:56:37,924: Back Left Min: 1.35, Back Right Min: 1.17
[rosout][INFO] 2025-03-27 13:56:38,027: Back Left Min: 1.35, Back Right Min: 1.17
[rosout][INFO] 2025-03-27 13:56:38,124: Back Left Min: 1.35, Back Right Min: 1.17
[rosout][INFO] 2025-03-27 13:56:38,227: Back Left Min: 1.35, Back Right Min: 1.17
[rosout][INFO] 2025-03-27 13:56:38,324: Back Left Min: 1.35, Back Right Min: 1.17
[rosout][INFO] 2025-03-27 13:56:38,427: Back Left Min: 1.35, Back Right Min: 1.17
[rosout][INFO] 2025-03-27 13:56:38,524: Back Left Min: 1.35, Back Right Min: 1.17
[rosout][INFO] 2025-03-27 13:56:38,627: Back Left Min: 1.35, Back Right Min: 1.17
[rosout][INFO] 2025-03-27 13:56:38,724: Back Left Min: 1.35, Back Right Min: 1.17
[rosout][INFO] 2025-03-27 13:56:38,827: Back Left Min: 1.35, Back Right Min: 1.17
[rosout][INFO] 2025-03-27 13:56:38,924: Back Left Min: 1.35, Back Right Min: 1.17
[rosout][INFO] 2025-03-27 13:56:39,027: Back Left Min: 1.35, Back Right Min: 1.17
[rosout][INFO] 2025-03-27 13:56:39,124: Back Left Min: 1.35, Back Right Min: 1.17
[rosout][INFO] 2025-03-27 13:56:39,227: Back Left Min: 1.35, Back Right Min: 1.17
[rosout][INFO] 2025-03-27 13:56:39,324: Back Left Min: 1.35, Back Right Min: 1.17
[rosout][INFO] 2025-03-27 13:56:39,427: Back Left Min: 1.35, Back Right Min: 1.17
[rosout][INFO] 2025-03-27 13:56:39,524: Back Left Min: 1.35, Back Right Min: 1.17
[rosout][INFO] 2025-03-27 13:56:39,627: Back Left Min: 1.35, Back Right Min: 1.17
[rosout][INFO] 2025-03-27 13:56:39,725: Back Left Min: 1.35, Back Right Min: 1.17
[rosout][INFO] 2025-03-27 13:56:39,828: Back Left Min: 1.35, Back Right Min: 1.17
[rosout][INFO] 2025-03-27 13:56:39,925: Back Left Min: 1.35, Back Right Min: 1.17
[rosout][INFO] 2025-03-27 13:56:40,028: Back Left Min: 1.35, Back Right Min: 1.17
[rosout][INFO] 2025-03-27 13:56:40,124: Back Left Min: 1.35, Back Right Min: 1.17
[rosout][INFO] 2025-03-27 13:56:40,228: Back Left Min: 1.35, Back Right Min: 1.17
[rosout][INFO] 2025-03-27 13:56:40,324: Back Left Min: 1.35, Back Right Min: 1.17
[rosout][INFO] 2025-03-27 13:56:40,428: Back Left Min: 1.35, Back Right Min: 1.17
[rosout][INFO] 2025-03-27 13:56:40,525: Back Left Min: 1.35, Back Right Min: 1.17
[rosout][INFO] 2025-03-27 13:56:40,628: Back Left Min: 1.35, Back Right Min: 1.17
[rosout][INFO] 2025-03-27 13:56:40,725: Back Left Min: 1.35, Back Right Min: 1.17
[rosout][INFO] 2025-03-27 13:56:40,828: Back Left Min: 1.35, Back Right Min: 1.17
[rosout][INFO] 2025-03-27 13:56:40,925: Back Left Min: 1.35, Back Right Min: 1.17
[rosout][INFO] 2025-03-27 13:56:41,028: Back Left Min: 1.35, Back Right Min: 1.17
[rosout][INFO] 2025-03-27 13:56:41,125: Back Left Min: 1.35, Back Right Min: 1.17
[rosout][INFO] 2025-03-27 13:56:41,228: Back Left Min: 1.35, Back Right Min: 1.17
[rosout][INFO] 2025-03-27 13:56:41,325: Back Left Min: 1.35, Back Right Min: 1.17
[rosout][INFO] 2025-03-27 13:56:41,428: Back Left Min: 1.35, Back Right Min: 1.17
[rosout][INFO] 2025-03-27 13:56:41,525: Back Left Min: 1.35, Back Right Min: 1.17
[rosout][INFO] 2025-03-27 13:56:41,629: Back Left Min: 1.35, Back Right Min: 1.17
[rosout][INFO] 2025-03-27 13:56:41,725: Back Left Min: 1.35, Back Right Min: 1.17
[rosout][INFO] 2025-03-27 13:56:41,829: Back Left Min: 1.35, Back Right Min: 1.17
[rosout][INFO] 2025-03-27 13:56:41,926: Back Left Min: 1.35, Back Right Min: 1.17
[rosout][INFO] 2025-03-27 13:56:42,029: Back Left Min: 1.35, Back Right Min: 1.17
[rosout][INFO] 2025-03-27 13:56:42,126: Back Left Min: 1.35, Back Right Min: 1.17
[rosout][INFO] 2025-03-27 13:56:42,228: Back Left Min: 1.36, Back Right Min: 1.17
[rosout][INFO] 2025-03-27 13:56:42,326: Back Left Min: 1.36, Back Right Min: 1.17
[rosout][INFO] 2025-03-27 13:56:42,429: Back Left Min: 0.74, Back Right Min: 1.17
[rosout][INFO] 2025-03-27 13:56:42,525: Back Left Min: 0.74, Back Right Min: 1.17
[rosout][INFO] 2025-03-27 13:56:42,628: Back Left Min: 0.74, Back Right Min: 1.17
[rosout][INFO] 2025-03-27 13:56:42,725: Back Left Min: 0.66, Back Right Min: 1.17
[rosout][INFO] 2025-03-27 13:56:42,829: Back Left Min: 0.66, Back Right Min: 1.17
[rosout][INFO] 2025-03-27 13:56:42,925: Back Left Min: 0.66, Back Right Min: 1.17
[rosout][INFO] 2025-03-27 13:56:43,029: Back Left Min: 0.66, Back Right Min: 1.17
[rosout][INFO] 2025-03-27 13:56:43,125: Back Left Min: 0.66, Back Right Min: 1.17
[rosout][INFO] 2025-03-27 13:56:43,229: Back Left Min: 0.66, Back Right Min: 1.17
[rosout][INFO] 2025-03-27 13:56:43,326: Back Left Min: 0.68, Back Right Min: 1.17
[rosout][INFO] 2025-03-27 13:56:43,429: Back Left Min: 0.68, Back Right Min: 1.17
[rosout][INFO] 2025-03-27 13:56:43,526: Back Left Min: 0.68, Back Right Min: 1.17
[rosout][INFO] 2025-03-27 13:56:43,629: Back Left Min: 0.68, Back Right Min: 1.17
[rosout][INFO] 2025-03-27 13:56:43,726: Back Left Min: 0.68, Back Right Min: 1.17
[rosout][INFO] 2025-03-27 13:56:43,829: Back Left Min: 3.05, Back Right Min: 1.17
[rosout][INFO] 2025-03-27 13:56:43,926: Back Left Min: 3.05, Back Right Min: 1.17
[rosout][INFO] 2025-03-27 13:56:44,029: Back Left Min: 3.05, Back Right Min: 1.17
[rosout][INFO] 2025-03-27 13:56:44,126: Back Left Min: 2.18, Back Right Min: 1.17
[rosout][INFO] 2025-03-27 13:56:44,229: Back Left Min: 2.18, Back Right Min: 1.17
[rosout][INFO] 2025-03-27 13:56:44,326: Back Left Min: 2.18, Back Right Min: 1.17
[rosout][INFO] 2025-03-27 13:56:44,429: Back Left Min: 2.17, Back Right Min: 1.17
[rosout][INFO] 2025-03-27 13:56:44,526: Back Left Min: 2.17, Back Right Min: 1.17
[rosout][INFO] 2025-03-27 13:56:44,629: Back Left Min: 2.17, Back Right Min: 1.17
[rosout][INFO] 2025-03-27 13:56:44,727: Back Left Min: 2.18, Back Right Min: 1.17
[rosout][INFO] 2025-03-27 13:56:44,830: Back Left Min: 2.18, Back Right Min: 1.17
[rosout][INFO] 2025-03-27 13:56:44,927: Back Left Min: 2.18, Back Right Min: 1.17
[rosout][INFO] 2025-03-27 13:56:45,029: Back Left Min: 2.18, Back Right Min: 1.17
[rosout][INFO] 2025-03-27 13:56:45,126: Back Left Min: 2.18, Back Right Min: 1.17
[rosout][INFO] 2025-03-27 13:56:45,230: Back Left Min: 3.11, Back Right Min: 1.17
[rosout][INFO] 2025-03-27 13:56:45,326: Back Left Min: 3.11, Back Right Min: 1.17
[rosout][INFO] 2025-03-27 13:56:45,430: Back Left Min: 3.11, Back Right Min: 1.17
[rosout][INFO] 2025-03-27 13:56:45,526: Back Left Min: 2.17, Back Right Min: 1.17
[rosout][INFO] 2025-03-27 13:56:45,630: Back Left Min: 2.17, Back Right Min: 1.17
[rosout][INFO] 2025-03-27 13:56:45,726: Back Left Min: 2.17, Back Right Min: 1.17
[rosout][INFO] 2025-03-27 13:56:45,830: Back Left Min: 2.17, Back Right Min: 1.17
[rosout][INFO] 2025-03-27 13:56:45,927: Back Left Min: 2.17, Back Right Min: 1.17
[rosout][INFO] 2025-03-27 13:56:46,030: Back Left Min: 2.17, Back Right Min: 1.17
[rosout][INFO] 2025-03-27 13:56:46,127: Back Left Min: 2.18, Back Right Min: 1.17
[rosout][INFO] 2025-03-27 13:56:46,230: Back Left Min: 2.18, Back Right Min: 1.17
[rosout][INFO] 2025-03-27 13:56:46,327: Back Left Min: 2.18, Back Right Min: 1.17
[rosout][INFO] 2025-03-27 13:56:46,430: Back Left Min: 2.52, Back Right Min: 1.17
[rosout][INFO] 2025-03-27 13:56:46,527: Back Left Min: 2.52, Back Right Min: 1.17
[rosout][INFO] 2025-03-27 13:56:46,630: Back Left Min: 3.42, Back Right Min: 1.17
[rosout][INFO] 2025-03-27 13:56:46,727: Back Left Min: 3.42, Back Right Min: 1.17
[rosout][INFO] 2025-03-27 13:56:46,830: Back Left Min: 3.42, Back Right Min: 1.17
[rosout][INFO] 2025-03-27 13:56:46,927: Back Left Min: 0.68, Back Right Min: 1.17
[rosout][INFO] 2025-03-27 13:56:47,030: Back Left Min: 0.68, Back Right Min: 1.17
[rosout][INFO] 2025-03-27 13:56:47,127: Back Left Min: 0.68, Back Right Min: 1.17
[rosout][INFO] 2025-03-27 13:56:47,230: Back Left Min: 1.35, Back Right Min: 1.17
[rosout][INFO] 2025-03-27 13:56:47,327: Back Left Min: 1.35, Back Right Min: 1.17
[rosout][INFO] 2025-03-27 13:56:47,430: Back Left Min: 1.35, Back Right Min: 1.17
[rosout][INFO] 2025-03-27 13:56:47,527: Back Left Min: 1.35, Back Right Min: 1.17
[rosout][INFO] 2025-03-27 13:56:47,630: Back Left Min: 1.35, Back Right Min: 1.17
[rosout][INFO] 2025-03-27 13:56:47,727: Back Left Min: 1.35, Back Right Min: 1.17
[rosout][INFO] 2025-03-27 13:56:47,831: Back Left Min: 1.35, Back Right Min: 1.17
[rosout][INFO] 2025-03-27 13:56:47,927: Back Left Min: 1.35, Back Right Min: 1.17
[rosout][INFO] 2025-03-27 13:56:48,030: Back Left Min: 1.35, Back Right Min: 1.17
[rosout][INFO] 2025-03-27 13:56:48,128: Back Left Min: 1.35, Back Right Min: 1.17
[rosout][INFO] 2025-03-27 13:56:48,231: Back Left Min: 1.35, Back Right Min: 1.17
[rosout][INFO] 2025-03-27 13:56:48,328: Back Left Min: 1.35, Back Right Min: 1.17
[rosout][INFO] 2025-03-27 13:56:48,431: Back Left Min: 1.35, Back Right Min: 1.17
[rosout][INFO] 2025-03-27 13:56:48,528: Back Left Min: 1.35, Back Right Min: 1.17
[rosout][INFO] 2025-03-27 13:56:48,631: Back Left Min: 1.35, Back Right Min: 1.17
[rosout][INFO] 2025-03-27 13:56:48,728: Back Left Min: 1.35, Back Right Min: 1.17
[rosout][INFO] 2025-03-27 13:56:48,831: Back Left Min: 1.35, Back Right Min: 1.17
[rosout][INFO] 2025-03-27 13:56:48,928: Back Left Min: 1.35, Back Right Min: 1.17
[rosout][INFO] 2025-03-27 13:56:49,031: Back Left Min: 1.35, Back Right Min: 1.17
[rosout][INFO] 2025-03-27 13:56:49,128: Back Left Min: 1.35, Back Right Min: 1.17
[rosout][INFO] 2025-03-27 13:56:49,231: Back Left Min: 0.88, Back Right Min: 1.17
[rosout][INFO] 2025-03-27 13:56:49,328: Back Left Min: 0.88, Back Right Min: 1.17
[rosout][INFO] 2025-03-27 13:56:49,432: Back Left Min: 0.87, Back Right Min: 1.17
[rosout][INFO] 2025-03-27 13:56:49,529: Back Left Min: 0.87, Back Right Min: 1.17
[rosout][INFO] 2025-03-27 13:56:49,632: Back Left Min: 0.87, Back Right Min: 1.17
[rosout][INFO] 2025-03-27 13:56:49,728: Back Left Min: 0.86, Back Right Min: 1.17
[rosout][INFO] 2025-03-27 13:56:49,831: Back Left Min: 0.86, Back Right Min: 1.17
[rosout][INFO] 2025-03-27 13:56:49,928: Back Left Min: 0.86, Back Right Min: 1.17
[rosout][INFO] 2025-03-27 13:56:50,032: Back Left Min: 0.86, Back Right Min: 1.17
[rosout][INFO] 2025-03-27 13:56:50,128: Back Left Min: 0.86, Back Right Min: 1.17
[rosout][INFO] 2025-03-27 13:56:50,232: Back Left Min: 0.86, Back Right Min: 1.17
[rosout][INFO] 2025-03-27 13:56:50,328: Back Left Min: 0.85, Back Right Min: 1.17
[rosout][INFO] 2025-03-27 13:56:50,432: Back Left Min: 0.85, Back Right Min: 1.17
[rosout][INFO] 2025-03-27 13:56:50,529: Back Left Min: 0.85, Back Right Min: 1.17
[rosout][INFO] 2025-03-27 13:56:50,632: Back Left Min: 1.35, Back Right Min: 1.17
[rosout][INFO] 2025-03-27 13:56:50,729: Back Left Min: 1.35, Back Right Min: 1.17
[rosout][INFO] 2025-03-27 13:56:50,832: Back Left Min: 1.35, Back Right Min: 1.17
[rosout][INFO] 2025-03-27 13:56:50,929: Back Left Min: 1.35, Back Right Min: 1.17
[rosout][INFO] 2025-03-27 13:56:51,032: Back Left Min: 1.35, Back Right Min: 1.17
[rosout][INFO] 2025-03-27 13:56:51,129: Back Left Min: 1.35, Back Right Min: 1.17
[rosout][INFO] 2025-03-27 13:56:51,232: Back Left Min: 1.35, Back Right Min: 1.17
[rosout][INFO] 2025-03-27 13:56:51,329: Back Left Min: 1.35, Back Right Min: 1.17
[rosout][INFO] 2025-03-27 13:56:51,432: Back Left Min: 1.35, Back Right Min: 1.17
[rosout][INFO] 2025-03-27 13:56:51,529: Back Left Min: 1.35, Back Right Min: 1.17
[rosout][INFO] 2025-03-27 13:56:51,632: Back Left Min: 1.35, Back Right Min: 1.17
[rosout][INFO] 2025-03-27 13:56:51,729: Back Left Min: 1.35, Back Right Min: 1.17
[rosout][INFO] 2025-03-27 13:56:51,832: Back Left Min: 1.35, Back Right Min: 1.17
[rosout][INFO] 2025-03-27 13:56:51,929: Back Left Min: 1.35, Back Right Min: 1.17
[rosout][INFO] 2025-03-27 13:56:52,032: Back Left Min: 1.35, Back Right Min: 1.17
[rosout][INFO] 2025-03-27 13:56:52,129: Back Left Min: 1.35, Back Right Min: 1.17
[rosout][INFO] 2025-03-27 13:56:52,232: Back Left Min: 1.35, Back Right Min: 1.17
[rosout][INFO] 2025-03-27 13:56:52,329: Back Left Min: 1.35, Back Right Min: 1.17
[rosout][INFO] 2025-03-27 13:56:52,432: Back Left Min: 1.35, Back Right Min: 1.17
[rosout][INFO] 2025-03-27 13:56:52,530: Back Left Min: 1.35, Back Right Min: 1.17
[rosout][INFO] 2025-03-27 13:56:52,633: Back Left Min: 1.35, Back Right Min: 1.17
[rosout][INFO] 2025-03-27 13:56:52,729: Back Left Min: 1.35, Back Right Min: 1.17
[rosout][INFO] 2025-03-27 13:56:52,833: Back Left Min: 1.35, Back Right Min: 1.17
[rosout][INFO] 2025-03-27 13:56:52,930: Back Left Min: 1.35, Back Right Min: 1.17
[rosout][INFO] 2025-03-27 13:56:53,033: Back Left Min: 1.35, Back Right Min: 1.17
[rosout][INFO] 2025-03-27 13:56:53,130: Back Left Min: 1.35, Back Right Min: 1.17
[rosout][INFO] 2025-03-27 13:56:53,233: Back Left Min: 1.35, Back Right Min: 1.17
[rosout][INFO] 2025-03-27 13:56:53,330: Back Left Min: 1.35, Back Right Min: 1.17
[rosout][INFO] 2025-03-27 13:56:53,433: Back Left Min: 1.35, Back Right Min: 1.17
[rosout][INFO] 2025-03-27 13:56:53,530: Back Left Min: 1.35, Back Right Min: 1.17
[rosout][INFO] 2025-03-27 13:56:53,633: Back Left Min: 1.35, Back Right Min: 1.17
[rosout][INFO] 2025-03-27 13:56:53,730: Back Left Min: 1.35, Back Right Min: 1.17
[rosout][INFO] 2025-03-27 13:56:53,833: Back Left Min: 1.35, Back Right Min: 1.17
[rosout][INFO] 2025-03-27 13:56:53,930: Back Left Min: 1.35, Back Right Min: 1.17
[rosout][INFO] 2025-03-27 13:56:54,034: Back Left Min: 1.35, Back Right Min: 1.17
[rosout][INFO] 2025-03-27 13:56:54,130: Back Left Min: 1.35, Back Right Min: 1.17
[rosout][INFO] 2025-03-27 13:56:54,234: Back Left Min: 1.35, Back Right Min: 1.17
[rosout][INFO] 2025-03-27 13:56:54,331: Back Left Min: 1.35, Back Right Min: 1.17
[rosout][INFO] 2025-03-27 13:56:54,434: Back Left Min: 1.35, Back Right Min: 1.17
[rosout][INFO] 2025-03-27 13:56:54,531: Back Left Min: 1.35, Back Right Min: 1.17
[rosout][INFO] 2025-03-27 13:56:54,634: Back Left Min: 1.35, Back Right Min: 1.17
[rosout][INFO] 2025-03-27 13:56:54,731: Back Left Min: 1.35, Back Right Min: 1.17
[rosout][INFO] 2025-03-27 13:56:54,834: Back Left Min: 1.35, Back Right Min: 1.17
[rosout][INFO] 2025-03-27 13:56:54,931: Back Left Min: 1.35, Back Right Min: 1.17
[rosout][INFO] 2025-03-27 13:56:55,034: Back Left Min: 1.35, Back Right Min: 1.17
[rosout][INFO] 2025-03-27 13:56:55,130: Back Left Min: 1.35, Back Right Min: 1.17
[rosout][INFO] 2025-03-27 13:56:55,234: Back Left Min: 1.35, Back Right Min: 1.17
[rosout][INFO] 2025-03-27 13:56:55,330: Back Left Min: 1.35, Back Right Min: 1.17
[rosout][INFO] 2025-03-27 13:56:55,434: Back Left Min: 1.35, Back Right Min: 1.17
[rosout][INFO] 2025-03-27 13:56:55,531: Back Left Min: 1.35, Back Right Min: 1.17
[rosout][INFO] 2025-03-27 13:56:55,634: Back Left Min: 1.35, Back Right Min: 1.17
[rosout][INFO] 2025-03-27 13:56:55,731: Back Left Min: 1.35, Back Right Min: 1.17
[rosout][INFO] 2025-03-27 13:56:55,834: Back Left Min: 1.35, Back Right Min: 1.17
[rosout][INFO] 2025-03-27 13:56:55,931: Back Left Min: 1.35, Back Right Min: 1.17
[rosout][INFO] 2025-03-27 13:56:56,034: Back Left Min: 1.35, Back Right Min: 1.17
[rosout][INFO] 2025-03-27 13:56:56,131: Back Left Min: 1.35, Back Right Min: 1.17
[rosout][INFO] 2025-03-27 13:56:56,234: Back Left Min: 1.35, Back Right Min: 1.17
[rosout][INFO] 2025-03-27 13:56:56,331: Back Left Min: 1.35, Back Right Min: 1.17
[rosout][INFO] 2025-03-27 13:56:56,434: Back Left Min: 1.35, Back Right Min: 1.17
[rosout][INFO] 2025-03-27 13:56:56,531: Back Left Min: 1.35, Back Right Min: 1.17
[rosout][INFO] 2025-03-27 13:56:56,634: Back Left Min: 1.35, Back Right Min: 1.17
[rosout][INFO] 2025-03-27 13:56:56,731: Back Left Min: 1.35, Back Right Min: 1.17
[rosout][INFO] 2025-03-27 13:56:56,834: Back Left Min: 1.35, Back Right Min: 1.17
[rosout][INFO] 2025-03-27 13:56:56,931: Back Left Min: 1.35, Back Right Min: 1.17
[rosout][INFO] 2025-03-27 13:56:57,034: Back Left Min: 1.35, Back Right Min: 1.17
[rosout][INFO] 2025-03-27 13:56:57,131: Back Left Min: 1.35, Back Right Min: 1.17
[rosout][INFO] 2025-03-27 13:56:57,235: Back Left Min: 1.35, Back Right Min: 1.17
[rosout][INFO] 2025-03-27 13:56:57,331: Back Left Min: 1.35, Back Right Min: 1.17
[rosout][INFO] 2025-03-27 13:56:57,435: Back Left Min: 1.35, Back Right Min: 1.17
[rosout][INFO] 2025-03-27 13:56:57,531: Back Left Min: 1.35, Back Right Min: 1.17
[rosout][INFO] 2025-03-27 13:56:57,635: Back Left Min: 1.35, Back Right Min: 1.17
[rosout][INFO] 2025-03-27 13:56:57,731: Back Left Min: 1.35, Back Right Min: 1.17
[rosout][INFO] 2025-03-27 13:56:57,835: Back Left Min: 1.35, Back Right Min: 1.17
[rosout][INFO] 2025-03-27 13:56:57,932: Back Left Min: 1.35, Back Right Min: 1.17
[rosout][INFO] 2025-03-27 13:56:58,035: Back Left Min: 1.35, Back Right Min: 1.17
[rosout][INFO] 2025-03-27 13:56:58,132: Back Left Min: 1.35, Back Right Min: 1.17
[rosout][INFO] 2025-03-27 13:56:58,235: Back Left Min: 1.35, Back Right Min: 1.17
[rosout][INFO] 2025-03-27 13:56:58,332: Back Left Min: 1.35, Back Right Min: 1.17
[rosout][INFO] 2025-03-27 13:56:58,435: Back Left Min: 1.35, Back Right Min: 1.17
[rosout][INFO] 2025-03-27 13:56:58,532: Back Left Min: 1.35, Back Right Min: 1.17
[rosout][INFO] 2025-03-27 13:56:58,635: Back Left Min: 1.35, Back Right Min: 1.17
[rosout][INFO] 2025-03-27 13:56:58,732: Back Left Min: 1.35, Back Right Min: 1.17
[rosout][INFO] 2025-03-27 13:56:58,835: Back Left Min: 1.35, Back Right Min: 1.17
[rosout][INFO] 2025-03-27 13:56:58,932: Back Left Min: 1.35, Back Right Min: 1.17
[rosout][INFO] 2025-03-27 13:56:59,035: Back Left Min: 1.35, Back Right Min: 1.17
[rosout][INFO] 2025-03-27 13:56:59,132: Back Left Min: 1.35, Back Right Min: 1.17
[rosout][INFO] 2025-03-27 13:56:59,235: Back Left Min: 1.35, Back Right Min: 1.17
[rosout][INFO] 2025-03-27 13:56:59,332: Back Left Min: 1.35, Back Right Min: 1.17
[rosout][INFO] 2025-03-27 13:56:59,435: Back Left Min: 1.35, Back Right Min: 1.17
[rosout][INFO] 2025-03-27 13:56:59,532: Back Left Min: 1.35, Back Right Min: 1.17
[rosout][INFO] 2025-03-27 13:56:59,636: Back Left Min: 1.35, Back Right Min: 1.17
[rosout][INFO] 2025-03-27 13:56:59,732: Back Left Min: 1.35, Back Right Min: 1.17
[rosout][INFO] 2025-03-27 13:56:59,836: Back Left Min: 1.35, Back Right Min: 1.17
[rosout][INFO] 2025-03-27 13:56:59,932: Back Left Min: 1.35, Back Right Min: 1.17
[rosout][INFO] 2025-03-27 13:57:00,036: Back Left Min: 1.35, Back Right Min: 1.17
[rosout][INFO] 2025-03-27 13:57:00,133: Back Left Min: 1.35, Back Right Min: 1.17
[rosout][INFO] 2025-03-27 13:57:00,236: Back Left Min: 1.35, Back Right Min: 1.17
[rosout][INFO] 2025-03-27 13:57:00,333: Back Left Min: 1.35, Back Right Min: 1.17
[rosout][INFO] 2025-03-27 13:57:00,436: Back Left Min: 1.35, Back Right Min: 1.17
[rosout][INFO] 2025-03-27 13:57:00,533: Back Left Min: 1.35, Back Right Min: 1.17
[rosout][INFO] 2025-03-27 13:57:00,637: Back Left Min: 1.35, Back Right Min: 1.17
[rosout][INFO] 2025-03-27 13:57:00,733: Back Left Min: 1.35, Back Right Min: 1.17
[rosout][INFO] 2025-03-27 13:57:00,836: Back Left Min: 1.35, Back Right Min: 1.17
[rosout][INFO] 2025-03-27 13:57:00,933: Back Left Min: 1.35, Back Right Min: 1.17
[rosout][INFO] 2025-03-27 13:57:01,037: Back Left Min: 1.35, Back Right Min: 1.17
[rosout][INFO] 2025-03-27 13:57:01,133: Back Left Min: 1.35, Back Right Min: 1.17
[rosout][INFO] 2025-03-27 13:57:01,237: Back Left Min: 1.35, Back Right Min: 1.17
[rosout][INFO] 2025-03-27 13:57:01,334: Back Left Min: 1.35, Back Right Min: 1.17
[rosout][INFO] 2025-03-27 13:57:01,437: Back Left Min: 1.35, Back Right Min: 1.17
[rosout][INFO] 2025-03-27 13:57:01,534: Back Left Min: 1.35, Back Right Min: 1.17
[rosout][INFO] 2025-03-27 13:57:01,637: Back Left Min: 1.35, Back Right Min: 1.17
[rosout][INFO] 2025-03-27 13:57:01,734: Back Left Min: 1.35, Back Right Min: 1.17
[rosout][INFO] 2025-03-27 13:57:01,837: Back Left Min: 1.35, Back Right Min: 1.17
[rosout][INFO] 2025-03-27 13:57:01,934: Back Left Min: 1.35, Back Right Min: 1.17
[rosout][INFO] 2025-03-27 13:57:02,037: Back Left Min: 1.35, Back Right Min: 1.17
[rosout][INFO] 2025-03-27 13:57:02,134: Back Left Min: 1.35, Back Right Min: 1.17
[rosout][INFO] 2025-03-27 13:57:02,237: Back Left Min: 1.35, Back Right Min: 1.17
[rosout][INFO] 2025-03-27 13:57:02,334: Back Left Min: 1.35, Back Right Min: 1.17
[rosout][INFO] 2025-03-27 13:57:02,437: Back Left Min: 1.35, Back Right Min: 1.17
[rosout][INFO] 2025-03-27 13:57:02,534: Back Left Min: 1.35, Back Right Min: 1.17
[rosout][INFO] 2025-03-27 13:57:02,637: Back Left Min: 1.35, Back Right Min: 1.17
[rosout][INFO] 2025-03-27 13:57:02,734: Back Left Min: 1.35, Back Right Min: 1.17
[rosout][INFO] 2025-03-27 13:57:02,837: Back Left Min: 1.35, Back Right Min: 1.17
[rosout][INFO] 2025-03-27 13:57:02,934: Back Left Min: 1.35, Back Right Min: 1.17
[rosout][INFO] 2025-03-27 13:57:03,037: Back Left Min: 1.35, Back Right Min: 1.17
[rosout][INFO] 2025-03-27 13:57:03,134: Back Left Min: 1.35, Back Right Min: 1.17
[rosout][INFO] 2025-03-27 13:57:03,237: Back Left Min: 1.35, Back Right Min: 1.17
[rosout][INFO] 2025-03-27 13:57:03,334: Back Left Min: 1.35, Back Right Min: 1.17
[rosout][INFO] 2025-03-27 13:57:03,437: Back Left Min: 1.35, Back Right Min: 1.17
[rosout][INFO] 2025-03-27 13:57:03,534: Back Left Min: 1.35, Back Right Min: 1.17
[rosout][INFO] 2025-03-27 13:57:03,637: Back Left Min: 1.35, Back Right Min: 1.17
[rosout][INFO] 2025-03-27 13:57:03,734: Back Left Min: 1.36, Back Right Min: 1.17
[rosout][INFO] 2025-03-27 13:57:03,837: Back Left Min: 1.36, Back Right Min: 1.17
[rosout][INFO] 2025-03-27 13:57:03,934: Back Left Min: 1.36, Back Right Min: 1.17
[rosout][INFO] 2025-03-27 13:57:04,037: Back Left Min: 1.35, Back Right Min: 1.17
[rosout][INFO] 2025-03-27 13:57:04,134: Back Left Min: 1.35, Back Right Min: 1.17
[rosout][INFO] 2025-03-27 13:57:04,237: Back Left Min: 1.35, Back Right Min: 1.17
[rosout][INFO] 2025-03-27 13:57:04,334: Back Left Min: 1.35, Back Right Min: 1.17
[rosout][INFO] 2025-03-27 13:57:04,437: Back Left Min: 1.35, Back Right Min: 1.17
[rosout][INFO] 2025-03-27 13:57:04,534: Back Left Min: 1.35, Back Right Min: 1.17
[rosout][INFO] 2025-03-27 13:57:04,637: Back Left Min: 1.35, Back Right Min: 1.17
[rosout][INFO] 2025-03-27 13:57:04,734: Back Left Min: 1.35, Back Right Min: 1.17
[rosout][INFO] 2025-03-27 13:57:04,838: Back Left Min: 1.35, Back Right Min: 1.17
[rosout][INFO] 2025-03-27 13:57:04,934: Back Left Min: 1.35, Back Right Min: 1.17
[rosout][INFO] 2025-03-27 13:57:05,038: Back Left Min: 1.35, Back Right Min: 1.17
[rosout][INFO] 2025-03-27 13:57:05,135: Back Left Min: 1.35, Back Right Min: 1.17
[rosout][INFO] 2025-03-27 13:57:05,238: Back Left Min: 1.35, Back Right Min: 1.17
[rosout][INFO] 2025-03-27 13:57:05,335: Back Left Min: 1.35, Back Right Min: 1.17
[rosout][INFO] 2025-03-27 13:57:05,438: Back Left Min: 1.35, Back Right Min: 1.17
[rosout][INFO] 2025-03-27 13:57:05,535: Back Left Min: 1.35, Back Right Min: 1.17
[rosout][INFO] 2025-03-27 13:57:05,638: Back Left Min: 1.35, Back Right Min: 1.17
[rosout][INFO] 2025-03-27 13:57:05,735: Back Left Min: 1.35, Back Right Min: 1.17
[rosout][INFO] 2025-03-27 13:57:05,838: Back Left Min: 1.35, Back Right Min: 1.17
[rosout][INFO] 2025-03-27 13:57:05,935: Back Left Min: 1.35, Back Right Min: 1.17
[rosout][INFO] 2025-03-27 13:57:06,038: Back Left Min: 1.35, Back Right Min: 1.17
[rosout][INFO] 2025-03-27 13:57:06,135: Back Left Min: 1.35, Back Right Min: 1.17
[rosout][INFO] 2025-03-27 13:57:06,238: Back Left Min: 1.35, Back Right Min: 1.17
[rosout][INFO] 2025-03-27 13:57:06,335: Back Left Min: 1.35, Back Right Min: 1.17
[rosout][INFO] 2025-03-27 13:57:06,438: Back Left Min: 1.35, Back Right Min: 1.17
[rosout][INFO] 2025-03-27 13:57:06,535: Back Left Min: 1.35, Back Right Min: 1.17
[rosout][INFO] 2025-03-27 13:57:06,638: Back Left Min: 1.35, Back Right Min: 1.17
[rosout][INFO] 2025-03-27 13:57:06,735: Back Left Min: 1.35, Back Right Min: 1.17
[rosout][INFO] 2025-03-27 13:57:06,838: Back Left Min: 1.35, Back Right Min: 1.17
[rosout][INFO] 2025-03-27 13:57:06,935: Back Left Min: 1.35, Back Right Min: 1.17
[rosout][INFO] 2025-03-27 13:57:07,038: Back Left Min: 1.35, Back Right Min: 1.17
[rosout][INFO] 2025-03-27 13:57:07,135: Back Left Min: 1.35, Back Right Min: 1.17
[rosout][INFO] 2025-03-27 13:57:07,239: Back Left Min: 1.35, Back Right Min: 1.17
[rosout][INFO] 2025-03-27 13:57:07,335: Back Left Min: 1.35, Back Right Min: 1.17
[rosout][INFO] 2025-03-27 13:57:07,439: Back Left Min: 1.35, Back Right Min: 1.17
[rosout][INFO] 2025-03-27 13:57:07,536: Back Left Min: 1.35, Back Right Min: 1.17
[rosout][INFO] 2025-03-27 13:57:07,639: Back Left Min: 1.35, Back Right Min: 1.17
[rosout][INFO] 2025-03-27 13:57:07,736: Back Left Min: 1.35, Back Right Min: 1.17
[rosout][INFO] 2025-03-27 13:57:07,839: Back Left Min: 1.35, Back Right Min: 1.17
[rosout][INFO] 2025-03-27 13:57:07,936: Back Left Min: 1.35, Back Right Min: 1.17
[rosout][INFO] 2025-03-27 13:57:08,039: Back Left Min: 1.35, Back Right Min: 1.17
[rosout][INFO] 2025-03-27 13:57:08,136: Back Left Min: 1.35, Back Right Min: 1.17
[rosout][INFO] 2025-03-27 13:57:08,239: Back Left Min: 1.35, Back Right Min: 1.17
[rosout][INFO] 2025-03-27 13:57:08,336: Back Left Min: 1.35, Back Right Min: 1.17
[rosout][INFO] 2025-03-27 13:57:08,439: Back Left Min: 1.35, Back Right Min: 1.17
[rosout][INFO] 2025-03-27 13:57:08,536: Back Left Min: 1.35, Back Right Min: 1.17
[rosout][INFO] 2025-03-27 13:57:08,639: Back Left Min: 1.35, Back Right Min: 1.17
[rosout][INFO] 2025-03-27 13:57:08,736: Back Left Min: 1.35, Back Right Min: 1.17
[rosout][INFO] 2025-03-27 13:57:08,839: Back Left Min: 1.35, Back Right Min: 1.17
[rosout][INFO] 2025-03-27 13:57:08,936: Back Left Min: 1.35, Back Right Min: 1.17
[rosout][INFO] 2025-03-27 13:57:09,039: Back Left Min: 1.35, Back Right Min: 1.17
[rosout][INFO] 2025-03-27 13:57:09,136: Back Left Min: 1.35, Back Right Min: 1.17
[rosout][INFO] 2025-03-27 13:57:09,240: Back Left Min: 1.35, Back Right Min: 1.17
[rosout][INFO] 2025-03-27 13:57:09,336: Back Left Min: 1.35, Back Right Min: 1.17
[rosout][INFO] 2025-03-27 13:57:09,440: Back Left Min: 1.35, Back Right Min: 1.17
[rosout][INFO] 2025-03-27 13:57:09,536: Back Left Min: 1.35, Back Right Min: 1.17
[rosout][INFO] 2025-03-27 13:57:09,640: Back Left Min: 1.35, Back Right Min: 1.17
[rosout][INFO] 2025-03-27 13:57:09,737: Back Left Min: 1.35, Back Right Min: 1.17
[rosout][INFO] 2025-03-27 13:57:09,840: Back Left Min: 1.35, Back Right Min: 1.17
[rosout][INFO] 2025-03-27 13:57:09,937: Back Left Min: 1.35, Back Right Min: 1.17
[rosout][INFO] 2025-03-27 13:57:10,040: Back Left Min: 1.35, Back Right Min: 1.17
[rosout][INFO] 2025-03-27 13:57:10,137: Back Left Min: 1.35, Back Right Min: 1.17
[rosout][INFO] 2025-03-27 13:57:10,240: Back Left Min: 1.35, Back Right Min: 1.17
[rosout][INFO] 2025-03-27 13:57:10,337: Back Left Min: 1.35, Back Right Min: 1.17
[rosout][INFO] 2025-03-27 13:57:10,440: Back Left Min: 1.35, Back Right Min: 1.17
[rosout][INFO] 2025-03-27 13:57:10,537: Back Left Min: 1.35, Back Right Min: 1.17
[rosout][INFO] 2025-03-27 13:57:10,640: Back Left Min: 1.35, Back Right Min: 1.17
[rosout][INFO] 2025-03-27 13:57:10,737: Back Left Min: 1.35, Back Right Min: 1.17
[rosout][INFO] 2025-03-27 13:57:10,840: Back Left Min: 1.35, Back Right Min: 1.17
[rosout][INFO] 2025-03-27 13:57:10,937: Back Left Min: 1.35, Back Right Min: 1.17
[rosout][INFO] 2025-03-27 13:57:11,040: Back Left Min: 1.35, Back Right Min: 1.17
[rosout][INFO] 2025-03-27 13:57:11,137: Back Left Min: 1.35, Back Right Min: 1.17
[rosout][INFO] 2025-03-27 13:57:11,240: Back Left Min: 1.35, Back Right Min: 1.17
[rosout][INFO] 2025-03-27 13:57:11,337: Back Left Min: 1.35, Back Right Min: 1.17
[rosout][INFO] 2025-03-27 13:57:11,440: Back Left Min: 1.35, Back Right Min: 1.17
[rosout][INFO] 2025-03-27 13:57:11,537: Back Left Min: 1.35, Back Right Min: 1.17
[rosout][INFO] 2025-03-27 13:57:11,640: Back Left Min: 1.35, Back Right Min: 1.17
[rosout][INFO] 2025-03-27 13:57:11,737: Back Left Min: 1.35, Back Right Min: 1.17
[rosout][INFO] 2025-03-27 13:57:11,841: Back Left Min: 1.35, Back Right Min: 1.17
[rosout][INFO] 2025-03-27 13:57:11,937: Back Left Min: 1.35, Back Right Min: 1.17
[rosout][INFO] 2025-03-27 13:57:12,041: Back Left Min: 1.35, Back Right Min: 1.17
[rosout][INFO] 2025-03-27 13:57:12,138: Back Left Min: 1.35, Back Right Min: 1.17
[rosout][INFO] 2025-03-27 13:57:12,241: Back Left Min: 1.35, Back Right Min: 1.17
[rosout][INFO] 2025-03-27 13:57:12,338: Back Left Min: 1.35, Back Right Min: 1.17
[rosout][INFO] 2025-03-27 13:57:12,441: Back Left Min: 1.35, Back Right Min: 1.17
[rosout][INFO] 2025-03-27 13:57:12,538: Back Left Min: 1.35, Back Right Min: 1.17
[rosout][INFO] 2025-03-27 13:57:12,641: Back Left Min: 1.35, Back Right Min: 1.17
[rosout][INFO] 2025-03-27 13:57:12,738: Back Left Min: 1.35, Back Right Min: 1.17
[rosout][INFO] 2025-03-27 13:57:12,841: Back Left Min: 1.35, Back Right Min: 1.17
[rosout][INFO] 2025-03-27 13:57:12,938: Back Left Min: 1.35, Back Right Min: 1.17
[rosout][INFO] 2025-03-27 13:57:13,041: Back Left Min: 1.35, Back Right Min: 1.17
[rosout][INFO] 2025-03-27 13:57:13,138: Back Left Min: 1.35, Back Right Min: 1.17
[rosout][INFO] 2025-03-27 13:57:13,241: Back Left Min: 1.35, Back Right Min: 1.17
[rosout][INFO] 2025-03-27 13:57:13,338: Back Left Min: 1.35, Back Right Min: 1.17
[rosout][INFO] 2025-03-27 13:57:13,441: Back Left Min: 1.35, Back Right Min: 1.17
[rosout][INFO] 2025-03-27 13:57:13,538: Back Left Min: 1.35, Back Right Min: 1.17
[rosout][INFO] 2025-03-27 13:57:13,642: Back Left Min: 1.35, Back Right Min: 1.17
[rosout][INFO] 2025-03-27 13:57:13,739: Back Left Min: 1.35, Back Right Min: 1.17
[rosout][INFO] 2025-03-27 13:57:13,842: Back Left Min: 1.35, Back Right Min: 1.17
[rosout][INFO] 2025-03-27 13:57:13,939: Back Left Min: 1.35, Back Right Min: 1.17
[rosout][INFO] 2025-03-27 13:57:14,042: Back Left Min: 1.35, Back Right Min: 1.17
[rosout][INFO] 2025-03-27 13:57:14,139: Back Left Min: 1.35, Back Right Min: 1.17
[rosout][INFO] 2025-03-27 13:57:14,242: Back Left Min: 1.35, Back Right Min: 1.17
[rosout][INFO] 2025-03-27 13:57:14,339: Back Left Min: 1.35, Back Right Min: 1.17
[rosout][INFO] 2025-03-27 13:57:14,442: Back Left Min: 1.35, Back Right Min: 1.17
[rosout][INFO] 2025-03-27 13:57:14,539: Back Left Min: 1.35, Back Right Min: 1.17
[rosout][INFO] 2025-03-27 13:57:14,642: Back Left Min: 1.35, Back Right Min: 1.17
[rosout][INFO] 2025-03-27 13:57:14,739: Back Left Min: 1.35, Back Right Min: 1.17
[rosout][INFO] 2025-03-27 13:57:14,842: Back Left Min: 1.35, Back Right Min: 1.17
[rosout][INFO] 2025-03-27 13:57:14,939: Back Left Min: 1.35, Back Right Min: 1.17
[rosout][INFO] 2025-03-27 13:57:15,042: Back Left Min: 1.35, Back Right Min: 1.17
[rosout][INFO] 2025-03-27 13:57:15,139: Back Left Min: 1.35, Back Right Min: 1.17
[rosout][INFO] 2025-03-27 13:57:15,242: Back Left Min: 1.35, Back Right Min: 1.17
[rosout][INFO] 2025-03-27 13:57:15,339: Back Left Min: 1.35, Back Right Min: 1.17
[rosout][INFO] 2025-03-27 13:57:15,442: Back Left Min: 1.35, Back Right Min: 1.17
[rosout][INFO] 2025-03-27 13:57:15,539: Back Left Min: 1.35, Back Right Min: 1.17
[rosout][INFO] 2025-03-27 13:57:15,643: Back Left Min: 1.35, Back Right Min: 1.17
[rosout][INFO] 2025-03-27 13:57:15,739: Back Left Min: 1.35, Back Right Min: 1.17
[rosout][INFO] 2025-03-27 13:57:15,843: Back Left Min: 1.35, Back Right Min: 1.17
[rosout][INFO] 2025-03-27 13:57:15,940: Back Left Min: 1.35, Back Right Min: 1.17
[rosout][INFO] 2025-03-27 13:57:16,043: Back Left Min: 1.35, Back Right Min: 1.17
[rosout][INFO] 2025-03-27 13:57:16,139: Back Left Min: 1.35, Back Right Min: 1.17
[rosout][INFO] 2025-03-27 13:57:16,242: Back Left Min: 1.35, Back Right Min: 1.17
[rosout][INFO] 2025-03-27 13:57:16,339: Back Left Min: 1.35, Back Right Min: 1.17
[rosout][INFO] 2025-03-27 13:57:16,442: Back Left Min: 1.35, Back Right Min: 1.17
[rosout][INFO] 2025-03-27 13:57:16,539: Back Left Min: 1.35, Back Right Min: 1.17
[rosout][INFO] 2025-03-27 13:57:16,643: Back Left Min: 1.35, Back Right Min: 1.17
[rosout][INFO] 2025-03-27 13:57:16,740: Back Left Min: 1.35, Back Right Min: 1.17
[rosout][INFO] 2025-03-27 13:57:16,843: Back Left Min: 1.35, Back Right Min: 1.17
[rosout][INFO] 2025-03-27 13:57:16,940: Back Left Min: 1.35, Back Right Min: 1.17
[rosout][INFO] 2025-03-27 13:57:17,043: Back Left Min: 1.35, Back Right Min: 1.17
[rosout][INFO] 2025-03-27 13:57:17,139: Back Left Min: 1.35, Back Right Min: 1.17
[rosout][INFO] 2025-03-27 13:57:17,243: Back Left Min: 1.35, Back Right Min: 1.17
[rosout][INFO] 2025-03-27 13:57:17,340: Back Left Min: 1.35, Back Right Min: 1.17
[rosout][INFO] 2025-03-27 13:57:17,443: Back Left Min: 1.35, Back Right Min: 0.61
[rosout][INFO] 2025-03-27 13:57:17,540: Back Left Min: 1.35, Back Right Min: 0.61
[rosout][INFO] 2025-03-27 13:57:17,643: Back Left Min: 1.35, Back Right Min: 0.61
[rosout][INFO] 2025-03-27 13:57:17,740: Back Left Min: 1.35, Back Right Min: 0.54
[rosout][INFO] 2025-03-27 13:57:17,843: Back Left Min: 1.35, Back Right Min: 0.54
[rosout][INFO] 2025-03-27 13:57:17,940: Back Left Min: 1.35, Back Right Min: 0.54
[rosout][INFO] 2025-03-27 13:57:18,043: Back Left Min: 1.35, Back Right Min: 0.63
[rosout][INFO] 2025-03-27 13:57:18,140: Back Left Min: 1.35, Back Right Min: 0.63
[rosout][INFO] 2025-03-27 13:57:18,243: Back Left Min: 1.35, Back Right Min: 0.63
[rosout][INFO] 2025-03-27 13:57:18,340: Back Left Min: 1.35, Back Right Min: 0.81
[rosout][INFO] 2025-03-27 13:57:18,443: Back Left Min: 1.35, Back Right Min: 0.81
[rosout][INFO] 2025-03-27 13:57:18,540: Back Left Min: 1.35, Back Right Min: 0.81
[rosout][INFO] 2025-03-27 13:57:18,643: Back Left Min: 1.35, Back Right Min: 0.78
[rosout][INFO] 2025-03-27 13:57:18,740: Back Left Min: 1.35, Back Right Min: 0.78
[rosout][INFO] 2025-03-27 13:57:18,844: Back Left Min: 1.35, Back Right Min: 0.78
[rosout][INFO] 2025-03-27 13:57:18,941: Back Left Min: 1.35, Back Right Min: 0.78
[rosout][INFO] 2025-03-27 13:57:19,044: Back Left Min: 1.35, Back Right Min: 0.78
[rosout][INFO] 2025-03-27 13:57:19,140: Back Left Min: 1.35, Back Right Min: 0.79
[rosout][INFO] 2025-03-27 13:57:19,244: Back Left Min: 1.35, Back Right Min: 0.79
[rosout][INFO] 2025-03-27 13:57:19,340: Back Left Min: 1.35, Back Right Min: 0.79
[rosout][INFO] 2025-03-27 13:57:19,444: Back Left Min: 1.35, Back Right Min: 0.87
[rosout][INFO] 2025-03-27 13:57:19,541: Back Left Min: 1.35, Back Right Min: 0.87
[rosout][INFO] 2025-03-27 13:57:19,644: Back Left Min: 1.35, Back Right Min: 0.87
[rosout][INFO] 2025-03-27 13:57:19,741: Back Left Min: 1.35, Back Right Min: 0.85
[rosout][INFO] 2025-03-27 13:57:19,844: Back Left Min: 1.35, Back Right Min: 0.85
[rosout][INFO] 2025-03-27 13:57:19,941: Back Left Min: 1.35, Back Right Min: 0.85
[rosout][INFO] 2025-03-27 13:57:20,044: Back Left Min: 1.35, Back Right Min: 0.88
[rosout][INFO] 2025-03-27 13:57:20,141: Back Left Min: 1.35, Back Right Min: 0.88
[rosout][INFO] 2025-03-27 13:57:20,244: Back Left Min: 1.35, Back Right Min: 0.82
[rosout][INFO] 2025-03-27 13:57:20,341: Back Left Min: 1.35, Back Right Min: 0.82
[rosout][INFO] 2025-03-27 13:57:20,444: Back Left Min: 1.35, Back Right Min: 0.82
[rosout][INFO] 2025-03-27 13:57:20,541: Back Left Min: 1.35, Back Right Min: 0.82
[rosout][INFO] 2025-03-27 13:57:20,644: Back Left Min: 1.35, Back Right Min: 0.82
[rosout][INFO] 2025-03-27 13:57:20,741: Back Left Min: 1.35, Back Right Min: 0.82
[rosout][INFO] 2025-03-27 13:57:20,844: Back Left Min: 1.35, Back Right Min: 0.85
[rosout][INFO] 2025-03-27 13:57:20,941: Back Left Min: 1.35, Back Right Min: 0.85
[rosout][INFO] 2025-03-27 13:57:21,044: Back Left Min: 1.35, Back Right Min: 0.85
[rosout][INFO] 2025-03-27 13:57:21,141: Back Left Min: 1.35, Back Right Min: 0.82
[rosout][INFO] 2025-03-27 13:57:21,244: Back Left Min: 1.35, Back Right Min: 0.82
[rosout][INFO] 2025-03-27 13:57:21,341: Back Left Min: 1.35, Back Right Min: 0.82
[rosout][INFO] 2025-03-27 13:57:21,444: Back Left Min: 1.35, Back Right Min: 0.65
[rosout][INFO] 2025-03-27 13:57:21,541: Back Left Min: 1.35, Back Right Min: 0.65
[rosout][INFO] 2025-03-27 13:57:21,645: Back Left Min: 1.35, Back Right Min: 5.29
[rosout][INFO] 2025-03-27 13:57:21,741: Back Left Min: 1.35, Back Right Min: 5.29
[rosout][INFO] 2025-03-27 13:57:21,845: Back Left Min: 1.35, Back Right Min: 5.29
[rosout][INFO] 2025-03-27 13:57:21,942: Back Left Min: 1.35, Back Right Min: 1.17
[rosout][INFO] 2025-03-27 13:57:22,045: Back Left Min: 1.35, Back Right Min: 1.17
[rosout][INFO] 2025-03-27 13:57:22,142: Back Left Min: 1.35, Back Right Min: 1.17
[rosout][INFO] 2025-03-27 13:57:22,245: Back Left Min: 1.35, Back Right Min: 1.17
[rosout][INFO] 2025-03-27 13:57:22,342: Back Left Min: 1.35, Back Right Min: 1.17
[rosout][INFO] 2025-03-27 13:57:22,445: Back Left Min: 1.35, Back Right Min: 1.17
[rosout][INFO] 2025-03-27 13:57:22,542: Back Left Min: 1.35, Back Right Min: 1.17
[rosout][INFO] 2025-03-27 13:57:22,645: Back Left Min: 1.35, Back Right Min: 1.17
[rosout][INFO] 2025-03-27 13:57:22,742: Back Left Min: 1.35, Back Right Min: 1.17
[rosout][INFO] 2025-03-27 13:57:22,845: Back Left Min: 1.35, Back Right Min: 1.17
[rosout][INFO] 2025-03-27 13:57:22,942: Back Left Min: 1.35, Back Right Min: 1.17
[rosout][INFO] 2025-03-27 13:57:23,046: Back Left Min: 1.35, Back Right Min: 0.95
[rosout][INFO] 2025-03-27 13:57:23,142: Back Left Min: 1.35, Back Right Min: 0.95
[rosout][INFO] 2025-03-27 13:57:23,246: Back Left Min: 1.35, Back Right Min: 0.95
[rosout][INFO] 2025-03-27 13:57:23,343: Back Left Min: 1.35, Back Right Min: 1.07
[rosout][INFO] 2025-03-27 13:57:23,446: Back Left Min: 1.35, Back Right Min: 1.07
[rosout][INFO] 2025-03-27 13:57:23,543: Back Left Min: 1.35, Back Right Min: 1.07
[rosout][INFO] 2025-03-27 13:57:23,646: Back Left Min: 1.35, Back Right Min: 0.55
[rosout][INFO] 2025-03-27 13:57:23,743: Back Left Min: 1.35, Back Right Min: 0.55
[rosout][INFO] 2025-03-27 13:57:23,846: Back Left Min: 1.35, Back Right Min: 0.55
[rosout][INFO] 2025-03-27 13:57:23,943: Back Left Min: 1.35, Back Right Min: 1.17
[rosout][INFO] 2025-03-27 13:57:24,046: Back Left Min: 1.35, Back Right Min: 1.17
[rosout][INFO] 2025-03-27 13:57:24,143: Back Left Min: 1.35, Back Right Min: 1.17
[rosout][INFO] 2025-03-27 13:57:24,246: Back Left Min: 1.35, Back Right Min: 0.54
[rosout][INFO] 2025-03-27 13:57:24,343: Back Left Min: 1.35, Back Right Min: 0.54
[rosout][INFO] 2025-03-27 13:57:24,446: Back Left Min: 1.35, Back Right Min: 0.54
[rosout][INFO] 2025-03-27 13:57:24,543: Back Left Min: 1.35, Back Right Min: 0.54
[rosout][INFO] 2025-03-27 13:57:24,646: Back Left Min: 1.35, Back Right Min: 0.54
[rosout][INFO] 2025-03-27 13:57:24,743: Back Left Min: 1.35, Back Right Min: 0.54
[rosout][INFO] 2025-03-27 13:57:24,846: Back Left Min: 1.35, Back Right Min: 0.54
[rosout][INFO] 2025-03-27 13:57:24,943: Back Left Min: 1.35, Back Right Min: 0.54
[rosout][INFO] 2025-03-27 13:57:25,046: Back Left Min: 1.35, Back Right Min: 0.63
[rosout][INFO] 2025-03-27 13:57:25,143: Back Left Min: 1.35, Back Right Min: 0.63
[rosout][INFO] 2025-03-27 13:57:25,246: Back Left Min: 1.35, Back Right Min: 0.63
[rosout][INFO] 2025-03-27 13:57:25,343: Back Left Min: 1.35, Back Right Min: 0.64
[rosout][INFO] 2025-03-27 13:57:25,446: Back Left Min: 1.35, Back Right Min: 0.64
[rosout][INFO] 2025-03-27 13:57:25,543: Back Left Min: 1.35, Back Right Min: 0.64
[rosout][INFO] 2025-03-27 13:57:25,646: Back Left Min: 1.35, Back Right Min: 0.65
[rosout][INFO] 2025-03-27 13:57:25,743: Back Left Min: 1.35, Back Right Min: 0.65
[rosout][INFO] 2025-03-27 13:57:25,846: Back Left Min: 1.35, Back Right Min: 0.66
[rosout][INFO] 2025-03-27 13:57:25,943: Back Left Min: 1.35, Back Right Min: 0.66
[rosout][INFO] 2025-03-27 13:57:26,046: Back Left Min: 1.35, Back Right Min: 0.66
[rosout][INFO] 2025-03-27 13:57:26,143: Back Left Min: 0.70, Back Right Min: 0.66
[rosout][INFO] 2025-03-27 13:57:26,246: Back Left Min: 0.70, Back Right Min: 0.66
[rosout][INFO] 2025-03-27 13:57:26,343: Back Left Min: 0.70, Back Right Min: 0.66
[rosout][INFO] 2025-03-27 13:57:26,446: Back Left Min: 1.36, Back Right Min: 0.66
[rosout][INFO] 2025-03-27 13:57:26,543: Back Left Min: 1.36, Back Right Min: 0.66
[rosout][INFO] 2025-03-27 13:57:26,647: Back Left Min: 1.36, Back Right Min: 0.66
[rosout][INFO] 2025-03-27 13:57:26,744: Back Left Min: 0.67, Back Right Min: 0.66
[rosout][INFO] 2025-03-27 13:57:26,847: Back Left Min: 0.67, Back Right Min: 0.66
[rosout][INFO] 2025-03-27 13:57:26,944: Back Left Min: 0.67, Back Right Min: 0.66
[rosout][INFO] 2025-03-27 13:57:27,047: Back Left Min: 1.35, Back Right Min: 0.66
[rosout][INFO] 2025-03-27 13:57:27,144: Back Left Min: 1.35, Back Right Min: 0.66
[rosout][INFO] 2025-03-27 13:57:27,247: Back Left Min: 1.35, Back Right Min: 0.67
[rosout][INFO] 2025-03-27 13:57:27,344: Back Left Min: 1.35, Back Right Min: 0.67
[rosout][INFO] 2025-03-27 13:57:27,447: Back Left Min: 1.35, Back Right Min: 0.67
[rosout][INFO] 2025-03-27 13:57:27,544: Back Left Min: 1.35, Back Right Min: 0.55
[rosout][INFO] 2025-03-27 13:57:27,647: Back Left Min: 1.35, Back Right Min: 0.55
[rosout][INFO] 2025-03-27 13:57:27,744: Back Left Min: 1.35, Back Right Min: 0.55
[rosout][INFO] 2025-03-27 13:57:27,847: Back Left Min: 1.35, Back Right Min: 0.54
[rosout][INFO] 2025-03-27 13:57:27,944: Back Left Min: 1.35, Back Right Min: 0.54
[rosout][INFO] 2025-03-27 13:57:28,047: Back Left Min: 1.35, Back Right Min: 0.54
[rosout][INFO] 2025-03-27 13:57:28,144: Back Left Min: 1.35, Back Right Min: 0.55
[rosout][INFO] 2025-03-27 13:57:28,247: Back Left Min: 1.35, Back Right Min: 0.55
[rosout][INFO] 2025-03-27 13:57:28,344: Back Left Min: 1.35, Back Right Min: 0.55
[rosout][INFO] 2025-03-27 13:57:28,447: Back Left Min: 1.35, Back Right Min: 0.54
[rosout][INFO] 2025-03-27 13:57:28,544: Back Left Min: 1.35, Back Right Min: 0.54
[rosout][INFO] 2025-03-27 13:57:28,647: Back Left Min: 1.35, Back Right Min: 0.54
[rosout][INFO] 2025-03-27 13:57:28,744: Back Left Min: 1.35, Back Right Min: 0.54
[rosout][INFO] 2025-03-27 13:57:28,847: Back Left Min: 1.35, Back Right Min: 0.54
[rosout][INFO] 2025-03-27 13:57:28,944: Back Left Min: 1.35, Back Right Min: 0.67
[rosout][INFO] 2025-03-27 13:57:29,048: Back Left Min: 1.35, Back Right Min: 0.67
[rosout][INFO] 2025-03-27 13:57:29,144: Back Left Min: 1.35, Back Right Min: 0.67
[rosout][INFO] 2025-03-27 13:57:29,248: Back Left Min: 1.35, Back Right Min: 0.66
[rosout][INFO] 2025-03-27 13:57:29,345: Back Left Min: 1.35, Back Right Min: 0.66
[rosout][INFO] 2025-03-27 13:57:29,448: Back Left Min: 1.35, Back Right Min: 0.66
[rosout][INFO] 2025-03-27 13:57:29,545: Back Left Min: 1.35, Back Right Min: 0.67
[rosout][INFO] 2025-03-27 13:57:29,648: Back Left Min: 1.35, Back Right Min: 0.67
[rosout][INFO] 2025-03-27 13:57:29,745: Back Left Min: 1.35, Back Right Min: 0.67
[rosout][INFO] 2025-03-27 13:57:29,848: Back Left Min: 1.35, Back Right Min: 0.67
[rosout][INFO] 2025-03-27 13:57:29,945: Back Left Min: 1.35, Back Right Min: 0.67
[rosout][INFO] 2025-03-27 13:57:30,048: Back Left Min: 1.35, Back Right Min: 0.67
[rosout][INFO] 2025-03-27 13:57:30,145: Back Left Min: 1.35, Back Right Min: 0.67
[rosout][INFO] 2025-03-27 13:57:30,248: Back Left Min: 1.35, Back Right Min: 0.67
[rosout][INFO] 2025-03-27 13:57:30,345: Back Left Min: 1.35, Back Right Min: 0.56
[rosout][INFO] 2025-03-27 13:57:30,448: Back Left Min: 1.35, Back Right Min: 0.56
[rosout][INFO] 2025-03-27 13:57:30,545: Back Left Min: 1.35, Back Right Min: 0.56
[rosout][INFO] 2025-03-27 13:57:30,648: Back Left Min: 1.35, Back Right Min: 5.29
[rosout][INFO] 2025-03-27 13:57:30,745: Back Left Min: 1.35, Back Right Min: 5.29
[rosout][INFO] 2025-03-27 13:57:30,848: Back Left Min: 1.35, Back Right Min: 5.29
[rosout][INFO] 2025-03-27 13:57:30,945: Back Left Min: 1.35, Back Right Min: 5.29
[rosout][INFO] 2025-03-27 13:57:31,049: Back Left Min: 1.35, Back Right Min: 5.29
[rosout][INFO] 2025-03-27 13:57:31,146: Back Left Min: 1.35, Back Right Min: 5.29
[rosout][INFO] 2025-03-27 13:57:31,249: Back Left Min: 1.35, Back Right Min: 5.29
[rosout][INFO] 2025-03-27 13:57:31,346: Back Left Min: 1.35, Back Right Min: 5.29
[rosout][INFO] 2025-03-27 13:57:31,449: Back Left Min: 1.35, Back Right Min: 0.55
[rosout][INFO] 2025-03-27 13:57:31,546: Back Left Min: 1.35, Back Right Min: 0.55
[rosout][INFO] 2025-03-27 13:57:31,649: Back Left Min: 1.35, Back Right Min: 0.55
[rosout][INFO] 2025-03-27 13:57:31,746: Back Left Min: 1.35, Back Right Min: 0.75
[rosout][INFO] 2025-03-27 13:57:31,849: Back Left Min: 1.35, Back Right Min: 0.75
[rosout][INFO] 2025-03-27 13:57:31,946: Back Left Min: 1.35, Back Right Min: 0.75
[rosout][INFO] 2025-03-27 13:57:32,049: Back Left Min: 1.35, Back Right Min: 0.64
[rosout][INFO] 2025-03-27 13:57:32,146: Back Left Min: 1.35, Back Right Min: 0.64
[rosout][INFO] 2025-03-27 13:57:32,249: Back Left Min: 1.35, Back Right Min: 0.64
[rosout][INFO] 2025-03-27 13:57:32,346: Back Left Min: 1.35, Back Right Min: 0.55
[rosout][INFO] 2025-03-27 13:57:32,449: Back Left Min: 1.35, Back Right Min: 0.55
[rosout][INFO] 2025-03-27 13:57:32,546: Back Left Min: 1.35, Back Right Min: 0.55
[rosout][INFO] 2025-03-27 13:57:32,649: Back Left Min: 1.35, Back Right Min: 0.54
[rosout][INFO] 2025-03-27 13:57:32,746: Back Left Min: 1.35, Back Right Min: 0.54
[rosout][INFO] 2025-03-27 13:57:32,849: Back Left Min: 1.35, Back Right Min: 0.54
[rosout][INFO] 2025-03-27 13:57:32,946: Back Left Min: 1.35, Back Right Min: 0.54
[rosout][INFO] 2025-03-27 13:57:33,049: Back Left Min: 1.35, Back Right Min: 0.54
[rosout][INFO] 2025-03-27 13:57:33,146: Back Left Min: 1.35, Back Right Min: 0.54
[rosout][INFO] 2025-03-27 13:57:33,249: Back Left Min: 1.35, Back Right Min: 0.54
[rosout][INFO] 2025-03-27 13:57:33,346: Back Left Min: 1.35, Back Right Min: 0.54
[rosout][INFO] 2025-03-27 13:57:33,449: Back Left Min: 1.35, Back Right Min: 0.55
[rosout][INFO] 2025-03-27 13:57:33,546: Back Left Min: 1.35, Back Right Min: 0.55
[rosout][INFO] 2025-03-27 13:57:33,649: Back Left Min: 1.35, Back Right Min: 0.55
[rosout][INFO] 2025-03-27 13:57:33,746: Back Left Min: 1.35, Back Right Min: 0.77
[rosout][INFO] 2025-03-27 13:57:33,850: Back Left Min: 1.35, Back Right Min: 0.77
[rosout][INFO] 2025-03-27 13:57:33,946: Back Left Min: 1.35, Back Right Min: 0.77
[rosout][INFO] 2025-03-27 13:57:34,050: Back Left Min: 1.35, Back Right Min: 0.64
[rosout][INFO] 2025-03-27 13:57:34,147: Back Left Min: 1.35, Back Right Min: 0.64
[rosout][INFO] 2025-03-27 13:57:34,250: Back Left Min: 1.35, Back Right Min: 0.66
[rosout][INFO] 2025-03-27 13:57:34,347: Back Left Min: 1.35, Back Right Min: 0.66
[rosout][INFO] 2025-03-27 13:57:34,450: Back Left Min: 1.35, Back Right Min: 0.66
[rosout][INFO] 2025-03-27 13:57:34,547: Back Left Min: 1.35, Back Right Min: 0.74
[rosout][INFO] 2025-03-27 13:57:34,650: Back Left Min: 1.35, Back Right Min: 0.74
[rosout][INFO] 2025-03-27 13:57:34,747: Back Left Min: 1.35, Back Right Min: 0.74
[rosout][INFO] 2025-03-27 13:57:34,850: Back Left Min: 1.35, Back Right Min: 1.17
[rosout][INFO] 2025-03-27 13:57:34,947: Back Left Min: 1.35, Back Right Min: 1.17
[rosout][INFO] 2025-03-27 13:57:35,050: Back Left Min: 1.35, Back Right Min: 1.17
[rosout][INFO] 2025-03-27 13:57:35,147: Back Left Min: 1.35, Back Right Min: 1.17
[rosout][INFO] 2025-03-27 13:57:35,250: Back Left Min: 1.35, Back Right Min: 1.17
[rosout][INFO] 2025-03-27 13:57:35,347: Back Left Min: 1.35, Back Right Min: 1.17
[rosout][INFO] 2025-03-27 13:57:35,450: Back Left Min: 1.35, Back Right Min: 1.17
[rosout][INFO] 2025-03-27 13:57:35,547: Back Left Min: 1.35, Back Right Min: 1.17
[rosout][INFO] 2025-03-27 13:57:35,650: Back Left Min: 1.35, Back Right Min: 1.17
[rosout][INFO] 2025-03-27 13:57:35,747: Back Left Min: 1.35, Back Right Min: 1.17
[rosout][INFO] 2025-03-27 13:57:35,850: Back Left Min: 1.35, Back Right Min: 1.17
[rosout][INFO] 2025-03-27 13:57:35,947: Back Left Min: 1.35, Back Right Min: 1.17
[rosout][INFO] 2025-03-27 13:57:36,050: Back Left Min: 1.35, Back Right Min: 1.17
[rosout][INFO] 2025-03-27 13:57:36,147: Back Left Min: 1.35, Back Right Min: 1.17
[rosout][INFO] 2025-03-27 13:57:36,251: Back Left Min: 1.35, Back Right Min: 1.17
[rosout][INFO] 2025-03-27 13:57:36,347: Back Left Min: 1.35, Back Right Min: 1.17
[rosout][INFO] 2025-03-27 13:57:36,451: Back Left Min: 1.35, Back Right Min: 1.17
[rosout][INFO] 2025-03-27 13:57:36,548: Back Left Min: 1.35, Back Right Min: 1.17
[rosout][INFO] 2025-03-27 13:57:36,651: Back Left Min: 1.35, Back Right Min: 1.17
[rosout][INFO] 2025-03-27 13:57:36,748: Back Left Min: 1.35, Back Right Min: 1.17
[rosout][INFO] 2025-03-27 13:57:36,851: Back Left Min: 1.35, Back Right Min: 0.85
[rosout][INFO] 2025-03-27 13:57:36,948: Back Left Min: 1.35, Back Right Min: 0.85
[rosout][INFO] 2025-03-27 13:57:37,051: Back Left Min: 1.35, Back Right Min: 0.80
[rosout][INFO] 2025-03-27 13:57:37,148: Back Left Min: 1.35, Back Right Min: 0.80
[rosout][INFO] 2025-03-27 13:57:37,251: Back Left Min: 1.35, Back Right Min: 0.80
[rosout][INFO] 2025-03-27 13:57:37,348: Back Left Min: 1.35, Back Right Min: 0.73
[rosout][INFO] 2025-03-27 13:57:37,451: Back Left Min: 1.35, Back Right Min: 0.73
[rosout][INFO] 2025-03-27 13:57:37,548: Back Left Min: 1.35, Back Right Min: 0.73
[rosout][INFO] 2025-03-27 13:57:37,651: Back Left Min: 1.35, Back Right Min: 1.17
[rosout][INFO] 2025-03-27 13:57:37,748: Back Left Min: 1.35, Back Right Min: 1.17
[rosout][INFO] 2025-03-27 13:57:37,851: Back Left Min: 1.35, Back Right Min: 1.17
[rosout][INFO] 2025-03-27 13:57:37,948: Back Left Min: 1.35, Back Right Min: 0.62
[rosout][INFO] 2025-03-27 13:57:38,051: Back Left Min: 1.35, Back Right Min: 0.62
[rosout][INFO] 2025-03-27 13:57:38,148: Back Left Min: 1.35, Back Right Min: 0.62
[rosout][INFO] 2025-03-27 13:57:38,251: Back Left Min: 1.35, Back Right Min: 1.17
[rosout][INFO] 2025-03-27 13:57:38,348: Back Left Min: 1.35, Back Right Min: 1.17
[rosout][INFO] 2025-03-27 13:57:38,451: Back Left Min: 1.35, Back Right Min: 1.17
[rosout][INFO] 2025-03-27 13:57:38,548: Back Left Min: 1.35, Back Right Min: 1.17
[rosout][INFO] 2025-03-27 13:57:38,652: Back Left Min: 1.35, Back Right Min: 1.17
[rosout][INFO] 2025-03-27 13:57:38,749: Back Left Min: 1.35, Back Right Min: 1.17
[rosout][INFO] 2025-03-27 13:57:38,852: Back Left Min: 1.35, Back Right Min: 1.17
[rosout][INFO] 2025-03-27 13:57:38,948: Back Left Min: 1.35, Back Right Min: 1.17
[rosout][INFO] 2025-03-27 13:57:39,052: Back Left Min: 1.35, Back Right Min: 1.17
[rosout][INFO] 2025-03-27 13:57:39,149: Back Left Min: 1.35, Back Right Min: 1.17
[rosout][INFO] 2025-03-27 13:57:39,252: Back Left Min: 1.35, Back Right Min: 1.17
[rosout][INFO] 2025-03-27 13:57:39,349: Back Left Min: 1.35, Back Right Min: 1.17
[rosout][INFO] 2025-03-27 13:57:39,452: Back Left Min: 1.35, Back Right Min: 1.17
[rosout][INFO] 2025-03-27 13:57:39,549: Back Left Min: 1.35, Back Right Min: 1.17
[rosout][INFO] 2025-03-27 13:57:39,652: Back Left Min: 1.35, Back Right Min: 1.17
[rosout][INFO] 2025-03-27 13:57:39,749: Back Left Min: 1.35, Back Right Min: 1.17
[rosout][INFO] 2025-03-27 13:57:39,852: Back Left Min: 1.35, Back Right Min: 1.17
[rosout][INFO] 2025-03-27 13:57:39,949: Back Left Min: 1.35, Back Right Min: 1.17
[rosout][INFO] 2025-03-27 13:57:40,052: Back Left Min: 1.35, Back Right Min: 1.17
[rosout][INFO] 2025-03-27 13:57:40,149: Back Left Min: 1.35, Back Right Min: 1.17
[rosout][INFO] 2025-03-27 13:57:40,252: Back Left Min: 1.35, Back Right Min: 1.17
[rosout][INFO] 2025-03-27 13:57:40,349: Back Left Min: 1.35, Back Right Min: 1.17
[rosout][INFO] 2025-03-27 13:57:40,452: Back Left Min: 1.35, Back Right Min: 1.17
[rosout][INFO] 2025-03-27 13:57:40,549: Back Left Min: 1.35, Back Right Min: 1.17
[rosout][INFO] 2025-03-27 13:57:40,652: Back Left Min: 1.35, Back Right Min: 1.17
[rosout][INFO] 2025-03-27 13:57:40,749: Back Left Min: 1.35, Back Right Min: 1.17
[rosout][INFO] 2025-03-27 13:57:40,852: Back Left Min: 1.35, Back Right Min: 1.17
[rosout][INFO] 2025-03-27 13:57:40,949: Back Left Min: 1.35, Back Right Min: 1.17
[rosout][INFO] 2025-03-27 13:57:41,053: Back Left Min: 1.35, Back Right Min: 1.17
[rosout][INFO] 2025-03-27 13:57:41,149: Back Left Min: 1.35, Back Right Min: 1.17
[rosout][INFO] 2025-03-27 13:57:41,253: Back Left Min: 1.35, Back Right Min: 1.17
[rosout][INFO] 2025-03-27 13:57:41,349: Back Left Min: 1.35, Back Right Min: 1.17
[rosout][INFO] 2025-03-27 13:57:41,453: Back Left Min: 1.35, Back Right Min: 1.17
[rosout][INFO] 2025-03-27 13:57:41,550: Back Left Min: 1.35, Back Right Min: 1.17
[rosout][INFO] 2025-03-27 13:57:41,653: Back Left Min: 1.35, Back Right Min: 1.17
[rosout][INFO] 2025-03-27 13:57:41,750: Back Left Min: 1.35, Back Right Min: 1.17
[rosout][INFO] 2025-03-27 13:57:41,853: Back Left Min: 1.35, Back Right Min: 1.17
[rosout][INFO] 2025-03-27 13:57:41,950: Back Left Min: 1.35, Back Right Min: 1.17
[rosout][INFO] 2025-03-27 13:57:42,053: Back Left Min: 1.35, Back Right Min: 1.17
[rosout][INFO] 2025-03-27 13:57:42,150: Back Left Min: 1.35, Back Right Min: 1.17
[rosout][INFO] 2025-03-27 13:57:42,253: Back Left Min: 1.35, Back Right Min: 1.17
[rosout][INFO] 2025-03-27 13:57:42,350: Back Left Min: 1.35, Back Right Min: 1.17
[rosout][INFO] 2025-03-27 13:57:42,453: Back Left Min: 0.79, Back Right Min: 1.17
[rosout][INFO] 2025-03-27 13:57:42,550: Back Left Min: 0.79, Back Right Min: 1.17
[rosout][INFO] 2025-03-27 13:57:42,654: Back Left Min: 1.35, Back Right Min: 1.17
[rosout][INFO] 2025-03-27 13:57:42,751: Back Left Min: 1.35, Back Right Min: 1.17
[rosout][INFO] 2025-03-27 13:57:42,854: Back Left Min: 1.35, Back Right Min: 1.17
[rosout][INFO] 2025-03-27 13:57:42,950: Back Left Min: 0.85, Back Right Min: 1.17
[rosout][INFO] 2025-03-27 13:57:43,053: Back Left Min: 0.85, Back Right Min: 1.17
[rosout][INFO] 2025-03-27 13:57:43,150: Back Left Min: 0.85, Back Right Min: 1.17
[rosout][INFO] 2025-03-27 13:57:43,253: Back Left Min: 0.82, Back Right Min: 1.17
[rosout][INFO] 2025-03-27 13:57:43,350: Back Left Min: 0.82, Back Right Min: 1.17
[rosout][INFO] 2025-03-27 13:57:43,453: Back Left Min: 0.82, Back Right Min: 1.17
[rosout][INFO] 2025-03-27 13:57:43,550: Back Left Min: 0.81, Back Right Min: 1.17
[rosout][INFO] 2025-03-27 13:57:43,654: Back Left Min: 0.81, Back Right Min: 1.17
[rosout][INFO] 2025-03-27 13:57:43,750: Back Left Min: 0.81, Back Right Min: 1.17
[rosout][INFO] 2025-03-27 13:57:43,854: Back Left Min: 0.82, Back Right Min: 1.17
[rosout][INFO] 2025-03-27 13:57:43,951: Back Left Min: 0.82, Back Right Min: 1.17
[rosout][INFO] 2025-03-27 13:57:44,054: Back Left Min: 0.83, Back Right Min: 1.17
[rosout][INFO] 2025-03-27 13:57:44,151: Back Left Min: 0.83, Back Right Min: 1.17
[rosout][INFO] 2025-03-27 13:57:44,254: Back Left Min: 0.83, Back Right Min: 1.17
[rosout][INFO] 2025-03-27 13:57:44,351: Back Left Min: 0.83, Back Right Min: 1.17
[rosout][INFO] 2025-03-27 13:57:44,454: Back Left Min: 0.83, Back Right Min: 1.17
[rosout][INFO] 2025-03-27 13:57:44,551: Back Left Min: 0.83, Back Right Min: 1.17
[rosout][INFO] 2025-03-27 13:57:44,654: Back Left Min: 0.85, Back Right Min: 1.17
[rosout][INFO] 2025-03-27 13:57:44,751: Back Left Min: 0.85, Back Right Min: 1.17
[rosout][INFO] 2025-03-27 13:57:44,854: Back Left Min: 0.85, Back Right Min: 1.17
[rosout][INFO] 2025-03-27 13:57:44,951: Back Left Min: 0.82, Back Right Min: 1.17
[rosout][INFO] 2025-03-27 13:57:45,055: Back Left Min: 0.82, Back Right Min: 1.17
[rosout][INFO] 2025-03-27 13:57:45,152: Back Left Min: 0.82, Back Right Min: 1.17
[rosout][INFO] 2025-03-27 13:57:45,254: Back Left Min: 1.36, Back Right Min: 1.17
[rosout][INFO] 2025-03-27 13:57:45,351: Back Left Min: 1.36, Back Right Min: 1.17
[rosout][INFO] 2025-03-27 13:57:45,454: Back Left Min: 0.78, Back Right Min: 1.17
[rosout][INFO] 2025-03-27 13:57:45,551: Back Left Min: 0.78, Back Right Min: 1.17
[rosout][INFO] 2025-03-27 13:57:45,654: Back Left Min: 0.78, Back Right Min: 1.17
[rosout][INFO] 2025-03-27 13:57:45,751: Back Left Min: 1.36, Back Right Min: 1.17
[rosout][INFO] 2025-03-27 13:57:45,854: Back Left Min: 1.36, Back Right Min: 1.17
[rosout][INFO] 2025-03-27 13:57:45,956: Back Left Min: 1.36, Back Right Min: 1.17
[rosout][INFO] 2025-03-27 13:57:46,068: Back Left Min: 1.37, Back Right Min: 1.17
[rosout][INFO] 2025-03-27 13:57:46,173: Back Left Min: 1.37, Back Right Min: 1.17
[rosout][INFO] 2025-03-27 13:57:46,285: Back Left Min: 1.37, Back Right Min: 1.17
[rosout][INFO] 2025-03-27 13:57:46,390: Back Left Min: 0.65, Back Right Min: 1.17
[rosout][INFO] 2025-03-27 13:57:46,501: Back Left Min: 0.65, Back Right Min: 1.17
[rosout][INFO] 2025-03-27 13:57:46,606: Back Left Min: 0.65, Back Right Min: 1.17
[rosout][INFO] 2025-03-27 13:57:46,718: Back Left Min: 0.65, Back Right Min: 1.17
[rosout][INFO] 2025-03-27 13:57:46,823: Back Left Min: 0.65, Back Right Min: 1.17
[rosout][INFO] 2025-03-27 13:57:46,935: Back Left Min: 0.65, Back Right Min: 1.17
[rosout][INFO] 2025-03-27 13:57:47,041: Back Left Min: 0.65, Back Right Min: 1.17
[rosout][INFO] 2025-03-27 13:57:47,152: Back Left Min: 0.65, Back Right Min: 1.17
[rosout][INFO] 2025-03-27 13:57:47,257: Back Left Min: 0.65, Back Right Min: 1.17
[rosout][INFO] 2025-03-27 13:57:47,369: Back Left Min: 0.65, Back Right Min: 1.17
[rosout][INFO] 2025-03-27 13:57:47,474: Back Left Min: 0.65, Back Right Min: 1.17
[rosout][INFO] 2025-03-27 13:57:47,586: Back Left Min: 0.68, Back Right Min: 1.17
[rosout][INFO] 2025-03-27 13:57:47,690: Back Left Min: 0.68, Back Right Min: 1.17
[rosout][INFO] 2025-03-27 13:57:47,802: Back Left Min: 0.68, Back Right Min: 1.17
[rosout][INFO] 2025-03-27 13:57:47,908: Back Left Min: 0.69, Back Right Min: 1.17
[rosout][INFO] 2025-03-27 13:57:48,019: Back Left Min: 0.69, Back Right Min: 1.17
[rosout][INFO] 2025-03-27 13:57:48,123: Back Left Min: 0.69, Back Right Min: 1.17
[rosout][INFO] 2025-03-27 13:57:48,236: Back Left Min: 1.35, Back Right Min: 1.17
[rosout][INFO] 2025-03-27 13:57:48,340: Back Left Min: 1.35, Back Right Min: 1.17
[rosout][INFO] 2025-03-27 13:57:48,452: Back Left Min: 1.35, Back Right Min: 1.17
[rosout][INFO] 2025-03-27 13:57:48,557: Back Left Min: 1.35, Back Right Min: 1.17
[rosout][INFO] 2025-03-27 13:57:48,669: Back Left Min: 1.35, Back Right Min: 1.17
[rosout][INFO] 2025-03-27 13:57:48,774: Back Left Min: 1.35, Back Right Min: 1.17
[rosout][INFO] 2025-03-27 13:57:48,886: Back Left Min: 1.35, Back Right Min: 1.17
[rosout][INFO] 2025-03-27 13:57:48,991: Back Left Min: 1.35, Back Right Min: 1.17
[rosout][INFO] 2025-03-27 13:57:49,103: Back Left Min: 1.35, Back Right Min: 1.17
[rosout][INFO] 2025-03-27 13:57:49,208: Back Left Min: 1.35, Back Right Min: 1.17
[rosout][INFO] 2025-03-27 13:57:49,319: Back Left Min: 1.35, Back Right Min: 1.17
[rosout][INFO] 2025-03-27 13:57:49,424: Back Left Min: 1.35, Back Right Min: 1.17
[rosout][INFO] 2025-03-27 13:57:49,536: Back Left Min: 1.35, Back Right Min: 1.17
[rosout][INFO] 2025-03-27 13:57:49,641: Back Left Min: 1.35, Back Right Min: 1.17
[rosout][INFO] 2025-03-27 13:57:49,753: Back Left Min: 1.35, Back Right Min: 1.17
[rosout][INFO] 2025-03-27 13:57:49,858: Back Left Min: 1.35, Back Right Min: 1.17
[rosout][INFO] 2025-03-27 13:57:49,970: Back Left Min: 1.35, Back Right Min: 1.17
[rosout][INFO] 2025-03-27 13:57:50,074: Back Left Min: 1.35, Back Right Min: 1.17
[rosout][INFO] 2025-03-27 13:57:50,186: Back Left Min: 1.35, Back Right Min: 1.17
[rosout][INFO] 2025-03-27 13:57:50,291: Back Left Min: 1.35, Back Right Min: 1.17
[rosout][INFO] 2025-03-27 13:57:50,403: Back Left Min: 1.35, Back Right Min: 1.17
[rosout][INFO] 2025-03-27 13:57:50,508: Back Left Min: 1.35, Back Right Min: 1.17
[rosout][INFO] 2025-03-27 13:57:50,620: Back Left Min: 1.35, Back Right Min: 1.17
[rosout][INFO] 2025-03-27 13:57:50,725: Back Left Min: 1.35, Back Right Min: 1.17
[rosout][INFO] 2025-03-27 13:57:50,837: Back Left Min: 1.35, Back Right Min: 1.17
[rosout][INFO] 2025-03-27 13:57:50,942: Back Left Min: 1.35, Back Right Min: 1.17
[rosout][INFO] 2025-03-27 13:57:51,053: Back Left Min: 1.35, Back Right Min: 1.17
[rosout][INFO] 2025-03-27 13:57:51,158: Back Left Min: 1.35, Back Right Min: 1.17
[rosout][INFO] 2025-03-27 13:57:51,270: Back Left Min: 1.35, Back Right Min: 1.17
[rosout][INFO] 2025-03-27 13:57:51,375: Back Left Min: 1.35, Back Right Min: 1.17
[rosout][INFO] 2025-03-27 13:57:51,487: Back Left Min: 1.35, Back Right Min: 1.17
[rosout][INFO] 2025-03-27 13:57:51,592: Back Left Min: 1.35, Back Right Min: 1.17
[rosout][INFO] 2025-03-27 13:57:51,704: Back Left Min: 1.35, Back Right Min: 1.17
[rosout][INFO] 2025-03-27 13:57:51,809: Back Left Min: 1.35, Back Right Min: 1.17
[rosout][INFO] 2025-03-27 13:57:51,920: Back Left Min: 1.35, Back Right Min: 1.17
[rosout][INFO] 2025-03-27 13:57:52,025: Back Left Min: 1.35, Back Right Min: 1.17
[rosout][INFO] 2025-03-27 13:57:52,137: Back Left Min: 1.35, Back Right Min: 1.17
[rosout][INFO] 2025-03-27 13:57:52,243: Back Left Min: 1.35, Back Right Min: 1.17
[rosout][INFO] 2025-03-27 13:57:52,354: Back Left Min: 1.35, Back Right Min: 1.17
[rosout][INFO] 2025-03-27 13:57:52,459: Back Left Min: 1.35, Back Right Min: 1.17
[rosout][INFO] 2025-03-27 13:57:52,571: Back Left Min: 1.35, Back Right Min: 1.17
[rosout][INFO] 2025-03-27 13:57:52,676: Back Left Min: 1.35, Back Right Min: 1.17
[rosout][INFO] 2025-03-27 13:57:52,787: Back Left Min: 1.35, Back Right Min: 1.17
[rosout][INFO] 2025-03-27 13:57:52,893: Back Left Min: 1.35, Back Right Min: 1.17
[rosout][INFO] 2025-03-27 13:57:53,004: Back Left Min: 1.35, Back Right Min: 0.54
[rosout][INFO] 2025-03-27 13:57:53,109: Back Left Min: 1.35, Back Right Min: 0.54
[rosout][INFO] 2025-03-27 13:57:53,221: Back Left Min: 1.35, Back Right Min: 0.54
[rosout][INFO] 2025-03-27 13:57:53,326: Back Left Min: 1.35, Back Right Min: 0.55
[rosout][INFO] 2025-03-27 13:57:53,438: Back Left Min: 1.35, Back Right Min: 0.55
[rosout][INFO] 2025-03-27 13:57:53,543: Back Left Min: 1.35, Back Right Min: 0.55
[rosout][INFO] 2025-03-27 13:57:53,655: Back Left Min: 1.35, Back Right Min: 0.58
[rosout][INFO] 2025-03-27 13:57:53,760: Back Left Min: 1.35, Back Right Min: 0.58
[rosout][INFO] 2025-03-27 13:57:53,871: Back Left Min: 1.35, Back Right Min: 0.58
[rosout][INFO] 2025-03-27 13:57:53,976: Back Left Min: 1.35, Back Right Min: 0.56
[rosout][INFO] 2025-03-27 13:57:54,088: Back Left Min: 1.35, Back Right Min: 0.56
[rosout][INFO] 2025-03-27 13:57:54,193: Back Left Min: 1.35, Back Right Min: 0.56
[rosout][INFO] 2025-03-27 13:57:54,305: Back Left Min: 1.35, Back Right Min: 0.54
[rosout][INFO] 2025-03-27 13:57:54,410: Back Left Min: 1.35, Back Right Min: 0.54
[rosout][INFO] 2025-03-27 13:57:54,521: Back Left Min: 1.35, Back Right Min: 0.62
[rosout][INFO] 2025-03-27 13:57:54,626: Back Left Min: 1.35, Back Right Min: 0.62
[rosout][INFO] 2025-03-27 13:57:54,738: Back Left Min: 1.35, Back Right Min: 0.62
[rosout][INFO] 2025-03-27 13:57:54,843: Back Left Min: 1.35, Back Right Min: 0.61
[rosout][INFO] 2025-03-27 13:57:54,955: Back Left Min: 1.35, Back Right Min: 0.61
[rosout][INFO] 2025-03-27 13:57:55,060: Back Left Min: 1.35, Back Right Min: 0.61
[rosout][INFO] 2025-03-27 13:57:55,172: Back Left Min: 1.35, Back Right Min: 0.60
[rosout][INFO] 2025-03-27 13:57:55,277: Back Left Min: 1.35, Back Right Min: 0.60
[rosout][INFO] 2025-03-27 13:57:55,388: Back Left Min: 1.35, Back Right Min: 0.60
[rosout][INFO] 2025-03-27 13:57:55,493: Back Left Min: 1.35, Back Right Min: 0.60
[rosout][INFO] 2025-03-27 13:57:55,605: Back Left Min: 1.35, Back Right Min: 0.60
[rosout][INFO] 2025-03-27 13:57:55,710: Back Left Min: 1.35, Back Right Min: 0.60
[rosout][INFO] 2025-03-27 13:57:55,822: Back Left Min: 1.35, Back Right Min: 0.61
[rosout][INFO] 2025-03-27 13:57:55,927: Back Left Min: 1.35, Back Right Min: 0.61
[rosout][INFO] 2025-03-27 13:57:56,039: Back Left Min: 1.35, Back Right Min: 0.61
[rosout][INFO] 2025-03-27 13:57:56,144: Back Left Min: 1.35, Back Right Min: 0.61
[rosout][INFO] 2025-03-27 13:57:56,255: Back Left Min: 1.35, Back Right Min: 0.61
[rosout][INFO] 2025-03-27 13:57:56,361: Back Left Min: 1.35, Back Right Min: 0.61
[rosout][INFO] 2025-03-27 13:57:56,472: Back Left Min: 1.35, Back Right Min: 0.61
[rosout][INFO] 2025-03-27 13:57:56,577: Back Left Min: 1.35, Back Right Min: 0.61
[rosout][INFO] 2025-03-27 13:57:56,689: Back Left Min: 1.35, Back Right Min: 0.61
[rosout][INFO] 2025-03-27 13:57:56,794: Back Left Min: 1.35, Back Right Min: 0.61
[rosout][INFO] 2025-03-27 13:57:56,906: Back Left Min: 1.35, Back Right Min: 0.61
[rosout][INFO] 2025-03-27 13:57:57,011: Back Left Min: 1.35, Back Right Min: 0.61
[rosout][INFO] 2025-03-27 13:57:57,123: Back Left Min: 1.35, Back Right Min: 0.61
[rosout][INFO] 2025-03-27 13:57:57,228: Back Left Min: 1.35, Back Right Min: 0.61
[rosout][INFO] 2025-03-27 13:57:57,339: Back Left Min: 1.35, Back Right Min: 0.61
[rosout][INFO] 2025-03-27 13:57:57,444: Back Left Min: 1.35, Back Right Min: 0.61
[rosout][INFO] 2025-03-27 13:57:57,556: Back Left Min: 1.35, Back Right Min: 0.60
[rosout][INFO] 2025-03-27 13:57:57,661: Back Left Min: 1.35, Back Right Min: 0.60
[rosout][INFO] 2025-03-27 13:57:57,773: Back Left Min: 1.35, Back Right Min: 0.60
[rosout][INFO] 2025-03-27 13:57:57,878: Back Left Min: 1.35, Back Right Min: 0.60
[rosout][INFO] 2025-03-27 13:57:57,990: Back Left Min: 1.35, Back Right Min: 0.60
[rosout][INFO] 2025-03-27 13:57:58,095: Back Left Min: 1.35, Back Right Min: 0.60
[rosout][INFO] 2025-03-27 13:57:58,206: Back Left Min: 1.35, Back Right Min: 0.60
[rosout][INFO] 2025-03-27 13:57:58,311: Back Left Min: 1.35, Back Right Min: 0.60
[rosout][INFO] 2025-03-27 13:57:58,423: Back Left Min: 1.35, Back Right Min: 0.60
[rosout][INFO] 2025-03-27 13:57:58,528: Back Left Min: 1.35, Back Right Min: 0.59
[rosout][INFO] 2025-03-27 13:57:58,640: Back Left Min: 1.35, Back Right Min: 0.59
[rosout][INFO] 2025-03-27 13:57:58,745: Back Left Min: 1.35, Back Right Min: 0.59
[rosout][INFO] 2025-03-27 13:57:58,857: Back Left Min: 1.35, Back Right Min: 0.60
[rosout][INFO] 2025-03-27 13:57:58,962: Back Left Min: 1.35, Back Right Min: 0.60
[rosout][INFO] 2025-03-27 13:57:59,073: Back Left Min: 1.35, Back Right Min: 0.60
[rosout][INFO] 2025-03-27 13:57:59,178: Back Left Min: 1.35, Back Right Min: 0.60
[rosout][INFO] 2025-03-27 13:57:59,290: Back Left Min: 1.35, Back Right Min: 0.60
[rosout][INFO] 2025-03-27 13:57:59,395: Back Left Min: 1.35, Back Right Min: 0.59
[rosout][INFO] 2025-03-27 13:57:59,507: Back Left Min: 1.35, Back Right Min: 0.59
[rosout][INFO] 2025-03-27 13:57:59,612: Back Left Min: 1.35, Back Right Min: 0.59
[rosout][INFO] 2025-03-27 13:57:59,724: Back Left Min: 1.35, Back Right Min: 0.59
[rosout][INFO] 2025-03-27 13:57:59,829: Back Left Min: 1.35, Back Right Min: 0.59
[rosout][INFO] 2025-03-27 13:57:59,940: Back Left Min: 1.35, Back Right Min: 0.59
[rosout][INFO] 2025-03-27 13:58:00,045: Back Left Min: 1.35, Back Right Min: 1.17
[rosout][INFO] 2025-03-27 13:58:00,157: Back Left Min: 1.35, Back Right Min: 1.17
[rosout][INFO] 2025-03-27 13:58:00,262: Back Left Min: 1.35, Back Right Min: 1.17
[rosout][INFO] 2025-03-27 13:58:00,374: Back Left Min: 1.35, Back Right Min: 1.17
[rosout][INFO] 2025-03-27 13:58:00,479: Back Left Min: 1.35, Back Right Min: 1.17
[rosout][INFO] 2025-03-27 13:58:00,591: Back Left Min: 1.35, Back Right Min: 1.17
[rosout][INFO] 2025-03-27 13:58:00,696: Back Left Min: 1.35, Back Right Min: 1.17
[rosout][INFO] 2025-03-27 13:58:00,807: Back Left Min: 1.35, Back Right Min: 1.17
[rosout][INFO] 2025-03-27 13:58:00,912: Back Left Min: 1.35, Back Right Min: 1.17
[rosout][INFO] 2025-03-27 13:58:01,024: Back Left Min: 1.35, Back Right Min: 1.17
[rosout][INFO] 2025-03-27 13:58:01,129: Back Left Min: 1.35, Back Right Min: 1.17
[rosout][INFO] 2025-03-27 13:58:01,241: Back Left Min: 1.35, Back Right Min: 1.17
[rosout][INFO] 2025-03-27 13:58:01,346: Back Left Min: 1.35, Back Right Min: 1.17
[rosout][INFO] 2025-03-27 13:58:01,458: Back Left Min: 1.35, Back Right Min: 1.17
[rosout][INFO] 2025-03-27 13:58:01,563: Back Left Min: 1.35, Back Right Min: 1.17
[rosout][INFO] 2025-03-27 13:58:01,674: Back Left Min: 1.35, Back Right Min: 1.17
[rosout][INFO] 2025-03-27 13:58:01,779: Back Left Min: 1.35, Back Right Min: 1.17
[rosout][INFO] 2025-03-27 13:58:01,891: Back Left Min: 1.35, Back Right Min: 1.17
[rosout][INFO] 2025-03-27 13:58:01,996: Back Left Min: 1.35, Back Right Min: 1.17
[rosout][INFO] 2025-03-27 13:58:02,108: Back Left Min: 1.35, Back Right Min: 1.17
[rosout][INFO] 2025-03-27 13:58:02,213: Back Left Min: 1.35, Back Right Min: 1.17
[rosout][INFO] 2025-03-27 13:58:02,325: Back Left Min: 1.35, Back Right Min: 1.17
[rosout][INFO] 2025-03-27 13:58:02,430: Back Left Min: 1.35, Back Right Min: 1.17
[rosout][INFO] 2025-03-27 13:58:02,541: Back Left Min: 1.35, Back Right Min: 1.17
[rosout][INFO] 2025-03-27 13:58:02,646: Back Left Min: 1.35, Back Right Min: 1.17
[rosout][INFO] 2025-03-27 13:58:02,758: Back Left Min: 1.35, Back Right Min: 1.17
[rosout][INFO] 2025-03-27 13:58:02,863: Back Left Min: 1.35, Back Right Min: 1.17
[rosout][INFO] 2025-03-27 13:58:02,975: Back Left Min: 1.35, Back Right Min: 1.17
[rosout][INFO] 2025-03-27 13:58:03,080: Back Left Min: 1.35, Back Right Min: 1.17
[rosout][INFO] 2025-03-27 13:58:03,192: Back Left Min: 1.35, Back Right Min: 1.17
[rosout][INFO] 2025-03-27 13:58:03,297: Back Left Min: 1.35, Back Right Min: 1.17
[rosout][INFO] 2025-03-27 13:58:03,408: Back Left Min: 1.35, Back Right Min: 1.17
[rosout][INFO] 2025-03-27 13:58:03,513: Back Left Min: 1.35, Back Right Min: 1.17
[rosout][INFO] 2025-03-27 13:58:03,625: Back Left Min: 1.35, Back Right Min: 1.17
[rosout][INFO] 2025-03-27 13:58:03,730: Back Left Min: 1.35, Back Right Min: 1.17
[rosout][INFO] 2025-03-27 13:58:03,842: Back Left Min: 1.35, Back Right Min: 1.17
[rosout][INFO] 2025-03-27 13:58:03,947: Back Left Min: 1.35, Back Right Min: 1.17
[rosout][INFO] 2025-03-27 13:58:04,059: Back Left Min: 1.35, Back Right Min: 1.17
[rosout][INFO] 2025-03-27 13:58:04,164: Back Left Min: 1.35, Back Right Min: 1.17
[rosout][INFO] 2025-03-27 13:58:04,276: Back Left Min: 1.35, Back Right Min: 1.17
[rosout][INFO] 2025-03-27 13:58:04,381: Back Left Min: 1.35, Back Right Min: 1.17
[rosout][INFO] 2025-03-27 13:58:04,493: Back Left Min: 1.35, Back Right Min: 1.17
[rosout][INFO] 2025-03-27 13:58:04,598: Back Left Min: 1.35, Back Right Min: 1.17
[rosout][INFO] 2025-03-27 13:58:04,709: Back Left Min: 1.35, Back Right Min: 1.17
[rosout][INFO] 2025-03-27 13:58:04,814: Back Left Min: 1.35, Back Right Min: 1.17
[rosout][INFO] 2025-03-27 13:58:04,926: Back Left Min: 1.35, Back Right Min: 1.17
[rosout][INFO] 2025-03-27 13:58:05,031: Back Left Min: 1.35, Back Right Min: 1.17
[rosout][INFO] 2025-03-27 13:58:05,143: Back Left Min: 1.35, Back Right Min: 1.17
[rosout][INFO] 2025-03-27 13:58:05,248: Back Left Min: 1.35, Back Right Min: 1.17
[rosout][INFO] 2025-03-27 13:58:05,360: Back Left Min: 1.35, Back Right Min: 1.17
[rosout][INFO] 2025-03-27 13:58:05,465: Back Left Min: 1.35, Back Right Min: 1.17
[rosout][INFO] 2025-03-27 13:58:05,577: Back Left Min: 1.35, Back Right Min: 1.17
[rosout][INFO] 2025-03-27 13:58:05,681: Back Left Min: 1.35, Back Right Min: 1.17
[rosout][INFO] 2025-03-27 13:58:05,793: Back Left Min: 1.35, Back Right Min: 1.17
[rosout][INFO] 2025-03-27 13:58:05,898: Back Left Min: 1.35, Back Right Min: 1.17
[rosout][INFO] 2025-03-27 13:58:06,009: Back Left Min: 1.35, Back Right Min: 1.17
[rosout][INFO] 2025-03-27 13:58:06,115: Back Left Min: 1.35, Back Right Min: 1.17
[rosout][INFO] 2025-03-27 13:58:06,226: Back Left Min: 1.35, Back Right Min: 1.17
[rosout][INFO] 2025-03-27 13:58:06,331: Back Left Min: 1.35, Back Right Min: 1.17
[rosout][INFO] 2025-03-27 13:58:06,443: Back Left Min: 1.35, Back Right Min: 1.17
[rosout][INFO] 2025-03-27 13:58:06,549: Back Left Min: 1.35, Back Right Min: 1.17
[rosout][INFO] 2025-03-27 13:58:06,660: Back Left Min: 1.35, Back Right Min: 1.17
[rosout][INFO] 2025-03-27 13:58:06,765: Back Left Min: 1.35, Back Right Min: 1.17
[rosout][INFO] 2025-03-27 13:58:06,877: Back Left Min: 1.35, Back Right Min: 1.17
[rosout][INFO] 2025-03-27 13:58:06,982: Back Left Min: 1.35, Back Right Min: 1.17
[rosout][INFO] 2025-03-27 13:58:07,093: Back Left Min: 1.35, Back Right Min: 1.17
[rosout][INFO] 2025-03-27 13:58:07,198: Back Left Min: 1.35, Back Right Min: 1.17
[rosout][INFO] 2025-03-27 13:58:07,310: Back Left Min: 1.35, Back Right Min: 1.17
[rosout][INFO] 2025-03-27 13:58:07,415: Back Left Min: 1.35, Back Right Min: 1.17
[rosout][INFO] 2025-03-27 13:58:07,527: Back Left Min: 1.35, Back Right Min: 1.17
[rosout][INFO] 2025-03-27 13:58:07,632: Back Left Min: 1.35, Back Right Min: 1.17
[rosout][INFO] 2025-03-27 13:58:07,744: Back Left Min: 1.35, Back Right Min: 1.17
[rosout][INFO] 2025-03-27 13:58:07,848: Back Left Min: 1.35, Back Right Min: 1.17
[rosout][INFO] 2025-03-27 13:58:07,960: Back Left Min: 1.35, Back Right Min: 1.17
[rosout][INFO] 2025-03-27 13:58:08,065: Back Left Min: 1.35, Back Right Min: 1.17
[rosout][INFO] 2025-03-27 13:58:08,177: Back Left Min: 1.35, Back Right Min: 1.17
[rosout][INFO] 2025-03-27 13:58:08,282: Back Left Min: 1.35, Back Right Min: 1.17
[rosout][INFO] 2025-03-27 13:58:08,394: Back Left Min: 1.35, Back Right Min: 1.17
[rosout][INFO] 2025-03-27 13:58:08,499: Back Left Min: 1.35, Back Right Min: 1.17
[rosout][INFO] 2025-03-27 13:58:08,611: Back Left Min: 1.35, Back Right Min: 1.17
[rosout][INFO] 2025-03-27 13:58:08,715: Back Left Min: 1.35, Back Right Min: 1.17
[rosout][INFO] 2025-03-27 13:58:08,827: Back Left Min: 1.35, Back Right Min: 1.17
[rosout][INFO] 2025-03-27 13:58:08,932: Back Left Min: 1.35, Back Right Min: 1.17
[rosout][INFO] 2025-03-27 13:58:09,044: Back Left Min: 1.35, Back Right Min: 1.17
[rosout][INFO] 2025-03-27 13:58:09,149: Back Left Min: 1.35, Back Right Min: 1.17
[rosout][INFO] 2025-03-27 13:58:09,261: Back Left Min: 1.35, Back Right Min: 1.17
[rosout][INFO] 2025-03-27 13:58:09,366: Back Left Min: 1.35, Back Right Min: 1.17
[rosout][INFO] 2025-03-27 13:58:09,478: Back Left Min: 1.35, Back Right Min: 1.17
[rosout][INFO] 2025-03-27 13:58:09,582: Back Left Min: 1.35, Back Right Min: 1.17
[rosout][INFO] 2025-03-27 13:58:09,694: Back Left Min: 1.35, Back Right Min: 1.17
[rosout][INFO] 2025-03-27 13:58:09,799: Back Left Min: 1.35, Back Right Min: 1.17
[rosout][INFO] 2025-03-27 13:58:09,911: Back Left Min: 1.35, Back Right Min: 1.17
[rosout][INFO] 2025-03-27 13:58:10,016: Back Left Min: 1.35, Back Right Min: 1.17
[rosout][INFO] 2025-03-27 13:58:10,127: Back Left Min: 1.35, Back Right Min: 1.17
[rosout][INFO] 2025-03-27 13:58:10,233: Back Left Min: 1.35, Back Right Min: 1.17
[rosout][INFO] 2025-03-27 13:58:10,345: Back Left Min: 1.35, Back Right Min: 1.17
[rosout][INFO] 2025-03-27 13:58:10,450: Back Left Min: 1.35, Back Right Min: 1.17
[rosout][INFO] 2025-03-27 13:58:10,561: Back Left Min: 1.35, Back Right Min: 1.17
[rosout][INFO] 2025-03-27 13:58:10,666: Back Left Min: 1.35, Back Right Min: 1.17
[rosout][INFO] 2025-03-27 13:58:10,778: Back Left Min: 1.35, Back Right Min: 1.17
[rosout][INFO] 2025-03-27 13:58:10,883: Back Left Min: 1.35, Back Right Min: 1.17
[rosout][INFO] 2025-03-27 13:58:10,995: Back Left Min: 1.35, Back Right Min: 1.17
[rosout][INFO] 2025-03-27 13:58:11,100: Back Left Min: 1.35, Back Right Min: 1.17
[rosout][INFO] 2025-03-27 13:58:11,212: Back Left Min: 1.35, Back Right Min: 1.17
[rosout][INFO] 2025-03-27 13:58:11,317: Back Left Min: 1.35, Back Right Min: 1.17
[rosout][INFO] 2025-03-27 13:58:11,428: Back Left Min: 1.35, Back Right Min: 1.17
[rosout][INFO] 2025-03-27 13:58:11,533: Back Left Min: 1.35, Back Right Min: 1.17
[rosout][INFO] 2025-03-27 13:58:11,646: Back Left Min: 1.35, Back Right Min: 1.17
[rosout][INFO] 2025-03-27 13:58:11,751: Back Left Min: 1.35, Back Right Min: 1.17
[rosout][INFO] 2025-03-27 13:58:11,863: Back Left Min: 1.35, Back Right Min: 1.17
[rosout][INFO] 2025-03-27 13:58:11,968: Back Left Min: 1.35, Back Right Min: 1.17
[rosout][INFO] 2025-03-27 13:58:12,079: Back Left Min: 1.35, Back Right Min: 1.17
[rosout][INFO] 2025-03-27 13:58:12,184: Back Left Min: 1.35, Back Right Min: 1.17
[rosout][INFO] 2025-03-27 13:58:12,296: Back Left Min: 1.35, Back Right Min: 1.17
[rosout][INFO] 2025-03-27 13:58:12,401: Back Left Min: 1.35, Back Right Min: 1.17
[rosout][INFO] 2025-03-27 13:58:12,513: Back Left Min: 1.35, Back Right Min: 1.17
[rosout][INFO] 2025-03-27 13:58:12,618: Back Left Min: 1.35, Back Right Min: 1.17
[rosout][INFO] 2025-03-27 13:58:12,730: Back Left Min: 1.35, Back Right Min: 1.17
[rosout][INFO] 2025-03-27 13:58:12,834: Back Left Min: 1.35, Back Right Min: 1.17
[rosout][INFO] 2025-03-27 13:58:12,946: Back Left Min: 1.35, Back Right Min: 1.17
[rosout][INFO] 2025-03-27 13:58:13,051: Back Left Min: 1.35, Back Right Min: 1.17
[rosout][INFO] 2025-03-27 13:58:13,162: Back Left Min: 1.35, Back Right Min: 1.17
[rosout][INFO] 2025-03-27 13:58:13,268: Back Left Min: 1.35, Back Right Min: 1.17
[rosout][INFO] 2025-03-27 13:58:13,379: Back Left Min: 1.35, Back Right Min: 1.17
[rosout][INFO] 2025-03-27 13:58:13,484: Back Left Min: 1.35, Back Right Min: 1.17
[rosout][INFO] 2025-03-27 13:58:13,596: Back Left Min: 1.35, Back Right Min: 1.17
[rosout][INFO] 2025-03-27 13:58:13,701: Back Left Min: 1.35, Back Right Min: 1.17
[rosout][INFO] 2025-03-27 13:58:13,813: Back Left Min: 1.35, Back Right Min: 1.17
[rosout][INFO] 2025-03-27 13:58:13,918: Back Left Min: 1.35, Back Right Min: 1.17
[rosout][INFO] 2025-03-27 13:58:14,025: Back Left Min: 1.35, Back Right Min: 1.17
[rosout][INFO] 2025-03-27 13:58:14,122: Back Left Min: 1.35, Back Right Min: 1.17
[rosout][INFO] 2025-03-27 13:58:14,226: Back Left Min: 1.35, Back Right Min: 1.17
[rosout][INFO] 2025-03-27 13:58:14,322: Back Left Min: 1.35, Back Right Min: 1.17
[rosout][INFO] 2025-03-27 13:58:14,426: Back Left Min: 1.35, Back Right Min: 1.17
[rosout][INFO] 2025-03-27 13:58:14,523: Back Left Min: 1.35, Back Right Min: 1.17
[rosout][INFO] 2025-03-27 13:58:14,626: Back Left Min: 1.35, Back Right Min: 1.17
[rosout][INFO] 2025-03-27 13:58:14,723: Back Left Min: 1.35, Back Right Min: 1.17
[rosout][INFO] 2025-03-27 13:58:14,826: Back Left Min: 1.35, Back Right Min: 1.17
[rosout][INFO] 2025-03-27 13:58:14,923: Back Left Min: 1.35, Back Right Min: 1.17
[rosout][INFO] 2025-03-27 13:58:15,026: Back Left Min: 1.35, Back Right Min: 1.17
[rosout][INFO] 2025-03-27 13:58:15,123: Back Left Min: 1.35, Back Right Min: 1.17
[rosout][INFO] 2025-03-27 13:58:15,226: Back Left Min: 1.35, Back Right Min: 1.17
[rosout][INFO] 2025-03-27 13:58:15,323: Back Left Min: 1.35, Back Right Min: 1.17
[rosout][INFO] 2025-03-27 13:58:15,426: Back Left Min: 1.35, Back Right Min: 1.17
[rosout][INFO] 2025-03-27 13:58:15,523: Back Left Min: 1.35, Back Right Min: 1.17
[rosout][INFO] 2025-03-27 13:58:15,626: Back Left Min: 1.35, Back Right Min: 1.17
[rosout][INFO] 2025-03-27 13:58:15,723: Back Left Min: 1.35, Back Right Min: 1.17
[rosout][INFO] 2025-03-27 13:58:15,826: Back Left Min: 1.35, Back Right Min: 1.17
[rosout][INFO] 2025-03-27 13:58:15,923: Back Left Min: 1.35, Back Right Min: 1.17
[rosout][INFO] 2025-03-27 13:58:16,026: Back Left Min: 1.35, Back Right Min: 1.17
[rosout][INFO] 2025-03-27 13:58:16,123: Back Left Min: 1.35, Back Right Min: 1.17
[rosout][INFO] 2025-03-27 13:58:16,226: Back Left Min: 1.35, Back Right Min: 1.17
[rosout][INFO] 2025-03-27 13:58:16,323: Back Left Min: 1.35, Back Right Min: 1.17
[rosout][INFO] 2025-03-27 13:58:16,426: Back Left Min: 1.35, Back Right Min: 1.17
[rosout][INFO] 2025-03-27 13:58:16,523: Back Left Min: 1.35, Back Right Min: 1.17
[rosout][INFO] 2025-03-27 13:58:16,626: Back Left Min: 1.35, Back Right Min: 1.17
[rosout][INFO] 2025-03-27 13:58:16,723: Back Left Min: 1.35, Back Right Min: 1.17
[rosout][INFO] 2025-03-27 13:58:16,826: Back Left Min: 1.35, Back Right Min: 1.17
[rosout][INFO] 2025-03-27 13:58:16,923: Back Left Min: 1.35, Back Right Min: 1.17
[rosout][INFO] 2025-03-27 13:58:17,027: Back Left Min: 1.35, Back Right Min: 1.17
[rosout][INFO] 2025-03-27 13:58:17,123: Back Left Min: 1.35, Back Right Min: 1.17
[rosout][INFO] 2025-03-27 13:58:17,227: Back Left Min: 1.35, Back Right Min: 1.17
[rosout][INFO] 2025-03-27 13:58:17,323: Back Left Min: 1.35, Back Right Min: 1.17
[rosout][INFO] 2025-03-27 13:58:17,427: Back Left Min: 1.35, Back Right Min: 1.17
[rosout][INFO] 2025-03-27 13:58:17,524: Back Left Min: 1.35, Back Right Min: 1.17
[rosout][INFO] 2025-03-27 13:58:17,627: Back Left Min: 1.35, Back Right Min: 1.17
[rosout][INFO] 2025-03-27 13:58:17,724: Back Left Min: 1.35, Back Right Min: 1.17
[rosout][INFO] 2025-03-27 13:58:17,827: Back Left Min: 1.35, Back Right Min: 1.17
[rosout][INFO] 2025-03-27 13:58:17,924: Back Left Min: 1.35, Back Right Min: 1.17
[rosout][INFO] 2025-03-27 13:58:18,027: Back Left Min: 1.35, Back Right Min: 1.17
[rosout][INFO] 2025-03-27 13:58:18,124: Back Left Min: 1.35, Back Right Min: 1.17
[rosout][INFO] 2025-03-27 13:58:18,227: Back Left Min: 1.35, Back Right Min: 1.17
[rosout][INFO] 2025-03-27 13:58:18,324: Back Left Min: 1.35, Back Right Min: 1.17
[rosout][INFO] 2025-03-27 13:58:18,427: Back Left Min: 1.35, Back Right Min: 1.17
[rosout][INFO] 2025-03-27 13:58:18,524: Back Left Min: 1.35, Back Right Min: 1.17
[rosout][INFO] 2025-03-27 13:58:18,627: Back Left Min: 1.35, Back Right Min: 1.17
[rosout][INFO] 2025-03-27 13:58:18,724: Back Left Min: 1.35, Back Right Min: 1.17
[rosout][INFO] 2025-03-27 13:58:18,827: Back Left Min: 1.35, Back Right Min: 1.17
[rosout][INFO] 2025-03-27 13:58:18,924: Back Left Min: 1.35, Back Right Min: 1.17
[rosout][INFO] 2025-03-27 13:58:19,027: Back Left Min: 1.35, Back Right Min: 1.17
[rosout][INFO] 2025-03-27 13:58:19,124: Back Left Min: 1.35, Back Right Min: 1.17
[rosout][INFO] 2025-03-27 13:58:19,227: Back Left Min: 1.35, Back Right Min: 1.17
[rosout][INFO] 2025-03-27 13:58:19,324: Back Left Min: 1.35, Back Right Min: 1.17
[rosout][INFO] 2025-03-27 13:58:19,427: Back Left Min: 1.35, Back Right Min: 1.17
[rosout][INFO] 2025-03-27 13:58:19,524: Back Left Min: 1.35, Back Right Min: 1.17
[rosout][INFO] 2025-03-27 13:58:19,627: Back Left Min: 1.35, Back Right Min: 1.17
[rosout][INFO] 2025-03-27 13:58:19,724: Back Left Min: 1.35, Back Right Min: 1.17
[rosout][INFO] 2025-03-27 13:58:19,827: Back Left Min: 1.35, Back Right Min: 1.17
[rosout][INFO] 2025-03-27 13:58:19,924: Back Left Min: 1.35, Back Right Min: 1.17
[rosout][INFO] 2025-03-27 13:58:20,027: Back Left Min: 1.35, Back Right Min: 1.17
[rosout][INFO] 2025-03-27 13:58:20,124: Back Left Min: 1.35, Back Right Min: 1.17
[rosout][INFO] 2025-03-27 13:58:20,228: Back Left Min: 1.35, Back Right Min: 1.17
[rosout][INFO] 2025-03-27 13:58:20,324: Back Left Min: 1.35, Back Right Min: 1.17
[rosout][INFO] 2025-03-27 13:58:20,428: Back Left Min: 1.35, Back Right Min: 1.17
[rosout][INFO] 2025-03-27 13:58:20,524: Back Left Min: 1.35, Back Right Min: 1.17
[rosout][INFO] 2025-03-27 13:58:20,628: Back Left Min: 1.35, Back Right Min: 1.17
[rosout][INFO] 2025-03-27 13:58:20,725: Back Left Min: 1.35, Back Right Min: 1.17
[rosout][INFO] 2025-03-27 13:58:20,828: Back Left Min: 1.35, Back Right Min: 1.17
[rosout][INFO] 2025-03-27 13:58:20,925: Back Left Min: 1.35, Back Right Min: 1.17
[rosout][INFO] 2025-03-27 13:58:21,028: Back Left Min: 1.35, Back Right Min: 1.17
[rosout][INFO] 2025-03-27 13:58:21,125: Back Left Min: 1.35, Back Right Min: 1.17
[rosout][INFO] 2025-03-27 13:58:21,228: Back Left Min: 1.35, Back Right Min: 1.17
[rosout][INFO] 2025-03-27 13:58:21,325: Back Left Min: 1.35, Back Right Min: 1.17
[rosout][INFO] 2025-03-27 13:58:21,428: Back Left Min: 1.35, Back Right Min: 1.17
[rosout][INFO] 2025-03-27 13:58:21,525: Back Left Min: 1.35, Back Right Min: 1.17
[rosout][INFO] 2025-03-27 13:58:21,628: Back Left Min: 1.35, Back Right Min: 1.17
[rosout][INFO] 2025-03-27 13:58:21,725: Back Left Min: 1.35, Back Right Min: 1.17
[rosout][INFO] 2025-03-27 13:58:21,828: Back Left Min: 1.35, Back Right Min: 1.17
[rosout][INFO] 2025-03-27 13:58:21,925: Back Left Min: 1.35, Back Right Min: 1.17
[rosout][INFO] 2025-03-27 13:58:22,028: Back Left Min: 1.35, Back Right Min: 1.17
[rosout][INFO] 2025-03-27 13:58:22,125: Back Left Min: 1.35, Back Right Min: 1.17
[rosout][INFO] 2025-03-27 13:58:22,228: Back Left Min: 1.35, Back Right Min: 1.17
[rosout][INFO] 2025-03-27 13:58:22,325: Back Left Min: 1.35, Back Right Min: 1.17
[rosout][INFO] 2025-03-27 13:58:22,428: Back Left Min: 1.35, Back Right Min: 1.17
[rosout][INFO] 2025-03-27 13:58:22,525: Back Left Min: 1.35, Back Right Min: 1.17
[rosout][INFO] 2025-03-27 13:58:22,629: Back Left Min: 1.35, Back Right Min: 1.17
[rosout][INFO] 2025-03-27 13:58:22,725: Back Left Min: 1.35, Back Right Min: 1.17
[rosout][INFO] 2025-03-27 13:58:22,829: Back Left Min: 1.35, Back Right Min: 1.17
[rosout][INFO] 2025-03-27 13:58:22,925: Back Left Min: 1.35, Back Right Min: 1.17
[rosout][INFO] 2025-03-27 13:58:23,029: Back Left Min: 1.35, Back Right Min: 1.17
[rosout][INFO] 2025-03-27 13:58:23,125: Back Left Min: 1.35, Back Right Min: 1.17
[rosout][INFO] 2025-03-27 13:58:23,229: Back Left Min: 1.35, Back Right Min: 1.17
[rosout][INFO] 2025-03-27 13:58:23,326: Back Left Min: 1.35, Back Right Min: 1.17
[rosout][INFO] 2025-03-27 13:58:23,429: Back Left Min: 1.35, Back Right Min: 1.17
[rosout][INFO] 2025-03-27 13:58:23,526: Back Left Min: 1.35, Back Right Min: 1.17
[rosout][INFO] 2025-03-27 13:58:23,629: Back Left Min: 1.35, Back Right Min: 1.17
[rosout][INFO] 2025-03-27 13:58:23,726: Back Left Min: 1.35, Back Right Min: 1.17
[rosout][INFO] 2025-03-27 13:58:23,829: Back Left Min: 1.35, Back Right Min: 1.17
[rosout][INFO] 2025-03-27 13:58:23,926: Back Left Min: 1.35, Back Right Min: 1.17
[rosout][INFO] 2025-03-27 13:58:24,029: Back Left Min: 1.35, Back Right Min: 1.17
[rosout][INFO] 2025-03-27 13:58:24,126: Back Left Min: 1.35, Back Right Min: 1.17
[rosout][INFO] 2025-03-27 13:58:24,229: Back Left Min: 1.35, Back Right Min: 1.17
[rosout][INFO] 2025-03-27 13:58:24,326: Back Left Min: 1.35, Back Right Min: 1.17
[rosout][INFO] 2025-03-27 13:58:24,429: Back Left Min: 1.35, Back Right Min: 1.17
[rosout][INFO] 2025-03-27 13:58:24,526: Back Left Min: 1.35, Back Right Min: 1.17
[rosout][INFO] 2025-03-27 13:58:24,629: Back Left Min: 1.35, Back Right Min: 1.17
[rosout][INFO] 2025-03-27 13:58:24,726: Back Left Min: 1.35, Back Right Min: 1.17
[rosout][INFO] 2025-03-27 13:58:24,829: Back Left Min: 1.35, Back Right Min: 1.17
[rosout][INFO] 2025-03-27 13:58:24,926: Back Left Min: 1.35, Back Right Min: 1.17
[rosout][INFO] 2025-03-27 13:58:25,029: Back Left Min: 1.35, Back Right Min: 1.17
[rosout][INFO] 2025-03-27 13:58:25,126: Back Left Min: 1.35, Back Right Min: 1.17
[rosout][INFO] 2025-03-27 13:58:25,229: Back Left Min: 1.35, Back Right Min: 1.17
[rosout][INFO] 2025-03-27 13:58:25,326: Back Left Min: 1.35, Back Right Min: 1.17
[rosout][INFO] 2025-03-27 13:58:25,429: Back Left Min: 1.35, Back Right Min: 1.17
[rosout][INFO] 2025-03-27 13:58:25,526: Back Left Min: 1.35, Back Right Min: 1.17
[rosout][INFO] 2025-03-27 13:58:25,630: Back Left Min: 1.35, Back Right Min: 1.17
[rosout][INFO] 2025-03-27 13:58:25,726: Back Left Min: 1.35, Back Right Min: 1.17
[rosout][INFO] 2025-03-27 13:58:25,830: Back Left Min: 1.35, Back Right Min: 1.17
[rosout][INFO] 2025-03-27 13:58:25,926: Back Left Min: 1.35, Back Right Min: 1.17
[rosout][INFO] 2025-03-27 13:58:26,030: Back Left Min: 1.35, Back Right Min: 1.17
[rosout][INFO] 2025-03-27 13:58:26,127: Back Left Min: 1.35, Back Right Min: 1.17
[rosout][INFO] 2025-03-27 13:58:26,230: Back Left Min: 1.35, Back Right Min: 1.17
[rosout][INFO] 2025-03-27 13:58:26,327: Back Left Min: 1.35, Back Right Min: 1.17
[rosout][INFO] 2025-03-27 13:58:26,430: Back Left Min: 1.35, Back Right Min: 1.17
[rosout][INFO] 2025-03-27 13:58:26,527: Back Left Min: 1.35, Back Right Min: 1.17
[rosout][INFO] 2025-03-27 13:58:26,630: Back Left Min: 1.35, Back Right Min: 1.17
[rosout][INFO] 2025-03-27 13:58:26,727: Back Left Min: 1.35, Back Right Min: 1.17
[rosout][INFO] 2025-03-27 13:58:26,830: Back Left Min: 1.35, Back Right Min: 1.17
[rosout][INFO] 2025-03-27 13:58:26,927: Back Left Min: 1.35, Back Right Min: 1.17
[rosout][INFO] 2025-03-27 13:58:27,030: Back Left Min: 1.35, Back Right Min: 1.17
[rosout][INFO] 2025-03-27 13:58:27,127: Back Left Min: 1.35, Back Right Min: 1.17
[rosout][INFO] 2025-03-27 13:58:27,230: Back Left Min: 1.35, Back Right Min: 1.17
[rosout][INFO] 2025-03-27 13:58:27,327: Back Left Min: 1.35, Back Right Min: 1.17
[rosout][INFO] 2025-03-27 13:58:27,430: Back Left Min: 1.35, Back Right Min: 1.17
[rosout][INFO] 2025-03-27 13:58:27,527: Back Left Min: 1.35, Back Right Min: 1.17
[rosout][INFO] 2025-03-27 13:58:27,630: Back Left Min: 1.35, Back Right Min: 1.17
[rosout][INFO] 2025-03-27 13:58:27,727: Back Left Min: 1.35, Back Right Min: 1.17
[rosout][INFO] 2025-03-27 13:58:27,830: Back Left Min: 1.35, Back Right Min: 1.17
[rosout][INFO] 2025-03-27 13:58:27,927: Back Left Min: 1.35, Back Right Min: 1.17
[rosout][INFO] 2025-03-27 13:58:28,031: Back Left Min: 1.35, Back Right Min: 1.17
[rosout][INFO] 2025-03-27 13:58:28,127: Back Left Min: 1.35, Back Right Min: 1.17
[rosout][INFO] 2025-03-27 13:58:28,231: Back Left Min: 1.35, Back Right Min: 1.17
[rosout][INFO] 2025-03-27 13:58:28,327: Back Left Min: 1.35, Back Right Min: 1.17
[rosout][INFO] 2025-03-27 13:58:28,431: Back Left Min: 1.35, Back Right Min: 1.17
[rosout][INFO] 2025-03-27 13:58:28,528: Back Left Min: 1.35, Back Right Min: 1.17
[rosout][INFO] 2025-03-27 13:58:28,631: Back Left Min: 1.35, Back Right Min: 1.17
[rosout][INFO] 2025-03-27 13:58:28,728: Back Left Min: 1.35, Back Right Min: 1.17
[rosout][INFO] 2025-03-27 13:58:28,831: Back Left Min: 1.35, Back Right Min: 1.17
[rosout][INFO] 2025-03-27 13:58:28,928: Back Left Min: 1.35, Back Right Min: 1.17
[rosout][INFO] 2025-03-27 13:58:29,031: Back Left Min: 1.35, Back Right Min: 1.17
[rosout][INFO] 2025-03-27 13:58:29,128: Back Left Min: 1.35, Back Right Min: 1.17
[rosout][INFO] 2025-03-27 13:58:29,231: Back Left Min: 1.35, Back Right Min: 1.17
[rosout][INFO] 2025-03-27 13:58:29,328: Back Left Min: 1.35, Back Right Min: 1.17
[rosout][INFO] 2025-03-27 13:58:29,431: Back Left Min: 1.35, Back Right Min: 1.17
[rosout][INFO] 2025-03-27 13:58:29,528: Back Left Min: 1.35, Back Right Min: 1.17
[rosout][INFO] 2025-03-27 13:58:29,632: Back Left Min: 1.35, Back Right Min: 1.17
[rosout][INFO] 2025-03-27 13:58:29,729: Back Left Min: 1.35, Back Right Min: 1.17
[rosout][INFO] 2025-03-27 13:58:29,832: Back Left Min: 1.35, Back Right Min: 1.17
[rosout][INFO] 2025-03-27 13:58:29,929: Back Left Min: 1.35, Back Right Min: 1.17
[rosout][INFO] 2025-03-27 13:58:30,032: Back Left Min: 1.35, Back Right Min: 1.17
[rosout][INFO] 2025-03-27 13:58:30,129: Back Left Min: 1.35, Back Right Min: 1.17
[rosout][INFO] 2025-03-27 13:58:30,232: Back Left Min: 1.35, Back Right Min: 1.17
[rosout][INFO] 2025-03-27 13:58:30,329: Back Left Min: 1.35, Back Right Min: 1.17
[rosout][INFO] 2025-03-27 13:58:30,432: Back Left Min: 1.35, Back Right Min: 1.17
[rosout][INFO] 2025-03-27 13:58:30,528: Back Left Min: 1.35, Back Right Min: 1.17
[rosout][INFO] 2025-03-27 13:58:30,632: Back Left Min: 1.35, Back Right Min: 1.17
[rosout][INFO] 2025-03-27 13:58:30,728: Back Left Min: 1.35, Back Right Min: 1.17
[rosout][INFO] 2025-03-27 13:58:30,832: Back Left Min: 1.35, Back Right Min: 1.17
[rosout][INFO] 2025-03-27 13:58:30,929: Back Left Min: 1.35, Back Right Min: 1.17
[rosout][INFO] 2025-03-27 13:58:31,032: Back Left Min: 1.35, Back Right Min: 1.17
[rosout][INFO] 2025-03-27 13:58:31,129: Back Left Min: 1.35, Back Right Min: 1.17
[rosout][INFO] 2025-03-27 13:58:31,232: Back Left Min: 1.35, Back Right Min: 1.17
[rosout][INFO] 2025-03-27 13:58:31,329: Back Left Min: 1.35, Back Right Min: 1.17
[rosout][INFO] 2025-03-27 13:58:31,432: Back Left Min: 1.35, Back Right Min: 1.17
[rosout][INFO] 2025-03-27 13:58:31,529: Back Left Min: 1.35, Back Right Min: 1.17
[rosout][INFO] 2025-03-27 13:58:31,632: Back Left Min: 1.35, Back Right Min: 1.17
[rosout][INFO] 2025-03-27 13:58:31,729: Back Left Min: 1.35, Back Right Min: 1.17
[rosout][INFO] 2025-03-27 13:58:31,832: Back Left Min: 1.35, Back Right Min: 1.17
[rosout][INFO] 2025-03-27 13:58:31,929: Back Left Min: 1.35, Back Right Min: 1.17
[rosout][INFO] 2025-03-27 13:58:32,033: Back Left Min: 1.35, Back Right Min: 1.17
[rosout][INFO] 2025-03-27 13:58:32,130: Back Left Min: 1.35, Back Right Min: 1.17
[rosout][INFO] 2025-03-27 13:58:32,233: Back Left Min: 1.35, Back Right Min: 1.17
[rosout][INFO] 2025-03-27 13:58:32,330: Back Left Min: 1.35, Back Right Min: 1.17
[rosout][INFO] 2025-03-27 13:58:32,432: Back Left Min: 1.35, Back Right Min: 1.17
[rosout][INFO] 2025-03-27 13:58:32,529: Back Left Min: 1.35, Back Right Min: 1.17
[rosout][INFO] 2025-03-27 13:58:32,632: Back Left Min: 1.35, Back Right Min: 1.17
[rosout][INFO] 2025-03-27 13:58:32,729: Back Left Min: 1.35, Back Right Min: 1.17
[rosout][INFO] 2025-03-27 13:58:32,833: Back Left Min: 1.35, Back Right Min: 1.17
[rosout][INFO] 2025-03-27 13:58:32,929: Back Left Min: 1.35, Back Right Min: 1.17
[rosout][INFO] 2025-03-27 13:58:33,033: Back Left Min: 1.35, Back Right Min: 1.17
[rosout][INFO] 2025-03-27 13:58:33,130: Back Left Min: 1.35, Back Right Min: 1.17
[rosout][INFO] 2025-03-27 13:58:33,233: Back Left Min: 1.35, Back Right Min: 1.17
[rosout][INFO] 2025-03-27 13:58:33,330: Back Left Min: 1.35, Back Right Min: 1.17
[rosout][INFO] 2025-03-27 13:58:33,433: Back Left Min: 1.35, Back Right Min: 1.17
[rosout][INFO] 2025-03-27 13:58:33,530: Back Left Min: 1.35, Back Right Min: 1.17
[rosout][INFO] 2025-03-27 13:58:33,633: Back Left Min: 1.35, Back Right Min: 1.17
[rosout][INFO] 2025-03-27 13:58:33,730: Back Left Min: 1.35, Back Right Min: 1.17
[rosout][INFO] 2025-03-27 13:58:33,833: Back Left Min: 1.35, Back Right Min: 1.17
[rosout][INFO] 2025-03-27 13:58:33,930: Back Left Min: 1.35, Back Right Min: 1.17
[rosout][INFO] 2025-03-27 13:58:34,033: Back Left Min: 1.35, Back Right Min: 1.17
[rosout][INFO] 2025-03-27 13:58:34,130: Back Left Min: 1.35, Back Right Min: 1.17
[rosout][INFO] 2025-03-27 13:58:34,233: Back Left Min: 1.35, Back Right Min: 1.17
[rosout][INFO] 2025-03-27 13:58:34,330: Back Left Min: 1.35, Back Right Min: 1.17
[rosout][INFO] 2025-03-27 13:58:34,433: Back Left Min: 1.35, Back Right Min: 1.17
[rosout][INFO] 2025-03-27 13:58:34,530: Back Left Min: 1.35, Back Right Min: 1.17
[rosout][INFO] 2025-03-27 13:58:34,633: Back Left Min: 1.35, Back Right Min: 1.17
[rosout][INFO] 2025-03-27 13:58:34,730: Back Left Min: 1.35, Back Right Min: 1.17
[rosout][INFO] 2025-03-27 13:58:34,833: Back Left Min: 1.35, Back Right Min: 1.17
[rosout][INFO] 2025-03-27 13:58:34,930: Back Left Min: 1.35, Back Right Min: 1.17
[rosout][INFO] 2025-03-27 13:58:35,033: Back Left Min: 1.35, Back Right Min: 1.17
[rosout][INFO] 2025-03-27 13:58:35,130: Back Left Min: 1.35, Back Right Min: 1.17
[rosout][INFO] 2025-03-27 13:58:35,234: Back Left Min: 1.35, Back Right Min: 1.17
[rosout][INFO] 2025-03-27 13:58:35,330: Back Left Min: 1.35, Back Right Min: 1.17
[rosout][INFO] 2025-03-27 13:58:35,434: Back Left Min: 1.35, Back Right Min: 1.17
[rosout][INFO] 2025-03-27 13:58:35,530: Back Left Min: 1.35, Back Right Min: 1.17
[rosout][INFO] 2025-03-27 13:58:35,634: Back Left Min: 1.35, Back Right Min: 1.17
[rosout][INFO] 2025-03-27 13:58:35,731: Back Left Min: 1.35, Back Right Min: 1.17
[rosout][INFO] 2025-03-27 13:58:35,834: Back Left Min: 1.36, Back Right Min: 1.17
[rosout][INFO] 2025-03-27 13:58:35,931: Back Left Min: 1.36, Back Right Min: 1.17
[rosout][INFO] 2025-03-27 13:58:36,034: Back Left Min: 1.36, Back Right Min: 1.17
[rosout][INFO] 2025-03-27 13:58:36,131: Back Left Min: 1.35, Back Right Min: 1.17
[rosout][INFO] 2025-03-27 13:58:36,234: Back Left Min: 1.35, Back Right Min: 1.17
[rosout][INFO] 2025-03-27 13:58:36,331: Back Left Min: 1.35, Back Right Min: 1.17
[rosout][INFO] 2025-03-27 13:58:36,434: Back Left Min: 1.35, Back Right Min: 1.17
[rosout][INFO] 2025-03-27 13:58:36,531: Back Left Min: 1.35, Back Right Min: 1.17
[rosout][INFO] 2025-03-27 13:58:36,634: Back Left Min: 1.35, Back Right Min: 1.17
[rosout][INFO] 2025-03-27 13:58:36,731: Back Left Min: 1.35, Back Right Min: 1.17
[rosout][INFO] 2025-03-27 13:58:36,834: Back Left Min: 1.35, Back Right Min: 1.17
[rosout][INFO] 2025-03-27 13:58:36,931: Back Left Min: 1.35, Back Right Min: 1.17
[rosout][INFO] 2025-03-27 13:58:37,034: Back Left Min: 1.35, Back Right Min: 1.17
[rosout][INFO] 2025-03-27 13:58:37,131: Back Left Min: 1.35, Back Right Min: 1.17
[rosout][INFO] 2025-03-27 13:58:37,234: Back Left Min: 1.35, Back Right Min: 1.17
[rosout][INFO] 2025-03-27 13:58:37,331: Back Left Min: 1.35, Back Right Min: 1.17
[rosout][INFO] 2025-03-27 13:58:37,434: Back Left Min: 1.35, Back Right Min: 1.17
[rosout][INFO] 2025-03-27 13:58:37,531: Back Left Min: 1.35, Back Right Min: 1.17
[rosout][INFO] 2025-03-27 13:58:37,634: Back Left Min: 1.35, Back Right Min: 1.17
[rosout][INFO] 2025-03-27 13:58:37,731: Back Left Min: 1.35, Back Right Min: 1.17
[rosout][INFO] 2025-03-27 13:58:37,835: Back Left Min: 1.35, Back Right Min: 1.17
[rosout][INFO] 2025-03-27 13:58:37,931: Back Left Min: 1.35, Back Right Min: 1.17
[rosout][INFO] 2025-03-27 13:58:38,035: Back Left Min: 1.35, Back Right Min: 1.17
[rosout][INFO] 2025-03-27 13:58:38,132: Back Left Min: 1.35, Back Right Min: 1.17
[rosout][INFO] 2025-03-27 13:58:38,235: Back Left Min: 1.35, Back Right Min: 1.17
[rosout][INFO] 2025-03-27 13:58:38,332: Back Left Min: 1.35, Back Right Min: 1.17
[rosout][INFO] 2025-03-27 13:58:38,435: Back Left Min: 1.35, Back Right Min: 1.17
[rosout][INFO] 2025-03-27 13:58:38,532: Back Left Min: 1.35, Back Right Min: 1.17
[rosout][INFO] 2025-03-27 13:58:38,635: Back Left Min: 1.35, Back Right Min: 1.17
[rosout][INFO] 2025-03-27 13:58:38,732: Back Left Min: 1.35, Back Right Min: 1.17
[rosout][INFO] 2025-03-27 13:58:38,835: Back Left Min: 1.35, Back Right Min: 1.17
[rosout][INFO] 2025-03-27 13:58:38,932: Back Left Min: 1.35, Back Right Min: 1.17
[rosout][INFO] 2025-03-27 13:58:39,035: Back Left Min: 1.35, Back Right Min: 1.17
[rosout][INFO] 2025-03-27 13:58:39,132: Back Left Min: 1.35, Back Right Min: 1.17
[rosout][INFO] 2025-03-27 13:58:39,235: Back Left Min: 1.35, Back Right Min: 1.17
[rosout][INFO] 2025-03-27 13:58:39,332: Back Left Min: 1.35, Back Right Min: 1.17
[rosout][INFO] 2025-03-27 13:58:39,435: Back Left Min: 1.35, Back Right Min: 1.17
[rosout][INFO] 2025-03-27 13:58:39,532: Back Left Min: 1.35, Back Right Min: 1.17
[rosout][INFO] 2025-03-27 13:58:39,635: Back Left Min: 1.35, Back Right Min: 1.17
[rosout][INFO] 2025-03-27 13:58:39,732: Back Left Min: 1.35, Back Right Min: 1.17
[rosout][INFO] 2025-03-27 13:58:39,835: Back Left Min: 1.35, Back Right Min: 1.17
[rosout][INFO] 2025-03-27 13:58:39,932: Back Left Min: 1.35, Back Right Min: 1.17
[rosout][INFO] 2025-03-27 13:58:40,036: Back Left Min: 1.35, Back Right Min: 1.17
[rosout][INFO] 2025-03-27 13:58:40,132: Back Left Min: 1.35, Back Right Min: 1.17
[rosout][INFO] 2025-03-27 13:58:40,236: Back Left Min: 1.35, Back Right Min: 1.17
[rosout][INFO] 2025-03-27 13:58:40,333: Back Left Min: 1.35, Back Right Min: 1.17
[rosout][INFO] 2025-03-27 13:58:40,436: Back Left Min: 1.35, Back Right Min: 1.17
[rosout][INFO] 2025-03-27 13:58:40,533: Back Left Min: 1.35, Back Right Min: 1.17
[rosout][INFO] 2025-03-27 13:58:40,636: Back Left Min: 1.35, Back Right Min: 1.17
[rosout][INFO] 2025-03-27 13:58:40,733: Back Left Min: 1.35, Back Right Min: 1.17
[rosout][INFO] 2025-03-27 13:58:40,836: Back Left Min: 1.35, Back Right Min: 1.17
[rosout][INFO] 2025-03-27 13:58:40,933: Back Left Min: 1.35, Back Right Min: 1.17
[rosout][INFO] 2025-03-27 13:58:41,036: Back Left Min: 1.35, Back Right Min: 1.17
[rosout][INFO] 2025-03-27 13:58:41,133: Back Left Min: 1.35, Back Right Min: 1.17
[rosout][INFO] 2025-03-27 13:58:41,236: Back Left Min: 1.35, Back Right Min: 1.17
[rosout][INFO] 2025-03-27 13:58:41,333: Back Left Min: 1.35, Back Right Min: 1.17
[rosout][INFO] 2025-03-27 13:58:41,436: Back Left Min: 1.35, Back Right Min: 1.17
[rosout][INFO] 2025-03-27 13:58:41,533: Back Left Min: 1.35, Back Right Min: 1.17
[rosout][INFO] 2025-03-27 13:58:41,636: Back Left Min: 1.35, Back Right Min: 1.17
[rosout][INFO] 2025-03-27 13:58:41,733: Back Left Min: 1.35, Back Right Min: 1.17
[rosout][INFO] 2025-03-27 13:58:41,836: Back Left Min: 1.35, Back Right Min: 1.17
[rosout][INFO] 2025-03-27 13:58:41,933: Back Left Min: 1.35, Back Right Min: 1.17
[rosout][INFO] 2025-03-27 13:58:42,036: Back Left Min: 1.35, Back Right Min: 1.17
[rosout][INFO] 2025-03-27 13:58:42,133: Back Left Min: 1.35, Back Right Min: 1.17
[rosout][INFO] 2025-03-27 13:58:42,236: Back Left Min: 1.35, Back Right Min: 1.17
[rosout][INFO] 2025-03-27 13:58:42,333: Back Left Min: 1.35, Back Right Min: 1.17
[rosout][INFO] 2025-03-27 13:58:42,437: Back Left Min: 1.35, Back Right Min: 1.17
[rosout][INFO] 2025-03-27 13:58:42,533: Back Left Min: 1.35, Back Right Min: 1.17
[rosout][INFO] 2025-03-27 13:58:42,637: Back Left Min: 1.35, Back Right Min: 1.17
[rosout][INFO] 2025-03-27 13:58:42,733: Back Left Min: 1.35, Back Right Min: 1.17
[rosout][INFO] 2025-03-27 13:58:42,837: Back Left Min: 1.35, Back Right Min: 1.17
[rosout][INFO] 2025-03-27 13:58:42,934: Back Left Min: 1.35, Back Right Min: 1.17
[rosout][INFO] 2025-03-27 13:58:43,037: Back Left Min: 1.35, Back Right Min: 1.17
[rosout][INFO] 2025-03-27 13:58:43,134: Back Left Min: 1.35, Back Right Min: 1.17
[rosout][INFO] 2025-03-27 13:58:43,237: Back Left Min: 1.35, Back Right Min: 1.17
[rosout][INFO] 2025-03-27 13:58:43,334: Back Left Min: 1.35, Back Right Min: 1.17
[rosout][INFO] 2025-03-27 13:58:43,437: Back Left Min: 1.35, Back Right Min: 1.17
[rosout][INFO] 2025-03-27 13:58:43,534: Back Left Min: 1.35, Back Right Min: 1.17
[rosout][INFO] 2025-03-27 13:58:43,637: Back Left Min: 1.35, Back Right Min: 1.17
[rosout][INFO] 2025-03-27 13:58:43,734: Back Left Min: 1.35, Back Right Min: 1.17
[rosout][INFO] 2025-03-27 13:58:43,837: Back Left Min: 1.35, Back Right Min: 1.17
[rosout][INFO] 2025-03-27 13:58:43,934: Back Left Min: 1.35, Back Right Min: 1.17
[rosout][INFO] 2025-03-27 13:58:44,037: Back Left Min: 1.35, Back Right Min: 1.17
[rosout][INFO] 2025-03-27 13:58:44,134: Back Left Min: 1.35, Back Right Min: 1.17
[rosout][INFO] 2025-03-27 13:58:44,237: Back Left Min: 1.35, Back Right Min: 1.17
[rosout][INFO] 2025-03-27 13:58:44,334: Back Left Min: 1.35, Back Right Min: 1.17
[rosout][INFO] 2025-03-27 13:58:44,437: Back Left Min: 1.35, Back Right Min: 1.17
[rosout][INFO] 2025-03-27 13:58:44,534: Back Left Min: 1.35, Back Right Min: 1.17
[rosout][INFO] 2025-03-27 13:58:44,637: Back Left Min: 1.35, Back Right Min: 1.17
[rosout][INFO] 2025-03-27 13:58:44,734: Back Left Min: 1.35, Back Right Min: 1.17
[rosout][INFO] 2025-03-27 13:58:44,837: Back Left Min: 1.35, Back Right Min: 1.17
[rosout][INFO] 2025-03-27 13:58:44,934: Back Left Min: 1.35, Back Right Min: 1.17
[rosout][INFO] 2025-03-27 13:58:45,038: Back Left Min: 1.35, Back Right Min: 1.17
[rosout][INFO] 2025-03-27 13:58:45,134: Back Left Min: 1.35, Back Right Min: 1.17
[rosout][INFO] 2025-03-27 13:58:45,238: Back Left Min: 1.35, Back Right Min: 1.17
[rosout][INFO] 2025-03-27 13:58:45,335: Back Left Min: 1.35, Back Right Min: 1.17
[rosout][INFO] 2025-03-27 13:58:45,438: Back Left Min: 1.35, Back Right Min: 1.17
[rosout][INFO] 2025-03-27 13:58:45,535: Back Left Min: 1.35, Back Right Min: 1.17
[rosout][INFO] 2025-03-27 13:58:45,638: Back Left Min: 1.35, Back Right Min: 1.17
[rosout][INFO] 2025-03-27 13:58:45,735: Back Left Min: 1.35, Back Right Min: 1.17
[rosout][INFO] 2025-03-27 13:58:45,838: Back Left Min: 1.35, Back Right Min: 1.17
[rosout][INFO] 2025-03-27 13:58:45,935: Back Left Min: 1.35, Back Right Min: 1.17
[rosout][INFO] 2025-03-27 13:58:46,038: Back Left Min: 1.35, Back Right Min: 1.17
[rosout][INFO] 2025-03-27 13:58:46,135: Back Left Min: 1.35, Back Right Min: 1.17
[rosout][INFO] 2025-03-27 13:58:46,239: Back Left Min: 1.35, Back Right Min: 1.17
[rosout][INFO] 2025-03-27 13:58:46,335: Back Left Min: 1.35, Back Right Min: 1.17
[rosout][INFO] 2025-03-27 13:58:46,439: Back Left Min: 1.35, Back Right Min: 1.17
[rosout][INFO] 2025-03-27 13:58:46,536: Back Left Min: 1.35, Back Right Min: 1.17
[rosout][INFO] 2025-03-27 13:58:46,639: Back Left Min: 1.35, Back Right Min: 1.17
[rosout][INFO] 2025-03-27 13:58:46,736: Back Left Min: 1.35, Back Right Min: 1.17
[rosout][INFO] 2025-03-27 13:58:46,839: Back Left Min: 1.35, Back Right Min: 1.17
[rosout][INFO] 2025-03-27 13:58:46,935: Back Left Min: 1.35, Back Right Min: 1.17
[rosout][INFO] 2025-03-27 13:58:47,039: Back Left Min: 1.35, Back Right Min: 1.17
[rosout][INFO] 2025-03-27 13:58:47,135: Back Left Min: 1.35, Back Right Min: 1.17
[rosout][INFO] 2025-03-27 13:58:47,238: Back Left Min: 1.35, Back Right Min: 1.17
[rosout][INFO] 2025-03-27 13:58:47,335: Back Left Min: 1.35, Back Right Min: 1.17
[rosout][INFO] 2025-03-27 13:58:47,439: Back Left Min: 1.35, Back Right Min: 1.17
[rosout][INFO] 2025-03-27 13:58:47,535: Back Left Min: 1.35, Back Right Min: 1.17
[rosout][INFO] 2025-03-27 13:58:47,639: Back Left Min: 1.35, Back Right Min: 1.17
[rosout][INFO] 2025-03-27 13:58:47,735: Back Left Min: 1.35, Back Right Min: 1.17
[rosout][INFO] 2025-03-27 13:58:47,839: Back Left Min: 1.35, Back Right Min: 1.17
[rosout][INFO] 2025-03-27 13:58:47,936: Back Left Min: 1.35, Back Right Min: 1.17
[rosout][INFO] 2025-03-27 13:58:48,039: Back Left Min: 1.35, Back Right Min: 1.17
[rosout][INFO] 2025-03-27 13:58:48,136: Back Left Min: 1.35, Back Right Min: 1.17
[rosout][INFO] 2025-03-27 13:58:48,239: Back Left Min: 1.35, Back Right Min: 1.17
[rosout][INFO] 2025-03-27 13:58:48,336: Back Left Min: 1.35, Back Right Min: 1.17
[rosout][INFO] 2025-03-27 13:58:48,439: Back Left Min: 1.35, Back Right Min: 1.17
[rosout][INFO] 2025-03-27 13:58:48,536: Back Left Min: 1.35, Back Right Min: 1.17
[rosout][INFO] 2025-03-27 13:58:48,639: Back Left Min: 1.35, Back Right Min: 1.17
[rosout][INFO] 2025-03-27 13:58:48,736: Back Left Min: 1.35, Back Right Min: 1.17
[rosout][INFO] 2025-03-27 13:58:48,839: Back Left Min: 1.35, Back Right Min: 1.17
[rosout][INFO] 2025-03-27 13:58:48,936: Back Left Min: 1.35, Back Right Min: 1.17
[rosout][INFO] 2025-03-27 13:58:49,039: Back Left Min: 1.35, Back Right Min: 1.17
[rosout][INFO] 2025-03-27 13:58:49,136: Back Left Min: 1.35, Back Right Min: 1.17
[rosout][INFO] 2025-03-27 13:58:49,239: Back Left Min: 1.35, Back Right Min: 1.17
[rosout][INFO] 2025-03-27 13:58:49,336: Back Left Min: 1.35, Back Right Min: 1.17
[rosout][INFO] 2025-03-27 13:58:49,439: Back Left Min: 1.35, Back Right Min: 1.17
[rosout][INFO] 2025-03-27 13:58:49,536: Back Left Min: 1.35, Back Right Min: 1.17
[rosout][INFO] 2025-03-27 13:58:49,639: Back Left Min: 1.35, Back Right Min: 1.17
[rosout][INFO] 2025-03-27 13:58:49,736: Back Left Min: 1.35, Back Right Min: 1.17
[rosout][INFO] 2025-03-27 13:58:49,840: Back Left Min: 1.35, Back Right Min: 1.17
[rosout][INFO] 2025-03-27 13:58:49,936: Back Left Min: 1.35, Back Right Min: 1.17
[rosout][INFO] 2025-03-27 13:58:50,040: Back Left Min: 1.35, Back Right Min: 1.17
[rosout][INFO] 2025-03-27 13:58:50,136: Back Left Min: 1.35, Back Right Min: 1.17
[rosout][INFO] 2025-03-27 13:58:50,240: Back Left Min: 1.35, Back Right Min: 1.17
[rosout][INFO] 2025-03-27 13:58:50,337: Back Left Min: 1.35, Back Right Min: 1.17
[rosout][INFO] 2025-03-27 13:58:50,440: Back Left Min: 1.35, Back Right Min: 1.17
[rosout][INFO] 2025-03-27 13:58:50,537: Back Left Min: 1.35, Back Right Min: 1.17
[rosout][INFO] 2025-03-27 13:58:50,640: Back Left Min: 1.35, Back Right Min: 1.17
[rosout][INFO] 2025-03-27 13:58:50,737: Back Left Min: 1.35, Back Right Min: 1.17
[rosout][INFO] 2025-03-27 13:58:50,840: Back Left Min: 1.35, Back Right Min: 1.17
[rosout][INFO] 2025-03-27 13:58:50,937: Back Left Min: 1.35, Back Right Min: 1.17
[rosout][INFO] 2025-03-27 13:58:51,040: Back Left Min: 1.35, Back Right Min: 1.17
[rosout][INFO] 2025-03-27 13:58:51,137: Back Left Min: 1.35, Back Right Min: 1.17
[rosout][INFO] 2025-03-27 13:58:51,240: Back Left Min: 1.35, Back Right Min: 1.17
[rosout][INFO] 2025-03-27 13:58:51,337: Back Left Min: 1.35, Back Right Min: 1.17
[rosout][INFO] 2025-03-27 13:58:51,440: Back Left Min: 1.35, Back Right Min: 1.17
[rosout][INFO] 2025-03-27 13:58:51,537: Back Left Min: 1.35, Back Right Min: 1.17
[rosout][INFO] 2025-03-27 13:58:51,640: Back Left Min: 1.35, Back Right Min: 1.17
[rosout][INFO] 2025-03-27 13:58:51,737: Back Left Min: 1.35, Back Right Min: 1.17
[rosout][INFO] 2025-03-27 13:58:51,840: Back Left Min: 1.35, Back Right Min: 1.17
[rosout][INFO] 2025-03-27 13:58:51,937: Back Left Min: 1.35, Back Right Min: 1.17
[rosout][INFO] 2025-03-27 13:58:52,040: Back Left Min: 1.35, Back Right Min: 1.17
[rosout][INFO] 2025-03-27 13:58:52,137: Back Left Min: 1.35, Back Right Min: 1.17
[rosout][INFO] 2025-03-27 13:58:52,240: Back Left Min: 1.35, Back Right Min: 1.17
[rosout][INFO] 2025-03-27 13:58:52,337: Back Left Min: 1.35, Back Right Min: 1.17
[rosout][INFO] 2025-03-27 13:58:52,441: Back Left Min: 1.35, Back Right Min: 1.17
[rosout][INFO] 2025-03-27 13:58:52,537: Back Left Min: 1.35, Back Right Min: 1.17
[rosout][INFO] 2025-03-27 13:58:52,641: Back Left Min: 1.35, Back Right Min: 1.17
[rosout][INFO] 2025-03-27 13:58:52,738: Back Left Min: 1.35, Back Right Min: 1.17
[rosout][INFO] 2025-03-27 13:58:52,841: Back Left Min: 1.35, Back Right Min: 1.17
[rosout][INFO] 2025-03-27 13:58:52,938: Back Left Min: 1.35, Back Right Min: 1.17
[rosout][INFO] 2025-03-27 13:58:53,041: Back Left Min: 1.35, Back Right Min: 1.17
[rosout][INFO] 2025-03-27 13:58:53,138: Back Left Min: 1.35, Back Right Min: 1.17
[rosout][INFO] 2025-03-27 13:58:53,241: Back Left Min: 1.35, Back Right Min: 1.17
[rosout][INFO] 2025-03-27 13:58:53,338: Back Left Min: 1.35, Back Right Min: 1.17
[rosout][INFO] 2025-03-27 13:58:53,441: Back Left Min: 1.35, Back Right Min: 1.17
[rosout][INFO] 2025-03-27 13:58:53,538: Back Left Min: 1.35, Back Right Min: 1.17
[rosout][INFO] 2025-03-27 13:58:53,641: Back Left Min: 1.35, Back Right Min: 1.17
[rosout][INFO] 2025-03-27 13:58:53,738: Back Left Min: 1.35, Back Right Min: 1.17
[rosout][INFO] 2025-03-27 13:58:53,841: Back Left Min: 1.35, Back Right Min: 1.17
[rosout][INFO] 2025-03-27 13:58:53,938: Back Left Min: 1.35, Back Right Min: 1.17
[rosout][INFO] 2025-03-27 13:58:54,041: Back Left Min: 1.35, Back Right Min: 1.17
[rosout][INFO] 2025-03-27 13:58:54,138: Back Left Min: 1.35, Back Right Min: 1.17
[rosout][INFO] 2025-03-27 13:58:54,241: Back Left Min: 1.35, Back Right Min: 1.17
[rosout][INFO] 2025-03-27 13:58:54,338: Back Left Min: 1.35, Back Right Min: 1.17
[rosout][INFO] 2025-03-27 13:58:54,441: Back Left Min: 1.35, Back Right Min: 1.17
[rosout][INFO] 2025-03-27 13:58:54,538: Back Left Min: 1.35, Back Right Min: 1.17
[rosout][INFO] 2025-03-27 13:58:54,642: Back Left Min: 1.35, Back Right Min: 1.17
[rosout][INFO] 2025-03-27 13:58:54,738: Back Left Min: 1.35, Back Right Min: 1.17
[rosout][INFO] 2025-03-27 13:58:54,842: Back Left Min: 1.35, Back Right Min: 1.17
[rosout][INFO] 2025-03-27 13:58:54,938: Back Left Min: 1.35, Back Right Min: 1.17
[rosout][INFO] 2025-03-27 13:58:55,042: Back Left Min: 1.35, Back Right Min: 1.17
[rosout][INFO] 2025-03-27 13:58:55,139: Back Left Min: 1.35, Back Right Min: 1.17
[rosout][INFO] 2025-03-27 13:58:55,242: Back Left Min: 1.35, Back Right Min: 1.17
[rosout][INFO] 2025-03-27 13:58:55,339: Back Left Min: 1.35, Back Right Min: 1.17
[rosout][INFO] 2025-03-27 13:58:55,442: Back Left Min: 1.35, Back Right Min: 1.17
[rosout][INFO] 2025-03-27 13:58:55,539: Back Left Min: 1.35, Back Right Min: 1.17
[rosout][INFO] 2025-03-27 13:58:55,642: Back Left Min: 1.35, Back Right Min: 1.17
[rosout][INFO] 2025-03-27 13:58:55,739: Back Left Min: 1.35, Back Right Min: 1.17
[rosout][INFO] 2025-03-27 13:58:55,842: Back Left Min: 1.35, Back Right Min: 1.17
[rosout][INFO] 2025-03-27 13:58:55,939: Back Left Min: 1.35, Back Right Min: 1.17
[rosout][INFO] 2025-03-27 13:58:56,042: Back Left Min: 1.35, Back Right Min: 1.17
[rosout][INFO] 2025-03-27 13:58:56,139: Back Left Min: 1.35, Back Right Min: 1.17
[rosout][INFO] 2025-03-27 13:58:56,242: Back Left Min: 1.35, Back Right Min: 1.17
[rosout][INFO] 2025-03-27 13:58:56,339: Back Left Min: 1.35, Back Right Min: 1.17
[rosout][INFO] 2025-03-27 13:58:56,442: Back Left Min: 1.35, Back Right Min: 1.17
[rosout][INFO] 2025-03-27 13:58:56,539: Back Left Min: 1.35, Back Right Min: 1.17
[rosout][INFO] 2025-03-27 13:58:56,642: Back Left Min: 1.35, Back Right Min: 1.17
[rosout][INFO] 2025-03-27 13:58:56,739: Back Left Min: 1.35, Back Right Min: 1.17
[rosout][INFO] 2025-03-27 13:58:56,842: Back Left Min: 1.35, Back Right Min: 1.17
[rosout][INFO] 2025-03-27 13:58:56,939: Back Left Min: 1.35, Back Right Min: 1.17
[rosout][INFO] 2025-03-27 13:58:57,043: Back Left Min: 1.35, Back Right Min: 1.17
[rosout][INFO] 2025-03-27 13:58:57,140: Back Left Min: 1.35, Back Right Min: 1.17
[rosout][INFO] 2025-03-27 13:58:57,243: Back Left Min: 1.35, Back Right Min: 1.17
[rosout][INFO] 2025-03-27 13:58:57,340: Back Left Min: 1.35, Back Right Min: 1.17
[rosout][INFO] 2025-03-27 13:58:57,443: Back Left Min: 1.35, Back Right Min: 1.17
[rosout][INFO] 2025-03-27 13:58:57,540: Back Left Min: 1.35, Back Right Min: 1.17
[rosout][INFO] 2025-03-27 13:58:57,643: Back Left Min: 1.35, Back Right Min: 1.17
[rosout][INFO] 2025-03-27 13:58:57,740: Back Left Min: 1.35, Back Right Min: 1.17
[rosout][INFO] 2025-03-27 13:58:57,843: Back Left Min: 1.35, Back Right Min: 1.17
[rosout][INFO] 2025-03-27 13:58:57,940: Back Left Min: 1.35, Back Right Min: 1.17
[rosout][INFO] 2025-03-27 13:58:58,043: Back Left Min: 1.35, Back Right Min: 1.17
[rosout][INFO] 2025-03-27 13:58:58,140: Back Left Min: 1.35, Back Right Min: 1.17
[rosout][INFO] 2025-03-27 13:58:58,243: Back Left Min: 1.35, Back Right Min: 1.17
[rosout][INFO] 2025-03-27 13:58:58,340: Back Left Min: 1.35, Back Right Min: 1.17
[rosout][INFO] 2025-03-27 13:58:58,443: Back Left Min: 1.35, Back Right Min: 1.17
[rosout][INFO] 2025-03-27 13:58:58,540: Back Left Min: 1.35, Back Right Min: 1.17
[rosout][INFO] 2025-03-27 13:58:58,643: Back Left Min: 1.35, Back Right Min: 1.17
[rosout][INFO] 2025-03-27 13:58:58,740: Back Left Min: 1.35, Back Right Min: 1.17
[rosout][INFO] 2025-03-27 13:58:58,843: Back Left Min: 1.35, Back Right Min: 1.17
[rosout][INFO] 2025-03-27 13:58:58,940: Back Left Min: 1.35, Back Right Min: 1.17
[rosout][INFO] 2025-03-27 13:58:59,043: Back Left Min: 1.35, Back Right Min: 1.17
[rosout][INFO] 2025-03-27 13:58:59,140: Back Left Min: 1.35, Back Right Min: 1.17
[rosout][INFO] 2025-03-27 13:58:59,244: Back Left Min: 1.35, Back Right Min: 1.17
[rosout][INFO] 2025-03-27 13:58:59,340: Back Left Min: 1.35, Back Right Min: 1.17
[rosout][INFO] 2025-03-27 13:58:59,444: Back Left Min: 1.35, Back Right Min: 1.17
[rosout][INFO] 2025-03-27 13:58:59,540: Back Left Min: 1.35, Back Right Min: 1.17
[rosout][INFO] 2025-03-27 13:58:59,644: Back Left Min: 1.35, Back Right Min: 1.17
[rosout][INFO] 2025-03-27 13:58:59,740: Back Left Min: 1.35, Back Right Min: 1.17
[rosout][INFO] 2025-03-27 13:58:59,844: Back Left Min: 1.35, Back Right Min: 1.17
[rosout][INFO] 2025-03-27 13:58:59,941: Back Left Min: 1.35, Back Right Min: 1.17
[rosout][INFO] 2025-03-27 13:59:00,044: Back Left Min: 1.35, Back Right Min: 1.17
[rosout][INFO] 2025-03-27 13:59:00,141: Back Left Min: 1.35, Back Right Min: 1.17
[rosout][INFO] 2025-03-27 13:59:00,244: Back Left Min: 1.35, Back Right Min: 1.17
[rosout][INFO] 2025-03-27 13:59:00,341: Back Left Min: 1.35, Back Right Min: 1.17
[rosout][INFO] 2025-03-27 13:59:00,444: Back Left Min: 1.35, Back Right Min: 1.17
[rosout][INFO] 2025-03-27 13:59:00,541: Back Left Min: 1.35, Back Right Min: 1.17
[rosout][INFO] 2025-03-27 13:59:00,644: Back Left Min: 1.35, Back Right Min: 1.17
[rosout][INFO] 2025-03-27 13:59:00,741: Back Left Min: 1.35, Back Right Min: 1.17
[rosout][INFO] 2025-03-27 13:59:00,844: Back Left Min: 1.35, Back Right Min: 1.17
[rosout][INFO] 2025-03-27 13:59:00,941: Back Left Min: 1.35, Back Right Min: 1.17
[rosout][INFO] 2025-03-27 13:59:01,044: Back Left Min: 1.35, Back Right Min: 1.17
[rosout][INFO] 2025-03-27 13:59:01,141: Back Left Min: 1.35, Back Right Min: 1.17
[rosout][INFO] 2025-03-27 13:59:01,244: Back Left Min: 1.35, Back Right Min: 1.17
[rosout][INFO] 2025-03-27 13:59:01,341: Back Left Min: 1.35, Back Right Min: 1.17
[rosout][INFO] 2025-03-27 13:59:01,444: Back Left Min: 1.35, Back Right Min: 1.17
[rosout][INFO] 2025-03-27 13:59:01,541: Back Left Min: 1.35, Back Right Min: 1.17
[rosout][INFO] 2025-03-27 13:59:01,644: Back Left Min: 1.35, Back Right Min: 1.17
[rosout][INFO] 2025-03-27 13:59:01,741: Back Left Min: 1.35, Back Right Min: 1.17
[rosout][INFO] 2025-03-27 13:59:01,845: Back Left Min: 1.35, Back Right Min: 1.17
[rosout][INFO] 2025-03-27 13:59:01,941: Back Left Min: 1.35, Back Right Min: 1.17
[rosout][INFO] 2025-03-27 13:59:02,045: Back Left Min: 1.35, Back Right Min: 1.17
[rosout][INFO] 2025-03-27 13:59:02,142: Back Left Min: 1.35, Back Right Min: 1.17
[rosout][INFO] 2025-03-27 13:59:02,245: Back Left Min: 1.35, Back Right Min: 1.17
[rosout][INFO] 2025-03-27 13:59:02,342: Back Left Min: 1.35, Back Right Min: 1.17
[rosout][INFO] 2025-03-27 13:59:02,445: Back Left Min: 1.35, Back Right Min: 1.17
[rosout][INFO] 2025-03-27 13:59:02,542: Back Left Min: 1.35, Back Right Min: 1.17
[rosout][INFO] 2025-03-27 13:59:02,645: Back Left Min: 1.35, Back Right Min: 1.17
[rosout][INFO] 2025-03-27 13:59:02,742: Back Left Min: 1.35, Back Right Min: 1.17
[rosout][INFO] 2025-03-27 13:59:02,845: Back Left Min: 1.35, Back Right Min: 1.17
[rosout][INFO] 2025-03-27 13:59:02,942: Back Left Min: 1.35, Back Right Min: 1.17
[rosout][INFO] 2025-03-27 13:59:03,045: Back Left Min: 1.35, Back Right Min: 1.17
[rosout][INFO] 2025-03-27 13:59:03,142: Back Left Min: 1.35, Back Right Min: 1.17
[rosout][INFO] 2025-03-27 13:59:03,245: Back Left Min: 1.35, Back Right Min: 1.17
[rosout][INFO] 2025-03-27 13:59:03,342: Back Left Min: 1.35, Back Right Min: 1.17
[rosout][INFO] 2025-03-27 13:59:03,445: Back Left Min: 1.35, Back Right Min: 1.17
[rosout][INFO] 2025-03-27 13:59:03,542: Back Left Min: 1.35, Back Right Min: 1.17
[rosout][INFO] 2025-03-27 13:59:03,645: Back Left Min: 1.35, Back Right Min: 1.17
[rosout][INFO] 2025-03-27 13:59:03,742: Back Left Min: 1.35, Back Right Min: 1.17
[rosout][INFO] 2025-03-27 13:59:03,845: Back Left Min: 1.35, Back Right Min: 1.17
[rosout][INFO] 2025-03-27 13:59:03,942: Back Left Min: 1.35, Back Right Min: 1.17
[rosout][INFO] 2025-03-27 13:59:04,046: Back Left Min: 1.35, Back Right Min: 1.17
[rosout][INFO] 2025-03-27 13:59:04,142: Back Left Min: 1.35, Back Right Min: 1.17
[rosout][INFO] 2025-03-27 13:59:04,246: Back Left Min: 1.35, Back Right Min: 1.17
[rosout][INFO] 2025-03-27 13:59:04,342: Back Left Min: 1.35, Back Right Min: 1.17
[rosout][INFO] 2025-03-27 13:59:04,446: Back Left Min: 1.35, Back Right Min: 1.17
[rosout][INFO] 2025-03-27 13:59:04,542: Back Left Min: 1.35, Back Right Min: 1.17
[rosout][INFO] 2025-03-27 13:59:04,646: Back Left Min: 1.35, Back Right Min: 1.17
[rosout][INFO] 2025-03-27 13:59:04,743: Back Left Min: 1.35, Back Right Min: 1.17
[rosout][INFO] 2025-03-27 13:59:04,846: Back Left Min: 1.35, Back Right Min: 1.17
[rosout][INFO] 2025-03-27 13:59:04,943: Back Left Min: 1.35, Back Right Min: 1.17
[rosout][INFO] 2025-03-27 13:59:05,046: Back Left Min: 1.35, Back Right Min: 1.17
[rosout][INFO] 2025-03-27 13:59:05,143: Back Left Min: 1.35, Back Right Min: 1.17
[rosout][INFO] 2025-03-27 13:59:05,246: Back Left Min: 1.35, Back Right Min: 1.17
[rosout][INFO] 2025-03-27 13:59:05,343: Back Left Min: 1.35, Back Right Min: 1.17
[rosout][INFO] 2025-03-27 13:59:05,446: Back Left Min: 1.35, Back Right Min: 1.17
[rosout][INFO] 2025-03-27 13:59:05,543: Back Left Min: 1.35, Back Right Min: 1.17
[rosout][INFO] 2025-03-27 13:59:05,646: Back Left Min: 1.35, Back Right Min: 1.17
[rosout][INFO] 2025-03-27 13:59:05,743: Back Left Min: 1.35, Back Right Min: 1.17
[rosout][INFO] 2025-03-27 13:59:05,846: Back Left Min: 1.35, Back Right Min: 1.17
[rosout][INFO] 2025-03-27 13:59:05,943: Back Left Min: 1.35, Back Right Min: 1.17
[rosout][INFO] 2025-03-27 13:59:06,046: Back Left Min: 1.35, Back Right Min: 1.17
[rosout][INFO] 2025-03-27 13:59:06,143: Back Left Min: 1.35, Back Right Min: 1.17
[rosout][INFO] 2025-03-27 13:59:06,246: Back Left Min: 1.35, Back Right Min: 1.17
[rosout][INFO] 2025-03-27 13:59:06,343: Back Left Min: 1.35, Back Right Min: 1.17
[rosout][INFO] 2025-03-27 13:59:06,446: Back Left Min: 1.35, Back Right Min: 1.17
[rosout][INFO] 2025-03-27 13:59:06,543: Back Left Min: 1.35, Back Right Min: 1.17
[rosout][INFO] 2025-03-27 13:59:06,647: Back Left Min: 1.35, Back Right Min: 1.17
[rosout][INFO] 2025-03-27 13:59:06,743: Back Left Min: 1.35, Back Right Min: 1.17
[rosout][INFO] 2025-03-27 13:59:06,847: Back Left Min: 1.35, Back Right Min: 1.17
[rosout][INFO] 2025-03-27 13:59:06,944: Back Left Min: 1.35, Back Right Min: 1.17
[rosout][INFO] 2025-03-27 13:59:07,047: Back Left Min: 1.35, Back Right Min: 1.17
[rosout][INFO] 2025-03-27 13:59:07,144: Back Left Min: 1.35, Back Right Min: 1.17
[rosout][INFO] 2025-03-27 13:59:07,247: Back Left Min: 1.35, Back Right Min: 1.17
[rosout][INFO] 2025-03-27 13:59:07,344: Back Left Min: 1.35, Back Right Min: 1.17
[rosout][INFO] 2025-03-27 13:59:07,447: Back Left Min: 1.35, Back Right Min: 1.17
[rosout][INFO] 2025-03-27 13:59:07,544: Back Left Min: 1.35, Back Right Min: 1.17
[rosout][INFO] 2025-03-27 13:59:07,647: Back Left Min: 1.35, Back Right Min: 1.17
[rosout][INFO] 2025-03-27 13:59:07,744: Back Left Min: 1.35, Back Right Min: 1.17
[rosout][INFO] 2025-03-27 13:59:07,847: Back Left Min: 1.35, Back Right Min: 1.17
[rosout][INFO] 2025-03-27 13:59:07,944: Back Left Min: 1.35, Back Right Min: 1.17
[rosout][INFO] 2025-03-27 13:59:08,047: Back Left Min: 1.35, Back Right Min: 1.17
[rosout][INFO] 2025-03-27 13:59:08,144: Back Left Min: 1.35, Back Right Min: 1.17
[rosout][INFO] 2025-03-27 13:59:08,247: Back Left Min: 1.35, Back Right Min: 1.17
[rosout][INFO] 2025-03-27 13:59:08,344: Back Left Min: 1.35, Back Right Min: 1.17
[rosout][INFO] 2025-03-27 13:59:08,447: Back Left Min: 1.35, Back Right Min: 1.17
[rosout][INFO] 2025-03-27 13:59:08,544: Back Left Min: 1.35, Back Right Min: 1.17
[rosout][INFO] 2025-03-27 13:59:08,647: Back Left Min: 1.35, Back Right Min: 1.17
[rosout][INFO] 2025-03-27 13:59:08,744: Back Left Min: 1.35, Back Right Min: 1.17
[rosout][INFO] 2025-03-27 13:59:08,848: Back Left Min: 1.35, Back Right Min: 1.17
[rosout][INFO] 2025-03-27 13:59:08,944: Back Left Min: 1.35, Back Right Min: 1.17
[rosout][INFO] 2025-03-27 13:59:09,048: Back Left Min: 1.35, Back Right Min: 1.17
[rosout][INFO] 2025-03-27 13:59:09,144: Back Left Min: 1.35, Back Right Min: 1.17
[rosout][INFO] 2025-03-27 13:59:09,248: Back Left Min: 1.35, Back Right Min: 1.17
[rosout][INFO] 2025-03-27 13:59:09,344: Back Left Min: 1.35, Back Right Min: 1.17
[rosout][INFO] 2025-03-27 13:59:09,448: Back Left Min: 1.35, Back Right Min: 1.17
[rosout][INFO] 2025-03-27 13:59:09,545: Back Left Min: 1.35, Back Right Min: 1.17
[rosout][INFO] 2025-03-27 13:59:09,648: Back Left Min: 1.35, Back Right Min: 1.17
[rosout][INFO] 2025-03-27 13:59:09,745: Back Left Min: 1.35, Back Right Min: 1.17
[rosout][INFO] 2025-03-27 13:59:09,848: Back Left Min: 1.35, Back Right Min: 1.17
[rosout][INFO] 2025-03-27 13:59:09,945: Back Left Min: 1.35, Back Right Min: 1.17
[rosout][INFO] 2025-03-27 13:59:10,048: Back Left Min: 1.35, Back Right Min: 1.17
[rosout][INFO] 2025-03-27 13:59:10,145: Back Left Min: 1.35, Back Right Min: 1.17
[rosout][INFO] 2025-03-27 13:59:10,248: Back Left Min: 1.35, Back Right Min: 1.17
[rosout][INFO] 2025-03-27 13:59:10,345: Back Left Min: 1.35, Back Right Min: 1.17
[rosout][INFO] 2025-03-27 13:59:10,448: Back Left Min: 1.35, Back Right Min: 1.17
[rosout][INFO] 2025-03-27 13:59:10,545: Back Left Min: 1.35, Back Right Min: 1.17
[rosout][INFO] 2025-03-27 13:59:10,648: Back Left Min: 1.35, Back Right Min: 1.17
[rosout][INFO] 2025-03-27 13:59:10,745: Back Left Min: 1.35, Back Right Min: 1.17
[rosout][INFO] 2025-03-27 13:59:10,848: Back Left Min: 1.35, Back Right Min: 1.17
[rosout][INFO] 2025-03-27 13:59:10,945: Back Left Min: 1.35, Back Right Min: 1.17
[rosout][INFO] 2025-03-27 13:59:11,048: Back Left Min: 1.35, Back Right Min: 1.17
[rosout][INFO] 2025-03-27 13:59:11,145: Back Left Min: 1.35, Back Right Min: 1.17
[rosout][INFO] 2025-03-27 13:59:11,249: Back Left Min: 1.35, Back Right Min: 1.17
[rosout][INFO] 2025-03-27 13:59:11,345: Back Left Min: 1.35, Back Right Min: 1.17
[rosout][INFO] 2025-03-27 13:59:11,449: Back Left Min: 1.35, Back Right Min: 1.17
[rosout][INFO] 2025-03-27 13:59:11,545: Back Left Min: 1.35, Back Right Min: 1.17
[rosout][INFO] 2025-03-27 13:59:11,649: Back Left Min: 1.35, Back Right Min: 1.17
[rosout][INFO] 2025-03-27 13:59:11,746: Back Left Min: 1.35, Back Right Min: 1.17
[rosout][INFO] 2025-03-27 13:59:11,849: Back Left Min: 1.35, Back Right Min: 1.17
[rosout][INFO] 2025-03-27 13:59:11,946: Back Left Min: 1.35, Back Right Min: 1.17
[rosout][INFO] 2025-03-27 13:59:12,049: Back Left Min: 1.35, Back Right Min: 1.17
[rosout][INFO] 2025-03-27 13:59:12,146: Back Left Min: 1.35, Back Right Min: 1.17
[rosout][INFO] 2025-03-27 13:59:12,250: Back Left Min: 1.35, Back Right Min: 1.17
[rosout][INFO] 2025-03-27 13:59:12,346: Back Left Min: 1.35, Back Right Min: 1.17
[rosout][INFO] 2025-03-27 13:59:12,449: Back Left Min: 1.35, Back Right Min: 1.17
[rosout][INFO] 2025-03-27 13:59:12,546: Back Left Min: 1.35, Back Right Min: 1.17
[rosout][INFO] 2025-03-27 13:59:12,649: Back Left Min: 1.35, Back Right Min: 1.17
[rosout][INFO] 2025-03-27 13:59:12,746: Back Left Min: 1.35, Back Right Min: 1.17
[rosout][INFO] 2025-03-27 13:59:12,849: Back Left Min: 1.35, Back Right Min: 1.17
[rosout][INFO] 2025-03-27 13:59:12,946: Back Left Min: 1.35, Back Right Min: 1.17
[rosout][INFO] 2025-03-27 13:59:13,049: Back Left Min: 1.35, Back Right Min: 1.17
[rosout][INFO] 2025-03-27 13:59:13,146: Back Left Min: 1.35, Back Right Min: 1.17
[rosout][INFO] 2025-03-27 13:59:13,249: Back Left Min: 1.35, Back Right Min: 1.17
[rosout][INFO] 2025-03-27 13:59:13,346: Back Left Min: 1.35, Back Right Min: 1.17
[rosout][INFO] 2025-03-27 13:59:13,449: Back Left Min: 1.35, Back Right Min: 1.17
[rosout][INFO] 2025-03-27 13:59:13,546: Back Left Min: 1.35, Back Right Min: 1.17
[rosout][INFO] 2025-03-27 13:59:13,650: Back Left Min: 1.35, Back Right Min: 1.17
[rosout][INFO] 2025-03-27 13:59:13,746: Back Left Min: 1.35, Back Right Min: 1.17
[rosout][INFO] 2025-03-27 13:59:13,850: Back Left Min: 1.35, Back Right Min: 1.17
[rosout][INFO] 2025-03-27 13:59:13,946: Back Left Min: 1.35, Back Right Min: 1.17
[rosout][INFO] 2025-03-27 13:59:14,050: Back Left Min: 1.35, Back Right Min: 1.17
[rosout][INFO] 2025-03-27 13:59:14,147: Back Left Min: 1.35, Back Right Min: 1.17
[rosout][INFO] 2025-03-27 13:59:14,250: Back Left Min: 1.35, Back Right Min: 1.17
[rosout][INFO] 2025-03-27 13:59:14,347: Back Left Min: 1.35, Back Right Min: 1.17
[rosout][INFO] 2025-03-27 13:59:14,450: Back Left Min: 1.35, Back Right Min: 1.17
[rosout][INFO] 2025-03-27 13:59:14,547: Back Left Min: 1.35, Back Right Min: 1.17
[rosout][INFO] 2025-03-27 13:59:14,650: Back Left Min: 1.35, Back Right Min: 1.17
[rosout][INFO] 2025-03-27 13:59:14,747: Back Left Min: 1.35, Back Right Min: 1.17
[rosout][INFO] 2025-03-27 13:59:14,850: Back Left Min: 1.35, Back Right Min: 1.17
[rosout][INFO] 2025-03-27 13:59:14,947: Back Left Min: 1.35, Back Right Min: 1.17
[rosout][INFO] 2025-03-27 13:59:15,050: Back Left Min: 1.35, Back Right Min: 1.17
[rosout][INFO] 2025-03-27 13:59:15,147: Back Left Min: 1.35, Back Right Min: 1.17
[rosout][INFO] 2025-03-27 13:59:15,250: Back Left Min: 1.35, Back Right Min: 1.17
[rosout][INFO] 2025-03-27 13:59:15,347: Back Left Min: 1.35, Back Right Min: 1.17
[rosout][INFO] 2025-03-27 13:59:15,450: Back Left Min: 1.35, Back Right Min: 1.17
[rosout][INFO] 2025-03-27 13:59:15,547: Back Left Min: 1.35, Back Right Min: 1.17
[rosout][INFO] 2025-03-27 13:59:15,650: Back Left Min: 1.35, Back Right Min: 1.17
[rosout][INFO] 2025-03-27 13:59:15,747: Back Left Min: 1.35, Back Right Min: 1.17
[rosout][INFO] 2025-03-27 13:59:15,850: Back Left Min: 1.35, Back Right Min: 1.17
[rosout][INFO] 2025-03-27 13:59:15,947: Back Left Min: 1.35, Back Right Min: 1.17
[rosout][INFO] 2025-03-27 13:59:16,051: Back Left Min: 1.35, Back Right Min: 1.17
[rosout][INFO] 2025-03-27 13:59:16,147: Back Left Min: 1.35, Back Right Min: 1.17
[rosout][INFO] 2025-03-27 13:59:16,251: Back Left Min: 1.35, Back Right Min: 1.17
[rosout][INFO] 2025-03-27 13:59:16,347: Back Left Min: 1.35, Back Right Min: 1.17
[rosout][INFO] 2025-03-27 13:59:16,451: Back Left Min: 1.35, Back Right Min: 1.17
[rosout][INFO] 2025-03-27 13:59:16,548: Back Left Min: 1.35, Back Right Min: 1.17
[rosout][INFO] 2025-03-27 13:59:16,651: Back Left Min: 1.35, Back Right Min: 1.17
[rosout][INFO] 2025-03-27 13:59:16,748: Back Left Min: 1.35, Back Right Min: 1.17
[rosout][INFO] 2025-03-27 13:59:16,851: Back Left Min: 1.35, Back Right Min: 1.17
[rosout][INFO] 2025-03-27 13:59:16,948: Back Left Min: 1.35, Back Right Min: 1.17
[rosout][INFO] 2025-03-27 13:59:17,051: Back Left Min: 1.35, Back Right Min: 1.17
[rosout][INFO] 2025-03-27 13:59:17,148: Back Left Min: 1.35, Back Right Min: 1.17
[rosout][INFO] 2025-03-27 13:59:17,251: Back Left Min: 1.35, Back Right Min: 1.17
[rosout][INFO] 2025-03-27 13:59:17,348: Back Left Min: 1.35, Back Right Min: 1.17
[rosout][INFO] 2025-03-27 13:59:17,451: Back Left Min: 1.35, Back Right Min: 1.17
[rosout][INFO] 2025-03-27 13:59:17,548: Back Left Min: 1.35, Back Right Min: 1.17
[rosout][INFO] 2025-03-27 13:59:17,652: Back Left Min: 1.35, Back Right Min: 1.17
[rosout][INFO] 2025-03-27 13:59:17,748: Back Left Min: 1.35, Back Right Min: 1.17
[rosout][INFO] 2025-03-27 13:59:17,852: Back Left Min: 1.35, Back Right Min: 1.17
[rosout][INFO] 2025-03-27 13:59:17,948: Back Left Min: 1.35, Back Right Min: 1.17
[rosout][INFO] 2025-03-27 13:59:18,052: Back Left Min: 1.35, Back Right Min: 1.17
[rosout][INFO] 2025-03-27 13:59:18,149: Back Left Min: 1.35, Back Right Min: 1.17
[rosout][INFO] 2025-03-27 13:59:18,252: Back Left Min: 1.35, Back Right Min: 1.17
[rosout][INFO] 2025-03-27 13:59:18,349: Back Left Min: 1.35, Back Right Min: 1.17
[rosout][INFO] 2025-03-27 13:59:18,452: Back Left Min: 1.35, Back Right Min: 1.17
[rosout][INFO] 2025-03-27 13:59:18,549: Back Left Min: 1.35, Back Right Min: 1.17
[rosout][INFO] 2025-03-27 13:59:18,652: Back Left Min: 1.35, Back Right Min: 1.17
[rosout][INFO] 2025-03-27 13:59:18,749: Back Left Min: 1.35, Back Right Min: 1.17
[rosout][INFO] 2025-03-27 13:59:18,852: Back Left Min: 1.35, Back Right Min: 1.17
[rosout][INFO] 2025-03-27 13:59:18,949: Back Left Min: 1.35, Back Right Min: 1.17
[rosout][INFO] 2025-03-27 13:59:19,052: Back Left Min: 1.35, Back Right Min: 1.17
[rosout][INFO] 2025-03-27 13:59:19,149: Back Left Min: 1.35, Back Right Min: 1.17
[rosout][INFO] 2025-03-27 13:59:19,252: Back Left Min: 1.35, Back Right Min: 1.17
[rosout][INFO] 2025-03-27 13:59:19,349: Back Left Min: 1.35, Back Right Min: 1.17
[rosout][INFO] 2025-03-27 13:59:19,452: Back Left Min: 1.35, Back Right Min: 1.17
[rosout][INFO] 2025-03-27 13:59:19,549: Back Left Min: 1.35, Back Right Min: 1.17
[rosout][INFO] 2025-03-27 13:59:19,652: Back Left Min: 1.35, Back Right Min: 1.17
[rosout][INFO] 2025-03-27 13:59:19,749: Back Left Min: 1.35, Back Right Min: 1.17
[rosout][INFO] 2025-03-27 13:59:19,852: Back Left Min: 1.35, Back Right Min: 1.17
[rosout][INFO] 2025-03-27 13:59:19,949: Back Left Min: 1.35, Back Right Min: 1.17
[rosout][INFO] 2025-03-27 13:59:20,052: Back Left Min: 1.35, Back Right Min: 1.17
[rosout][INFO] 2025-03-27 13:59:20,149: Back Left Min: 1.35, Back Right Min: 1.17
[rosout][INFO] 2025-03-27 13:59:20,252: Back Left Min: 1.35, Back Right Min: 1.17
[rosout][INFO] 2025-03-27 13:59:20,349: Back Left Min: 1.35, Back Right Min: 1.17
[rosout][INFO] 2025-03-27 13:59:20,452: Back Left Min: 1.35, Back Right Min: 1.17
[rosout][INFO] 2025-03-27 13:59:20,549: Back Left Min: 1.35, Back Right Min: 1.17
[rosout][INFO] 2025-03-27 13:59:20,652: Back Left Min: 1.35, Back Right Min: 1.17
[rosout][INFO] 2025-03-27 13:59:20,750: Back Left Min: 1.35, Back Right Min: 1.17
[rosout][INFO] 2025-03-27 13:59:20,853: Back Left Min: 1.35, Back Right Min: 1.17
[rosout][INFO] 2025-03-27 13:59:20,949: Back Left Min: 1.35, Back Right Min: 1.17
[rosout][INFO] 2025-03-27 13:59:21,053: Back Left Min: 1.35, Back Right Min: 1.17
[rosout][INFO] 2025-03-27 13:59:21,150: Back Left Min: 1.35, Back Right Min: 1.17
[rosout][INFO] 2025-03-27 13:59:21,253: Back Left Min: 1.35, Back Right Min: 1.17
[rosout][INFO] 2025-03-27 13:59:21,350: Back Left Min: 1.35, Back Right Min: 1.17
[rosout][INFO] 2025-03-27 13:59:21,453: Back Left Min: 1.35, Back Right Min: 1.17
[rosout][INFO] 2025-03-27 13:59:21,550: Back Left Min: 1.35, Back Right Min: 1.17
[rosout][INFO] 2025-03-27 13:59:21,653: Back Left Min: 1.35, Back Right Min: 1.17
[rosout][INFO] 2025-03-27 13:59:21,750: Back Left Min: 1.35, Back Right Min: 1.17
[rosout][INFO] 2025-03-27 13:59:21,853: Back Left Min: 1.35, Back Right Min: 1.17
[rosout][INFO] 2025-03-27 13:59:21,950: Back Left Min: 1.35, Back Right Min: 1.17
[rosout][INFO] 2025-03-27 13:59:22,053: Back Left Min: 1.35, Back Right Min: 1.17
[rosout][INFO] 2025-03-27 13:59:22,150: Back Left Min: 1.35, Back Right Min: 1.17
[rosout][INFO] 2025-03-27 13:59:22,253: Back Left Min: 1.35, Back Right Min: 1.17
[rosout][INFO] 2025-03-27 13:59:22,349: Back Left Min: 1.35, Back Right Min: 1.17
[rosout][INFO] 2025-03-27 13:59:22,453: Back Left Min: 1.35, Back Right Min: 1.17
[rosout][INFO] 2025-03-27 13:59:22,550: Back Left Min: 1.35, Back Right Min: 1.17
[rosout][INFO] 2025-03-27 13:59:22,653: Back Left Min: 1.35, Back Right Min: 1.17
[rosout][INFO] 2025-03-27 13:59:22,750: Back Left Min: 1.35, Back Right Min: 1.17
[rosout][INFO] 2025-03-27 13:59:22,853: Back Left Min: 1.35, Back Right Min: 1.17
[rosout][INFO] 2025-03-27 13:59:22,950: Back Left Min: 1.35, Back Right Min: 1.17
[rosout][INFO] 2025-03-27 13:59:23,054: Back Left Min: 1.35, Back Right Min: 1.17
[rosout][INFO] 2025-03-27 13:59:23,150: Back Left Min: 1.35, Back Right Min: 1.17
[rosout][INFO] 2025-03-27 13:59:23,254: Back Left Min: 1.35, Back Right Min: 1.17
[rosout][INFO] 2025-03-27 13:59:23,351: Back Left Min: 1.35, Back Right Min: 1.17
[rosout][INFO] 2025-03-27 13:59:23,454: Back Left Min: 1.35, Back Right Min: 1.17
[rosout][INFO] 2025-03-27 13:59:23,551: Back Left Min: 1.35, Back Right Min: 1.17
[rosout][INFO] 2025-03-27 13:59:23,654: Back Left Min: 1.35, Back Right Min: 1.17
[rosout][INFO] 2025-03-27 13:59:23,751: Back Left Min: 1.35, Back Right Min: 1.17
[rosout][INFO] 2025-03-27 13:59:23,854: Back Left Min: 1.35, Back Right Min: 1.17
[rosout][INFO] 2025-03-27 13:59:23,951: Back Left Min: 1.35, Back Right Min: 1.17
[rosout][INFO] 2025-03-27 13:59:24,054: Back Left Min: 1.35, Back Right Min: 1.17
[rosout][INFO] 2025-03-27 13:59:24,151: Back Left Min: 1.35, Back Right Min: 1.17
[rosout][INFO] 2025-03-27 13:59:24,254: Back Left Min: 1.35, Back Right Min: 1.17
[rosout][INFO] 2025-03-27 13:59:24,351: Back Left Min: 1.35, Back Right Min: 1.17
[rosout][INFO] 2025-03-27 13:59:24,454: Back Left Min: 1.35, Back Right Min: 1.17
[rosout][INFO] 2025-03-27 13:59:24,551: Back Left Min: 1.35, Back Right Min: 1.17
[rosout][INFO] 2025-03-27 13:59:24,654: Back Left Min: 1.35, Back Right Min: 1.17
[rosout][INFO] 2025-03-27 13:59:24,751: Back Left Min: 1.35, Back Right Min: 1.17
[rosout][INFO] 2025-03-27 13:59:24,854: Back Left Min: 1.35, Back Right Min: 1.17
[rosout][INFO] 2025-03-27 13:59:24,951: Back Left Min: 1.35, Back Right Min: 1.17
[rosout][INFO] 2025-03-27 13:59:25,054: Back Left Min: 1.35, Back Right Min: 1.17
[rosout][INFO] 2025-03-27 13:59:25,151: Back Left Min: 1.35, Back Right Min: 1.17
[rosout][INFO] 2025-03-27 13:59:25,254: Back Left Min: 1.35, Back Right Min: 1.17
[rosout][INFO] 2025-03-27 13:59:25,351: Back Left Min: 1.35, Back Right Min: 1.17
[rosout][INFO] 2025-03-27 13:59:25,454: Back Left Min: 1.35, Back Right Min: 1.17
[rosout][INFO] 2025-03-27 13:59:25,552: Back Left Min: 1.35, Back Right Min: 1.17
[rosout][INFO] 2025-03-27 13:59:25,655: Back Left Min: 1.35, Back Right Min: 1.17
[rosout][INFO] 2025-03-27 13:59:25,752: Back Left Min: 1.35, Back Right Min: 1.17
[rosout][INFO] 2025-03-27 13:59:25,855: Back Left Min: 1.35, Back Right Min: 1.17
[rosout][INFO] 2025-03-27 13:59:25,952: Back Left Min: 1.35, Back Right Min: 1.17
[rosout][INFO] 2025-03-27 13:59:26,055: Back Left Min: 1.35, Back Right Min: 1.17
[rosout][INFO] 2025-03-27 13:59:26,152: Back Left Min: 1.35, Back Right Min: 1.17
[rosout][INFO] 2025-03-27 13:59:26,255: Back Left Min: 1.35, Back Right Min: 1.17
[rosout][INFO] 2025-03-27 13:59:26,352: Back Left Min: 1.35, Back Right Min: 1.17
[rosout][INFO] 2025-03-27 13:59:26,455: Back Left Min: 1.35, Back Right Min: 1.17
[rosout][INFO] 2025-03-27 13:59:26,552: Back Left Min: 1.35, Back Right Min: 1.17
[rosout][INFO] 2025-03-27 13:59:26,655: Back Left Min: 1.35, Back Right Min: 1.17
[rosout][INFO] 2025-03-27 13:59:26,752: Back Left Min: 1.35, Back Right Min: 1.17
[rosout][INFO] 2025-03-27 13:59:26,855: Back Left Min: 1.35, Back Right Min: 1.17
[rosout][INFO] 2025-03-27 13:59:26,952: Back Left Min: 1.35, Back Right Min: 1.17
[rosout][INFO] 2025-03-27 13:59:27,055: Back Left Min: 1.35, Back Right Min: 1.17
[rosout][INFO] 2025-03-27 13:59:27,152: Back Left Min: 1.35, Back Right Min: 1.17
[rosout][INFO] 2025-03-27 13:59:27,255: Back Left Min: 1.35, Back Right Min: 1.17
[rosout][INFO] 2025-03-27 13:59:27,352: Back Left Min: 1.35, Back Right Min: 1.17
[rosout][INFO] 2025-03-27 13:59:27,455: Back Left Min: 1.35, Back Right Min: 1.17
[rosout][INFO] 2025-03-27 13:59:27,552: Back Left Min: 1.35, Back Right Min: 1.17
[rosout][INFO] 2025-03-27 13:59:27,655: Back Left Min: 1.35, Back Right Min: 1.17
[rosout][INFO] 2025-03-27 13:59:27,752: Back Left Min: 1.35, Back Right Min: 1.17
[rosout][INFO] 2025-03-27 13:59:27,856: Back Left Min: 1.35, Back Right Min: 1.17
[rosout][INFO] 2025-03-27 13:59:27,952: Back Left Min: 1.35, Back Right Min: 1.17
[rosout][INFO] 2025-03-27 13:59:28,056: Back Left Min: 1.35, Back Right Min: 1.17
[rosout][INFO] 2025-03-27 13:59:28,152: Back Left Min: 1.35, Back Right Min: 1.17
[rosout][INFO] 2025-03-27 13:59:28,256: Back Left Min: 1.35, Back Right Min: 1.17
[rosout][INFO] 2025-03-27 13:59:28,353: Back Left Min: 1.35, Back Right Min: 1.17
[rosout][INFO] 2025-03-27 13:59:28,456: Back Left Min: 1.35, Back Right Min: 1.17
[rosout][INFO] 2025-03-27 13:59:28,553: Back Left Min: 1.35, Back Right Min: 1.17
[rosout][INFO] 2025-03-27 13:59:28,656: Back Left Min: 1.35, Back Right Min: 1.17
[rosout][INFO] 2025-03-27 13:59:28,753: Back Left Min: 1.35, Back Right Min: 1.17
[rosout][INFO] 2025-03-27 13:59:28,856: Back Left Min: 1.35, Back Right Min: 1.17
[rosout][INFO] 2025-03-27 13:59:28,953: Back Left Min: 1.35, Back Right Min: 1.17
[rosout][INFO] 2025-03-27 13:59:29,056: Back Left Min: 1.35, Back Right Min: 1.17
[rosout][INFO] 2025-03-27 13:59:29,153: Back Left Min: 1.35, Back Right Min: 1.17
[rosout][INFO] 2025-03-27 13:59:29,256: Back Left Min: 1.35, Back Right Min: 1.17
[rosout][INFO] 2025-03-27 13:59:29,353: Back Left Min: 1.35, Back Right Min: 1.17
[rosout][INFO] 2025-03-27 13:59:29,456: Back Left Min: 1.35, Back Right Min: 1.17
[rosout][INFO] 2025-03-27 13:59:29,553: Back Left Min: 1.35, Back Right Min: 1.17
[rosout][INFO] 2025-03-27 13:59:29,656: Back Left Min: 1.35, Back Right Min: 1.17
[rosout][INFO] 2025-03-27 13:59:29,753: Back Left Min: 1.35, Back Right Min: 1.17
[rosout][INFO] 2025-03-27 13:59:29,856: Back Left Min: 1.35, Back Right Min: 1.17
[rosout][INFO] 2025-03-27 13:59:29,953: Back Left Min: 1.35, Back Right Min: 1.17
[rosout][INFO] 2025-03-27 13:59:30,056: Back Left Min: 1.35, Back Right Min: 1.17
[rosout][INFO] 2025-03-27 13:59:30,153: Back Left Min: 1.35, Back Right Min: 1.17
[rosout][INFO] 2025-03-27 13:59:30,256: Back Left Min: 1.35, Back Right Min: 1.17
[rosout][INFO] 2025-03-27 13:59:30,353: Back Left Min: 1.35, Back Right Min: 1.17
[rosout][INFO] 2025-03-27 13:59:30,457: Back Left Min: 1.35, Back Right Min: 1.17
[rosout][INFO] 2025-03-27 13:59:30,553: Back Left Min: 1.35, Back Right Min: 1.17
[rosout][INFO] 2025-03-27 13:59:30,657: Back Left Min: 1.35, Back Right Min: 1.17
[rosout][INFO] 2025-03-27 13:59:30,754: Back Left Min: 1.35, Back Right Min: 1.17
[rosout][INFO] 2025-03-27 13:59:30,857: Back Left Min: 1.35, Back Right Min: 1.17
[rosout][INFO] 2025-03-27 13:59:30,954: Back Left Min: 1.35, Back Right Min: 1.17
[rosout][INFO] 2025-03-27 13:59:31,057: Back Left Min: 1.35, Back Right Min: 1.17
[rosout][INFO] 2025-03-27 13:59:31,154: Back Left Min: 1.35, Back Right Min: 1.17
[rosout][INFO] 2025-03-27 13:59:31,257: Back Left Min: 1.35, Back Right Min: 1.17
[rosout][INFO] 2025-03-27 13:59:31,354: Back Left Min: 1.35, Back Right Min: 1.17
[rosout][INFO] 2025-03-27 13:59:31,457: Back Left Min: 1.35, Back Right Min: 1.17
[rosout][INFO] 2025-03-27 13:59:31,554: Back Left Min: 1.35, Back Right Min: 1.17
[rosout][INFO] 2025-03-27 13:59:31,657: Back Left Min: 1.35, Back Right Min: 1.17
[rosout][INFO] 2025-03-27 13:59:31,754: Back Left Min: 1.35, Back Right Min: 1.17
[rosout][INFO] 2025-03-27 13:59:31,857: Back Left Min: 1.35, Back Right Min: 1.17
[rosout][INFO] 2025-03-27 13:59:31,954: Back Left Min: 1.35, Back Right Min: 1.17
[rosout][INFO] 2025-03-27 13:59:32,057: Back Left Min: 1.35, Back Right Min: 1.17
[rosout][INFO] 2025-03-27 13:59:32,154: Back Left Min: 1.35, Back Right Min: 1.17
[rosout][INFO] 2025-03-27 13:59:32,257: Back Left Min: 1.35, Back Right Min: 1.17
[rosout][INFO] 2025-03-27 13:59:32,354: Back Left Min: 1.35, Back Right Min: 1.17
[rosout][INFO] 2025-03-27 13:59:32,457: Back Left Min: 1.35, Back Right Min: 1.17
[rosout][INFO] 2025-03-27 13:59:32,554: Back Left Min: 1.35, Back Right Min: 1.17
[rosout][INFO] 2025-03-27 13:59:32,657: Back Left Min: 1.35, Back Right Min: 1.17
[rosout][INFO] 2025-03-27 13:59:32,754: Back Left Min: 1.35, Back Right Min: 1.17
[rosout][INFO] 2025-03-27 13:59:32,858: Back Left Min: 1.35, Back Right Min: 1.17
[rosout][INFO] 2025-03-27 13:59:32,954: Back Left Min: 1.35, Back Right Min: 1.17
[rosout][INFO] 2025-03-27 13:59:33,058: Back Left Min: 1.35, Back Right Min: 1.17
[rosout][INFO] 2025-03-27 13:59:33,154: Back Left Min: 1.35, Back Right Min: 1.17
[rosout][INFO] 2025-03-27 13:59:33,258: Back Left Min: 1.35, Back Right Min: 1.17
[rosout][INFO] 2025-03-27 13:59:33,355: Back Left Min: 1.35, Back Right Min: 1.17
[rosout][INFO] 2025-03-27 13:59:33,458: Back Left Min: 1.35, Back Right Min: 1.17
[rosout][INFO] 2025-03-27 13:59:33,555: Back Left Min: 1.35, Back Right Min: 1.17
[rosout][INFO] 2025-03-27 13:59:33,658: Back Left Min: 1.35, Back Right Min: 1.17
[rosout][INFO] 2025-03-27 13:59:33,755: Back Left Min: 1.35, Back Right Min: 1.17
[rosout][INFO] 2025-03-27 13:59:33,858: Back Left Min: 1.35, Back Right Min: 1.17
[rosout][INFO] 2025-03-27 13:59:33,955: Back Left Min: 1.35, Back Right Min: 1.17
[rosout][INFO] 2025-03-27 13:59:34,058: Back Left Min: 1.35, Back Right Min: 1.17
[rosout][INFO] 2025-03-27 13:59:34,155: Back Left Min: 1.35, Back Right Min: 1.17
[rosout][INFO] 2025-03-27 13:59:34,258: Back Left Min: 1.35, Back Right Min: 1.17
[rosout][INFO] 2025-03-27 13:59:34,355: Back Left Min: 1.35, Back Right Min: 1.17
[rosout][INFO] 2025-03-27 13:59:34,458: Back Left Min: 1.35, Back Right Min: 1.17
[rosout][INFO] 2025-03-27 13:59:34,555: Back Left Min: 1.35, Back Right Min: 1.17
[rosout][INFO] 2025-03-27 13:59:34,658: Back Left Min: 1.35, Back Right Min: 1.17
[rosout][INFO] 2025-03-27 13:59:34,755: Back Left Min: 1.35, Back Right Min: 1.17
[rosout][INFO] 2025-03-27 13:59:34,858: Back Left Min: 1.35, Back Right Min: 1.17
[rosout][INFO] 2025-03-27 13:59:34,955: Back Left Min: 1.35, Back Right Min: 1.17
[rosout][INFO] 2025-03-27 13:59:35,059: Back Left Min: 1.35, Back Right Min: 1.17
[rosout][INFO] 2025-03-27 13:59:35,155: Back Left Min: 1.35, Back Right Min: 1.17
[rosout][INFO] 2025-03-27 13:59:35,259: Back Left Min: 1.35, Back Right Min: 1.17
[rosout][INFO] 2025-03-27 13:59:35,355: Back Left Min: 1.35, Back Right Min: 1.17
[rosout][INFO] 2025-03-27 13:59:35,459: Back Left Min: 1.35, Back Right Min: 1.17
[rosout][INFO] 2025-03-27 13:59:35,556: Back Left Min: 1.35, Back Right Min: 1.17
[rosout][INFO] 2025-03-27 13:59:35,659: Back Left Min: 1.35, Back Right Min: 1.17
[rosout][INFO] 2025-03-27 13:59:35,756: Back Left Min: 1.35, Back Right Min: 1.17
[rosout][INFO] 2025-03-27 13:59:35,859: Back Left Min: 1.35, Back Right Min: 1.17
[rosout][INFO] 2025-03-27 13:59:35,956: Back Left Min: 1.35, Back Right Min: 1.17
[rosout][INFO] 2025-03-27 13:59:36,059: Back Left Min: 1.35, Back Right Min: 1.17
[rosout][INFO] 2025-03-27 13:59:36,156: Back Left Min: 1.35, Back Right Min: 1.17
[rosout][INFO] 2025-03-27 13:59:36,259: Back Left Min: 1.35, Back Right Min: 1.17
[rosout][INFO] 2025-03-27 13:59:36,356: Back Left Min: 1.35, Back Right Min: 1.17
[rosout][INFO] 2025-03-27 13:59:36,459: Back Left Min: 1.35, Back Right Min: 1.17
[rosout][INFO] 2025-03-27 13:59:36,556: Back Left Min: 1.35, Back Right Min: 1.17
[rosout][INFO] 2025-03-27 13:59:36,659: Back Left Min: 1.35, Back Right Min: 1.17
[rosout][INFO] 2025-03-27 13:59:36,756: Back Left Min: 1.35, Back Right Min: 1.17
[rosout][INFO] 2025-03-27 13:59:36,859: Back Left Min: 1.35, Back Right Min: 1.17
[rosout][INFO] 2025-03-27 13:59:36,956: Back Left Min: 1.35, Back Right Min: 1.17
[rosout][INFO] 2025-03-27 13:59:37,059: Back Left Min: 1.35, Back Right Min: 1.17
[rosout][INFO] 2025-03-27 13:59:37,156: Back Left Min: 1.35, Back Right Min: 1.17
[rosout][INFO] 2025-03-27 13:59:37,260: Back Left Min: 1.35, Back Right Min: 1.17
[rosout][INFO] 2025-03-27 13:59:37,356: Back Left Min: 1.35, Back Right Min: 1.17
[rosout][INFO] 2025-03-27 13:59:37,459: Back Left Min: 1.35, Back Right Min: 1.17
[rosout][INFO] 2025-03-27 13:59:37,556: Back Left Min: 1.35, Back Right Min: 1.17
[rosout][INFO] 2025-03-27 13:59:37,660: Back Left Min: 1.35, Back Right Min: 1.17
[rosout][INFO] 2025-03-27 13:59:37,756: Back Left Min: 1.35, Back Right Min: 1.17
[rosout][INFO] 2025-03-27 13:59:37,860: Back Left Min: 1.35, Back Right Min: 1.17
[rosout][INFO] 2025-03-27 13:59:37,956: Back Left Min: 1.35, Back Right Min: 1.17
[rosout][INFO] 2025-03-27 13:59:38,060: Back Left Min: 1.35, Back Right Min: 1.17
[rosout][INFO] 2025-03-27 13:59:38,157: Back Left Min: 1.35, Back Right Min: 1.17
[rosout][INFO] 2025-03-27 13:59:38,260: Back Left Min: 1.35, Back Right Min: 1.17
[rosout][INFO] 2025-03-27 13:59:38,357: Back Left Min: 1.35, Back Right Min: 1.17
[rosout][INFO] 2025-03-27 13:59:38,460: Back Left Min: 1.35, Back Right Min: 1.17
[rosout][INFO] 2025-03-27 13:59:38,557: Back Left Min: 1.35, Back Right Min: 1.17
[rosout][INFO] 2025-03-27 13:59:38,660: Back Left Min: 1.35, Back Right Min: 1.17
[rosout][INFO] 2025-03-27 13:59:38,757: Back Left Min: 1.35, Back Right Min: 1.17
[rosout][INFO] 2025-03-27 13:59:38,860: Back Left Min: 1.35, Back Right Min: 1.17
[rosout][INFO] 2025-03-27 13:59:38,957: Back Left Min: 1.35, Back Right Min: 1.17
[rosout][INFO] 2025-03-27 13:59:39,060: Back Left Min: 1.35, Back Right Min: 1.17
[rosout][INFO] 2025-03-27 13:59:39,157: Back Left Min: 1.35, Back Right Min: 1.17
[rosout][INFO] 2025-03-27 13:59:39,260: Back Left Min: 1.35, Back Right Min: 1.17
[rosout][INFO] 2025-03-27 13:59:39,357: Back Left Min: 1.35, Back Right Min: 1.17
[rosout][INFO] 2025-03-27 13:59:39,460: Back Left Min: 1.35, Back Right Min: 1.17
[rosout][INFO] 2025-03-27 13:59:39,557: Back Left Min: 1.35, Back Right Min: 1.17
[rosout][INFO] 2025-03-27 13:59:39,660: Back Left Min: 1.35, Back Right Min: 1.17
[rosout][INFO] 2025-03-27 13:59:39,757: Back Left Min: 1.35, Back Right Min: 1.17
[rosout][INFO] 2025-03-27 13:59:39,860: Back Left Min: 1.35, Back Right Min: 1.17
[rosout][INFO] 2025-03-27 13:59:39,957: Back Left Min: 1.35, Back Right Min: 1.17
[rosout][INFO] 2025-03-27 13:59:40,060: Back Left Min: 1.35, Back Right Min: 1.17
[rosout][INFO] 2025-03-27 13:59:40,157: Back Left Min: 1.35, Back Right Min: 1.17
[rosout][INFO] 2025-03-27 13:59:40,261: Back Left Min: 1.35, Back Right Min: 1.17
[rosout][INFO] 2025-03-27 13:59:40,357: Back Left Min: 1.35, Back Right Min: 1.17
[rosout][INFO] 2025-03-27 13:59:40,461: Back Left Min: 1.35, Back Right Min: 1.17
[rosout][INFO] 2025-03-27 13:59:40,558: Back Left Min: 1.35, Back Right Min: 1.17
[rosout][INFO] 2025-03-27 13:59:40,661: Back Left Min: 1.35, Back Right Min: 1.17
[rosout][INFO] 2025-03-27 13:59:40,758: Back Left Min: 1.35, Back Right Min: 1.17
[rosout][INFO] 2025-03-27 13:59:40,861: Back Left Min: 1.35, Back Right Min: 1.17
[rosout][INFO] 2025-03-27 13:59:40,958: Back Left Min: 1.35, Back Right Min: 1.17
[rosout][INFO] 2025-03-27 13:59:41,061: Back Left Min: 1.35, Back Right Min: 1.17
[rosout][INFO] 2025-03-27 13:59:41,158: Back Left Min: 1.35, Back Right Min: 1.17
[rosout][INFO] 2025-03-27 13:59:41,261: Back Left Min: 1.35, Back Right Min: 1.17
[rosout][INFO] 2025-03-27 13:59:41,358: Back Left Min: 1.35, Back Right Min: 1.17
[rosout][INFO] 2025-03-27 13:59:41,461: Back Left Min: 1.35, Back Right Min: 1.17
[rosout][INFO] 2025-03-27 13:59:41,558: Back Left Min: 1.35, Back Right Min: 1.17
[rosout][INFO] 2025-03-27 13:59:41,661: Back Left Min: 1.35, Back Right Min: 1.17
[rosout][INFO] 2025-03-27 13:59:41,758: Back Left Min: 1.35, Back Right Min: 1.17
[rosout][INFO] 2025-03-27 13:59:41,861: Back Left Min: 1.35, Back Right Min: 1.17
[rospy.core][INFO] 2025-03-27 13:59:41,894: signal_shutdown [signal-2]
[rospy.internal][INFO] 2025-03-27 13:59:41,901: topic[/rosout] removing connection to /rosout
[rospy.internal][INFO] 2025-03-27 13:59:41,901: topic[/RosAria/sonar] removing connection to http://localhost:37299/
[rospy.impl.masterslave][INFO] 2025-03-27 13:59:41,902: signal-2
[rospy.internal][WARNING] 2025-03-27 13:59:41,917: Unknown error initiating TCP/IP socket to localhost:60417 (http://localhost:37299/): Traceback (most recent call last):
  File "/opt/ros/kinetic/lib/python2.7/dist-packages/rospy/impl/tcpros_base.py", line 558, in connect
    self.read_header()
  File "/opt/ros/kinetic/lib/python2.7/dist-packages/rospy/impl/tcpros_base.py", line 651, in read_header
    self._validate_header(read_ros_handshake_header(sock, self.read_buff, self.protocol.buff_size))
AttributeError: 'NoneType' object has no attribute 'buff_size'

[rospy.core][INFO] 2025-03-27 13:59:42,019: signal_shutdown [atexit]
