[rospy.client][INFO] 2025-04-03 14:43:39,110: init_node, name[/sonar_processor_3455_1743666219089], pid[3455]
[xmlrpc][INFO] 2025-04-03 14:43:39,111: XML-RPC server binding to 127.0.0.1:0
[xmlrpc][INFO] 2025-04-03 14:43:39,111: Started XML-RPC server [http://localhost:42293/]
[rospy.init][INFO] 2025-04-03 14:43:39,111: ROS Slave URI: [http://localhost:42293/]
[rospy.impl.masterslave][INFO] 2025-04-03 14:43:39,111: _ready: http://localhost:42293/
[rospy.registration][INFO] 2025-04-03 14:43:39,112: Registering with master node http://localhost:11311
[xmlrpc][INFO] 2025-04-03 14:43:39,112: xml rpc node: starting XML-RPC server
[rospy.init][INFO] 2025-04-03 14:43:39,212: registered with master
[rospy.rosout][INFO] 2025-04-03 14:43:39,212: initializing /rosout core topic
[rospy.rosout][INFO] 2025-04-03 14:43:39,213: connected to core topic /rosout
[rospy.simtime][INFO] 2025-04-03 14:43:39,214: /use_sim_time is not set, will not subscribe to simulated time [/clock] topic
[rosout][INFO] 2025-04-03 14:43:39,218: Sonar processor initialized
[rospy.internal][INFO] 2025-04-03 14:43:39,226: topic[/RosAria/sonar] adding connection to [http://localhost:42431/], count 0
[rosout][INFO] 2025-04-03 14:43:39,279: Back Left Min: 1.40, Back Right Min: 0.60
[rospy.internal][INFO] 2025-04-03 14:43:39,338: topic[/sonar_min] adding connection to [/controller_joystick], count 0
[rosout][INFO] 2025-04-03 14:43:39,387: Back Left Min: 1.40, Back Right Min: 2.37
[rospy.internal][INFO] 2025-04-03 14:43:39,397: topic[/rosout] adding connection to [/rosout], count 0
[rosout][INFO] 2025-04-03 14:43:39,484: Back Left Min: 1.40, Back Right Min: 2.37
[rosout][INFO] 2025-04-03 14:43:39,587: Back Left Min: 1.40, Back Right Min: 0.60
[rosout][INFO] 2025-04-03 14:43:39,684: Back Left Min: 1.40, Back Right Min: 0.60
[rosout][INFO] 2025-04-03 14:43:39,787: Back Left Min: 1.40, Back Right Min: 0.60
[rosout][INFO] 2025-04-03 14:43:39,884: Back Left Min: 1.40, Back Right Min: 0.60
[rosout][INFO] 2025-04-03 14:43:39,987: Back Left Min: 1.40, Back Right Min: 0.60
[rosout][INFO] 2025-04-03 14:43:40,084: Back Left Min: 1.40, Back Right Min: 0.60
[rosout][INFO] 2025-04-03 14:43:40,187: Back Left Min: 1.40, Back Right Min: 0.60
[rosout][INFO] 2025-04-03 14:43:40,284: Back Left Min: 1.40, Back Right Min: 0.60
[rosout][INFO] 2025-04-03 14:43:40,387: Back Left Min: 1.40, Back Right Min: 0.60
[rosout][INFO] 2025-04-03 14:43:40,484: Back Left Min: 1.40, Back Right Min: 0.60
[rosout][INFO] 2025-04-03 14:43:40,587: Back Left Min: 1.40, Back Right Min: 0.60
[rosout][INFO] 2025-04-03 14:43:40,684: Back Left Min: 1.40, Back Right Min: 0.60
[rosout][INFO] 2025-04-03 14:43:40,787: Back Left Min: 1.40, Back Right Min: 0.60
[rosout][INFO] 2025-04-03 14:43:40,884: Back Left Min: 1.40, Back Right Min: 0.60
[rosout][INFO] 2025-04-03 14:43:40,987: Back Left Min: 1.40, Back Right Min: 0.60
[rosout][INFO] 2025-04-03 14:43:41,084: Back Left Min: 1.40, Back Right Min: 0.60
[rosout][INFO] 2025-04-03 14:43:41,187: Back Left Min: 1.40, Back Right Min: 0.60
[rosout][INFO] 2025-04-03 14:43:41,284: Back Left Min: 1.40, Back Right Min: 0.60
[rosout][INFO] 2025-04-03 14:43:41,387: Back Left Min: 1.40, Back Right Min: 0.60
[rosout][INFO] 2025-04-03 14:43:41,484: Back Left Min: 1.40, Back Right Min: 0.60
[rosout][INFO] 2025-04-03 14:43:41,588: Back Left Min: 1.40, Back Right Min: 0.60
[rosout][INFO] 2025-04-03 14:43:41,684: Back Left Min: 1.40, Back Right Min: 0.60
[rosout][INFO] 2025-04-03 14:43:41,787: Back Left Min: 1.40, Back Right Min: 0.60
[rosout][INFO] 2025-04-03 14:43:41,884: Back Left Min: 1.40, Back Right Min: 0.60
[rosout][INFO] 2025-04-03 14:43:41,988: Back Left Min: 1.40, Back Right Min: 0.60
[rosout][INFO] 2025-04-03 14:43:42,084: Back Left Min: 1.40, Back Right Min: 0.60
[rosout][INFO] 2025-04-03 14:43:42,188: Back Left Min: 1.40, Back Right Min: 0.60
[rosout][INFO] 2025-04-03 14:43:42,284: Back Left Min: 1.40, Back Right Min: 0.60
[rosout][INFO] 2025-04-03 14:43:42,388: Back Left Min: 1.40, Back Right Min: 0.60
[rosout][INFO] 2025-04-03 14:43:42,485: Back Left Min: 1.40, Back Right Min: 0.60
[rosout][INFO] 2025-04-03 14:43:42,588: Back Left Min: 1.40, Back Right Min: 0.60
[rosout][INFO] 2025-04-03 14:43:42,685: Back Left Min: 1.40, Back Right Min: 0.60
[rosout][INFO] 2025-04-03 14:43:42,788: Back Left Min: 1.40, Back Right Min: 0.60
[rosout][INFO] 2025-04-03 14:43:42,885: Back Left Min: 1.40, Back Right Min: 0.60
[rosout][INFO] 2025-04-03 14:43:42,993: Back Left Min: 1.40, Back Right Min: 0.60
[rosout][INFO] 2025-04-03 14:43:43,084: Back Left Min: 1.40, Back Right Min: 0.60
[rosout][INFO] 2025-04-03 14:43:43,188: Back Left Min: 1.40, Back Right Min: 0.60
[rosout][INFO] 2025-04-03 14:43:43,284: Back Left Min: 1.40, Back Right Min: 0.60
[rosout][INFO] 2025-04-03 14:43:43,388: Back Left Min: 1.40, Back Right Min: 0.60
[rosout][INFO] 2025-04-03 14:43:43,484: Back Left Min: 1.40, Back Right Min: 0.60
[rosout][INFO] 2025-04-03 14:43:43,588: Back Left Min: 1.40, Back Right Min: 0.60
[rosout][INFO] 2025-04-03 14:43:43,685: Back Left Min: 1.40, Back Right Min: 0.60
[rosout][INFO] 2025-04-03 14:43:43,788: Back Left Min: 1.40, Back Right Min: 0.60
[rosout][INFO] 2025-04-03 14:43:43,885: Back Left Min: 1.40, Back Right Min: 0.60
[rosout][INFO] 2025-04-03 14:43:43,988: Back Left Min: 1.40, Back Right Min: 0.60
[rosout][INFO] 2025-04-03 14:43:44,085: Back Left Min: 1.40, Back Right Min: 0.60
[rosout][INFO] 2025-04-03 14:43:44,188: Back Left Min: 1.40, Back Right Min: 0.60
[rosout][INFO] 2025-04-03 14:43:44,285: Back Left Min: 1.40, Back Right Min: 0.60
[rosout][INFO] 2025-04-03 14:43:44,388: Back Left Min: 1.40, Back Right Min: 0.60
[rosout][INFO] 2025-04-03 14:43:44,485: Back Left Min: 1.40, Back Right Min: 0.60
[rosout][INFO] 2025-04-03 14:43:44,588: Back Left Min: 1.40, Back Right Min: 0.60
[rosout][INFO] 2025-04-03 14:43:44,685: Back Left Min: 1.40, Back Right Min: 0.60
[rosout][INFO] 2025-04-03 14:43:44,788: Back Left Min: 1.40, Back Right Min: 0.60
[rosout][INFO] 2025-04-03 14:43:44,885: Back Left Min: 1.40, Back Right Min: 0.60
[rosout][INFO] 2025-04-03 14:43:44,988: Back Left Min: 1.40, Back Right Min: 0.60
[rosout][INFO] 2025-04-03 14:43:45,085: Back Left Min: 1.40, Back Right Min: 0.60
[rosout][INFO] 2025-04-03 14:43:45,188: Back Left Min: 1.40, Back Right Min: 0.60
[rosout][INFO] 2025-04-03 14:43:45,285: Back Left Min: 1.40, Back Right Min: 0.60
[rosout][INFO] 2025-04-03 14:43:45,388: Back Left Min: 1.40, Back Right Min: 0.60
[rosout][INFO] 2025-04-03 14:43:45,485: Back Left Min: 1.40, Back Right Min: 0.60
[rosout][INFO] 2025-04-03 14:43:45,588: Back Left Min: 1.40, Back Right Min: 0.60
[rosout][INFO] 2025-04-03 14:43:45,685: Back Left Min: 1.40, Back Right Min: 0.60
[rosout][INFO] 2025-04-03 14:43:45,788: Back Left Min: 1.40, Back Right Min: 0.60
[rosout][INFO] 2025-04-03 14:43:45,885: Back Left Min: 1.40, Back Right Min: 0.60
[rosout][INFO] 2025-04-03 14:43:45,988: Back Left Min: 1.40, Back Right Min: 0.60
[rosout][INFO] 2025-04-03 14:43:46,085: Back Left Min: 1.40, Back Right Min: 0.60
[rosout][INFO] 2025-04-03 14:43:46,188: Back Left Min: 1.40, Back Right Min: 0.60
[rosout][INFO] 2025-04-03 14:43:46,285: Back Left Min: 1.40, Back Right Min: 0.60
[rosout][INFO] 2025-04-03 14:43:46,388: Back Left Min: 1.40, Back Right Min: 0.60
[rosout][INFO] 2025-04-03 14:43:46,485: Back Left Min: 1.40, Back Right Min: 0.60
[rosout][INFO] 2025-04-03 14:43:46,588: Back Left Min: 1.40, Back Right Min: 0.60
[rosout][INFO] 2025-04-03 14:43:46,685: Back Left Min: 1.40, Back Right Min: 0.60
[rosout][INFO] 2025-04-03 14:43:46,788: Back Left Min: 1.40, Back Right Min: 0.60
[rosout][INFO] 2025-04-03 14:43:46,885: Back Left Min: 1.40, Back Right Min: 0.60
[rosout][INFO] 2025-04-03 14:43:46,988: Back Left Min: 1.40, Back Right Min: 0.60
[rosout][INFO] 2025-04-03 14:43:47,085: Back Left Min: 1.40, Back Right Min: 0.60
[rosout][INFO] 2025-04-03 14:43:47,188: Back Left Min: 1.40, Back Right Min: 0.60
[rosout][INFO] 2025-04-03 14:43:47,285: Back Left Min: 1.40, Back Right Min: 0.60
[rosout][INFO] 2025-04-03 14:43:47,388: Back Left Min: 1.40, Back Right Min: 0.60
[rosout][INFO] 2025-04-03 14:43:47,485: Back Left Min: 1.40, Back Right Min: 0.60
[rosout][INFO] 2025-04-03 14:43:47,588: Back Left Min: 1.40, Back Right Min: 0.60
[rosout][INFO] 2025-04-03 14:43:47,685: Back Left Min: 1.40, Back Right Min: 0.60
[rosout][INFO] 2025-04-03 14:43:47,788: Back Left Min: 1.40, Back Right Min: 0.60
[rosout][INFO] 2025-04-03 14:43:47,885: Back Left Min: 1.40, Back Right Min: 0.60
[rosout][INFO] 2025-04-03 14:43:47,988: Back Left Min: 1.40, Back Right Min: 0.60
[rosout][INFO] 2025-04-03 14:43:48,085: Back Left Min: 1.40, Back Right Min: 0.60
[rosout][INFO] 2025-04-03 14:43:48,188: Back Left Min: 1.40, Back Right Min: 0.60
[rosout][INFO] 2025-04-03 14:43:48,285: Back Left Min: 1.40, Back Right Min: 0.60
[rosout][INFO] 2025-04-03 14:43:48,388: Back Left Min: 1.40, Back Right Min: 0.60
[rosout][INFO] 2025-04-03 14:43:48,485: Back Left Min: 1.40, Back Right Min: 0.60
[rosout][INFO] 2025-04-03 14:43:48,588: Back Left Min: 1.40, Back Right Min: 0.60
[rosout][INFO] 2025-04-03 14:43:48,685: Back Left Min: 1.40, Back Right Min: 0.60
[rosout][INFO] 2025-04-03 14:43:48,788: Back Left Min: 1.40, Back Right Min: 0.60
[rosout][INFO] 2025-04-03 14:43:48,885: Back Left Min: 1.40, Back Right Min: 0.60
[rosout][INFO] 2025-04-03 14:43:48,988: Back Left Min: 1.40, Back Right Min: 0.60
[rosout][INFO] 2025-04-03 14:43:49,085: Back Left Min: 1.40, Back Right Min: 0.60
[rosout][INFO] 2025-04-03 14:43:49,188: Back Left Min: 1.40, Back Right Min: 0.60
[rosout][INFO] 2025-04-03 14:43:49,285: Back Left Min: 1.40, Back Right Min: 0.60
[rosout][INFO] 2025-04-03 14:43:49,388: Back Left Min: 1.40, Back Right Min: 0.60
[rosout][INFO] 2025-04-03 14:43:49,485: Back Left Min: 1.40, Back Right Min: 0.60
[rosout][INFO] 2025-04-03 14:43:49,588: Back Left Min: 1.40, Back Right Min: 0.60
[rosout][INFO] 2025-04-03 14:43:49,685: Back Left Min: 1.40, Back Right Min: 0.60
[rosout][INFO] 2025-04-03 14:43:49,788: Back Left Min: 1.40, Back Right Min: 0.60
[rosout][INFO] 2025-04-03 14:43:49,885: Back Left Min: 1.40, Back Right Min: 0.60
[rosout][INFO] 2025-04-03 14:43:49,988: Back Left Min: 1.40, Back Right Min: 0.60
[rosout][INFO] 2025-04-03 14:43:50,085: Back Left Min: 1.40, Back Right Min: 0.60
[rosout][INFO] 2025-04-03 14:43:50,188: Back Left Min: 1.40, Back Right Min: 0.60
[rosout][INFO] 2025-04-03 14:43:50,285: Back Left Min: 1.40, Back Right Min: 0.60
[rosout][INFO] 2025-04-03 14:43:50,388: Back Left Min: 1.40, Back Right Min: 0.60
[rosout][INFO] 2025-04-03 14:43:50,485: Back Left Min: 1.40, Back Right Min: 0.60
[rosout][INFO] 2025-04-03 14:43:50,588: Back Left Min: 1.40, Back Right Min: 0.60
[rosout][INFO] 2025-04-03 14:43:50,685: Back Left Min: 1.40, Back Right Min: 0.60
[rosout][INFO] 2025-04-03 14:43:50,788: Back Left Min: 1.40, Back Right Min: 0.60
[rosout][INFO] 2025-04-03 14:43:50,885: Back Left Min: 1.40, Back Right Min: 0.60
[rosout][INFO] 2025-04-03 14:43:50,988: Back Left Min: 1.40, Back Right Min: 0.60
[rosout][INFO] 2025-04-03 14:43:51,085: Back Left Min: 1.40, Back Right Min: 0.60
[rosout][INFO] 2025-04-03 14:43:51,188: Back Left Min: 1.40, Back Right Min: 0.60
[rosout][INFO] 2025-04-03 14:43:51,285: Back Left Min: 1.40, Back Right Min: 0.60
[rosout][INFO] 2025-04-03 14:43:51,388: Back Left Min: 1.40, Back Right Min: 0.60
[rosout][INFO] 2025-04-03 14:43:51,485: Back Left Min: 1.40, Back Right Min: 0.60
[rosout][INFO] 2025-04-03 14:43:51,588: Back Left Min: 1.40, Back Right Min: 0.60
[rosout][INFO] 2025-04-03 14:43:51,685: Back Left Min: 1.40, Back Right Min: 0.60
[rosout][INFO] 2025-04-03 14:43:51,788: Back Left Min: 1.40, Back Right Min: 0.60
[rosout][INFO] 2025-04-03 14:43:51,885: Back Left Min: 1.40, Back Right Min: 0.60
[rosout][INFO] 2025-04-03 14:43:51,988: Back Left Min: 1.40, Back Right Min: 0.60
[rosout][INFO] 2025-04-03 14:43:52,085: Back Left Min: 1.40, Back Right Min: 0.60
[rosout][INFO] 2025-04-03 14:43:52,188: Back Left Min: 1.40, Back Right Min: 0.60
[rosout][INFO] 2025-04-03 14:43:52,285: Back Left Min: 1.40, Back Right Min: 0.60
[rosout][INFO] 2025-04-03 14:43:52,388: Back Left Min: 1.40, Back Right Min: 0.60
[rosout][INFO] 2025-04-03 14:43:52,485: Back Left Min: 1.40, Back Right Min: 0.60
[rosout][INFO] 2025-04-03 14:43:52,588: Back Left Min: 1.40, Back Right Min: 0.60
[rosout][INFO] 2025-04-03 14:43:52,685: Back Left Min: 1.40, Back Right Min: 0.60
[rosout][INFO] 2025-04-03 14:43:52,788: Back Left Min: 1.40, Back Right Min: 0.60
[rosout][INFO] 2025-04-03 14:43:52,885: Back Left Min: 1.40, Back Right Min: 0.60
[rosout][INFO] 2025-04-03 14:43:52,988: Back Left Min: 1.40, Back Right Min: 0.60
[rosout][INFO] 2025-04-03 14:43:53,085: Back Left Min: 1.40, Back Right Min: 0.60
[rosout][INFO] 2025-04-03 14:43:53,188: Back Left Min: 1.40, Back Right Min: 0.60
[rosout][INFO] 2025-04-03 14:43:53,285: Back Left Min: 1.40, Back Right Min: 0.60
[rosout][INFO] 2025-04-03 14:43:53,388: Back Left Min: 1.40, Back Right Min: 0.60
[rosout][INFO] 2025-04-03 14:43:53,485: Back Left Min: 1.40, Back Right Min: 0.60
[rosout][INFO] 2025-04-03 14:43:53,588: Back Left Min: 1.40, Back Right Min: 0.60
[rosout][INFO] 2025-04-03 14:43:53,685: Back Left Min: 1.40, Back Right Min: 0.60
[rosout][INFO] 2025-04-03 14:43:53,788: Back Left Min: 1.40, Back Right Min: 0.60
[rosout][INFO] 2025-04-03 14:43:53,885: Back Left Min: 1.40, Back Right Min: 0.60
[rosout][INFO] 2025-04-03 14:43:53,988: Back Left Min: 1.40, Back Right Min: 0.60
[rosout][INFO] 2025-04-03 14:43:54,085: Back Left Min: 1.40, Back Right Min: 0.60
[rosout][INFO] 2025-04-03 14:43:54,188: Back Left Min: 1.40, Back Right Min: 0.60
[rosout][INFO] 2025-04-03 14:43:54,285: Back Left Min: 1.40, Back Right Min: 0.60
[rosout][INFO] 2025-04-03 14:43:54,388: Back Left Min: 1.40, Back Right Min: 0.60
[rosout][INFO] 2025-04-03 14:43:54,485: Back Left Min: 1.40, Back Right Min: 0.60
[rosout][INFO] 2025-04-03 14:43:54,588: Back Left Min: 1.40, Back Right Min: 0.60
[rosout][INFO] 2025-04-03 14:43:54,685: Back Left Min: 1.40, Back Right Min: 0.60
[rosout][INFO] 2025-04-03 14:43:54,788: Back Left Min: 1.40, Back Right Min: 0.60
[rosout][INFO] 2025-04-03 14:43:54,885: Back Left Min: 1.40, Back Right Min: 0.60
[rosout][INFO] 2025-04-03 14:43:54,989: Back Left Min: 1.40, Back Right Min: 0.60
[rosout][INFO] 2025-04-03 14:43:55,085: Back Left Min: 1.40, Back Right Min: 0.60
[rosout][INFO] 2025-04-03 14:43:55,188: Back Left Min: 1.40, Back Right Min: 0.60
[rosout][INFO] 2025-04-03 14:43:55,285: Back Left Min: 1.40, Back Right Min: 0.60
[rosout][INFO] 2025-04-03 14:43:55,389: Back Left Min: 1.40, Back Right Min: 0.60
[rosout][INFO] 2025-04-03 14:43:55,485: Back Left Min: 1.40, Back Right Min: 0.60
[rosout][INFO] 2025-04-03 14:43:55,588: Back Left Min: 1.40, Back Right Min: 0.60
[rosout][INFO] 2025-04-03 14:43:55,685: Back Left Min: 1.40, Back Right Min: 0.60
[rosout][INFO] 2025-04-03 14:43:55,788: Back Left Min: 1.40, Back Right Min: 0.60
[rosout][INFO] 2025-04-03 14:43:55,885: Back Left Min: 1.40, Back Right Min: 0.60
[rosout][INFO] 2025-04-03 14:43:55,989: Back Left Min: 1.40, Back Right Min: 0.60
[rosout][INFO] 2025-04-03 14:43:56,085: Back Left Min: 1.40, Back Right Min: 0.60
[rosout][INFO] 2025-04-03 14:43:56,189: Back Left Min: 1.40, Back Right Min: 0.60
[rosout][INFO] 2025-04-03 14:43:56,285: Back Left Min: 1.40, Back Right Min: 0.60
[rosout][INFO] 2025-04-03 14:43:56,389: Back Left Min: 1.40, Back Right Min: 0.60
[rosout][INFO] 2025-04-03 14:43:56,485: Back Left Min: 1.40, Back Right Min: 0.60
[rosout][INFO] 2025-04-03 14:43:56,589: Back Left Min: 1.40, Back Right Min: 0.60
[rosout][INFO] 2025-04-03 14:43:56,685: Back Left Min: 1.40, Back Right Min: 0.60
[rosout][INFO] 2025-04-03 14:43:56,789: Back Left Min: 1.40, Back Right Min: 0.60
[rosout][INFO] 2025-04-03 14:43:56,886: Back Left Min: 1.40, Back Right Min: 0.60
[rosout][INFO] 2025-04-03 14:43:56,989: Back Left Min: 1.40, Back Right Min: 0.60
[rosout][INFO] 2025-04-03 14:43:57,086: Back Left Min: 1.40, Back Right Min: 0.60
[rosout][INFO] 2025-04-03 14:43:57,189: Back Left Min: 1.40, Back Right Min: 0.60
[rosout][INFO] 2025-04-03 14:43:57,286: Back Left Min: 1.40, Back Right Min: 0.60
[rosout][INFO] 2025-04-03 14:43:57,389: Back Left Min: 1.40, Back Right Min: 0.60
[rosout][INFO] 2025-04-03 14:43:57,486: Back Left Min: 1.40, Back Right Min: 0.60
[rosout][INFO] 2025-04-03 14:43:57,589: Back Left Min: 1.40, Back Right Min: 0.60
[rosout][INFO] 2025-04-03 14:43:57,686: Back Left Min: 1.40, Back Right Min: 0.60
[rosout][INFO] 2025-04-03 14:43:57,789: Back Left Min: 1.40, Back Right Min: 0.60
[rosout][INFO] 2025-04-03 14:43:57,886: Back Left Min: 1.40, Back Right Min: 0.60
[rosout][INFO] 2025-04-03 14:43:57,989: Back Left Min: 1.40, Back Right Min: 0.60
[rosout][INFO] 2025-04-03 14:43:58,086: Back Left Min: 1.40, Back Right Min: 0.60
[rosout][INFO] 2025-04-03 14:43:58,189: Back Left Min: 1.40, Back Right Min: 0.60
[rosout][INFO] 2025-04-03 14:43:58,286: Back Left Min: 1.40, Back Right Min: 0.60
[rosout][INFO] 2025-04-03 14:43:58,389: Back Left Min: 1.40, Back Right Min: 0.60
[rosout][INFO] 2025-04-03 14:43:58,486: Back Left Min: 1.40, Back Right Min: 0.60
[rosout][INFO] 2025-04-03 14:43:58,589: Back Left Min: 1.40, Back Right Min: 0.60
[rosout][INFO] 2025-04-03 14:43:58,686: Back Left Min: 1.40, Back Right Min: 0.60
[rosout][INFO] 2025-04-03 14:43:58,789: Back Left Min: 1.40, Back Right Min: 0.60
[rosout][INFO] 2025-04-03 14:43:58,886: Back Left Min: 1.40, Back Right Min: 0.60
[rosout][INFO] 2025-04-03 14:43:58,989: Back Left Min: 1.40, Back Right Min: 0.60
[rosout][INFO] 2025-04-03 14:43:59,086: Back Left Min: 1.40, Back Right Min: 0.60
[rosout][INFO] 2025-04-03 14:43:59,189: Back Left Min: 1.40, Back Right Min: 0.60
[rosout][INFO] 2025-04-03 14:43:59,286: Back Left Min: 1.40, Back Right Min: 0.60
[rosout][INFO] 2025-04-03 14:43:59,389: Back Left Min: 1.40, Back Right Min: 0.60
[rosout][INFO] 2025-04-03 14:43:59,486: Back Left Min: 1.40, Back Right Min: 0.60
[rosout][INFO] 2025-04-03 14:43:59,589: Back Left Min: 1.40, Back Right Min: 0.60
[rosout][INFO] 2025-04-03 14:43:59,686: Back Left Min: 1.40, Back Right Min: 0.60
[rosout][INFO] 2025-04-03 14:43:59,789: Back Left Min: 1.40, Back Right Min: 0.60
[rosout][INFO] 2025-04-03 14:43:59,886: Back Left Min: 1.40, Back Right Min: 0.60
[rosout][INFO] 2025-04-03 14:43:59,989: Back Left Min: 1.40, Back Right Min: 0.60
[rosout][INFO] 2025-04-03 14:44:00,086: Back Left Min: 1.40, Back Right Min: 0.60
[rosout][INFO] 2025-04-03 14:44:00,189: Back Left Min: 1.40, Back Right Min: 0.60
[rosout][INFO] 2025-04-03 14:44:00,286: Back Left Min: 1.40, Back Right Min: 0.60
[rosout][INFO] 2025-04-03 14:44:00,389: Back Left Min: 1.40, Back Right Min: 0.60
[rosout][INFO] 2025-04-03 14:44:00,486: Back Left Min: 1.40, Back Right Min: 0.60
[rosout][INFO] 2025-04-03 14:44:00,589: Back Left Min: 1.40, Back Right Min: 0.60
[rosout][INFO] 2025-04-03 14:44:00,686: Back Left Min: 1.40, Back Right Min: 0.60
[rosout][INFO] 2025-04-03 14:44:00,789: Back Left Min: 1.40, Back Right Min: 0.60
[rosout][INFO] 2025-04-03 14:44:00,886: Back Left Min: 1.40, Back Right Min: 0.60
[rosout][INFO] 2025-04-03 14:44:00,989: Back Left Min: 1.40, Back Right Min: 0.60
[rosout][INFO] 2025-04-03 14:44:01,086: Back Left Min: 1.40, Back Right Min: 0.60
[rosout][INFO] 2025-04-03 14:44:01,189: Back Left Min: 1.40, Back Right Min: 0.60
[rosout][INFO] 2025-04-03 14:44:01,286: Back Left Min: 1.40, Back Right Min: 0.60
[rosout][INFO] 2025-04-03 14:44:01,389: Back Left Min: 1.40, Back Right Min: 0.60
[rosout][INFO] 2025-04-03 14:44:01,486: Back Left Min: 1.40, Back Right Min: 0.60
[rosout][INFO] 2025-04-03 14:44:01,589: Back Left Min: 1.40, Back Right Min: 0.60
[rosout][INFO] 2025-04-03 14:44:01,686: Back Left Min: 1.40, Back Right Min: 0.60
[rosout][INFO] 2025-04-03 14:44:01,789: Back Left Min: 1.40, Back Right Min: 0.60
[rosout][INFO] 2025-04-03 14:44:01,886: Back Left Min: 1.40, Back Right Min: 0.60
[rosout][INFO] 2025-04-03 14:44:01,989: Back Left Min: 1.40, Back Right Min: 0.60
[rosout][INFO] 2025-04-03 14:44:02,086: Back Left Min: 1.40, Back Right Min: 0.60
[rosout][INFO] 2025-04-03 14:44:02,189: Back Left Min: 1.40, Back Right Min: 0.60
[rosout][INFO] 2025-04-03 14:44:02,286: Back Left Min: 1.40, Back Right Min: 0.60
[rosout][INFO] 2025-04-03 14:44:02,389: Back Left Min: 1.40, Back Right Min: 0.60
[rosout][INFO] 2025-04-03 14:44:02,486: Back Left Min: 1.40, Back Right Min: 0.60
[rosout][INFO] 2025-04-03 14:44:02,589: Back Left Min: 1.40, Back Right Min: 0.60
[rosout][INFO] 2025-04-03 14:44:02,686: Back Left Min: 1.40, Back Right Min: 0.60
[rosout][INFO] 2025-04-03 14:44:02,789: Back Left Min: 1.40, Back Right Min: 0.60
[rosout][INFO] 2025-04-03 14:44:02,886: Back Left Min: 1.40, Back Right Min: 0.60
[rosout][INFO] 2025-04-03 14:44:02,989: Back Left Min: 1.40, Back Right Min: 0.60
[rosout][INFO] 2025-04-03 14:44:03,086: Back Left Min: 1.40, Back Right Min: 0.60
[rosout][INFO] 2025-04-03 14:44:03,189: Back Left Min: 1.40, Back Right Min: 0.60
[rosout][INFO] 2025-04-03 14:44:03,286: Back Left Min: 1.40, Back Right Min: 0.60
[rosout][INFO] 2025-04-03 14:44:03,389: Back Left Min: 1.40, Back Right Min: 0.60
[rosout][INFO] 2025-04-03 14:44:03,486: Back Left Min: 1.40, Back Right Min: 0.60
[rosout][INFO] 2025-04-03 14:44:03,589: Back Left Min: 1.40, Back Right Min: 0.60
[rosout][INFO] 2025-04-03 14:44:03,686: Back Left Min: 1.40, Back Right Min: 0.60
[rosout][INFO] 2025-04-03 14:44:03,789: Back Left Min: 1.40, Back Right Min: 0.60
[rosout][INFO] 2025-04-03 14:44:03,886: Back Left Min: 1.40, Back Right Min: 0.60
[rosout][INFO] 2025-04-03 14:44:03,989: Back Left Min: 1.40, Back Right Min: 0.60
[rosout][INFO] 2025-04-03 14:44:04,086: Back Left Min: 1.40, Back Right Min: 0.60
[rosout][INFO] 2025-04-03 14:44:04,189: Back Left Min: 1.40, Back Right Min: 0.60
[rosout][INFO] 2025-04-03 14:44:04,286: Back Left Min: 1.40, Back Right Min: 0.60
[rosout][INFO] 2025-04-03 14:44:04,389: Back Left Min: 1.40, Back Right Min: 0.60
[rosout][INFO] 2025-04-03 14:44:04,486: Back Left Min: 1.40, Back Right Min: 0.60
[rosout][INFO] 2025-04-03 14:44:04,589: Back Left Min: 1.40, Back Right Min: 0.60
[rosout][INFO] 2025-04-03 14:44:04,686: Back Left Min: 1.40, Back Right Min: 0.60
[rosout][INFO] 2025-04-03 14:44:04,789: Back Left Min: 1.40, Back Right Min: 0.60
[rosout][INFO] 2025-04-03 14:44:04,886: Back Left Min: 1.40, Back Right Min: 0.60
[rosout][INFO] 2025-04-03 14:44:04,989: Back Left Min: 1.40, Back Right Min: 0.60
[rosout][INFO] 2025-04-03 14:44:05,086: Back Left Min: 1.40, Back Right Min: 0.60
[rosout][INFO] 2025-04-03 14:44:05,189: Back Left Min: 1.40, Back Right Min: 0.60
[rosout][INFO] 2025-04-03 14:44:05,286: Back Left Min: 1.40, Back Right Min: 0.60
[rosout][INFO] 2025-04-03 14:44:05,389: Back Left Min: 1.40, Back Right Min: 0.60
[rosout][INFO] 2025-04-03 14:44:05,486: Back Left Min: 1.40, Back Right Min: 0.60
[rosout][INFO] 2025-04-03 14:44:05,589: Back Left Min: 1.40, Back Right Min: 0.60
[rosout][INFO] 2025-04-03 14:44:05,686: Back Left Min: 1.40, Back Right Min: 0.60
[rosout][INFO] 2025-04-03 14:44:05,789: Back Left Min: 1.40, Back Right Min: 0.60
[rosout][INFO] 2025-04-03 14:44:05,886: Back Left Min: 1.40, Back Right Min: 0.60
[rosout][INFO] 2025-04-03 14:44:05,989: Back Left Min: 1.40, Back Right Min: 0.60
[rosout][INFO] 2025-04-03 14:44:06,086: Back Left Min: 1.40, Back Right Min: 0.60
[rosout][INFO] 2025-04-03 14:44:06,189: Back Left Min: 1.40, Back Right Min: 0.60
[rosout][INFO] 2025-04-03 14:44:06,286: Back Left Min: 1.40, Back Right Min: 0.60
[rosout][INFO] 2025-04-03 14:44:06,389: Back Left Min: 1.40, Back Right Min: 0.60
[rosout][INFO] 2025-04-03 14:44:06,486: Back Left Min: 1.40, Back Right Min: 0.60
[rosout][INFO] 2025-04-03 14:44:06,589: Back Left Min: 1.40, Back Right Min: 0.60
[rosout][INFO] 2025-04-03 14:44:06,687: Back Left Min: 1.40, Back Right Min: 0.60
[rosout][INFO] 2025-04-03 14:44:06,789: Back Left Min: 1.40, Back Right Min: 0.60
[rosout][INFO] 2025-04-03 14:44:06,887: Back Left Min: 1.40, Back Right Min: 0.60
[rosout][INFO] 2025-04-03 14:44:06,989: Back Left Min: 1.40, Back Right Min: 0.60
[rosout][INFO] 2025-04-03 14:44:07,087: Back Left Min: 1.40, Back Right Min: 0.60
[rosout][INFO] 2025-04-03 14:44:07,189: Back Left Min: 1.40, Back Right Min: 0.60
[rosout][INFO] 2025-04-03 14:44:07,286: Back Left Min: 1.40, Back Right Min: 0.60
[rosout][INFO] 2025-04-03 14:44:07,389: Back Left Min: 1.40, Back Right Min: 0.60
[rosout][INFO] 2025-04-03 14:44:07,486: Back Left Min: 1.40, Back Right Min: 0.60
[rosout][INFO] 2025-04-03 14:44:07,590: Back Left Min: 1.40, Back Right Min: 0.60
[rosout][INFO] 2025-04-03 14:44:07,686: Back Left Min: 1.40, Back Right Min: 0.60
[rosout][INFO] 2025-04-03 14:44:07,790: Back Left Min: 1.40, Back Right Min: 0.60
[rosout][INFO] 2025-04-03 14:44:07,887: Back Left Min: 1.40, Back Right Min: 0.60
[rosout][INFO] 2025-04-03 14:44:07,990: Back Left Min: 1.40, Back Right Min: 0.60
[rosout][INFO] 2025-04-03 14:44:08,087: Back Left Min: 1.40, Back Right Min: 0.60
[rosout][INFO] 2025-04-03 14:44:08,190: Back Left Min: 1.40, Back Right Min: 0.60
[rosout][INFO] 2025-04-03 14:44:08,287: Back Left Min: 1.40, Back Right Min: 0.60
[rosout][INFO] 2025-04-03 14:44:08,391: Back Left Min: 1.40, Back Right Min: 0.60
[rosout][INFO] 2025-04-03 14:44:08,487: Back Left Min: 1.40, Back Right Min: 0.60
[rosout][INFO] 2025-04-03 14:44:08,591: Back Left Min: 1.40, Back Right Min: 0.60
[rosout][INFO] 2025-04-03 14:44:08,688: Back Left Min: 1.40, Back Right Min: 0.60
[rosout][INFO] 2025-04-03 14:44:08,791: Back Left Min: 1.40, Back Right Min: 0.60
[rosout][INFO] 2025-04-03 14:44:08,888: Back Left Min: 1.40, Back Right Min: 0.60
[rosout][INFO] 2025-04-03 14:44:08,991: Back Left Min: 1.40, Back Right Min: 0.60
[rosout][INFO] 2025-04-03 14:44:09,088: Back Left Min: 1.40, Back Right Min: 0.60
[rosout][INFO] 2025-04-03 14:44:09,191: Back Left Min: 1.40, Back Right Min: 0.60
[rosout][INFO] 2025-04-03 14:44:09,289: Back Left Min: 1.40, Back Right Min: 0.60
[rosout][INFO] 2025-04-03 14:44:09,392: Back Left Min: 1.40, Back Right Min: 0.60
[rosout][INFO] 2025-04-03 14:44:09,489: Back Left Min: 1.40, Back Right Min: 0.60
[rosout][INFO] 2025-04-03 14:44:09,592: Back Left Min: 1.40, Back Right Min: 0.60
[rosout][INFO] 2025-04-03 14:44:09,689: Back Left Min: 1.40, Back Right Min: 0.60
[rosout][INFO] 2025-04-03 14:44:09,792: Back Left Min: 1.40, Back Right Min: 0.60
[rosout][INFO] 2025-04-03 14:44:09,889: Back Left Min: 1.40, Back Right Min: 0.60
[rosout][INFO] 2025-04-03 14:44:09,992: Back Left Min: 1.40, Back Right Min: 0.60
[rosout][INFO] 2025-04-03 14:44:10,089: Back Left Min: 1.40, Back Right Min: 0.60
[rosout][INFO] 2025-04-03 14:44:10,193: Back Left Min: 1.40, Back Right Min: 0.60
[rosout][INFO] 2025-04-03 14:44:10,290: Back Left Min: 1.40, Back Right Min: 0.60
[rosout][INFO] 2025-04-03 14:44:10,393: Back Left Min: 1.40, Back Right Min: 0.60
[rosout][INFO] 2025-04-03 14:44:10,490: Back Left Min: 1.40, Back Right Min: 0.60
[rosout][INFO] 2025-04-03 14:44:10,593: Back Left Min: 1.40, Back Right Min: 0.60
[rosout][INFO] 2025-04-03 14:44:10,690: Back Left Min: 1.40, Back Right Min: 0.60
[rosout][INFO] 2025-04-03 14:44:10,793: Back Left Min: 1.40, Back Right Min: 0.60
[rosout][INFO] 2025-04-03 14:44:10,890: Back Left Min: 1.40, Back Right Min: 0.60
[rosout][INFO] 2025-04-03 14:44:10,994: Back Left Min: 1.40, Back Right Min: 0.60
[rosout][INFO] 2025-04-03 14:44:11,091: Back Left Min: 1.40, Back Right Min: 0.60
[rosout][INFO] 2025-04-03 14:44:11,194: Back Left Min: 1.40, Back Right Min: 0.60
[rosout][INFO] 2025-04-03 14:44:11,291: Back Left Min: 1.40, Back Right Min: 0.60
[rosout][INFO] 2025-04-03 14:44:11,395: Back Left Min: 1.40, Back Right Min: 0.60
[rosout][INFO] 2025-04-03 14:44:11,491: Back Left Min: 1.40, Back Right Min: 0.60
[rosout][INFO] 2025-04-03 14:44:11,594: Back Left Min: 1.40, Back Right Min: 0.60
[rosout][INFO] 2025-04-03 14:44:11,691: Back Left Min: 1.40, Back Right Min: 0.60
[rosout][INFO] 2025-04-03 14:44:11,795: Back Left Min: 1.40, Back Right Min: 0.60
[rosout][INFO] 2025-04-03 14:44:11,892: Back Left Min: 1.40, Back Right Min: 0.60
[rosout][INFO] 2025-04-03 14:44:11,995: Back Left Min: 1.40, Back Right Min: 0.60
[rosout][INFO] 2025-04-03 14:44:12,092: Back Left Min: 1.40, Back Right Min: 0.60
[rosout][INFO] 2025-04-03 14:44:12,195: Back Left Min: 1.40, Back Right Min: 0.60
[rosout][INFO] 2025-04-03 14:44:12,292: Back Left Min: 1.40, Back Right Min: 0.60
[rosout][INFO] 2025-04-03 14:44:12,395: Back Left Min: 1.40, Back Right Min: 0.60
[rosout][INFO] 2025-04-03 14:44:12,492: Back Left Min: 1.40, Back Right Min: 0.60
[rosout][INFO] 2025-04-03 14:44:12,596: Back Left Min: 1.40, Back Right Min: 0.60
[rosout][INFO] 2025-04-03 14:44:12,693: Back Left Min: 1.40, Back Right Min: 0.60
[rosout][INFO] 2025-04-03 14:44:12,796: Back Left Min: 1.40, Back Right Min: 0.60
[rosout][INFO] 2025-04-03 14:44:12,893: Back Left Min: 1.40, Back Right Min: 0.60
[rosout][INFO] 2025-04-03 14:44:12,996: Back Left Min: 1.40, Back Right Min: 0.60
[rosout][INFO] 2025-04-03 14:44:13,093: Back Left Min: 1.40, Back Right Min: 0.60
[rosout][INFO] 2025-04-03 14:44:13,197: Back Left Min: 1.40, Back Right Min: 0.60
[rosout][INFO] 2025-04-03 14:44:13,293: Back Left Min: 1.40, Back Right Min: 0.60
[rosout][INFO] 2025-04-03 14:44:13,397: Back Left Min: 1.40, Back Right Min: 0.60
[rosout][INFO] 2025-04-03 14:44:13,494: Back Left Min: 1.40, Back Right Min: 0.60
[rosout][INFO] 2025-04-03 14:44:13,597: Back Left Min: 1.40, Back Right Min: 0.60
[rosout][INFO] 2025-04-03 14:44:13,694: Back Left Min: 1.40, Back Right Min: 0.60
[rosout][INFO] 2025-04-03 14:44:13,797: Back Left Min: 1.40, Back Right Min: 0.60
[rosout][INFO] 2025-04-03 14:44:13,894: Back Left Min: 1.40, Back Right Min: 0.60
[rosout][INFO] 2025-04-03 14:44:13,997: Back Left Min: 1.40, Back Right Min: 0.60
[rosout][INFO] 2025-04-03 14:44:14,094: Back Left Min: 1.40, Back Right Min: 0.60
[rosout][INFO] 2025-04-03 14:44:14,197: Back Left Min: 1.40, Back Right Min: 0.60
[rosout][INFO] 2025-04-03 14:44:14,295: Back Left Min: 1.40, Back Right Min: 0.60
[rosout][INFO] 2025-04-03 14:44:14,398: Back Left Min: 1.40, Back Right Min: 0.60
[rosout][INFO] 2025-04-03 14:44:14,495: Back Left Min: 1.40, Back Right Min: 0.60
[rosout][INFO] 2025-04-03 14:44:14,598: Back Left Min: 1.40, Back Right Min: 0.60
[rosout][INFO] 2025-04-03 14:44:14,695: Back Left Min: 1.40, Back Right Min: 0.60
[rosout][INFO] 2025-04-03 14:44:14,798: Back Left Min: 1.40, Back Right Min: 0.60
[rosout][INFO] 2025-04-03 14:44:14,895: Back Left Min: 1.40, Back Right Min: 0.60
[rosout][INFO] 2025-04-03 14:44:14,999: Back Left Min: 1.40, Back Right Min: 0.60
[rosout][INFO] 2025-04-03 14:44:15,095: Back Left Min: 1.40, Back Right Min: 0.60
[rosout][INFO] 2025-04-03 14:44:15,199: Back Left Min: 1.40, Back Right Min: 0.60
[rosout][INFO] 2025-04-03 14:44:15,296: Back Left Min: 1.40, Back Right Min: 0.60
[rosout][INFO] 2025-04-03 14:44:15,399: Back Left Min: 1.40, Back Right Min: 0.60
[rosout][INFO] 2025-04-03 14:44:15,496: Back Left Min: 1.40, Back Right Min: 0.60
[rosout][INFO] 2025-04-03 14:44:15,599: Back Left Min: 1.40, Back Right Min: 0.60
[rosout][INFO] 2025-04-03 14:44:15,696: Back Left Min: 1.40, Back Right Min: 0.60
[rosout][INFO] 2025-04-03 14:44:15,799: Back Left Min: 1.40, Back Right Min: 0.60
[rosout][INFO] 2025-04-03 14:44:15,896: Back Left Min: 1.40, Back Right Min: 0.60
[rosout][INFO] 2025-04-03 14:44:16,000: Back Left Min: 1.40, Back Right Min: 0.60
[rosout][INFO] 2025-04-03 14:44:16,097: Back Left Min: 1.40, Back Right Min: 0.60
[rosout][INFO] 2025-04-03 14:44:16,200: Back Left Min: 1.40, Back Right Min: 0.60
[rosout][INFO] 2025-04-03 14:44:16,297: Back Left Min: 1.40, Back Right Min: 0.60
[rosout][INFO] 2025-04-03 14:44:16,400: Back Left Min: 1.40, Back Right Min: 0.60
[rosout][INFO] 2025-04-03 14:44:16,497: Back Left Min: 1.40, Back Right Min: 0.60
[rosout][INFO] 2025-04-03 14:44:16,600: Back Left Min: 1.40, Back Right Min: 0.60
[rosout][INFO] 2025-04-03 14:44:16,697: Back Left Min: 1.40, Back Right Min: 0.60
[rosout][INFO] 2025-04-03 14:44:16,801: Back Left Min: 1.40, Back Right Min: 0.60
[rosout][INFO] 2025-04-03 14:44:16,898: Back Left Min: 1.40, Back Right Min: 0.60
[rosout][INFO] 2025-04-03 14:44:17,001: Back Left Min: 1.40, Back Right Min: 0.60
[rosout][INFO] 2025-04-03 14:44:17,098: Back Left Min: 1.40, Back Right Min: 0.60
[rosout][INFO] 2025-04-03 14:44:17,201: Back Left Min: 1.40, Back Right Min: 0.60
[rosout][INFO] 2025-04-03 14:44:17,298: Back Left Min: 1.40, Back Right Min: 0.60
[rosout][INFO] 2025-04-03 14:44:17,401: Back Left Min: 1.40, Back Right Min: 0.60
[rosout][INFO] 2025-04-03 14:44:17,498: Back Left Min: 1.40, Back Right Min: 0.60
[rosout][INFO] 2025-04-03 14:44:17,602: Back Left Min: 1.40, Back Right Min: 0.60
[rosout][INFO] 2025-04-03 14:44:17,699: Back Left Min: 1.40, Back Right Min: 0.60
[rosout][INFO] 2025-04-03 14:44:17,802: Back Left Min: 1.40, Back Right Min: 0.60
[rosout][INFO] 2025-04-03 14:44:17,899: Back Left Min: 1.40, Back Right Min: 0.60
[rosout][INFO] 2025-04-03 14:44:18,002: Back Left Min: 1.40, Back Right Min: 0.60
[rosout][INFO] 2025-04-03 14:44:18,099: Back Left Min: 1.40, Back Right Min: 0.60
[rosout][INFO] 2025-04-03 14:44:18,202: Back Left Min: 1.40, Back Right Min: 0.60
[rosout][INFO] 2025-04-03 14:44:18,300: Back Left Min: 1.40, Back Right Min: 0.60
[rosout][INFO] 2025-04-03 14:44:18,403: Back Left Min: 1.40, Back Right Min: 0.60
[rosout][INFO] 2025-04-03 14:44:18,500: Back Left Min: 1.40, Back Right Min: 0.60
[rosout][INFO] 2025-04-03 14:44:18,603: Back Left Min: 1.40, Back Right Min: 0.60
[rosout][INFO] 2025-04-03 14:44:18,700: Back Left Min: 1.40, Back Right Min: 0.60
[rosout][INFO] 2025-04-03 14:44:18,803: Back Left Min: 1.40, Back Right Min: 0.60
[rosout][INFO] 2025-04-03 14:44:18,900: Back Left Min: 1.40, Back Right Min: 0.60
[rosout][INFO] 2025-04-03 14:44:19,003: Back Left Min: 1.40, Back Right Min: 0.60
[rosout][INFO] 2025-04-03 14:44:19,100: Back Left Min: 1.40, Back Right Min: 0.60
[rosout][INFO] 2025-04-03 14:44:19,204: Back Left Min: 1.40, Back Right Min: 0.60
[rosout][INFO] 2025-04-03 14:44:19,301: Back Left Min: 1.40, Back Right Min: 0.60
[rosout][INFO] 2025-04-03 14:44:19,404: Back Left Min: 1.40, Back Right Min: 0.60
[rosout][INFO] 2025-04-03 14:44:19,501: Back Left Min: 1.40, Back Right Min: 0.60
[rosout][INFO] 2025-04-03 14:44:19,604: Back Left Min: 1.40, Back Right Min: 0.60
[rosout][INFO] 2025-04-03 14:44:19,701: Back Left Min: 1.40, Back Right Min: 0.60
[rosout][INFO] 2025-04-03 14:44:19,804: Back Left Min: 1.40, Back Right Min: 0.60
[rosout][INFO] 2025-04-03 14:44:19,901: Back Left Min: 1.40, Back Right Min: 0.60
[rosout][INFO] 2025-04-03 14:44:20,005: Back Left Min: 1.40, Back Right Min: 0.60
[rosout][INFO] 2025-04-03 14:44:20,101: Back Left Min: 1.40, Back Right Min: 0.60
[rosout][INFO] 2025-04-03 14:44:20,205: Back Left Min: 1.40, Back Right Min: 0.60
[rosout][INFO] 2025-04-03 14:44:20,302: Back Left Min: 1.40, Back Right Min: 0.60
[rosout][INFO] 2025-04-03 14:44:20,405: Back Left Min: 1.40, Back Right Min: 0.60
[rosout][INFO] 2025-04-03 14:44:20,502: Back Left Min: 1.40, Back Right Min: 0.60
[rosout][INFO] 2025-04-03 14:44:20,605: Back Left Min: 1.40, Back Right Min: 0.60
[rosout][INFO] 2025-04-03 14:44:20,702: Back Left Min: 1.40, Back Right Min: 0.60
[rosout][INFO] 2025-04-03 14:44:20,805: Back Left Min: 1.40, Back Right Min: 0.60
[rosout][INFO] 2025-04-03 14:44:20,902: Back Left Min: 1.40, Back Right Min: 0.60
[rosout][INFO] 2025-04-03 14:44:21,006: Back Left Min: 1.40, Back Right Min: 0.60
[rosout][INFO] 2025-04-03 14:44:21,103: Back Left Min: 1.40, Back Right Min: 0.60
[rosout][INFO] 2025-04-03 14:44:21,206: Back Left Min: 1.40, Back Right Min: 0.60
[rosout][INFO] 2025-04-03 14:44:21,303: Back Left Min: 1.40, Back Right Min: 0.60
[rosout][INFO] 2025-04-03 14:44:21,406: Back Left Min: 1.40, Back Right Min: 0.60
[rosout][INFO] 2025-04-03 14:44:21,503: Back Left Min: 1.40, Back Right Min: 0.60
[rosout][INFO] 2025-04-03 14:44:21,606: Back Left Min: 1.40, Back Right Min: 0.60
[rosout][INFO] 2025-04-03 14:44:21,703: Back Left Min: 1.40, Back Right Min: 0.60
[rosout][INFO] 2025-04-03 14:44:21,807: Back Left Min: 1.40, Back Right Min: 0.60
[rosout][INFO] 2025-04-03 14:44:21,904: Back Left Min: 1.40, Back Right Min: 0.60
[rosout][INFO] 2025-04-03 14:44:22,007: Back Left Min: 1.40, Back Right Min: 0.60
[rosout][INFO] 2025-04-03 14:44:22,104: Back Left Min: 1.40, Back Right Min: 0.60
[rosout][INFO] 2025-04-03 14:44:22,207: Back Left Min: 1.40, Back Right Min: 0.60
[rosout][INFO] 2025-04-03 14:44:22,305: Back Left Min: 1.40, Back Right Min: 0.60
[rosout][INFO] 2025-04-03 14:44:22,407: Back Left Min: 1.40, Back Right Min: 0.60
[rosout][INFO] 2025-04-03 14:44:22,504: Back Left Min: 1.40, Back Right Min: 0.60
[rosout][INFO] 2025-04-03 14:44:22,608: Back Left Min: 1.40, Back Right Min: 0.60
[rosout][INFO] 2025-04-03 14:44:22,705: Back Left Min: 1.40, Back Right Min: 0.60
[rosout][INFO] 2025-04-03 14:44:22,808: Back Left Min: 1.40, Back Right Min: 0.60
[rosout][INFO] 2025-04-03 14:44:22,905: Back Left Min: 1.40, Back Right Min: 0.60
[rosout][INFO] 2025-04-03 14:44:23,008: Back Left Min: 1.40, Back Right Min: 0.60
[rosout][INFO] 2025-04-03 14:44:23,105: Back Left Min: 1.40, Back Right Min: 0.60
[rosout][INFO] 2025-04-03 14:44:23,209: Back Left Min: 1.40, Back Right Min: 0.60
[rosout][INFO] 2025-04-03 14:44:23,305: Back Left Min: 1.40, Back Right Min: 0.60
[rosout][INFO] 2025-04-03 14:44:23,409: Back Left Min: 1.40, Back Right Min: 0.60
[rosout][INFO] 2025-04-03 14:44:23,506: Back Left Min: 1.40, Back Right Min: 0.60
[rosout][INFO] 2025-04-03 14:44:23,609: Back Left Min: 1.40, Back Right Min: 0.60
[rosout][INFO] 2025-04-03 14:44:23,706: Back Left Min: 1.40, Back Right Min: 0.60
[rosout][INFO] 2025-04-03 14:44:23,809: Back Left Min: 1.40, Back Right Min: 0.60
[rosout][INFO] 2025-04-03 14:44:23,906: Back Left Min: 1.40, Back Right Min: 0.60
[rosout][INFO] 2025-04-03 14:44:24,010: Back Left Min: 1.40, Back Right Min: 0.60
[rosout][INFO] 2025-04-03 14:44:24,107: Back Left Min: 1.40, Back Right Min: 0.60
[rosout][INFO] 2025-04-03 14:44:24,210: Back Left Min: 1.40, Back Right Min: 0.60
[rosout][INFO] 2025-04-03 14:44:24,307: Back Left Min: 1.40, Back Right Min: 0.60
[rosout][INFO] 2025-04-03 14:44:24,410: Back Left Min: 1.40, Back Right Min: 0.60
[rosout][INFO] 2025-04-03 14:44:24,507: Back Left Min: 1.40, Back Right Min: 0.60
[rosout][INFO] 2025-04-03 14:44:24,610: Back Left Min: 1.40, Back Right Min: 0.60
[rosout][INFO] 2025-04-03 14:44:24,707: Back Left Min: 1.40, Back Right Min: 0.60
[rosout][INFO] 2025-04-03 14:44:24,811: Back Left Min: 1.40, Back Right Min: 0.60
[rosout][INFO] 2025-04-03 14:44:24,908: Back Left Min: 1.40, Back Right Min: 0.60
[rosout][INFO] 2025-04-03 14:44:25,011: Back Left Min: 1.40, Back Right Min: 0.60
[rosout][INFO] 2025-04-03 14:44:25,108: Back Left Min: 1.40, Back Right Min: 0.60
[rosout][INFO] 2025-04-03 14:44:25,211: Back Left Min: 1.40, Back Right Min: 0.60
[rosout][INFO] 2025-04-03 14:44:25,308: Back Left Min: 1.40, Back Right Min: 0.60
[rosout][INFO] 2025-04-03 14:44:25,411: Back Left Min: 1.40, Back Right Min: 0.60
[rosout][INFO] 2025-04-03 14:44:25,508: Back Left Min: 1.40, Back Right Min: 0.60
[rosout][INFO] 2025-04-03 14:44:25,611: Back Left Min: 1.40, Back Right Min: 0.60
[rosout][INFO] 2025-04-03 14:44:25,708: Back Left Min: 1.40, Back Right Min: 0.60
[rosout][INFO] 2025-04-03 14:44:25,812: Back Left Min: 1.40, Back Right Min: 0.60
[rosout][INFO] 2025-04-03 14:44:25,909: Back Left Min: 1.40, Back Right Min: 0.60
[rosout][INFO] 2025-04-03 14:44:26,012: Back Left Min: 1.40, Back Right Min: 0.60
[rosout][INFO] 2025-04-03 14:44:26,109: Back Left Min: 1.40, Back Right Min: 0.60
[rosout][INFO] 2025-04-03 14:44:26,212: Back Left Min: 1.40, Back Right Min: 0.60
[rosout][INFO] 2025-04-03 14:44:26,309: Back Left Min: 1.40, Back Right Min: 0.60
[rosout][INFO] 2025-04-03 14:44:26,412: Back Left Min: 1.40, Back Right Min: 0.60
[rosout][INFO] 2025-04-03 14:44:26,509: Back Left Min: 1.40, Back Right Min: 0.60
[rosout][INFO] 2025-04-03 14:44:26,613: Back Left Min: 1.40, Back Right Min: 0.60
[rosout][INFO] 2025-04-03 14:44:26,710: Back Left Min: 1.40, Back Right Min: 0.60
[rosout][INFO] 2025-04-03 14:44:26,813: Back Left Min: 1.40, Back Right Min: 0.60
[rosout][INFO] 2025-04-03 14:44:26,910: Back Left Min: 1.40, Back Right Min: 0.60
[rosout][INFO] 2025-04-03 14:44:27,013: Back Left Min: 1.40, Back Right Min: 0.60
[rosout][INFO] 2025-04-03 14:44:27,111: Back Left Min: 1.40, Back Right Min: 0.60
[rosout][INFO] 2025-04-03 14:44:27,213: Back Left Min: 1.40, Back Right Min: 0.60
[rosout][INFO] 2025-04-03 14:44:27,310: Back Left Min: 1.40, Back Right Min: 0.60
[rosout][INFO] 2025-04-03 14:44:27,414: Back Left Min: 1.40, Back Right Min: 0.60
[rosout][INFO] 2025-04-03 14:44:27,511: Back Left Min: 1.40, Back Right Min: 0.60
[rosout][INFO] 2025-04-03 14:44:27,614: Back Left Min: 1.40, Back Right Min: 0.60
[rosout][INFO] 2025-04-03 14:44:27,711: Back Left Min: 1.40, Back Right Min: 0.60
[rosout][INFO] 2025-04-03 14:44:27,814: Back Left Min: 1.40, Back Right Min: 0.60
[rosout][INFO] 2025-04-03 14:44:27,911: Back Left Min: 1.40, Back Right Min: 0.60
[rosout][INFO] 2025-04-03 14:44:28,014: Back Left Min: 1.40, Back Right Min: 0.60
[rosout][INFO] 2025-04-03 14:44:28,111: Back Left Min: 1.40, Back Right Min: 0.60
[rosout][INFO] 2025-04-03 14:44:28,215: Back Left Min: 1.40, Back Right Min: 0.60
[rosout][INFO] 2025-04-03 14:44:28,312: Back Left Min: 1.40, Back Right Min: 0.60
[rosout][INFO] 2025-04-03 14:44:28,415: Back Left Min: 1.40, Back Right Min: 0.60
[rosout][INFO] 2025-04-03 14:44:28,512: Back Left Min: 1.40, Back Right Min: 0.60
[rosout][INFO] 2025-04-03 14:44:28,615: Back Left Min: 1.40, Back Right Min: 0.60
[rosout][INFO] 2025-04-03 14:44:28,712: Back Left Min: 1.40, Back Right Min: 0.60
[rosout][INFO] 2025-04-03 14:44:28,815: Back Left Min: 1.40, Back Right Min: 0.60
[rosout][INFO] 2025-04-03 14:44:28,912: Back Left Min: 1.40, Back Right Min: 0.60
[rosout][INFO] 2025-04-03 14:44:29,016: Back Left Min: 1.40, Back Right Min: 0.60
[rosout][INFO] 2025-04-03 14:44:29,113: Back Left Min: 1.40, Back Right Min: 0.60
[rosout][INFO] 2025-04-03 14:44:29,216: Back Left Min: 1.40, Back Right Min: 0.60
[rosout][INFO] 2025-04-03 14:44:29,313: Back Left Min: 1.40, Back Right Min: 0.60
[rosout][INFO] 2025-04-03 14:44:29,416: Back Left Min: 1.40, Back Right Min: 0.60
[rosout][INFO] 2025-04-03 14:44:29,513: Back Left Min: 1.40, Back Right Min: 0.60
[rosout][INFO] 2025-04-03 14:44:29,616: Back Left Min: 1.40, Back Right Min: 0.60
[rosout][INFO] 2025-04-03 14:44:29,713: Back Left Min: 1.40, Back Right Min: 0.60
[rosout][INFO] 2025-04-03 14:44:29,816: Back Left Min: 1.40, Back Right Min: 0.60
[rosout][INFO] 2025-04-03 14:44:29,913: Back Left Min: 1.40, Back Right Min: 0.60
[rosout][INFO] 2025-04-03 14:44:30,017: Back Left Min: 1.40, Back Right Min: 0.60
[rosout][INFO] 2025-04-03 14:44:30,114: Back Left Min: 1.40, Back Right Min: 0.60
[rosout][INFO] 2025-04-03 14:44:30,217: Back Left Min: 1.40, Back Right Min: 0.60
[rosout][INFO] 2025-04-03 14:44:30,314: Back Left Min: 1.40, Back Right Min: 0.60
[rosout][INFO] 2025-04-03 14:44:30,417: Back Left Min: 1.40, Back Right Min: 0.60
[rosout][INFO] 2025-04-03 14:44:30,514: Back Left Min: 1.40, Back Right Min: 0.60
[rosout][INFO] 2025-04-03 14:44:30,617: Back Left Min: 1.40, Back Right Min: 0.60
[rosout][INFO] 2025-04-03 14:44:30,714: Back Left Min: 1.40, Back Right Min: 0.60
[rosout][INFO] 2025-04-03 14:44:30,818: Back Left Min: 1.40, Back Right Min: 0.60
[rosout][INFO] 2025-04-03 14:44:30,915: Back Left Min: 1.40, Back Right Min: 0.60
[rosout][INFO] 2025-04-03 14:44:31,018: Back Left Min: 1.40, Back Right Min: 0.60
[rosout][INFO] 2025-04-03 14:44:31,115: Back Left Min: 1.40, Back Right Min: 0.60
[rosout][INFO] 2025-04-03 14:44:31,218: Back Left Min: 1.40, Back Right Min: 0.60
[rosout][INFO] 2025-04-03 14:44:31,315: Back Left Min: 1.40, Back Right Min: 0.60
[rosout][INFO] 2025-04-03 14:44:31,419: Back Left Min: 1.40, Back Right Min: 0.60
[rosout][INFO] 2025-04-03 14:44:31,515: Back Left Min: 1.40, Back Right Min: 0.60
[rosout][INFO] 2025-04-03 14:44:31,619: Back Left Min: 1.40, Back Right Min: 0.60
[rosout][INFO] 2025-04-03 14:44:31,715: Back Left Min: 1.40, Back Right Min: 0.60
[rosout][INFO] 2025-04-03 14:44:31,819: Back Left Min: 1.40, Back Right Min: 0.60
[rosout][INFO] 2025-04-03 14:44:31,916: Back Left Min: 1.40, Back Right Min: 0.60
[rosout][INFO] 2025-04-03 14:44:32,019: Back Left Min: 1.40, Back Right Min: 0.60
[rosout][INFO] 2025-04-03 14:44:32,116: Back Left Min: 1.40, Back Right Min: 0.60
[rosout][INFO] 2025-04-03 14:44:32,219: Back Left Min: 1.40, Back Right Min: 0.60
[rosout][INFO] 2025-04-03 14:44:32,316: Back Left Min: 1.40, Back Right Min: 0.60
[rosout][INFO] 2025-04-03 14:44:32,420: Back Left Min: 1.40, Back Right Min: 0.60
[rosout][INFO] 2025-04-03 14:44:32,517: Back Left Min: 1.40, Back Right Min: 0.60
[rosout][INFO] 2025-04-03 14:44:32,620: Back Left Min: 1.40, Back Right Min: 0.60
[rosout][INFO] 2025-04-03 14:44:32,717: Back Left Min: 1.40, Back Right Min: 0.60
[rosout][INFO] 2025-04-03 14:44:32,820: Back Left Min: 1.40, Back Right Min: 0.60
[rosout][INFO] 2025-04-03 14:44:32,917: Back Left Min: 1.40, Back Right Min: 0.60
[rosout][INFO] 2025-04-03 14:44:33,020: Back Left Min: 1.40, Back Right Min: 0.60
[rosout][INFO] 2025-04-03 14:44:33,117: Back Left Min: 1.40, Back Right Min: 0.60
[rosout][INFO] 2025-04-03 14:44:33,221: Back Left Min: 1.40, Back Right Min: 0.60
[rosout][INFO] 2025-04-03 14:44:33,318: Back Left Min: 1.40, Back Right Min: 0.60
[rosout][INFO] 2025-04-03 14:44:33,421: Back Left Min: 1.40, Back Right Min: 0.60
[rosout][INFO] 2025-04-03 14:44:33,518: Back Left Min: 1.40, Back Right Min: 0.60
[rosout][INFO] 2025-04-03 14:44:33,621: Back Left Min: 1.40, Back Right Min: 0.60
[rosout][INFO] 2025-04-03 14:44:33,718: Back Left Min: 1.40, Back Right Min: 0.60
[rosout][INFO] 2025-04-03 14:44:33,821: Back Left Min: 1.40, Back Right Min: 0.60
[rosout][INFO] 2025-04-03 14:44:33,918: Back Left Min: 1.40, Back Right Min: 0.60
[rosout][INFO] 2025-04-03 14:44:34,022: Back Left Min: 1.40, Back Right Min: 0.60
[rosout][INFO] 2025-04-03 14:44:34,119: Back Left Min: 1.40, Back Right Min: 0.60
[rosout][INFO] 2025-04-03 14:44:34,222: Back Left Min: 1.40, Back Right Min: 0.60
[rosout][INFO] 2025-04-03 14:44:34,319: Back Left Min: 1.40, Back Right Min: 0.60
[rosout][INFO] 2025-04-03 14:44:34,422: Back Left Min: 1.40, Back Right Min: 0.60
[rosout][INFO] 2025-04-03 14:44:34,519: Back Left Min: 1.40, Back Right Min: 0.60
[rosout][INFO] 2025-04-03 14:44:34,622: Back Left Min: 1.40, Back Right Min: 0.60
[rosout][INFO] 2025-04-03 14:44:34,719: Back Left Min: 1.40, Back Right Min: 0.60
[rosout][INFO] 2025-04-03 14:44:34,822: Back Left Min: 1.40, Back Right Min: 0.60
[rosout][INFO] 2025-04-03 14:44:34,919: Back Left Min: 1.40, Back Right Min: 0.60
[rosout][INFO] 2025-04-03 14:44:35,023: Back Left Min: 1.40, Back Right Min: 0.60
[rosout][INFO] 2025-04-03 14:44:35,120: Back Left Min: 1.40, Back Right Min: 0.60
[rosout][INFO] 2025-04-03 14:44:35,223: Back Left Min: 1.40, Back Right Min: 0.60
[rosout][INFO] 2025-04-03 14:44:35,320: Back Left Min: 1.40, Back Right Min: 0.60
[rosout][INFO] 2025-04-03 14:44:35,423: Back Left Min: 1.40, Back Right Min: 0.60
[rosout][INFO] 2025-04-03 14:44:35,520: Back Left Min: 1.40, Back Right Min: 0.60
[rosout][INFO] 2025-04-03 14:44:35,624: Back Left Min: 1.40, Back Right Min: 0.60
[rosout][INFO] 2025-04-03 14:44:35,720: Back Left Min: 1.40, Back Right Min: 0.60
[rosout][INFO] 2025-04-03 14:44:35,824: Back Left Min: 1.40, Back Right Min: 0.60
[rosout][INFO] 2025-04-03 14:44:35,921: Back Left Min: 1.40, Back Right Min: 0.60
[rosout][INFO] 2025-04-03 14:44:36,024: Back Left Min: 1.40, Back Right Min: 0.60
[rosout][INFO] 2025-04-03 14:44:36,121: Back Left Min: 1.40, Back Right Min: 0.60
[rosout][INFO] 2025-04-03 14:44:36,224: Back Left Min: 1.40, Back Right Min: 0.60
[rosout][INFO] 2025-04-03 14:44:36,321: Back Left Min: 1.40, Back Right Min: 0.60
[rosout][INFO] 2025-04-03 14:44:36,424: Back Left Min: 1.40, Back Right Min: 0.60
[rosout][INFO] 2025-04-03 14:44:36,521: Back Left Min: 1.40, Back Right Min: 0.60
[rosout][INFO] 2025-04-03 14:44:36,625: Back Left Min: 1.40, Back Right Min: 0.60
[rosout][INFO] 2025-04-03 14:44:36,722: Back Left Min: 1.40, Back Right Min: 0.60
[rosout][INFO] 2025-04-03 14:44:36,825: Back Left Min: 1.40, Back Right Min: 0.60
[rosout][INFO] 2025-04-03 14:44:36,922: Back Left Min: 1.40, Back Right Min: 0.60
[rosout][INFO] 2025-04-03 14:44:37,025: Back Left Min: 1.40, Back Right Min: 0.60
[rosout][INFO] 2025-04-03 14:44:37,122: Back Left Min: 1.40, Back Right Min: 0.60
[rosout][INFO] 2025-04-03 14:44:37,225: Back Left Min: 1.40, Back Right Min: 0.60
[rosout][INFO] 2025-04-03 14:44:37,322: Back Left Min: 1.40, Back Right Min: 0.60
[rosout][INFO] 2025-04-03 14:44:37,426: Back Left Min: 1.40, Back Right Min: 0.60
[rosout][INFO] 2025-04-03 14:44:37,523: Back Left Min: 1.40, Back Right Min: 0.60
[rosout][INFO] 2025-04-03 14:44:37,626: Back Left Min: 1.40, Back Right Min: 0.60
[rosout][INFO] 2025-04-03 14:44:37,723: Back Left Min: 1.40, Back Right Min: 0.60
[rosout][INFO] 2025-04-03 14:44:37,826: Back Left Min: 1.40, Back Right Min: 0.60
[rosout][INFO] 2025-04-03 14:44:37,923: Back Left Min: 1.40, Back Right Min: 0.60
[rosout][INFO] 2025-04-03 14:44:38,026: Back Left Min: 1.40, Back Right Min: 0.60
[rosout][INFO] 2025-04-03 14:44:38,124: Back Left Min: 1.40, Back Right Min: 0.60
[rosout][INFO] 2025-04-03 14:44:38,227: Back Left Min: 1.40, Back Right Min: 0.60
[rosout][INFO] 2025-04-03 14:44:38,324: Back Left Min: 1.40, Back Right Min: 0.60
[rosout][INFO] 2025-04-03 14:44:38,427: Back Left Min: 1.40, Back Right Min: 0.60
[rosout][INFO] 2025-04-03 14:44:38,524: Back Left Min: 1.40, Back Right Min: 0.60
[rosout][INFO] 2025-04-03 14:44:38,627: Back Left Min: 1.40, Back Right Min: 0.60
[rosout][INFO] 2025-04-03 14:44:38,724: Back Left Min: 1.40, Back Right Min: 0.60
[rosout][INFO] 2025-04-03 14:44:38,827: Back Left Min: 1.40, Back Right Min: 0.60
[rosout][INFO] 2025-04-03 14:44:38,924: Back Left Min: 1.40, Back Right Min: 0.60
[rosout][INFO] 2025-04-03 14:44:39,028: Back Left Min: 1.40, Back Right Min: 0.60
[rosout][INFO] 2025-04-03 14:44:39,125: Back Left Min: 1.40, Back Right Min: 0.60
[rosout][INFO] 2025-04-03 14:44:39,228: Back Left Min: 1.40, Back Right Min: 0.60
[rosout][INFO] 2025-04-03 14:44:39,325: Back Left Min: 1.40, Back Right Min: 0.60
[rosout][INFO] 2025-04-03 14:44:39,428: Back Left Min: 1.40, Back Right Min: 0.60
[rosout][INFO] 2025-04-03 14:44:39,525: Back Left Min: 1.40, Back Right Min: 0.60
[rosout][INFO] 2025-04-03 14:44:39,628: Back Left Min: 1.40, Back Right Min: 0.60
[rosout][INFO] 2025-04-03 14:44:39,725: Back Left Min: 1.40, Back Right Min: 0.60
[rosout][INFO] 2025-04-03 14:44:39,829: Back Left Min: 1.40, Back Right Min: 0.60
[rosout][INFO] 2025-04-03 14:44:39,926: Back Left Min: 1.40, Back Right Min: 0.60
[rosout][INFO] 2025-04-03 14:44:40,029: Back Left Min: 1.40, Back Right Min: 0.60
[rosout][INFO] 2025-04-03 14:44:40,126: Back Left Min: 1.40, Back Right Min: 0.60
[rosout][INFO] 2025-04-03 14:44:40,229: Back Left Min: 1.40, Back Right Min: 0.60
[rosout][INFO] 2025-04-03 14:44:40,326: Back Left Min: 1.40, Back Right Min: 0.60
[rosout][INFO] 2025-04-03 14:44:40,429: Back Left Min: 1.40, Back Right Min: 0.60
[rosout][INFO] 2025-04-03 14:44:40,526: Back Left Min: 1.40, Back Right Min: 0.60
[rosout][INFO] 2025-04-03 14:44:40,630: Back Left Min: 1.40, Back Right Min: 0.60
[rosout][INFO] 2025-04-03 14:44:40,727: Back Left Min: 1.40, Back Right Min: 0.60
[rosout][INFO] 2025-04-03 14:44:40,830: Back Left Min: 1.40, Back Right Min: 0.60
[rosout][INFO] 2025-04-03 14:44:40,927: Back Left Min: 1.40, Back Right Min: 0.60
[rosout][INFO] 2025-04-03 14:44:41,030: Back Left Min: 1.40, Back Right Min: 0.60
[rosout][INFO] 2025-04-03 14:44:41,127: Back Left Min: 1.40, Back Right Min: 0.60
[rosout][INFO] 2025-04-03 14:44:41,230: Back Left Min: 1.40, Back Right Min: 0.60
[rosout][INFO] 2025-04-03 14:44:41,327: Back Left Min: 1.40, Back Right Min: 0.60
[rosout][INFO] 2025-04-03 14:44:41,431: Back Left Min: 1.40, Back Right Min: 0.60
[rosout][INFO] 2025-04-03 14:44:41,528: Back Left Min: 1.40, Back Right Min: 0.60
[rosout][INFO] 2025-04-03 14:44:41,631: Back Left Min: 1.40, Back Right Min: 0.60
[rosout][INFO] 2025-04-03 14:44:41,728: Back Left Min: 1.40, Back Right Min: 0.60
[rosout][INFO] 2025-04-03 14:44:41,831: Back Left Min: 1.40, Back Right Min: 0.60
[rosout][INFO] 2025-04-03 14:44:41,928: Back Left Min: 1.40, Back Right Min: 0.60
[rosout][INFO] 2025-04-03 14:44:42,031: Back Left Min: 1.40, Back Right Min: 0.60
[rosout][INFO] 2025-04-03 14:44:42,128: Back Left Min: 1.40, Back Right Min: 0.60
[rosout][INFO] 2025-04-03 14:44:42,231: Back Left Min: 1.40, Back Right Min: 0.60
[rosout][INFO] 2025-04-03 14:44:42,329: Back Left Min: 1.40, Back Right Min: 0.60
[rosout][INFO] 2025-04-03 14:44:42,432: Back Left Min: 1.40, Back Right Min: 0.60
[rosout][INFO] 2025-04-03 14:44:42,529: Back Left Min: 1.40, Back Right Min: 0.60
[rosout][INFO] 2025-04-03 14:44:42,632: Back Left Min: 1.40, Back Right Min: 0.60
[rosout][INFO] 2025-04-03 14:44:42,729: Back Left Min: 1.40, Back Right Min: 0.60
[rosout][INFO] 2025-04-03 14:44:42,832: Back Left Min: 1.40, Back Right Min: 0.60
[rosout][INFO] 2025-04-03 14:44:42,929: Back Left Min: 1.40, Back Right Min: 0.60
[rosout][INFO] 2025-04-03 14:44:43,032: Back Left Min: 1.40, Back Right Min: 0.60
[rosout][INFO] 2025-04-03 14:44:43,130: Back Left Min: 1.40, Back Right Min: 0.60
[rosout][INFO] 2025-04-03 14:44:43,233: Back Left Min: 1.40, Back Right Min: 0.60
[rosout][INFO] 2025-04-03 14:44:43,330: Back Left Min: 1.40, Back Right Min: 0.60
[rosout][INFO] 2025-04-03 14:44:43,433: Back Left Min: 1.18, Back Right Min: 0.60
[rosout][INFO] 2025-04-03 14:44:43,530: Back Left Min: 1.18, Back Right Min: 0.60
[rosout][INFO] 2025-04-03 14:44:43,633: Back Left Min: 1.04, Back Right Min: 0.60
[rosout][INFO] 2025-04-03 14:44:43,730: Back Left Min: 0.99, Back Right Min: 0.60
[rosout][INFO] 2025-04-03 14:44:43,834: Back Left Min: 0.99, Back Right Min: 0.60
[rosout][INFO] 2025-04-03 14:44:43,930: Back Left Min: 0.99, Back Right Min: 0.60
[rosout][INFO] 2025-04-03 14:44:44,034: Back Left Min: 1.42, Back Right Min: 0.61
[rosout][INFO] 2025-04-03 14:44:44,131: Back Left Min: 1.42, Back Right Min: 0.61
[rosout][INFO] 2025-04-03 14:44:44,234: Back Left Min: 1.42, Back Right Min: 0.61
[rosout][INFO] 2025-04-03 14:44:44,331: Back Left Min: 1.42, Back Right Min: 0.61
[rosout][INFO] 2025-04-03 14:44:44,434: Back Left Min: 1.42, Back Right Min: 0.61
[rosout][INFO] 2025-04-03 14:44:44,531: Back Left Min: 1.42, Back Right Min: 0.61
[rosout][INFO] 2025-04-03 14:44:44,635: Back Left Min: 1.42, Back Right Min: 0.61
[rosout][INFO] 2025-04-03 14:44:44,731: Back Left Min: 1.42, Back Right Min: 0.61
[rosout][INFO] 2025-04-03 14:44:44,835: Back Left Min: 1.42, Back Right Min: 0.61
[rosout][INFO] 2025-04-03 14:44:44,932: Back Left Min: 1.42, Back Right Min: 0.61
[rosout][INFO] 2025-04-03 14:44:45,035: Back Left Min: 1.42, Back Right Min: 0.61
[rosout][INFO] 2025-04-03 14:44:45,132: Back Left Min: 1.42, Back Right Min: 0.61
[rosout][INFO] 2025-04-03 14:44:45,236: Back Left Min: 1.42, Back Right Min: 0.61
[rosout][INFO] 2025-04-03 14:44:45,333: Back Left Min: 1.42, Back Right Min: 0.61
[rosout][INFO] 2025-04-03 14:44:45,436: Back Left Min: 1.42, Back Right Min: 0.61
[rosout][INFO] 2025-04-03 14:44:45,533: Back Left Min: 1.42, Back Right Min: 0.61
[rosout][INFO] 2025-04-03 14:44:45,636: Back Left Min: 1.42, Back Right Min: 0.61
[rosout][INFO] 2025-04-03 14:44:45,733: Back Left Min: 1.42, Back Right Min: 0.61
[rosout][INFO] 2025-04-03 14:44:45,836: Back Left Min: 1.42, Back Right Min: 0.61
[rosout][INFO] 2025-04-03 14:44:45,933: Back Left Min: 1.42, Back Right Min: 0.61
[rosout][INFO] 2025-04-03 14:44:46,036: Back Left Min: 1.42, Back Right Min: 0.61
[rosout][INFO] 2025-04-03 14:44:46,133: Back Left Min: 1.42, Back Right Min: 0.61
[rosout][INFO] 2025-04-03 14:44:46,237: Back Left Min: 1.42, Back Right Min: 0.61
[rosout][INFO] 2025-04-03 14:44:46,333: Back Left Min: 1.42, Back Right Min: 0.61
[rosout][INFO] 2025-04-03 14:44:46,437: Back Left Min: 1.42, Back Right Min: 0.61
[rosout][INFO] 2025-04-03 14:44:46,534: Back Left Min: 1.42, Back Right Min: 0.61
[rosout][INFO] 2025-04-03 14:44:46,637: Back Left Min: 1.42, Back Right Min: 0.61
[rosout][INFO] 2025-04-03 14:44:46,734: Back Left Min: 1.42, Back Right Min: 0.61
[rosout][INFO] 2025-04-03 14:44:46,837: Back Left Min: 1.42, Back Right Min: 0.61
[rosout][INFO] 2025-04-03 14:44:46,934: Back Left Min: 1.42, Back Right Min: 0.61
[rosout][INFO] 2025-04-03 14:44:47,037: Back Left Min: 1.42, Back Right Min: 0.61
[rosout][INFO] 2025-04-03 14:44:47,134: Back Left Min: 1.42, Back Right Min: 0.61
[rosout][INFO] 2025-04-03 14:44:47,238: Back Left Min: 1.42, Back Right Min: 0.61
[rosout][INFO] 2025-04-03 14:44:47,335: Back Left Min: 1.42, Back Right Min: 0.61
[rosout][INFO] 2025-04-03 14:44:47,438: Back Left Min: 1.42, Back Right Min: 0.61
[rosout][INFO] 2025-04-03 14:44:47,535: Back Left Min: 1.42, Back Right Min: 0.61
[rosout][INFO] 2025-04-03 14:44:47,638: Back Left Min: 1.42, Back Right Min: 0.61
[rosout][INFO] 2025-04-03 14:44:47,735: Back Left Min: 1.42, Back Right Min: 0.61
[rosout][INFO] 2025-04-03 14:44:47,838: Back Left Min: 1.42, Back Right Min: 0.61
[rosout][INFO] 2025-04-03 14:44:47,935: Back Left Min: 1.42, Back Right Min: 0.61
[rosout][INFO] 2025-04-03 14:44:48,039: Back Left Min: 1.42, Back Right Min: 0.61
[rosout][INFO] 2025-04-03 14:44:48,136: Back Left Min: 1.42, Back Right Min: 0.61
[rosout][INFO] 2025-04-03 14:44:48,239: Back Left Min: 1.42, Back Right Min: 0.61
[rosout][INFO] 2025-04-03 14:44:48,336: Back Left Min: 1.42, Back Right Min: 0.61
[rosout][INFO] 2025-04-03 14:44:48,439: Back Left Min: 1.42, Back Right Min: 0.61
[rosout][INFO] 2025-04-03 14:44:48,536: Back Left Min: 1.42, Back Right Min: 0.61
[rosout][INFO] 2025-04-03 14:44:48,640: Back Left Min: 1.42, Back Right Min: 0.61
[rosout][INFO] 2025-04-03 14:44:48,736: Back Left Min: 1.42, Back Right Min: 0.61
[rosout][INFO] 2025-04-03 14:44:48,839: Back Left Min: 1.42, Back Right Min: 0.61
[rosout][INFO] 2025-04-03 14:44:48,936: Back Left Min: 1.42, Back Right Min: 0.61
[rosout][INFO] 2025-04-03 14:44:49,040: Back Left Min: 1.42, Back Right Min: 0.61
[rosout][INFO] 2025-04-03 14:44:49,137: Back Left Min: 1.42, Back Right Min: 0.61
[rosout][INFO] 2025-04-03 14:44:49,240: Back Left Min: 1.42, Back Right Min: 0.61
[rosout][INFO] 2025-04-03 14:44:49,337: Back Left Min: 1.42, Back Right Min: 0.61
[rosout][INFO] 2025-04-03 14:44:49,440: Back Left Min: 1.42, Back Right Min: 0.61
[rosout][INFO] 2025-04-03 14:44:49,537: Back Left Min: 1.42, Back Right Min: 0.61
[rosout][INFO] 2025-04-03 14:44:49,641: Back Left Min: 1.42, Back Right Min: 0.61
[rosout][INFO] 2025-04-03 14:44:49,737: Back Left Min: 1.42, Back Right Min: 0.61
[rosout][INFO] 2025-04-03 14:44:49,841: Back Left Min: 1.42, Back Right Min: 0.61
[rosout][INFO] 2025-04-03 14:44:49,938: Back Left Min: 1.42, Back Right Min: 0.61
[rosout][INFO] 2025-04-03 14:44:50,041: Back Left Min: 1.42, Back Right Min: 0.61
[rosout][INFO] 2025-04-03 14:44:50,138: Back Left Min: 1.42, Back Right Min: 0.61
[rosout][INFO] 2025-04-03 14:44:50,241: Back Left Min: 1.42, Back Right Min: 0.61
[rosout][INFO] 2025-04-03 14:44:50,338: Back Left Min: 1.42, Back Right Min: 0.61
[rosout][INFO] 2025-04-03 14:44:50,441: Back Left Min: 1.42, Back Right Min: 0.61
[rosout][INFO] 2025-04-03 14:44:50,538: Back Left Min: 1.42, Back Right Min: 0.61
[rosout][INFO] 2025-04-03 14:44:50,642: Back Left Min: 1.42, Back Right Min: 0.61
[rosout][INFO] 2025-04-03 14:44:50,739: Back Left Min: 1.42, Back Right Min: 0.61
[rosout][INFO] 2025-04-03 14:44:50,842: Back Left Min: 1.42, Back Right Min: 0.61
[rosout][INFO] 2025-04-03 14:44:50,939: Back Left Min: 1.42, Back Right Min: 0.61
[rosout][INFO] 2025-04-03 14:44:51,042: Back Left Min: 1.42, Back Right Min: 0.61
[rosout][INFO] 2025-04-03 14:44:51,139: Back Left Min: 1.42, Back Right Min: 0.61
[rosout][INFO] 2025-04-03 14:44:51,242: Back Left Min: 1.42, Back Right Min: 0.61
[rosout][INFO] 2025-04-03 14:44:51,339: Back Left Min: 1.42, Back Right Min: 0.61
[rosout][INFO] 2025-04-03 14:44:51,443: Back Left Min: 1.42, Back Right Min: 0.61
[rosout][INFO] 2025-04-03 14:44:51,540: Back Left Min: 1.42, Back Right Min: 0.61
[rosout][INFO] 2025-04-03 14:44:51,643: Back Left Min: 1.42, Back Right Min: 0.61
[rosout][INFO] 2025-04-03 14:44:51,740: Back Left Min: 1.42, Back Right Min: 0.61
[rosout][INFO] 2025-04-03 14:44:51,843: Back Left Min: 1.42, Back Right Min: 0.61
[rosout][INFO] 2025-04-03 14:44:51,940: Back Left Min: 1.42, Back Right Min: 0.61
[rosout][INFO] 2025-04-03 14:44:52,044: Back Left Min: 1.42, Back Right Min: 0.61
[rosout][INFO] 2025-04-03 14:44:52,141: Back Left Min: 1.42, Back Right Min: 0.61
[rosout][INFO] 2025-04-03 14:44:52,244: Back Left Min: 1.42, Back Right Min: 0.61
[rosout][INFO] 2025-04-03 14:44:52,341: Back Left Min: 1.42, Back Right Min: 0.61
[rosout][INFO] 2025-04-03 14:44:52,444: Back Left Min: 1.42, Back Right Min: 0.61
[rosout][INFO] 2025-04-03 14:44:52,541: Back Left Min: 1.42, Back Right Min: 0.61
[rosout][INFO] 2025-04-03 14:44:52,644: Back Left Min: 1.42, Back Right Min: 0.61
[rosout][INFO] 2025-04-03 14:44:52,741: Back Left Min: 1.42, Back Right Min: 0.61
[rosout][INFO] 2025-04-03 14:44:52,845: Back Left Min: 1.42, Back Right Min: 0.61
[rosout][INFO] 2025-04-03 14:44:52,942: Back Left Min: 1.42, Back Right Min: 0.61
[rosout][INFO] 2025-04-03 14:44:53,045: Back Left Min: 1.42, Back Right Min: 0.61
[rosout][INFO] 2025-04-03 14:44:53,142: Back Left Min: 1.42, Back Right Min: 0.61
[rosout][INFO] 2025-04-03 14:44:53,245: Back Left Min: 1.42, Back Right Min: 0.61
[rosout][INFO] 2025-04-03 14:44:53,342: Back Left Min: 1.42, Back Right Min: 0.61
[rosout][INFO] 2025-04-03 14:44:53,445: Back Left Min: 1.42, Back Right Min: 0.61
[rosout][INFO] 2025-04-03 14:44:53,543: Back Left Min: 1.42, Back Right Min: 0.61
[rosout][INFO] 2025-04-03 14:44:53,646: Back Left Min: 1.42, Back Right Min: 0.61
[rosout][INFO] 2025-04-03 14:44:53,743: Back Left Min: 1.42, Back Right Min: 0.61
[rosout][INFO] 2025-04-03 14:44:53,846: Back Left Min: 1.42, Back Right Min: 0.61
[rosout][INFO] 2025-04-03 14:44:53,943: Back Left Min: 1.42, Back Right Min: 0.61
[rosout][INFO] 2025-04-03 14:44:54,046: Back Left Min: 1.42, Back Right Min: 0.61
[rosout][INFO] 2025-04-03 14:44:54,143: Back Left Min: 1.42, Back Right Min: 0.61
[rosout][INFO] 2025-04-03 14:44:54,246: Back Left Min: 1.42, Back Right Min: 0.61
[rosout][INFO] 2025-04-03 14:44:54,344: Back Left Min: 1.42, Back Right Min: 0.61
[rosout][INFO] 2025-04-03 14:44:54,447: Back Left Min: 1.42, Back Right Min: 0.61
[rosout][INFO] 2025-04-03 14:44:54,543: Back Left Min: 1.42, Back Right Min: 0.61
[rosout][INFO] 2025-04-03 14:44:54,647: Back Left Min: 1.42, Back Right Min: 0.61
[rosout][INFO] 2025-04-03 14:44:54,744: Back Left Min: 1.42, Back Right Min: 0.61
[rosout][INFO] 2025-04-03 14:44:54,847: Back Left Min: 1.42, Back Right Min: 0.61
[rosout][INFO] 2025-04-03 14:44:54,944: Back Left Min: 1.42, Back Right Min: 0.61
[rosout][INFO] 2025-04-03 14:44:55,047: Back Left Min: 1.42, Back Right Min: 0.61
[rosout][INFO] 2025-04-03 14:44:55,144: Back Left Min: 1.42, Back Right Min: 0.61
[rosout][INFO] 2025-04-03 14:44:55,248: Back Left Min: 1.42, Back Right Min: 0.61
[rosout][INFO] 2025-04-03 14:44:55,345: Back Left Min: 1.42, Back Right Min: 0.61
[rosout][INFO] 2025-04-03 14:44:55,448: Back Left Min: 1.42, Back Right Min: 0.61
[rosout][INFO] 2025-04-03 14:44:55,545: Back Left Min: 1.42, Back Right Min: 0.61
[rosout][INFO] 2025-04-03 14:44:55,649: Back Left Min: 1.42, Back Right Min: 0.61
[rosout][INFO] 2025-04-03 14:44:55,745: Back Left Min: 1.42, Back Right Min: 0.61
[rosout][INFO] 2025-04-03 14:44:55,848: Back Left Min: 1.42, Back Right Min: 0.61
[rosout][INFO] 2025-04-03 14:44:55,945: Back Left Min: 1.42, Back Right Min: 0.61
[rosout][INFO] 2025-04-03 14:44:56,049: Back Left Min: 1.42, Back Right Min: 0.61
[rosout][INFO] 2025-04-03 14:44:56,145: Back Left Min: 1.42, Back Right Min: 0.61
[rosout][INFO] 2025-04-03 14:44:56,249: Back Left Min: 1.42, Back Right Min: 0.61
[rosout][INFO] 2025-04-03 14:44:56,346: Back Left Min: 1.42, Back Right Min: 0.61
[rosout][INFO] 2025-04-03 14:44:56,449: Back Left Min: 1.42, Back Right Min: 0.61
[rosout][INFO] 2025-04-03 14:44:56,546: Back Left Min: 1.42, Back Right Min: 0.61
[rosout][INFO] 2025-04-03 14:44:56,649: Back Left Min: 1.42, Back Right Min: 0.61
[rosout][INFO] 2025-04-03 14:44:56,746: Back Left Min: 1.42, Back Right Min: 0.61
[rosout][INFO] 2025-04-03 14:44:56,849: Back Left Min: 1.42, Back Right Min: 0.61
[rosout][INFO] 2025-04-03 14:44:56,946: Back Left Min: 1.42, Back Right Min: 0.61
[rosout][INFO] 2025-04-03 14:44:57,050: Back Left Min: 1.42, Back Right Min: 0.61
[rosout][INFO] 2025-04-03 14:44:57,146: Back Left Min: 1.42, Back Right Min: 0.61
[rosout][INFO] 2025-04-03 14:44:57,250: Back Left Min: 1.42, Back Right Min: 0.61
[rosout][INFO] 2025-04-03 14:44:57,347: Back Left Min: 1.42, Back Right Min: 0.61
[rosout][INFO] 2025-04-03 14:44:57,450: Back Left Min: 1.42, Back Right Min: 0.61
[rosout][INFO] 2025-04-03 14:44:57,547: Back Left Min: 1.42, Back Right Min: 0.61
[rosout][INFO] 2025-04-03 14:44:57,650: Back Left Min: 1.42, Back Right Min: 0.61
[rosout][INFO] 2025-04-03 14:44:57,747: Back Left Min: 1.42, Back Right Min: 0.61
[rosout][INFO] 2025-04-03 14:44:57,851: Back Left Min: 1.42, Back Right Min: 0.61
[rosout][INFO] 2025-04-03 14:44:57,948: Back Left Min: 1.42, Back Right Min: 0.61
[rosout][INFO] 2025-04-03 14:44:58,051: Back Left Min: 1.42, Back Right Min: 0.61
[rosout][INFO] 2025-04-03 14:44:58,148: Back Left Min: 1.42, Back Right Min: 0.61
[rosout][INFO] 2025-04-03 14:44:58,251: Back Left Min: 1.42, Back Right Min: 0.61
[rosout][INFO] 2025-04-03 14:44:58,348: Back Left Min: 1.42, Back Right Min: 0.61
[rosout][INFO] 2025-04-03 14:44:58,452: Back Left Min: 1.42, Back Right Min: 0.61
[rosout][INFO] 2025-04-03 14:44:58,548: Back Left Min: 1.42, Back Right Min: 0.61
[rosout][INFO] 2025-04-03 14:44:58,652: Back Left Min: 1.42, Back Right Min: 0.61
[rosout][INFO] 2025-04-03 14:44:58,749: Back Left Min: 1.42, Back Right Min: 0.61
[rosout][INFO] 2025-04-03 14:44:58,852: Back Left Min: 1.42, Back Right Min: 0.61
[rosout][INFO] 2025-04-03 14:44:58,949: Back Left Min: 1.42, Back Right Min: 0.61
[rosout][INFO] 2025-04-03 14:44:59,052: Back Left Min: 1.42, Back Right Min: 0.61
[rosout][INFO] 2025-04-03 14:44:59,149: Back Left Min: 1.42, Back Right Min: 0.61
[rosout][INFO] 2025-04-03 14:44:59,252: Back Left Min: 1.42, Back Right Min: 0.61
[rosout][INFO] 2025-04-03 14:44:59,349: Back Left Min: 1.42, Back Right Min: 0.61
[rosout][INFO] 2025-04-03 14:44:59,453: Back Left Min: 1.42, Back Right Min: 0.61
[rosout][INFO] 2025-04-03 14:44:59,550: Back Left Min: 1.42, Back Right Min: 0.61
[rosout][INFO] 2025-04-03 14:44:59,653: Back Left Min: 1.42, Back Right Min: 0.61
[rosout][INFO] 2025-04-03 14:44:59,750: Back Left Min: 1.42, Back Right Min: 0.61
[rosout][INFO] 2025-04-03 14:44:59,853: Back Left Min: 1.42, Back Right Min: 0.61
[rosout][INFO] 2025-04-03 14:44:59,950: Back Left Min: 1.42, Back Right Min: 0.61
[rosout][INFO] 2025-04-03 14:45:00,054: Back Left Min: 1.42, Back Right Min: 0.61
[rosout][INFO] 2025-04-03 14:45:00,150: Back Left Min: 1.42, Back Right Min: 0.61
[rosout][INFO] 2025-04-03 14:45:00,253: Back Left Min: 1.42, Back Right Min: 0.61
[rosout][INFO] 2025-04-03 14:45:00,351: Back Left Min: 1.42, Back Right Min: 0.61
[rosout][INFO] 2025-04-03 14:45:00,455: Back Left Min: 1.42, Back Right Min: 0.61
[rosout][INFO] 2025-04-03 14:45:00,551: Back Left Min: 1.42, Back Right Min: 0.61
[rosout][INFO] 2025-04-03 14:45:00,654: Back Left Min: 1.42, Back Right Min: 0.61
[rosout][INFO] 2025-04-03 14:45:00,751: Back Left Min: 1.42, Back Right Min: 0.61
[rosout][INFO] 2025-04-03 14:45:00,854: Back Left Min: 1.42, Back Right Min: 0.61
[rosout][INFO] 2025-04-03 14:45:00,951: Back Left Min: 1.42, Back Right Min: 0.61
[rosout][INFO] 2025-04-03 14:45:01,055: Back Left Min: 1.42, Back Right Min: 0.61
[rosout][INFO] 2025-04-03 14:45:01,151: Back Left Min: 1.42, Back Right Min: 0.61
[rosout][INFO] 2025-04-03 14:45:01,255: Back Left Min: 1.42, Back Right Min: 0.61
[rosout][INFO] 2025-04-03 14:45:01,352: Back Left Min: 1.42, Back Right Min: 0.61
[rosout][INFO] 2025-04-03 14:45:01,455: Back Left Min: 1.42, Back Right Min: 0.61
[rosout][INFO] 2025-04-03 14:45:01,552: Back Left Min: 1.42, Back Right Min: 0.61
[rosout][INFO] 2025-04-03 14:45:01,655: Back Left Min: 1.42, Back Right Min: 0.61
[rosout][INFO] 2025-04-03 14:45:01,752: Back Left Min: 1.42, Back Right Min: 0.61
[rosout][INFO] 2025-04-03 14:45:01,855: Back Left Min: 1.42, Back Right Min: 0.61
[rosout][INFO] 2025-04-03 14:45:01,953: Back Left Min: 1.42, Back Right Min: 0.61
[rosout][INFO] 2025-04-03 14:45:02,056: Back Left Min: 1.42, Back Right Min: 0.61
[rosout][INFO] 2025-04-03 14:45:02,153: Back Left Min: 1.42, Back Right Min: 0.61
[rosout][INFO] 2025-04-03 14:45:02,256: Back Left Min: 1.42, Back Right Min: 0.61
[rosout][INFO] 2025-04-03 14:45:02,353: Back Left Min: 1.42, Back Right Min: 0.61
[rosout][INFO] 2025-04-03 14:45:02,456: Back Left Min: 1.42, Back Right Min: 0.61
[rosout][INFO] 2025-04-03 14:45:02,553: Back Left Min: 1.42, Back Right Min: 0.61
[rosout][INFO] 2025-04-03 14:45:02,657: Back Left Min: 1.42, Back Right Min: 0.61
[rosout][INFO] 2025-04-03 14:45:02,753: Back Left Min: 1.42, Back Right Min: 0.61
[rosout][INFO] 2025-04-03 14:45:02,857: Back Left Min: 1.42, Back Right Min: 0.61
[rosout][INFO] 2025-04-03 14:45:02,954: Back Left Min: 1.42, Back Right Min: 0.61
[rosout][INFO] 2025-04-03 14:45:03,057: Back Left Min: 1.42, Back Right Min: 0.61
[rosout][INFO] 2025-04-03 14:45:03,154: Back Left Min: 1.42, Back Right Min: 0.61
[rosout][INFO] 2025-04-03 14:45:03,257: Back Left Min: 1.42, Back Right Min: 0.61
[rosout][INFO] 2025-04-03 14:45:03,354: Back Left Min: 1.42, Back Right Min: 0.61
[rosout][INFO] 2025-04-03 14:45:03,458: Back Left Min: 1.42, Back Right Min: 0.61
[rosout][INFO] 2025-04-03 14:45:03,555: Back Left Min: 1.42, Back Right Min: 0.61
[rosout][INFO] 2025-04-03 14:45:03,658: Back Left Min: 1.42, Back Right Min: 0.61
[rosout][INFO] 2025-04-03 14:45:03,755: Back Left Min: 1.42, Back Right Min: 0.61
[rosout][INFO] 2025-04-03 14:45:03,858: Back Left Min: 1.42, Back Right Min: 0.61
[rosout][INFO] 2025-04-03 14:45:03,955: Back Left Min: 1.42, Back Right Min: 0.61
[rosout][INFO] 2025-04-03 14:45:04,058: Back Left Min: 1.42, Back Right Min: 0.61
[rosout][INFO] 2025-04-03 14:45:04,155: Back Left Min: 1.42, Back Right Min: 0.61
[rosout][INFO] 2025-04-03 14:45:04,258: Back Left Min: 1.42, Back Right Min: 0.61
[rosout][INFO] 2025-04-03 14:45:04,355: Back Left Min: 1.42, Back Right Min: 0.61
[rosout][INFO] 2025-04-03 14:45:04,459: Back Left Min: 1.42, Back Right Min: 0.61
[rosout][INFO] 2025-04-03 14:45:04,556: Back Left Min: 1.42, Back Right Min: 0.61
[rosout][INFO] 2025-04-03 14:45:04,659: Back Left Min: 1.42, Back Right Min: 0.61
[rosout][INFO] 2025-04-03 14:45:04,756: Back Left Min: 1.42, Back Right Min: 0.61
[rosout][INFO] 2025-04-03 14:45:04,859: Back Left Min: 1.42, Back Right Min: 0.61
[rosout][INFO] 2025-04-03 14:45:04,956: Back Left Min: 1.42, Back Right Min: 0.61
[rosout][INFO] 2025-04-03 14:45:05,060: Back Left Min: 1.42, Back Right Min: 0.61
[rosout][INFO] 2025-04-03 14:45:05,156: Back Left Min: 1.42, Back Right Min: 0.61
[rosout][INFO] 2025-04-03 14:45:05,260: Back Left Min: 1.42, Back Right Min: 0.61
[rosout][INFO] 2025-04-03 14:45:05,357: Back Left Min: 1.42, Back Right Min: 0.61
[rosout][INFO] 2025-04-03 14:45:05,460: Back Left Min: 1.42, Back Right Min: 0.61
[rosout][INFO] 2025-04-03 14:45:05,557: Back Left Min: 1.42, Back Right Min: 0.61
[rosout][INFO] 2025-04-03 14:45:05,660: Back Left Min: 1.42, Back Right Min: 0.61
[rosout][INFO] 2025-04-03 14:45:05,757: Back Left Min: 1.42, Back Right Min: 0.61
[rosout][INFO] 2025-04-03 14:45:05,860: Back Left Min: 1.42, Back Right Min: 0.61
[rosout][INFO] 2025-04-03 14:45:05,957: Back Left Min: 1.42, Back Right Min: 0.61
[rosout][INFO] 2025-04-03 14:45:06,060: Back Left Min: 1.42, Back Right Min: 0.61
[rosout][INFO] 2025-04-03 14:45:06,157: Back Left Min: 1.42, Back Right Min: 0.61
[rosout][INFO] 2025-04-03 14:45:06,261: Back Left Min: 1.42, Back Right Min: 0.61
[rosout][INFO] 2025-04-03 14:45:06,358: Back Left Min: 1.42, Back Right Min: 0.61
[rosout][INFO] 2025-04-03 14:45:06,461: Back Left Min: 1.42, Back Right Min: 0.61
[rosout][INFO] 2025-04-03 14:45:06,558: Back Left Min: 1.42, Back Right Min: 0.61
[rosout][INFO] 2025-04-03 14:45:06,661: Back Left Min: 1.42, Back Right Min: 0.61
[rosout][INFO] 2025-04-03 14:45:06,758: Back Left Min: 1.42, Back Right Min: 0.61
[rosout][INFO] 2025-04-03 14:45:06,861: Back Left Min: 1.42, Back Right Min: 0.61
[rosout][INFO] 2025-04-03 14:45:06,958: Back Left Min: 1.42, Back Right Min: 0.61
[rosout][INFO] 2025-04-03 14:45:07,061: Back Left Min: 1.42, Back Right Min: 0.61
[rosout][INFO] 2025-04-03 14:45:07,158: Back Left Min: 1.42, Back Right Min: 0.61
[rosout][INFO] 2025-04-03 14:45:07,261: Back Left Min: 1.42, Back Right Min: 0.61
[rosout][INFO] 2025-04-03 14:45:07,358: Back Left Min: 1.42, Back Right Min: 0.61
[rosout][INFO] 2025-04-03 14:45:07,462: Back Left Min: 1.42, Back Right Min: 0.61
[rosout][INFO] 2025-04-03 14:45:07,558: Back Left Min: 1.42, Back Right Min: 0.61
[rosout][INFO] 2025-04-03 14:45:07,662: Back Left Min: 1.42, Back Right Min: 0.61
[rosout][INFO] 2025-04-03 14:45:07,759: Back Left Min: 1.42, Back Right Min: 0.61
[rosout][INFO] 2025-04-03 14:45:07,862: Back Left Min: 1.42, Back Right Min: 0.61
[rosout][INFO] 2025-04-03 14:45:07,959: Back Left Min: 1.42, Back Right Min: 0.61
[rosout][INFO] 2025-04-03 14:45:08,062: Back Left Min: 1.42, Back Right Min: 0.61
[rosout][INFO] 2025-04-03 14:45:08,159: Back Left Min: 1.42, Back Right Min: 0.61
[rosout][INFO] 2025-04-03 14:45:08,262: Back Left Min: 1.42, Back Right Min: 0.61
[rosout][INFO] 2025-04-03 14:45:08,359: Back Left Min: 1.42, Back Right Min: 0.61
[rosout][INFO] 2025-04-03 14:45:08,462: Back Left Min: 1.42, Back Right Min: 0.61
[rosout][INFO] 2025-04-03 14:45:08,559: Back Left Min: 1.42, Back Right Min: 0.61
[rosout][INFO] 2025-04-03 14:45:08,662: Back Left Min: 1.42, Back Right Min: 0.61
[rosout][INFO] 2025-04-03 14:45:08,759: Back Left Min: 1.42, Back Right Min: 0.61
[rosout][INFO] 2025-04-03 14:45:08,862: Back Left Min: 1.42, Back Right Min: 0.61
[rosout][INFO] 2025-04-03 14:45:08,959: Back Left Min: 1.42, Back Right Min: 0.61
[rosout][INFO] 2025-04-03 14:45:09,062: Back Left Min: 1.42, Back Right Min: 0.61
[rosout][INFO] 2025-04-03 14:45:09,159: Back Left Min: 1.42, Back Right Min: 0.61
[rosout][INFO] 2025-04-03 14:45:09,262: Back Left Min: 1.42, Back Right Min: 0.61
[rosout][INFO] 2025-04-03 14:45:09,359: Back Left Min: 1.42, Back Right Min: 0.61
[rosout][INFO] 2025-04-03 14:45:09,463: Back Left Min: 1.42, Back Right Min: 0.61
[rosout][INFO] 2025-04-03 14:45:09,560: Back Left Min: 1.42, Back Right Min: 0.61
[rosout][INFO] 2025-04-03 14:45:09,662: Back Left Min: 1.42, Back Right Min: 0.61
[rosout][INFO] 2025-04-03 14:45:09,760: Back Left Min: 1.42, Back Right Min: 0.61
[rosout][INFO] 2025-04-03 14:45:09,862: Back Left Min: 1.42, Back Right Min: 0.61
[rosout][INFO] 2025-04-03 14:45:09,960: Back Left Min: 1.42, Back Right Min: 0.61
[rosout][INFO] 2025-04-03 14:45:10,063: Back Left Min: 1.42, Back Right Min: 0.61
[rosout][INFO] 2025-04-03 14:45:10,160: Back Left Min: 1.42, Back Right Min: 0.61
[rosout][INFO] 2025-04-03 14:45:10,263: Back Left Min: 1.42, Back Right Min: 0.61
[rosout][INFO] 2025-04-03 14:45:10,360: Back Left Min: 1.42, Back Right Min: 0.61
[rosout][INFO] 2025-04-03 14:45:10,463: Back Left Min: 1.42, Back Right Min: 0.61
[rosout][INFO] 2025-04-03 14:45:10,560: Back Left Min: 1.42, Back Right Min: 0.61
[rosout][INFO] 2025-04-03 14:45:10,663: Back Left Min: 1.42, Back Right Min: 0.61
[rosout][INFO] 2025-04-03 14:45:10,760: Back Left Min: 1.42, Back Right Min: 0.61
[rosout][INFO] 2025-04-03 14:45:10,863: Back Left Min: 1.42, Back Right Min: 0.61
[rosout][INFO] 2025-04-03 14:45:10,960: Back Left Min: 1.42, Back Right Min: 0.61
[rosout][INFO] 2025-04-03 14:45:11,063: Back Left Min: 1.42, Back Right Min: 0.61
[rosout][INFO] 2025-04-03 14:45:11,160: Back Left Min: 1.42, Back Right Min: 0.61
[rosout][INFO] 2025-04-03 14:45:11,263: Back Left Min: 1.42, Back Right Min: 0.61
[rosout][INFO] 2025-04-03 14:45:11,360: Back Left Min: 1.42, Back Right Min: 0.61
[rosout][INFO] 2025-04-03 14:45:11,463: Back Left Min: 1.42, Back Right Min: 0.61
[rosout][INFO] 2025-04-03 14:45:11,560: Back Left Min: 1.42, Back Right Min: 0.61
[rosout][INFO] 2025-04-03 14:45:11,663: Back Left Min: 1.42, Back Right Min: 0.61
[rosout][INFO] 2025-04-03 14:45:11,760: Back Left Min: 1.42, Back Right Min: 0.61
[rosout][INFO] 2025-04-03 14:45:11,863: Back Left Min: 1.42, Back Right Min: 0.61
[rosout][INFO] 2025-04-03 14:45:11,960: Back Left Min: 1.42, Back Right Min: 0.61
[rosout][INFO] 2025-04-03 14:45:12,063: Back Left Min: 1.42, Back Right Min: 0.61
[rosout][INFO] 2025-04-03 14:45:12,160: Back Left Min: 1.42, Back Right Min: 0.61
[rosout][INFO] 2025-04-03 14:45:12,264: Back Left Min: 1.42, Back Right Min: 0.61
[rosout][INFO] 2025-04-03 14:45:12,360: Back Left Min: 1.42, Back Right Min: 0.61
[rosout][INFO] 2025-04-03 14:45:12,463: Back Left Min: 1.42, Back Right Min: 0.61
[rosout][INFO] 2025-04-03 14:45:12,560: Back Left Min: 1.42, Back Right Min: 0.61
[rosout][INFO] 2025-04-03 14:45:12,664: Back Left Min: 1.42, Back Right Min: 0.61
[rosout][INFO] 2025-04-03 14:45:12,760: Back Left Min: 1.42, Back Right Min: 0.61
[rosout][INFO] 2025-04-03 14:45:12,864: Back Left Min: 1.42, Back Right Min: 0.61
[rosout][INFO] 2025-04-03 14:45:12,961: Back Left Min: 1.42, Back Right Min: 0.61
[rosout][INFO] 2025-04-03 14:45:13,064: Back Left Min: 1.42, Back Right Min: 0.61
[rosout][INFO] 2025-04-03 14:45:13,160: Back Left Min: 1.42, Back Right Min: 0.61
[rosout][INFO] 2025-04-03 14:45:13,264: Back Left Min: 1.42, Back Right Min: 0.61
[rosout][INFO] 2025-04-03 14:45:13,361: Back Left Min: 1.42, Back Right Min: 0.61
[rosout][INFO] 2025-04-03 14:45:13,464: Back Left Min: 1.42, Back Right Min: 0.61
[rosout][INFO] 2025-04-03 14:45:13,561: Back Left Min: 1.42, Back Right Min: 0.61
[rosout][INFO] 2025-04-03 14:45:13,664: Back Left Min: 1.42, Back Right Min: 0.61
[rosout][INFO] 2025-04-03 14:45:13,761: Back Left Min: 1.42, Back Right Min: 0.61
[rosout][INFO] 2025-04-03 14:45:13,864: Back Left Min: 1.42, Back Right Min: 0.61
[rosout][INFO] 2025-04-03 14:45:13,961: Back Left Min: 1.42, Back Right Min: 0.61
[rosout][INFO] 2025-04-03 14:45:14,064: Back Left Min: 1.42, Back Right Min: 0.61
[rosout][INFO] 2025-04-03 14:45:14,161: Back Left Min: 1.42, Back Right Min: 0.61
[rosout][INFO] 2025-04-03 14:45:14,264: Back Left Min: 1.42, Back Right Min: 0.61
[rosout][INFO] 2025-04-03 14:45:14,361: Back Left Min: 1.42, Back Right Min: 0.61
[rosout][INFO] 2025-04-03 14:45:14,464: Back Left Min: 1.42, Back Right Min: 0.61
[rosout][INFO] 2025-04-03 14:45:14,561: Back Left Min: 1.42, Back Right Min: 0.61
[rosout][INFO] 2025-04-03 14:45:14,664: Back Left Min: 1.42, Back Right Min: 0.61
[rosout][INFO] 2025-04-03 14:45:14,761: Back Left Min: 1.42, Back Right Min: 0.61
[rosout][INFO] 2025-04-03 14:45:14,864: Back Left Min: 1.42, Back Right Min: 0.61
[rosout][INFO] 2025-04-03 14:45:14,961: Back Left Min: 1.42, Back Right Min: 0.61
[rosout][INFO] 2025-04-03 14:45:15,065: Back Left Min: 1.42, Back Right Min: 0.61
[rosout][INFO] 2025-04-03 14:45:15,161: Back Left Min: 1.42, Back Right Min: 0.61
[rosout][INFO] 2025-04-03 14:45:15,265: Back Left Min: 1.42, Back Right Min: 0.61
[rosout][INFO] 2025-04-03 14:45:15,361: Back Left Min: 1.42, Back Right Min: 0.61
[rosout][INFO] 2025-04-03 14:45:15,465: Back Left Min: 1.42, Back Right Min: 0.61
[rosout][INFO] 2025-04-03 14:45:15,562: Back Left Min: 1.42, Back Right Min: 0.61
[rosout][INFO] 2025-04-03 14:45:15,665: Back Left Min: 1.42, Back Right Min: 0.61
[rosout][INFO] 2025-04-03 14:45:15,762: Back Left Min: 1.42, Back Right Min: 0.61
[rosout][INFO] 2025-04-03 14:45:15,865: Back Left Min: 1.42, Back Right Min: 0.61
[rosout][INFO] 2025-04-03 14:45:15,962: Back Left Min: 1.42, Back Right Min: 0.61
[rosout][INFO] 2025-04-03 14:45:16,065: Back Left Min: 1.42, Back Right Min: 0.61
[rosout][INFO] 2025-04-03 14:45:16,162: Back Left Min: 1.42, Back Right Min: 0.61
[rosout][INFO] 2025-04-03 14:45:16,265: Back Left Min: 1.42, Back Right Min: 0.61
[rosout][INFO] 2025-04-03 14:45:16,362: Back Left Min: 1.42, Back Right Min: 0.61
[rosout][INFO] 2025-04-03 14:45:16,465: Back Left Min: 1.42, Back Right Min: 0.61
[rosout][INFO] 2025-04-03 14:45:16,562: Back Left Min: 1.42, Back Right Min: 0.61
[rosout][INFO] 2025-04-03 14:45:16,665: Back Left Min: 1.42, Back Right Min: 0.61
[rosout][INFO] 2025-04-03 14:45:16,762: Back Left Min: 1.42, Back Right Min: 0.61
[rosout][INFO] 2025-04-03 14:45:16,865: Back Left Min: 1.42, Back Right Min: 0.61
[rosout][INFO] 2025-04-03 14:45:16,962: Back Left Min: 1.42, Back Right Min: 0.61
[rosout][INFO] 2025-04-03 14:45:17,065: Back Left Min: 1.42, Back Right Min: 0.61
[rosout][INFO] 2025-04-03 14:45:17,162: Back Left Min: 1.42, Back Right Min: 0.61
[rosout][INFO] 2025-04-03 14:45:17,265: Back Left Min: 1.42, Back Right Min: 0.61
[rosout][INFO] 2025-04-03 14:45:17,362: Back Left Min: 1.42, Back Right Min: 0.61
[rosout][INFO] 2025-04-03 14:45:17,465: Back Left Min: 1.42, Back Right Min: 0.61
[rosout][INFO] 2025-04-03 14:45:17,562: Back Left Min: 1.42, Back Right Min: 0.61
[rosout][INFO] 2025-04-03 14:45:17,666: Back Left Min: 1.42, Back Right Min: 0.61
[rosout][INFO] 2025-04-03 14:45:17,762: Back Left Min: 1.42, Back Right Min: 0.61
[rosout][INFO] 2025-04-03 14:45:17,866: Back Left Min: 1.42, Back Right Min: 0.61
[rosout][INFO] 2025-04-03 14:45:17,963: Back Left Min: 1.42, Back Right Min: 0.61
[rosout][INFO] 2025-04-03 14:45:18,066: Back Left Min: 1.42, Back Right Min: 0.61
[rosout][INFO] 2025-04-03 14:45:18,163: Back Left Min: 1.42, Back Right Min: 0.61
[rosout][INFO] 2025-04-03 14:45:18,266: Back Left Min: 1.42, Back Right Min: 0.61
[rosout][INFO] 2025-04-03 14:45:18,363: Back Left Min: 1.42, Back Right Min: 0.61
[rosout][INFO] 2025-04-03 14:45:18,466: Back Left Min: 1.42, Back Right Min: 0.61
[rosout][INFO] 2025-04-03 14:45:18,563: Back Left Min: 1.42, Back Right Min: 0.61
[rosout][INFO] 2025-04-03 14:45:18,666: Back Left Min: 1.42, Back Right Min: 0.61
[rosout][INFO] 2025-04-03 14:45:18,763: Back Left Min: 1.42, Back Right Min: 0.61
[rosout][INFO] 2025-04-03 14:45:18,866: Back Left Min: 1.42, Back Right Min: 0.61
[rosout][INFO] 2025-04-03 14:45:18,963: Back Left Min: 1.42, Back Right Min: 0.61
[rosout][INFO] 2025-04-03 14:45:19,066: Back Left Min: 1.42, Back Right Min: 0.61
[rosout][INFO] 2025-04-03 14:45:19,163: Back Left Min: 1.42, Back Right Min: 0.61
[rosout][INFO] 2025-04-03 14:45:19,266: Back Left Min: 1.42, Back Right Min: 0.61
[rosout][INFO] 2025-04-03 14:45:19,363: Back Left Min: 1.42, Back Right Min: 0.61
[rosout][INFO] 2025-04-03 14:45:19,466: Back Left Min: 1.42, Back Right Min: 0.61
[rosout][INFO] 2025-04-03 14:45:19,563: Back Left Min: 1.42, Back Right Min: 0.61
[rosout][INFO] 2025-04-03 14:45:19,666: Back Left Min: 1.42, Back Right Min: 0.61
[rosout][INFO] 2025-04-03 14:45:19,763: Back Left Min: 1.42, Back Right Min: 0.61
[rosout][INFO] 2025-04-03 14:45:19,866: Back Left Min: 1.42, Back Right Min: 0.61
[rosout][INFO] 2025-04-03 14:45:19,963: Back Left Min: 1.42, Back Right Min: 0.61
[rosout][INFO] 2025-04-03 14:45:20,067: Back Left Min: 1.42, Back Right Min: 0.61
[rosout][INFO] 2025-04-03 14:45:20,163: Back Left Min: 1.42, Back Right Min: 0.61
[rosout][INFO] 2025-04-03 14:45:20,267: Back Left Min: 1.42, Back Right Min: 0.61
[rosout][INFO] 2025-04-03 14:45:20,364: Back Left Min: 1.42, Back Right Min: 0.61
[rosout][INFO] 2025-04-03 14:45:20,467: Back Left Min: 1.42, Back Right Min: 0.61
[rosout][INFO] 2025-04-03 14:45:20,564: Back Left Min: 1.42, Back Right Min: 0.61
[rosout][INFO] 2025-04-03 14:45:20,667: Back Left Min: 1.42, Back Right Min: 0.61
[rosout][INFO] 2025-04-03 14:45:20,764: Back Left Min: 1.42, Back Right Min: 0.61
[rosout][INFO] 2025-04-03 14:45:20,867: Back Left Min: 1.42, Back Right Min: 0.61
[rosout][INFO] 2025-04-03 14:45:20,964: Back Left Min: 1.42, Back Right Min: 0.61
[rosout][INFO] 2025-04-03 14:45:21,067: Back Left Min: 1.42, Back Right Min: 0.61
[rosout][INFO] 2025-04-03 14:45:21,164: Back Left Min: 1.42, Back Right Min: 0.61
[rosout][INFO] 2025-04-03 14:45:21,267: Back Left Min: 1.42, Back Right Min: 0.61
[rosout][INFO] 2025-04-03 14:45:21,364: Back Left Min: 1.42, Back Right Min: 0.61
[rosout][INFO] 2025-04-03 14:45:21,467: Back Left Min: 1.42, Back Right Min: 0.61
[rosout][INFO] 2025-04-03 14:45:21,564: Back Left Min: 1.42, Back Right Min: 0.61
[rosout][INFO] 2025-04-03 14:45:21,667: Back Left Min: 1.42, Back Right Min: 0.61
[rosout][INFO] 2025-04-03 14:45:21,764: Back Left Min: 1.42, Back Right Min: 0.61
[rosout][INFO] 2025-04-03 14:45:21,867: Back Left Min: 1.42, Back Right Min: 0.61
[rosout][INFO] 2025-04-03 14:45:21,964: Back Left Min: 1.42, Back Right Min: 0.61
[rosout][INFO] 2025-04-03 14:45:22,067: Back Left Min: 1.42, Back Right Min: 0.61
[rosout][INFO] 2025-04-03 14:45:22,164: Back Left Min: 1.42, Back Right Min: 0.61
[rosout][INFO] 2025-04-03 14:45:22,267: Back Left Min: 1.42, Back Right Min: 0.61
[rosout][INFO] 2025-04-03 14:45:22,364: Back Left Min: 1.42, Back Right Min: 0.61
[rosout][INFO] 2025-04-03 14:45:22,467: Back Left Min: 1.42, Back Right Min: 0.61
[rosout][INFO] 2025-04-03 14:45:22,564: Back Left Min: 1.42, Back Right Min: 0.61
[rosout][INFO] 2025-04-03 14:45:22,668: Back Left Min: 1.42, Back Right Min: 0.61
[rosout][INFO] 2025-04-03 14:45:22,764: Back Left Min: 1.42, Back Right Min: 0.61
[rosout][INFO] 2025-04-03 14:45:22,868: Back Left Min: 1.42, Back Right Min: 0.61
[rosout][INFO] 2025-04-03 14:45:22,965: Back Left Min: 1.42, Back Right Min: 0.61
[rosout][INFO] 2025-04-03 14:45:23,068: Back Left Min: 1.42, Back Right Min: 0.61
[rosout][INFO] 2025-04-03 14:45:23,165: Back Left Min: 1.42, Back Right Min: 0.61
[rosout][INFO] 2025-04-03 14:45:23,268: Back Left Min: 1.42, Back Right Min: 0.61
[rosout][INFO] 2025-04-03 14:45:23,365: Back Left Min: 1.42, Back Right Min: 0.61
[rosout][INFO] 2025-04-03 14:45:23,468: Back Left Min: 1.42, Back Right Min: 0.61
[rosout][INFO] 2025-04-03 14:45:23,565: Back Left Min: 1.42, Back Right Min: 0.61
[rosout][INFO] 2025-04-03 14:45:23,668: Back Left Min: 1.42, Back Right Min: 0.61
[rosout][INFO] 2025-04-03 14:45:23,765: Back Left Min: 1.42, Back Right Min: 0.61
[rosout][INFO] 2025-04-03 14:45:23,868: Back Left Min: 1.42, Back Right Min: 0.61
[rosout][INFO] 2025-04-03 14:45:23,965: Back Left Min: 1.42, Back Right Min: 0.61
[rosout][INFO] 2025-04-03 14:45:24,068: Back Left Min: 1.42, Back Right Min: 0.61
[rosout][INFO] 2025-04-03 14:45:24,165: Back Left Min: 1.42, Back Right Min: 0.61
[rosout][INFO] 2025-04-03 14:45:24,268: Back Left Min: 1.42, Back Right Min: 0.61
[rosout][INFO] 2025-04-03 14:45:24,365: Back Left Min: 1.42, Back Right Min: 0.61
[rosout][INFO] 2025-04-03 14:45:24,468: Back Left Min: 1.42, Back Right Min: 0.61
[rosout][INFO] 2025-04-03 14:45:24,565: Back Left Min: 1.42, Back Right Min: 0.61
[rosout][INFO] 2025-04-03 14:45:24,668: Back Left Min: 1.42, Back Right Min: 0.61
[rosout][INFO] 2025-04-03 14:45:24,765: Back Left Min: 1.42, Back Right Min: 0.61
[rosout][INFO] 2025-04-03 14:45:24,869: Back Left Min: 1.42, Back Right Min: 0.61
[rosout][INFO] 2025-04-03 14:45:24,965: Back Left Min: 1.42, Back Right Min: 0.61
[rosout][INFO] 2025-04-03 14:45:25,069: Back Left Min: 1.42, Back Right Min: 0.61
[rosout][INFO] 2025-04-03 14:45:25,165: Back Left Min: 1.42, Back Right Min: 0.61
[rosout][INFO] 2025-04-03 14:45:25,269: Back Left Min: 1.42, Back Right Min: 0.61
[rosout][INFO] 2025-04-03 14:45:25,365: Back Left Min: 1.42, Back Right Min: 0.61
[rosout][INFO] 2025-04-03 14:45:25,469: Back Left Min: 1.42, Back Right Min: 0.61
[rosout][INFO] 2025-04-03 14:45:25,565: Back Left Min: 1.42, Back Right Min: 0.61
[rosout][INFO] 2025-04-03 14:45:25,669: Back Left Min: 1.42, Back Right Min: 0.61
[rosout][INFO] 2025-04-03 14:45:25,766: Back Left Min: 1.42, Back Right Min: 0.61
[rosout][INFO] 2025-04-03 14:45:25,869: Back Left Min: 1.42, Back Right Min: 0.61
[rosout][INFO] 2025-04-03 14:45:25,966: Back Left Min: 1.42, Back Right Min: 0.61
[rosout][INFO] 2025-04-03 14:45:26,069: Back Left Min: 1.42, Back Right Min: 0.61
[rosout][INFO] 2025-04-03 14:45:26,166: Back Left Min: 1.42, Back Right Min: 0.61
[rosout][INFO] 2025-04-03 14:45:26,269: Back Left Min: 1.42, Back Right Min: 0.61
[rosout][INFO] 2025-04-03 14:45:26,366: Back Left Min: 1.42, Back Right Min: 0.61
[rosout][INFO] 2025-04-03 14:45:26,469: Back Left Min: 1.42, Back Right Min: 0.61
[rosout][INFO] 2025-04-03 14:45:26,566: Back Left Min: 1.42, Back Right Min: 0.61
[rosout][INFO] 2025-04-03 14:45:26,670: Back Left Min: 1.42, Back Right Min: 0.61
[rosout][INFO] 2025-04-03 14:45:26,766: Back Left Min: 1.42, Back Right Min: 0.61
[rosout][INFO] 2025-04-03 14:45:26,870: Back Left Min: 1.42, Back Right Min: 0.61
[rosout][INFO] 2025-04-03 14:45:26,966: Back Left Min: 1.42, Back Right Min: 0.61
[rosout][INFO] 2025-04-03 14:45:27,069: Back Left Min: 1.42, Back Right Min: 0.61
[rosout][INFO] 2025-04-03 14:45:27,166: Back Left Min: 1.42, Back Right Min: 0.61
[rosout][INFO] 2025-04-03 14:45:27,269: Back Left Min: 1.42, Back Right Min: 0.61
[rosout][INFO] 2025-04-03 14:45:27,366: Back Left Min: 1.42, Back Right Min: 0.61
[rosout][INFO] 2025-04-03 14:45:27,469: Back Left Min: 1.42, Back Right Min: 0.61
[rosout][INFO] 2025-04-03 14:45:27,566: Back Left Min: 1.42, Back Right Min: 0.61
[rosout][INFO] 2025-04-03 14:45:27,670: Back Left Min: 1.42, Back Right Min: 0.61
[rosout][INFO] 2025-04-03 14:45:27,766: Back Left Min: 1.42, Back Right Min: 0.61
[rosout][INFO] 2025-04-03 14:45:27,870: Back Left Min: 1.42, Back Right Min: 0.61
[rosout][INFO] 2025-04-03 14:45:27,966: Back Left Min: 1.42, Back Right Min: 0.61
[rosout][INFO] 2025-04-03 14:45:28,070: Back Left Min: 1.42, Back Right Min: 0.61
[rosout][INFO] 2025-04-03 14:45:28,167: Back Left Min: 1.42, Back Right Min: 0.61
[rosout][INFO] 2025-04-03 14:45:28,270: Back Left Min: 1.42, Back Right Min: 0.61
[rosout][INFO] 2025-04-03 14:45:28,367: Back Left Min: 1.42, Back Right Min: 0.61
[rosout][INFO] 2025-04-03 14:45:28,470: Back Left Min: 1.42, Back Right Min: 0.61
[rosout][INFO] 2025-04-03 14:45:28,567: Back Left Min: 1.42, Back Right Min: 0.61
[rosout][INFO] 2025-04-03 14:45:28,670: Back Left Min: 1.42, Back Right Min: 0.61
[rosout][INFO] 2025-04-03 14:45:28,767: Back Left Min: 1.42, Back Right Min: 0.61
[rosout][INFO] 2025-04-03 14:45:28,870: Back Left Min: 1.42, Back Right Min: 0.61
[rosout][INFO] 2025-04-03 14:45:28,967: Back Left Min: 1.42, Back Right Min: 0.61
[rosout][INFO] 2025-04-03 14:45:29,070: Back Left Min: 1.42, Back Right Min: 0.61
[rosout][INFO] 2025-04-03 14:45:29,167: Back Left Min: 1.42, Back Right Min: 0.61
[rosout][INFO] 2025-04-03 14:45:29,270: Back Left Min: 1.42, Back Right Min: 0.61
[rosout][INFO] 2025-04-03 14:45:29,367: Back Left Min: 1.42, Back Right Min: 0.61
[rosout][INFO] 2025-04-03 14:45:29,470: Back Left Min: 1.42, Back Right Min: 0.61
[rosout][INFO] 2025-04-03 14:45:29,567: Back Left Min: 1.42, Back Right Min: 0.61
[rosout][INFO] 2025-04-03 14:45:29,671: Back Left Min: 1.42, Back Right Min: 0.61
[rosout][INFO] 2025-04-03 14:45:29,767: Back Left Min: 1.42, Back Right Min: 0.61
[rosout][INFO] 2025-04-03 14:45:29,870: Back Left Min: 1.42, Back Right Min: 0.61
[rosout][INFO] 2025-04-03 14:45:29,967: Back Left Min: 1.42, Back Right Min: 0.61
[rosout][INFO] 2025-04-03 14:45:30,071: Back Left Min: 1.42, Back Right Min: 0.61
[rosout][INFO] 2025-04-03 14:45:30,167: Back Left Min: 1.42, Back Right Min: 0.61
[rosout][INFO] 2025-04-03 14:45:30,271: Back Left Min: 1.42, Back Right Min: 0.61
[rosout][INFO] 2025-04-03 14:45:30,367: Back Left Min: 1.42, Back Right Min: 0.61
[rosout][INFO] 2025-04-03 14:45:30,471: Back Left Min: 1.42, Back Right Min: 0.61
[rosout][INFO] 2025-04-03 14:45:30,568: Back Left Min: 1.42, Back Right Min: 0.61
[rosout][INFO] 2025-04-03 14:45:30,671: Back Left Min: 1.42, Back Right Min: 0.61
[rosout][INFO] 2025-04-03 14:45:30,768: Back Left Min: 1.42, Back Right Min: 0.61
[rosout][INFO] 2025-04-03 14:45:30,871: Back Left Min: 1.42, Back Right Min: 0.61
[rosout][INFO] 2025-04-03 14:45:30,968: Back Left Min: 1.42, Back Right Min: 0.61
[rosout][INFO] 2025-04-03 14:45:31,071: Back Left Min: 1.42, Back Right Min: 0.61
[rosout][INFO] 2025-04-03 14:45:31,168: Back Left Min: 1.42, Back Right Min: 0.61
[rosout][INFO] 2025-04-03 14:45:31,271: Back Left Min: 1.42, Back Right Min: 0.61
[rosout][INFO] 2025-04-03 14:45:31,368: Back Left Min: 1.42, Back Right Min: 0.61
[rosout][INFO] 2025-04-03 14:45:31,471: Back Left Min: 1.42, Back Right Min: 0.61
[rosout][INFO] 2025-04-03 14:45:31,568: Back Left Min: 1.42, Back Right Min: 0.61
[rosout][INFO] 2025-04-03 14:45:31,671: Back Left Min: 1.42, Back Right Min: 0.61
[rosout][INFO] 2025-04-03 14:45:31,768: Back Left Min: 1.42, Back Right Min: 0.61
[rosout][INFO] 2025-04-03 14:45:31,871: Back Left Min: 1.42, Back Right Min: 0.61
[rosout][INFO] 2025-04-03 14:45:31,968: Back Left Min: 1.42, Back Right Min: 0.61
[rosout][INFO] 2025-04-03 14:45:32,071: Back Left Min: 1.42, Back Right Min: 0.61
[rosout][INFO] 2025-04-03 14:45:32,168: Back Left Min: 1.42, Back Right Min: 0.61
[rosout][INFO] 2025-04-03 14:45:32,271: Back Left Min: 1.42, Back Right Min: 0.61
[rosout][INFO] 2025-04-03 14:45:32,368: Back Left Min: 1.42, Back Right Min: 0.61
[rosout][INFO] 2025-04-03 14:45:32,471: Back Left Min: 1.42, Back Right Min: 0.61
[rosout][INFO] 2025-04-03 14:45:32,568: Back Left Min: 1.42, Back Right Min: 0.61
[rosout][INFO] 2025-04-03 14:45:32,672: Back Left Min: 1.42, Back Right Min: 0.61
[rosout][INFO] 2025-04-03 14:45:32,768: Back Left Min: 1.42, Back Right Min: 0.61
[rosout][INFO] 2025-04-03 14:45:32,872: Back Left Min: 1.42, Back Right Min: 0.61
[rosout][INFO] 2025-04-03 14:45:32,969: Back Left Min: 1.42, Back Right Min: 0.61
[rosout][INFO] 2025-04-03 14:45:33,072: Back Left Min: 1.42, Back Right Min: 0.61
[rosout][INFO] 2025-04-03 14:45:33,169: Back Left Min: 1.42, Back Right Min: 0.61
[rosout][INFO] 2025-04-03 14:45:33,272: Back Left Min: 1.42, Back Right Min: 0.61
[rosout][INFO] 2025-04-03 14:45:33,369: Back Left Min: 1.42, Back Right Min: 0.61
[rosout][INFO] 2025-04-03 14:45:33,472: Back Left Min: 1.42, Back Right Min: 0.61
[rosout][INFO] 2025-04-03 14:45:33,569: Back Left Min: 1.42, Back Right Min: 0.61
[rosout][INFO] 2025-04-03 14:45:33,672: Back Left Min: 1.42, Back Right Min: 0.61
[rosout][INFO] 2025-04-03 14:45:33,769: Back Left Min: 1.42, Back Right Min: 0.61
[rosout][INFO] 2025-04-03 14:45:33,872: Back Left Min: 1.42, Back Right Min: 0.61
[rosout][INFO] 2025-04-03 14:45:33,969: Back Left Min: 1.42, Back Right Min: 0.61
[rosout][INFO] 2025-04-03 14:45:34,072: Back Left Min: 1.42, Back Right Min: 0.61
[rosout][INFO] 2025-04-03 14:45:34,169: Back Left Min: 1.42, Back Right Min: 0.61
[rosout][INFO] 2025-04-03 14:45:34,272: Back Left Min: 1.42, Back Right Min: 0.61
[rosout][INFO] 2025-04-03 14:45:34,369: Back Left Min: 1.42, Back Right Min: 0.61
[rosout][INFO] 2025-04-03 14:45:34,472: Back Left Min: 1.42, Back Right Min: 0.61
[rosout][INFO] 2025-04-03 14:45:34,569: Back Left Min: 1.42, Back Right Min: 0.61
[rosout][INFO] 2025-04-03 14:45:34,672: Back Left Min: 1.42, Back Right Min: 0.61
[rosout][INFO] 2025-04-03 14:45:34,769: Back Left Min: 1.42, Back Right Min: 0.61
[rosout][INFO] 2025-04-03 14:45:34,872: Back Left Min: 1.42, Back Right Min: 0.61
[rosout][INFO] 2025-04-03 14:45:34,969: Back Left Min: 1.42, Back Right Min: 0.61
[rosout][INFO] 2025-04-03 14:45:35,072: Back Left Min: 1.42, Back Right Min: 0.61
[rosout][INFO] 2025-04-03 14:45:35,170: Back Left Min: 1.42, Back Right Min: 0.61
[rosout][INFO] 2025-04-03 14:45:35,272: Back Left Min: 1.42, Back Right Min: 0.61
[rosout][INFO] 2025-04-03 14:45:35,369: Back Left Min: 1.42, Back Right Min: 0.61
[rosout][INFO] 2025-04-03 14:45:35,473: Back Left Min: 1.42, Back Right Min: 0.61
[rosout][INFO] 2025-04-03 14:45:35,569: Back Left Min: 1.42, Back Right Min: 0.61
[rosout][INFO] 2025-04-03 14:45:35,673: Back Left Min: 1.42, Back Right Min: 0.61
[rosout][INFO] 2025-04-03 14:45:35,770: Back Left Min: 1.42, Back Right Min: 0.61
[rosout][INFO] 2025-04-03 14:45:35,873: Back Left Min: 1.42, Back Right Min: 0.61
[rosout][INFO] 2025-04-03 14:45:35,970: Back Left Min: 1.42, Back Right Min: 0.61
[rosout][INFO] 2025-04-03 14:45:36,073: Back Left Min: 1.42, Back Right Min: 0.61
[rosout][INFO] 2025-04-03 14:45:36,170: Back Left Min: 1.42, Back Right Min: 0.61
[rosout][INFO] 2025-04-03 14:45:36,273: Back Left Min: 1.42, Back Right Min: 0.61
[rosout][INFO] 2025-04-03 14:45:36,370: Back Left Min: 1.42, Back Right Min: 0.61
[rosout][INFO] 2025-04-03 14:45:36,473: Back Left Min: 1.42, Back Right Min: 0.61
[rosout][INFO] 2025-04-03 14:45:36,570: Back Left Min: 1.42, Back Right Min: 0.61
[rosout][INFO] 2025-04-03 14:45:36,673: Back Left Min: 1.42, Back Right Min: 0.61
[rosout][INFO] 2025-04-03 14:45:36,770: Back Left Min: 1.42, Back Right Min: 0.61
[rosout][INFO] 2025-04-03 14:45:36,873: Back Left Min: 1.42, Back Right Min: 0.61
[rosout][INFO] 2025-04-03 14:45:36,970: Back Left Min: 1.42, Back Right Min: 0.61
[rosout][INFO] 2025-04-03 14:45:37,073: Back Left Min: 1.42, Back Right Min: 0.61
[rosout][INFO] 2025-04-03 14:45:37,170: Back Left Min: 1.42, Back Right Min: 0.61
[rosout][INFO] 2025-04-03 14:45:37,273: Back Left Min: 1.42, Back Right Min: 0.61
[rosout][INFO] 2025-04-03 14:45:37,370: Back Left Min: 1.42, Back Right Min: 0.61
[rosout][INFO] 2025-04-03 14:45:37,473: Back Left Min: 1.42, Back Right Min: 0.61
[rosout][INFO] 2025-04-03 14:45:37,570: Back Left Min: 1.42, Back Right Min: 0.61
[rosout][INFO] 2025-04-03 14:45:37,673: Back Left Min: 1.42, Back Right Min: 0.61
[rosout][INFO] 2025-04-03 14:45:37,771: Back Left Min: 1.42, Back Right Min: 0.61
[rosout][INFO] 2025-04-03 14:45:37,873: Back Left Min: 1.42, Back Right Min: 0.61
[rosout][INFO] 2025-04-03 14:45:37,971: Back Left Min: 1.42, Back Right Min: 0.61
[rosout][INFO] 2025-04-03 14:45:38,074: Back Left Min: 1.42, Back Right Min: 0.61
[rosout][INFO] 2025-04-03 14:45:38,171: Back Left Min: 1.42, Back Right Min: 0.61
[rosout][INFO] 2025-04-03 14:45:38,274: Back Left Min: 1.42, Back Right Min: 0.61
[rosout][INFO] 2025-04-03 14:45:38,371: Back Left Min: 1.42, Back Right Min: 0.61
[rosout][INFO] 2025-04-03 14:45:38,474: Back Left Min: 1.42, Back Right Min: 0.61
[rosout][INFO] 2025-04-03 14:45:38,571: Back Left Min: 1.42, Back Right Min: 0.61
[rosout][INFO] 2025-04-03 14:45:38,674: Back Left Min: 1.42, Back Right Min: 0.61
[rosout][INFO] 2025-04-03 14:45:38,771: Back Left Min: 1.42, Back Right Min: 0.61
[rosout][INFO] 2025-04-03 14:45:38,874: Back Left Min: 1.42, Back Right Min: 0.61
[rosout][INFO] 2025-04-03 14:45:38,971: Back Left Min: 1.42, Back Right Min: 0.61
[rosout][INFO] 2025-04-03 14:45:39,074: Back Left Min: 1.42, Back Right Min: 0.61
[rosout][INFO] 2025-04-03 14:45:39,171: Back Left Min: 1.42, Back Right Min: 0.61
[rosout][INFO] 2025-04-03 14:45:39,274: Back Left Min: 1.42, Back Right Min: 0.61
[rosout][INFO] 2025-04-03 14:45:39,371: Back Left Min: 1.42, Back Right Min: 0.61
[rosout][INFO] 2025-04-03 14:45:39,474: Back Left Min: 1.42, Back Right Min: 0.61
[rosout][INFO] 2025-04-03 14:45:39,571: Back Left Min: 1.42, Back Right Min: 0.61
[rosout][INFO] 2025-04-03 14:45:39,674: Back Left Min: 1.42, Back Right Min: 0.61
[rosout][INFO] 2025-04-03 14:45:39,771: Back Left Min: 1.42, Back Right Min: 0.61
[rosout][INFO] 2025-04-03 14:45:39,874: Back Left Min: 1.42, Back Right Min: 0.61
[rosout][INFO] 2025-04-03 14:45:39,971: Back Left Min: 1.42, Back Right Min: 0.61
[rosout][INFO] 2025-04-03 14:45:40,074: Back Left Min: 1.42, Back Right Min: 0.61
[rosout][INFO] 2025-04-03 14:45:40,171: Back Left Min: 1.42, Back Right Min: 0.61
[rosout][INFO] 2025-04-03 14:45:40,274: Back Left Min: 1.42, Back Right Min: 0.61
[rosout][INFO] 2025-04-03 14:45:40,371: Back Left Min: 1.42, Back Right Min: 0.61
[rosout][INFO] 2025-04-03 14:45:40,475: Back Left Min: 1.42, Back Right Min: 0.61
[rosout][INFO] 2025-04-03 14:45:40,571: Back Left Min: 1.42, Back Right Min: 0.61
[rosout][INFO] 2025-04-03 14:45:40,675: Back Left Min: 1.42, Back Right Min: 0.61
[rosout][INFO] 2025-04-03 14:45:40,771: Back Left Min: 1.42, Back Right Min: 0.61
[rosout][INFO] 2025-04-03 14:45:40,875: Back Left Min: 1.42, Back Right Min: 0.61
[rosout][INFO] 2025-04-03 14:45:40,972: Back Left Min: 1.42, Back Right Min: 0.61
[rosout][INFO] 2025-04-03 14:45:41,075: Back Left Min: 1.42, Back Right Min: 0.61
[rosout][INFO] 2025-04-03 14:45:41,172: Back Left Min: 1.42, Back Right Min: 0.61
[rosout][INFO] 2025-04-03 14:45:41,275: Back Left Min: 1.42, Back Right Min: 0.61
[rosout][INFO] 2025-04-03 14:45:41,372: Back Left Min: 1.42, Back Right Min: 0.61
[rosout][INFO] 2025-04-03 14:45:41,476: Back Left Min: 1.42, Back Right Min: 0.61
[rosout][INFO] 2025-04-03 14:45:41,572: Back Left Min: 1.42, Back Right Min: 0.61
[rosout][INFO] 2025-04-03 14:45:41,675: Back Left Min: 1.42, Back Right Min: 0.61
[rosout][INFO] 2025-04-03 14:45:41,772: Back Left Min: 1.42, Back Right Min: 0.61
[rosout][INFO] 2025-04-03 14:45:41,875: Back Left Min: 1.42, Back Right Min: 0.61
[rosout][INFO] 2025-04-03 14:45:41,972: Back Left Min: 1.42, Back Right Min: 0.61
[rosout][INFO] 2025-04-03 14:45:42,075: Back Left Min: 1.42, Back Right Min: 0.61
[rosout][INFO] 2025-04-03 14:45:42,172: Back Left Min: 1.42, Back Right Min: 0.61
[rospy.internal][INFO] 2025-04-03 14:45:42,263: topic[/sonar_min] removing connection to /controller_joystick
[rosout][INFO] 2025-04-03 14:45:42,275: Back Left Min: 1.42, Back Right Min: 0.61
[rosout][INFO] 2025-04-03 14:45:42,372: Back Left Min: 1.42, Back Right Min: 0.61
[rosout][INFO] 2025-04-03 14:45:42,475: Back Left Min: 1.42, Back Right Min: 0.61
[rosout][INFO] 2025-04-03 14:45:42,572: Back Left Min: 1.42, Back Right Min: 0.61
[rosout][INFO] 2025-04-03 14:45:42,675: Back Left Min: 1.42, Back Right Min: 0.61
[rosout][INFO] 2025-04-03 14:45:42,772: Back Left Min: 1.42, Back Right Min: 0.61
[rosout][INFO] 2025-04-03 14:45:42,875: Back Left Min: 1.42, Back Right Min: 0.61
[rosout][INFO] 2025-04-03 14:45:42,972: Back Left Min: 1.42, Back Right Min: 0.61
[rosout][INFO] 2025-04-03 14:45:43,075: Back Left Min: 1.42, Back Right Min: 0.61
[rosout][INFO] 2025-04-03 14:45:43,172: Back Left Min: 1.42, Back Right Min: 0.61
[rosout][INFO] 2025-04-03 14:45:43,275: Back Left Min: 1.42, Back Right Min: 0.61
[rosout][INFO] 2025-04-03 14:45:43,372: Back Left Min: 1.42, Back Right Min: 0.61
[rosout][INFO] 2025-04-03 14:45:43,476: Back Left Min: 1.42, Back Right Min: 0.61
[rosout][INFO] 2025-04-03 14:45:43,573: Back Left Min: 1.42, Back Right Min: 0.61
[rosout][INFO] 2025-04-03 14:45:43,676: Back Left Min: 1.42, Back Right Min: 0.61
[rosout][INFO] 2025-04-03 14:45:43,773: Back Left Min: 1.42, Back Right Min: 0.61
[rosout][INFO] 2025-04-03 14:45:43,876: Back Left Min: 1.42, Back Right Min: 0.61
[rosout][INFO] 2025-04-03 14:45:43,973: Back Left Min: 1.42, Back Right Min: 0.61
[rosout][INFO] 2025-04-03 14:45:44,076: Back Left Min: 1.42, Back Right Min: 0.61
[rosout][INFO] 2025-04-03 14:45:44,173: Back Left Min: 1.42, Back Right Min: 0.61
[rosout][INFO] 2025-04-03 14:45:44,276: Back Left Min: 1.42, Back Right Min: 0.61
[rosout][INFO] 2025-04-03 14:45:44,373: Back Left Min: 1.42, Back Right Min: 0.61
[rosout][INFO] 2025-04-03 14:45:44,476: Back Left Min: 1.42, Back Right Min: 0.61
[rosout][INFO] 2025-04-03 14:45:44,573: Back Left Min: 1.42, Back Right Min: 0.61
[rosout][INFO] 2025-04-03 14:45:44,676: Back Left Min: 1.42, Back Right Min: 0.61
[rosout][INFO] 2025-04-03 14:45:44,773: Back Left Min: 1.42, Back Right Min: 0.61
[rosout][INFO] 2025-04-03 14:45:44,876: Back Left Min: 1.42, Back Right Min: 0.61
[rosout][INFO] 2025-04-03 14:45:44,973: Back Left Min: 1.42, Back Right Min: 0.61
[rosout][INFO] 2025-04-03 14:45:45,076: Back Left Min: 1.42, Back Right Min: 0.61
[rosout][INFO] 2025-04-03 14:45:45,173: Back Left Min: 1.42, Back Right Min: 0.61
[rosout][INFO] 2025-04-03 14:45:45,276: Back Left Min: 1.42, Back Right Min: 0.61
[rosout][INFO] 2025-04-03 14:45:45,373: Back Left Min: 1.42, Back Right Min: 0.61
[rosout][INFO] 2025-04-03 14:45:45,477: Back Left Min: 1.42, Back Right Min: 0.61
[rosout][INFO] 2025-04-03 14:45:45,573: Back Left Min: 1.42, Back Right Min: 0.61
[rosout][INFO] 2025-04-03 14:45:45,677: Back Left Min: 1.42, Back Right Min: 0.61
[rosout][INFO] 2025-04-03 14:45:45,773: Back Left Min: 1.42, Back Right Min: 0.61
[rosout][INFO] 2025-04-03 14:45:45,877: Back Left Min: 1.42, Back Right Min: 0.61
[rosout][INFO] 2025-04-03 14:45:45,974: Back Left Min: 1.42, Back Right Min: 0.61
[rosout][INFO] 2025-04-03 14:45:46,077: Back Left Min: 1.42, Back Right Min: 0.61
[rosout][INFO] 2025-04-03 14:45:46,174: Back Left Min: 1.42, Back Right Min: 0.61
[rosout][INFO] 2025-04-03 14:45:46,277: Back Left Min: 1.42, Back Right Min: 0.61
[rosout][INFO] 2025-04-03 14:45:46,374: Back Left Min: 1.42, Back Right Min: 0.61
