Marker,Master Time
12,2.003952980041504
22,7.004076957702637
42,127.00417280197144
