Marker,Master Time
15,1.006411075592041
25,6.00658106803894
35,277.80639815330505
14,288.8095049858093
24,293.80975103378296
34,363.37995314598083
13,374.3829550743103
23,379.38309502601624
33,390.742436170578
