Marker,Master Time
16,3.016829013824463
26,8.016981840133667
46,128.01709389686584
16,135.0191090106964
26,140.01919984817505
46,260.0195188522339
16,266.0216119289398
26,271.02169704437256
46,391.02184295654297
