Marker,Master Time
12,1.0022869110107422
22,6.002604961395264
42,126.00279593467712
12,134.0047390460968
22,139.0048999786377
42,259.0050320625305
