Marker,Master Time
16,2.018233060836792
26,7.0183000564575195
46,127.01840496063232
16,134.03160691261292
26,139.03169202804565
46,259.031790971756
16,265.03405594825745
26,270.0341839790344
46,390.03439497947693
16,396.03718090057373
26,401.03727102279663
46,521.0373818874359
16,529.0397698879242
26,534.0398659706116
46,654.0399589538574
