Marker,Master Time
12,3.0176780223846436
22,8.017781019210815
32,405.24704599380493
15,418.24999499320984
25,423.25015902519226
35,894.8743250370026
13,905.8798639774323
23,910.8799638748169
33,927.7504959106445
12,939.7527940273285
22,944.7529928684235
32,5263.227689027786
