Marker,Master Time
12,1.0022709369659424
22,6.002385854721069
42,126.00247597694397
12,133.0054910182953
22,138.00556802749634
42,258.0056400299072
12,264.0077679157257
22,269.0078399181366
42,389.0079119205475
