Marker,Master Time
12,3.0182478427886963
22,8.01848292350769
42,128.01862478256226
