Marker,Master Time
13,2.0030181407928467
23,7.003194093704224
43,127.00334405899048
13,135.00652599334717
23,140.00662398338318
43,260.006716966629
13,266.0106899738312
23,271.01079416275024
43,391.0108811855316
