Marker,Master Time
15,1.0033490657806396
25,6.003439903259277
35,62.282294034957886
