Marker,Master Time
13,1.0023829936981201
23,6.002496004104614
43,126.0029411315918
