Marker,Master Time
16,24.69513201713562
26,29.695333003997803
46,149.69546103477478
