Marker,Master Time
16,1.0024070739746094
26,6.0025551319122314
46,126.0026490688324
16,132.0062460899353
26,137.00637698173523
46,257.0065791606903
16,265.00936102867126
26,270.0094521045685
46,390.0095160007477
